code,open_date,close_date,quantity,buy_price,sell_price,gross_pnl,gross_return,holding_days
511880.XSHG,2024-01-02,2024-02-01,9900,100.094000,100.262000,1663.200000,0.001678,30
300321.XSHE,2024-02-01,2024-02-19,300,14.560000,10.290000,-1281.000000,-0.293269,18
300716.XSHE,2024-02-19,2024-02-21,700,5.530000,7.880000,1645.000000,0.424955,2
300321.XSHE,2024-02-01,2024-02-22,400,14.560000,12.800000,-704.000000,-0.120879,21
300995.XSHE,2024-02-06,2024-02-22,100,10.340000,12.860000,252.000000,0.243714,16
300836.XSHE,2024-02-06,2024-02-22,100,14.350000,17.610000,326.000000,0.227178,16
000668.XSHE,2024-02-01,2024-02-22,1000,8.900000,7.640000,-1260.000000,-0.141573,21
300321.XSHE,2024-02-01,2024-02-27,100,14.560000,14.830000,27.000000,0.018544,26
300995.XSHE,2024-02-06,2024-02-27,100,10.340000,14.810000,447.000000,0.432302,21
300854.XSHE,2024-02-06,2024-02-27,100,9.330000,12.320000,299.000000,0.320472,21
301040.XSHE,2024-02-06,2024-02-27,100,9.510000,12.990000,348.000000,0.365931,21
300069.XSHE,2024-02-06,2024-02-27,100,8.550000,11.000000,245.000000,0.286550,21
002856.XSHE,2024-02-01,2024-03-01,100,9.260000,8.040000,-122.000000,-0.131749,29
605081.XSHG,2024-02-01,2024-03-01,1800,11.050000,10.160000,-1602.000000,-0.080543,29
605081.XSHG,2024-02-06,2024-03-01,300,8.810000,10.160000,405.000000,0.153235,24
000668.XSHE,2024-02-01,2024-03-01,1200,8.900000,8.190000,-852.000000,-0.079775,29
000668.XSHE,2024-02-19,2024-03-01,1700,5.580000,8.190000,4437.000000,0.467742,11
300321.XSHE,2024-02-01,2024-03-01,500,14.560000,14.080000,-240.000000,-0.032967,29
300321.XSHE,2024-02-06,2024-03-01,1100,9.370000,14.080000,5181.000000,0.502668,24
300716.XSHE,2024-02-19,2024-03-01,200,5.530000,8.800000,654.000000,0.591320,11
600455.XSHG,2024-02-01,2024-03-06,100,19.500000,17.990000,-151.000000,-0.077436,34
000668.XSHE,2024-02-19,2024-03-06,100,5.580000,8.140000,256.000000,0.458781,16
300321.XSHE,2024-02-06,2024-03-06,1600,9.370000,13.610000,6784.000000,0.452508,29
300929.XSHE,2024-02-01,2024-03-06,100,9.790000,8.110000,-168.000000,-0.171604,34
300995.XSHE,2024-02-06,2024-03-06,1600,10.340000,13.520000,5088.000000,0.307544,29
300886.XSHE,2024-02-06,2024-03-06,1400,13.050000,15.820000,3878.000000,0.212261,29
300854.XSHE,2024-02-06,2024-03-06,1900,9.330000,11.100000,3363.000000,0.189711,29
301040.XSHE,2024-02-06,2024-03-06,1800,9.510000,11.980000,4446.000000,0.259727,29
300836.XSHE,2024-02-06,2024-03-06,1200,14.350000,19.330000,5976.000000,0.347038,29
300069.XSHE,2024-02-06,2024-03-06,2100,8.550000,9.800000,2625.000000,0.146199,29
300069.XSHE,2024-02-19,2024-03-06,100,8.130000,9.800000,167.000000,0.205412,16
002193.XSHE,2024-02-19,2024-03-07,800,3.330000,4.340000,808.000000,0.303303,17
000668.XSHE,2024-02-19,2024-03-11,2700,5.580000,8.060000,6696.000000,0.444444,21
300995.XSHE,2024-02-19,2024-03-11,1600,10.950000,14.800000,6160.000000,0.351598,21
300716.XSHE,2024-02-19,2024-03-11,2500,5.530000,9.200000,9175.000000,0.663653,21
300716.XSHE,2024-02-22,2024-03-11,100,7.510000,9.200000,169.000000,0.225033,18
000691.XSHE,2024-02-22,2024-03-11,600,3.020000,3.480000,276.000000,0.152318,18
002633.XSHE,2024-02-01,2024-03-14,100,8.020000,7.760000,-26.000000,-0.032419,42
600455.XSHG,2024-02-01,2024-03-14,900,19.500000,20.300000,720.000000,0.041026,42
600455.XSHG,2024-02-06,2024-03-14,200,15.000000,20.300000,1060.000000,0.353333,37
600455.XSHG,2024-02-22,2024-03-14,100,16.660000,20.300000,364.000000,0.218487,21
300929.XSHE,2024-02-01,2024-03-14,200,9.790000,8.990000,-160.000000,-0.081716,42
600539.XSHG,2024-02-01,2024-03-14,100,5.470000,4.960000,-51.000000,-0.093236,42
600847.XSHG,2024-02-19,2024-03-14,3200,5.820000,7.810000,6368.000000,0.341924,24
000691.XSHE,2024-02-22,2024-03-18,1200,3.020000,4.040000,1224.000000,0.337748,25
603389.XSHG,2024-03-06,2024-03-18,900,4.060000,5.350000,1161.000000,0.317734,12
600455.XSHG,2024-02-22,2024-03-19,1100,16.660000,20.460000,4180.000000,0.228091,26
000691.XSHE,2024-02-22,2024-03-19,5100,3.020000,3.980000,4896.000000,0.317881,26
000691.XSHE,2024-02-27,2024-03-19,900,3.590000,3.980000,351.000000,0.108635,21
605081.XSHG,2024-03-11,2024-03-19,300,9.720000,12.000000,684.000000,0.234568,8
605081.XSHG,2024-03-11,2024-03-20,300,9.720000,13.040000,996.000000,0.341564,9
002633.XSHE,2024-02-01,2024-03-22,100,8.020000,8.610000,59.000000,0.073566,50
600847.XSHG,2024-02-22,2024-03-22,2900,6.900000,8.670000,5133.000000,0.256522,29
600847.XSHG,2024-02-22,2024-03-22,100,6.880000,8.670000,179.000000,0.260174,29
600847.XSHG,2024-02-27,2024-03-22,200,7.660000,8.670000,202.000000,0.131854,24
002193.XSHE,2024-02-19,2024-03-22,100,3.330000,4.910000,158.000000,0.474474,32
600847.XSHG,2024-02-27,2024-03-27,2700,7.660000,8.260000,1620.000000,0.078329,29
600847.XSHG,2024-03-01,2024-03-27,200,7.420000,8.260000,168.000000,0.113208,26
000691.XSHE,2024-02-27,2024-03-27,5100,3.590000,4.070000,2448.000000,0.133705,29
000691.XSHE,2024-03-01,2024-03-27,1800,3.440000,4.070000,1134.000000,0.183140,26
603813.XSHG,2024-03-19,2024-03-28,200,12.210000,14.310000,420.000000,0.171990,9
002633.XSHE,2024-02-01,2024-04-01,2200,8.020000,8.200000,396.000000,0.022444,60
002633.XSHE,2024-02-19,2024-04-01,4300,5.640000,8.200000,11008.000000,0.453901,42
002633.XSHE,2024-02-22,2024-04-01,2500,6.820000,8.200000,3450.000000,0.202346,39
002633.XSHE,2024-02-22,2024-04-01,300,6.770000,8.200000,429.000000,0.211226,39
002633.XSHE,2024-02-27,2024-04-01,2400,7.800000,8.200000,960.000000,0.051282,34
002633.XSHE,2024-03-01,2024-04-01,200,7.360000,8.200000,168.000000,0.114130,31
002633.XSHE,2024-03-06,2024-04-01,3300,6.940000,8.200000,4158.000000,0.181556,26
002633.XSHE,2024-03-27,2024-04-01,400,8.130000,8.200000,28.000000,0.008610,5
600768.XSHG,2024-02-01,2024-04-01,2100,9.110000,9.430000,672.000000,0.035126,60
600768.XSHG,2024-02-06,2024-04-01,3400,6.800000,9.430000,8942.000000,0.386765,55
600768.XSHG,2024-02-22,2024-04-01,2600,7.790000,9.430000,4264.000000,0.210526,39
600768.XSHG,2024-02-27,2024-04-01,2700,8.590000,9.430000,2268.000000,0.097788,34
600768.XSHG,2024-03-11,2024-04-01,300,8.280000,9.430000,345.000000,0.138889,21
600768.XSHG,2024-03-11,2024-04-01,2400,8.280000,9.430000,2760.000000,0.138889,21
600768.XSHG,2024-03-19,2024-04-01,300,9.260000,9.430000,51.000000,0.018359,13
600768.XSHG,2024-03-27,2024-04-01,200,9.060000,9.430000,74.000000,0.040839,5
300417.XSHE,2024-02-01,2024-04-01,2200,9.090000,8.780000,-682.000000,-0.034103,60
300417.XSHE,2024-02-06,2024-04-01,3900,6.140000,8.780000,10296.000000,0.429967,55
300417.XSHE,2024-02-19,2024-04-01,3600,5.850000,8.780000,10548.000000,0.500855,42
300417.XSHE,2024-02-22,2024-04-01,2000,7.200000,8.780000,3160.000000,0.219444,39
300417.XSHE,2024-02-27,2024-04-01,2200,8.330000,8.780000,990.000000,0.054022,34
300417.XSHE,2024-03-01,2024-04-01,100,8.000000,8.780000,78.000000,0.097500,31
300417.XSHE,2024-03-14,2024-04-01,200,8.310000,8.780000,94.000000,0.056558,18
300417.XSHE,2024-03-22,2024-04-01,300,9.000000,8.780000,-66.000000,-0.024444,10
300417.XSHE,2024-03-27,2024-04-01,300,8.560000,8.780000,66.000000,0.025701,5
600455.XSHG,2024-02-22,2024-04-01,100,16.660000,20.750000,409.000000,0.245498,39
600455.XSHG,2024-02-27,2024-04-01,1200,18.690000,20.750000,2472.000000,0.110219,34
600455.XSHG,2024-03-27,2024-04-01,300,20.190000,20.750000,168.000000,0.027737,5
002856.XSHE,2024-02-01,2024-04-01,2000,9.260000,8.740000,-1040.000000,-0.056156,60
002856.XSHE,2024-02-06,2024-04-01,700,6.730000,8.740000,1407.000000,0.298663,55
002856.XSHE,2024-02-19,2024-04-01,3300,6.160000,8.740000,8514.000000,0.418831,42
002856.XSHE,2024-02-22,2024-04-01,2400,7.370000,8.740000,3288.000000,0.185889,39
002856.XSHE,2024-02-22,2024-04-01,100,7.470000,8.740000,127.000000,0.170013,39
002856.XSHE,2024-02-27,2024-04-01,2700,8.200000,8.740000,1458.000000,0.065854,34
002856.XSHE,2024-03-06,2024-04-01,200,7.500000,8.740000,248.000000,0.165333,26
002856.XSHE,2024-03-06,2024-04-01,2900,7.500000,8.740000,3596.000000,0.165333,26
002856.XSHE,2024-03-11,2024-04-01,100,7.740000,8.740000,100.000000,0.129199,21
002856.XSHE,2024-03-14,2024-04-01,100,8.150000,8.740000,59.000000,0.072393,18
002856.XSHE,2024-03-27,2024-04-01,300,8.550000,8.740000,57.000000,0.022222,5
300929.XSHE,2024-02-01,2024-04-01,1700,9.790000,9.530000,-442.000000,-0.026558,60
300929.XSHE,2024-02-06,2024-04-01,3400,7.010000,9.530000,8568.000000,0.359486,55
300929.XSHE,2024-02-19,2024-04-01,2800,6.900000,9.530000,7364.000000,0.381159,42
300929.XSHE,2024-02-22,2024-04-01,2700,7.700000,9.530000,4941.000000,0.237662,39
300929.XSHE,2024-02-27,2024-04-01,2500,8.660000,9.530000,2175.000000,0.100462,34
300929.XSHE,2024-03-11,2024-04-01,100,8.320000,9.530000,121.000000,0.145433,21
300929.XSHE,2024-03-19,2024-04-01,200,9.540000,9.530000,-2.000000,-0.001048,13
300929.XSHE,2024-03-27,2024-04-01,300,9.270000,9.530000,78.000000,0.028047,5
600539.XSHG,2024-02-01,2024-04-01,3500,5.470000,5.400000,-245.000000,-0.012797,60
600539.XSHG,2024-02-06,2024-04-01,900,4.190000,5.400000,1089.000000,0.288783,55
600539.XSHG,2024-02-19,2024-04-01,5300,3.840000,5.400000,8268.000000,0.406250,42
600539.XSHG,2024-02-22,2024-04-01,4600,4.380000,5.400000,4692.000000,0.232877,39
600539.XSHG,2024-02-27,2024-04-01,4500,4.910000,5.400000,2205.000000,0.099796,34
600539.XSHG,2024-03-01,2024-04-01,100,4.720000,5.400000,68.000000,0.144068,31
600539.XSHG,2024-03-06,2024-04-01,4900,4.480000,5.400000,4508.000000,0.205357,26
600539.XSHG,2024-03-11,2024-04-01,200,4.640000,5.400000,152.000000,0.163793,21
600539.XSHG,2024-03-22,2024-04-01,100,5.410000,5.400000,-1.000000,-0.001848,10
600539.XSHG,2024-03-27,2024-04-01,300,5.200000,5.400000,60.000000,0.038462,5
600847.XSHG,2024-03-01,2024-04-01,2800,7.420000,8.460000,2912.000000,0.140162,31
600847.XSHG,2024-03-06,2024-04-01,3200,6.970000,8.460000,4768.000000,0.213773,26
600847.XSHG,2024-03-11,2024-04-01,100,7.250000,8.460000,121.000000,0.166897,21
600847.XSHG,2024-03-19,2024-04-01,100,8.260000,8.460000,20.000000,0.024213,13
002193.XSHE,2024-02-19,2024-04-01,4700,3.330000,4.730000,6580.000000,0.420420,42
002193.XSHE,2024-02-22,2024-04-01,5300,3.870000,4.730000,4558.000000,0.222222,39
002193.XSHE,2024-02-27,2024-04-01,4700,4.480000,4.730000,1175.000000,0.055804,34
002193.XSHE,2024-03-01,2024-04-01,5000,4.350000,4.730000,1900.000000,0.087356,31
002193.XSHE,2024-03-06,2024-04-01,6000,4.020000,4.730000,4260.000000,0.176617,26
002193.XSHE,2024-03-11,2024-04-01,400,4.260000,4.730000,188.000000,0.110329,21
002193.XSHE,2024-03-14,2024-04-01,400,4.450000,4.730000,112.000000,0.062921,18
002193.XSHE,2024-03-19,2024-04-01,200,4.760000,4.730000,-6.000000,-0.006303,13
002193.XSHE,2024-03-27,2024-04-01,700,4.630000,4.730000,70.000000,0.021598,5
000691.XSHE,2024-03-01,2024-04-01,4900,3.440000,4.040000,2940.000000,0.174419,31
000691.XSHE,2024-03-06,2024-04-01,6800,3.250000,4.040000,5372.000000,0.243077,26
000691.XSHE,2024-03-14,2024-04-01,700,3.580000,4.040000,322.000000,0.128492,18
000691.XSHE,2024-03-22,2024-04-01,200,4.020000,4.040000,4.000000,0.004975,10
605081.XSHG,2024-03-11,2024-04-01,1700,9.720000,11.700000,3366.000000,0.203704,21
605081.XSHG,2024-03-14,2024-04-01,2300,10.200000,11.700000,3450.000000,0.147059,18
605081.XSHG,2024-03-22,2024-04-01,200,12.440000,11.700000,-148.000000,-0.059486,10
605081.XSHG,2024-03-27,2024-04-01,100,11.570000,11.700000,13.000000,0.011236,5
001211.XSHE,2024-03-14,2024-04-01,1400,16.160000,17.480000,1848.000000,0.081683,18
001211.XSHE,2024-03-19,2024-04-01,1500,17.270000,17.480000,315.000000,0.012160,13
001211.XSHE,2024-03-22,2024-04-01,1500,17.680000,17.480000,-300.000000,-0.011312,10
001211.XSHE,2024-03-27,2024-04-01,1500,17.000000,17.480000,720.000000,0.028235,5
603813.XSHG,2024-03-19,2024-04-01,1800,12.210000,13.360000,2070.000000,0.094185,13
002629.XSHE,2024-03-27,2024-04-01,600,2.800000,2.870000,42.000000,0.025000,5
511880.XSHG,2024-04-01,2024-05-06,12200,100.562000,100.703000,1720.200000,0.001402,35
603389.XSHG,2024-03-06,2024-05-06,4000,4.060000,4.680000,2480.000000,0.152709,61
603389.XSHG,2024-03-07,2024-05-06,200,4.360000,4.680000,64.000000,0.073394,60
603389.XSHG,2024-03-11,2024-05-06,5400,4.230000,4.680000,2430.000000,0.106383,56
603389.XSHG,2024-03-19,2024-05-06,100,5.250000,4.680000,-57.000000,-0.108571,48
603389.XSHG,2024-03-22,2024-05-06,500,5.100000,4.680000,-210.000000,-0.082353,45
002193.XSHE,2024-05-06,2024-05-07,200,3.760000,3.970000,42.000000,0.055851,1
002633.XSHE,2024-05-06,2024-05-07,200,6.620000,7.220000,120.000000,0.090634,1
600847.XSHG,2024-05-06,2024-05-16,700,7.250000,8.050000,560.000000,0.110345,10
600847.XSHG,2024-05-06,2024-05-22,100,7.250000,7.910000,66.000000,0.091034,16
300417.XSHE,2024-05-06,2024-05-27,300,7.660000,7.610000,-15.000000,-0.006527,21
002856.XSHE,2024-05-06,2024-05-27,400,7.600000,7.800000,80.000000,0.026316,21
002629.XSHE,2024-05-06,2024-05-27,1000,2.370000,2.250000,-120.000000,-0.050633,21
600539.XSHG,2024-05-06,2024-05-27,200,4.820000,4.820000,0.000000,0.000000,21
600847.XSHG,2024-05-06,2024-05-27,2700,7.250000,7.380000,351.000000,0.017931,21
600847.XSHG,2024-05-09,2024-05-27,300,7.490000,7.380000,-33.000000,-0.014686,18
603021.XSHG,2024-05-06,2024-05-27,6900,3.490000,3.450000,-276.000000,-0.011461,21
002193.XSHE,2024-05-06,2024-05-30,500,3.760000,3.770000,5.000000,0.002660,24
002629.XSHE,2024-05-06,2024-05-30,100,2.370000,2.270000,-10.000000,-0.042194,24
600847.XSHG,2024-05-09,2024-05-30,3000,7.490000,7.430000,-180.000000,-0.008011,21
600847.XSHG,2024-05-14,2024-05-30,400,7.140000,7.430000,116.000000,0.040616,16
002856.XSHE,2024-05-06,2024-05-30,2900,7.600000,8.220000,1798.000000,0.081579,24
002856.XSHE,2024-05-09,2024-05-30,1300,7.830000,8.220000,507.000000,0.049808,21
300417.XSHE,2024-05-06,2024-06-04,200,7.660000,7.050000,-122.000000,-0.079634,29
002856.XSHE,2024-05-09,2024-06-04,1900,7.830000,7.980000,285.000000,0.019157,26
002856.XSHE,2024-05-14,2024-06-04,1200,7.560000,7.980000,504.000000,0.055556,21
600847.XSHG,2024-05-14,2024-06-04,3400,7.140000,6.650000,-1666.000000,-0.068627,21
603021.XSHG,2024-05-06,2024-06-04,100,3.490000,3.130000,-36.000000,-0.103152,29
600455.XSHG,2024-05-06,2024-06-04,100,17.860000,16.010000,-185.000000,-0.103583,29
300329.XSHE,2024-05-14,2024-06-04,5000,4.460000,4.030000,-2150.000000,-0.096413,21
300417.XSHE,2024-05-06,2024-06-06,2800,7.660000,7.630000,-84.000000,-0.003916,31
300417.XSHE,2024-05-09,2024-06-06,400,7.790000,7.630000,-64.000000,-0.020539,28
002633.XSHE,2024-05-06,2024-06-07,400,6.620000,5.910000,-284.000000,-0.107251,32
300417.XSHE,2024-05-09,2024-06-07,1400,7.790000,7.000000,-1106.000000,-0.101412,29
002856.XSHE,2024-05-14,2024-06-07,2300,7.560000,8.320000,1748.000000,0.100529,24
002856.XSHE,2024-05-17,2024-06-07,1500,8.160000,8.320000,240.000000,0.019608,21
000668.XSHE,2024-05-06,2024-06-07,100,7.380000,5.870000,-151.000000,-0.204607,32
600455.XSHG,2024-05-06,2024-06-07,1300,17.860000,14.910000,-3835.000000,-0.165174,32
600455.XSHG,2024-05-09,2024-06-07,400,17.880000,14.910000,-1188.000000,-0.166107,29
300716.XSHE,2024-05-17,2024-06-07,3300,7.250000,5.480000,-5841.000000,-0.244138,21
000668.XSHE,2024-05-06,2024-06-11,100,7.380000,6.120000,-126.000000,-0.170732,36
600539.XSHG,2024-05-06,2024-06-11,500,4.820000,3.790000,-515.000000,-0.213693,36
300716.XSHE,2024-05-17,2024-06-11,200,7.250000,6.030000,-244.000000,-0.168276,25
300417.XSHE,2024-05-09,2024-06-13,1500,7.790000,7.740000,-75.000000,-0.006418,35
300417.XSHE,2024-05-14,2024-06-13,1500,7.420000,7.740000,480.000000,0.043127,30
002856.XSHE,2024-05-17,2024-06-13,1300,8.160000,9.780000,2106.000000,0.198529,27
002856.XSHE,2024-05-22,2024-06-13,1300,7.790000,9.780000,2587.000000,0.255456,22
002629.XSHE,2024-05-06,2024-06-13,1100,2.370000,1.970000,-440.000000,-0.168776,38
600539.XSHG,2024-05-06,2024-06-13,100,4.820000,4.070000,-75.000000,-0.155602,38
603021.XSHG,2024-05-06,2024-06-13,300,3.490000,2.860000,-189.000000,-0.180516,38
300716.XSHE,2024-05-17,2024-06-13,100,7.250000,6.240000,-101.000000,-0.139310,27
300716.XSHE,2024-05-22,2024-06-13,3500,7.190000,6.240000,-3325.000000,-0.132128,22
002193.XSHE,2024-05-06,2024-06-18,200,3.760000,3.000000,-152.000000,-0.202128,43
002633.XSHE,2024-05-06,2024-06-18,1000,6.620000,6.180000,-440.000000,-0.066465,43
300417.XSHE,2024-05-14,2024-06-18,2100,7.420000,7.450000,63.000000,0.004043,35
300417.XSHE,2024-05-17,2024-06-18,900,7.840000,7.450000,-351.000000,-0.049745,32
002856.XSHE,2024-05-22,2024-06-18,2400,7.790000,11.550000,9024.000000,0.482670,27
000668.XSHE,2024-05-06,2024-06-18,300,7.380000,6.210000,-351.000000,-0.158537,43
600455.XSHG,2024-05-09,2024-06-18,1000,17.880000,14.970000,-2910.000000,-0.162752,40
600455.XSHG,2024-05-14,2024-06-18,500,17.040000,14.970000,-1035.000000,-0.121479,35
300417.XSHE,2024-05-17,2024-06-21,2300,7.840000,7.720000,-276.000000,-0.015306,35
300417.XSHE,2024-05-22,2024-06-21,800,7.630000,7.720000,72.000000,0.011796,30
002629.XSHE,2024-05-06,2024-06-21,300,2.370000,1.740000,-189.000000,-0.265823,46
600455.XSHG,2024-05-14,2024-06-21,1100,17.040000,15.060000,-2178.000000,-0.116197,38
600455.XSHG,2024-05-17,2024-06-21,400,18.170000,15.060000,-1244.000000,-0.171161,35
300329.XSHE,2024-05-14,2024-06-21,600,4.460000,3.600000,-516.000000,-0.192825,38
300329.XSHE,2024-05-27,2024-06-21,5500,4.420000,3.600000,-4510.000000,-0.185520,25
002633.XSHE,2024-05-06,2024-06-26,300,6.620000,5.650000,-291.000000,-0.146526,51
300417.XSHE,2024-05-22,2024-06-26,2600,7.630000,7.900000,702.000000,0.035387,35
300417.XSHE,2024-05-30,2024-06-26,200,7.430000,7.900000,94.000000,0.063257,27
000668.XSHE,2024-05-06,2024-06-26,2900,7.380000,5.870000,-4379.000000,-0.204607,51
000668.XSHE,2024-05-09,2024-06-26,900,7.770000,5.870000,-1710.000000,-0.244530,48
600455.XSHG,2024-05-17,2024-06-26,900,18.170000,13.950000,-3798.000000,-0.232251,40
600455.XSHG,2024-05-22,2024-06-26,500,17.610000,13.950000,-1830.000000,-0.207836,35
603272.XSHG,2024-05-27,2024-06-26,300,10.780000,8.200000,-774.000000,-0.239332,30
002633.XSHE,2024-05-06,2024-07-01,100,6.620000,5.880000,-74.000000,-0.111782,56
002629.XSHE,2024-05-06,2024-07-01,400,2.370000,1.540000,-332.000000,-0.350211,56
000668.XSHE,2024-05-09,2024-07-01,400,7.770000,6.250000,-608.000000,-0.195624,53
600539.XSHG,2024-05-06,2024-07-01,100,4.820000,3.640000,-118.000000,-0.244813,56
603021.XSHG,2024-05-09,2024-07-01,500,3.520000,2.580000,-470.000000,-0.267045,53
300329.XSHE,2024-05-27,2024-07-01,200,4.420000,3.730000,-138.000000,-0.156109,35
300329.XSHE,2024-05-30,2024-07-01,300,4.300000,3.730000,-171.000000,-0.132558,32
603272.XSHG,2024-05-27,2024-07-01,200,10.780000,8.550000,-446.000000,-0.206865,35
002193.XSHE,2024-05-06,2024-07-03,100,3.760000,3.130000,-63.000000,-0.167553,58
000668.XSHE,2024-05-09,2024-07-03,700,7.770000,7.280000,-343.000000,-0.063063,55
000668.XSHE,2024-05-09,2024-07-04,1200,7.770000,6.470000,-1560.000000,-0.167310,56
000668.XSHE,2024-05-17,2024-07-04,800,8.110000,6.470000,-1312.000000,-0.202219,48
300391.XSHE,2024-06-07,2024-07-04,8000,2.510000,3.840000,10640.000000,0.529880,27
300391.XSHE,2024-06-18,2024-07-04,200,2.630000,3.840000,242.000000,0.460076,16
300391.XSHE,2024-06-21,2024-07-04,700,2.510000,3.840000,931.000000,0.529880,13
000679.XSHE,2024-06-04,2024-07-05,7000,2.810000,3.170000,2520.000000,0.128114,31
300391.XSHE,2024-06-21,2024-07-08,3300,2.510000,4.700000,7227.000000,0.872510,17
002629.XSHE,2024-05-06,2024-07-09,900,2.370000,1.630000,-666.000000,-0.312236,64
300329.XSHE,2024-05-30,2024-07-09,5000,4.300000,4.150000,-750.000000,-0.034884,40
300329.XSHE,2024-06-13,2024-07-09,200,3.870000,4.150000,56.000000,0.072351,26
300329.XSHE,2024-06-18,2024-07-09,300,3.590000,4.150000,168.000000,0.155989,21
300329.XSHE,2024-06-26,2024-07-09,300,3.450000,4.150000,210.000000,0.202899,13
000679.XSHE,2024-06-04,2024-07-09,1100,2.810000,2.560000,-275.000000,-0.088968,35
000679.XSHE,2024-06-07,2024-07-09,1100,2.220000,2.560000,374.000000,0.153153,32
300391.XSHE,2024-06-21,2024-07-09,200,2.510000,4.700000,438.000000,0.872510,18
002633.XSHE,2024-05-06,2024-07-12,500,6.620000,6.000000,-310.000000,-0.093656,67
300391.XSHE,2024-06-21,2024-07-12,4700,2.510000,5.750000,15228.000000,1.290837,21
300391.XSHE,2024-06-26,2024-07-12,1500,2.340000,5.750000,5115.000000,1.457265,16
000679.XSHE,2024-06-07,2024-07-12,9200,2.220000,2.680000,4232.000000,0.207207,35
000953.XSHE,2024-06-07,2024-07-12,8800,2.350000,2.620000,2376.000000,0.114894,35
000953.XSHE,2024-06-13,2024-07-12,2700,2.640000,2.620000,-54.000000,-0.007576,29
002193.XSHE,2024-05-06,2024-07-16,5100,3.760000,3.250000,-2601.000000,-0.135638,71
002633.XSHE,2024-05-06,2024-07-17,400,6.620000,6.000000,-248.000000,-0.093656,72
300329.XSHE,2024-06-26,2024-07-17,5400,3.450000,3.980000,2862.000000,0.153623,21
000679.XSHE,2024-06-07,2024-07-17,200,2.220000,2.520000,60.000000,0.135135,40
000679.XSHE,2024-06-13,2024-07-17,5900,2.800000,2.520000,-1652.000000,-0.100000,34
000679.XSHE,2024-06-13,2024-07-17,400,2.530000,2.520000,-4.000000,-0.003953,34
000679.XSHE,2024-06-18,2024-07-17,1300,2.450000,2.520000,91.000000,0.028571,29
000953.XSHE,2024-06-13,2024-07-17,5800,2.640000,2.550000,-522.000000,-0.034091,34
000953.XSHE,2024-06-18,2024-07-17,2700,2.470000,2.550000,216.000000,0.032389,29
300391.XSHE,2024-06-26,2024-07-17,3900,2.340000,5.370000,11817.000000,1.294872,21
000679.XSHE,2024-06-18,2024-07-18,2700,2.450000,2.960000,1377.000000,0.208163,30
000953.XSHE,2024-06-18,2024-07-19,3600,2.470000,2.950000,1728.000000,0.194332,31
000668.XSHE,2024-05-17,2024-07-22,100,8.110000,5.700000,-241.000000,-0.297164,66
000679.XSHE,2024-06-18,2024-07-22,6500,2.450000,2.790000,2210.000000,0.138776,34
000679.XSHE,2024-06-21,2024-07-22,600,2.490000,2.790000,180.000000,0.120482,31
000953.XSHE,2024-06-18,2024-07-22,2700,2.470000,2.790000,864.000000,0.129555,34
000953.XSHE,2024-06-21,2024-07-22,4100,2.410000,2.790000,1558.000000,0.157676,31
300391.XSHE,2024-06-26,2024-07-22,2800,2.340000,5.910000,9996.000000,1.525641,26
300391.XSHE,2024-07-01,2024-07-22,1400,2.340000,5.910000,4998.000000,1.525641,21
002193.XSHE,2024-05-06,2024-07-23,600,3.760000,3.230000,-318.000000,-0.140957,78
002193.XSHE,2024-05-09,2024-07-23,800,3.970000,3.230000,-592.000000,-0.186398,75
000679.XSHE,2024-06-21,2024-07-23,700,2.490000,3.190000,490.000000,0.281124,32
002193.XSHE,2024-05-09,2024-07-25,200,3.970000,3.160000,-162.000000,-0.204030,77
002633.XSHE,2024-05-06,2024-07-25,900,6.620000,6.650000,27.000000,0.004532,80
002633.XSHE,2024-05-09,2024-07-25,3600,7.110000,6.650000,-1656.000000,-0.064698,77
002633.XSHE,2024-05-14,2024-07-25,900,6.780000,6.650000,-117.000000,-0.019174,72
000679.XSHE,2024-06-21,2024-07-25,6400,2.490000,3.050000,3584.000000,0.224900,34
000679.XSHE,2024-07-01,2024-07-25,1000,2.360000,3.050000,690.000000,0.292373,24
000953.XSHE,2024-06-21,2024-07-25,5200,2.410000,2.630000,1144.000000,0.091286,34
000953.XSHE,2024-06-26,2024-07-25,2300,2.320000,2.630000,713.000000,0.133621,29
002633.XSHE,2024-05-14,2024-07-30,2900,6.780000,6.690000,-261.000000,-0.013274,77
002629.XSHE,2024-05-06,2024-07-30,800,2.370000,1.590000,-624.000000,-0.329114,85
000668.XSHE,2024-05-17,2024-07-30,300,8.110000,6.140000,-591.000000,-0.242910,74
603021.XSHG,2024-05-09,2024-07-30,1000,3.520000,2.580000,-940.000000,-0.267045,82
603272.XSHG,2024-05-27,2024-07-30,200,10.780000,8.380000,-480.000000,-0.222635,64
000953.XSHE,2024-06-26,2024-07-30,5600,2.320000,2.950000,3528.000000,0.271552,34
000953.XSHE,2024-07-01,2024-07-30,600,2.360000,2.950000,354.000000,0.250000,29
000953.XSHE,2024-07-04,2024-07-30,300,2.500000,2.950000,135.000000,0.180000,26
000953.XSHE,2024-07-09,2024-07-30,2200,2.390000,2.950000,1232.000000,0.234310,21
002193.XSHE,2024-05-09,2024-08-02,100,3.970000,3.470000,-50.000000,-0.125945,85
002633.XSHE,2024-05-14,2024-08-02,200,6.780000,6.870000,18.000000,0.013274,80
002633.XSHE,2024-05-17,2024-08-02,3200,7.250000,6.870000,-1216.000000,-0.052414,77
002629.XSHE,2024-05-06,2024-08-02,2500,2.370000,1.720000,-1625.000000,-0.274262,88
603021.XSHG,2024-05-09,2024-08-02,1000,3.520000,2.760000,-760.000000,-0.215909,85
002620.XSHE,2024-07-12,2024-08-02,100,2.440000,2.610000,17.000000,0.069672,21
002620.XSHE,2024-07-17,2024-08-02,9900,2.300000,2.610000,3069.000000,0.134783,16
002193.XSHE,2024-05-09,2024-08-07,5300,3.970000,3.760000,-1113.000000,-0.052897,90
002193.XSHE,2024-05-14,2024-08-07,3600,3.910000,3.760000,-540.000000,-0.038363,85
002633.XSHE,2024-05-22,2024-08-07,3200,7.300000,7.080000,-704.000000,-0.030137,77
002633.XSHE,2024-05-27,2024-08-07,300,6.980000,7.080000,30.000000,0.014327,72
002633.XSHE,2024-06-04,2024-08-07,100,6.430000,7.080000,65.000000,0.101089,64
002633.XSHE,2024-06-13,2024-08-07,100,6.140000,7.080000,94.000000,0.153094,55
600455.XSHG,2024-05-22,2024-08-07,200,17.610000,15.540000,-414.000000,-0.117547,77
002620.XSHE,2024-07-17,2024-08-07,9500,2.300000,2.860000,5320.000000,0.243478,21
002620.XSHE,2024-07-22,2024-08-07,1300,2.320000,2.860000,702.000000,0.232759,16
600768.XSHG,2024-07-09,2024-08-09,1100,6.730000,7.210000,528.000000,0.071322,31
002633.XSHE,2024-06-13,2024-08-12,200,6.140000,7.150000,202.000000,0.164495,60
002633.XSHE,2024-06-13,2024-08-12,700,6.140000,7.150000,707.000000,0.164495,60
002633.XSHE,2024-06-21,2024-08-12,600,5.860000,7.150000,774.000000,0.220137,52
002633.XSHE,2024-07-04,2024-08-12,100,5.980000,7.150000,117.000000,0.195652,39
002633.XSHE,2024-07-09,2024-08-12,1800,5.630000,7.150000,2736.000000,0.269982,34
002633.XSHE,2024-07-22,2024-08-12,300,5.880000,7.150000,381.000000,0.215986,21
002629.XSHE,2024-05-06,2024-08-12,2500,2.370000,1.740000,-1575.000000,-0.265823,98
000668.XSHE,2024-05-17,2024-08-12,1900,8.110000,6.520000,-3021.000000,-0.196054,87
000668.XSHE,2024-05-22,2024-08-12,2300,7.560000,6.520000,-2392.000000,-0.137566,82
600539.XSHG,2024-05-06,2024-08-12,200,4.820000,3.850000,-194.000000,-0.201245,98
603021.XSHG,2024-05-09,2024-08-12,200,3.520000,2.760000,-152.000000,-0.215909,95
603272.XSHG,2024-05-27,2024-08-12,100,10.780000,8.690000,-209.000000,-0.193878,77
603316.XSHG,2024-07-30,2024-08-12,100,3.510000,3.810000,30.000000,0.085470,13
002629.XSHE,2024-05-06,2024-08-14,1100,2.370000,2.000000,-407.000000,-0.156118,100
002629.XSHE,2024-05-09,2024-08-14,7000,2.470000,2.000000,-3290.000000,-0.190283,97
603272.XSHG,2024-05-27,2024-08-15,200,10.780000,8.950000,-366.000000,-0.169759,80
600768.XSHG,2024-07-09,2024-08-15,100,6.730000,7.290000,56.000000,0.083210,37
002620.XSHE,2024-07-22,2024-08-15,8200,2.320000,2.700000,3116.000000,0.163793,24
002620.XSHE,2024-07-25,2024-08-15,2000,2.370000,2.700000,660.000000,0.139241,21
600455.XSHG,2024-05-22,2024-08-20,300,17.610000,15.280000,-699.000000,-0.132311,90
300478.XSHE,2024-07-25,2024-08-20,3200,6.950000,8.490000,4928.000000,0.221583,26
300478.XSHE,2024-07-30,2024-08-20,2300,7.240000,8.490000,2875.000000,0.172652,21
300665.XSHE,2024-08-12,2024-08-20,200,5.160000,5.530000,74.000000,0.071705,8
000668.XSHE,2024-05-22,2024-08-23,100,7.560000,6.130000,-143.000000,-0.189153,93
600539.XSHG,2024-05-06,2024-08-23,300,4.820000,3.630000,-357.000000,-0.246888,109
603021.XSHG,2024-05-09,2024-08-23,600,3.520000,2.600000,-552.000000,-0.261364,106
300478.XSHE,2024-07-30,2024-08-23,1100,7.240000,7.570000,363.000000,0.045580,24
300478.XSHE,2024-08-02,2024-08-23,1200,7.310000,7.570000,312.000000,0.035568,21
002193.XSHE,2024-05-14,2024-08-23,2900,3.910000,3.580000,-957.000000,-0.084399,101
002193.XSHE,2024-05-17,2024-08-23,6300,4.080000,3.580000,-3150.000000,-0.122549,98
002193.XSHE,2024-05-22,2024-08-23,100,3.900000,3.580000,-32.000000,-0.082051,93
002629.XSHE,2024-05-09,2024-08-28,400,2.470000,1.680000,-316.000000,-0.319838,111
603021.XSHG,2024-05-09,2024-08-28,2200,3.520000,2.690000,-1826.000000,-0.235795,111
600455.XSHG,2024-05-22,2024-08-28,600,17.610000,15.270000,-1404.000000,-0.132879,98
600455.XSHG,2024-05-27,2024-08-28,100,16.830000,15.270000,-156.000000,-0.092692,93
600455.XSHG,2024-06-13,2024-08-28,300,15.510000,15.270000,-72.000000,-0.015474,76
600455.XSHG,2024-07-09,2024-08-28,1000,14.260000,15.270000,1010.000000,0.070827,50
002620.XSHE,2024-07-25,2024-08-28,200,2.370000,2.530000,32.000000,0.067511,34
300665.XSHE,2024-08-12,2024-08-28,4700,5.160000,4.950000,-987.000000,-0.040698,16
002193.XSHE,2024-05-22,2024-09-02,1100,3.900000,3.760000,-154.000000,-0.035897,103
600539.XSHG,2024-05-06,2024-09-02,800,4.820000,3.810000,-808.000000,-0.209544,119
600455.XSHG,2024-07-09,2024-09-02,600,14.260000,15.880000,972.000000,0.113604,55
600455.XSHG,2024-07-17,2024-09-02,900,13.860000,15.880000,1818.000000,0.145743,47
002620.XSHE,2024-07-25,2024-09-02,7200,2.370000,2.650000,2016.000000,0.118143,39
002620.XSHE,2024-07-30,2024-09-02,500,2.470000,2.650000,90.000000,0.072874,34
002620.XSHE,2024-08-12,2024-09-02,1800,2.570000,2.650000,144.000000,0.031128,21
002620.XSHE,2024-08-20,2024-09-02,200,2.590000,2.650000,12.000000,0.023166,13
002620.XSHE,2024-08-20,2024-09-02,100,2.590000,2.650000,6.000000,0.023166,13
002193.XSHE,2024-05-22,2024-09-05,6100,3.900000,3.800000,-610.000000,-0.025641,106
002193.XSHE,2024-05-27,2024-09-05,500,3.680000,3.800000,60.000000,0.032609,101
002193.XSHE,2024-05-27,2024-09-05,500,3.680000,3.800000,60.000000,0.032609,101
002193.XSHE,2024-06-04,2024-09-05,300,3.430000,3.800000,111.000000,0.107872,93
002193.XSHE,2024-06-07,2024-09-05,200,2.890000,3.800000,182.000000,0.314879,90
002629.XSHE,2024-05-09,2024-09-05,900,2.470000,1.730000,-666.000000,-0.299595,119
600539.XSHG,2024-05-06,2024-09-05,300,4.820000,3.740000,-324.000000,-0.224066,122
600455.XSHG,2024-07-17,2024-09-05,1800,13.860000,15.990000,3834.000000,0.153680,50
600768.XSHG,2024-07-09,2024-09-05,200,6.730000,6.970000,48.000000,0.035661,58
002193.XSHE,2024-06-07,2024-09-10,1900,2.890000,3.900000,1919.000000,0.349481,95
002193.XSHE,2024-06-13,2024-09-10,600,3.130000,3.900000,462.000000,0.246006,89
002193.XSHE,2024-07-01,2024-09-10,600,2.770000,3.900000,678.000000,0.407942,71
002193.XSHE,2024-07-04,2024-09-10,1500,3.000000,3.900000,1350.000000,0.300000,68
002193.XSHE,2024-07-09,2024-09-10,700,2.850000,3.900000,735.000000,0.368421,63
002193.XSHE,2024-07-12,2024-09-10,600,2.880000,3.900000,612.000000,0.354167,60
002193.XSHE,2024-07-12,2024-09-10,300,2.880000,3.900000,306.000000,0.354167,60
002193.XSHE,2024-07-17,2024-09-10,600,3.150000,3.900000,450.000000,0.238095,55
002629.XSHE,2024-05-09,2024-09-10,300,2.470000,1.770000,-210.000000,-0.283401,124
000668.XSHE,2024-05-22,2024-09-10,400,7.560000,6.230000,-532.000000,-0.175926,111
600539.XSHG,2024-05-06,2024-09-10,200,4.820000,3.840000,-196.000000,-0.203320,127
600455.XSHG,2024-07-17,2024-09-10,700,13.860000,15.640000,1246.000000,0.128427,55
600455.XSHG,2024-07-22,2024-09-10,400,13.850000,15.640000,716.000000,0.129242,50
600455.XSHG,2024-07-22,2024-09-10,400,13.850000,15.640000,716.000000,0.129242,50
600768.XSHG,2024-07-09,2024-09-10,3600,6.730000,7.110000,1368.000000,0.056464,63
603316.XSHG,2024-07-30,2024-09-10,6700,3.510000,3.680000,1139.000000,0.048433,42
603316.XSHG,2024-08-07,2024-09-10,100,3.690000,3.680000,-1.000000,-0.002710,34
000668.XSHE,2024-05-22,2024-09-12,900,7.560000,6.650000,-819.000000,-0.120370,113
002629.XSHE,2024-05-09,2024-09-13,1500,2.470000,1.840000,-945.000000,-0.255061,127
000668.XSHE,2024-05-22,2024-09-13,200,7.560000,6.510000,-210.000000,-0.138889,114
000668.XSHE,2024-05-30,2024-09-13,100,7.110000,6.510000,-60.000000,-0.084388,106
000668.XSHE,2024-06-04,2024-09-13,3400,6.510000,6.510000,0.000000,0.000000,101
603021.XSHG,2024-05-09,2024-09-13,100,3.520000,2.790000,-73.000000,-0.207386,127
600455.XSHG,2024-07-22,2024-09-13,800,13.850000,16.200000,1880.000000,0.169675,53
600455.XSHG,2024-07-25,2024-09-13,300,13.420000,16.200000,834.000000,0.207154,50
600455.XSHG,2024-07-30,2024-09-13,100,14.020000,16.200000,218.000000,0.155492,45
600455.XSHG,2024-08-12,2024-09-13,400,14.640000,16.200000,624.000000,0.106557,32
600455.XSHG,2024-08-15,2024-09-13,100,14.690000,16.200000,151.000000,0.102791,29
600768.XSHG,2024-07-09,2024-09-13,1600,6.730000,7.380000,1040.000000,0.096582,66
600768.XSHG,2024-07-12,2024-09-13,2300,6.900000,7.380000,1104.000000,0.069565,63
603316.XSHG,2024-08-20,2024-09-13,100,3.720000,3.740000,2.000000,0.005376,24
603316.XSHG,2024-08-23,2024-09-13,5700,3.500000,3.740000,1368.000000,0.068571,21
603316.XSHG,2024-08-28,2024-09-13,1200,3.570000,3.740000,204.000000,0.047619,16
603316.XSHG,2024-09-02,2024-09-13,100,3.730000,3.740000,1.000000,0.002681,11
002193.XSHE,2024-07-17,2024-09-20,300,3.150000,3.890000,222.000000,0.234921,65
002193.XSHE,2024-07-22,2024-09-20,2000,2.980000,3.890000,1820.000000,0.305369,60
002193.XSHE,2024-07-30,2024-09-20,300,3.300000,3.890000,177.000000,0.178788,52
002193.XSHE,2024-08-12,2024-09-20,1900,3.490000,3.890000,760.000000,0.114613,39
002193.XSHE,2024-08-15,2024-09-20,200,3.520000,3.890000,74.000000,0.105114,36
002193.XSHE,2024-08-20,2024-09-20,200,3.460000,3.890000,86.000000,0.124277,31
002193.XSHE,2024-08-20,2024-09-20,200,3.460000,3.890000,86.000000,0.124277,31
002193.XSHE,2024-08-28,2024-09-20,1600,3.420000,3.890000,752.000000,0.137427,23
000668.XSHE,2024-06-04,2024-09-20,700,6.510000,6.540000,21.000000,0.004608,108
000668.XSHE,2024-06-13,2024-09-20,200,6.420000,6.540000,24.000000,0.018692,99
000668.XSHE,2024-06-21,2024-09-20,100,6.080000,6.540000,46.000000,0.075658,91
000668.XSHE,2024-07-09,2024-09-20,500,5.960000,6.540000,290.000000,0.097315,73
000668.XSHE,2024-07-17,2024-09-20,2400,5.660000,6.540000,2112.000000,0.155477,65
600539.XSHG,2024-05-06,2024-09-20,400,4.820000,3.940000,-352.000000,-0.182573,137
600768.XSHG,2024-07-12,2024-09-20,1100,6.900000,7.540000,704.000000,0.092754,70
600768.XSHG,2024-07-17,2024-09-20,2500,6.520000,7.540000,2550.000000,0.156442,65
002856.XSHE,2024-08-15,2024-09-20,3500,7.220000,7.150000,-245.000000,-0.009695,36
002856.XSHE,2024-08-20,2024-09-20,1700,7.090000,7.150000,102.000000,0.008463,31
002193.XSHE,2024-08-28,2024-09-25,6600,3.420000,4.150000,4818.000000,0.213450,28
002193.XSHE,2024-09-13,2024-09-25,300,3.860000,4.150000,87.000000,0.075130,12
002629.XSHE,2024-05-14,2024-09-25,200,2.370000,1.890000,-96.000000,-0.202532,134
600539.XSHG,2024-05-06,2024-09-25,200,4.820000,4.110000,-142.000000,-0.147303,142
603021.XSHG,2024-05-09,2024-09-25,1100,3.520000,2.910000,-671.000000,-0.173295,139
600768.XSHG,2024-07-17,2024-09-25,1300,6.520000,7.650000,1469.000000,0.173313,70
600768.XSHG,2024-07-22,2024-09-25,2100,6.440000,7.650000,2541.000000,0.187888,65
002620.XSHE,2024-09-10,2024-09-25,500,2.540000,2.720000,90.000000,0.070866,15
002629.XSHE,2024-05-14,2024-09-30,1400,2.370000,2.160000,-294.000000,-0.088608,139
000668.XSHE,2024-07-17,2024-09-30,600,5.660000,7.860000,1320.000000,0.388693,75
603021.XSHG,2024-05-09,2024-09-30,600,3.520000,3.340000,-108.000000,-0.051136,144
603021.XSHG,2024-05-14,2024-09-30,500,3.320000,3.340000,10.000000,0.006024,139
002856.XSHE,2024-08-20,2024-09-30,2100,7.090000,8.500000,2961.000000,0.198872,41
002856.XSHE,2024-08-28,2024-09-30,1700,6.600000,8.500000,3230.000000,0.287879,33
002620.XSHE,2024-09-10,2024-09-30,500,2.540000,3.100000,280.000000,0.220472,20
002629.XSHE,2024-05-14,2024-10-10,400,2.370000,2.170000,-80.000000,-0.084388,149
300478.XSHE,2024-08-02,2024-10-10,500,7.310000,8.510000,600.000000,0.164159,69
300929.XSHE,2024-08-02,2024-10-10,100,7.330000,8.170000,84.000000,0.114598,69
002856.XSHE,2024-08-28,2024-10-10,4200,6.600000,9.380000,11676.000000,0.421212,43
300665.XSHE,2024-09-05,2024-10-10,800,4.880000,6.010000,904.000000,0.231557,35
000668.XSHE,2024-07-17,2024-10-11,100,5.660000,7.560000,190.000000,0.335689,86
002856.XSHE,2024-08-28,2024-10-15,1700,6.600000,9.940000,5678.000000,0.506061,48
002856.XSHE,2024-09-02,2024-10-15,1700,6.810000,9.940000,5321.000000,0.459618,43
300665.XSHE,2024-09-05,2024-10-15,4300,4.880000,6.070000,5117.000000,0.243852,40
300665.XSHE,2024-09-13,2024-10-15,600,5.060000,6.070000,606.000000,0.199605,32
002620.XSHE,2024-09-10,2024-10-15,100,2.540000,3.100000,56.000000,0.220472,35
300929.XSHE,2024-08-02,2024-10-15,3300,7.330000,9.010000,5544.000000,0.229195,74
300929.XSHE,2024-08-07,2024-10-15,1300,7.260000,9.010000,2275.000000,0.241047,69
600193.XSHG,2024-09-20,2024-10-15,300,2.170000,2.780000,183.000000,0.281106,25
600539.XSHG,2024-05-06,2024-10-18,900,4.820000,4.520000,-270.000000,-0.062241,165
603021.XSHG,2024-05-14,2024-10-18,800,3.320000,3.230000,-72.000000,-0.027108,157
603272.XSHG,2024-05-27,2024-10-18,400,10.780000,10.000000,-312.000000,-0.072356,144
300478.XSHE,2024-08-02,2024-10-18,200,7.310000,8.490000,236.000000,0.161423,77
300665.XSHE,2024-09-13,2024-10-18,4600,5.060000,6.140000,4968.000000,0.213439,35
300665.XSHE,2024-09-20,2024-10-18,1000,5.080000,6.140000,1060.000000,0.208661,28
002620.XSHE,2024-09-10,2024-10-18,9000,2.540000,3.000000,4140.000000,0.181102,38
002620.XSHE,2024-09-13,2024-10-18,900,2.540000,3.000000,414.000000,0.181102,35
600193.XSHG,2024-09-25,2024-10-18,10000,2.650000,2.680000,300.000000,0.011321,23
600193.XSHG,2024-09-25,2024-10-18,200,2.460000,2.680000,44.000000,0.089431,23
600193.XSHG,2024-09-30,2024-10-18,600,2.780000,2.680000,-60.000000,-0.035971,18
600193.XSHG,2024-10-10,2024-10-18,900,2.570000,2.680000,99.000000,0.042802,8
603021.XSHG,2024-05-14,2024-10-21,5700,3.320000,3.830000,2907.000000,0.153614,160
002856.XSHE,2024-09-02,2024-10-23,2400,6.810000,9.430000,6288.000000,0.384728,51
002856.XSHE,2024-09-05,2024-10-23,500,6.470000,9.430000,1480.000000,0.457496,48
002856.XSHE,2024-09-10,2024-10-23,400,6.490000,9.430000,1176.000000,0.453005,43
300665.XSHE,2024-09-20,2024-10-23,4400,5.080000,6.620000,6776.000000,0.303150,33
300665.XSHE,2024-09-25,2024-10-23,500,5.170000,6.620000,725.000000,0.280464,28
002629.XSHE,2024-05-14,2024-10-24,5400,2.370000,2.620000,1350.000000,0.105485,163
600768.XSHG,2024-07-22,2024-10-28,1200,6.440000,9.900000,4152.000000,0.537267,98
600539.XSHG,2024-05-06,2024-10-28,1100,4.820000,5.780000,1056.000000,0.199170,175
600539.XSHG,2024-05-09,2024-10-28,5400,4.780000,5.780000,5400.000000,0.209205,172
600539.XSHG,2024-05-14,2024-10-28,1300,4.620000,5.780000,1508.000000,0.251082,167
000668.XSHE,2024-07-17,2024-10-30,1200,5.660000,8.900000,3888.000000,0.572438,105
600539.XSHG,2024-05-14,2024-10-31,4400,4.620000,5.780000,5104.000000,0.251082,170
600539.XSHG,2024-05-17,2024-10-31,2600,4.860000,5.780000,2392.000000,0.189300,167
603272.XSHG,2024-05-27,2024-10-31,800,10.780000,12.360000,1264.000000,0.146568,157
603272.XSHG,2024-06-04,2024-10-31,2500,9.680000,12.360000,6700.000000,0.276860,149
600768.XSHG,2024-07-22,2024-10-31,300,6.440000,9.600000,948.000000,0.490683,101
600768.XSHG,2024-07-25,2024-10-31,600,6.320000,9.600000,1968.000000,0.518987,98
600768.XSHG,2024-07-30,2024-10-31,300,6.560000,9.600000,912.000000,0.463415,93
600768.XSHG,2024-08-02,2024-10-31,100,6.810000,9.600000,279.000000,0.409692,90
600768.XSHG,2024-08-07,2024-10-31,500,6.780000,9.600000,1410.000000,0.415929,85
600768.XSHG,2024-08-12,2024-10-31,200,7.100000,9.600000,500.000000,0.352113,80
600768.XSHG,2024-08-20,2024-10-31,200,7.100000,9.600000,500.000000,0.352113,72
600768.XSHG,2024-08-20,2024-10-31,100,7.100000,9.600000,250.000000,0.352113,72
600768.XSHG,2024-08-23,2024-10-31,100,6.830000,9.600000,277.000000,0.405564,69
600768.XSHG,2024-08-28,2024-10-31,100,6.670000,9.600000,293.000000,0.439280,64
600768.XSHG,2024-10-10,2024-10-31,1000,8.310000,9.600000,1290.000000,0.155235,21
002620.XSHE,2024-09-13,2024-10-31,9700,2.540000,3.580000,10088.000000,0.409449,48
002620.XSHE,2024-09-20,2024-10-31,600,2.580000,3.580000,600.000000,0.387597,41
603021.XSHG,2024-05-14,2024-10-31,1200,3.320000,6.190000,3444.000000,0.864458,170
603021.XSHG,2024-05-17,2024-10-31,6300,3.600000,6.190000,16317.000000,0.719444,167
603021.XSHG,2024-05-22,2024-10-31,6900,3.570000,6.190000,18078.000000,0.733894,162
603021.XSHG,2024-05-30,2024-10-31,700,3.380000,6.190000,1967.000000,0.831361,154
603021.XSHG,2024-06-07,2024-10-31,2700,2.560000,6.190000,9801.000000,1.417969,146
603021.XSHG,2024-06-18,2024-10-31,8400,2.680000,6.190000,29484.000000,1.309701,135
603021.XSHG,2024-06-21,2024-10-31,400,2.620000,6.190000,1428.000000,1.362595,132
603021.XSHG,2024-06-26,2024-10-31,100,2.460000,6.190000,373.000000,1.516260,127
603021.XSHG,2024-07-04,2024-10-31,1600,2.730000,6.190000,5536.000000,1.267399,119
603021.XSHG,2024-07-09,2024-10-31,1500,2.500000,6.190000,5535.000000,1.476000,114
002620.XSHE,2024-09-20,2024-11-01,400,2.580000,3.730000,460.000000,0.445736,42
002719.XSHE,2024-10-18,2024-11-04,2900,6.520000,8.530000,5829.000000,0.308282,17
002629.XSHE,2024-05-14,2024-11-05,3000,2.370000,2.870000,1500.000000,0.210970,175
000668.XSHE,2024-07-17,2024-11-05,400,5.660000,8.810000,1260.000000,0.556537,111
000668.XSHE,2024-07-25,2024-11-05,4100,5.710000,8.810000,12710.000000,0.542907,103
000668.XSHE,2024-08-02,2024-11-05,100,6.360000,8.810000,245.000000,0.385220,95
600539.XSHG,2024-05-17,2024-11-05,2600,4.860000,5.800000,2444.000000,0.193416,172
600539.XSHG,2024-05-22,2024-11-05,4000,4.900000,5.800000,3600.000000,0.183673,167
603021.XSHG,2024-07-09,2024-11-05,900,2.500000,4.900000,2160.000000,0.960000,119
603021.XSHG,2024-07-12,2024-11-05,800,2.540000,4.900000,1888.000000,0.929134,116
603021.XSHG,2024-07-17,2024-11-05,400,2.460000,4.900000,976.000000,0.991870,111
603021.XSHG,2024-07-22,2024-11-05,1100,2.400000,4.900000,2750.000000,1.041667,106
603021.XSHG,2024-07-25,2024-11-05,800,2.390000,4.900000,2008.000000,1.050209,103
603021.XSHG,2024-08-07,2024-11-05,700,2.760000,4.900000,1498.000000,0.775362,90
603272.XSHG,2024-06-04,2024-11-05,2400,9.680000,12.560000,6912.000000,0.297521,154
603272.XSHG,2024-06-07,2024-11-05,800,8.300000,12.560000,3408.000000,0.513253,151
600768.XSHG,2024-10-10,2024-11-05,2600,8.310000,9.550000,3224.000000,0.149218,26
600768.XSHG,2024-10-18,2024-11-05,1300,8.490000,9.550000,1378.000000,0.124853,18
600768.XSHG,2024-10-18,2024-11-05,100,8.490000,9.550000,106.000000,0.124853,18
300478.XSHE,2024-08-02,2024-11-05,1800,7.310000,11.060000,6750.000000,0.512996,95
300478.XSHE,2024-08-07,2024-11-05,3800,7.130000,11.060000,14934.000000,0.551192,90
002620.XSHE,2024-09-20,2024-11-05,9200,2.580000,3.690000,10212.000000,0.430233,46
002620.XSHE,2024-10-10,2024-11-05,1000,3.000000,3.690000,690.000000,0.230000,26
002620.XSHE,2024-10-23,2024-11-05,400,3.240000,3.690000,180.000000,0.138889,13
002629.XSHE,2024-05-14,2024-11-06,800,2.370000,3.300000,744.000000,0.392405,176
002629.XSHE,2024-05-17,2024-11-06,4400,2.380000,3.300000,4048.000000,0.386555,173
000668.XSHE,2024-08-07,2024-11-06,300,6.410000,10.180000,1131.000000,0.588144,91
000668.XSHE,2024-08-15,2024-11-06,400,6.390000,10.180000,1516.000000,0.593114,83
000668.XSHE,2024-08-20,2024-11-06,300,6.270000,10.180000,1173.000000,0.623604,78
000668.XSHE,2024-08-28,2024-11-06,200,5.930000,10.180000,850.000000,0.716695,70
000668.XSHE,2024-09-02,2024-11-06,200,6.350000,10.180000,766.000000,0.603150,65
002629.XSHE,2024-05-17,2024-11-08,7700,2.380000,3.260000,6776.000000,0.369748,175
002629.XSHE,2024-05-22,2024-11-08,2600,2.270000,3.260000,2574.000000,0.436123,170
000668.XSHE,2024-09-02,2024-11-08,300,6.350000,9.980000,1089.000000,0.571654,67
000668.XSHE,2024-09-02,2024-11-08,3200,6.350000,9.980000,11616.000000,0.571654,67
600539.XSHG,2024-05-22,2024-11-08,600,4.900000,6.800000,1140.000000,0.387755,170
600539.XSHG,2024-06-04,2024-11-08,1200,4.260000,6.800000,3048.000000,0.596244,157
600539.XSHG,2024-06-07,2024-11-08,1600,3.600000,6.800000,5120.000000,0.888889,154
600539.XSHG,2024-06-18,2024-11-08,300,3.800000,6.800000,900.000000,0.789474,143
600539.XSHG,2024-06-26,2024-11-08,300,3.500000,6.800000,990.000000,0.942857,135
600539.XSHG,2024-07-09,2024-11-08,1500,3.680000,6.800000,4680.000000,0.847826,122
600539.XSHG,2024-07-12,2024-11-08,500,3.740000,6.800000,1530.000000,0.818182,119
600539.XSHG,2024-07-17,2024-11-08,1200,3.530000,6.800000,3924.000000,0.926346,114
600539.XSHG,2024-07-22,2024-11-08,100,3.510000,6.800000,329.000000,0.937322,109
603021.XSHG,2024-08-07,2024-11-08,300,2.760000,5.140000,714.000000,0.862319,93
603021.XSHG,2024-08-15,2024-11-08,800,2.750000,5.140000,1912.000000,0.869091,85
603021.XSHG,2024-08-20,2024-11-08,1500,2.660000,5.140000,3720.000000,0.932331,80
603021.XSHG,2024-09-02,2024-11-08,1100,2.750000,5.140000,2629.000000,0.869091,67
603021.XSHG,2024-09-02,2024-11-08,200,2.750000,5.140000,478.000000,0.869091,67
603021.XSHG,2024-09-10,2024-11-08,100,2.730000,5.140000,241.000000,0.882784,59
603021.XSHG,2024-09-20,2024-11-08,1300,2.740000,5.140000,3120.000000,0.875912,49
603021.XSHG,2024-10-10,2024-11-08,2000,3.200000,5.140000,3880.000000,0.606250,29
603021.XSHG,2024-10-15,2024-11-08,900,3.230000,5.140000,1719.000000,0.591331,24
603272.XSHG,2024-06-07,2024-11-08,2100,8.300000,13.670000,11277.000000,0.646988,154
603272.XSHG,2024-06-13,2024-11-08,1000,9.020000,13.670000,4650.000000,0.515521,148
300478.XSHE,2024-08-07,2024-11-08,300,7.130000,11.800000,1401.000000,0.654979,93
300478.XSHE,2024-08-12,2024-11-08,2900,7.350000,11.800000,12905.000000,0.605442,88
002719.XSHE,2024-10-18,2024-11-08,1800,6.520000,9.100000,4644.000000,0.395706,21
002719.XSHE,2024-10-23,2024-11-08,3700,6.810000,9.100000,8473.000000,0.336270,16
002629.XSHE,2024-05-22,2024-11-12,4500,2.270000,3.630000,6120.000000,0.599119,174
002629.XSHE,2024-05-22,2024-11-13,5500,2.270000,3.660000,7645.000000,0.612335,175
002629.XSHE,2024-06-04,2024-11-13,700,2.060000,3.660000,1120.000000,0.776699,162
002629.XSHE,2024-06-07,2024-11-13,3000,1.750000,3.660000,5730.000000,1.091429,159
002629.XSHE,2024-06-18,2024-11-13,3600,1.750000,3.660000,6876.000000,1.091429,148
000668.XSHE,2024-09-05,2024-11-13,900,5.960000,9.880000,3528.000000,0.657718,69
000668.XSHE,2024-09-25,2024-11-13,100,6.640000,9.880000,324.000000,0.487952,49
000668.XSHE,2024-10-10,2024-11-13,100,7.490000,9.880000,239.000000,0.319092,34
000668.XSHE,2024-10-10,2024-11-13,500,7.490000,9.880000,1195.000000,0.319092,34
000668.XSHE,2024-10-15,2024-11-13,100,7.450000,9.880000,243.000000,0.326174,29
000668.XSHE,2024-10-15,2024-11-13,2400,7.450000,9.880000,5832.000000,0.326174,29
600539.XSHG,2024-07-25,2024-11-13,900,3.460000,7.300000,3456.000000,1.109827,111
600539.XSHG,2024-08-07,2024-11-13,600,3.840000,7.300000,2076.000000,0.901042,98
600539.XSHG,2024-08-15,2024-11-13,600,3.830000,7.300000,2082.000000,0.906005,90
600539.XSHG,2024-08-20,2024-11-13,900,3.720000,7.300000,3222.000000,0.962366,85
600539.XSHG,2024-08-28,2024-11-13,500,3.520000,7.300000,1890.000000,1.073864,77
600539.XSHG,2024-09-13,2024-11-13,500,3.840000,7.300000,1730.000000,0.901042,61
600539.XSHG,2024-09-30,2024-11-13,700,4.500000,7.300000,1960.000000,0.622222,44
600539.XSHG,2024-10-10,2024-11-13,100,4.450000,7.300000,285.000000,0.640449,34
600539.XSHG,2024-10-10,2024-11-13,300,4.450000,7.300000,855.000000,0.640449,34
600539.XSHG,2024-10-15,2024-11-13,100,4.480000,7.300000,282.000000,0.629464,29
600539.XSHG,2024-10-15,2024-11-13,700,4.480000,7.300000,1974.000000,0.629464,29
600539.XSHG,2024-10-23,2024-11-13,700,4.890000,7.300000,1687.000000,0.492843,21
603272.XSHG,2024-06-13,2024-11-13,1600,9.020000,14.100000,8128.000000,0.563193,153
603272.XSHG,2024-06-18,2024-11-13,100,8.500000,14.100000,560.000000,0.658824,148
603272.XSHG,2024-07-04,2024-11-13,900,8.780000,14.100000,4788.000000,0.605923,132
603272.XSHG,2024-07-09,2024-11-13,100,8.390000,14.100000,571.000000,0.680572,127
603272.XSHG,2024-07-12,2024-11-13,300,8.510000,14.100000,1677.000000,0.656874,124
603272.XSHG,2024-07-17,2024-11-13,300,8.030000,14.100000,1821.000000,0.755915,119
002719.XSHE,2024-10-23,2024-11-13,1700,6.810000,8.690000,3196.000000,0.276065,21
002719.XSHE,2024-10-31,2024-11-13,2400,7.280000,8.690000,3384.000000,0.193681,13
605303.XSHG,2024-10-31,2024-11-13,5000,8.500000,8.900000,2000.000000,0.047059,13
605303.XSHG,2024-11-05,2024-11-13,1000,7.910000,8.900000,990.000000,0.125158,8
603955.XSHG,2024-10-18,2024-11-14,3700,8.310000,20.250000,44178.000000,1.436823,27
603955.XSHG,2024-10-31,2024-11-14,300,9.820000,20.250000,3129.000000,1.062118,14
002629.XSHE,2024-06-18,2024-11-18,200,1.750000,3.370000,324.000000,0.925714,153
002629.XSHE,2024-06-26,2024-11-18,6500,1.480000,3.370000,12285.000000,1.277027,145
002629.XSHE,2024-07-04,2024-11-18,200,1.670000,3.370000,340.000000,1.017964,137
002629.XSHE,2024-07-08,2024-11-18,1300,1.630000,3.370000,2262.000000,1.067485,133
002629.XSHE,2024-07-12,2024-11-18,1900,1.570000,3.370000,3420.000000,1.146497,129
002629.XSHE,2024-07-12,2024-11-18,1100,1.570000,3.370000,1980.000000,1.146497,129
000668.XSHE,2024-10-15,2024-11-18,2200,7.450000,9.340000,4158.000000,0.253691,34
000668.XSHE,2024-10-18,2024-11-18,2300,7.220000,9.340000,4876.000000,0.293629,31
603272.XSHG,2024-07-17,2024-11-18,200,8.030000,14.800000,1354.000000,0.843088,124
603272.XSHG,2024-07-22,2024-11-18,100,7.870000,14.800000,693.000000,0.880559,119
603272.XSHG,2024-07-22,2024-11-18,100,7.870000,14.800000,693.000000,0.880559,119
603272.XSHG,2024-07-25,2024-11-18,400,7.780000,14.800000,2808.000000,0.902314,116
603272.XSHG,2024-08-02,2024-11-18,300,8.500000,14.800000,1890.000000,0.741176,108
603272.XSHG,2024-08-07,2024-11-18,200,8.610000,14.800000,1238.000000,0.718931,103
603272.XSHG,2024-08-20,2024-11-18,300,8.650000,14.800000,1845.000000,0.710983,90
603272.XSHG,2024-09-05,2024-11-18,100,8.440000,14.800000,636.000000,0.753555,74
603272.XSHG,2024-09-13,2024-11-18,200,8.640000,14.800000,1232.000000,0.712963,66
603272.XSHG,2024-09-20,2024-11-18,100,8.690000,14.800000,611.000000,0.703107,59
603272.XSHG,2024-09-25,2024-11-18,100,8.900000,14.800000,590.000000,0.662921,54
603272.XSHG,2024-09-30,2024-11-18,500,9.660000,14.800000,2570.000000,0.532091,49
603272.XSHG,2024-10-15,2024-11-18,200,9.860000,14.800000,988.000000,0.501014,34
603272.XSHG,2024-10-23,2024-11-18,400,10.710000,14.800000,1636.000000,0.381886,26
002719.XSHE,2024-10-31,2024-11-18,5100,7.280000,8.190000,4641.000000,0.125000,18
605303.XSHG,2024-11-05,2024-11-18,4900,7.910000,8.450000,2646.000000,0.068268,13
603880.XSHG,2024-10-31,2024-11-18,100,4.310000,4.520000,21.000000,0.048724,18
002629.XSHE,2024-07-12,2024-11-21,1800,1.570000,3.330000,3168.000000,1.121019,132
002629.XSHE,2024-07-17,2024-11-21,900,1.520000,3.330000,1629.000000,1.190789,127
002629.XSHE,2024-07-22,2024-11-21,1800,1.480000,3.330000,3330.000000,1.250000,122
002629.XSHE,2024-07-25,2024-11-21,500,1.490000,3.330000,920.000000,1.234899,119
002629.XSHE,2024-08-07,2024-11-21,3000,1.690000,3.330000,4920.000000,0.970414,106
002629.XSHE,2024-08-15,2024-11-21,3600,1.880000,3.330000,5220.000000,0.771277,98
002629.XSHE,2024-08-20,2024-11-21,100,1.770000,3.330000,156.000000,0.881356,93
002629.XSHE,2024-08-20,2024-11-21,900,1.770000,3.330000,1404.000000,0.881356,93
300478.XSHE,2024-08-12,2024-11-21,100,7.350000,10.940000,359.000000,0.488435,101
300478.XSHE,2024-08-15,2024-11-21,400,7.270000,10.940000,1468.000000,0.504814,98
300478.XSHE,2024-08-28,2024-11-21,700,6.910000,10.940000,2821.000000,0.583213,85
300478.XSHE,2024-09-05,2024-11-21,200,6.960000,10.940000,796.000000,0.571839,77
300478.XSHE,2024-09-10,2024-11-21,2800,7.100000,10.940000,10752.000000,0.540845,72
002719.XSHE,2024-10-31,2024-11-21,4000,7.280000,8.180000,3600.000000,0.123626,21
002719.XSHE,2024-11-05,2024-11-21,1300,8.000000,8.180000,234.000000,0.022500,16
605303.XSHG,2024-11-05,2024-11-21,200,7.910000,8.700000,158.000000,0.099874,16
002856.XSHE,2024-11-05,2024-11-21,4200,9.420000,10.250000,3486.000000,0.088110,16
603709.XSHG,2024-11-05,2024-11-21,400,10.130000,11.080000,380.000000,0.093781,16
301273.XSHE,2024-11-05,2024-11-21,2100,18.340000,19.620000,2688.000000,0.069793,16
301273.XSHE,2024-11-18,2024-11-21,100,19.510000,19.620000,11.000000,0.005638,3
002629.XSHE,2024-08-20,2024-11-26,3100,1.770000,3.240000,4557.000000,0.830508,98
002629.XSHE,2024-08-23,2024-11-26,600,1.640000,3.240000,960.000000,0.975610,95
002629.XSHE,2024-09-02,2024-11-26,800,1.750000,3.240000,1192.000000,0.851429,85
002629.XSHE,2024-09-20,2024-11-26,1600,1.820000,3.240000,2272.000000,0.780220,67
002629.XSHE,2024-10-08,2024-11-26,300,2.330000,3.240000,273.000000,0.390558,49
002629.XSHE,2024-10-18,2024-11-26,1200,2.150000,3.240000,1308.000000,0.506977,39
002629.XSHE,2024-10-23,2024-11-26,1000,2.350000,3.240000,890.000000,0.378723,34
002629.XSHE,2024-10-28,2024-11-26,3400,2.690000,3.240000,1870.000000,0.204461,29
002629.XSHE,2024-10-31,2024-11-26,1200,2.700000,3.240000,648.000000,0.200000,26
002193.XSHE,2024-10-15,2024-11-26,500,4.350000,5.120000,385.000000,0.177011,42
605303.XSHG,2024-11-05,2024-11-26,4000,7.910000,8.510000,2400.000000,0.075853,21
605303.XSHG,2024-11-08,2024-11-26,900,8.320000,8.510000,171.000000,0.022837,18
603880.XSHG,2024-11-05,2024-11-26,600,4.290000,4.610000,192.000000,0.074592,21
002856.XSHE,2024-11-05,2024-11-26,4300,9.420000,10.320000,3870.000000,0.095541,21
603709.XSHG,2024-11-05,2024-11-26,3500,10.130000,11.030000,3150.000000,0.088845,21
603709.XSHG,2024-11-13,2024-11-26,400,10.890000,11.030000,56.000000,0.012856,13
002620.XSHE,2024-11-18,2024-11-26,100,3.680000,3.780000,10.000000,0.027174,8
002193.XSHE,2024-10-15,2024-11-29,3400,4.350000,5.300000,3230.000000,0.218391,45
002193.XSHE,2024-10-16,2024-11-29,3000,4.600000,5.300000,2100.000000,0.152174,44
002193.XSHE,2024-10-23,2024-11-29,200,4.870000,5.300000,86.000000,0.088296,37
002193.XSHE,2024-10-31,2024-11-29,700,5.000000,5.300000,210.000000,0.060000,29
002193.XSHE,2024-11-05,2024-11-29,400,4.870000,5.300000,172.000000,0.088296,24
002193.XSHE,2024-11-08,2024-11-29,1300,5.170000,5.300000,169.000000,0.025145,21
605303.XSHG,2024-11-08,2024-11-29,5200,8.320000,8.760000,2288.000000,0.052885,21
603880.XSHG,2024-11-05,2024-11-29,200,4.290000,4.730000,88.000000,0.102564,24
001211.XSHE,2024-11-05,2024-11-29,2200,17.690000,20.500000,6182.000000,0.158847,24
001211.XSHE,2024-11-13,2024-11-29,500,19.000000,20.500000,750.000000,0.078947,16
603709.XSHG,2024-11-13,2024-11-29,4000,10.890000,11.280000,1560.000000,0.035813,16
001211.XSHE,2024-11-13,2024-12-04,1800,19.000000,20.530000,2754.000000,0.080526,21
603709.XSHG,2024-11-13,2024-12-04,1800,10.890000,11.570000,1224.000000,0.062443,21
603709.XSHG,2024-11-18,2024-12-04,2000,10.630000,11.570000,1880.000000,0.088429,16
301336.XSHE,2024-11-18,2024-12-04,1200,34.170000,35.930000,2112.000000,0.051507,16
002629.XSHE,2024-11-29,2024-12-04,400,3.150000,3.460000,124.000000,0.098413,5
002193.XSHE,2024-11-08,2024-12-05,7600,5.170000,7.090000,14592.000000,0.371373,27
002193.XSHE,2024-11-13,2024-12-05,6100,5.140000,7.090000,11895.000000,0.379377,22
002629.XSHE,2024-11-29,2024-12-05,1700,3.150000,3.940000,1343.000000,0.250794,6
603813.XSHG,2024-09-10,2024-12-09,500,9.020000,13.430000,2205.000000,0.488914,90
001211.XSHE,2024-11-13,2024-12-09,2100,19.000000,20.330000,2793.000000,0.070000,26
603709.XSHG,2024-11-18,2024-12-09,4200,10.630000,11.740000,4662.000000,0.104421,21
002620.XSHE,2024-11-18,2024-12-09,11600,3.680000,4.130000,5220.000000,0.122283,21
002620.XSHE,2024-11-29,2024-12-09,100,3.820000,4.130000,31.000000,0.081152,10
002620.XSHE,2024-12-04,2024-12-09,100,4.000000,4.130000,13.000000,0.032500,5
002193.XSHE,2024-11-13,2024-12-10,3000,5.140000,9.330000,12570.000000,0.815175,27
002193.XSHE,2024-11-18,2024-12-10,6500,4.980000,9.330000,28275.000000,0.873494,22
002629.XSHE,2024-11-29,2024-12-10,1400,3.150000,4.440000,1806.000000,0.409524,11
000668.XSHE,2024-10-18,2024-12-12,400,7.220000,9.590000,948.000000,0.328255,55
002193.XSHE,2024-11-18,2024-12-12,2100,4.980000,8.000000,6342.000000,0.606426,24
002193.XSHE,2024-11-21,2024-12-12,2200,5.050000,8.000000,6490.000000,0.584158,21
603880.XSHG,2024-11-05,2024-12-12,11300,4.290000,5.480000,13447.000000,0.277389,37
600455.XSHG,2024-11-21,2024-12-12,1900,22.110000,24.490000,4522.000000,0.107644,21
600455.XSHG,2024-12-09,2024-12-12,100,24.250000,24.490000,24.000000,0.009897,3
603813.XSHG,2024-09-10,2024-12-13,500,9.020000,14.350000,2665.000000,0.590909,94
603813.XSHG,2024-09-10,2024-12-17,500,9.020000,14.490000,2735.000000,0.606430,98
002193.XSHE,2024-11-21,2024-12-17,5900,5.050000,7.810000,16284.000000,0.546535,26
002193.XSHE,2024-11-21,2024-12-17,400,5.050000,7.810000,1104.000000,0.546535,26
603880.XSHG,2024-11-05,2024-12-17,9000,4.290000,5.540000,11250.000000,0.291375,42
001211.XSHE,2024-11-13,2024-12-17,100,19.000000,21.240000,224.000000,0.117895,34
300854.XSHE,2024-11-21,2024-12-17,400,13.670000,15.000000,532.000000,0.097293,26
600768.XSHG,2024-10-18,2024-12-19,1300,8.490000,10.160000,2171.000000,0.196702,62
300929.XSHE,2024-08-07,2024-12-20,100,7.260000,9.630000,237.000000,0.326446,135
603813.XSHG,2024-09-10,2024-12-20,1200,9.020000,13.460000,5328.000000,0.492239,101
603813.XSHG,2024-09-13,2024-12-20,2300,8.970000,13.460000,10327.000000,0.500557,98
603880.XSHG,2024-11-05,2024-12-20,6800,4.290000,4.930000,4352.000000,0.149184,45
603880.XSHG,2024-11-08,2024-12-20,1500,4.700000,4.930000,345.000000,0.048936,42
002856.XSHE,2024-11-08,2024-12-20,2700,10.280000,11.510000,3321.000000,0.119650,42
002856.XSHE,2024-11-13,2024-12-20,1600,10.500000,11.510000,1616.000000,0.096190,37
002856.XSHE,2024-11-29,2024-12-20,100,10.160000,11.510000,135.000000,0.132874,21
002856.XSHE,2024-12-09,2024-12-20,400,11.000000,11.510000,204.000000,0.046364,11
001211.XSHE,2024-11-13,2024-12-20,100,19.000000,20.000000,100.000000,0.052632,37
002629.XSHE,2024-11-29,2024-12-20,10700,3.150000,4.110000,10272.000000,0.304762,21
002629.XSHE,2024-12-09,2024-12-20,400,3.900000,4.110000,84.000000,0.053846,11
002629.XSHE,2024-12-17,2024-12-20,100,4.490000,4.110000,-38.000000,-0.084633,3
301336.XSHE,2024-12-12,2024-12-20,300,37.580000,43.000000,1626.000000,0.144226,8
002856.XSHE,2024-12-09,2024-12-24,500,11.000000,12.010000,505.000000,0.091818,15
300665.XSHE,2024-09-25,2024-12-25,1000,5.170000,6.530000,1360.000000,0.263056,91
603880.XSHG,2024-11-08,2024-12-25,8100,4.700000,4.410000,-2349.000000,-0.061702,47
603880.XSHG,2024-11-13,2024-12-25,1100,4.680000,4.410000,-297.000000,-0.057692,42
002856.XSHE,2024-12-09,2024-12-25,2100,11.000000,12.570000,3297.000000,0.142727,16
002856.XSHE,2024-12-09,2024-12-25,1400,11.000000,12.570000,2198.000000,0.142727,16
002856.XSHE,2024-12-12,2024-12-25,100,11.070000,12.570000,150.000000,0.135501,13
001211.XSHE,2024-11-13,2024-12-25,300,19.000000,21.760000,828.000000,0.145263,42
001211.XSHE,2024-11-18,2024-12-25,400,18.490000,21.760000,1308.000000,0.176852,37
300854.XSHE,2024-11-21,2024-12-25,2800,13.670000,12.700000,-2716.000000,-0.070958,34
300854.XSHE,2024-11-26,2024-12-25,600,13.690000,12.700000,-594.000000,-0.072316,29
301273.XSHE,2024-12-09,2024-12-25,100,19.960000,17.330000,-263.000000,-0.131764,16
301336.XSHE,2024-12-12,2024-12-25,300,37.580000,46.500000,2676.000000,0.237360,13
301336.XSHE,2024-12-12,2024-12-27,300,37.580000,59.090000,6453.000000,0.572379,15
300665.XSHE,2024-09-25,2024-12-30,500,5.170000,6.710000,770.000000,0.297872,96
603880.XSHG,2024-11-13,2024-12-30,9400,4.680000,4.550000,-1222.000000,-0.027778,47
603880.XSHG,2024-11-21,2024-12-30,200,4.540000,4.550000,2.000000,0.002203,39
603880.XSHG,2024-12-09,2024-12-30,300,5.120000,4.550000,-171.000000,-0.111328,21
300854.XSHE,2024-11-26,2024-12-30,2500,13.690000,12.780000,-2275.000000,-0.066472,34
300854.XSHE,2024-11-29,2024-12-30,900,13.680000,12.780000,-810.000000,-0.065789,31
301273.XSHE,2024-12-09,2024-12-30,2700,19.960000,17.940000,-5454.000000,-0.101202,21
301336.XSHE,2024-12-12,2024-12-30,700,37.580000,54.650000,11949.000000,0.454231,18
000668.XSHE,2024-10-18,2025-01-02,800,7.220000,6.470000,-600.000000,-0.103878,76
000668.XSHE,2024-10-18,2025-01-02,1100,7.220000,6.470000,-825.000000,-0.103878,76
000668.XSHE,2024-10-23,2025-01-02,1200,7.560000,6.470000,-1308.000000,-0.144180,71
000668.XSHE,2024-10-28,2025-01-02,600,8.180000,6.470000,-1026.000000,-0.209046,66
000668.XSHE,2024-10-31,2025-01-02,600,8.620000,6.470000,-1290.000000,-0.249420,63
000668.XSHE,2024-11-21,2025-01-02,200,8.930000,6.470000,-492.000000,-0.275476,42
000668.XSHE,2024-11-26,2025-01-02,5000,8.800000,6.470000,-11650.000000,-0.264773,37
000668.XSHE,2024-11-29,2025-01-02,100,9.020000,6.470000,-255.000000,-0.282705,34
000668.XSHE,2024-11-29,2025-01-02,4800,9.020000,6.470000,-12240.000000,-0.282705,34
000668.XSHE,2024-12-04,2025-01-02,300,9.240000,6.470000,-831.000000,-0.299784,29
000668.XSHE,2024-12-04,2025-01-02,5400,9.240000,6.470000,-14958.000000,-0.299784,29
000668.XSHE,2024-12-09,2025-01-02,5900,9.240000,6.470000,-16343.000000,-0.299784,24
000668.XSHE,2024-12-17,2025-01-02,600,9.500000,6.470000,-1818.000000,-0.318947,16
000668.XSHE,2024-12-20,2025-01-02,1000,8.510000,6.470000,-2040.000000,-0.239718,13
000668.XSHE,2024-12-25,2025-01-02,1100,7.130000,6.470000,-726.000000,-0.092567,8
000668.XSHE,2024-12-25,2025-01-02,1600,7.130000,6.470000,-1056.000000,-0.092567,8
000668.XSHE,2024-12-30,2025-01-02,1100,6.980000,6.470000,-561.000000,-0.073066,3
600768.XSHG,2024-10-18,2025-01-02,1000,8.490000,8.500000,10.000000,0.001178,76
600768.XSHG,2024-10-23,2025-01-02,400,8.830000,8.500000,-132.000000,-0.037373,71
600768.XSHG,2024-10-23,2025-01-02,1500,8.830000,8.500000,-495.000000,-0.037373,71
600768.XSHG,2024-11-08,2025-01-02,4300,10.380000,8.500000,-8084.000000,-0.181118,55
600768.XSHG,2024-11-13,2025-01-02,300,10.130000,8.500000,-489.000000,-0.160908,50
600768.XSHG,2024-11-18,2025-01-02,4600,9.680000,8.500000,-5428.000000,-0.121901,45
600768.XSHG,2024-11-21,2025-01-02,4500,9.650000,8.500000,-5175.000000,-0.119171,42
600768.XSHG,2024-11-21,2025-01-02,200,9.650000,8.500000,-230.000000,-0.119171,42
600768.XSHG,2024-11-26,2025-01-02,300,9.610000,8.500000,-333.000000,-0.115505,37
600768.XSHG,2024-11-26,2025-01-02,4300,9.610000,8.500000,-4773.000000,-0.115505,37
600768.XSHG,2024-11-29,2025-01-02,400,9.650000,8.500000,-460.000000,-0.119171,34
600768.XSHG,2024-12-04,2025-01-02,300,10.150000,8.500000,-495.000000,-0.162562,29
600768.XSHG,2024-12-09,2025-01-02,500,10.190000,8.500000,-845.000000,-0.165849,24
600768.XSHG,2024-12-12,2025-01-02,400,10.210000,8.500000,-684.000000,-0.167483,21
600768.XSHG,2024-12-25,2025-01-02,1100,8.880000,8.500000,-418.000000,-0.042793,8
600768.XSHG,2024-12-30,2025-01-02,200,9.000000,8.500000,-100.000000,-0.055556,3
300478.XSHE,2024-09-10,2025-01-02,800,7.100000,8.980000,1504.000000,0.264789,114
300478.XSHE,2024-09-13,2025-01-02,3900,7.120000,8.980000,7254.000000,0.261236,111
300478.XSHE,2024-09-25,2025-01-02,300,7.360000,8.980000,486.000000,0.220109,99
300478.XSHE,2024-10-15,2025-01-02,400,8.540000,8.980000,176.000000,0.051522,79
300478.XSHE,2024-10-28,2025-01-02,1200,9.500000,8.980000,-624.000000,-0.054737,66
300478.XSHE,2024-10-31,2025-01-02,500,9.740000,8.980000,-380.000000,-0.078029,63
300478.XSHE,2024-11-13,2025-01-02,1000,10.950000,8.980000,-1970.000000,-0.179909,50
300478.XSHE,2024-11-26,2025-01-02,4200,10.650000,8.980000,-7014.000000,-0.156808,37
300478.XSHE,2024-11-29,2025-01-02,4500,10.650000,8.980000,-7515.000000,-0.156808,34
300478.XSHE,2024-12-09,2025-01-02,700,11.120000,8.980000,-1498.000000,-0.192446,24
300478.XSHE,2024-12-12,2025-01-02,4700,11.190000,8.980000,-10387.000000,-0.197498,21
300478.XSHE,2024-12-17,2025-01-02,400,11.060000,8.980000,-832.000000,-0.188065,16
300478.XSHE,2024-12-17,2025-01-02,200,11.060000,8.980000,-416.000000,-0.188065,16
300478.XSHE,2024-12-20,2025-01-02,500,10.050000,8.980000,-535.000000,-0.106468,13
300929.XSHE,2024-08-07,2025-01-02,900,7.260000,8.270000,909.000000,0.139118,148
300929.XSHE,2024-08-12,2025-01-02,4400,7.540000,8.270000,3212.000000,0.096817,143
300929.XSHE,2024-08-15,2025-01-02,200,7.560000,8.270000,142.000000,0.093915,140
300929.XSHE,2024-08-20,2025-01-02,200,7.400000,8.270000,174.000000,0.117568,135
300929.XSHE,2024-08-28,2025-01-02,400,6.770000,8.270000,600.000000,0.221566,127
300929.XSHE,2024-09-05,2025-01-02,3700,6.940000,8.270000,4921.000000,0.191643,119
300929.XSHE,2024-09-10,2025-01-02,3700,7.040000,8.270000,4551.000000,0.174716,114
300929.XSHE,2024-09-13,2025-01-02,200,7.080000,8.270000,238.000000,0.168079,111
300929.XSHE,2024-09-20,2025-01-02,500,6.980000,8.270000,645.000000,0.184814,104
300929.XSHE,2024-09-30,2025-01-02,100,8.080000,8.270000,19.000000,0.023515,94
300929.XSHE,2024-10-18,2025-01-02,200,8.200000,8.270000,14.000000,0.008537,76
300929.XSHE,2024-10-18,2025-01-02,600,8.200000,8.270000,42.000000,0.008537,76
300929.XSHE,2024-10-23,2025-01-02,500,8.790000,8.270000,-260.000000,-0.059158,71
300929.XSHE,2024-10-31,2025-01-02,300,9.800000,8.270000,-459.000000,-0.156122,63
300929.XSHE,2024-11-05,2025-01-02,5100,9.480000,8.270000,-6171.000000,-0.127637,58
300929.XSHE,2024-11-08,2025-01-02,500,10.230000,8.270000,-980.000000,-0.191593,55
300929.XSHE,2024-11-13,2025-01-02,200,10.290000,8.270000,-404.000000,-0.196307,50
300929.XSHE,2024-11-18,2025-01-02,300,9.780000,8.270000,-453.000000,-0.154397,45
300929.XSHE,2024-11-21,2025-01-02,200,9.820000,8.270000,-310.000000,-0.157841,42
300929.XSHE,2024-11-26,2025-01-02,400,9.640000,8.270000,-548.000000,-0.142116,37
300929.XSHE,2024-11-29,2025-01-02,200,9.750000,8.270000,-296.000000,-0.151795,34
300929.XSHE,2024-12-04,2025-01-02,700,10.030000,8.270000,-1232.000000,-0.175474,29
300929.XSHE,2024-12-09,2025-01-02,300,10.200000,8.270000,-579.000000,-0.189216,24
300929.XSHE,2024-12-12,2025-01-02,300,10.260000,8.270000,-597.000000,-0.193957,21
300929.XSHE,2024-12-17,2025-01-02,300,10.310000,8.270000,-612.000000,-0.197866,16
300929.XSHE,2024-12-25,2025-01-02,500,8.680000,8.270000,-205.000000,-0.047235,8
300929.XSHE,2024-12-30,2025-01-02,800,8.520000,8.270000,-200.000000,-0.029343,3
300665.XSHE,2024-09-25,2025-01-02,3600,5.170000,6.250000,3888.000000,0.208897,99
300665.XSHE,2024-09-30,2025-01-02,200,5.730000,6.250000,104.000000,0.090750,94
300665.XSHE,2024-10-28,2025-01-02,100,6.620000,6.250000,-37.000000,-0.055891,66
300665.XSHE,2024-10-31,2025-01-02,6100,6.800000,6.250000,-3355.000000,-0.080882,63
300665.XSHE,2024-11-05,2025-01-02,6300,6.740000,6.250000,-3087.000000,-0.072700,58
300665.XSHE,2024-11-08,2025-01-02,6500,7.260000,6.250000,-6565.000000,-0.139118,55
300665.XSHE,2024-11-13,2025-01-02,6100,7.390000,6.250000,-6954.000000,-0.154263,50
300665.XSHE,2024-11-18,2025-01-02,700,6.950000,6.250000,-490.000000,-0.100719,45
300665.XSHE,2024-11-21,2025-01-02,500,6.930000,6.250000,-340.000000,-0.098124,42
300665.XSHE,2024-11-29,2025-01-02,100,7.040000,6.250000,-79.000000,-0.112216,34
300665.XSHE,2024-12-04,2025-01-02,100,7.400000,6.250000,-115.000000,-0.155405,29
300665.XSHE,2024-12-09,2025-01-02,600,7.520000,6.250000,-762.000000,-0.168883,24
300665.XSHE,2024-12-12,2025-01-02,300,7.590000,6.250000,-402.000000,-0.176548,21
300665.XSHE,2024-12-17,2025-01-02,600,7.580000,6.250000,-798.000000,-0.175462,16
300665.XSHE,2024-12-20,2025-01-02,300,6.850000,6.250000,-180.000000,-0.087591,13
300665.XSHE,2024-12-20,2025-01-02,600,6.850000,6.250000,-360.000000,-0.087591,13
603813.XSHG,2024-09-13,2025-01-02,800,8.970000,11.560000,2072.000000,0.288740,111
603813.XSHG,2024-09-20,2025-01-02,1800,8.900000,11.560000,4788.000000,0.298876,104
603813.XSHG,2024-09-25,2025-01-02,4000,9.430000,11.560000,8520.000000,0.225875,99
603813.XSHG,2024-09-30,2025-01-02,3100,10.500000,11.560000,3286.000000,0.100952,94
603813.XSHG,2024-10-10,2025-01-02,200,10.380000,11.560000,236.000000,0.113680,84
603813.XSHG,2024-10-15,2025-01-02,100,10.550000,11.560000,101.000000,0.095735,79
603813.XSHG,2024-10-23,2025-01-02,600,11.050000,11.560000,306.000000,0.046154,71
603813.XSHG,2024-10-31,2025-01-02,1400,11.540000,11.560000,28.000000,0.001733,63
603813.XSHG,2024-11-08,2025-01-02,400,12.650000,11.560000,-436.000000,-0.086166,55
603813.XSHG,2024-11-13,2025-01-02,200,12.780000,11.560000,-244.000000,-0.095462,50
603813.XSHG,2024-12-04,2025-01-02,1100,12.220000,11.560000,-726.000000,-0.054010,29
603813.XSHG,2024-12-12,2025-01-02,300,13.430000,11.560000,-561.000000,-0.139241,21
603813.XSHG,2024-12-25,2025-01-02,400,12.020000,11.560000,-184.000000,-0.038270,8
001211.XSHE,2024-11-18,2025-01-02,1800,18.490000,19.250000,1368.000000,0.041103,45
001211.XSHE,2024-11-21,2025-01-02,2100,19.090000,19.250000,336.000000,0.008381,42
001211.XSHE,2024-11-26,2025-01-02,100,19.040000,19.250000,21.000000,0.011029,37
001211.XSHE,2024-12-30,2025-01-02,100,21.060000,19.250000,-181.000000,-0.085945,3
300854.XSHE,2024-11-29,2025-01-02,2600,13.680000,12.200000,-3848.000000,-0.108187,34
300854.XSHE,2024-12-04,2025-01-02,3600,14.110000,12.200000,-6876.000000,-0.135365,29
300854.XSHE,2024-12-09,2025-01-02,3900,14.070000,12.200000,-7293.000000,-0.132907,24
300854.XSHE,2024-12-20,2025-01-02,200,13.740000,12.200000,-308.000000,-0.112082,13
301273.XSHE,2024-12-09,2025-01-02,500,19.960000,18.290000,-835.000000,-0.083667,24
301273.XSHE,2024-12-12,2025-01-02,3900,20.730000,18.290000,-9516.000000,-0.117704,21
301273.XSHE,2024-12-17,2025-01-02,2500,20.650000,18.290000,-5900.000000,-0.114286,16
301273.XSHE,2024-12-20,2025-01-02,2900,18.550000,18.290000,-754.000000,-0.014016,13
301336.XSHE,2024-12-12,2025-01-02,900,37.580000,52.970000,13851.000000,0.409526,21
605081.XSHG,2024-12-17,2025-01-02,3800,13.290000,10.460000,-10754.000000,-0.212942,16
605081.XSHG,2024-12-20,2025-01-02,4000,11.960000,10.460000,-6000.000000,-0.125418,13
605081.XSHG,2024-12-25,2025-01-02,4300,10.720000,10.460000,-1118.000000,-0.024254,8
605081.XSHG,2024-12-30,2025-01-02,3800,10.980000,10.460000,-1976.000000,-0.047359,3
000691.XSHE,2024-12-20,2025-01-02,10900,4.310000,3.430000,-9592.000000,-0.204176,13
000691.XSHE,2024-12-25,2025-01-02,11800,3.800000,3.430000,-4366.000000,-0.097368,8
000691.XSHE,2024-12-30,2025-01-02,13700,3.610000,3.430000,-2466.000000,-0.049861,3
605303.XSHG,2024-12-20,2025-01-02,5300,8.790000,7.580000,-6413.000000,-0.137656,13
605303.XSHG,2024-12-25,2025-01-02,5800,7.770000,7.580000,-1102.000000,-0.024453,8
605303.XSHG,2024-12-30,2025-01-02,5800,7.750000,7.580000,-986.000000,-0.021935,3
002856.XSHE,2024-12-30,2025-01-02,4400,9.440000,9.350000,-396.000000,-0.009534,3
511880.XSHG,2025-01-02,2025-02-05,20900,100.081000,100.182000,2110.900000,0.001009,34
600421.XSHG,2025-02-06,2025-02-11,600,5.980000,6.670000,414.000000,0.115385,5
300478.XSHE,2025-02-06,2025-02-12,600,9.610000,11.480000,1122.000000,0.194589,6
603813.XSHG,2025-02-06,2025-02-18,400,9.420000,10.790000,548.000000,0.145435,12
002848.XSHE,2025-02-06,2025-02-18,1500,6.140000,7.350000,1815.000000,0.197068,12
600421.XSHG,2025-02-06,2025-02-18,2600,5.980000,8.300000,6032.000000,0.387960,12
300478.XSHE,2025-02-06,2025-02-18,1100,9.610000,15.740000,6743.000000,0.637877,12
600421.XSHG,2025-02-06,2025-02-19,800,5.980000,9.080000,2480.000000,0.518395,13
603813.XSHG,2025-02-06,2025-02-20,1400,9.420000,11.860000,3416.000000,0.259023,14
603316.XSHG,2025-02-19,2025-02-20,400,4.900000,5.320000,168.000000,0.085714,1
002620.XSHE,2025-02-06,2025-02-24,300,3.120000,3.480000,108.000000,0.115385,18
603316.XSHG,2025-02-19,2025-02-24,100,4.900000,5.330000,43.000000,0.087755,5
000668.XSHE,2025-02-06,2025-02-27,200,6.040000,5.970000,-14.000000,-0.011589,21
603813.XSHG,2025-02-06,2025-02-27,2600,9.420000,13.040000,9412.000000,0.384289,21
603813.XSHG,2025-02-11,2025-02-27,1600,10.340000,13.040000,4320.000000,0.261122,16
600421.XSHG,2025-02-06,2025-02-27,3000,5.980000,7.210000,3690.000000,0.205686,21
600421.XSHG,2025-02-14,2025-02-27,2400,6.330000,7.210000,2112.000000,0.139021,13
000929.XSHE,2025-02-06,2025-02-27,300,6.200000,6.860000,198.000000,0.106452,21
002620.XSHE,2025-02-06,2025-02-27,13100,3.120000,3.710000,7729.000000,0.189103,21
300478.XSHE,2025-02-06,2025-02-27,2600,9.610000,14.320000,12246.000000,0.490114,21
300478.XSHE,2025-02-14,2025-02-27,200,10.600000,14.320000,744.000000,0.350943,13
300478.XSHE,2025-02-19,2025-02-27,100,14.830000,14.320000,-51.000000,-0.034390,8
603316.XSHG,2025-02-19,2025-02-28,1300,4.900000,6.480000,2054.000000,0.322449,9
603813.XSHG,2025-02-11,2025-03-03,1200,10.340000,14.080000,4488.000000,0.361702,20
000691.XSHE,2025-02-06,2025-03-04,100,3.020000,3.130000,11.000000,0.036424,26
603813.XSHG,2025-02-11,2025-03-04,1000,10.340000,14.130000,3790.000000,0.366538,21
603813.XSHG,2025-02-14,2025-03-04,2200,9.950000,14.130000,9196.000000,0.420101,18
002848.XSHE,2025-02-06,2025-03-04,1100,6.140000,7.050000,1001.000000,0.148208,26
002620.XSHE,2025-02-11,2025-03-04,11600,3.390000,3.610000,2552.000000,0.064897,21
002620.XSHE,2025-02-14,2025-03-04,500,3.280000,3.610000,165.000000,0.100610,18
002620.XSHE,2025-02-19,2025-03-04,100,3.380000,3.610000,23.000000,0.068047,13
600768.XSHG,2025-02-11,2025-03-04,100,9.480000,9.440000,-4.000000,-0.004219,21
000691.XSHE,2025-02-06,2025-03-07,500,3.020000,3.180000,80.000000,0.052980,29
603813.XSHG,2025-02-14,2025-03-07,2200,9.950000,13.990000,8888.000000,0.406030,21
603813.XSHG,2025-02-19,2025-03-07,900,10.530000,13.990000,3114.000000,0.328585,16
600421.XSHG,2025-02-14,2025-03-07,4400,6.330000,6.840000,2244.000000,0.080569,21
600421.XSHG,2025-02-24,2025-03-07,1900,7.480000,6.840000,-1216.000000,-0.085561,11
600421.XSHG,2025-03-04,2025-03-07,200,6.800000,6.840000,8.000000,0.005882,3
300929.XSHE,2025-02-06,2025-03-07,700,8.880000,9.240000,252.000000,0.040541,29
002856.XSHE,2025-02-11,2025-03-07,600,9.450000,9.150000,-180.000000,-0.031746,24
600768.XSHG,2025-02-11,2025-03-07,600,9.480000,9.770000,174.000000,0.030591,24
000668.XSHE,2025-02-06,2025-03-11,500,6.040000,5.910000,-65.000000,-0.021523,33
605081.XSHG,2025-02-06,2025-03-11,500,8.930000,10.230000,650.000000,0.145577,33
000929.XSHE,2025-02-06,2025-03-11,3500,6.200000,7.410000,4235.000000,0.195161,33
603813.XSHG,2025-02-19,2025-03-12,3300,10.530000,15.390000,16038.000000,0.461538,21
000929.XSHE,2025-02-06,2025-03-12,2900,6.200000,7.280000,3132.000000,0.174194,34
000929.XSHE,2025-02-11,2025-03-12,2600,6.650000,7.280000,1638.000000,0.094737,29
603316.XSHG,2025-02-19,2025-03-12,7000,4.900000,6.450000,10850.000000,0.316327,21
603316.XSHG,2025-03-04,2025-03-12,600,5.810000,6.450000,384.000000,0.110155,8
002848.XSHE,2025-02-06,2025-03-17,1200,6.140000,7.080000,1128.000000,0.153094,39
605081.XSHG,2025-02-06,2025-03-17,500,8.930000,10.610000,840.000000,0.188130,39
000929.XSHE,2025-02-11,2025-03-17,3400,6.650000,7.400000,2550.000000,0.112782,34
000929.XSHE,2025-02-14,2025-03-17,3200,6.510000,7.400000,2848.000000,0.136713,31
300929.XSHE,2025-02-06,2025-03-17,300,8.880000,9.560000,204.000000,0.076577,39
002856.XSHE,2025-02-11,2025-03-17,500,9.450000,9.600000,75.000000,0.015873,34
600768.XSHG,2025-02-11,2025-03-17,100,9.480000,9.880000,40.000000,0.042194,34
600753.XSHG,2025-02-24,2025-03-17,7400,5.330000,5.750000,3108.000000,0.078799,21
603813.XSHG,2025-02-24,2025-03-17,3100,12.120000,15.610000,10819.000000,0.287954,21
000668.XSHE,2025-02-06,2025-03-20,200,6.040000,5.940000,-20.000000,-0.016556,42
000691.XSHE,2025-02-06,2025-03-20,500,3.020000,3.060000,20.000000,0.013245,42
000929.XSHE,2025-02-14,2025-03-20,3400,6.510000,7.280000,2618.000000,0.118280,34
000929.XSHE,2025-02-19,2025-03-20,2500,6.570000,7.280000,1775.000000,0.108067,29
600768.XSHG,2025-02-11,2025-03-25,300,9.480000,9.410000,-21.000000,-0.007384,42
605081.XSHG,2025-02-06,2025-03-25,3600,8.930000,11.230000,8280.000000,0.257559,47
605081.XSHG,2025-02-11,2025-03-25,2800,9.750000,11.230000,4144.000000,0.151795,42
600753.XSHG,2025-02-24,2025-03-27,800,5.330000,5.820000,392.000000,0.091932,31
600753.XSHG,2025-02-27,2025-03-27,1700,5.500000,5.820000,544.000000,0.058182,28
000691.XSHE,2025-02-06,2025-03-28,6100,3.020000,3.130000,671.000000,0.036424,50
000929.XSHE,2025-02-19,2025-03-28,4500,6.570000,6.960000,1755.000000,0.059361,37
000929.XSHE,2025-02-24,2025-03-28,2100,6.600000,6.960000,756.000000,0.054545,32
002856.XSHE,2025-02-11,2025-03-28,500,9.450000,9.080000,-185.000000,-0.039153,45
600753.XSHG,2025-02-27,2025-03-28,6500,5.500000,5.740000,1560.000000,0.043636,29
600753.XSHG,2025-03-04,2025-03-28,900,5.180000,5.740000,504.000000,0.108108,24
600421.XSHG,2025-03-20,2025-03-28,100,6.530000,7.410000,88.000000,0.134763,8
000668.XSHE,2025-02-06,2025-04-01,6000,6.040000,5.010000,-6180.000000,-0.170530,54
000668.XSHE,2025-02-11,2025-04-01,6400,6.390000,5.010000,-8832.000000,-0.215962,49
000668.XSHE,2025-02-14,2025-04-01,7900,5.930000,5.010000,-7268.000000,-0.155143,46
000668.XSHE,2025-02-19,2025-04-01,8600,5.800000,5.010000,-6794.000000,-0.136207,41
000668.XSHE,2025-02-24,2025-04-01,8200,5.770000,5.010000,-6232.000000,-0.131716,36
000668.XSHE,2025-03-04,2025-04-01,500,5.780000,5.010000,-385.000000,-0.133218,28
000668.XSHE,2025-03-07,2025-04-01,1000,5.670000,5.010000,-660.000000,-0.116402,25
000668.XSHE,2025-03-17,2025-04-01,100,5.850000,5.010000,-84.000000,-0.143590,15
000668.XSHE,2025-03-17,2025-04-01,900,5.850000,5.010000,-756.000000,-0.143590,15
000668.XSHE,2025-03-28,2025-04-01,3100,5.190000,5.010000,-558.000000,-0.034682,4
000691.XSHE,2025-02-06,2025-04-01,6600,3.020000,2.860000,-1056.000000,-0.052980,54
000691.XSHE,2025-02-11,2025-04-01,12700,3.210000,2.860000,-4445.000000,-0.109034,49
000691.XSHE,2025-02-14,2025-04-01,14500,3.070000,2.860000,-3045.000000,-0.068404,46
000691.XSHE,2025-02-19,2025-04-01,12700,3.220000,2.860000,-4572.000000,-0.111801,41
000691.XSHE,2025-02-24,2025-04-01,16900,3.110000,2.860000,-4225.000000,-0.080386,36
000691.XSHE,2025-02-27,2025-04-01,300,3.180000,2.860000,-96.000000,-0.100629,33
000691.XSHE,2025-03-12,2025-04-01,2400,3.180000,2.860000,-768.000000,-0.100629,20
000691.XSHE,2025-03-17,2025-04-01,100,2.950000,2.860000,-9.000000,-0.030508,15
000691.XSHE,2025-03-17,2025-04-01,4600,2.950000,2.860000,-414.000000,-0.030508,15
000691.XSHE,2025-03-25,2025-04-01,100,2.810000,2.860000,5.000000,0.017794,7
002848.XSHE,2025-02-06,2025-04-01,3000,6.140000,5.690000,-1350.000000,-0.073290,54
002848.XSHE,2025-02-11,2025-04-01,5400,6.920000,5.690000,-6642.000000,-0.177746,49
002848.XSHE,2025-02-14,2025-04-01,7200,6.470000,5.690000,-5616.000000,-0.120556,46
002848.XSHE,2025-02-19,2025-04-01,6100,7.210000,5.690000,-9272.000000,-0.210818,41
002848.XSHE,2025-02-24,2025-04-01,8500,6.760000,5.690000,-9095.000000,-0.158284,36
002848.XSHE,2025-02-27,2025-04-01,100,6.920000,5.690000,-123.000000,-0.177746,33
002848.XSHE,2025-03-07,2025-04-01,1400,6.780000,5.690000,-1526.000000,-0.160767,25
002848.XSHE,2025-03-12,2025-04-01,1200,6.770000,5.690000,-1296.000000,-0.159527,20
002848.XSHE,2025-03-20,2025-04-01,1200,6.880000,5.690000,-1428.000000,-0.172965,12
002848.XSHE,2025-03-28,2025-04-01,3300,5.930000,5.690000,-792.000000,-0.040472,4
000929.XSHE,2025-02-24,2025-04-01,4800,6.600000,6.710000,528.000000,0.016667,36
000929.XSHE,2025-03-04,2025-04-01,200,6.680000,6.710000,6.000000,0.004491,28
000929.XSHE,2025-03-07,2025-04-01,1400,6.460000,6.710000,350.000000,0.038700,25
300929.XSHE,2025-02-06,2025-04-01,3700,8.880000,8.410000,-1739.000000,-0.052928,54
300929.XSHE,2025-02-11,2025-04-01,4500,9.200000,8.410000,-3555.000000,-0.085870,49
300929.XSHE,2025-02-14,2025-04-01,4900,8.920000,8.410000,-2499.000000,-0.057175,46
300929.XSHE,2025-02-19,2025-04-01,5200,8.930000,8.410000,-2704.000000,-0.058231,41
300929.XSHE,2025-02-24,2025-04-01,4900,9.050000,8.410000,-3136.000000,-0.070718,36
300929.XSHE,2025-02-27,2025-04-01,300,9.180000,8.410000,-231.000000,-0.083878,33
300929.XSHE,2025-03-04,2025-04-01,400,8.880000,8.410000,-188.000000,-0.052928,28
300929.XSHE,2025-03-12,2025-04-01,500,9.340000,8.410000,-465.000000,-0.099572,20
300929.XSHE,2025-03-20,2025-04-01,300,9.490000,8.410000,-324.000000,-0.113804,12
300929.XSHE,2025-03-28,2025-04-01,600,8.770000,8.410000,-216.000000,-0.041049,4
002856.XSHE,2025-02-11,2025-04-01,2900,9.450000,8.520000,-2697.000000,-0.098413,49
002856.XSHE,2025-02-14,2025-04-01,4800,8.930000,8.520000,-1968.000000,-0.045913,46
002856.XSHE,2025-02-19,2025-04-01,5000,9.050000,8.520000,-2650.000000,-0.058564,41
002856.XSHE,2025-02-24,2025-04-01,5200,9.000000,8.520000,-2496.000000,-0.053333,36
002856.XSHE,2025-02-27,2025-04-01,5500,8.990000,8.520000,-2585.000000,-0.052280,33
002856.XSHE,2025-03-04,2025-04-01,100,8.810000,8.520000,-29.000000,-0.032917,28
002856.XSHE,2025-03-12,2025-04-01,300,9.290000,8.520000,-231.000000,-0.082885,20
002856.XSHE,2025-03-20,2025-04-01,600,9.440000,8.520000,-552.000000,-0.097458,12
002856.XSHE,2025-03-27,2025-04-01,100,8.870000,8.520000,-35.000000,-0.039459,5
600768.XSHG,2025-02-11,2025-04-01,3300,9.480000,9.080000,-1320.000000,-0.042194,49
600768.XSHG,2025-02-14,2025-04-01,4600,9.250000,9.080000,-782.000000,-0.018378,46
600768.XSHG,2025-02-19,2025-04-01,5100,9.190000,9.080000,-561.000000,-0.011970,41
600768.XSHG,2025-02-24,2025-04-01,4200,9.570000,9.080000,-2058.000000,-0.051202,36
600768.XSHG,2025-02-27,2025-04-01,5300,9.540000,9.080000,-2438.000000,-0.048218,33
600768.XSHG,2025-03-12,2025-04-01,800,9.750000,9.080000,-536.000000,-0.068718,20
600768.XSHG,2025-03-28,2025-04-01,100,9.460000,9.080000,-38.000000,-0.040169,4
600753.XSHG,2025-03-04,2025-04-01,8300,5.180000,5.200000,166.000000,0.003861,28
600753.XSHG,2025-03-07,2025-04-01,6700,5.520000,5.200000,-2144.000000,-0.057971,25
600753.XSHG,2025-03-12,2025-04-01,7500,5.800000,5.200000,-4500.000000,-0.103448,20
600753.XSHG,2025-03-20,2025-04-01,200,5.760000,5.200000,-112.000000,-0.097222,12
600753.XSHG,2025-03-25,2025-04-01,500,5.240000,5.200000,-20.000000,-0.007634,7
300736.XSHE,2025-02-27,2025-04-01,3100,10.260000,8.590000,-5177.000000,-0.162768,33
300736.XSHE,2025-03-04,2025-04-01,6000,9.680000,8.590000,-6540.000000,-0.112603,28
300736.XSHE,2025-03-07,2025-04-01,4400,9.910000,8.590000,-5808.000000,-0.133199,25
300736.XSHE,2025-03-12,2025-04-01,5400,9.740000,8.590000,-6210.000000,-0.118070,20
300736.XSHE,2025-03-17,2025-04-01,4900,9.770000,8.590000,-5782.000000,-0.120778,15
300736.XSHE,2025-03-28,2025-04-01,1100,8.910000,8.590000,-352.000000,-0.035915,4
600243.XSHG,2025-03-12,2025-04-01,15400,2.990000,2.610000,-5852.000000,-0.127090,20
600243.XSHG,2025-03-17,2025-04-01,15800,2.980000,2.610000,-5846.000000,-0.124161,15
600243.XSHG,2025-03-28,2025-04-01,15800,2.830000,2.610000,-3476.000000,-0.077739,4
600421.XSHG,2025-03-20,2025-04-01,11500,6.530000,6.700000,1955.000000,0.026034,12
600421.XSHG,2025-03-25,2025-04-01,200,7.370000,6.700000,-134.000000,-0.090909,7
300665.XSHE,2025-03-28,2025-04-01,12800,6.760000,6.490000,-3456.000000,-0.039941,4
511880.XSHG,2025-04-01,2025-05-06,19100,100.383000,100.486000,1967.300000,0.001026,35
605081.XSHG,2025-02-11,2025-05-07,1300,9.750000,11.360000,2093.000000,0.165128,85
605081.XSHG,2025-02-14,2025-05-07,4300,9.610000,11.360000,7525.000000,0.182102,82
605081.XSHG,2025-02-19,2025-05-07,4800,9.700000,11.360000,7968.000000,0.171134,77
605081.XSHG,2025-02-24,2025-05-07,3800,10.140000,11.360000,4636.000000,0.120316,72
605081.XSHG,2025-02-27,2025-05-07,700,10.080000,11.360000,896.000000,0.126984,69
605081.XSHG,2025-03-04,2025-05-07,500,9.690000,11.360000,835.000000,0.172343,64
605081.XSHG,2025-03-07,2025-05-07,200,9.670000,11.360000,338.000000,0.174767,61
605081.XSHG,2025-03-28,2025-05-07,1200,10.540000,11.360000,984.000000,0.077799,40
603616.XSHG,2025-05-07,2025-05-12,300,3.650000,3.800000,45.000000,0.041096,5
300405.XSHE,2025-05-07,2025-05-15,200,5.060000,5.220000,32.000000,0.031621,8
603616.XSHG,2025-05-07,2025-05-20,300,3.650000,3.960000,93.000000,0.084932,13
603616.XSHG,2025-05-07,2025-05-23,500,3.650000,4.000000,175.000000,0.095890,16
300929.XSHE,2025-05-07,2025-05-28,100,9.480000,9.800000,32.000000,0.033755,21
301372.XSHE,2025-05-07,2025-05-28,100,20.150000,21.000000,85.000000,0.042184,21
300948.XSHE,2025-05-07,2025-05-28,100,9.940000,10.190000,25.000000,0.025151,21
603616.XSHG,2025-05-07,2025-05-28,10400,3.650000,3.990000,3536.000000,0.093151,21
603616.XSHG,2025-05-15,2025-05-28,100,3.800000,3.990000,19.000000,0.050000,13
300929.XSHE,2025-05-07,2025-06-03,300,9.480000,9.900000,126.000000,0.044304,27
301372.XSHE,2025-05-07,2025-06-03,2000,20.150000,22.000000,3700.000000,0.091811,27
301372.XSHE,2025-05-12,2025-06-03,500,20.390000,22.000000,805.000000,0.078960,22
603616.XSHG,2025-05-15,2025-06-03,200,3.800000,4.050000,50.000000,0.065789,19
300736.XSHE,2025-05-07,2025-06-06,400,9.680000,10.210000,212.000000,0.054752,30
603616.XSHG,2025-05-15,2025-06-06,10600,3.800000,4.090000,3074.000000,0.076316,22
600768.XSHG,2025-05-07,2025-06-06,100,10.600000,10.730000,13.000000,0.012264,30
301372.XSHE,2025-05-12,2025-06-11,100,20.390000,23.180000,279.000000,0.136832,30
300405.XSHE,2025-05-07,2025-06-11,500,5.060000,5.380000,160.000000,0.063241,35
002193.XSHE,2025-05-07,2025-06-11,200,5.500000,5.900000,80.000000,0.072727,35
603729.XSHG,2025-05-12,2025-06-11,100,15.600000,16.900000,130.000000,0.083333,30
300649.XSHE,2025-06-03,2025-06-11,100,11.550000,12.570000,102.000000,0.088312,8
300948.XSHE,2025-05-07,2025-06-16,200,9.940000,10.300000,72.000000,0.036217,40
600768.XSHG,2025-05-07,2025-06-16,300,10.600000,10.870000,81.000000,0.025472,40
300635.XSHE,2025-05-07,2025-06-16,4100,10.200000,10.900000,2870.000000,0.068627,40
300635.XSHE,2025-05-12,2025-06-16,400,10.050000,10.900000,340.000000,0.084577,35
301372.XSHE,2025-05-12,2025-06-19,1400,20.390000,22.480000,2926.000000,0.102501,38
301372.XSHE,2025-05-15,2025-06-19,600,20.290000,22.480000,1314.000000,0.107935,35
300635.XSHE,2025-05-12,2025-06-19,3900,10.050000,11.240000,4641.000000,0.118408,38
300635.XSHE,2025-05-15,2025-06-19,500,9.880000,11.240000,680.000000,0.137652,35
300649.XSHE,2025-06-03,2025-06-19,300,11.550000,13.680000,639.000000,0.184416,16
300736.XSHE,2025-05-07,2025-06-24,300,9.680000,10.300000,186.000000,0.064050,48
300405.XSHE,2025-05-07,2025-06-24,800,5.060000,5.270000,168.000000,0.041502,48
002193.XSHE,2025-05-07,2025-06-24,500,5.500000,5.670000,85.000000,0.030909,48
300665.XSHE,2025-05-07,2025-06-24,100,7.630000,7.600000,-3.000000,-0.003932,48
300649.XSHE,2025-06-03,2025-06-24,3300,11.550000,12.830000,4224.000000,0.110823,21
300635.XSHE,2025-05-15,2025-06-26,3800,9.880000,12.310000,9234.000000,0.245951,42
300635.XSHE,2025-05-20,2025-06-26,500,10.250000,12.310000,1030.000000,0.200976,37
300405.XSHE,2025-05-07,2025-06-27,200,5.060000,5.530000,94.000000,0.092885,51
002193.XSHE,2025-05-07,2025-06-27,400,5.500000,5.980000,192.000000,0.087273,51
300635.XSHE,2025-05-20,2025-06-27,3600,10.250000,12.680000,8748.000000,0.237073,38
300635.XSHE,2025-05-23,2025-06-27,200,10.380000,12.680000,460.000000,0.221580,35
300635.XSHE,2025-05-23,2025-07-02,3500,10.380000,11.880000,5250.000000,0.144509,40
300635.XSHE,2025-06-03,2025-07-02,100,10.380000,11.880000,150.000000,0.144509,29
300635.XSHE,2025-06-11,2025-07-02,100,10.870000,11.880000,101.000000,0.092916,21
300405.XSHE,2025-05-07,2025-07-02,6600,5.060000,6.130000,7062.000000,0.211462,56
300405.XSHE,2025-05-12,2025-07-02,3100,5.160000,6.130000,3007.000000,0.187984,51
300665.XSHE,2025-05-07,2025-07-02,5400,7.630000,9.870000,12096.000000,0.293578,56
300665.XSHE,2025-05-12,2025-07-02,4100,7.590000,9.870000,9348.000000,0.300395,51
600847.XSHG,2025-06-19,2025-07-04,500,9.880000,12.500000,1310.000000,0.265182,15
300736.XSHE,2025-05-07,2025-07-07,200,9.680000,10.550000,174.000000,0.089876,61
300929.XSHE,2025-05-07,2025-07-07,500,9.480000,10.510000,515.000000,0.108650,61
301372.XSHE,2025-05-15,2025-07-07,100,20.290000,22.660000,237.000000,0.116806,53
300948.XSHE,2025-05-07,2025-07-07,200,9.940000,10.750000,162.000000,0.081489,61
600768.XSHG,2025-05-07,2025-07-07,500,10.600000,11.340000,370.000000,0.069811,61
002193.XSHE,2025-05-07,2025-07-07,100,5.500000,5.990000,49.000000,0.089091,61
300665.XSHE,2025-05-12,2025-07-07,1500,7.590000,9.000000,2115.000000,0.185771,56
300665.XSHE,2025-05-15,2025-07-07,2300,7.180000,9.000000,4186.000000,0.253482,53
603729.XSHG,2025-05-12,2025-07-07,300,15.600000,16.880000,384.000000,0.082051,56
300948.XSHE,2025-05-07,2025-07-10,500,9.940000,11.290000,675.000000,0.135815,64
600768.XSHG,2025-05-07,2025-07-10,200,10.600000,11.800000,240.000000,0.113208,64
300405.XSHE,2025-05-12,2025-07-10,300,5.160000,5.790000,189.000000,0.122093,59
300665.XSHE,2025-05-15,2025-07-10,4200,7.180000,8.950000,7434.000000,0.246518,56
300665.XSHE,2025-05-20,2025-07-10,700,7.690000,8.950000,882.000000,0.163849,51
600847.XSHG,2025-06-19,2025-07-10,3900,9.880000,11.070000,4641.000000,0.120445,21
600847.XSHG,2025-07-07,2025-07-10,300,11.220000,11.070000,-45.000000,-0.013369,3
600768.XSHG,2025-05-07,2025-07-15,300,10.600000,11.990000,417.000000,0.131132,69
300405.XSHE,2025-05-12,2025-07-15,4700,5.160000,5.900000,3478.000000,0.143411,64
300405.XSHE,2025-05-20,2025-07-15,4100,5.280000,5.900000,2542.000000,0.117424,56
300665.XSHE,2025-05-20,2025-07-15,4100,7.690000,9.260000,6437.000000,0.204161,56
300665.XSHE,2025-05-23,2025-07-15,1500,7.430000,9.260000,2745.000000,0.246299,53
000890.XSHE,2025-07-15,2025-07-17,800,3.930000,4.220000,232.000000,0.073791,2
300736.XSHE,2025-05-07,2025-07-18,100,9.680000,10.780000,110.000000,0.113636,72
002193.XSHE,2025-05-07,2025-07-18,100,5.500000,6.200000,70.000000,0.127273,72
300665.XSHE,2025-05-23,2025-07-18,4700,7.430000,9.170000,8178.000000,0.234186,56
300665.XSHE,2025-05-28,2025-07-18,200,7.460000,9.170000,342.000000,0.229223,51
300665.XSHE,2025-06-03,2025-07-18,300,7.360000,9.170000,543.000000,0.245924,45
300665.XSHE,2025-06-11,2025-07-18,100,7.690000,9.170000,148.000000,0.192458,37
002719.XSHE,2025-06-16,2025-07-18,800,8.670000,9.430000,608.000000,0.087659,32
600671.XSHG,2025-07-07,2025-07-18,100,13.520000,14.050000,53.000000,0.039201,11
300948.XSHE,2025-05-07,2025-07-23,700,9.940000,11.790000,1295.000000,0.186117,77
600768.XSHG,2025-05-07,2025-07-23,100,10.600000,12.500000,190.000000,0.179245,77
300405.XSHE,2025-05-20,2025-07-23,4100,5.280000,7.240000,8036.000000,0.371212,64
300405.XSHE,2025-05-23,2025-07-23,100,5.150000,7.240000,209.000000,0.405825,61
600671.XSHG,2025-07-07,2025-07-23,3200,13.520000,13.960000,1408.000000,0.032544,16
300736.XSHE,2025-05-07,2025-07-28,700,9.680000,11.350000,1169.000000,0.172521,82
300929.XSHE,2025-05-07,2025-07-28,400,9.480000,11.230000,700.000000,0.184599,82
600768.XSHG,2025-05-07,2025-07-28,2400,10.600000,12.910000,5544.000000,0.217925,82
600768.XSHG,2025-05-12,2025-07-28,2000,10.690000,12.910000,4440.000000,0.207671,77
300405.XSHE,2025-05-23,2025-07-28,5700,5.150000,6.700000,8835.000000,0.300971,66
002193.XSHE,2025-05-07,2025-07-28,200,5.500000,6.420000,184.000000,0.167273,82
002719.XSHE,2025-06-16,2025-07-28,100,8.670000,9.490000,82.000000,0.094579,42
600671.XSHG,2025-07-10,2025-07-28,100,13.540000,14.220000,68.000000,0.050222,18
301372.XSHE,2025-05-15,2025-07-30,1400,20.290000,30.020000,13622.000000,0.479547,76
301372.XSHE,2025-05-20,2025-07-30,500,20.600000,30.020000,4710.000000,0.457282,71
301372.XSHE,2025-05-20,2025-07-31,1300,20.600000,28.290000,9997.000000,0.373301,72
300405.XSHE,2025-05-23,2025-07-31,2800,5.150000,6.370000,3416.000000,0.236893,69
300405.XSHE,2025-06-03,2025-07-31,600,5.100000,6.370000,762.000000,0.249020,58
300405.XSHE,2025-06-06,2025-07-31,3700,5.190000,6.370000,4366.000000,0.227360,55
600671.XSHG,2025-07-10,2025-07-31,3500,13.540000,14.150000,2135.000000,0.045052,21
600671.XSHG,2025-07-10,2025-08-04,200,13.540000,15.530000,398.000000,0.146972,25
600671.XSHG,2025-07-15,2025-08-04,100,13.780000,15.530000,175.000000,0.126996,20
300736.XSHE,2025-05-07,2025-08-05,200,9.680000,11.750000,414.000000,0.213843,90
300929.XSHE,2025-05-07,2025-08-05,300,9.480000,11.580000,630.000000,0.221519,90
301372.XSHE,2025-05-20,2025-08-05,300,20.600000,27.800000,2160.000000,0.349515,77
301372.XSHE,2025-05-23,2025-08-05,1400,20.460000,27.800000,10276.000000,0.358749,74
300948.XSHE,2025-05-07,2025-08-05,300,9.940000,11.840000,570.000000,0.191147,90
600671.XSHG,2025-07-15,2025-08-05,3400,13.780000,15.490000,5814.000000,0.124093,21
000890.XSHE,2025-07-15,2025-08-07,2700,3.930000,4.360000,1161.000000,0.109415,23
300736.XSHE,2025-05-07,2025-08-08,100,9.680000,11.960000,228.000000,0.235537,93
301372.XSHE,2025-05-23,2025-08-08,700,20.460000,26.880000,4494.000000,0.313783,77
301372.XSHE,2025-06-06,2025-08-08,100,22.060000,26.880000,482.000000,0.218495,63
301372.XSHE,2025-06-16,2025-08-08,100,22.100000,26.880000,478.000000,0.216290,53
301372.XSHE,2025-06-24,2025-08-08,100,21.910000,26.880000,497.000000,0.226837,45
301372.XSHE,2025-06-24,2025-08-08,200,21.910000,26.880000,994.000000,0.226837,45
301372.XSHE,2025-06-27,2025-08-08,500,22.500000,26.880000,2190.000000,0.194667,42
300405.XSHE,2025-06-06,2025-08-08,5100,5.190000,6.520000,6783.000000,0.256262,63
300405.XSHE,2025-06-16,2025-08-08,600,5.180000,6.520000,804.000000,0.258687,53
300405.XSHE,2025-06-19,2025-08-08,300,5.150000,6.520000,411.000000,0.266019,50
300405.XSHE,2025-07-07,2025-08-08,1900,5.570000,6.520000,1805.000000,0.170557,32
300405.XSHE,2025-07-18,2025-08-08,100,5.800000,6.520000,72.000000,0.124138,21
300405.XSHE,2025-07-18,2025-08-08,200,5.800000,6.520000,144.000000,0.124138,21
002719.XSHE,2025-06-16,2025-08-08,400,8.670000,9.800000,452.000000,0.130334,53
000890.XSHE,2025-07-15,2025-08-08,100,3.930000,4.380000,45.000000,0.114504,24
603709.XSHG,2025-07-23,2025-08-08,100,13.470000,14.490000,102.000000,0.075724,16
300736.XSHE,2025-05-07,2025-08-13,300,9.680000,12.360000,804.000000,0.276860,98
300929.XSHE,2025-05-07,2025-08-13,300,9.480000,12.100000,786.000000,0.276371,98
301372.XSHE,2025-06-27,2025-08-13,1400,22.500000,27.600000,7140.000000,0.226667,47
301372.XSHE,2025-07-02,2025-08-13,400,22.880000,27.600000,1888.000000,0.206294,42
301372.XSHE,2025-07-10,2025-08-13,200,23.730000,27.600000,774.000000,0.163085,34
002719.XSHE,2025-06-16,2025-08-13,300,8.670000,10.120000,435.000000,0.167243,58
001211.XSHE,2025-07-07,2025-08-13,2200,22.290000,25.240000,6490.000000,0.132346,37
603709.XSHG,2025-07-23,2025-08-13,3600,13.470000,15.560000,7524.000000,0.155160,21
603709.XSHG,2025-07-31,2025-08-13,100,13.530000,15.560000,203.000000,0.150037,13
301372.XSHE,2025-07-10,2025-08-18,1600,23.730000,26.940000,5136.000000,0.135272,39
301372.XSHE,2025-07-18,2025-08-18,100,23.500000,26.940000,344.000000,0.146383,31
301372.XSHE,2025-07-18,2025-08-18,100,23.500000,26.940000,344.000000,0.146383,31
301372.XSHE,2025-07-28,2025-08-18,200,23.940000,26.940000,600.000000,0.125313,21
603729.XSHG,2025-05-12,2025-08-18,200,15.600000,17.560000,392.000000,0.125641,98
001211.XSHE,2025-07-07,2025-08-18,2000,22.290000,24.290000,4000.000000,0.089726,42
001211.XSHE,2025-07-18,2025-08-18,200,23.090000,24.290000,240.000000,0.051971,31
000890.XSHE,2025-07-15,2025-08-18,8800,3.930000,4.270000,2992.000000,0.086514,34
000890.XSHE,2025-07-18,2025-08-18,700,3.960000,4.270000,217.000000,0.078283,31
000890.XSHE,2025-07-23,2025-08-18,100,4.050000,4.270000,22.000000,0.054321,26
000890.XSHE,2025-07-28,2025-08-18,3000,4.050000,4.270000,660.000000,0.054321,21
300163.XSHE,2025-07-28,2025-08-18,800,3.290000,3.280000,-8.000000,-0.003040,21
300736.XSHE,2025-05-07,2025-08-21,500,9.680000,12.800000,1560.000000,0.322314,106
300948.XSHE,2025-05-07,2025-08-21,300,9.940000,12.340000,720.000000,0.241449,106
002193.XSHE,2025-05-07,2025-08-21,100,5.500000,6.390000,89.000000,0.161818,106
001211.XSHE,2025-07-18,2025-08-21,1900,23.090000,25.230000,4066.000000,0.092681,34
001211.XSHE,2025-07-23,2025-08-21,200,23.170000,25.230000,412.000000,0.088908,29
000890.XSHE,2025-07-28,2025-08-21,9700,4.050000,4.330000,2716.000000,0.069136,24
000890.XSHE,2025-07-31,2025-08-21,2100,3.970000,4.330000,756.000000,0.090680,21
300854.XSHE,2025-08-05,2025-08-21,900,16.790000,18.990000,1980.000000,0.131030,16
002719.XSHE,2025-06-16,2025-08-26,300,8.670000,10.070000,420.000000,0.161476,71
300163.XSHE,2025-07-28,2025-08-26,400,3.290000,3.430000,56.000000,0.042553,29
300854.XSHE,2025-08-05,2025-08-26,2100,16.790000,20.390000,7560.000000,0.214413,21
300854.XSHE,2025-08-08,2025-08-26,1400,17.450000,20.390000,4116.000000,0.168481,18
300736.XSHE,2025-05-07,2025-08-29,1000,9.680000,12.740000,3060.000000,0.316116,114
002719.XSHE,2025-06-16,2025-08-29,3100,8.670000,9.590000,2852.000000,0.106113,74
002719.XSHE,2025-06-19,2025-08-29,2000,8.710000,9.590000,1760.000000,0.101033,71
001211.XSHE,2025-07-31,2025-08-29,2100,23.880000,25.000000,2352.000000,0.046901,29
001211.XSHE,2025-08-08,2025-08-29,100,24.350000,25.000000,65.000000,0.026694,21
300163.XSHE,2025-07-28,2025-08-29,7200,3.290000,3.650000,2592.000000,0.109422,32
300854.XSHE,2025-08-08,2025-08-29,1700,17.450000,20.130000,4556.000000,0.153582,21
300854.XSHE,2025-08-13,2025-08-29,1100,17.420000,20.130000,2981.000000,0.155568,16
600768.XSHG,2025-05-12,2025-09-03,100,10.690000,12.420000,173.000000,0.161833,114
002193.XSHE,2025-05-07,2025-09-03,300,5.500000,5.910000,123.000000,0.074545,119
603729.XSHG,2025-05-12,2025-09-03,100,15.600000,17.180000,158.000000,0.101282,114
000890.XSHE,2025-07-31,2025-09-03,600,3.970000,4.060000,54.000000,0.022670,34
300163.XSHE,2025-07-28,2025-09-03,6500,3.290000,3.510000,1430.000000,0.066869,37
300163.XSHE,2025-07-31,2025-09-03,5500,3.360000,3.510000,825.000000,0.044643,34
300854.XSHE,2025-08-13,2025-09-03,2100,17.420000,20.820000,7140.000000,0.195178,21
300854.XSHE,2025-08-18,2025-09-03,600,16.680000,20.820000,2484.000000,0.248201,16
600847.XSHG,2025-08-13,2025-09-03,4500,11.830000,10.900000,-4185.000000,-0.078614,21
600847.XSHG,2025-08-18,2025-09-03,500,11.490000,10.900000,-295.000000,-0.051349,16
300736.XSHE,2025-05-07,2025-09-08,200,9.680000,12.910000,646.000000,0.333678,124
002193.XSHE,2025-05-07,2025-09-08,500,5.500000,6.000000,250.000000,0.090909,124
000890.XSHE,2025-07-31,2025-09-08,100,3.970000,4.100000,13.000000,0.032746,39
300854.XSHE,2025-08-18,2025-09-08,2600,16.680000,20.010000,8658.000000,0.199640,21
600847.XSHG,2025-08-18,2025-09-08,4000,11.490000,11.490000,0.000000,0.000000,21
600847.XSHG,2025-08-21,2025-09-08,1300,11.740000,11.490000,-325.000000,-0.021295,18
300948.XSHE,2025-05-07,2025-09-11,100,9.940000,11.500000,156.000000,0.156942,127
002719.XSHE,2025-06-19,2025-09-11,3100,8.710000,9.750000,3224.000000,0.119403,84
002719.XSHE,2025-06-24,2025-09-11,2500,8.690000,9.750000,2650.000000,0.121979,79
000890.XSHE,2025-07-31,2025-09-11,700,3.970000,4.290000,224.000000,0.080605,42
300163.XSHE,2025-07-31,2025-09-11,1100,3.360000,3.560000,220.000000,0.059524,42
600847.XSHG,2025-08-21,2025-09-11,3700,11.740000,11.590000,-555.000000,-0.012777,21
600847.XSHG,2025-08-26,2025-09-11,200,11.470000,11.590000,24.000000,0.010462,16
600847.XSHG,2025-08-29,2025-09-11,700,10.720000,11.590000,609.000000,0.081157,13
300736.XSHE,2025-05-07,2025-09-16,300,9.680000,14.070000,1317.000000,0.453512,132
300736.XSHE,2025-05-12,2025-09-16,4400,9.670000,14.070000,19360.000000,0.455016,127
300736.XSHE,2025-05-15,2025-09-16,1300,9.510000,14.070000,5928.000000,0.479495,124
000890.XSHE,2025-07-31,2025-09-16,10400,3.970000,4.120000,1560.000000,0.037783,47
000890.XSHE,2025-08-05,2025-09-16,400,4.000000,4.120000,48.000000,0.030000,42
000890.XSHE,2025-08-13,2025-09-16,500,4.390000,4.120000,-135.000000,-0.061503,34
000890.XSHE,2025-08-26,2025-09-16,200,4.190000,4.120000,-14.000000,-0.016706,21
000890.XSHE,2025-08-29,2025-09-16,500,3.950000,4.120000,85.000000,0.043038,18
300736.XSHE,2025-05-15,2025-09-19,3200,9.510000,14.540000,16096.000000,0.528917,127
300736.XSHE,2025-05-20,2025-09-19,1100,9.880000,14.540000,5126.000000,0.471660,122
000890.XSHE,2025-08-29,2025-09-19,13200,3.950000,4.380000,5676.000000,0.108861,21
300163.XSHE,2025-07-31,2025-09-19,2500,3.360000,3.640000,700.000000,0.083333,50
600847.XSHG,2025-08-29,2025-09-19,4700,10.720000,11.490000,3619.000000,0.071828,21
300594.XSHE,2025-08-29,2025-09-19,100,17.630000,17.950000,32.000000,0.018151,21
300736.XSHE,2025-05-20,2025-09-24,3100,9.880000,13.230000,10385.000000,0.339069,127
300736.XSHE,2025-05-23,2025-09-24,200,9.700000,13.230000,706.000000,0.363918,124
600768.XSHG,2025-05-12,2025-09-24,200,10.690000,11.770000,216.000000,0.101029,135
600455.XSHG,2025-08-21,2025-09-24,100,28.200000,25.850000,-235.000000,-0.083333,34
300594.XSHE,2025-08-29,2025-09-24,300,17.630000,17.560000,-21.000000,-0.003971,26
300736.XSHE,2025-05-23,2025-10-10,3500,9.700000,13.330000,12705.000000,0.374227,140
300948.XSHE,2025-05-07,2025-10-10,1800,9.940000,22.740000,23040.000000,1.287726,156
300948.XSHE,2025-05-12,2025-10-10,4200,10.080000,22.740000,53172.000000,1.255952,151
300948.XSHE,2025-05-15,2025-10-10,4500,9.760000,22.740000,58410.000000,1.329918,148
300948.XSHE,2025-05-20,2025-10-10,4100,10.130000,22.740000,51701.000000,1.244817,143
300948.XSHE,2025-05-23,2025-10-10,3900,9.960000,22.740000,49842.000000,1.283133,140
300929.XSHE,2025-05-07,2025-10-15,400,9.480000,11.010000,612.000000,0.161392,161
300948.XSHE,2025-05-23,2025-10-15,400,9.960000,19.000000,3616.000000,0.907631,145
300948.XSHE,2025-06-03,2025-10-15,100,10.050000,19.000000,895.000000,0.890547,134
300948.XSHE,2025-06-11,2025-10-15,200,10.400000,19.000000,1720.000000,0.826923,126
300948.XSHE,2025-06-11,2025-10-15,100,10.400000,19.000000,860.000000,0.826923,126
300948.XSHE,2025-06-19,2025-10-15,100,10.250000,19.000000,875.000000,0.853659,118
300948.XSHE,2025-06-27,2025-10-15,100,10.660000,19.000000,834.000000,0.782364,110
300948.XSHE,2025-07-02,2025-10-15,700,10.990000,19.000000,5607.000000,0.728844,105
300948.XSHE,2025-07-15,2025-10-15,300,11.150000,19.000000,2355.000000,0.704036,92
300948.XSHE,2025-07-18,2025-10-15,200,11.000000,19.000000,1600.000000,0.727273,89
300948.XSHE,2025-07-18,2025-10-20,100,11.000000,19.170000,817.000000,0.742727,94
300948.XSHE,2025-07-28,2025-10-20,700,11.480000,19.170000,5383.000000,0.669861,84
300948.XSHE,2025-07-31,2025-10-20,400,11.410000,19.170000,3104.000000,0.680105,81
300948.XSHE,2025-08-08,2025-10-20,200,11.800000,19.170000,1474.000000,0.624576,73
300948.XSHE,2025-08-18,2025-10-20,100,11.520000,19.170000,765.000000,0.664063,63
300948.XSHE,2025-08-26,2025-10-20,500,11.930000,19.170000,3620.000000,0.606873,55
300948.XSHE,2025-08-29,2025-10-20,600,11.230000,19.170000,4764.000000,0.707035,52
300948.XSHE,2025-09-03,2025-10-20,100,11.190000,19.170000,798.000000,0.713137,47
300948.XSHE,2025-09-08,2025-10-20,100,11.220000,19.170000,795.000000,0.708556,42
300948.XSHE,2025-09-16,2025-10-20,100,11.430000,19.170000,774.000000,0.677165,34
300948.XSHE,2025-09-19,2025-10-20,200,11.200000,19.170000,1594.000000,0.711607,31
002193.XSHE,2025-05-07,2025-10-20,4100,5.500000,5.290000,-861.000000,-0.038182,166
002719.XSHE,2025-06-24,2025-10-20,300,8.690000,9.770000,324.000000,0.124281,118
301098.XSHE,2025-09-03,2025-10-20,100,9.050000,9.090000,4.000000,0.004420,47
002193.XSHE,2025-05-07,2025-10-23,200,5.500000,5.530000,6.000000,0.005455,169
300163.XSHE,2025-07-31,2025-10-23,100,3.360000,3.650000,29.000000,0.086310,84
600455.XSHG,2025-08-21,2025-10-23,300,28.200000,27.750000,-135.000000,-0.015957,63
300594.XSHE,2025-08-29,2025-10-23,100,17.630000,18.360000,73.000000,0.041407,55
300385.XSHE,2025-10-15,2025-10-23,200,5.180000,5.440000,52.000000,0.050193,8
600847.XSHG,2025-10-15,2025-10-23,4900,11.240000,11.670000,2107.000000,0.038256,8
300736.XSHE,2025-05-23,2025-10-28,500,9.700000,14.010000,2155.000000,0.444330,158
600768.XSHG,2025-05-12,2025-10-28,100,10.690000,13.350000,266.000000,0.248831,169
300163.XSHE,2025-07-31,2025-10-28,6600,3.360000,4.170000,5346.000000,0.241071,89
300163.XSHE,2025-08-05,2025-10-28,16300,3.350000,4.170000,13366.000000,0.244776,84
300163.XSHE,2025-08-08,2025-10-28,500,3.380000,4.170000,395.000000,0.233728,81
600847.XSHG,2025-10-15,2025-10-28,100,11.240000,12.090000,85.000000,0.075623,13
300163.XSHE,2025-08-08,2025-10-29,7100,3.380000,4.700000,9372.000000,0.390533,82
300736.XSHE,2025-05-23,2025-10-31,200,9.700000,14.070000,874.000000,0.450515,161
300163.XSHE,2025-08-08,2025-10-31,8400,3.380000,4.800000,11928.000000,0.420118,84
300163.XSHE,2025-08-13,2025-10-31,5500,3.380000,4.800000,7810.000000,0.420118,79
600847.XSHG,2025-10-15,2025-10-31,100,11.240000,12.350000,111.000000,0.098754,16
603729.XSHG,2025-05-12,2025-11-05,700,15.600000,17.910000,1617.000000,0.148077,177
300163.XSHE,2025-08-13,2025-11-05,11700,3.380000,4.770000,16263.000000,0.411243,84
301098.XSHE,2025-09-03,2025-11-05,300,9.050000,9.390000,102.000000,0.037569,63
300385.XSHE,2025-10-15,2025-11-05,100,5.180000,5.690000,51.000000,0.098456,21
600847.XSHG,2025-10-15,2025-11-05,3700,11.240000,12.520000,4736.000000,0.113879,21
600847.XSHG,2025-10-20,2025-11-05,1300,11.360000,12.520000,1508.000000,0.102113,16
300736.XSHE,2025-05-23,2025-11-10,100,9.700000,16.100000,640.000000,0.659794,171
300736.XSHE,2025-06-03,2025-11-10,100,9.710000,16.100000,639.000000,0.658084,160
300736.XSHE,2025-06-11,2025-11-10,100,10.300000,16.100000,580.000000,0.563107,152
300736.XSHE,2025-06-11,2025-11-10,100,10.300000,16.100000,580.000000,0.563107,152
300736.XSHE,2025-06-27,2025-11-10,200,10.580000,16.100000,1104.000000,0.521739,136
300736.XSHE,2025-07-02,2025-11-10,1000,10.780000,16.100000,5320.000000,0.493506,131
300736.XSHE,2025-07-10,2025-11-10,200,10.690000,16.100000,1082.000000,0.506080,123
300736.XSHE,2025-07-15,2025-11-10,100,10.710000,16.100000,539.000000,0.503268,118
300736.XSHE,2025-07-23,2025-11-10,500,10.870000,16.100000,2615.000000,0.481141,110
300736.XSHE,2025-07-31,2025-11-10,100,11.420000,16.100000,468.000000,0.409807,102
300736.XSHE,2025-08-26,2025-11-10,100,12.500000,16.100000,360.000000,0.288000,76
300736.XSHE,2025-08-26,2025-11-10,100,12.500000,16.100000,360.000000,0.288000,76
300736.XSHE,2025-09-03,2025-11-10,100,12.660000,16.100000,344.000000,0.271722,68
300736.XSHE,2025-09-11,2025-11-10,200,12.550000,16.100000,710.000000,0.282869,60
300736.XSHE,2025-09-11,2025-11-10,600,12.550000,16.100000,2130.000000,0.282869,60
300736.XSHE,2025-10-15,2025-11-10,1800,12.890000,16.100000,5778.000000,0.249030,26
300929.XSHE,2025-05-07,2025-11-10,300,9.480000,12.020000,762.000000,0.267932,187
300163.XSHE,2025-08-13,2025-11-10,200,3.380000,4.980000,320.000000,0.473373,89
300163.XSHE,2025-08-21,2025-11-10,200,3.440000,4.980000,308.000000,0.447674,81
300163.XSHE,2025-09-08,2025-11-10,900,3.430000,4.980000,1395.000000,0.451895,63
300163.XSHE,2025-09-08,2025-11-10,600,3.430000,4.980000,930.000000,0.451895,63
300163.XSHE,2025-09-16,2025-11-10,600,3.530000,4.980000,870.000000,0.410765,55
300163.XSHE,2025-09-24,2025-11-10,10800,3.360000,4.980000,17496.000000,0.482143,47
300594.XSHE,2025-08-29,2025-11-10,300,17.630000,19.630000,600.000000,0.113443,73
300385.XSHE,2025-10-15,2025-11-10,100,5.180000,6.000000,82.000000,0.158301,26
300736.XSHE,2025-10-15,2025-11-13,2800,12.890000,18.460000,15596.000000,0.432118,29
300736.XSHE,2025-10-20,2025-11-13,2300,13.000000,18.460000,12558.000000,0.420000,24
002193.XSHE,2025-05-07,2025-11-13,500,5.500000,6.160000,330.000000,0.120000,190
002719.XSHE,2025-06-24,2025-11-13,700,8.690000,10.180000,1043.000000,0.171461,142
300163.XSHE,2025-09-24,2025-11-13,700,3.360000,4.840000,1036.000000,0.440476,50
300163.XSHE,2025-09-24,2025-11-13,2300,3.360000,4.840000,3404.000000,0.440476,50
300163.XSHE,2025-10-15,2025-11-13,9000,3.550000,4.840000,11610.000000,0.363380,29
300163.XSHE,2025-10-20,2025-11-13,1200,3.500000,4.840000,1608.000000,0.382857,24
300385.XSHE,2025-10-15,2025-11-13,400,5.180000,6.300000,448.000000,0.216216,29
300405.XSHE,2025-10-28,2025-11-13,700,6.360000,7.060000,490.000000,0.110063,16
300736.XSHE,2025-10-20,2025-11-18,2100,13.000000,18.910000,12411.000000,0.454615,29
300736.XSHE,2025-10-23,2025-11-18,1500,13.180000,18.910000,8595.000000,0.434750,26
002193.XSHE,2025-05-07,2025-11-18,400,5.500000,6.380000,352.000000,0.160000,195
002193.XSHE,2025-05-12,2025-11-18,300,5.580000,6.380000,240.000000,0.143369,190
300405.XSHE,2025-10-28,2025-11-18,8900,6.360000,7.900000,13706.000000,0.242138,21
300405.XSHE,2025-10-31,2025-11-18,1300,6.260000,7.900000,2132.000000,0.261981,18
300736.XSHE,2025-10-23,2025-11-21,100,13.180000,18.460000,528.000000,0.400607,29
002193.XSHE,2025-05-12,2025-11-21,300,5.580000,6.040000,138.000000,0.082437,193
603729.XSHG,2025-05-12,2025-11-21,300,15.600000,17.560000,588.000000,0.125641,193
301098.XSHE,2025-09-03,2025-11-21,100,9.050000,9.230000,18.000000,0.019890,79
300385.XSHE,2025-10-15,2025-11-21,10300,5.180000,6.320000,11742.000000,0.220077,37
300385.XSHE,2025-10-20,2025-11-21,200,5.100000,6.320000,244.000000,0.239216,32
300385.XSHE,2025-10-31,2025-11-21,100,5.410000,6.320000,91.000000,0.168207,21
300385.XSHE,2025-11-18,2025-11-21,200,6.250000,6.320000,14.000000,0.011200,3
300405.XSHE,2025-10-31,2025-11-21,8600,6.260000,7.010000,6450.000000,0.119808,21
002883.XSHE,2025-11-05,2025-11-21,500,11.680000,11.720000,20.000000,0.003425,16
300736.XSHE,2025-10-23,2025-11-26,3200,13.180000,19.500000,20224.000000,0.479514,34
300736.XSHE,2025-11-05,2025-11-26,200,14.220000,19.500000,1056.000000,0.371308,21
300736.XSHE,2025-11-05,2025-11-26,100,14.220000,19.500000,528.000000,0.371308,21
600768.XSHG,2025-05-12,2025-11-26,300,10.690000,13.130000,732.000000,0.228251,198
002193.XSHE,2025-05-12,2025-11-26,1400,5.580000,6.260000,952.000000,0.121864,198
603729.XSHG,2025-05-12,2025-11-26,200,15.600000,17.990000,478.000000,0.153205,198
002883.XSHE,2025-11-05,2025-11-26,4800,11.680000,11.650000,-144.000000,-0.002568,21
002883.XSHE,2025-11-10,2025-11-26,400,11.990000,11.650000,-136.000000,-0.028357,16
600768.XSHG,2025-05-12,2025-12-01,100,10.690000,13.330000,264.000000,0.246960,203
002719.XSHE,2025-06-24,2025-12-01,400,8.690000,9.690000,400.000000,0.115075,160
600455.XSHG,2025-08-21,2025-12-01,100,28.200000,27.510000,-69.000000,-0.024468,102
301098.XSHE,2025-09-03,2025-12-01,300,9.050000,9.330000,84.000000,0.030939,89
002883.XSHE,2025-11-10,2025-12-01,5200,11.990000,11.850000,-728.000000,-0.011676,21
002883.XSHE,2025-11-13,2025-12-01,300,12.080000,11.850000,-69.000000,-0.019040,18
600768.XSHG,2025-05-12,2025-12-04,1200,10.690000,13.800000,3732.000000,0.290926,206
600768.XSHG,2025-05-15,2025-12-04,100,10.310000,13.800000,349.000000,0.338506,203
301098.XSHE,2025-09-03,2025-12-04,600,9.050000,9.320000,162.000000,0.029834,92
300417.XSHE,2025-11-10,2025-12-04,4500,14.320000,13.700000,-2790.000000,-0.043296,24
300417.XSHE,2025-11-13,2025-12-04,700,14.070000,13.700000,-259.000000,-0.026297,21
002719.XSHE,2025-06-24,2025-12-09,300,8.690000,9.620000,279.000000,0.107020,168
301098.XSHE,2025-09-03,2025-12-09,400,9.050000,9.510000,184.000000,0.050829,97
300417.XSHE,2025-11-13,2025-12-09,4200,14.070000,14.240000,714.000000,0.012082,26
300417.XSHE,2025-11-18,2025-12-09,800,14.450000,14.240000,-168.000000,-0.014533,21
300929.XSHE,2025-05-07,2025-12-12,400,9.480000,10.910000,572.000000,0.150844,219
600768.XSHG,2025-05-15,2025-12-12,400,10.310000,13.050000,1096.000000,0.265761,211
300417.XSHE,2025-11-18,2025-12-12,3800,14.450000,13.940000,-1938.000000,-0.035294,24
300417.XSHE,2025-11-21,2025-12-12,1200,13.280000,13.940000,792.000000,0.049699,21
002719.XSHE,2025-06-24,2025-12-17,700,8.690000,8.600000,-63.000000,-0.010357,176
600455.XSHG,2025-08-21,2025-12-17,200,28.200000,24.870000,-666.000000,-0.118085,118
300594.XSHE,2025-08-29,2025-12-17,400,17.630000,16.450000,-472.000000,-0.066931,110
300417.XSHE,2025-11-21,2025-12-17,4000,13.280000,13.060000,-880.000000,-0.016566,26
300417.XSHE,2025-11-26,2025-12-17,200,13.420000,13.060000,-72.000000,-0.026826,21
002719.XSHE,2025-06-24,2025-12-22,200,8.690000,9.210000,104.000000,0.059839,181
300594.XSHE,2025-08-29,2025-12-22,500,17.630000,18.060000,215.000000,0.024390,115
300417.XSHE,2025-11-26,2025-12-22,4500,13.420000,13.720000,1350.000000,0.022355,26
600768.XSHG,2025-05-15,2025-12-25,3800,10.310000,13.350000,11552.000000,0.294859,224
600768.XSHG,2025-05-20,2025-12-25,800,10.900000,13.350000,1960.000000,0.224771,219
300594.XSHE,2025-08-29,2025-12-25,1200,17.630000,20.480000,3420.000000,0.161656,118
300594.XSHE,2025-09-03,2025-12-25,3000,17.670000,20.480000,8430.000000,0.159027,113
300594.XSHE,2025-09-08,2025-12-25,900,17.620000,20.480000,2574.000000,0.162316,108
301098.XSHE,2025-09-03,2025-12-25,100,9.050000,8.710000,-34.000000,-0.037569,113
600768.XSHG,2025-05-20,2025-12-30,2800,10.900000,13.470000,7196.000000,0.235780,224
600768.XSHG,2025-05-23,2025-12-30,2000,10.590000,13.470000,5760.000000,0.271955,221
300594.XSHE,2025-09-08,2025-12-30,2200,17.620000,19.920000,5060.000000,0.130533,113
300594.XSHE,2025-09-11,2025-12-30,600,18.030000,19.920000,1134.000000,0.104825,110
300854.XSHE,2025-11-21,2025-12-30,900,18.180000,17.490000,-621.000000,-0.037954,39
300929.XSHE,2025-05-07,2026-01-05,1400,9.480000,10.760000,1792.000000,0.135021,243
300929.XSHE,2025-05-12,2026-01-05,4300,9.650000,10.760000,4773.000000,0.115026,238
300929.XSHE,2025-05-15,2026-01-05,4700,9.430000,10.760000,6251.000000,0.141039,235
300929.XSHE,2025-05-20,2026-01-05,4100,9.800000,10.760000,3936.000000,0.097959,230
300929.XSHE,2025-05-23,2026-01-05,4600,9.620000,10.760000,5244.000000,0.118503,227
300929.XSHE,2025-06-11,2026-01-05,200,10.280000,10.760000,96.000000,0.046693,208
300929.XSHE,2025-06-19,2026-01-05,100,10.010000,10.760000,75.000000,0.074925,200
300929.XSHE,2025-06-24,2026-01-05,200,9.950000,10.760000,162.000000,0.081407,195
300929.XSHE,2025-06-27,2026-01-05,100,10.340000,10.760000,42.000000,0.040619,192
300929.XSHE,2025-07-02,2026-01-05,800,10.600000,10.760000,128.000000,0.015094,187
300929.XSHE,2025-07-18,2026-01-05,200,10.700000,10.760000,12.000000,0.005607,171
300929.XSHE,2025-07-23,2026-01-05,400,10.900000,10.760000,-56.000000,-0.012844,166
300929.XSHE,2025-07-31,2026-01-05,300,11.150000,10.760000,-117.000000,-0.034978,158
300929.XSHE,2025-08-18,2026-01-05,100,11.510000,10.760000,-75.000000,-0.065161,140
300929.XSHE,2025-08-21,2026-01-05,600,11.830000,10.760000,-642.000000,-0.090448,137
300929.XSHE,2025-08-26,2026-01-05,500,11.460000,10.760000,-350.000000,-0.061082,132
300929.XSHE,2025-08-29,2026-01-05,500,10.850000,10.760000,-45.000000,-0.008295,129
300929.XSHE,2025-09-03,2026-01-05,200,10.800000,10.760000,-8.000000,-0.003704,124
300929.XSHE,2025-09-19,2026-01-05,400,10.750000,10.760000,4.000000,0.000930,108
300929.XSHE,2025-10-10,2026-01-05,2000,10.680000,10.760000,160.000000,0.007491,87
300929.XSHE,2025-10-28,2026-01-05,600,11.240000,10.760000,-288.000000,-0.042705,69
300929.XSHE,2025-10-28,2026-01-05,400,11.240000,10.760000,-192.000000,-0.042705,69
300929.XSHE,2025-10-31,2026-01-05,200,11.040000,10.760000,-56.000000,-0.025362,66
300929.XSHE,2025-11-13,2026-01-05,100,12.080000,10.760000,-132.000000,-0.109272,53
300929.XSHE,2025-11-26,2026-01-05,500,11.540000,10.760000,-390.000000,-0.067591,40
300929.XSHE,2025-12-01,2026-01-05,100,11.650000,10.760000,-89.000000,-0.076395,35
300929.XSHE,2025-12-17,2026-01-05,500,10.390000,10.760000,185.000000,0.035611,19
300929.XSHE,2025-12-25,2026-01-05,100,10.870000,10.760000,-11.000000,-0.010120,11
300929.XSHE,2025-12-25,2026-01-05,300,10.870000,10.760000,-33.000000,-0.010120,11
300929.XSHE,2025-12-30,2026-01-05,300,10.750000,10.760000,3.000000,0.000930,6
600768.XSHG,2025-05-23,2026-01-05,2300,10.590000,14.000000,7843.000000,0.322002,227
600768.XSHG,2025-05-28,2026-01-05,400,10.490000,14.000000,1404.000000,0.334604,222
600768.XSHG,2025-06-03,2026-01-05,200,10.330000,14.000000,734.000000,0.355276,216
600768.XSHG,2025-06-19,2026-01-05,300,10.700000,14.000000,990.000000,0.308411,200
600768.XSHG,2025-06-27,2026-01-05,100,11.130000,14.000000,287.000000,0.257862,192
600768.XSHG,2025-07-02,2026-01-05,700,11.450000,14.000000,1785.000000,0.222707,187
600768.XSHG,2025-07-31,2026-01-05,600,12.470000,14.000000,918.000000,0.122694,158
600768.XSHG,2025-08-18,2026-01-05,3900,12.790000,14.000000,4719.000000,0.094605,140
600768.XSHG,2025-08-21,2026-01-05,400,12.960000,14.000000,416.000000,0.080247,137
600768.XSHG,2025-08-21,2026-01-05,300,12.960000,14.000000,312.000000,0.080247,137
600768.XSHG,2025-08-29,2026-01-05,300,12.260000,14.000000,522.000000,0.141925,129
600768.XSHG,2025-09-11,2026-01-05,100,12.560000,14.000000,144.000000,0.114650,116
600768.XSHG,2025-09-19,2026-01-05,600,12.110000,14.000000,1134.000000,0.156069,108
600768.XSHG,2025-10-10,2026-01-05,1400,12.320000,14.000000,2352.000000,0.136364,87
600768.XSHG,2025-11-05,2026-01-05,300,13.450000,14.000000,165.000000,0.040892,61
600768.XSHG,2025-11-10,2026-01-05,300,13.790000,14.000000,63.000000,0.015228,56
600768.XSHG,2025-11-13,2026-01-05,500,13.670000,14.000000,165.000000,0.024140,53
600768.XSHG,2025-11-18,2026-01-05,200,13.880000,14.000000,24.000000,0.008646,48
600768.XSHG,2025-11-21,2026-01-05,500,12.820000,14.000000,590.000000,0.092044,45
600768.XSHG,2025-12-09,2026-01-05,100,13.720000,14.000000,28.000000,0.020408,27
600768.XSHG,2025-12-09,2026-01-05,200,13.720000,14.000000,56.000000,0.020408,27
600768.XSHG,2025-12-22,2026-01-05,100,13.320000,14.000000,68.000000,0.051051,14
002193.XSHE,2025-05-12,2026-01-05,5600,5.580000,5.310000,-1512.000000,-0.048387,238
002193.XSHE,2025-05-15,2026-01-05,7000,5.680000,5.310000,-2590.000000,-0.065141,235
002193.XSHE,2025-05-20,2026-01-05,7600,5.780000,5.310000,-3572.000000,-0.081315,230
002193.XSHE,2025-05-23,2026-01-05,7800,5.660000,5.310000,-2730.000000,-0.061837,227
002193.XSHE,2025-05-28,2026-01-05,100,5.700000,5.310000,-39.000000,-0.068421,222
002193.XSHE,2025-06-03,2026-01-05,400,5.620000,5.310000,-124.000000,-0.055160,216
002193.XSHE,2025-06-06,2026-01-05,300,5.720000,5.310000,-123.000000,-0.071678,213
002193.XSHE,2025-06-16,2026-01-05,900,5.630000,5.310000,-288.000000,-0.056838,203
002193.XSHE,2025-06-19,2026-01-05,400,5.580000,5.310000,-108.000000,-0.048387,200
002193.XSHE,2025-07-02,2026-01-05,1100,6.180000,5.310000,-957.000000,-0.140777,187
002193.XSHE,2025-07-23,2026-01-05,500,6.320000,5.310000,-505.000000,-0.159810,166
002193.XSHE,2025-07-31,2026-01-05,800,6.350000,5.310000,-832.000000,-0.163780,158
002193.XSHE,2025-08-05,2026-01-05,300,6.420000,5.310000,-333.000000,-0.172897,153
002193.XSHE,2025-08-08,2026-01-05,600,6.420000,5.310000,-666.000000,-0.172897,150
002193.XSHE,2025-08-13,2026-01-05,700,6.430000,5.310000,-784.000000,-0.174184,145
002193.XSHE,2025-08-18,2026-01-05,500,6.050000,5.310000,-370.000000,-0.122314,140
002193.XSHE,2025-08-18,2026-01-05,400,6.050000,5.310000,-296.000000,-0.122314,140
002193.XSHE,2025-08-26,2026-01-05,500,6.250000,5.310000,-470.000000,-0.150400,132
002193.XSHE,2025-08-29,2026-01-05,100,5.840000,5.310000,-53.000000,-0.090753,129
002193.XSHE,2025-08-29,2026-01-05,1400,5.840000,5.310000,-742.000000,-0.090753,129
002193.XSHE,2025-09-11,2026-01-05,100,6.070000,5.310000,-76.000000,-0.125206,116
002193.XSHE,2025-09-16,2026-01-05,1100,5.940000,5.310000,-693.000000,-0.106061,111
002193.XSHE,2025-09-19,2026-01-05,700,5.790000,5.310000,-336.000000,-0.082902,108
002193.XSHE,2025-09-24,2026-01-05,400,5.510000,5.310000,-80.000000,-0.036298,103
002193.XSHE,2025-10-10,2026-01-05,1400,5.740000,5.310000,-602.000000,-0.074913,87
002193.XSHE,2025-10-28,2026-01-05,400,5.480000,5.310000,-68.000000,-0.031022,69
002193.XSHE,2025-10-28,2026-01-05,900,5.480000,5.310000,-153.000000,-0.031022,69
002193.XSHE,2025-10-31,2026-01-05,300,5.400000,5.310000,-27.000000,-0.016667,66
002193.XSHE,2025-11-05,2026-01-05,200,5.850000,5.310000,-108.000000,-0.092308,61
002193.XSHE,2025-11-05,2026-01-05,8400,5.850000,5.310000,-4536.000000,-0.092308,61
002193.XSHE,2025-11-10,2026-01-05,600,6.020000,5.310000,-426.000000,-0.117940,56
002193.XSHE,2025-12-01,2026-01-05,300,6.170000,5.310000,-258.000000,-0.139384,35
002193.XSHE,2025-12-01,2026-01-05,800,6.170000,5.310000,-688.000000,-0.139384,35
002193.XSHE,2025-12-04,2026-01-05,700,6.000000,5.310000,-483.000000,-0.115000,32
002193.XSHE,2025-12-09,2026-01-05,300,6.030000,5.310000,-216.000000,-0.119403,27
002193.XSHE,2025-12-12,2026-01-05,800,5.520000,5.310000,-168.000000,-0.038043,24
002193.XSHE,2025-12-25,2026-01-05,2900,5.400000,5.310000,-261.000000,-0.016667,11
002193.XSHE,2025-12-30,2026-01-05,300,5.370000,5.310000,-18.000000,-0.011173,6
603729.XSHG,2025-05-12,2026-01-05,800,15.600000,16.090000,392.000000,0.031410,238
603729.XSHG,2025-05-15,2026-01-05,2700,15.350000,16.090000,1998.000000,0.048208,235
603729.XSHG,2025-05-20,2026-01-05,2700,15.790000,16.090000,810.000000,0.018999,230
603729.XSHG,2025-05-23,2026-01-05,2600,15.800000,16.090000,754.000000,0.018354,227
603729.XSHG,2025-05-28,2026-01-05,2700,15.920000,16.090000,459.000000,0.010678,222
603729.XSHG,2025-06-03,2026-01-05,100,15.880000,16.090000,21.000000,0.013224,216
603729.XSHG,2025-06-19,2026-01-05,100,16.340000,16.090000,-25.000000,-0.015300,200
603729.XSHG,2025-06-24,2026-01-05,100,16.200000,16.090000,-11.000000,-0.006790,195
603729.XSHG,2025-06-27,2026-01-05,200,16.700000,16.090000,-122.000000,-0.036527,192
603729.XSHG,2025-07-02,2026-01-05,600,17.010000,16.090000,-552.000000,-0.054086,187
603729.XSHG,2025-07-15,2026-01-05,200,16.970000,16.090000,-176.000000,-0.051856,174
603729.XSHG,2025-07-23,2026-01-05,300,17.310000,16.090000,-366.000000,-0.070479,166
603729.XSHG,2025-07-31,2026-01-05,300,17.320000,16.090000,-369.000000,-0.071016,158
603729.XSHG,2025-08-13,2026-01-05,200,17.960000,16.090000,-374.000000,-0.104120,145
603729.XSHG,2025-08-21,2026-01-05,100,18.240000,16.090000,-215.000000,-0.117873,137
603729.XSHG,2025-08-29,2026-01-05,500,16.980000,16.090000,-445.000000,-0.052415,129
603729.XSHG,2025-09-16,2026-01-05,200,17.240000,16.090000,-230.000000,-0.066705,111
603729.XSHG,2025-09-19,2026-01-05,100,16.970000,16.090000,-88.000000,-0.051856,108
603729.XSHG,2025-09-24,2026-01-05,200,16.100000,16.090000,-2.000000,-0.000621,103
603729.XSHG,2025-10-15,2026-01-05,1400,16.670000,16.090000,-812.000000,-0.034793,82
603729.XSHG,2025-10-20,2026-01-05,200,16.540000,16.090000,-90.000000,-0.027207,77
603729.XSHG,2025-10-28,2026-01-05,100,17.480000,16.090000,-139.000000,-0.079519,69
603729.XSHG,2025-10-31,2026-01-05,700,16.600000,16.090000,-357.000000,-0.030723,66
603729.XSHG,2025-11-10,2026-01-05,500,18.100000,16.090000,-1005.000000,-0.111050,56
603729.XSHG,2025-11-13,2026-01-05,400,17.890000,16.090000,-720.000000,-0.100615,53
603729.XSHG,2025-12-04,2026-01-05,800,17.020000,16.090000,-744.000000,-0.054642,32
603729.XSHG,2025-12-09,2026-01-05,100,17.020000,16.090000,-93.000000,-0.054642,27
603729.XSHG,2025-12-25,2026-01-05,200,16.220000,16.090000,-26.000000,-0.008015,11
603729.XSHG,2025-12-30,2026-01-05,300,15.920000,16.090000,51.000000,0.010678,6
002719.XSHE,2025-06-27,2026-01-05,500,8.850000,8.530000,-160.000000,-0.036158,192
002719.XSHE,2025-07-02,2026-01-05,9900,9.110000,8.530000,-5742.000000,-0.063666,187
002719.XSHE,2025-07-07,2026-01-05,600,9.030000,8.530000,-300.000000,-0.055371,182
002719.XSHE,2025-07-10,2026-01-05,200,9.200000,8.530000,-134.000000,-0.072826,179
002719.XSHE,2025-07-15,2026-01-05,400,9.100000,8.530000,-228.000000,-0.062637,174
002719.XSHE,2025-07-23,2026-01-05,1000,9.340000,8.530000,-810.000000,-0.086724,166
002719.XSHE,2025-08-05,2026-01-05,700,9.520000,8.530000,-693.000000,-0.103992,153
002719.XSHE,2025-08-18,2026-01-05,300,9.580000,8.530000,-315.000000,-0.109603,140
002719.XSHE,2025-08-21,2026-01-05,100,9.990000,8.530000,-146.000000,-0.146146,137
002719.XSHE,2025-08-21,2026-01-05,100,9.990000,8.530000,-146.000000,-0.146146,137
002719.XSHE,2025-09-08,2026-01-05,200,9.530000,8.530000,-200.000000,-0.104932,119
002719.XSHE,2025-09-16,2026-01-05,300,9.580000,8.530000,-315.000000,-0.109603,111
002719.XSHE,2025-09-19,2026-01-05,5100,9.210000,8.530000,-3468.000000,-0.073833,108
002719.XSHE,2025-09-19,2026-01-05,1100,9.210000,8.530000,-748.000000,-0.073833,108
002719.XSHE,2025-09-24,2026-01-05,500,8.650000,8.530000,-60.000000,-0.013873,103
002719.XSHE,2025-10-15,2026-01-05,6400,9.650000,8.530000,-7168.000000,-0.116062,82
002719.XSHE,2025-10-23,2026-01-05,200,9.950000,8.530000,-284.000000,-0.142714,74
002719.XSHE,2025-10-23,2026-01-05,300,9.950000,8.530000,-426.000000,-0.142714,74
002719.XSHE,2025-10-28,2026-01-05,1800,9.620000,8.530000,-1962.000000,-0.113306,69
002719.XSHE,2025-10-31,2026-01-05,1000,9.230000,8.530000,-700.000000,-0.075840,66
002719.XSHE,2025-11-05,2026-01-05,200,9.490000,8.530000,-192.000000,-0.101159,61
002719.XSHE,2025-11-10,2026-01-05,100,9.850000,8.530000,-132.000000,-0.134010,56
002719.XSHE,2025-11-18,2026-01-05,100,10.350000,8.530000,-182.000000,-0.175845,48
002719.XSHE,2025-11-21,2026-01-05,1000,9.410000,8.530000,-880.000000,-0.093518,45
002719.XSHE,2025-11-21,2026-01-05,200,9.410000,8.530000,-176.000000,-0.093518,45
002719.XSHE,2025-11-26,2026-01-05,200,9.430000,8.530000,-180.000000,-0.095440,40
002719.XSHE,2025-12-04,2026-01-05,300,9.410000,8.530000,-264.000000,-0.093518,32
002719.XSHE,2025-12-12,2026-01-05,700,8.650000,8.530000,-84.000000,-0.013873,24
002719.XSHE,2025-12-12,2026-01-05,300,8.650000,8.530000,-36.000000,-0.013873,24
002719.XSHE,2025-12-25,2026-01-05,1400,8.790000,8.530000,-364.000000,-0.029579,11
002719.XSHE,2025-12-30,2026-01-05,300,8.700000,8.530000,-51.000000,-0.019540,6
600455.XSHG,2025-08-21,2026-01-05,1200,28.200000,25.830000,-2844.000000,-0.084043,137
600455.XSHG,2025-08-26,2026-01-05,1900,28.060000,25.830000,-4237.000000,-0.079473,132
600455.XSHG,2025-08-29,2026-01-05,100,26.830000,25.830000,-100.000000,-0.037272,129
600455.XSHG,2025-09-03,2026-01-05,2000,26.570000,25.830000,-1480.000000,-0.027851,124
600455.XSHG,2025-09-16,2026-01-05,100,26.880000,25.830000,-105.000000,-0.039062,111
600455.XSHG,2025-09-19,2026-01-05,2100,26.270000,25.830000,-924.000000,-0.016749,108
600455.XSHG,2025-10-15,2026-01-05,3200,25.850000,25.830000,-64.000000,-0.000774,82
600455.XSHG,2025-11-05,2026-01-05,300,28.010000,25.830000,-654.000000,-0.077829,61
600455.XSHG,2025-11-10,2026-01-05,300,28.320000,25.830000,-747.000000,-0.087924,56
600455.XSHG,2025-11-13,2026-01-05,200,28.250000,25.830000,-484.000000,-0.085664,53
600455.XSHG,2025-11-18,2026-01-05,100,28.570000,25.830000,-274.000000,-0.095905,48
600455.XSHG,2025-11-21,2026-01-05,100,26.800000,25.830000,-97.000000,-0.036194,45
600455.XSHG,2025-11-26,2026-01-05,100,26.830000,25.830000,-100.000000,-0.037272,40
600455.XSHG,2025-12-04,2026-01-05,100,26.610000,25.830000,-78.000000,-0.029312,32
600455.XSHG,2025-12-25,2026-01-05,100,25.920000,25.830000,-9.000000,-0.003472,11
300594.XSHE,2025-09-11,2026-01-05,2300,18.030000,19.590000,3588.000000,0.086522,116
300594.XSHE,2025-09-16,2026-01-05,3100,17.960000,19.590000,5053.000000,0.090757,111
300594.XSHE,2025-10-15,2026-01-05,1800,17.630000,19.590000,3528.000000,0.111174,82
300594.XSHE,2025-10-20,2026-01-05,200,17.440000,19.590000,430.000000,0.123280,77
300594.XSHE,2025-10-31,2026-01-05,300,18.170000,19.590000,426.000000,0.078151,66
300594.XSHE,2025-11-05,2026-01-05,300,18.420000,19.590000,351.000000,0.063518,61
300594.XSHE,2025-11-13,2026-01-05,700,18.920000,19.590000,469.000000,0.035412,53
300594.XSHE,2025-11-18,2026-01-05,100,19.240000,19.590000,35.000000,0.018191,48
300594.XSHE,2025-12-04,2026-01-05,100,17.990000,19.590000,160.000000,0.088938,32
300594.XSHE,2025-12-09,2026-01-05,100,17.840000,19.590000,175.000000,0.098094,27
300594.XSHE,2025-12-09,2026-01-05,300,17.840000,19.590000,525.000000,0.098094,27
300594.XSHE,2025-12-12,2026-01-05,100,16.480000,19.590000,311.000000,0.188714,24
301098.XSHE,2025-09-03,2026-01-05,3900,9.050000,8.600000,-1755.000000,-0.049724,124
301098.XSHE,2025-09-08,2026-01-05,5900,9.020000,8.600000,-2478.000000,-0.046563,119
301098.XSHE,2025-09-11,2026-01-05,5900,9.150000,8.600000,-3245.000000,-0.060109,116
301098.XSHE,2025-09-16,2026-01-05,6100,9.090000,8.600000,-2989.000000,-0.053905,111
301098.XSHE,2025-09-19,2026-01-05,6200,8.900000,8.600000,-1860.000000,-0.033708,108
301098.XSHE,2025-10-15,2026-01-05,2100,9.030000,8.600000,-903.000000,-0.047619,82
301098.XSHE,2025-10-23,2026-01-05,200,9.380000,8.600000,-156.000000,-0.083156,74
301098.XSHE,2025-10-28,2026-01-05,800,9.350000,8.600000,-600.000000,-0.080214,69
301098.XSHE,2025-10-31,2026-01-05,1000,8.990000,8.600000,-390.000000,-0.043382,66
301098.XSHE,2025-11-10,2026-01-05,300,9.650000,8.600000,-315.000000,-0.108808,56
301098.XSHE,2025-11-13,2026-01-05,600,9.600000,8.600000,-600.000000,-0.104167,53
301098.XSHE,2025-11-18,2026-01-05,200,9.780000,8.600000,-236.000000,-0.120654,48
301098.XSHE,2025-11-26,2026-01-05,700,9.120000,8.600000,-364.000000,-0.057018,40
301098.XSHE,2025-12-12,2026-01-05,900,8.610000,8.600000,-9.000000,-0.001161,24
301098.XSHE,2025-12-17,2026-01-05,200,8.330000,8.600000,54.000000,0.032413,19
301098.XSHE,2025-12-22,2026-01-05,600,8.690000,8.600000,-54.000000,-0.010357,14
301098.XSHE,2025-12-30,2026-01-05,100,8.660000,8.600000,-6.000000,-0.006928,6
002883.XSHE,2025-11-13,2026-01-05,5200,12.080000,10.950000,-5876.000000,-0.093543,53
002883.XSHE,2025-11-18,2026-01-05,5900,12.160000,10.950000,-7139.000000,-0.099507,48
002883.XSHE,2025-12-12,2026-01-05,5200,11.030000,10.950000,-416.000000,-0.007253,24
002883.XSHE,2025-12-17,2026-01-05,1500,10.620000,10.950000,495.000000,0.031073,19
002883.XSHE,2025-12-17,2026-01-05,4200,10.620000,10.950000,1386.000000,0.031073,19
002883.XSHE,2025-12-22,2026-01-05,500,11.130000,10.950000,-90.000000,-0.016173,14
002883.XSHE,2025-12-22,2026-01-05,5400,11.130000,10.950000,-972.000000,-0.016173,14
002883.XSHE,2025-12-25,2026-01-05,200,10.990000,10.950000,-8.000000,-0.003640,11
300854.XSHE,2025-11-21,2026-01-05,2500,18.180000,16.980000,-3000.000000,-0.066007,45
300854.XSHE,2025-11-26,2026-01-05,3600,17.820000,16.980000,-3024.000000,-0.047138,40
300854.XSHE,2025-12-01,2026-01-05,3800,18.120000,16.980000,-4332.000000,-0.062914,35
300854.XSHE,2025-12-04,2026-01-05,3900,17.330000,16.980000,-1365.000000,-0.020196,32
300854.XSHE,2025-12-09,2026-01-05,3600,17.630000,16.980000,-2340.000000,-0.036869,27
300854.XSHE,2025-12-17,2026-01-05,300,15.690000,16.980000,387.000000,0.082218,19
300854.XSHE,2025-12-25,2026-01-05,100,16.510000,16.980000,47.000000,0.028468,11
301372.XSHE,2025-12-25,2026-01-05,2400,25.210000,25.370000,384.000000,0.006347,11
301372.XSHE,2025-12-30,2026-01-05,2400,25.690000,25.370000,-768.000000,-0.012456,6
600543.XSHG,2025-12-25,2026-01-05,11200,5.490000,5.350000,-1568.000000,-0.025501,11
600543.XSHG,2025-12-30,2026-01-05,11600,5.410000,5.350000,-696.000000,-0.011091,6
511880.XSHG,2026-01-05,2026-02-02,30700,100.065000,100.135000,2149.000000,0.000700,28
603880.XSHG,2026-02-06,2026-02-11,100,6.540000,6.780000,24.000000,0.036697,5
300417.XSHE,2026-02-03,2026-02-24,300,13.640000,14.530000,267.000000,0.065249,21
603880.XSHG,2026-02-06,2026-02-24,100,6.540000,6.800000,26.000000,0.039755,18
300417.XSHE,2026-02-03,2026-02-27,100,13.640000,14.740000,110.000000,0.080645,24
300929.XSHE,2026-02-03,2026-03-04,200,11.880000,11.800000,-16.000000,-0.006734,29
600543.XSHG,2026-02-03,2026-03-04,1300,5.220000,5.100000,-156.000000,-0.022989,29
002193.XSHE,2026-02-03,2026-03-04,600,6.580000,6.220000,-216.000000,-0.054711,29
300417.XSHE,2026-02-03,2026-03-04,4100,13.640000,13.410000,-943.000000,-0.016862,29
002719.XSHE,2026-02-03,2026-03-09,300,9.300000,9.530000,69.000000,0.024731,34
301098.XSHE,2026-02-03,2026-03-09,300,9.430000,9.330000,-30.000000,-0.010604,34
300417.XSHE,2026-02-06,2026-03-09,4300,13.850000,14.040000,817.000000,0.013718,31
300621.XSHE,2026-02-03,2026-03-09,500,8.860000,8.930000,35.000000,0.007901,34
603880.XSHG,2026-02-06,2026-03-09,9200,6.540000,6.760000,2024.000000,0.033639,31
300929.XSHE,2026-02-03,2026-03-12,300,11.880000,12.800000,276.000000,0.077441,37
600543.XSHG,2026-02-03,2026-03-12,200,5.220000,5.480000,52.000000,0.049808,37
300417.XSHE,2026-02-06,2026-03-12,100,13.850000,14.490000,64.000000,0.046209,34
300417.XSHE,2026-02-11,2026-03-12,4200,14.320000,14.490000,714.000000,0.011872,29
300621.XSHE,2026-02-03,2026-03-12,600,8.860000,9.340000,288.000000,0.054176,37
300929.XSHE,2026-02-03,2026-03-17,200,11.880000,12.680000,160.000000,0.067340,42
300621.XSHE,2026-02-03,2026-03-17,5800,8.860000,9.230000,2146.000000,0.041761,42
300621.XSHE,2026-02-06,2026-03-17,900,9.170000,9.230000,54.000000,0.006543,39
300665.XSHE,2026-02-03,2026-03-17,200,8.610000,8.150000,-92.000000,-0.053426,42
603729.XSHG,2026-02-24,2026-03-17,100,18.830000,18.380000,-45.000000,-0.023898,21
300929.XSHE,2026-02-03,2026-03-20,300,11.880000,12.480000,180.000000,0.050505,45
002719.XSHE,2026-02-03,2026-03-20,100,9.300000,9.300000,0.000000,0.000000,45
002193.XSHE,2026-02-03,2026-03-20,1700,6.580000,6.420000,-272.000000,-0.024316,45
301098.XSHE,2026-02-03,2026-03-20,100,9.430000,9.060000,-37.000000,-0.039236,45
300621.XSHE,2026-02-06,2026-03-20,5600,9.170000,8.870000,-1680.000000,-0.032715,42
300621.XSHE,2026-02-11,2026-03-20,800,9.400000,8.870000,-424.000000,-0.056383,37
603729.XSHG,2026-02-24,2026-03-20,100,18.830000,17.990000,-84.000000,-0.044610,24
300929.XSHE,2026-02-03,2026-03-25,100,11.880000,12.000000,12.000000,0.010101,50
002719.XSHE,2026-02-03,2026-03-25,100,9.300000,8.920000,-38.000000,-0.040860,50
002883.XSHE,2026-02-03,2026-03-25,300,10.550000,9.600000,-285.000000,-0.090047,50
002193.XSHE,2026-02-03,2026-03-25,500,6.580000,6.200000,-190.000000,-0.057751,50
300621.XSHE,2026-02-11,2026-03-25,5700,9.400000,8.170000,-7011.000000,-0.130851,42
300621.XSHE,2026-02-24,2026-03-25,400,9.340000,8.170000,-468.000000,-0.125268,29
300665.XSHE,2026-02-03,2026-03-25,100,8.610000,7.420000,-119.000000,-0.138211,50
300635.XSHE,2026-03-17,2026-03-25,600,13.540000,13.320000,-132.000000,-0.016248,8
300929.XSHE,2026-02-03,2026-03-30,4000,11.880000,13.010000,4520.000000,0.095118,55
300929.XSHE,2026-02-06,2026-03-30,2000,12.180000,13.010000,1660.000000,0.068144,52
600543.XSHG,2026-02-03,2026-03-30,200,5.220000,4.820000,-80.000000,-0.076628,55
300665.XSHE,2026-02-03,2026-03-30,100,8.610000,7.510000,-110.000000,-0.127758,55
300929.XSHE,2026-02-06,2026-04-01,3000,12.180000,13.290000,3330.000000,0.091133,54
300929.XSHE,2026-02-11,2026-04-01,4900,12.500000,13.290000,3871.000000,0.063200,49
300929.XSHE,2026-02-24,2026-04-01,4900,12.440000,13.290000,4165.000000,0.068328,36
300929.XSHE,2026-02-27,2026-04-01,4600,12.650000,13.290000,2944.000000,0.050593,33
002719.XSHE,2026-02-03,2026-04-01,6100,9.300000,9.190000,-671.000000,-0.011828,57
002719.XSHE,2026-02-06,2026-04-01,6300,9.540000,9.190000,-2205.000000,-0.036688,54
002719.XSHE,2026-02-11,2026-04-01,6200,9.800000,9.190000,-3782.000000,-0.062245,49
002719.XSHE,2026-02-24,2026-04-01,7000,9.460000,9.190000,-1890.000000,-0.028541,36
002719.XSHE,2026-02-27,2026-04-01,5400,9.810000,9.190000,-3348.000000,-0.063201,33
002719.XSHE,2026-03-04,2026-04-01,200,9.000000,9.190000,38.000000,0.021111,28
002719.XSHE,2026-03-12,2026-04-01,200,9.670000,9.190000,-96.000000,-0.049638,20
002883.XSHE,2026-02-03,2026-04-01,5500,10.550000,9.910000,-3520.000000,-0.060664,57
002883.XSHE,2026-02-06,2026-04-01,5600,10.770000,9.910000,-4816.000000,-0.079851,54
002883.XSHE,2026-02-11,2026-04-01,5500,11.080000,9.910000,-6435.000000,-0.105596,49
002883.XSHE,2026-02-24,2026-04-01,6100,10.740000,9.910000,-5063.000000,-0.077281,36
002883.XSHE,2026-02-27,2026-04-01,5700,10.790000,9.910000,-5016.000000,-0.081557,33
002883.XSHE,2026-03-09,2026-04-01,300,10.200000,9.910000,-87.000000,-0.028431,23
002883.XSHE,2026-03-12,2026-04-01,400,10.390000,9.910000,-192.000000,-0.046198,20
002883.XSHE,2026-03-20,2026-04-01,100,9.890000,9.910000,2.000000,0.002022,12
002883.XSHE,2026-03-30,2026-04-01,700,9.410000,9.910000,350.000000,0.053135,2
600543.XSHG,2026-02-03,2026-04-01,10000,5.220000,4.990000,-2300.000000,-0.044061,57
600543.XSHG,2026-02-06,2026-04-01,11400,5.340000,4.990000,-3990.000000,-0.065543,54
600543.XSHG,2026-02-11,2026-04-01,11000,5.500000,4.990000,-5610.000000,-0.092727,49
600543.XSHG,2026-02-24,2026-04-01,11700,5.400000,4.990000,-4797.000000,-0.075926,36
600543.XSHG,2026-02-27,2026-04-01,11600,5.400000,4.990000,-4756.000000,-0.075926,33
600543.XSHG,2026-03-09,2026-04-01,100,5.190000,4.990000,-20.000000,-0.038536,23
600543.XSHG,2026-03-17,2026-04-01,700,5.270000,4.990000,-196.000000,-0.053131,15
600543.XSHG,2026-03-17,2026-04-01,400,5.270000,4.990000,-112.000000,-0.053131,15
600543.XSHG,2026-03-20,2026-04-01,700,5.000000,4.990000,-7.000000,-0.002000,12
600543.XSHG,2026-03-20,2026-04-01,700,5.000000,4.990000,-7.000000,-0.002000,12
600543.XSHG,2026-03-25,2026-04-01,300,4.750000,4.990000,72.000000,0.050526,7
002193.XSHE,2026-02-03,2026-04-01,6500,6.580000,6.200000,-2470.000000,-0.057751,57
002193.XSHE,2026-02-06,2026-04-01,8300,7.010000,6.200000,-6723.000000,-0.115549,54
002193.XSHE,2026-02-11,2026-04-01,8300,7.230000,6.200000,-8549.000000,-0.142462,49
002193.XSHE,2026-02-24,2026-04-01,9800,6.930000,6.200000,-7154.000000,-0.105339,36
002193.XSHE,2026-02-27,2026-04-01,10900,6.650000,6.200000,-4905.000000,-0.067669,33
002193.XSHE,2026-03-12,2026-04-01,700,6.550000,6.200000,-245.000000,-0.053435,20
002193.XSHE,2026-03-17,2026-04-01,600,6.360000,6.200000,-96.000000,-0.025157,15
002193.XSHE,2026-03-30,2026-04-01,400,6.190000,6.200000,4.000000,0.001616,2
301098.XSHE,2026-02-03,2026-04-01,6100,9.430000,8.750000,-4148.000000,-0.072110,57
301098.XSHE,2026-02-06,2026-04-01,6400,9.520000,8.750000,-4928.000000,-0.080882,54
301098.XSHE,2026-02-11,2026-04-01,6100,9.850000,8.750000,-6710.000000,-0.111675,49
301098.XSHE,2026-02-24,2026-04-01,6200,9.810000,8.750000,-6572.000000,-0.108053,36
301098.XSHE,2026-02-27,2026-04-01,6600,9.720000,8.750000,-6402.000000,-0.099794,33
301098.XSHE,2026-03-04,2026-04-01,600,8.800000,8.750000,-30.000000,-0.005682,28
301098.XSHE,2026-03-12,2026-04-01,300,9.450000,8.750000,-210.000000,-0.074074,20
301098.XSHE,2026-03-25,2026-04-01,700,8.450000,8.750000,210.000000,0.035503,7
301098.XSHE,2026-03-30,2026-04-01,500,8.420000,8.750000,165.000000,0.039192,2
600455.XSHG,2026-02-03,2026-04-01,2100,28.820000,27.350000,-3087.000000,-0.051006,57
600455.XSHG,2026-02-06,2026-04-01,2100,29.050000,27.350000,-3570.000000,-0.058520,54
600455.XSHG,2026-02-11,2026-04-01,2100,29.680000,27.350000,-4893.000000,-0.078504,49
600455.XSHG,2026-02-24,2026-04-01,2000,29.520000,27.350000,-4340.000000,-0.073509,36
600455.XSHG,2026-02-27,2026-04-01,2200,29.300000,27.350000,-4290.000000,-0.066553,33
600455.XSHG,2026-03-25,2026-04-01,200,26.130000,27.350000,244.000000,0.046690,7
300621.XSHE,2026-02-24,2026-04-01,6200,9.340000,8.310000,-6386.000000,-0.110278,36
300621.XSHE,2026-02-27,2026-04-01,6600,9.340000,8.310000,-6798.000000,-0.110278,33
300621.XSHE,2026-03-04,2026-04-01,900,8.410000,8.310000,-90.000000,-0.011891,28
300621.XSHE,2026-03-30,2026-04-01,200,8.090000,8.310000,44.000000,0.027194,2
300665.XSHE,2026-02-03,2026-04-01,6700,8.610000,7.720000,-5963.000000,-0.103368,57
300665.XSHE,2026-02-11,2026-04-01,7000,8.860000,7.720000,-7980.000000,-0.128668,49
300665.XSHE,2026-02-24,2026-04-01,7600,8.530000,7.720000,-6156.000000,-0.094959,36
300665.XSHE,2026-02-27,2026-04-01,7300,8.540000,7.720000,-5986.000000,-0.096019,33
300665.XSHE,2026-03-04,2026-04-01,400,7.770000,7.720000,-20.000000,-0.006435,28
300665.XSHE,2026-03-09,2026-04-01,7400,8.100000,7.720000,-2812.000000,-0.046914,23
300665.XSHE,2026-03-12,2026-04-01,400,8.230000,7.720000,-204.000000,-0.061968,20
300665.XSHE,2026-03-20,2026-04-01,800,7.720000,7.720000,0.000000,0.000000,12
603729.XSHG,2026-02-24,2026-04-01,3000,18.830000,17.500000,-3990.000000,-0.070632,36
603729.XSHG,2026-02-27,2026-04-01,3400,18.700000,17.500000,-4080.000000,-0.064171,33
603729.XSHG,2026-03-04,2026-04-01,3200,17.120000,17.500000,1216.000000,0.022196,28
603729.XSHG,2026-03-09,2026-04-01,400,17.980000,17.500000,-192.000000,-0.026696,23
603729.XSHG,2026-03-12,2026-04-01,6300,18.500000,17.500000,-6300.000000,-0.054054,20
603729.XSHG,2026-03-30,2026-04-01,300,16.970000,17.500000,159.000000,0.031232,2
300635.XSHE,2026-03-17,2026-04-01,3800,13.540000,14.140000,2280.000000,0.044313,15
300635.XSHE,2026-03-20,2026-04-01,4600,12.990000,14.140000,5290.000000,0.088530,12
300417.XSHE,2026-03-25,2026-04-01,4400,12.480000,12.750000,1188.000000,0.021635,7
300417.XSHE,2026-03-30,2026-04-01,4700,12.360000,12.750000,1833.000000,0.031553,2
511880.XSHG,2026-04-01,2026-05-06,28900,100.308000,100.405000,2803.300000,0.000967,35
300417.XSHE,2026-05-07,2026-05-12,100,14.760000,15.540000,78.000000,0.052846,5
300665.XSHE,2026-05-07,2026-05-15,700,8.850000,9.990000,798.000000,0.128814,8
300665.XSHE,2026-05-07,2026-05-20,100,8.850000,10.070000,122.000000,0.137853,13
300405.XSHE,2026-05-07,2026-05-20,100,7.160000,7.280000,12.000000,0.016760,13
300405.XSHE,2026-05-07,2026-05-25,200,7.160000,7.270000,22.000000,0.015363,18
301098.XSHE,2026-05-07,2026-05-28,6000,9.640000,10.220000,3480.000000,0.060166,21
301098.XSHE,2026-05-12,2026-05-28,100,10.050000,10.220000,17.000000,0.016915,16
300665.XSHE,2026-05-07,2026-05-28,5700,8.850000,9.550000,3990.000000,0.079096,21
300665.XSHE,2026-05-12,2026-05-28,400,9.330000,9.550000,88.000000,0.023580,16
300405.XSHE,2026-05-07,2026-05-28,7800,7.160000,6.750000,-3198.000000,-0.057263,21
300405.XSHE,2026-05-12,2026-05-28,100,7.220000,6.750000,-47.000000,-0.065097,16
300500.XSHE,2026-05-07,2026-05-28,4800,11.880000,11.240000,-3072.000000,-0.053872,21
