time,code,amount,price,commission,tax,trade_id,order_id
2024-01-02 09:30,511880.XSHG,9900,100.094,0.0,0.0,t_1,1
2024-02-01 09:30,511880.XSHG,-9900,100.262,0.0,0.0,t_2,2
2024-02-01 09:30,002633.XSHE,2400,8.02,5.0,0.0,t_3,3
2024-02-01 09:30,600768.XSHG,2100,9.11,5.0,0.0,t_4,4
2024-02-01 09:30,300417.XSHE,2200,9.09,5.0,0.0,t_5,5
2024-02-01 09:30,600455.XSHG,1000,19.5,5.0,0.0,t_6,6
2024-02-01 09:30,002856.XSHE,2100,9.26,5.0,0.0,t_7,7
2024-02-01 09:30,605081.XSHG,1800,11.05,5.0,0.0,t_8,8
2024-02-01 09:30,000668.XSHE,2200,8.9,5.0,0.0,t_9,9
2024-02-01 09:30,300321.XSHE,1300,14.56,5.0,0.0,t_10,10
2024-02-01 09:30,300929.XSHE,2000,9.79,5.0,0.0,t_11,11
2024-02-01 09:30,600539.XSHG,3600,5.47,5.0,0.0,t_12,12
2024-02-06 09:30,600768.XSHG,3400,6.8,5.0,0.0,t_13,13
2024-02-06 09:30,300417.XSHE,3900,6.14,5.0,0.0,t_14,14
2024-02-06 09:30,600455.XSHG,200,15.0,5.0,0.0,t_15,15
2024-02-06 09:30,002856.XSHE,700,6.73,5.0,0.0,t_16,16
2024-02-06 09:30,605081.XSHG,300,8.81,5.0,0.0,t_17,17
2024-02-06 09:30,300321.XSHE,2700,9.37,5.0,0.0,t_18,18
2024-02-06 09:30,300929.XSHE,3400,7.01,5.0,0.0,t_19,19
2024-02-06 09:30,600539.XSHG,900,4.19,5.0,0.0,t_20,20
2024-02-06 09:30,300995.XSHE,1800,10.34,5.0,0.0,t_21,21
2024-02-06 09:30,300886.XSHE,1400,13.05,5.0,0.0,t_22,22
2024-02-06 09:30,300854.XSHE,2000,9.33,5.0,0.0,t_23,23
2024-02-06 09:30,301040.XSHE,1900,9.51,5.0,0.0,t_24,24
2024-02-06 09:30,300836.XSHE,1300,14.35,5.0,0.0,t_25,25
2024-02-06 09:30,300069.XSHE,2200,8.55,5.0,0.0,t_26,26
2024-02-19 09:30,002633.XSHE,4300,5.64,5.0,0.0,t_27,27
2024-02-19 09:30,300417.XSHE,3600,5.85,5.0,0.0,t_28,28
2024-02-19 09:30,002856.XSHE,3300,6.16,5.0,0.0,t_29,29
2024-02-19 09:30,000668.XSHE,4500,5.58,5.0,0.0,t_30,30
2024-02-19 09:30,300321.XSHE,-300,10.29,5.0,3.09,t_31,31
2024-02-19 09:30,300929.XSHE,2800,6.9,5.0,0.0,t_32,32
2024-02-19 09:30,600539.XSHG,5300,3.84,5.0,0.0,t_33,33
2024-02-19 09:30,300995.XSHE,1600,10.95,5.0,0.0,t_34,34
2024-02-19 09:30,300069.XSHE,100,8.13,5.0,0.0,t_35,35
2024-02-19 09:30,300716.XSHE,3400,5.53,5.0,0.0,t_36,36
2024-02-19 09:30,600847.XSHG,3200,5.82,5.0,0.0,t_37,37
2024-02-19 09:30,002193.XSHE,5600,3.33,5.0,0.0,t_38,38
2024-02-21 14:00,300716.XSHE,-700,7.88,5.0,5.52,t_39,39
2024-02-22 09:30,002633.XSHE,2500,6.82,5.0,0.0,t_40,40
2024-02-22 09:30,600768.XSHG,2600,7.79,5.0,0.0,t_41,41
2024-02-22 09:30,300417.XSHE,2000,7.2,5.0,0.0,t_42,42
2024-02-22 09:30,600455.XSHG,1300,16.66,5.0,0.0,t_43,43
2024-02-22 09:30,002856.XSHE,2400,7.37,5.0,0.0,t_44,44
2024-02-22 09:30,300321.XSHE,-400,12.8,5.0,5.12,t_45,45
2024-02-22 09:30,300929.XSHE,2700,7.7,5.0,0.0,t_46,46
2024-02-22 09:30,600539.XSHG,4600,4.38,5.0,0.0,t_47,47
2024-02-22 09:30,300995.XSHE,-100,12.86,5.0,1.29,t_48,48
2024-02-22 09:30,300836.XSHE,-100,17.61,5.0,1.76,t_49,49
2024-02-22 09:30,300716.XSHE,100,7.51,5.0,0.0,t_50,50
2024-02-22 09:30,600847.XSHG,2900,6.9,5.0,0.0,t_51,51
2024-02-22 09:30,002193.XSHE,5300,3.87,5.0,0.0,t_52,52
2024-02-22 09:30,000691.XSHE,6900,3.02,5.0,0.0,t_53,53
2024-02-22 14:00,002633.XSHE,300,6.77,5.0,0.0,t_54,54
2024-02-22 14:00,002856.XSHE,100,7.47,5.0,0.0,t_55,55
2024-02-22 14:00,000668.XSHE,-1000,7.64,5.0,7.64,t_56,56
2024-02-22 14:00,600847.XSHG,100,6.88,5.0,0.0,t_57,57
2024-02-27 09:30,002633.XSHE,2400,7.8,5.0,0.0,t_58,58
2024-02-27 09:30,600768.XSHG,2700,8.59,5.0,0.0,t_59,59
2024-02-27 09:30,300417.XSHE,2200,8.33,5.0,0.0,t_60,60
2024-02-27 09:30,600455.XSHG,1200,18.69,5.0,0.0,t_61,61
2024-02-27 09:30,002856.XSHE,2700,8.2,5.0,0.0,t_62,62
2024-02-27 09:30,300321.XSHE,-100,14.83,5.0,1.48,t_63,63
2024-02-27 09:30,300929.XSHE,2500,8.66,5.0,0.0,t_64,64
2024-02-27 09:30,600539.XSHG,4500,4.91,5.0,0.0,t_65,65
2024-02-27 09:30,300995.XSHE,-100,14.81,5.0,1.48,t_66,66
2024-02-27 09:30,300854.XSHE,-100,12.32,5.0,1.23,t_67,67
2024-02-27 09:30,301040.XSHE,-100,12.99,5.0,1.3,t_68,68
2024-02-27 09:30,300069.XSHE,-100,11.0,5.0,1.1,t_69,69
2024-02-27 09:30,600847.XSHG,2900,7.66,5.0,0.0,t_70,70
2024-02-27 09:30,002193.XSHE,4700,4.48,5.0,0.0,t_71,71
2024-02-27 09:30,000691.XSHE,6000,3.59,5.0,0.0,t_72,72
2024-03-01 09:30,002856.XSHE,-100,8.04,5.0,0.8,t_73,75
2024-03-01 09:30,605081.XSHG,-2100,10.16,5.0,21.34,t_74,76
2024-03-01 09:30,000668.XSHE,-2900,8.19,5.0,23.75,t_75,77
2024-03-01 09:30,300321.XSHE,-1600,14.08,5.0,22.53,t_76,78
2024-03-01 09:30,600539.XSHG,100,4.72,5.0,0.0,t_77,79
2024-03-01 09:30,300716.XSHE,-200,8.8,5.0,1.76,t_78,80
2024-03-01 09:30,600847.XSHG,3000,7.42,5.0,0.0,t_79,81
2024-03-01 09:30,002193.XSHE,5000,4.35,5.0,0.0,t_80,82
2024-03-01 09:30,000691.XSHE,6700,3.44,5.0,0.0,t_81,83
2024-03-01 09:30,300417.XSHE,100,8.0,5.0,0.0,t_82,84
2024-03-01 09:30,002633.XSHE,200,7.36,5.0,0.0,t_83,85
2024-03-06 09:30,600455.XSHG,-100,17.99,5.0,1.8,t_84,87
2024-03-06 09:30,002856.XSHE,200,7.5,5.0,0.0,t_85,88
2024-03-06 09:30,000668.XSHE,-100,8.14,5.0,0.81,t_86,89
2024-03-06 09:30,300321.XSHE,-1600,13.61,5.0,21.78,t_87,90
2024-03-06 09:30,300929.XSHE,-100,8.11,5.0,0.81,t_88,91
2024-03-06 09:30,600539.XSHG,4900,4.48,5.0,0.0,t_89,92
2024-03-06 09:30,300995.XSHE,-1600,13.52,5.0,21.63,t_90,93
2024-03-06 09:30,300886.XSHE,-1400,15.82,5.0,22.15,t_91,94
2024-03-06 09:30,300854.XSHE,-1900,11.1,5.0,21.09,t_92,95
2024-03-06 09:30,301040.XSHE,-1800,11.98,5.0,21.56,t_93,96
2024-03-06 09:30,300836.XSHE,-1200,19.33,5.0,23.2,t_94,97
2024-03-06 09:30,300069.XSHE,-2200,9.8,5.0,21.56,t_95,98
2024-03-06 09:30,600847.XSHG,3200,6.97,5.0,0.0,t_96,99
2024-03-06 09:30,002193.XSHE,6000,4.02,5.0,0.0,t_97,100
2024-03-06 09:30,000691.XSHE,6800,3.25,5.0,0.0,t_98,101
2024-03-06 09:30,002856.XSHE,2900,7.5,5.0,0.0,t_99,102
2024-03-06 09:30,002633.XSHE,3300,6.94,5.0,0.0,t_100,103
2024-03-06 09:30,603389.XSHG,4900,4.06,5.0,0.0,t_101,104
2024-03-07 14:00,002193.XSHE,-800,4.34,5.0,3.47,t_102,105
2024-03-07 14:00,603389.XSHG,200,4.36,5.0,0.0,t_103,106
2024-03-11 09:30,600768.XSHG,300,8.28,5.0,0.0,t_104,107
2024-03-11 09:30,000668.XSHE,-2700,8.06,5.0,21.76,t_105,109
2024-03-11 09:30,300929.XSHE,100,8.32,5.0,0.0,t_106,110
2024-03-11 09:30,600539.XSHG,200,4.64,5.0,0.0,t_107,111
2024-03-11 09:30,300995.XSHE,-1600,14.8,5.0,23.68,t_108,112
2024-03-11 09:30,300716.XSHE,-2600,9.2,5.0,23.92,t_109,113
2024-03-11 09:30,600847.XSHG,100,7.25,5.0,0.0,t_110,114
2024-03-11 09:30,002193.XSHE,400,4.26,5.0,0.0,t_111,115
2024-03-11 09:30,000691.XSHE,-600,3.48,5.0,2.09,t_112,116
2024-03-11 09:30,603389.XSHG,5400,4.23,5.0,0.0,t_113,117
2024-03-11 09:30,002856.XSHE,100,7.74,5.0,0.0,t_114,118
2024-03-11 09:30,600768.XSHG,2400,8.28,5.0,0.0,t_115,119
2024-03-11 09:30,605081.XSHG,2300,9.72,5.0,0.0,t_116,120
2024-03-14 09:30,002633.XSHE,-100,7.76,5.0,0.78,t_117,121
2024-03-14 09:30,300417.XSHE,200,8.31,5.0,0.0,t_118,122
2024-03-14 09:30,600455.XSHG,-1200,20.3,5.0,24.36,t_119,123
2024-03-14 09:30,002856.XSHE,100,8.15,5.0,0.0,t_120,124
2024-03-14 09:30,300929.XSHE,-200,8.99,5.0,1.8,t_121,125
2024-03-14 09:30,600539.XSHG,-100,4.96,5.0,0.5,t_122,126
2024-03-14 09:30,600847.XSHG,-3200,7.81,5.0,24.99,t_123,127
2024-03-14 09:30,002193.XSHE,400,4.45,5.0,0.0,t_124,128
2024-03-14 09:30,000691.XSHE,700,3.58,5.0,0.0,t_125,129
2024-03-14 09:30,605081.XSHG,2300,10.2,5.0,0.0,t_126,130
2024-03-14 09:30,001211.XSHE,1400,16.16,5.0,0.0,t_127,131
2024-03-18 14:00,000691.XSHE,-1200,4.04,5.0,4.85,t_128,132
2024-03-18 14:00,603389.XSHG,-900,5.35,5.0,4.82,t_129,133
2024-03-19 09:30,600768.XSHG,300,9.26,5.0,0.0,t_130,134
2024-03-19 09:30,600455.XSHG,-1100,20.46,5.0,22.51,t_131,135
2024-03-19 09:30,300929.XSHE,200,9.54,5.0,0.0,t_132,136
2024-03-19 09:30,600847.XSHG,100,8.26,5.0,0.0,t_133,137
2024-03-19 09:30,002193.XSHE,200,4.76,5.0,0.0,t_134,138
2024-03-19 09:30,000691.XSHE,-6000,3.98,5.0,23.88,t_135,139
2024-03-19 09:30,603389.XSHG,100,5.25,5.0,0.0,t_136,140
2024-03-19 09:30,605081.XSHG,-300,12.0,5.0,3.6,t_137,141
2024-03-19 09:30,001211.XSHE,1500,17.27,5.0,0.0,t_138,142
2024-03-19 09:30,603813.XSHG,2000,12.21,5.0,0.0,t_139,143
2024-03-20 14:00,605081.XSHG,-300,13.04,5.0,3.91,t_140,144
2024-03-22 09:30,002633.XSHE,-100,8.61,5.0,0.86,t_141,145
2024-03-22 09:30,300417.XSHE,300,9.0,5.0,0.0,t_142,146
2024-03-22 09:30,600539.XSHG,100,5.41,5.0,0.0,t_143,147
2024-03-22 09:30,600847.XSHG,-3200,8.67,5.0,27.74,t_144,148
2024-03-22 09:30,002193.XSHE,-100,4.91,5.0,0.49,t_145,149
2024-03-22 09:30,000691.XSHE,200,4.02,5.0,0.0,t_146,150
2024-03-22 09:30,603389.XSHG,500,5.1,5.0,0.0,t_147,151
2024-03-22 09:30,605081.XSHG,200,12.44,5.0,0.0,t_148,152
2024-03-22 09:30,001211.XSHE,1500,17.68,5.0,0.0,t_149,153
2024-03-27 09:30,600847.XSHG,-2900,8.26,5.0,23.95,t_150,161
2024-03-27 09:30,002193.XSHE,700,4.63,5.0,0.0,t_151,162
2024-03-27 09:30,000691.XSHE,-6900,4.07,5.0,28.08,t_152,163
2024-03-27 09:30,605081.XSHG,100,11.57,5.0,0.0,t_153,164
2024-03-27 09:30,001211.XSHE,1500,17.0,5.0,0.0,t_154,165
2024-03-27 09:30,002856.XSHE,300,8.55,5.0,0.0,t_155,166
2024-03-27 09:30,300417.XSHE,300,8.56,5.0,0.0,t_156,167
2024-03-27 09:30,600539.XSHG,300,5.2,5.0,0.0,t_157,168
2024-03-27 09:30,600768.XSHG,200,9.06,5.0,0.0,t_158,169
2024-03-27 09:30,300929.XSHE,300,9.27,5.0,0.0,t_159,170
2024-03-27 09:30,002633.XSHE,400,8.13,5.0,0.0,t_160,171
2024-03-27 09:30,600455.XSHG,300,20.19,5.0,0.0,t_161,172
2024-03-27 09:30,002629.XSHE,600,2.8,5.0,0.0,t_162,173
2024-03-28 14:00,603813.XSHG,-200,14.31,5.0,2.86,t_163,174
2024-04-01 09:30,002633.XSHE,-15600,8.2,12.79,127.92,t_164,176
2024-04-01 09:30,600768.XSHG,-14000,9.43,13.2,132.02,t_165,177
2024-04-01 09:30,300417.XSHE,-14800,8.78,12.99,129.94,t_166,178
2024-04-01 09:30,600455.XSHG,-1600,20.75,5.0,33.2,t_167,179
2024-04-01 09:30,002856.XSHE,-14800,8.74,12.94,129.35,t_168,180
2024-04-01 09:30,300929.XSHE,-13700,9.53,13.06,130.56,t_169,181
2024-04-01 09:30,600539.XSHG,-24400,5.4,13.18,131.76,t_170,182
2024-04-01 09:30,600847.XSHG,-6200,8.46,5.25,52.45,t_171,183
2024-04-01 09:30,002193.XSHE,-27400,4.73,12.96,129.6,t_172,184
2024-04-01 09:30,000691.XSHE,-12600,4.04,5.09,50.9,t_173,185
2024-04-01 09:30,605081.XSHG,-4300,11.7,5.03,50.31,t_174,186
2024-04-01 09:30,001211.XSHE,-5900,17.48,10.31,103.13,t_175,187
2024-04-01 09:30,603813.XSHG,-1800,13.36,5.0,24.05,t_176,188
2024-04-01 09:30,002629.XSHE,-600,2.87,5.0,1.72,t_177,189
2024-04-01 09:30,511880.XSHG,12200,100.562,0.0,0.0,t_178,190
2024-05-06 09:30,511880.XSHG,-12200,100.703,0.0,0.0,t_179,191
2024-05-06 09:30,603389.XSHG,-10200,4.68,5.0,47.74,t_180,192
2024-05-06 09:30,002193.XSHE,6700,3.76,5.0,0.0,t_181,193
2024-05-06 09:30,002633.XSHE,3800,6.62,5.0,0.0,t_182,194
2024-05-06 09:30,300417.XSHE,3300,7.66,5.0,0.0,t_183,195
2024-05-06 09:30,002856.XSHE,3300,7.6,5.0,0.0,t_184,196
2024-05-06 09:30,002629.XSHE,10700,2.37,5.0,0.0,t_185,197
2024-05-06 09:30,000668.XSHE,3400,7.38,5.0,0.0,t_186,198
2024-05-06 09:30,600539.XSHG,5300,4.82,5.0,0.0,t_187,199
2024-05-06 09:30,600847.XSHG,3500,7.25,5.0,0.0,t_188,200
2024-05-06 09:30,603021.XSHG,7300,3.49,5.0,0.0,t_189,201
2024-05-06 09:30,600455.XSHG,1400,17.86,5.0,0.0,t_190,202
2024-05-07 14:00,002193.XSHE,-200,3.97,5.0,0.79,t_191,203
2024-05-07 14:00,002633.XSHE,-200,7.22,5.0,1.44,t_192,204
2024-05-09 09:30,002193.XSHE,6400,3.97,5.0,0.0,t_193,205
2024-05-09 09:30,002633.XSHE,3600,7.11,5.0,0.0,t_194,206
2024-05-09 09:30,300417.XSHE,3300,7.79,5.0,0.0,t_195,207
2024-05-09 09:30,002856.XSHE,3200,7.83,5.0,0.0,t_196,208
2024-05-09 09:30,002629.XSHE,10100,2.47,5.0,0.0,t_197,209
2024-05-09 09:30,000668.XSHE,3200,7.77,5.0,0.0,t_198,210
2024-05-09 09:30,600539.XSHG,5400,4.78,5.0,0.0,t_199,211
2024-05-09 09:30,600847.XSHG,3300,7.49,5.0,0.0,t_200,212
2024-05-09 09:30,603021.XSHG,7300,3.52,5.0,0.0,t_201,213
2024-05-09 09:30,600455.XSHG,1400,17.88,5.0,0.0,t_202,214
2024-05-14 09:30,002193.XSHE,6500,3.91,5.0,0.0,t_203,215
2024-05-14 09:30,002633.XSHE,4000,6.78,5.0,0.0,t_204,216
2024-05-14 09:30,300417.XSHE,3600,7.42,5.0,0.0,t_205,217
2024-05-14 09:30,002856.XSHE,3500,7.56,5.0,0.0,t_206,218
2024-05-14 09:30,002629.XSHE,11200,2.37,5.0,0.0,t_207,219
2024-05-14 09:30,600539.XSHG,5700,4.62,5.0,0.0,t_208,220
2024-05-14 09:30,600847.XSHG,3800,7.14,5.0,0.0,t_209,221
2024-05-14 09:30,603021.XSHG,8200,3.32,5.0,0.0,t_210,222
2024-05-14 09:30,600455.XSHG,1600,17.04,5.0,0.0,t_211,223
2024-05-14 09:30,300329.XSHE,5600,4.46,5.0,0.0,t_212,224
2024-05-16 14:00,600847.XSHG,-700,8.05,5.0,5.64,t_213,225
2024-05-17 09:30,002193.XSHE,6300,4.08,5.0,0.0,t_214,226
2024-05-17 09:30,002633.XSHE,3200,7.25,5.0,0.0,t_215,227
2024-05-17 09:30,300417.XSHE,3200,7.84,5.0,0.0,t_216,228
2024-05-17 09:30,002856.XSHE,2800,8.16,5.0,0.0,t_217,229
2024-05-17 09:30,002629.XSHE,12100,2.38,5.0,0.0,t_218,230
2024-05-17 09:30,000668.XSHE,3100,8.11,5.0,0.0,t_219,231
2024-05-17 09:30,600539.XSHG,5200,4.86,5.0,0.0,t_220,232
2024-05-17 09:30,603021.XSHG,6300,3.6,5.0,0.0,t_221,233
2024-05-17 09:30,600455.XSHG,1300,18.17,5.0,0.0,t_222,234
2024-05-17 09:30,300716.XSHE,3600,7.25,5.0,0.0,t_223,235
2024-05-22 09:30,002193.XSHE,7300,3.9,5.0,0.0,t_224,236
2024-05-22 09:30,002633.XSHE,3200,7.3,5.0,0.0,t_225,237
2024-05-22 09:30,300417.XSHE,3400,7.63,5.0,0.0,t_226,238
2024-05-22 09:30,002856.XSHE,3700,7.79,5.0,0.0,t_227,239
2024-05-22 09:30,002629.XSHE,12600,2.27,5.0,0.0,t_228,240
2024-05-22 09:30,000668.XSHE,3900,7.56,5.0,0.0,t_229,241
2024-05-22 09:30,600539.XSHG,4600,4.9,5.0,0.0,t_230,242
2024-05-22 09:30,600847.XSHG,-100,7.91,5.0,0.79,t_231,243
2024-05-22 09:30,603021.XSHG,6900,3.57,5.0,0.0,t_232,244
2024-05-22 09:30,600455.XSHG,1600,17.61,5.0,0.0,t_233,245
2024-05-22 09:30,300716.XSHE,3500,7.19,5.0,0.0,t_234,246
2024-05-27 09:30,002193.XSHE,500,3.68,5.0,0.0,t_235,247
2024-05-27 09:30,300417.XSHE,-300,7.61,5.0,2.28,t_236,249
2024-05-27 09:30,002856.XSHE,-400,7.8,5.0,3.12,t_237,250
2024-05-27 09:30,002629.XSHE,-1000,2.25,5.0,2.25,t_238,251
2024-05-27 09:30,600539.XSHG,-200,4.82,5.0,0.96,t_239,252
2024-05-27 09:30,600847.XSHG,-3000,7.38,5.0,22.14,t_240,253
2024-05-27 09:30,603021.XSHG,-6900,3.45,5.0,23.8,t_241,254
2024-05-27 09:30,600455.XSHG,100,16.83,5.0,0.0,t_242,255
2024-05-27 09:30,300329.XSHE,5700,4.42,5.0,0.0,t_243,256
2024-05-27 09:30,002193.XSHE,500,3.68,5.0,0.0,t_244,257
2024-05-27 09:30,002633.XSHE,300,6.98,5.0,0.0,t_245,258
2024-05-27 09:30,603272.XSHG,2200,10.78,5.0,0.0,t_246,259
2024-05-30 09:30,002193.XSHE,-500,3.77,5.0,1.89,t_247,260
2024-05-30 09:30,300417.XSHE,200,7.43,5.0,0.0,t_248,261
2024-05-30 09:30,002629.XSHE,-100,2.27,5.0,0.23,t_249,262
2024-05-30 09:30,000668.XSHE,100,7.11,5.0,0.0,t_250,263
2024-05-30 09:30,600847.XSHG,-3400,7.43,5.0,25.26,t_251,265
2024-05-30 09:30,603021.XSHG,700,3.38,5.0,0.0,t_252,266
2024-05-30 09:30,300329.XSHE,5300,4.3,5.0,0.0,t_253,267
2024-05-30 14:00,002856.XSHE,-4200,8.22,5.0,34.52,t_254,274
2024-06-04 09:30,002193.XSHE,300,3.43,5.0,0.0,t_255,275
2024-06-04 09:30,002633.XSHE,100,6.43,5.0,0.0,t_256,276
2024-06-04 09:30,300417.XSHE,-200,7.05,5.0,1.41,t_257,277
2024-06-04 09:30,002856.XSHE,-3100,7.98,5.0,24.74,t_258,278
2024-06-04 09:30,002629.XSHE,700,2.06,5.0,0.0,t_259,279
2024-06-04 09:30,000668.XSHE,4100,6.51,5.0,0.0,t_260,280
2024-06-04 09:30,600539.XSHG,1200,4.26,5.0,0.0,t_261,281
2024-06-04 09:30,600847.XSHG,-3400,6.65,5.0,22.61,t_262,282
2024-06-04 09:30,603021.XSHG,-100,3.13,5.0,0.31,t_263,283
2024-06-04 09:30,600455.XSHG,-100,16.01,5.0,1.6,t_264,284
2024-06-04 09:30,300329.XSHE,-5000,4.03,5.0,20.15,t_265,285
2024-06-04 09:30,603272.XSHG,4900,9.68,5.0,0.0,t_266,286
2024-06-04 09:30,000679.XSHE,8100,2.81,5.0,0.0,t_267,287
2024-06-06 14:00,300417.XSHE,-3200,7.63,5.0,24.42,t_268,288
2024-06-07 09:30,002193.XSHE,2100,2.89,5.0,0.0,t_269,289
2024-06-07 09:30,002633.XSHE,-400,5.91,5.0,2.36,t_270,290
2024-06-07 09:30,300417.XSHE,-1400,7.0,5.0,9.8,t_271,291
2024-06-07 09:30,002856.XSHE,-3800,8.32,5.0,31.62,t_272,292
2024-06-07 09:30,002629.XSHE,3000,1.75,5.0,0.0,t_273,293
2024-06-07 09:30,000668.XSHE,-100,5.87,5.0,0.59,t_274,294
2024-06-07 09:30,600539.XSHG,1600,3.6,5.0,0.0,t_275,295
2024-06-07 09:30,603021.XSHG,2700,2.56,5.0,0.0,t_276,296
2024-06-07 09:30,600455.XSHG,-1700,14.91,5.0,25.35,t_277,297
2024-06-07 09:30,300716.XSHE,-3300,5.48,5.0,18.08,t_278,298
2024-06-07 09:30,603272.XSHG,2900,8.3,5.0,0.0,t_279,299
2024-06-07 09:30,000679.XSHE,10500,2.22,5.0,0.0,t_280,300
2024-06-07 09:30,000953.XSHE,8800,2.35,5.0,0.0,t_281,301
2024-06-07 09:30,300391.XSHE,8000,2.51,5.0,0.0,t_282,302
2024-06-11 14:00,000668.XSHE,-100,6.12,5.0,0.61,t_283,304
2024-06-11 14:00,600539.XSHG,-500,3.79,5.0,1.9,t_284,305
2024-06-11 14:00,300716.XSHE,-200,6.03,5.0,1.21,t_285,306
2024-06-13 09:30,002193.XSHE,600,3.13,5.0,0.0,t_286,307
2024-06-13 09:30,002633.XSHE,300,6.14,5.0,0.0,t_287,308
2024-06-13 09:30,300417.XSHE,-3000,7.74,5.0,23.22,t_288,309
2024-06-13 09:30,002856.XSHE,-2600,9.78,5.0,25.43,t_289,310
2024-06-13 09:30,002629.XSHE,-1100,1.97,5.0,2.17,t_290,311
2024-06-13 09:30,000668.XSHE,200,6.42,5.0,0.0,t_291,312
2024-06-13 09:30,600539.XSHG,-100,4.07,5.0,0.41,t_292,313
2024-06-13 09:30,603021.XSHG,-300,2.86,5.0,0.86,t_293,314
2024-06-13 09:30,600455.XSHG,300,15.51,5.0,0.0,t_294,315
2024-06-13 09:30,300329.XSHE,200,3.87,5.0,0.0,t_295,316
2024-06-13 09:30,300716.XSHE,-3600,6.24,5.0,22.46,t_296,317
2024-06-13 09:30,603272.XSHG,2600,9.02,5.0,0.0,t_297,318
2024-06-13 09:30,000679.XSHE,5900,2.8,5.0,0.0,t_298,319
2024-06-13 09:30,000953.XSHE,8500,2.64,5.0,0.0,t_299,320
2024-06-13 09:30,002633.XSHE,700,6.14,5.0,0.0,t_300,321
2024-06-13 14:00,000679.XSHE,400,2.53,5.0,0.0,t_301,322
2024-06-18 09:30,002193.XSHE,-200,3.0,5.0,0.6,t_302,323
2024-06-18 09:30,002633.XSHE,-1000,6.18,5.0,6.18,t_303,324
2024-06-18 09:30,300417.XSHE,-3000,7.45,5.0,22.35,t_304,325
2024-06-18 09:30,002856.XSHE,-2400,11.55,5.0,27.72,t_305,326
2024-06-18 09:30,002629.XSHE,3800,1.75,5.0,0.0,t_306,327
2024-06-18 09:30,000668.XSHE,-300,6.21,5.0,1.86,t_307,328
2024-06-18 09:30,600539.XSHG,300,3.8,5.0,0.0,t_308,329
2024-06-18 09:30,603021.XSHG,8400,2.68,5.0,0.0,t_309,330
2024-06-18 09:30,600455.XSHG,-1500,14.97,5.0,22.46,t_310,331
2024-06-18 09:30,300329.XSHE,300,3.59,5.0,0.0,t_311,332
2024-06-18 09:30,603272.XSHG,100,8.5,5.0,0.0,t_312,333
2024-06-18 09:30,000679.XSHE,10500,2.45,5.0,0.0,t_313,334
2024-06-18 09:30,000953.XSHE,9000,2.47,5.0,0.0,t_314,335
2024-06-18 09:30,300391.XSHE,200,2.63,5.0,0.0,t_315,336
2024-06-21 09:30,300417.XSHE,-3100,7.72,5.0,23.93,t_316,339
2024-06-21 09:30,002629.XSHE,-300,1.74,5.0,0.52,t_317,340
2024-06-21 09:30,000668.XSHE,100,6.08,5.0,0.0,t_318,341
2024-06-21 09:30,603021.XSHG,400,2.62,5.0,0.0,t_319,342
2024-06-21 09:30,600455.XSHG,-1500,15.06,5.0,22.59,t_320,343
2024-06-21 09:30,300329.XSHE,-6100,3.6,5.0,21.96,t_321,344
2024-06-21 09:30,000679.XSHE,7700,2.49,5.0,0.0,t_322,345
2024-06-21 09:30,000953.XSHE,9300,2.41,5.0,0.0,t_323,346
2024-06-21 09:30,300391.XSHE,8900,2.51,5.0,0.0,t_324,347
2024-06-21 09:30,002633.XSHE,600,5.86,5.0,0.0,t_325,348
2024-06-26 09:30,002633.XSHE,-300,5.65,5.0,1.7,t_326,349
2024-06-26 09:30,300417.XSHE,-2800,7.9,5.0,22.12,t_327,350
2024-06-26 09:30,002629.XSHE,6500,1.48,5.0,0.0,t_328,351
2024-06-26 09:30,000668.XSHE,-3800,5.87,5.0,22.31,t_329,352
2024-06-26 09:30,600539.XSHG,300,3.5,5.0,0.0,t_330,353
2024-06-26 09:30,603021.XSHG,100,2.46,5.0,0.0,t_331,354
2024-06-26 09:30,600455.XSHG,-1400,13.95,5.0,19.53,t_332,355
2024-06-26 09:30,300329.XSHE,5700,3.45,5.0,0.0,t_333,356
2024-06-26 09:30,603272.XSHG,-300,8.2,5.0,2.46,t_334,357
2024-06-26 09:30,000953.XSHE,7900,2.32,5.0,0.0,t_335,358
2024-06-26 09:30,300391.XSHE,8200,2.34,5.0,0.0,t_336,359
2024-07-01 09:30,002633.XSHE,-100,5.88,5.0,0.59,t_337,362
2024-07-01 09:30,002629.XSHE,-400,1.54,5.0,0.62,t_338,363
2024-07-01 09:30,000668.XSHE,-400,6.25,5.0,2.5,t_339,364
2024-07-01 09:30,600539.XSHG,-100,3.64,5.0,0.36,t_340,365
2024-07-01 09:30,603021.XSHG,-500,2.58,5.0,1.29,t_341,366
2024-07-01 09:30,300329.XSHE,-500,3.73,5.0,1.86,t_342,367
2024-07-01 09:30,603272.XSHG,-200,8.55,5.0,1.71,t_343,368
2024-07-01 09:30,000679.XSHE,1000,2.36,5.0,0.0,t_344,369
2024-07-01 09:30,000953.XSHE,600,2.36,5.0,0.0,t_345,370
2024-07-01 09:30,300391.XSHE,1400,2.34,5.0,0.0,t_346,371
2024-07-01 09:30,002193.XSHE,600,2.77,5.0,0.0,t_347,372
2024-07-03 14:00,002193.XSHE,-100,3.13,5.0,0.31,t_348,373
2024-07-03 14:00,000668.XSHE,-700,7.28,5.0,5.1,t_349,374
2024-07-04 09:30,002193.XSHE,1500,3.0,5.0,0.0,t_350,375
2024-07-04 09:30,002633.XSHE,100,5.98,5.0,0.0,t_351,376
2024-07-04 09:30,002629.XSHE,200,1.67,5.0,0.0,t_352,377
2024-07-04 09:30,000668.XSHE,-2000,6.47,5.0,12.94,t_353,378
2024-07-04 09:30,603021.XSHG,1600,2.73,5.0,0.0,t_354,379
2024-07-04 09:30,603272.XSHG,900,8.78,5.0,0.0,t_355,380
2024-07-04 09:30,000953.XSHE,300,2.5,5.0,0.0,t_356,381
2024-07-04 14:00,300391.XSHE,-8900,3.84,5.0,34.18,t_357,387
2024-07-05 14:00,000679.XSHE,-7000,3.17,5.0,22.19,t_358,388
2024-07-08 14:00,002629.XSHE,1300,1.63,5.0,0.0,t_359,389
2024-07-08 14:00,300391.XSHE,-3300,4.7,5.0,15.51,t_360,390
2024-07-09 09:30,002193.XSHE,700,2.85,5.0,0.0,t_361,391
2024-07-09 09:30,002633.XSHE,1800,5.63,5.0,0.0,t_362,392
2024-07-09 09:30,002629.XSHE,-900,1.63,5.0,1.47,t_363,393
2024-07-09 09:30,000668.XSHE,500,5.96,5.0,0.0,t_364,394
2024-07-09 09:30,600539.XSHG,1500,3.68,5.0,0.0,t_365,395
2024-07-09 09:30,603021.XSHG,2400,2.5,5.0,0.0,t_366,396
2024-07-09 09:30,600455.XSHG,1600,14.26,5.0,0.0,t_367,397
2024-07-09 09:30,300329.XSHE,-5800,4.15,5.0,24.07,t_368,398
2024-07-09 09:30,603272.XSHG,100,8.39,5.0,0.0,t_369,399
2024-07-09 09:30,000679.XSHE,-2200,2.56,5.0,5.63,t_370,400
2024-07-09 09:30,000953.XSHE,2200,2.39,5.0,0.0,t_371,401
2024-07-09 09:30,300391.XSHE,-200,4.7,5.0,0.94,t_372,402
2024-07-09 09:30,600768.XSHG,6600,6.73,5.0,0.0,t_373,403
2024-07-12 09:30,002193.XSHE,600,2.88,5.0,0.0,t_374,404
2024-07-12 09:30,002633.XSHE,-500,6.0,5.0,3.0,t_375,405
2024-07-12 09:30,002629.XSHE,1900,1.57,5.0,0.0,t_376,406
2024-07-12 09:30,300391.XSHE,-6200,5.75,5.0,35.65,t_377,413
2024-07-12 09:30,600768.XSHG,3400,6.9,5.0,0.0,t_378,414
2024-07-12 09:30,002629.XSHE,2900,1.57,5.0,0.0,t_379,415
2024-07-12 09:30,002193.XSHE,300,2.88,5.0,0.0,t_380,416
2024-07-12 09:30,603021.XSHG,800,2.54,5.0,0.0,t_381,417
2024-07-12 09:30,600539.XSHG,500,3.74,5.0,0.0,t_382,418
2024-07-12 09:30,603272.XSHG,300,8.51,5.0,0.0,t_383,419
2024-07-12 09:30,002620.XSHE,100,2.44,5.0,0.0,t_384,423
2024-07-12 14:00,000679.XSHE,-9200,2.68,5.0,24.66,t_385,424
2024-07-12 14:00,000953.XSHE,-11500,2.62,5.0,30.13,t_386,425
2024-07-16 14:00,002193.XSHE,-5100,3.25,5.0,16.57,t_387,426
2024-07-17 09:30,002193.XSHE,900,3.15,5.0,0.0,t_388,427
2024-07-17 09:30,002633.XSHE,-400,6.0,5.0,2.4,t_389,428
2024-07-17 09:30,002629.XSHE,900,1.52,5.0,0.0,t_390,429
2024-07-17 09:30,000668.XSHE,4700,5.66,5.0,0.0,t_391,430
2024-07-17 09:30,600539.XSHG,1200,3.53,5.0,0.0,t_392,431
2024-07-17 09:30,603021.XSHG,400,2.46,5.0,0.0,t_393,432
2024-07-17 09:30,600455.XSHG,2700,13.86,5.0,0.0,t_394,433
2024-07-17 09:30,300329.XSHE,-5400,3.98,5.0,21.49,t_395,434
2024-07-17 09:30,603272.XSHG,500,8.03,5.0,0.0,t_396,435
2024-07-17 09:30,000679.XSHE,-7800,2.52,5.0,19.66,t_397,436
2024-07-17 09:30,000953.XSHE,-8500,2.55,5.0,21.68,t_398,437
2024-07-17 09:30,300391.XSHE,-3900,5.37,5.0,20.94,t_399,438
2024-07-17 09:30,600768.XSHG,3800,6.52,5.0,0.0,t_400,439
2024-07-17 09:30,002620.XSHE,19400,2.3,5.0,0.0,t_401,440
2024-07-17 09:30,600455.XSHG,700,13.86,5.0,0.0,t_402,441
2024-07-18 14:00,000679.XSHE,-2700,2.96,5.0,7.99,t_403,442
2024-07-19 14:00,000953.XSHE,-3600,2.95,5.0,10.62,t_404,443
2024-07-22 09:30,002193.XSHE,2000,2.98,5.0,0.0,t_405,444
2024-07-22 09:30,002633.XSHE,300,5.88,5.0,0.0,t_406,445
2024-07-22 09:30,002629.XSHE,1800,1.48,5.0,0.0,t_407,446
2024-07-22 09:30,000668.XSHE,-100,5.7,5.0,0.57,t_408,447
2024-07-22 09:30,600539.XSHG,100,3.51,5.0,0.0,t_409,448
2024-07-22 09:30,603021.XSHG,1100,2.4,5.0,0.0,t_410,449
2024-07-22 09:30,600455.XSHG,400,13.85,5.0,0.0,t_411,450
2024-07-22 09:30,603272.XSHG,100,7.87,5.0,0.0,t_412,451
2024-07-22 09:30,000679.XSHE,-7100,2.79,5.0,19.81,t_413,452
2024-07-22 09:30,000953.XSHE,-6800,2.79,5.0,18.97,t_414,453
2024-07-22 09:30,300391.XSHE,-4200,5.91,5.0,24.82,t_415,454
2024-07-22 09:30,600768.XSHG,3600,6.44,5.0,0.0,t_416,455
2024-07-22 09:30,002620.XSHE,9500,2.32,5.0,0.0,t_417,456
2024-07-22 09:30,603272.XSHG,100,7.87,5.0,0.0,t_418,457
2024-07-22 09:30,600455.XSHG,1200,13.85,5.0,0.0,t_419,458
2024-07-23 14:00,002193.XSHE,-1400,3.23,5.0,4.52,t_420,459
2024-07-23 14:00,000679.XSHE,-700,3.19,5.0,2.23,t_421,460
2024-07-25 09:30,002193.XSHE,-200,3.16,5.0,0.63,t_422,461
2024-07-25 09:30,002633.XSHE,-5400,6.65,5.0,35.91,t_423,462
2024-07-25 09:30,002629.XSHE,500,1.49,5.0,0.0,t_424,463
2024-07-25 09:30,000668.XSHE,4100,5.71,5.0,0.0,t_425,464
2024-07-25 09:30,600539.XSHG,900,3.46,5.0,0.0,t_426,465
2024-07-25 09:30,603021.XSHG,800,2.39,5.0,0.0,t_427,466
2024-07-25 09:30,600455.XSHG,300,13.42,5.0,0.0,t_428,467
2024-07-25 09:30,603272.XSHG,400,7.78,5.0,0.0,t_429,468
2024-07-25 09:30,000679.XSHE,-7400,3.05,5.0,22.57,t_430,469
2024-07-25 09:30,000953.XSHE,-7500,2.63,5.0,19.73,t_431,470
2024-07-25 09:30,600768.XSHG,600,6.32,5.0,0.0,t_432,471
2024-07-25 09:30,002620.XSHE,9400,2.37,5.0,0.0,t_433,472
2024-07-25 09:30,300478.XSHE,3200,6.95,5.0,0.0,t_434,473
2024-07-30 09:30,002193.XSHE,300,3.3,5.0,0.0,t_435,474
2024-07-30 09:30,002633.XSHE,-2900,6.69,5.0,19.4,t_436,475
2024-07-30 09:30,002629.XSHE,-800,1.59,5.0,1.27,t_437,476
2024-07-30 09:30,000668.XSHE,-300,6.14,5.0,1.84,t_438,477
2024-07-30 09:30,603021.XSHG,-1000,2.58,5.0,2.58,t_439,478
2024-07-30 09:30,600455.XSHG,100,14.02,5.0,0.0,t_440,479
2024-07-30 09:30,603272.XSHG,-200,8.38,5.0,1.68,t_441,480
2024-07-30 09:30,000953.XSHE,-8700,2.95,5.0,25.66,t_442,481
2024-07-30 09:30,600768.XSHG,300,6.56,5.0,0.0,t_443,482
2024-07-30 09:30,002620.XSHE,500,2.47,5.0,0.0,t_444,483
2024-07-30 09:30,300478.XSHE,3400,7.24,5.0,0.0,t_445,484
2024-07-30 09:30,603316.XSHG,6800,3.51,5.0,0.0,t_446,485
2024-08-02 09:30,002193.XSHE,-100,3.47,5.0,0.35,t_447,486
2024-08-02 09:30,002633.XSHE,-3400,6.87,5.0,23.36,t_448,487
2024-08-02 09:30,002629.XSHE,-2500,1.72,5.0,4.3,t_449,488
2024-08-02 09:30,000668.XSHE,100,6.36,5.0,0.0,t_450,489
2024-08-02 09:30,603021.XSHG,-1000,2.76,5.0,2.76,t_451,490
2024-08-02 09:30,603272.XSHG,300,8.5,5.0,0.0,t_452,491
2024-08-02 09:30,600768.XSHG,100,6.81,5.0,0.0,t_453,492
2024-08-02 09:30,002620.XSHE,-10000,2.61,5.0,26.1,t_454,493
2024-08-02 09:30,300478.XSHE,3700,7.31,5.0,0.0,t_455,494
2024-08-02 09:30,300929.XSHE,3400,7.33,5.0,0.0,t_456,495
2024-08-07 09:30,002193.XSHE,-8900,3.76,5.0,33.46,t_457,496
2024-08-07 09:30,002633.XSHE,-3700,7.08,5.0,26.2,t_458,497
2024-08-07 09:30,002629.XSHE,3000,1.69,5.0,0.0,t_459,498
2024-08-07 09:30,000668.XSHE,300,6.41,5.0,0.0,t_460,499
2024-08-07 09:30,600539.XSHG,600,3.84,5.0,0.0,t_461,500
2024-08-07 09:30,603021.XSHG,1000,2.76,5.0,0.0,t_462,501
2024-08-07 09:30,600455.XSHG,-200,15.54,5.0,3.11,t_463,502
2024-08-07 09:30,603272.XSHG,200,8.61,5.0,0.0,t_464,503
2024-08-07 09:30,600768.XSHG,500,6.78,5.0,0.0,t_465,504
2024-08-07 09:30,300478.XSHE,4100,7.13,5.0,0.0,t_466,505
2024-08-07 09:30,603316.XSHG,100,3.69,5.0,0.0,t_467,506
2024-08-07 09:30,300929.XSHE,2300,7.26,5.0,0.0,t_468,507
2024-08-07 14:00,002620.XSHE,-10800,2.86,5.0,30.89,t_469,510
2024-08-09 14:00,600768.XSHG,-1100,7.21,5.0,7.93,t_470,511
2024-08-12 09:30,002193.XSHE,1900,3.49,5.0,0.0,t_471,512
2024-08-12 09:30,002633.XSHE,-3700,7.15,5.0,26.46,t_472,513
2024-08-12 09:30,002629.XSHE,-2500,1.74,5.0,4.35,t_473,514
2024-08-12 09:30,000668.XSHE,-4200,6.52,5.0,27.38,t_474,515
2024-08-12 09:30,600539.XSHG,-200,3.85,5.0,0.77,t_475,516
2024-08-12 09:30,603021.XSHG,-200,2.76,5.0,0.55,t_476,517
2024-08-12 09:30,600455.XSHG,400,14.64,5.0,0.0,t_477,518
2024-08-12 09:30,603272.XSHG,-100,8.69,5.0,0.87,t_478,519
2024-08-12 09:30,600768.XSHG,200,7.1,5.0,0.0,t_479,520
2024-08-12 09:30,002620.XSHE,1800,2.57,5.0,0.0,t_480,521
2024-08-12 09:30,300478.XSHE,3000,7.35,5.0,0.0,t_481,522
2024-08-12 09:30,603316.XSHG,-100,3.81,5.0,0.38,t_482,523
2024-08-12 09:30,300929.XSHE,4400,7.54,5.0,0.0,t_483,524
2024-08-12 09:30,300665.XSHE,4900,5.16,5.0,0.0,t_484,525
2024-08-14 14:00,002629.XSHE,-8100,2.0,5.0,16.2,t_485,526
2024-08-15 09:30,002193.XSHE,200,3.52,5.0,0.0,t_486,527
2024-08-15 09:30,002629.XSHE,3600,1.88,5.0,0.0,t_487,528
2024-08-15 09:30,000668.XSHE,400,6.39,5.0,0.0,t_488,529
2024-08-15 09:30,600539.XSHG,600,3.83,5.0,0.0,t_489,530
2024-08-15 09:30,603021.XSHG,800,2.75,5.0,0.0,t_490,531
2024-08-15 09:30,600455.XSHG,100,14.69,5.0,0.0,t_491,532
2024-08-15 09:30,603272.XSHG,-200,8.95,5.0,1.79,t_492,533
2024-08-15 09:30,600768.XSHG,-100,7.29,5.0,0.73,t_493,534
2024-08-15 09:30,002620.XSHE,-10200,2.7,5.0,27.54,t_494,535
2024-08-15 09:30,300478.XSHE,400,7.27,5.0,0.0,t_495,536
2024-08-15 09:30,300929.XSHE,200,7.56,5.0,0.0,t_496,537
2024-08-15 09:30,002856.XSHE,3500,7.22,5.0,0.0,t_497,538
2024-08-20 09:30,002193.XSHE,200,3.46,5.0,0.0,t_498,539
2024-08-20 09:30,002629.XSHE,100,1.77,5.0,0.0,t_499,540
2024-08-20 09:30,600455.XSHG,-300,15.28,5.0,4.58,t_500,544
2024-08-20 09:30,603272.XSHG,300,8.65,5.0,0.0,t_501,545
2024-08-20 09:30,600768.XSHG,200,7.1,5.0,0.0,t_502,546
2024-08-20 09:30,002620.XSHE,200,2.59,5.0,0.0,t_503,547
2024-08-20 09:30,300478.XSHE,-5500,8.49,5.0,46.7,t_504,548
2024-08-20 09:30,603316.XSHG,100,3.72,5.0,0.0,t_505,549
2024-08-20 09:30,300929.XSHE,200,7.4,5.0,0.0,t_506,550
2024-08-20 09:30,300665.XSHE,-200,5.53,5.0,1.11,t_507,551
2024-08-20 09:30,002856.XSHE,3800,7.09,5.0,0.0,t_508,552
2024-08-20 09:30,002629.XSHE,4000,1.77,5.0,0.0,t_509,553
2024-08-20 09:30,603021.XSHG,1500,2.66,5.0,0.0,t_510,554
2024-08-20 09:30,600539.XSHG,900,3.72,5.0,0.0,t_511,555
2024-08-20 09:30,002193.XSHE,200,3.46,5.0,0.0,t_512,556
2024-08-20 09:30,600768.XSHG,100,7.1,5.0,0.0,t_513,557
2024-08-20 09:30,002620.XSHE,100,2.59,5.0,0.0,t_514,558
2024-08-20 09:30,000668.XSHE,300,6.27,5.0,0.0,t_515,559
2024-08-23 09:30,002629.XSHE,600,1.64,5.0,0.0,t_516,560
2024-08-23 09:30,000668.XSHE,-100,6.13,5.0,0.61,t_517,561
2024-08-23 09:30,600539.XSHG,-300,3.63,5.0,1.09,t_518,562
2024-08-23 09:30,603021.XSHG,-600,2.6,5.0,1.56,t_519,563
2024-08-23 09:30,600768.XSHG,100,6.83,5.0,0.0,t_520,564
2024-08-23 09:30,300478.XSHE,-2300,7.57,5.0,17.41,t_521,565
2024-08-23 09:30,603316.XSHG,5700,3.5,5.0,0.0,t_522,566
2024-08-23 14:00,002193.XSHE,-9300,3.58,5.0,33.29,t_523,573
2024-08-28 09:30,002193.XSHE,8200,3.42,5.0,0.0,t_524,574
2024-08-28 09:30,002629.XSHE,-400,1.68,5.0,0.67,t_525,575
2024-08-28 09:30,000668.XSHE,200,5.93,5.0,0.0,t_526,576
2024-08-28 09:30,600539.XSHG,500,3.52,5.0,0.0,t_527,577
2024-08-28 09:30,603021.XSHG,-2200,2.69,5.0,5.92,t_528,578
2024-08-28 09:30,600455.XSHG,-2000,15.27,5.0,30.54,t_529,579
2024-08-28 09:30,600768.XSHG,100,6.67,5.0,0.0,t_530,580
2024-08-28 09:30,002620.XSHE,-200,2.53,5.0,0.51,t_531,581
2024-08-28 09:30,300478.XSHE,700,6.91,5.0,0.0,t_532,582
2024-08-28 09:30,603316.XSHG,1200,3.57,5.0,0.0,t_533,583
2024-08-28 09:30,300929.XSHE,400,6.77,5.0,0.0,t_534,584
2024-08-28 09:30,300665.XSHE,-4700,4.95,5.0,23.27,t_535,585
2024-08-28 09:30,002856.XSHE,7600,6.6,5.02,0.0,t_536,586
2024-09-02 09:30,002193.XSHE,-1100,3.76,5.0,4.14,t_537,587
2024-09-02 09:30,002629.XSHE,800,1.75,5.0,0.0,t_538,588
2024-09-02 09:30,000668.XSHE,500,6.35,5.0,0.0,t_539,589
2024-09-02 09:30,600539.XSHG,-800,3.81,5.0,3.05,t_540,590
2024-09-02 09:30,603021.XSHG,1100,2.75,5.0,0.0,t_541,591
2024-09-02 09:30,600455.XSHG,-1500,15.88,5.0,23.82,t_542,592
2024-09-02 09:30,002620.XSHE,-9800,2.65,5.0,25.97,t_543,593
2024-09-02 09:30,603316.XSHG,100,3.73,5.0,0.0,t_544,594
2024-09-02 09:30,002856.XSHE,4100,6.81,5.0,0.0,t_545,595
2024-09-02 09:30,603021.XSHG,200,2.75,5.0,0.0,t_546,596
2024-09-02 09:30,000668.XSHE,3200,6.35,5.0,0.0,t_547,597
2024-09-05 09:30,002193.XSHE,-7600,3.8,5.0,28.88,t_548,598
2024-09-05 09:30,002629.XSHE,-900,1.73,5.0,1.56,t_549,599
2024-09-05 09:30,000668.XSHE,900,5.96,5.0,0.0,t_550,600
2024-09-05 09:30,600539.XSHG,-300,3.74,5.0,1.12,t_551,601
2024-09-05 09:30,600455.XSHG,-1800,15.99,5.0,28.78,t_552,602
2024-09-05 09:30,603272.XSHG,100,8.44,5.0,0.0,t_553,603
2024-09-05 09:30,600768.XSHG,-200,6.97,5.0,1.39,t_554,604
2024-09-05 09:30,300478.XSHE,200,6.96,5.0,0.0,t_555,605
2024-09-05 09:30,300929.XSHE,3700,6.94,5.0,0.0,t_556,606
2024-09-05 09:30,002856.XSHE,500,6.47,5.0,0.0,t_557,607
2024-09-05 09:30,300665.XSHE,5100,4.88,5.0,0.0,t_558,608
2024-09-10 09:30,002193.XSHE,-6800,3.9,5.0,26.52,t_559,609
2024-09-10 09:30,002629.XSHE,-300,1.77,5.0,0.53,t_560,610
2024-09-10 09:30,000668.XSHE,-400,6.23,5.0,2.49,t_561,611
2024-09-10 09:30,600539.XSHG,-200,3.84,5.0,0.77,t_562,612
2024-09-10 09:30,603021.XSHG,100,2.73,5.0,0.0,t_563,613
2024-09-10 09:30,600455.XSHG,-1500,15.64,5.0,23.46,t_564,614
2024-09-10 09:30,600768.XSHG,-3600,7.11,5.0,25.6,t_565,615
2024-09-10 09:30,300478.XSHE,3600,7.1,5.0,0.0,t_566,616
2024-09-10 09:30,603316.XSHG,-6800,3.68,5.0,25.02,t_567,617
2024-09-10 09:30,300929.XSHE,3700,7.04,5.0,0.0,t_568,618
2024-09-10 09:30,002856.XSHE,400,6.49,5.0,0.0,t_569,619
2024-09-10 09:30,002620.XSHE,10100,2.54,5.0,0.0,t_570,620
2024-09-10 09:30,603813.XSHG,2700,9.02,5.0,0.0,t_571,621
2024-09-12 14:00,000668.XSHE,-900,6.65,5.0,5.99,t_572,622
2024-09-13 09:30,002193.XSHE,300,3.86,5.0,0.0,t_573,623
2024-09-13 09:30,002629.XSHE,-1500,1.84,5.0,2.76,t_574,624
2024-09-13 09:30,000668.XSHE,-3700,6.51,5.0,24.09,t_575,625
2024-09-13 09:30,600539.XSHG,500,3.84,5.0,0.0,t_576,626
2024-09-13 09:30,603021.XSHG,-100,2.79,5.0,0.28,t_577,627
2024-09-13 09:30,600455.XSHG,-1700,16.2,5.0,27.54,t_578,628
2024-09-13 09:30,603272.XSHG,200,8.64,5.0,0.0,t_579,629
2024-09-13 09:30,600768.XSHG,-3900,7.38,5.0,28.78,t_580,630
2024-09-13 09:30,300478.XSHE,3900,7.12,5.0,0.0,t_581,631
2024-09-13 09:30,603316.XSHG,-7100,3.74,5.0,26.55,t_582,632
2024-09-13 09:30,300929.XSHE,200,7.08,5.0,0.0,t_583,633
2024-09-13 09:30,300665.XSHE,5200,5.06,5.0,0.0,t_584,634
2024-09-13 09:30,002620.XSHE,10600,2.54,5.0,0.0,t_585,635
2024-09-13 09:30,603813.XSHG,3100,8.97,5.0,0.0,t_586,636
2024-09-20 09:30,002193.XSHE,-6700,3.89,5.0,26.06,t_587,637
2024-09-20 09:30,002629.XSHE,1600,1.82,5.0,0.0,t_588,638
2024-09-20 09:30,000668.XSHE,-3900,6.54,5.0,25.51,t_589,639
2024-09-20 09:30,600539.XSHG,-400,3.94,5.0,1.58,t_590,640
2024-09-20 09:30,603021.XSHG,1300,2.74,5.0,0.0,t_591,641
2024-09-20 09:30,603272.XSHG,100,8.69,5.0,0.0,t_592,642
2024-09-20 09:30,600768.XSHG,-3600,7.54,5.0,27.14,t_593,643
2024-09-20 09:30,300929.XSHE,500,6.98,5.0,0.0,t_594,644
2024-09-20 09:30,300665.XSHE,5400,5.08,5.0,0.0,t_595,645
2024-09-20 09:30,002620.XSHE,10200,2.58,5.0,0.0,t_596,646
2024-09-20 09:30,603813.XSHG,1800,8.9,5.0,0.0,t_597,647
2024-09-20 09:30,600193.XSHG,300,2.17,5.0,0.0,t_598,648
2024-09-20 14:00,002856.XSHE,-5200,7.15,5.0,37.18,t_599,650
2024-09-25 09:30,002193.XSHE,-6900,4.15,5.0,28.64,t_600,651
2024-09-25 09:30,002629.XSHE,-200,1.89,5.0,0.38,t_601,652
2024-09-25 09:30,000668.XSHE,100,6.64,5.0,0.0,t_602,653
2024-09-25 09:30,600539.XSHG,-200,4.11,5.0,0.82,t_603,654
2024-09-25 09:30,603021.XSHG,-1100,2.91,5.0,3.2,t_604,655
2024-09-25 09:30,603272.XSHG,100,8.9,5.0,0.0,t_605,656
2024-09-25 09:30,600768.XSHG,-3400,7.65,5.0,26.01,t_606,657
2024-09-25 09:30,300478.XSHE,300,7.36,5.0,0.0,t_607,658
2024-09-25 09:30,300665.XSHE,5600,5.17,5.0,0.0,t_608,659
2024-09-25 09:30,002620.XSHE,-500,2.72,5.0,1.36,t_609,660
2024-09-25 09:30,603813.XSHG,4000,9.43,5.0,0.0,t_610,661
2024-09-25 09:30,600193.XSHG,10000,2.65,5.0,0.0,t_611,662
2024-09-25 14:00,600193.XSHG,200,2.46,5.0,0.0,t_612,663
2024-09-30 09:30,002629.XSHE,-1400,2.16,5.0,3.02,t_613,664
2024-09-30 09:30,000668.XSHE,-600,7.86,5.0,4.72,t_614,665
2024-09-30 09:30,600539.XSHG,700,4.5,5.0,0.0,t_615,666
2024-09-30 09:30,603021.XSHG,-1100,3.34,5.0,3.67,t_616,667
2024-09-30 09:30,603272.XSHG,500,9.66,5.0,0.0,t_617,668
2024-09-30 09:30,300929.XSHE,100,8.08,5.0,0.0,t_618,669
2024-09-30 09:30,002856.XSHE,-3800,8.5,5.0,32.3,t_619,670
2024-09-30 09:30,300665.XSHE,200,5.73,5.0,0.0,t_620,671
2024-09-30 09:30,002620.XSHE,-500,3.1,5.0,1.55,t_621,672
2024-09-30 09:30,603813.XSHG,3100,10.5,5.0,0.0,t_622,673
2024-09-30 09:30,600193.XSHG,600,2.78,5.0,0.0,t_623,674
2024-10-08 14:00,002629.XSHE,300,2.33,5.0,0.0,t_624,675
2024-10-10 09:30,002629.XSHE,-400,2.17,5.0,0.87,t_625,676
2024-10-10 09:30,000668.XSHE,100,7.49,5.0,0.0,t_626,677
2024-10-10 09:30,600539.XSHG,100,4.45,5.0,0.0,t_627,678
2024-10-10 09:30,300478.XSHE,-500,8.51,5.0,4.25,t_628,681
2024-10-10 09:30,300929.XSHE,-100,8.17,5.0,0.82,t_629,682
2024-10-10 09:30,002856.XSHE,-4200,9.38,5.0,39.4,t_630,683
2024-10-10 09:30,300665.XSHE,-800,6.01,5.0,4.81,t_631,684
2024-10-10 09:30,002620.XSHE,1000,3.0,5.0,0.0,t_632,685
2024-10-10 09:30,603813.XSHG,200,10.38,5.0,0.0,t_633,686
2024-10-10 09:30,600193.XSHG,900,2.57,5.0,0.0,t_634,687
2024-10-10 09:30,603021.XSHG,2000,3.2,5.0,0.0,t_635,688
2024-10-10 09:30,600539.XSHG,300,4.45,5.0,0.0,t_636,689
2024-10-10 09:30,000668.XSHE,500,7.49,5.0,0.0,t_637,690
2024-10-10 09:30,600768.XSHG,3600,8.31,5.0,0.0,t_638,691
2024-10-11 14:00,000668.XSHE,-100,7.56,5.0,0.76,t_639,692
2024-10-15 09:30,000668.XSHE,100,7.45,5.0,0.0,t_640,693
2024-10-15 09:30,600539.XSHG,100,4.48,5.0,0.0,t_641,694
2024-10-15 09:30,002856.XSHE,-3400,9.94,5.0,33.8,t_642,699
2024-10-15 09:30,300665.XSHE,-4900,6.07,5.0,29.74,t_643,700
2024-10-15 09:30,002620.XSHE,-100,3.1,5.0,0.31,t_644,701
2024-10-15 09:30,603813.XSHG,100,10.55,5.0,0.0,t_645,702
2024-10-15 09:30,603021.XSHG,900,3.23,5.0,0.0,t_646,703
2024-10-15 09:30,603272.XSHG,200,9.86,5.0,0.0,t_647,704
2024-10-15 09:30,300478.XSHE,400,8.54,5.0,0.0,t_648,705
2024-10-15 09:30,600539.XSHG,700,4.48,5.0,0.0,t_649,706
2024-10-15 09:30,000668.XSHE,4600,7.45,5.0,0.0,t_650,707
2024-10-15 09:30,002193.XSHE,3900,4.35,5.0,0.0,t_651,708
2024-10-15 14:00,300929.XSHE,-4600,9.01,5.0,41.45,t_652,710
2024-10-15 14:00,600193.XSHG,-300,2.78,5.0,0.83,t_653,711
2024-10-16 14:00,002193.XSHE,3000,4.6,5.0,0.0,t_654,712
2024-10-18 09:30,002629.XSHE,1200,2.15,5.0,0.0,t_655,713
2024-10-18 09:30,000668.XSHE,3500,7.22,5.0,0.0,t_656,714
2024-10-18 09:30,600539.XSHG,-900,4.52,5.0,4.07,t_657,715
2024-10-18 09:30,603021.XSHG,-800,3.23,5.0,2.58,t_658,716
2024-10-18 09:30,603272.XSHG,-400,10.0,5.0,4.0,t_659,717
2024-10-18 09:30,600768.XSHG,1300,8.49,5.0,0.0,t_660,718
2024-10-18 09:30,300478.XSHE,-200,8.49,5.0,1.7,t_661,719
2024-10-18 09:30,300929.XSHE,200,8.2,5.0,0.0,t_662,720
2024-10-18 09:30,300665.XSHE,-5600,6.14,5.0,34.38,t_663,721
2024-10-18 09:30,002620.XSHE,-9900,3.0,5.0,29.7,t_664,722
2024-10-18 09:30,600193.XSHG,-11700,2.68,5.0,31.36,t_665,723
2024-10-18 09:30,300929.XSHE,600,8.2,5.0,0.0,t_666,724
2024-10-18 09:30,000668.XSHE,1100,7.22,5.0,0.0,t_667,725
2024-10-18 09:30,603955.XSHG,3700,8.31,5.0,0.0,t_668,726
2024-10-18 09:30,002719.XSHE,4700,6.52,5.0,0.0,t_669,727
2024-10-18 09:30,600768.XSHG,2400,8.49,5.0,0.0,t_670,728
2024-10-21 14:00,603021.XSHG,-5700,3.83,5.0,21.83,t_671,729
2024-10-23 09:30,002629.XSHE,1000,2.35,5.0,0.0,t_672,730
2024-10-23 09:30,000668.XSHE,1200,7.56,5.0,0.0,t_673,731
2024-10-23 09:30,600539.XSHG,700,4.89,5.0,0.0,t_674,732
2024-10-23 09:30,603272.XSHG,400,10.71,5.0,0.0,t_675,733
2024-10-23 09:30,600768.XSHG,400,8.83,5.0,0.0,t_676,734
2024-10-23 09:30,002856.XSHE,-3300,9.43,5.0,31.12,t_677,737
2024-10-23 09:30,300665.XSHE,-4900,6.62,5.0,32.44,t_678,738
2024-10-23 09:30,002620.XSHE,400,3.24,5.0,0.0,t_679,739
2024-10-23 09:30,603813.XSHG,600,11.05,5.0,0.0,t_680,740
2024-10-23 09:30,002193.XSHE,200,4.87,5.0,0.0,t_681,741
2024-10-23 09:30,002719.XSHE,5400,6.81,5.0,0.0,t_682,742
2024-10-23 09:30,300929.XSHE,500,8.79,5.0,0.0,t_683,743
2024-10-23 09:30,600768.XSHG,1500,8.83,5.0,0.0,t_684,744
2024-10-24 14:00,002629.XSHE,-5400,2.62,5.0,14.15,t_685,747
2024-10-28 09:30,002629.XSHE,3400,2.69,5.0,0.0,t_686,748
2024-10-28 09:30,000668.XSHE,600,8.18,5.0,0.0,t_687,749
2024-10-28 09:30,600768.XSHG,-1200,9.9,5.0,11.88,t_688,751
2024-10-28 09:30,300478.XSHE,1200,9.5,5.0,0.0,t_689,752
2024-10-28 09:30,300665.XSHE,100,6.62,5.0,0.0,t_690,754
2024-10-28 14:00,600539.XSHG,-7800,5.78,5.0,45.08,t_691,770
2024-10-30 14:00,000668.XSHE,-1200,8.9,5.0,10.68,t_692,771
2024-10-31 09:30,002629.XSHE,1200,2.7,5.0,0.0,t_693,772
2024-10-31 09:30,000668.XSHE,600,8.62,5.0,0.0,t_694,773
2024-10-31 09:30,600539.XSHG,-7000,5.78,5.0,40.46,t_695,774
2024-10-31 09:30,603272.XSHG,-3300,12.36,5.0,40.79,t_696,775
2024-10-31 09:30,600768.XSHG,-3500,9.6,5.0,33.6,t_697,776
2024-10-31 09:30,300478.XSHE,500,9.74,5.0,0.0,t_698,777
2024-10-31 09:30,300929.XSHE,300,9.8,5.0,0.0,t_699,778
2024-10-31 09:30,300665.XSHE,6100,6.8,5.0,0.0,t_700,779
2024-10-31 09:30,002620.XSHE,-10300,3.58,5.0,36.87,t_701,780
2024-10-31 09:30,603813.XSHG,1400,11.54,5.0,0.0,t_702,781
2024-10-31 09:30,002193.XSHE,700,5.0,5.0,0.0,t_703,782
2024-10-31 09:30,603955.XSHG,300,9.82,5.0,0.0,t_704,783
2024-10-31 09:30,002719.XSHE,11500,7.28,8.37,0.0,t_705,784
2024-10-31 09:30,605303.XSHG,5000,8.5,5.0,0.0,t_706,785
2024-10-31 09:30,603880.XSHG,100,4.31,5.0,0.0,t_707,786
2024-10-31 14:00,603021.XSHG,-29800,6.19,18.45,184.46,t_708,789
2024-11-01 14:00,002620.XSHE,-400,3.73,5.0,1.49,t_709,790
2024-11-04 14:00,002719.XSHE,-2900,8.53,5.0,24.74,t_710,791
2024-11-05 09:30,002629.XSHE,-3000,2.87,5.0,8.61,t_711,792
2024-11-05 09:30,000668.XSHE,-4600,8.81,5.0,40.53,t_712,793
2024-11-05 09:30,600539.XSHG,-6600,5.8,5.0,38.28,t_713,794
2024-11-05 09:30,603021.XSHG,-4700,4.9,5.0,23.03,t_714,795
2024-11-05 09:30,603272.XSHG,-3200,12.56,5.0,40.19,t_715,796
2024-11-05 09:30,600768.XSHG,-4000,9.55,5.0,38.2,t_716,797
2024-11-05 09:30,300478.XSHE,-5600,11.06,6.19,61.94,t_717,798
2024-11-05 09:30,300929.XSHE,5100,9.48,5.0,0.0,t_718,799
2024-11-05 09:30,300665.XSHE,6300,6.74,5.0,0.0,t_719,800
2024-11-05 09:30,002620.XSHE,-10600,3.69,5.0,39.11,t_720,801
2024-11-05 09:30,002193.XSHE,400,4.87,5.0,0.0,t_721,802
2024-11-05 09:30,002719.XSHE,1300,8.0,5.0,0.0,t_722,803
2024-11-05 09:30,605303.XSHG,10100,7.91,7.99,0.0,t_723,804
2024-11-05 09:30,603880.XSHG,27900,4.29,11.97,0.0,t_724,805
2024-11-05 09:30,002856.XSHE,8500,9.42,8.01,0.0,t_725,806
2024-11-05 09:30,001211.XSHE,2200,17.69,5.0,0.0,t_726,807
2024-11-05 09:30,603709.XSHG,3900,10.13,5.0,0.0,t_727,808
2024-11-05 09:30,301273.XSHE,2100,18.34,5.0,0.0,t_728,809
2024-11-06 14:00,002629.XSHE,-5200,3.3,5.0,17.16,t_729,810
2024-11-06 14:00,000668.XSHE,-1400,10.18,5.0,14.25,t_730,811
2024-11-08 09:30,002629.XSHE,-10300,3.26,5.0,33.58,t_731,812
2024-11-08 09:30,000668.XSHE,-3500,9.98,5.0,34.93,t_732,813
2024-11-08 09:30,600539.XSHG,-7300,6.8,5.0,49.64,t_733,814
2024-11-08 09:30,603021.XSHG,-8200,5.14,5.0,42.15,t_734,815
2024-11-08 09:30,603272.XSHG,-3100,13.67,5.0,42.38,t_735,816
2024-11-08 09:30,600768.XSHG,4300,10.38,5.0,0.0,t_736,817
2024-11-08 09:30,300478.XSHE,-3200,11.8,5.0,37.76,t_737,818
2024-11-08 09:30,300929.XSHE,500,10.23,5.0,0.0,t_738,819
2024-11-08 09:30,300665.XSHE,6500,7.26,5.0,0.0,t_739,820
2024-11-08 09:30,603813.XSHG,400,12.65,5.0,0.0,t_740,821
2024-11-08 09:30,002193.XSHE,8900,5.17,5.0,0.0,t_741,822
2024-11-08 09:30,605303.XSHG,6100,8.32,5.08,0.0,t_742,823
2024-11-08 09:30,603880.XSHG,9600,4.7,5.0,0.0,t_743,824
2024-11-08 09:30,002856.XSHE,2700,10.28,5.0,0.0,t_744,825
2024-11-08 14:00,002719.XSHE,-5500,9.1,5.0,50.05,t_745,833
2024-11-12 14:00,002629.XSHE,-4500,3.63,5.0,16.34,t_746,834
2024-11-13 09:30,002629.XSHE,-12800,3.66,5.0,46.85,t_747,835
2024-11-13 09:30,000668.XSHE,-4100,9.88,5.0,40.51,t_748,836
2024-11-13 09:30,600539.XSHG,-6600,7.3,5.0,48.18,t_749,837
2024-11-13 09:30,603272.XSHG,-3300,14.1,5.0,46.53,t_750,838
2024-11-13 09:30,600768.XSHG,300,10.13,5.0,0.0,t_751,839
2024-11-13 09:30,300478.XSHE,1000,10.95,5.0,0.0,t_752,840
2024-11-13 09:30,300929.XSHE,200,10.29,5.0,0.0,t_753,841
2024-11-13 09:30,300665.XSHE,6100,7.39,5.0,0.0,t_754,842
2024-11-13 09:30,603813.XSHG,200,12.78,5.0,0.0,t_755,843
2024-11-13 09:30,002193.XSHE,9100,5.14,5.0,0.0,t_756,844
2024-11-13 09:30,002719.XSHE,-4100,8.69,5.0,35.63,t_757,845
2024-11-13 09:30,605303.XSHG,-6000,8.9,5.34,53.4,t_758,846
2024-11-13 09:30,603880.XSHG,10500,4.68,5.0,0.0,t_759,847
2024-11-13 09:30,002856.XSHE,1600,10.5,5.0,0.0,t_760,848
2024-11-13 09:30,001211.XSHE,4900,19.0,9.31,0.0,t_761,849
2024-11-13 09:30,603709.XSHG,6200,10.89,6.75,0.0,t_762,850
2024-11-14 14:00,603955.XSHG,-4000,20.25,8.1,81.0,t_763,855
2024-11-18 09:30,002629.XSHE,-11200,3.37,5.0,37.74,t_764,856
2024-11-18 09:30,000668.XSHE,-4500,9.34,5.0,42.03,t_765,857
2024-11-18 09:30,603272.XSHG,-3200,14.8,5.0,47.36,t_766,858
2024-11-18 09:30,600768.XSHG,4600,9.68,5.0,0.0,t_767,859
2024-11-18 09:30,300929.XSHE,300,9.78,5.0,0.0,t_768,860
2024-11-18 09:30,300665.XSHE,700,6.95,5.0,0.0,t_769,861
2024-11-18 09:30,002193.XSHE,8600,4.98,5.0,0.0,t_770,862
2024-11-18 09:30,002719.XSHE,-5100,8.19,5.0,41.77,t_771,863
2024-11-18 09:30,605303.XSHG,-4900,8.45,5.0,41.41,t_772,864
2024-11-18 09:30,603880.XSHG,-100,4.52,5.0,0.45,t_773,865
2024-11-18 09:30,001211.XSHE,2200,18.49,5.0,0.0,t_774,866
2024-11-18 09:30,603709.XSHG,6200,10.63,6.59,0.0,t_775,867
2024-11-18 09:30,301273.XSHE,100,19.51,5.0,0.0,t_776,868
2024-11-18 09:30,301336.XSHE,1200,34.17,5.0,0.0,t_777,869
2024-11-18 09:30,002620.XSHE,11700,3.68,5.0,0.0,t_778,870
2024-11-21 09:30,002629.XSHE,-12600,3.33,5.0,41.96,t_779,871
2024-11-21 09:30,000668.XSHE,200,8.93,5.0,0.0,t_780,872
2024-11-21 09:30,600768.XSHG,4500,9.65,5.0,0.0,t_781,873
2024-11-21 09:30,300478.XSHE,-4200,10.94,5.0,45.95,t_782,874
2024-11-21 09:30,300929.XSHE,200,9.82,5.0,0.0,t_783,875
2024-11-21 09:30,300665.XSHE,500,6.93,5.0,0.0,t_784,876
2024-11-21 09:30,002193.XSHE,8100,5.05,5.0,0.0,t_785,877
2024-11-21 09:30,002719.XSHE,-5300,8.18,5.0,43.35,t_786,878
2024-11-21 09:30,605303.XSHG,-200,8.7,5.0,1.74,t_787,879
2024-11-21 09:30,603880.XSHG,200,4.54,5.0,0.0,t_788,880
2024-11-21 09:30,002856.XSHE,-4200,10.25,5.0,43.05,t_789,881
2024-11-21 09:30,001211.XSHE,2100,19.09,5.0,0.0,t_790,882
2024-11-21 09:30,603709.XSHG,-400,11.08,5.0,4.43,t_791,883
2024-11-21 09:30,301273.XSHE,-2200,19.62,5.0,43.16,t_792,884
2024-11-21 09:30,002193.XSHE,400,5.05,5.0,0.0,t_793,885
2024-11-21 09:30,600768.XSHG,200,9.65,5.0,0.0,t_794,886
2024-11-21 09:30,600455.XSHG,1900,22.11,5.0,0.0,t_795,887
2024-11-21 09:30,300854.XSHE,3200,13.67,5.0,0.0,t_796,888
2024-11-26 09:30,002629.XSHE,-13200,3.24,5.0,42.77,t_797,889
2024-11-26 09:30,000668.XSHE,5000,8.8,5.0,0.0,t_798,890
2024-11-26 09:30,600768.XSHG,300,9.61,5.0,0.0,t_799,891
2024-11-26 09:30,002193.XSHE,-500,5.12,5.0,2.56,t_800,894
2024-11-26 09:30,605303.XSHG,-4900,8.51,5.0,41.7,t_801,895
2024-11-26 09:30,603880.XSHG,-600,4.61,5.0,2.77,t_802,896
2024-11-26 09:30,002856.XSHE,-4300,10.32,5.0,44.38,t_803,897
2024-11-26 09:30,001211.XSHE,100,19.04,5.0,0.0,t_804,898
2024-11-26 09:30,603709.XSHG,-3900,11.03,5.0,43.02,t_805,899
2024-11-26 09:30,002620.XSHE,-100,3.78,5.0,0.38,t_806,900
2024-11-26 09:30,300854.XSHE,3100,13.69,5.0,0.0,t_807,901
2024-11-26 09:30,600768.XSHG,4300,9.61,5.0,0.0,t_808,902
2024-11-26 09:30,300929.XSHE,400,9.64,5.0,0.0,t_809,903
2024-11-26 09:30,300478.XSHE,4200,10.65,5.0,0.0,t_810,904
2024-11-29 09:30,000668.XSHE,100,9.02,5.0,0.0,t_811,905
2024-11-29 09:30,002193.XSHE,-9000,5.3,5.0,47.7,t_812,910
2024-11-29 09:30,605303.XSHG,-5200,8.76,5.0,45.55,t_813,911
2024-11-29 09:30,603880.XSHG,-200,4.73,5.0,0.95,t_814,912
2024-11-29 09:30,002856.XSHE,100,10.16,5.0,0.0,t_815,913
2024-11-29 09:30,001211.XSHE,-2700,20.5,5.54,55.35,t_816,914
2024-11-29 09:30,603709.XSHG,-4000,11.28,5.0,45.12,t_817,915
2024-11-29 09:30,002620.XSHE,100,3.82,5.0,0.0,t_818,916
2024-11-29 09:30,300854.XSHE,3500,13.68,5.0,0.0,t_819,917
2024-11-29 09:30,600768.XSHG,400,9.65,5.0,0.0,t_820,918
2024-11-29 09:30,300929.XSHE,200,9.75,5.0,0.0,t_821,919
2024-11-29 09:30,300478.XSHE,4500,10.65,5.0,0.0,t_822,920
2024-11-29 09:30,300665.XSHE,100,7.04,5.0,0.0,t_823,921
2024-11-29 09:30,000668.XSHE,4800,9.02,5.0,0.0,t_824,922
2024-11-29 09:30,002629.XSHE,14200,3.15,5.0,0.0,t_825,923
2024-12-04 09:30,000668.XSHE,300,9.24,5.0,0.0,t_826,924
2024-12-04 09:30,001211.XSHE,-1800,20.53,5.0,36.95,t_827,932
2024-12-04 09:30,603709.XSHG,-3800,11.57,5.0,43.97,t_828,933
2024-12-04 09:30,301336.XSHE,-1200,35.93,5.0,43.12,t_829,934
2024-12-04 09:30,002620.XSHE,100,4.0,5.0,0.0,t_830,935
2024-12-04 09:30,300854.XSHE,3600,14.11,5.08,0.0,t_831,936
2024-12-04 09:30,002629.XSHE,-400,3.46,5.0,1.38,t_832,937
2024-12-04 09:30,300929.XSHE,700,10.03,5.0,0.0,t_833,938
2024-12-04 09:30,000668.XSHE,5400,9.24,5.0,0.0,t_834,939
2024-12-04 09:30,600768.XSHG,300,10.15,5.0,0.0,t_835,940
2024-12-04 09:30,603813.XSHG,1100,12.22,5.0,0.0,t_836,941
2024-12-04 09:30,300665.XSHE,100,7.4,5.0,0.0,t_837,943
2024-12-05 14:00,002193.XSHE,-13700,7.09,9.71,97.13,t_838,947
2024-12-05 14:00,002629.XSHE,-1700,3.94,5.0,6.7,t_839,948
2024-12-09 09:30,000668.XSHE,5900,9.24,5.45,0.0,t_840,949
2024-12-09 09:30,600768.XSHG,500,10.19,5.0,0.0,t_841,950
2024-12-09 09:30,300478.XSHE,700,11.12,5.0,0.0,t_842,951
2024-12-09 09:30,300929.XSHE,300,10.2,5.0,0.0,t_843,952
2024-12-09 09:30,300665.XSHE,600,7.52,5.0,0.0,t_844,953
2024-12-09 09:30,603813.XSHG,-500,13.43,5.0,6.71,t_845,954
2024-12-09 09:30,603880.XSHG,300,5.12,5.0,0.0,t_846,955
2024-12-09 09:30,002856.XSHE,3000,11.0,5.0,0.0,t_847,956
2024-12-09 09:30,001211.XSHE,-2100,20.33,5.0,42.69,t_848,957
2024-12-09 09:30,603709.XSHG,-4200,11.74,5.0,49.31,t_849,958
2024-12-09 09:30,002620.XSHE,-11800,4.13,5.0,48.73,t_850,959
2024-12-09 09:30,600455.XSHG,100,24.25,5.0,0.0,t_851,960
2024-12-09 09:30,300854.XSHE,3900,14.07,5.49,0.0,t_852,961
2024-12-09 09:30,002629.XSHE,400,3.9,5.0,0.0,t_853,962
2024-12-09 09:30,002856.XSHE,1400,11.0,5.0,0.0,t_854,963
2024-12-09 09:30,301273.XSHE,3300,19.96,6.59,0.0,t_855,964
2024-12-10 14:00,002193.XSHE,-9500,9.33,8.86,88.64,t_856,966
2024-12-10 14:00,002629.XSHE,-1400,4.44,5.0,6.22,t_857,967
2024-12-12 09:30,000668.XSHE,-400,9.59,5.0,3.84,t_858,968
2024-12-12 09:30,600768.XSHG,400,10.21,5.0,0.0,t_859,969
2024-12-12 09:30,300478.XSHE,4700,11.19,5.26,0.0,t_860,970
2024-12-12 09:30,300929.XSHE,300,10.26,5.0,0.0,t_861,971
2024-12-12 09:30,300665.XSHE,300,7.59,5.0,0.0,t_862,972
2024-12-12 09:30,603813.XSHG,300,13.43,5.0,0.0,t_863,973
2024-12-12 09:30,002193.XSHE,-4300,8.0,5.0,34.4,t_864,974
2024-12-12 09:30,603880.XSHG,-11300,5.48,6.19,61.92,t_865,975
2024-12-12 09:30,002856.XSHE,100,11.07,5.0,0.0,t_866,976
2024-12-12 09:30,600455.XSHG,-2000,24.49,5.0,48.98,t_867,977
2024-12-12 09:30,301273.XSHE,3900,20.73,8.08,0.0,t_868,978
2024-12-12 09:30,301336.XSHE,2500,37.58,9.39,0.0,t_869,979
2024-12-13 14:00,603813.XSHG,-500,14.35,5.0,7.17,t_870,980
2024-12-17 09:30,000668.XSHE,600,9.5,5.0,0.0,t_871,981
2024-12-17 09:30,300478.XSHE,400,11.06,5.0,0.0,t_872,982
2024-12-17 09:30,603813.XSHG,-500,14.49,5.0,7.25,t_873,985
2024-12-17 09:30,002193.XSHE,-6300,7.81,5.0,49.2,t_874,986
2024-12-17 09:30,603880.XSHG,-9000,5.54,5.0,49.86,t_875,987
2024-12-17 09:30,001211.XSHE,-100,21.24,5.0,2.12,t_876,988
2024-12-17 09:30,300854.XSHE,-400,15.0,5.0,6.0,t_877,989
2024-12-17 09:30,002629.XSHE,100,4.49,5.0,0.0,t_878,990
2024-12-17 09:30,301273.XSHE,2500,20.65,5.16,0.0,t_879,991
2024-12-17 09:30,300929.XSHE,300,10.31,5.0,0.0,t_880,992
2024-12-17 09:30,300478.XSHE,200,11.06,5.0,0.0,t_881,993
2024-12-17 09:30,300665.XSHE,600,7.58,5.0,0.0,t_882,994
2024-12-17 09:30,605081.XSHG,3800,13.29,5.05,0.0,t_883,995
2024-12-19 14:00,600768.XSHG,-1300,10.16,5.0,13.21,t_884,996
2024-12-20 09:30,000668.XSHE,1000,8.51,5.0,0.0,t_885,997
2024-12-20 09:30,300478.XSHE,500,10.05,5.0,0.0,t_886,998
2024-12-20 09:30,300929.XSHE,-100,9.63,5.0,0.96,t_887,999
2024-12-20 09:30,300665.XSHE,300,6.85,5.0,0.0,t_888,1000
2024-12-20 09:30,603813.XSHG,-3500,13.46,5.0,47.11,t_889,1001
2024-12-20 09:30,603880.XSHG,-8300,4.93,5.0,40.92,t_890,1002
2024-12-20 09:30,002856.XSHE,-4800,11.51,5.52,55.25,t_891,1003
2024-12-20 09:30,001211.XSHE,-100,20.0,5.0,2.0,t_892,1004
2024-12-20 09:30,300854.XSHE,200,13.74,5.0,0.0,t_893,1005
2024-12-20 09:30,002629.XSHE,-11200,4.11,5.0,46.03,t_894,1006
2024-12-20 09:30,301273.XSHE,2900,18.55,5.38,0.0,t_895,1007
2024-12-20 09:30,301336.XSHE,-300,43.0,5.0,12.9,t_896,1008
2024-12-20 09:30,605081.XSHG,4000,11.96,5.0,0.0,t_897,1009
2024-12-20 09:30,300665.XSHE,600,6.85,5.0,0.0,t_898,1010
2024-12-20 09:30,000691.XSHE,10900,4.31,5.0,0.0,t_899,1011
2024-12-20 09:30,605303.XSHG,5300,8.79,5.0,0.0,t_900,1012
2024-12-24 14:00,002856.XSHE,-500,12.01,5.0,6.0,t_901,1013
2024-12-25 09:30,000668.XSHE,1100,7.13,5.0,0.0,t_902,1014
2024-12-25 09:30,300665.XSHE,-1000,6.53,5.0,6.53,t_903,1017
2024-12-25 09:30,603813.XSHG,400,12.02,5.0,0.0,t_904,1018
2024-12-25 09:30,603880.XSHG,-9200,4.41,5.0,40.57,t_905,1019
2024-12-25 09:30,002856.XSHE,-3600,12.57,5.0,45.25,t_906,1020
2024-12-25 09:30,001211.XSHE,-700,21.76,5.0,15.23,t_907,1021
2024-12-25 09:30,300854.XSHE,-3400,12.7,5.0,43.18,t_908,1022
2024-12-25 09:30,301273.XSHE,-100,17.33,5.0,1.73,t_909,1023
2024-12-25 09:30,301336.XSHE,-300,46.5,5.0,13.95,t_910,1024
2024-12-25 09:30,605081.XSHG,4300,10.72,5.0,0.0,t_911,1025
2024-12-25 09:30,000691.XSHE,11800,3.8,5.0,0.0,t_912,1026
2024-12-25 09:30,605303.XSHG,5800,7.77,5.0,0.0,t_913,1027
2024-12-25 09:30,000668.XSHE,1600,7.13,5.0,0.0,t_914,1028
2024-12-25 09:30,300929.XSHE,500,8.68,5.0,0.0,t_915,1029
2024-12-25 09:30,600768.XSHG,1100,8.88,5.0,0.0,t_916,1030
2024-12-27 14:00,301336.XSHE,-300,59.09,5.0,17.73,t_917,1031
2024-12-30 09:30,000668.XSHE,1100,6.98,5.0,0.0,t_918,1032
2024-12-30 09:30,600768.XSHG,200,9.0,5.0,0.0,t_919,1033
2024-12-30 09:30,300929.XSHE,800,8.52,5.0,0.0,t_920,1034
2024-12-30 09:30,300665.XSHE,-500,6.71,5.0,3.35,t_921,1035
2024-12-30 09:30,603880.XSHG,-9900,4.55,5.0,45.05,t_922,1036
2024-12-30 09:30,001211.XSHE,100,21.06,5.0,0.0,t_923,1037
2024-12-30 09:30,300854.XSHE,-3400,12.78,5.0,43.45,t_924,1038
2024-12-30 09:30,301273.XSHE,-2700,17.94,5.0,48.44,t_925,1039
2024-12-30 09:30,301336.XSHE,-700,54.65,5.0,38.26,t_926,1040
2024-12-30 09:30,605081.XSHG,3800,10.98,5.0,0.0,t_927,1041
2024-12-30 09:30,000691.XSHE,13700,3.61,5.0,0.0,t_928,1042
2024-12-30 09:30,605303.XSHG,5800,7.75,5.0,0.0,t_929,1043
2024-12-30 09:30,002856.XSHE,4400,9.44,5.0,0.0,t_930,1044
2025-01-02 09:30,000668.XSHE,-31400,6.47,20.32,203.16,t_931,1045
2025-01-02 09:30,600768.XSHG,-24300,8.5,20.66,206.55,t_932,1046
2025-01-02 09:30,300478.XSHE,-23300,8.98,20.92,209.23,t_933,1047
2025-01-02 09:30,300929.XSHE,-25700,8.27,21.25,212.54,t_934,1048
2025-01-02 09:30,300665.XSHE,-32700,6.25,20.44,204.38,t_935,1049
2025-01-02 09:30,603813.XSHG,-14400,11.56,16.65,166.46,t_936,1050
2025-01-02 09:30,001211.XSHE,-4100,19.25,7.89,78.92,t_937,1051
2025-01-02 09:30,300854.XSHE,-10300,12.2,12.57,125.66,t_938,1052
2025-01-02 09:30,301273.XSHE,-9800,18.29,17.92,179.24,t_939,1053
2025-01-02 09:30,301336.XSHE,-900,52.97,5.0,47.67,t_940,1054
2025-01-02 09:30,605081.XSHG,-15900,10.46,16.63,166.31,t_941,1055
2025-01-02 09:30,000691.XSHE,-36400,3.43,12.49,124.85,t_942,1056
2025-01-02 09:30,605303.XSHG,-16900,7.58,12.81,128.1,t_943,1057
2025-01-02 09:30,002856.XSHE,-4400,9.35,5.0,41.14,t_944,1058
2025-01-02 09:30,511880.XSHG,20900,100.081,0.0,0.0,t_945,1059
2025-02-05 09:30,511880.XSHG,-20900,100.182,0.0,0.0,t_946,1060
2025-02-06 09:30,000668.XSHE,6900,6.04,5.0,0.0,t_947,1061
2025-02-06 09:30,000691.XSHE,13800,3.02,5.0,0.0,t_948,1062
2025-02-06 09:30,603813.XSHG,4400,9.42,5.0,0.0,t_949,1063
2025-02-06 09:30,002848.XSHE,6800,6.14,5.0,0.0,t_950,1064
2025-02-06 09:30,605081.XSHG,4600,8.93,5.0,0.0,t_951,1065
2025-02-06 09:30,600421.XSHG,7000,5.98,5.0,0.0,t_952,1066
2025-02-06 09:30,000929.XSHE,6700,6.2,5.0,0.0,t_953,1067
2025-02-06 09:30,300929.XSHE,4700,8.88,5.0,0.0,t_954,1068
2025-02-06 09:30,002620.XSHE,13400,3.12,5.0,0.0,t_955,1069
2025-02-06 09:30,300478.XSHE,4300,9.61,5.0,0.0,t_956,1070
2025-02-11 09:30,000668.XSHE,6400,6.39,5.0,0.0,t_957,1071
2025-02-11 09:30,000691.XSHE,12700,3.21,5.0,0.0,t_958,1072
2025-02-11 09:30,603813.XSHG,3800,10.34,5.0,0.0,t_959,1073
2025-02-11 09:30,002848.XSHE,5400,6.92,5.0,0.0,t_960,1074
2025-02-11 09:30,605081.XSHG,4100,9.75,5.0,0.0,t_961,1075
2025-02-11 09:30,600421.XSHG,-600,6.67,5.0,4.0,t_962,1076
2025-02-11 09:30,000929.XSHE,6000,6.65,5.0,0.0,t_963,1077
2025-02-11 09:30,300929.XSHE,4500,9.2,5.0,0.0,t_964,1078
2025-02-11 09:30,002620.XSHE,11600,3.39,5.0,0.0,t_965,1079
2025-02-11 09:30,002856.XSHE,4500,9.45,5.0,0.0,t_966,1080
2025-02-11 09:30,600768.XSHG,4400,9.48,5.0,0.0,t_967,1081
2025-02-12 14:00,300478.XSHE,-600,11.48,5.0,6.89,t_968,1082
2025-02-14 09:30,000668.XSHE,7900,5.93,5.0,0.0,t_969,1083
2025-02-14 09:30,000691.XSHE,14500,3.07,5.0,0.0,t_970,1084
2025-02-14 09:30,603813.XSHG,4400,9.95,5.0,0.0,t_971,1085
2025-02-14 09:30,002848.XSHE,7200,6.47,5.0,0.0,t_972,1086
2025-02-14 09:30,605081.XSHG,4300,9.61,5.0,0.0,t_973,1087
2025-02-14 09:30,600421.XSHG,6800,6.33,5.0,0.0,t_974,1088
2025-02-14 09:30,000929.XSHE,6600,6.51,5.0,0.0,t_975,1089
2025-02-14 09:30,300929.XSHE,4900,8.92,5.0,0.0,t_976,1090
2025-02-14 09:30,002620.XSHE,500,3.28,5.0,0.0,t_977,1091
2025-02-14 09:30,300478.XSHE,200,10.6,5.0,0.0,t_978,1092
2025-02-14 09:30,002856.XSHE,4800,8.93,5.0,0.0,t_979,1093
2025-02-14 09:30,600768.XSHG,4600,9.25,5.0,0.0,t_980,1094
2025-02-18 14:00,603813.XSHG,-400,10.79,5.0,4.32,t_981,1095
2025-02-18 14:00,002848.XSHE,-1500,7.35,5.0,11.03,t_982,1096
2025-02-18 14:00,600421.XSHG,-2600,8.3,5.0,21.58,t_983,1097
2025-02-18 14:00,300478.XSHE,-1100,15.74,5.0,17.31,t_984,1098
2025-02-19 09:30,000668.XSHE,8600,5.8,5.0,0.0,t_985,1099
2025-02-19 09:30,000691.XSHE,12700,3.22,5.0,0.0,t_986,1100
2025-02-19 09:30,603813.XSHG,4200,10.53,5.0,0.0,t_987,1101
2025-02-19 09:30,002848.XSHE,6100,7.21,5.0,0.0,t_988,1102
2025-02-19 09:30,605081.XSHG,4800,9.7,5.0,0.0,t_989,1103
2025-02-19 09:30,000929.XSHE,7000,6.57,5.0,0.0,t_990,1104
2025-02-19 09:30,300929.XSHE,5200,8.93,5.0,0.0,t_991,1105
2025-02-19 09:30,002620.XSHE,100,3.38,5.0,0.0,t_992,1106
2025-02-19 09:30,300478.XSHE,100,14.83,5.0,0.0,t_993,1107
2025-02-19 09:30,002856.XSHE,5000,9.05,5.0,0.0,t_994,1108
2025-02-19 09:30,600768.XSHG,5100,9.19,5.0,0.0,t_995,1109
2025-02-19 09:30,603316.XSHG,8800,4.9,5.0,0.0,t_996,1110
2025-02-19 14:00,600421.XSHG,-800,9.08,5.0,7.26,t_997,1111
2025-02-20 14:00,603813.XSHG,-1400,11.86,5.0,16.6,t_998,1112
2025-02-20 14:00,603316.XSHG,-400,5.32,5.0,2.13,t_999,1113
2025-02-24 09:30,000668.XSHE,8200,5.77,5.0,0.0,t_1000,1114
2025-02-24 09:30,000691.XSHE,16900,3.11,5.26,0.0,t_1001,1115
2025-02-24 09:30,603813.XSHG,3100,12.12,5.0,0.0,t_1002,1116
2025-02-24 09:30,002848.XSHE,8500,6.76,5.75,0.0,t_1003,1117
2025-02-24 09:30,605081.XSHG,3800,10.14,5.0,0.0,t_1004,1118
2025-02-24 09:30,600421.XSHG,1900,7.48,5.0,0.0,t_1005,1119
2025-02-24 09:30,000929.XSHE,6900,6.6,5.0,0.0,t_1006,1120
2025-02-24 09:30,300929.XSHE,4900,9.05,5.0,0.0,t_1007,1121
2025-02-24 09:30,002620.XSHE,-300,3.48,5.0,1.04,t_1008,1122
2025-02-24 09:30,002856.XSHE,5200,9.0,5.0,0.0,t_1009,1123
2025-02-24 09:30,600768.XSHG,4200,9.57,5.0,0.0,t_1010,1124
2025-02-24 09:30,603316.XSHG,-100,5.33,5.0,0.53,t_1011,1125
2025-02-24 09:30,600753.XSHG,8200,5.33,5.0,0.0,t_1012,1126
2025-02-27 09:30,000668.XSHE,-200,5.97,5.0,1.19,t_1013,1127
2025-02-27 09:30,000691.XSHE,300,3.18,5.0,0.0,t_1014,1128
2025-02-27 09:30,603813.XSHG,-4200,13.04,5.48,54.77,t_1015,1129
2025-02-27 09:30,002848.XSHE,100,6.92,5.0,0.0,t_1016,1130
2025-02-27 09:30,605081.XSHG,700,10.08,5.0,0.0,t_1017,1131
2025-02-27 09:30,600421.XSHG,-5400,7.21,5.0,38.93,t_1018,1132
2025-02-27 09:30,000929.XSHE,-300,6.86,5.0,2.06,t_1019,1133
2025-02-27 09:30,300929.XSHE,300,9.18,5.0,0.0,t_1020,1134
2025-02-27 09:30,002620.XSHE,-13100,3.71,5.0,48.6,t_1021,1135
2025-02-27 09:30,300478.XSHE,-2900,14.32,5.0,41.53,t_1022,1136
2025-02-27 09:30,002856.XSHE,5500,8.99,5.0,0.0,t_1023,1137
2025-02-27 09:30,600768.XSHG,5300,9.54,5.06,0.0,t_1024,1138
2025-02-27 09:30,600753.XSHG,8200,5.5,5.0,0.0,t_1025,1139
2025-02-27 09:30,300736.XSHE,3100,10.26,5.0,0.0,t_1026,1140
2025-02-28 14:00,603316.XSHG,-1300,6.48,5.0,8.42,t_1027,1141
2025-03-03 14:00,603813.XSHG,-1200,14.08,5.0,16.9,t_1028,1142
2025-03-04 09:30,000668.XSHE,500,5.78,5.0,0.0,t_1029,1143
2025-03-04 09:30,000691.XSHE,-100,3.13,5.0,0.31,t_1030,1144
2025-03-04 09:30,603813.XSHG,-3200,14.13,5.0,45.22,t_1031,1145
2025-03-04 09:30,002848.XSHE,-1100,7.05,5.0,7.75,t_1032,1146
2025-03-04 09:30,605081.XSHG,500,9.69,5.0,0.0,t_1033,1147
2025-03-04 09:30,600421.XSHG,200,6.8,5.0,0.0,t_1034,1148
2025-03-04 09:30,000929.XSHE,200,6.68,5.0,0.0,t_1035,1149
2025-03-04 09:30,300929.XSHE,400,8.88,5.0,0.0,t_1036,1150
2025-03-04 09:30,002620.XSHE,-12200,3.61,5.0,44.04,t_1037,1151
2025-03-04 09:30,002856.XSHE,100,8.81,5.0,0.0,t_1038,1152
2025-03-04 09:30,600768.XSHG,-100,9.44,5.0,0.94,t_1039,1153
2025-03-04 09:30,603316.XSHG,600,5.81,5.0,0.0,t_1040,1154
2025-03-04 09:30,600753.XSHG,9200,5.18,5.0,0.0,t_1041,1155
2025-03-04 09:30,300736.XSHE,6000,9.68,5.81,0.0,t_1042,1156
2025-03-07 09:30,000691.XSHE,-500,3.18,5.0,1.59,t_1043,1158
2025-03-07 09:30,603813.XSHG,-3100,13.99,5.0,43.37,t_1044,1159
2025-03-07 09:30,002848.XSHE,1400,6.78,5.0,0.0,t_1045,1160
2025-03-07 09:30,605081.XSHG,200,9.67,5.0,0.0,t_1046,1161
2025-03-07 09:30,600421.XSHG,-6500,6.84,5.0,44.46,t_1047,1162
2025-03-07 09:30,000929.XSHE,1400,6.46,5.0,0.0,t_1048,1163
2025-03-07 09:30,300929.XSHE,-700,9.24,5.0,6.47,t_1049,1164
2025-03-07 09:30,002856.XSHE,-600,9.15,5.0,5.49,t_1050,1165
2025-03-07 09:30,600768.XSHG,-600,9.77,5.0,5.86,t_1051,1166
2025-03-07 09:30,600753.XSHG,6700,5.52,5.0,0.0,t_1052,1167
2025-03-07 09:30,300736.XSHE,4400,9.91,5.0,0.0,t_1053,1168
2025-03-07 09:30,000668.XSHE,1000,5.67,5.0,0.0,t_1054,1169
2025-03-11 14:00,000668.XSHE,-500,5.91,5.0,2.96,t_1055,1170
2025-03-11 14:00,605081.XSHG,-500,10.23,5.0,5.12,t_1056,1171
2025-03-11 14:00,000929.XSHE,-3500,7.41,5.0,25.94,t_1057,1172
2025-03-12 09:30,000691.XSHE,2400,3.18,5.0,0.0,t_1058,1173
2025-03-12 09:30,603813.XSHG,-3300,15.39,5.08,50.79,t_1059,1174
2025-03-12 09:30,002848.XSHE,1200,6.77,5.0,0.0,t_1060,1175
2025-03-12 09:30,000929.XSHE,-5500,7.28,5.0,40.04,t_1061,1176
2025-03-12 09:30,300929.XSHE,500,9.34,5.0,0.0,t_1062,1177
2025-03-12 09:30,002856.XSHE,300,9.29,5.0,0.0,t_1063,1178
2025-03-12 09:30,600768.XSHG,800,9.75,5.0,0.0,t_1064,1179
2025-03-12 09:30,603316.XSHG,-7600,6.45,5.0,49.02,t_1065,1180
2025-03-12 09:30,600753.XSHG,7500,5.8,5.0,0.0,t_1066,1181
2025-03-12 09:30,300736.XSHE,5400,9.74,5.26,0.0,t_1067,1182
2025-03-12 09:30,600243.XSHG,15400,2.99,5.0,0.0,t_1068,1183
2025-03-17 09:30,000668.XSHE,100,5.85,5.0,0.0,t_1069,1184
2025-03-17 09:30,000691.XSHE,100,2.95,5.0,0.0,t_1070,1185
2025-03-17 09:30,002848.XSHE,-1200,7.08,5.0,8.5,t_1071,1186
2025-03-17 09:30,605081.XSHG,-500,10.61,5.0,5.3,t_1072,1187
2025-03-17 09:30,000929.XSHE,-6600,7.4,5.0,48.84,t_1073,1188
2025-03-17 09:30,300929.XSHE,-300,9.56,5.0,2.87,t_1074,1189
2025-03-17 09:30,002856.XSHE,-500,9.6,5.0,4.8,t_1075,1190
2025-03-17 09:30,600768.XSHG,-100,9.88,5.0,0.99,t_1076,1191
2025-03-17 09:30,600753.XSHG,-7400,5.75,5.0,42.55,t_1077,1192
2025-03-17 09:30,300736.XSHE,4900,9.77,5.0,0.0,t_1078,1193
2025-03-17 09:30,600243.XSHG,15800,2.98,5.0,0.0,t_1079,1194
2025-03-17 09:30,000668.XSHE,900,5.85,5.0,0.0,t_1080,1195
2025-03-17 09:30,000691.XSHE,4600,2.95,5.0,0.0,t_1081,1196
2025-03-17 14:00,603813.XSHG,-3100,15.61,5.0,48.39,t_1082,1198
2025-03-20 09:30,000668.XSHE,-200,5.94,5.0,1.19,t_1083,1199
2025-03-20 09:30,000691.XSHE,-500,3.06,5.0,1.53,t_1084,1200
2025-03-20 09:30,002848.XSHE,1200,6.88,5.0,0.0,t_1085,1201
2025-03-20 09:30,000929.XSHE,-5900,7.28,5.0,42.95,t_1086,1202
2025-03-20 09:30,300929.XSHE,300,9.49,5.0,0.0,t_1087,1203
2025-03-20 09:30,002856.XSHE,600,9.44,5.0,0.0,t_1088,1204
2025-03-20 09:30,600753.XSHG,200,5.76,5.0,0.0,t_1089,1205
2025-03-20 09:30,600421.XSHG,11600,6.53,7.57,0.0,t_1090,1206
2025-03-25 09:30,600768.XSHG,-300,9.41,5.0,2.82,t_1091,1213
2025-03-25 09:30,600753.XSHG,500,5.24,5.0,0.0,t_1092,1214
2025-03-25 09:30,000691.XSHE,100,2.81,5.0,0.0,t_1093,1218
2025-03-25 14:00,605081.XSHG,-6400,11.23,7.19,71.87,t_1094,1226
2025-03-25 14:00,600421.XSHG,200,7.37,5.0,0.0,t_1095,1227
2025-03-27 14:00,002856.XSHE,100,8.87,5.0,0.0,t_1096,1228
2025-03-27 14:00,600753.XSHG,-2500,5.82,5.0,14.55,t_1097,1229
2025-03-28 09:30,000668.XSHE,3100,5.19,5.0,0.0,t_1098,1230
2025-03-28 09:30,000691.XSHE,-6100,3.13,5.0,19.09,t_1099,1231
2025-03-28 09:30,002848.XSHE,3300,5.93,5.0,0.0,t_1100,1232
2025-03-28 09:30,605081.XSHG,1200,10.54,5.0,0.0,t_1101,1233
2025-03-28 09:30,000929.XSHE,-6600,6.96,5.0,45.94,t_1102,1234
2025-03-28 09:30,300929.XSHE,600,8.77,5.0,0.0,t_1103,1235
2025-03-28 09:30,002856.XSHE,-500,9.08,5.0,4.54,t_1104,1236
2025-03-28 09:30,600768.XSHG,100,9.46,5.0,0.0,t_1105,1237
2025-03-28 09:30,600753.XSHG,-7400,5.74,5.0,42.48,t_1106,1238
2025-03-28 09:30,300736.XSHE,1100,8.91,5.0,0.0,t_1107,1239
2025-03-28 09:30,600243.XSHG,15800,2.83,5.0,0.0,t_1108,1240
2025-03-28 09:30,300665.XSHE,12800,6.76,8.65,0.0,t_1109,1241
2025-03-28 14:00,600421.XSHG,-100,7.41,5.0,0.74,t_1110,1242
2025-04-01 09:30,000668.XSHE,-42700,5.01,21.39,213.93,t_1111,1243
2025-04-01 09:30,000691.XSHE,-70900,2.86,20.28,202.77,t_1112,1244
2025-04-01 09:30,002848.XSHE,-37400,5.69,21.28,212.81,t_1113,1245
2025-04-01 09:30,000929.XSHE,-6400,6.71,5.0,42.94,t_1114,1246
2025-04-01 09:30,300929.XSHE,-25300,8.41,21.28,212.77,t_1115,1247
2025-04-01 09:30,002856.XSHE,-24500,8.52,20.87,208.74,t_1116,1248
2025-04-01 09:30,600768.XSHG,-23400,9.08,21.25,212.47,t_1117,1249
2025-04-01 09:30,600753.XSHG,-23200,5.2,12.06,120.64,t_1118,1250
2025-04-01 09:30,300736.XSHE,-24900,8.59,21.39,213.89,t_1119,1251
2025-04-01 09:30,600243.XSHG,-47000,2.61,12.27,122.67,t_1120,1252
2025-04-01 09:30,600421.XSHG,-11700,6.7,7.84,78.39,t_1121,1253
2025-04-01 09:30,300665.XSHE,-12800,6.49,8.31,83.07,t_1122,1254
2025-04-01 09:30,511880.XSHG,19100,100.383,0.0,0.0,t_1123,1255
2025-05-06 09:30,511880.XSHG,-19100,100.486,0.0,0.0,t_1124,1256
2025-05-07 09:30,605081.XSHG,-16800,11.36,19.08,190.85,t_1125,1257
2025-05-07 09:30,300736.XSHE,4300,9.68,5.0,0.0,t_1126,1258
2025-05-07 09:30,300929.XSHE,4400,9.48,5.0,0.0,t_1127,1259
2025-05-07 09:30,301372.XSHE,2100,20.15,5.0,0.0,t_1128,1260
2025-05-07 09:30,300948.XSHE,4200,9.94,5.0,0.0,t_1129,1261
2025-05-07 09:30,603616.XSHG,11500,3.65,5.0,0.0,t_1130,1262
2025-05-07 09:30,600768.XSHG,3900,10.6,5.0,0.0,t_1131,1263
2025-05-07 09:30,300635.XSHE,4100,10.2,5.0,0.0,t_1132,1264
2025-05-07 09:30,300405.XSHE,8300,5.06,5.0,0.0,t_1133,1265
2025-05-07 09:30,002193.XSHE,7600,5.5,5.0,0.0,t_1134,1266
2025-05-07 09:30,300665.XSHE,5500,7.63,5.0,0.0,t_1135,1267
2025-05-12 09:30,300736.XSHE,4400,9.67,5.0,0.0,t_1136,1268
2025-05-12 09:30,300929.XSHE,4300,9.65,5.0,0.0,t_1137,1269
2025-05-12 09:30,301372.XSHE,2000,20.39,5.0,0.0,t_1138,1270
2025-05-12 09:30,300948.XSHE,4200,10.08,5.0,0.0,t_1139,1271
2025-05-12 09:30,603616.XSHG,-300,3.8,5.0,1.14,t_1140,1272
2025-05-12 09:30,600768.XSHG,4000,10.69,5.0,0.0,t_1141,1273
2025-05-12 09:30,300635.XSHE,4300,10.05,5.0,0.0,t_1142,1274
2025-05-12 09:30,300405.XSHE,8100,5.16,5.0,0.0,t_1143,1275
2025-05-12 09:30,002193.XSHE,7600,5.58,5.0,0.0,t_1144,1276
2025-05-12 09:30,300665.XSHE,5600,7.59,5.0,0.0,t_1145,1277
2025-05-12 09:30,603729.XSHG,2700,15.6,5.0,0.0,t_1146,1278
2025-05-15 09:30,300736.XSHE,4500,9.51,5.0,0.0,t_1147,1279
2025-05-15 09:30,300929.XSHE,4700,9.43,5.0,0.0,t_1148,1280
2025-05-15 09:30,301372.XSHE,2100,20.29,5.0,0.0,t_1149,1281
2025-05-15 09:30,300948.XSHE,4500,9.76,5.0,0.0,t_1150,1282
2025-05-15 09:30,603616.XSHG,10900,3.8,5.0,0.0,t_1151,1283
2025-05-15 09:30,600768.XSHG,4300,10.31,5.0,0.0,t_1152,1284
2025-05-15 09:30,300635.XSHE,4300,9.88,5.0,0.0,t_1153,1285
2025-05-15 09:30,300405.XSHE,-200,5.22,5.0,1.04,t_1154,1286
2025-05-15 09:30,002193.XSHE,7000,5.68,5.0,0.0,t_1155,1287
2025-05-15 09:30,300665.XSHE,6500,7.18,5.0,0.0,t_1156,1288
2025-05-15 09:30,603729.XSHG,2700,15.35,5.0,0.0,t_1157,1289
2025-05-20 09:30,300736.XSHE,4200,9.88,5.0,0.0,t_1158,1290
2025-05-20 09:30,300929.XSHE,4100,9.8,5.0,0.0,t_1159,1291
2025-05-20 09:30,301372.XSHE,2100,20.6,5.0,0.0,t_1160,1292
2025-05-20 09:30,300948.XSHE,4100,10.13,5.0,0.0,t_1161,1293
2025-05-20 09:30,603616.XSHG,-300,3.96,5.0,1.19,t_1162,1294
2025-05-20 09:30,600768.XSHG,3600,10.9,5.0,0.0,t_1163,1295
2025-05-20 09:30,300635.XSHE,4100,10.25,5.0,0.0,t_1164,1296
2025-05-20 09:30,300405.XSHE,8200,5.28,5.0,0.0,t_1165,1297
2025-05-20 09:30,002193.XSHE,7600,5.78,5.0,0.0,t_1166,1298
2025-05-20 09:30,300665.XSHE,4800,7.69,5.0,0.0,t_1167,1299
2025-05-20 09:30,603729.XSHG,2700,15.79,5.0,0.0,t_1168,1300
2025-05-23 09:30,300736.XSHE,4500,9.7,5.0,0.0,t_1169,1301
2025-05-23 09:30,300929.XSHE,4600,9.62,5.0,0.0,t_1170,1302
2025-05-23 09:30,301372.XSHE,2100,20.46,5.0,0.0,t_1171,1303
2025-05-23 09:30,300948.XSHE,4300,9.96,5.0,0.0,t_1172,1304
2025-05-23 09:30,603616.XSHG,-500,4.0,5.0,2.0,t_1173,1305
2025-05-23 09:30,600768.XSHG,4300,10.59,5.0,0.0,t_1174,1306
2025-05-23 09:30,300635.XSHE,3700,10.38,5.0,0.0,t_1175,1307
2025-05-23 09:30,300405.XSHE,8600,5.15,5.0,0.0,t_1176,1308
2025-05-23 09:30,002193.XSHE,7800,5.66,5.0,0.0,t_1177,1309
2025-05-23 09:30,300665.XSHE,6200,7.43,5.0,0.0,t_1178,1310
2025-05-23 09:30,603729.XSHG,2600,15.8,5.0,0.0,t_1179,1311
2025-05-28 09:30,300929.XSHE,-100,9.8,5.0,0.98,t_1180,1312
2025-05-28 09:30,301372.XSHE,-100,21.0,5.0,2.1,t_1181,1313
2025-05-28 09:30,300948.XSHE,-100,10.19,5.0,1.02,t_1182,1314
2025-05-28 09:30,603616.XSHG,-10500,3.99,5.0,41.9,t_1183,1315
2025-05-28 09:30,600768.XSHG,400,10.49,5.0,0.0,t_1184,1316
2025-05-28 09:30,002193.XSHE,100,5.7,5.0,0.0,t_1185,1317
2025-05-28 09:30,300665.XSHE,200,7.46,5.0,0.0,t_1186,1318
2025-05-28 09:30,603729.XSHG,2700,15.92,5.0,0.0,t_1187,1319
2025-06-03 09:30,300929.XSHE,-300,9.9,5.0,2.97,t_1188,1322
2025-06-03 09:30,301372.XSHE,-2500,22.0,5.5,55.0,t_1189,1323
2025-06-03 09:30,300948.XSHE,100,10.05,5.0,0.0,t_1190,1324
2025-06-03 09:30,603616.XSHG,-200,4.05,5.0,0.81,t_1191,1325
2025-06-03 09:30,600768.XSHG,200,10.33,5.0,0.0,t_1192,1326
2025-06-03 09:30,300635.XSHE,100,10.38,5.0,0.0,t_1193,1327
2025-06-03 09:30,300405.XSHE,600,5.1,5.0,0.0,t_1194,1328
2025-06-03 09:30,002193.XSHE,400,5.62,5.0,0.0,t_1195,1329
2025-06-03 09:30,300665.XSHE,300,7.36,5.0,0.0,t_1196,1330
2025-06-03 09:30,603729.XSHG,100,15.88,5.0,0.0,t_1197,1331
2025-06-03 09:30,300736.XSHE,100,9.71,5.0,0.0,t_1198,1332
2025-06-03 09:30,300649.XSHE,3700,11.55,5.0,0.0,t_1199,1333
2025-06-06 09:30,300736.XSHE,-400,10.21,5.0,4.08,t_1200,1334
2025-06-06 09:30,301372.XSHE,100,22.06,5.0,0.0,t_1201,1335
2025-06-06 09:30,603616.XSHG,-10600,4.09,5.0,43.35,t_1202,1336
2025-06-06 09:30,600768.XSHG,-100,10.73,5.0,1.07,t_1203,1337
2025-06-06 09:30,300405.XSHE,8800,5.19,5.0,0.0,t_1204,1338
2025-06-06 09:30,002193.XSHE,300,5.72,5.0,0.0,t_1205,1339
2025-06-11 09:30,300736.XSHE,100,10.3,5.0,0.0,t_1206,1340
2025-06-11 09:30,301372.XSHE,-100,23.18,5.0,2.32,t_1207,1342
2025-06-11 09:30,300948.XSHE,200,10.4,5.0,0.0,t_1208,1343
2025-06-11 09:30,300405.XSHE,-500,5.38,5.0,2.69,t_1209,1345
2025-06-11 09:30,002193.XSHE,-200,5.9,5.0,1.18,t_1210,1346
2025-06-11 09:30,300665.XSHE,100,7.69,5.0,0.0,t_1211,1347
2025-06-11 09:30,603729.XSHG,-100,16.9,5.0,1.69,t_1212,1348
2025-06-11 09:30,300649.XSHE,-100,12.57,5.0,1.26,t_1213,1349
2025-06-11 09:30,300736.XSHE,100,10.3,5.0,0.0,t_1214,1350
2025-06-11 09:30,300929.XSHE,200,10.28,5.0,0.0,t_1215,1351
2025-06-11 09:30,300948.XSHE,100,10.4,5.0,0.0,t_1216,1352
2025-06-11 09:30,300635.XSHE,100,10.87,5.0,0.0,t_1217,1353
2025-06-16 09:30,300948.XSHE,-200,10.3,5.0,2.06,t_1218,1355
2025-06-16 09:30,600768.XSHG,-300,10.87,5.0,3.26,t_1219,1356
2025-06-16 09:30,300635.XSHE,-4500,10.9,5.0,49.05,t_1220,1357
2025-06-16 09:30,300405.XSHE,600,5.18,5.0,0.0,t_1221,1358
2025-06-16 09:30,002193.XSHE,900,5.63,5.0,0.0,t_1222,1359
2025-06-16 09:30,301372.XSHE,100,22.1,5.0,0.0,t_1223,1360
2025-06-16 09:30,002719.XSHE,5000,8.67,5.0,0.0,t_1224,1361
2025-06-19 09:30,300929.XSHE,100,10.01,5.0,0.0,t_1225,1362
2025-06-19 09:30,301372.XSHE,-2000,22.48,5.0,44.96,t_1226,1363
2025-06-19 09:30,300948.XSHE,100,10.25,5.0,0.0,t_1227,1364
2025-06-19 09:30,600768.XSHG,300,10.7,5.0,0.0,t_1228,1365
2025-06-19 09:30,300635.XSHE,-4400,11.24,5.0,49.46,t_1229,1366
2025-06-19 09:30,300405.XSHE,300,5.15,5.0,0.0,t_1230,1367
2025-06-19 09:30,002193.XSHE,400,5.58,5.0,0.0,t_1231,1368
2025-06-19 09:30,603729.XSHG,100,16.34,5.0,0.0,t_1232,1369
2025-06-19 09:30,300649.XSHE,-300,13.68,5.0,4.1,t_1233,1370
2025-06-19 09:30,002719.XSHE,5100,8.71,5.0,0.0,t_1234,1371
2025-06-19 09:30,600847.XSHG,4400,9.88,5.0,0.0,t_1235,1372
2025-06-24 09:30,300736.XSHE,-300,10.3,5.0,3.09,t_1236,1373
2025-06-24 09:30,300929.XSHE,200,9.95,5.0,0.0,t_1237,1374
2025-06-24 09:30,301372.XSHE,100,21.91,5.0,0.0,t_1238,1375
2025-06-24 09:30,300405.XSHE,-800,5.27,5.0,4.22,t_1239,1376
2025-06-24 09:30,002193.XSHE,-500,5.67,5.0,2.83,t_1240,1377
2025-06-24 09:30,300665.XSHE,-100,7.6,5.0,0.76,t_1241,1378
2025-06-24 09:30,603729.XSHG,100,16.2,5.0,0.0,t_1242,1379
2025-06-24 09:30,300649.XSHE,-3300,12.83,5.0,42.34,t_1243,1380
2025-06-24 09:30,002719.XSHE,5100,8.69,5.0,0.0,t_1244,1381
2025-06-24 09:30,301372.XSHE,200,21.91,5.0,0.0,t_1245,1382
2025-06-26 14:00,300635.XSHE,-4300,12.31,5.29,52.93,t_1246,1383
2025-06-27 09:30,300736.XSHE,200,10.58,5.0,0.0,t_1247,1384
2025-06-27 09:30,300929.XSHE,100,10.34,5.0,0.0,t_1248,1385
2025-06-27 09:30,301372.XSHE,1900,22.5,5.0,0.0,t_1249,1386
2025-06-27 09:30,300948.XSHE,100,10.66,5.0,0.0,t_1250,1387
2025-06-27 09:30,600768.XSHG,100,11.13,5.0,0.0,t_1251,1388
2025-06-27 09:30,300405.XSHE,-200,5.53,5.0,1.11,t_1252,1389
2025-06-27 09:30,002193.XSHE,-400,5.98,5.0,2.39,t_1253,1390
2025-06-27 09:30,603729.XSHG,200,16.7,5.0,0.0,t_1254,1391
2025-06-27 09:30,002719.XSHE,500,8.85,5.0,0.0,t_1255,1392
2025-06-27 14:00,300635.XSHE,-3800,12.68,5.0,48.18,t_1256,1394
2025-07-02 09:30,300736.XSHE,1000,10.78,5.0,0.0,t_1257,1395
2025-07-02 09:30,300929.XSHE,800,10.6,5.0,0.0,t_1258,1396
2025-07-02 09:30,301372.XSHE,400,22.88,5.0,0.0,t_1259,1397
2025-07-02 09:30,300948.XSHE,700,10.99,5.0,0.0,t_1260,1398
2025-07-02 09:30,600768.XSHG,700,11.45,5.0,0.0,t_1261,1399
2025-07-02 09:30,300635.XSHE,-3700,11.88,5.0,43.96,t_1262,1400
2025-07-02 09:30,300405.XSHE,-9700,6.13,5.95,59.46,t_1263,1401
2025-07-02 09:30,002193.XSHE,1100,6.18,5.0,0.0,t_1264,1402
2025-07-02 09:30,603729.XSHG,600,17.01,5.0,0.0,t_1265,1403
2025-07-02 09:30,002719.XSHE,9900,9.11,9.02,0.0,t_1266,1404
2025-07-02 14:00,300665.XSHE,-9500,9.87,9.38,93.76,t_1267,1410
2025-07-04 14:00,600847.XSHG,-500,12.5,5.0,6.25,t_1268,1411
2025-07-07 09:30,300736.XSHE,-200,10.55,5.0,2.11,t_1269,1412
2025-07-07 09:30,300929.XSHE,-500,10.51,5.0,5.25,t_1270,1413
2025-07-07 09:30,301372.XSHE,-100,22.66,5.0,2.27,t_1271,1414
2025-07-07 09:30,300948.XSHE,-200,10.75,5.0,2.15,t_1272,1415
2025-07-07 09:30,600768.XSHG,-500,11.34,5.0,5.67,t_1273,1416
2025-07-07 09:30,300405.XSHE,1900,5.57,5.0,0.0,t_1274,1417
2025-07-07 09:30,002193.XSHE,-100,5.99,5.0,0.6,t_1275,1418
2025-07-07 09:30,300665.XSHE,-3800,9.0,5.0,34.2,t_1276,1419
2025-07-07 09:30,603729.XSHG,-300,16.88,5.0,5.06,t_1277,1420
2025-07-07 09:30,002719.XSHE,600,9.03,5.0,0.0,t_1278,1421
2025-07-07 09:30,600847.XSHG,300,11.22,5.0,0.0,t_1279,1422
2025-07-07 09:30,001211.XSHE,4200,22.29,9.36,0.0,t_1280,1423
2025-07-07 09:30,600671.XSHG,3300,13.52,5.0,0.0,t_1281,1424
2025-07-10 09:30,300948.XSHE,-500,11.29,5.0,5.65,t_1282,1427
2025-07-10 09:30,600768.XSHG,-200,11.8,5.0,2.36,t_1283,1428
2025-07-10 09:30,300405.XSHE,-300,5.79,5.0,1.74,t_1284,1429
2025-07-10 09:30,300665.XSHE,-4900,8.95,5.0,43.86,t_1285,1430
2025-07-10 09:30,002719.XSHE,200,9.2,5.0,0.0,t_1286,1431
2025-07-10 09:30,600847.XSHG,-4200,11.07,5.0,46.49,t_1287,1432
2025-07-10 09:30,600671.XSHG,3800,13.54,5.15,0.0,t_1288,1433
2025-07-10 09:30,300736.XSHE,200,10.69,5.0,0.0,t_1289,1434
2025-07-10 09:30,301372.XSHE,1800,23.73,5.0,0.0,t_1290,1435
2025-07-15 09:30,300736.XSHE,100,10.71,5.0,0.0,t_1291,1436
2025-07-15 09:30,600768.XSHG,-300,11.99,5.0,3.6,t_1292,1438
2025-07-15 09:30,300405.XSHE,-8800,5.9,5.19,51.92,t_1293,1439
2025-07-15 09:30,300665.XSHE,-5600,9.26,5.19,51.86,t_1294,1440
2025-07-15 09:30,603729.XSHG,200,16.97,5.0,0.0,t_1295,1441
2025-07-15 09:30,002719.XSHE,400,9.1,5.0,0.0,t_1296,1442
2025-07-15 09:30,600671.XSHG,3500,13.78,5.0,0.0,t_1297,1443
2025-07-15 09:30,300948.XSHE,300,11.15,5.0,0.0,t_1298,1444
2025-07-15 09:30,000890.XSHE,12400,3.93,5.0,0.0,t_1299,1445
2025-07-17 14:00,000890.XSHE,-800,4.22,5.0,3.38,t_1300,1446
2025-07-18 09:30,300736.XSHE,-100,10.78,5.0,1.08,t_1301,1447
2025-07-18 09:30,300929.XSHE,200,10.7,5.0,0.0,t_1302,1448
2025-07-18 09:30,301372.XSHE,100,23.5,5.0,0.0,t_1303,1449
2025-07-18 09:30,300405.XSHE,100,5.8,5.0,0.0,t_1304,1451
2025-07-18 09:30,002193.XSHE,-100,6.2,5.0,0.62,t_1305,1452
2025-07-18 09:30,300665.XSHE,-5300,9.17,5.0,48.6,t_1306,1453
2025-07-18 09:30,002719.XSHE,-800,9.43,5.0,7.54,t_1307,1454
2025-07-18 09:30,001211.XSHE,2100,23.09,5.0,0.0,t_1308,1455
2025-07-18 09:30,600671.XSHG,-100,14.05,5.0,1.41,t_1309,1456
2025-07-18 09:30,000890.XSHE,700,3.96,5.0,0.0,t_1310,1457
2025-07-18 09:30,300948.XSHE,300,11.0,5.0,0.0,t_1311,1458
2025-07-18 09:30,301372.XSHE,100,23.5,5.0,0.0,t_1312,1459
2025-07-18 09:30,300405.XSHE,200,5.8,5.0,0.0,t_1313,1460
2025-07-23 09:30,300948.XSHE,-700,11.79,5.0,8.25,t_1314,1463
2025-07-23 09:30,600768.XSHG,-100,12.5,5.0,1.25,t_1315,1464
2025-07-23 09:30,300405.XSHE,-4200,7.24,5.0,30.41,t_1316,1465
2025-07-23 09:30,002193.XSHE,500,6.32,5.0,0.0,t_1317,1466
2025-07-23 09:30,603729.XSHG,300,17.31,5.0,0.0,t_1318,1467
2025-07-23 09:30,002719.XSHE,1000,9.34,5.0,0.0,t_1319,1468
2025-07-23 09:30,001211.XSHE,200,23.17,5.0,0.0,t_1320,1469
2025-07-23 09:30,600671.XSHG,-3200,13.96,5.0,44.67,t_1321,1470
2025-07-23 09:30,000890.XSHE,100,4.05,5.0,0.0,t_1322,1471
2025-07-23 09:30,300736.XSHE,500,10.87,5.0,0.0,t_1323,1472
2025-07-23 09:30,300929.XSHE,400,10.9,5.0,0.0,t_1324,1473
2025-07-23 09:30,603709.XSHG,3700,13.47,5.0,0.0,t_1325,1474
2025-07-28 09:30,300736.XSHE,-700,11.35,5.0,7.95,t_1326,1475
2025-07-28 09:30,300929.XSHE,-400,11.23,5.0,4.49,t_1327,1476
2025-07-28 09:30,301372.XSHE,200,23.94,5.0,0.0,t_1328,1477
2025-07-28 09:30,300948.XSHE,700,11.48,5.0,0.0,t_1329,1478
2025-07-28 09:30,600768.XSHG,-4400,12.91,5.68,56.8,t_1330,1479
2025-07-28 09:30,300405.XSHE,-5700,6.7,5.0,38.19,t_1331,1480
2025-07-28 09:30,002193.XSHE,-200,6.42,5.0,1.28,t_1332,1481
2025-07-28 09:30,002719.XSHE,-100,9.49,5.0,0.95,t_1333,1482
2025-07-28 09:30,600671.XSHG,-100,14.22,5.0,1.42,t_1334,1483
2025-07-28 09:30,000890.XSHE,12700,4.05,5.14,0.0,t_1335,1484
2025-07-28 09:30,300163.XSHE,14900,3.29,5.0,0.0,t_1336,1485
2025-07-30 14:00,301372.XSHE,-1900,30.02,5.7,57.04,t_1337,1486
2025-07-31 09:30,300736.XSHE,100,11.42,5.0,0.0,t_1338,1487
2025-07-31 09:30,300929.XSHE,300,11.15,5.0,0.0,t_1339,1488
2025-07-31 09:30,301372.XSHE,-1300,28.29,5.0,36.78,t_1340,1489
2025-07-31 09:30,300948.XSHE,400,11.41,5.0,0.0,t_1341,1490
2025-07-31 09:30,600768.XSHG,600,12.47,5.0,0.0,t_1342,1491
2025-07-31 09:30,300405.XSHE,-7100,6.37,5.0,45.23,t_1343,1492
2025-07-31 09:30,002193.XSHE,800,6.35,5.0,0.0,t_1344,1493
2025-07-31 09:30,603729.XSHG,300,17.32,5.0,0.0,t_1345,1494
2025-07-31 09:30,001211.XSHE,2100,23.88,5.01,0.0,t_1346,1495
2025-07-31 09:30,600671.XSHG,-3500,14.15,5.0,49.52,t_1347,1496
2025-07-31 09:30,000890.XSHE,13900,3.97,5.52,0.0,t_1348,1497
2025-07-31 09:30,603709.XSHG,100,13.53,5.0,0.0,t_1349,1498
2025-07-31 09:30,300163.XSHE,15800,3.36,5.31,0.0,t_1350,1499
2025-08-04 14:00,600671.XSHG,-300,15.53,5.0,4.66,t_1351,1500
2025-08-05 09:30,300736.XSHE,-200,11.75,5.0,2.35,t_1352,1501
2025-08-05 09:30,300929.XSHE,-300,11.58,5.0,3.47,t_1353,1502
2025-08-05 09:30,301372.XSHE,-1700,27.8,5.0,47.26,t_1354,1503
2025-08-05 09:30,300948.XSHE,-300,11.84,5.0,3.55,t_1355,1504
2025-08-05 09:30,002193.XSHE,300,6.42,5.0,0.0,t_1356,1505
2025-08-05 09:30,002719.XSHE,700,9.52,5.0,0.0,t_1357,1506
2025-08-05 09:30,600671.XSHG,-3400,15.49,5.27,52.67,t_1358,1507
2025-08-05 09:30,000890.XSHE,400,4.0,5.0,0.0,t_1359,1508
2025-08-05 09:30,300163.XSHE,16300,3.35,5.46,0.0,t_1360,1509
2025-08-05 09:30,300854.XSHE,3000,16.79,5.04,0.0,t_1361,1510
2025-08-07 14:00,000890.XSHE,-2700,4.36,5.0,11.77,t_1362,1511
2025-08-08 09:30,300736.XSHE,-100,11.96,5.0,1.2,t_1363,1512
2025-08-08 09:30,301372.XSHE,-1700,26.88,5.0,45.7,t_1364,1513
2025-08-08 09:30,300948.XSHE,200,11.8,5.0,0.0,t_1365,1514
2025-08-08 09:30,300405.XSHE,-8200,6.52,5.35,53.46,t_1366,1515
2025-08-08 09:30,002193.XSHE,600,6.42,5.0,0.0,t_1367,1516
2025-08-08 09:30,002719.XSHE,-400,9.8,5.0,3.92,t_1368,1517
2025-08-08 09:30,001211.XSHE,100,24.35,5.0,0.0,t_1369,1518
2025-08-08 09:30,000890.XSHE,-100,4.38,5.0,0.44,t_1370,1519
2025-08-08 09:30,603709.XSHG,-100,14.49,5.0,1.45,t_1371,1520
2025-08-08 09:30,300163.XSHE,16000,3.38,5.41,0.0,t_1372,1521
2025-08-08 09:30,300854.XSHE,3100,17.45,5.41,0.0,t_1373,1522
2025-08-13 09:30,300736.XSHE,-300,12.36,5.0,3.71,t_1374,1523
2025-08-13 09:30,300929.XSHE,-300,12.1,5.0,3.63,t_1375,1524
2025-08-13 09:30,301372.XSHE,-2000,27.6,5.52,55.2,t_1376,1525
2025-08-13 09:30,002193.XSHE,700,6.43,5.0,0.0,t_1377,1526
2025-08-13 09:30,603729.XSHG,200,17.96,5.0,0.0,t_1378,1527
2025-08-13 09:30,002719.XSHE,-300,10.12,5.0,3.04,t_1379,1528
2025-08-13 09:30,001211.XSHE,-2200,25.24,5.55,55.53,t_1380,1529
2025-08-13 09:30,000890.XSHE,500,4.39,5.0,0.0,t_1381,1530
2025-08-13 09:30,603709.XSHG,-3700,15.56,5.76,57.57,t_1382,1531
2025-08-13 09:30,300163.XSHE,17400,3.38,5.88,0.0,t_1383,1532
2025-08-13 09:30,300854.XSHE,3200,17.42,5.57,0.0,t_1384,1533
2025-08-13 09:30,600847.XSHG,4500,11.83,5.32,0.0,t_1385,1534
2025-08-18 09:30,300929.XSHE,100,11.51,5.0,0.0,t_1386,1535
2025-08-18 09:30,301372.XSHE,-2000,26.94,5.39,53.88,t_1387,1536
2025-08-18 09:30,300948.XSHE,100,11.52,5.0,0.0,t_1388,1537
2025-08-18 09:30,600768.XSHG,3900,12.79,5.0,0.0,t_1389,1538
2025-08-18 09:30,002193.XSHE,500,6.05,5.0,0.0,t_1390,1539
2025-08-18 09:30,603729.XSHG,-200,17.56,5.0,3.51,t_1391,1540
2025-08-18 09:30,002719.XSHE,300,9.58,5.0,0.0,t_1392,1541
2025-08-18 09:30,001211.XSHE,-2200,24.29,5.34,53.44,t_1393,1542
2025-08-18 09:30,000890.XSHE,-12600,4.27,5.38,53.8,t_1394,1543
2025-08-18 09:30,300163.XSHE,-800,3.28,5.0,2.62,t_1395,1544
2025-08-18 09:30,300854.XSHE,3200,16.68,5.34,0.0,t_1396,1545
2025-08-18 09:30,600847.XSHG,4500,11.49,5.17,0.0,t_1397,1546
2025-08-18 09:30,002193.XSHE,400,6.05,5.0,0.0,t_1398,1547
2025-08-21 09:30,300736.XSHE,-500,12.8,5.0,6.4,t_1399,1548
2025-08-21 09:30,300929.XSHE,600,11.83,5.0,0.0,t_1400,1549
2025-08-21 09:30,300948.XSHE,-300,12.34,5.0,3.7,t_1401,1550
2025-08-21 09:30,600768.XSHG,400,12.96,5.0,0.0,t_1402,1551
2025-08-21 09:30,002193.XSHE,-100,6.39,5.0,0.64,t_1403,1552
2025-08-21 09:30,002719.XSHE,100,9.99,5.0,0.0,t_1404,1554
2025-08-21 09:30,001211.XSHE,-2100,25.23,5.3,52.98,t_1405,1555
2025-08-21 09:30,000890.XSHE,-11800,4.33,5.11,51.09,t_1406,1556
2025-08-21 09:30,300163.XSHE,200,3.44,5.0,0.0,t_1407,1557
2025-08-21 09:30,300854.XSHE,-900,18.99,5.0,17.09,t_1408,1558
2025-08-21 09:30,600847.XSHG,5000,11.74,5.87,0.0,t_1409,1559
2025-08-21 09:30,603729.XSHG,100,18.24,5.0,0.0,t_1410,1560
2025-08-21 09:30,600768.XSHG,300,12.96,5.0,0.0,t_1411,1561
2025-08-21 09:30,002719.XSHE,100,9.99,5.0,0.0,t_1412,1562
2025-08-21 09:30,600455.XSHG,1900,28.2,5.36,0.0,t_1413,1563
2025-08-26 09:30,300736.XSHE,100,12.5,5.0,0.0,t_1414,1564
2025-08-26 09:30,002719.XSHE,-300,10.07,5.0,3.02,t_1415,1568
2025-08-26 09:30,000890.XSHE,200,4.19,5.0,0.0,t_1416,1569
2025-08-26 09:30,300163.XSHE,-400,3.43,5.0,1.37,t_1417,1570
2025-08-26 09:30,300854.XSHE,-3500,20.39,7.14,71.36,t_1418,1571
2025-08-26 09:30,600847.XSHG,200,11.47,5.0,0.0,t_1419,1572
2025-08-26 09:30,600455.XSHG,1900,28.06,5.33,0.0,t_1420,1573
2025-08-26 09:30,300929.XSHE,500,11.46,5.0,0.0,t_1421,1574
2025-08-26 09:30,300736.XSHE,100,12.5,5.0,0.0,t_1422,1575
2025-08-26 09:30,002193.XSHE,500,6.25,5.0,0.0,t_1423,1576
2025-08-26 09:30,300948.XSHE,500,11.93,5.0,0.0,t_1424,1577
2025-08-29 09:30,300736.XSHE,-1000,12.74,5.0,12.74,t_1425,1578
2025-08-29 09:30,300929.XSHE,500,10.85,5.0,0.0,t_1426,1579
2025-08-29 09:30,300948.XSHE,600,11.23,5.0,0.0,t_1427,1580
2025-08-29 09:30,600768.XSHG,300,12.26,5.0,0.0,t_1428,1581
2025-08-29 09:30,002193.XSHE,100,5.84,5.0,0.0,t_1429,1582
2025-08-29 09:30,002719.XSHE,-5100,9.59,5.0,48.91,t_1430,1584
2025-08-29 09:30,001211.XSHE,-2200,25.0,5.5,55.0,t_1431,1585
2025-08-29 09:30,000890.XSHE,13700,3.95,5.41,0.0,t_1432,1586
2025-08-29 09:30,300163.XSHE,-7200,3.65,5.0,26.28,t_1433,1587
2025-08-29 09:30,300854.XSHE,-2800,20.13,5.64,56.36,t_1434,1588
2025-08-29 09:30,600847.XSHG,5400,10.72,5.79,0.0,t_1435,1589
2025-08-29 09:30,600455.XSHG,100,26.83,5.0,0.0,t_1436,1590
2025-08-29 09:30,002193.XSHE,1400,5.84,5.0,0.0,t_1437,1591
2025-08-29 09:30,603729.XSHG,500,16.98,5.0,0.0,t_1438,1592
2025-08-29 09:30,300594.XSHE,2900,17.63,5.11,0.0,t_1439,1593
2025-09-03 09:30,300736.XSHE,100,12.66,5.0,0.0,t_1440,1594
2025-09-03 09:30,300929.XSHE,200,10.8,5.0,0.0,t_1441,1595
2025-09-03 09:30,600768.XSHG,-100,12.42,5.0,1.24,t_1442,1597
2025-09-03 09:30,002193.XSHE,-300,5.91,5.0,1.77,t_1443,1598
2025-09-03 09:30,603729.XSHG,-100,17.18,5.0,1.72,t_1444,1599
2025-09-03 09:30,000890.XSHE,-600,4.06,5.0,2.44,t_1445,1600
2025-09-03 09:30,300163.XSHE,-12000,3.51,5.0,42.12,t_1446,1601
2025-09-03 09:30,300854.XSHE,-2700,20.82,5.62,56.21,t_1447,1602
2025-09-03 09:30,600847.XSHG,-5000,10.9,5.45,54.5,t_1448,1603
2025-09-03 09:30,600455.XSHG,2000,26.57,5.31,0.0,t_1449,1604
2025-09-03 09:30,300594.XSHE,3000,17.67,5.3,0.0,t_1450,1605
2025-09-03 09:30,300948.XSHE,100,11.19,5.0,0.0,t_1451,1606
2025-09-03 09:30,301098.XSHE,5800,9.05,5.25,0.0,t_1452,1607
2025-09-08 09:30,300736.XSHE,-200,12.91,5.0,2.58,t_1453,1608
2025-09-08 09:30,300948.XSHE,100,11.22,5.0,0.0,t_1454,1609
2025-09-08 09:30,002193.XSHE,-500,6.0,5.0,3.0,t_1455,1610
2025-09-08 09:30,002719.XSHE,200,9.53,5.0,0.0,t_1456,1611
2025-09-08 09:30,000890.XSHE,-100,4.1,5.0,0.41,t_1457,1612
2025-09-08 09:30,300163.XSHE,900,3.43,5.0,0.0,t_1458,1613
2025-09-08 09:30,300854.XSHE,-2600,20.01,5.2,52.03,t_1459,1614
2025-09-08 09:30,600847.XSHG,-5300,11.49,6.09,60.9,t_1460,1615
2025-09-08 09:30,300594.XSHE,3100,17.62,5.46,0.0,t_1461,1616
2025-09-08 09:30,301098.XSHE,5900,9.02,5.32,0.0,t_1462,1617
2025-09-08 09:30,300163.XSHE,600,3.43,5.0,0.0,t_1463,1618
2025-09-11 09:30,300736.XSHE,200,12.55,5.0,0.0,t_1464,1619
2025-09-11 09:30,300948.XSHE,-100,11.5,5.0,1.15,t_1465,1620
2025-09-11 09:30,600768.XSHG,100,12.56,5.0,0.0,t_1466,1621
2025-09-11 09:30,002719.XSHE,-5600,9.75,5.46,54.6,t_1467,1623
2025-09-11 09:30,000890.XSHE,-700,4.29,5.0,3.0,t_1468,1624
2025-09-11 09:30,300163.XSHE,-1100,3.56,5.0,3.92,t_1469,1625
2025-09-11 09:30,600847.XSHG,-4600,11.59,5.33,53.31,t_1470,1626
2025-09-11 09:30,300594.XSHE,2900,18.03,5.23,0.0,t_1471,1627
2025-09-11 09:30,301098.XSHE,5900,9.15,5.4,0.0,t_1472,1628
2025-09-11 09:30,002193.XSHE,100,6.07,5.0,0.0,t_1473,1629
2025-09-11 09:30,300736.XSHE,600,12.55,5.0,0.0,t_1474,1630
2025-09-16 09:30,300736.XSHE,-6000,14.07,8.44,84.42,t_1475,1631
2025-09-16 09:30,300948.XSHE,100,11.43,5.0,0.0,t_1476,1632
2025-09-16 09:30,002193.XSHE,1100,5.94,5.0,0.0,t_1477,1633
2025-09-16 09:30,603729.XSHG,200,17.24,5.0,0.0,t_1478,1634
2025-09-16 09:30,002719.XSHE,300,9.58,5.0,0.0,t_1479,1635
2025-09-16 09:30,000890.XSHE,-12000,4.12,5.0,49.44,t_1480,1636
2025-09-16 09:30,300163.XSHE,600,3.53,5.0,0.0,t_1481,1637
2025-09-16 09:30,600455.XSHG,100,26.88,5.0,0.0,t_1482,1638
2025-09-16 09:30,300594.XSHE,3100,17.96,5.57,0.0,t_1483,1639
2025-09-16 09:30,301098.XSHE,6100,9.09,5.54,0.0,t_1484,1640
2025-09-19 09:30,300736.XSHE,-4300,14.54,6.25,62.52,t_1485,1641
2025-09-19 09:30,300929.XSHE,400,10.75,5.0,0.0,t_1486,1642
2025-09-19 09:30,300948.XSHE,200,11.2,5.0,0.0,t_1487,1643
2025-09-19 09:30,600768.XSHG,600,12.11,5.0,0.0,t_1488,1644
2025-09-19 09:30,002193.XSHE,700,5.79,5.0,0.0,t_1489,1645
2025-09-19 09:30,603729.XSHG,100,16.97,5.0,0.0,t_1490,1646
2025-09-19 09:30,002719.XSHE,5100,9.21,5.0,0.0,t_1491,1647
2025-09-19 09:30,000890.XSHE,-13200,4.38,5.78,57.82,t_1492,1648
2025-09-19 09:30,300163.XSHE,-2500,3.64,5.0,9.1,t_1493,1649
2025-09-19 09:30,600847.XSHG,-4700,11.49,5.4,54.0,t_1494,1650
2025-09-19 09:30,600455.XSHG,2100,26.27,5.52,0.0,t_1495,1651
2025-09-19 09:30,300594.XSHE,-100,17.95,5.0,1.79,t_1496,1652
2025-09-19 09:30,301098.XSHE,6200,8.9,5.52,0.0,t_1497,1653
2025-09-19 09:30,002719.XSHE,1100,9.21,5.0,0.0,t_1498,1654
2025-09-24 09:30,300736.XSHE,-3300,13.23,5.0,43.66,t_1499,1655
2025-09-24 09:30,600768.XSHG,-200,11.77,5.0,2.35,t_1500,1656
2025-09-24 09:30,002193.XSHE,400,5.51,5.0,0.0,t_1501,1657
2025-09-24 09:30,603729.XSHG,200,16.1,5.0,0.0,t_1502,1658
2025-09-24 09:30,002719.XSHE,500,8.65,5.0,0.0,t_1503,1659
2025-09-24 09:30,300163.XSHE,11500,3.36,5.0,0.0,t_1504,1660
2025-09-24 09:30,600455.XSHG,-100,25.85,5.0,2.58,t_1505,1661
2025-09-24 09:30,300594.XSHE,-300,17.56,5.0,5.27,t_1506,1662
2025-09-24 09:30,300163.XSHE,2300,3.36,5.0,0.0,t_1507,1663
2025-10-10 09:30,300736.XSHE,-3500,13.33,5.0,46.66,t_1508,1684
2025-10-10 09:30,300929.XSHE,2000,10.68,5.0,0.0,t_1509,1685
2025-10-10 09:30,600768.XSHG,1400,12.32,5.0,0.0,t_1510,1686
2025-10-10 09:30,002193.XSHE,1400,5.74,5.0,0.0,t_1511,1687
2025-10-10 14:00,300948.XSHE,-18500,22.74,42.07,420.69,t_1512,1703
2025-10-15 09:30,300736.XSHE,4600,12.89,5.93,0.0,t_1513,1704
2025-10-15 09:30,300929.XSHE,-400,11.01,5.0,4.4,t_1514,1705
2025-10-15 09:30,300948.XSHE,-2200,19.0,5.0,41.8,t_1515,1706
2025-10-15 09:30,603729.XSHG,1400,16.67,5.0,0.0,t_1516,1707
2025-10-15 09:30,002719.XSHE,6400,9.65,6.18,0.0,t_1517,1708
2025-10-15 09:30,300163.XSHE,9000,3.55,5.0,0.0,t_1518,1709
2025-10-15 09:30,600455.XSHG,3200,25.85,8.27,0.0,t_1519,1710
2025-10-15 09:30,300594.XSHE,1800,17.63,5.0,0.0,t_1520,1711
2025-10-15 09:30,301098.XSHE,2100,9.03,5.0,0.0,t_1521,1712
2025-10-15 09:30,300385.XSHE,11100,5.18,5.75,0.0,t_1522,1713
2025-10-15 09:30,600847.XSHG,8800,11.24,9.89,0.0,t_1523,1714
2025-10-20 09:30,300948.XSHE,-3100,19.17,5.94,59.43,t_1524,1716
2025-10-20 09:30,002193.XSHE,-4100,5.29,5.0,21.69,t_1525,1717
2025-10-20 09:30,603729.XSHG,200,16.54,5.0,0.0,t_1526,1718
2025-10-20 09:30,002719.XSHE,-300,9.77,5.0,2.93,t_1527,1719
2025-10-20 09:30,300163.XSHE,1200,3.5,5.0,0.0,t_1528,1720
2025-10-20 09:30,300594.XSHE,200,17.44,5.0,0.0,t_1529,1721
2025-10-20 09:30,301098.XSHE,-100,9.09,5.0,0.91,t_1530,1722
2025-10-20 09:30,300385.XSHE,200,5.1,5.0,0.0,t_1531,1723
2025-10-20 09:30,600847.XSHG,1300,11.36,5.0,0.0,t_1532,1724
2025-10-20 09:30,300736.XSHE,4400,13.0,5.72,0.0,t_1533,1725
2025-10-23 09:30,002193.XSHE,-200,5.53,5.0,1.11,t_1534,1727
2025-10-23 09:30,002719.XSHE,200,9.95,5.0,0.0,t_1535,1728
2025-10-23 09:30,300163.XSHE,-100,3.65,5.0,0.36,t_1536,1729
2025-10-23 09:30,600455.XSHG,-300,27.75,5.0,8.32,t_1537,1730
2025-10-23 09:30,300594.XSHE,-100,18.36,5.0,1.84,t_1538,1731
2025-10-23 09:30,301098.XSHE,200,9.38,5.0,0.0,t_1539,1732
2025-10-23 09:30,300385.XSHE,-200,5.44,5.0,1.09,t_1540,1733
2025-10-23 09:30,600847.XSHG,-4900,11.67,5.72,57.18,t_1541,1734
2025-10-23 09:30,002719.XSHE,300,9.95,5.0,0.0,t_1542,1735
2025-10-23 09:30,300736.XSHE,4800,13.18,6.33,0.0,t_1543,1736
2025-10-28 09:30,300736.XSHE,-500,14.01,5.0,7.0,t_1544,1737
2025-10-28 09:30,300929.XSHE,600,11.24,5.0,0.0,t_1545,1738
2025-10-28 09:30,600768.XSHG,-100,13.35,5.0,1.33,t_1546,1739
2025-10-28 09:30,002193.XSHE,400,5.48,5.0,0.0,t_1547,1740
2025-10-28 09:30,300163.XSHE,-23400,4.17,9.76,97.58,t_1548,1743
2025-10-28 09:30,301098.XSHE,800,9.35,5.0,0.0,t_1549,1744
2025-10-28 09:30,600847.XSHG,-100,12.09,5.0,1.21,t_1550,1745
2025-10-28 09:30,300929.XSHE,400,11.24,5.0,0.0,t_1551,1746
2025-10-28 09:30,002193.XSHE,900,5.48,5.0,0.0,t_1552,1747
2025-10-28 09:30,603729.XSHG,100,17.48,5.0,0.0,t_1553,1748
2025-10-28 09:30,002719.XSHE,1800,9.62,5.0,0.0,t_1554,1749
2025-10-28 09:30,300405.XSHE,9600,6.36,6.11,0.0,t_1555,1750
2025-10-29 14:00,300163.XSHE,-7100,4.7,5.0,33.37,t_1556,1751
2025-10-31 09:30,300736.XSHE,-200,14.07,5.0,2.81,t_1557,1752
2025-10-31 09:30,300929.XSHE,200,11.04,5.0,0.0,t_1558,1753
2025-10-31 09:30,002193.XSHE,300,5.4,5.0,0.0,t_1559,1754
2025-10-31 09:30,603729.XSHG,700,16.6,5.0,0.0,t_1560,1755
2025-10-31 09:30,002719.XSHE,1000,9.23,5.0,0.0,t_1561,1756
2025-10-31 09:30,300163.XSHE,-13900,4.8,6.67,66.72,t_1562,1757
2025-10-31 09:30,300594.XSHE,300,18.17,5.0,0.0,t_1563,1758
2025-10-31 09:30,301098.XSHE,1000,8.99,5.0,0.0,t_1564,1759
2025-10-31 09:30,300385.XSHE,100,5.41,5.0,0.0,t_1565,1760
2025-10-31 09:30,600847.XSHG,-100,12.35,5.0,1.24,t_1566,1761
2025-10-31 09:30,300405.XSHE,9900,6.26,6.2,0.0,t_1567,1762
2025-11-05 09:30,300736.XSHE,200,14.22,5.0,0.0,t_1568,1763
2025-11-05 09:30,002193.XSHE,200,5.85,5.0,0.0,t_1569,1765
2025-11-05 09:30,603729.XSHG,-700,17.91,5.0,12.54,t_1570,1766
2025-11-05 09:30,002719.XSHE,200,9.49,5.0,0.0,t_1571,1767
2025-11-05 09:30,300163.XSHE,-11700,4.77,5.58,55.81,t_1572,1768
2025-11-05 09:30,600455.XSHG,300,28.01,5.0,0.0,t_1573,1769
2025-11-05 09:30,300594.XSHE,300,18.42,5.0,0.0,t_1574,1770
2025-11-05 09:30,301098.XSHE,-300,9.39,5.0,2.82,t_1575,1771
2025-11-05 09:30,300385.XSHE,-100,5.69,5.0,0.57,t_1576,1772
2025-11-05 09:30,600847.XSHG,-5000,12.52,6.26,62.6,t_1577,1773
2025-11-05 09:30,002193.XSHE,8400,5.85,5.0,0.0,t_1578,1774
2025-11-05 09:30,600768.XSHG,300,13.45,5.0,0.0,t_1579,1775
2025-11-05 09:30,300736.XSHE,100,14.22,5.0,0.0,t_1580,1776
2025-11-05 09:30,002883.XSHE,5300,11.68,6.19,0.0,t_1581,1777
2025-11-10 09:30,300736.XSHE,-5400,16.1,8.69,86.94,t_1582,1778
2025-11-10 09:30,300929.XSHE,-300,12.02,5.0,3.61,t_1583,1779
2025-11-10 09:30,600768.XSHG,300,13.79,5.0,0.0,t_1584,1780
2025-11-10 09:30,002193.XSHE,600,6.02,5.0,0.0,t_1585,1781
2025-11-10 09:30,603729.XSHG,500,18.1,5.0,0.0,t_1586,1782
2025-11-10 09:30,002719.XSHE,100,9.85,5.0,0.0,t_1587,1783
2025-11-10 09:30,300163.XSHE,-13300,4.98,6.62,66.23,t_1588,1784
2025-11-10 09:30,600455.XSHG,300,28.32,5.0,0.0,t_1589,1785
2025-11-10 09:30,300594.XSHE,-300,19.63,5.0,5.89,t_1590,1786
2025-11-10 09:30,301098.XSHE,300,9.65,5.0,0.0,t_1591,1787
2025-11-10 09:30,300385.XSHE,-100,6.0,5.0,0.6,t_1592,1788
2025-11-10 09:30,002883.XSHE,5600,11.99,6.71,0.0,t_1593,1789
2025-11-10 09:30,300417.XSHE,4500,14.32,6.44,0.0,t_1594,1790
2025-11-13 09:30,300736.XSHE,-5100,18.46,9.41,94.15,t_1595,1791
2025-11-13 09:30,300929.XSHE,100,12.08,5.0,0.0,t_1596,1792
2025-11-13 09:30,600768.XSHG,500,13.67,5.0,0.0,t_1597,1793
2025-11-13 09:30,002193.XSHE,-500,6.16,5.0,3.08,t_1598,1794
2025-11-13 09:30,603729.XSHG,400,17.89,5.0,0.0,t_1599,1795
2025-11-13 09:30,002719.XSHE,-700,10.18,5.0,7.13,t_1600,1796
2025-11-13 09:30,300163.XSHE,-13200,4.84,6.39,63.89,t_1601,1797
2025-11-13 09:30,600455.XSHG,200,28.25,5.0,0.0,t_1602,1798
2025-11-13 09:30,300594.XSHE,700,18.92,5.0,0.0,t_1603,1799
2025-11-13 09:30,301098.XSHE,600,9.6,5.0,0.0,t_1604,1800
2025-11-13 09:30,300385.XSHE,-400,6.3,5.0,2.52,t_1605,1801
2025-11-13 09:30,300405.XSHE,-700,7.06,5.0,4.94,t_1606,1802
2025-11-13 09:30,002883.XSHE,5500,12.08,6.64,0.0,t_1607,1803
2025-11-13 09:30,300417.XSHE,4900,14.07,6.89,0.0,t_1608,1804
2025-11-18 09:30,300736.XSHE,-3600,18.91,6.81,68.08,t_1609,1805
2025-11-18 09:30,600768.XSHG,200,13.88,5.0,0.0,t_1610,1806
2025-11-18 09:30,002193.XSHE,-700,6.38,5.0,4.47,t_1611,1807
2025-11-18 09:30,002719.XSHE,100,10.35,5.0,0.0,t_1612,1808
2025-11-18 09:30,600455.XSHG,100,28.57,5.0,0.0,t_1613,1809
2025-11-18 09:30,300594.XSHE,100,19.24,5.0,0.0,t_1614,1810
2025-11-18 09:30,301098.XSHE,200,9.78,5.0,0.0,t_1615,1811
2025-11-18 09:30,300385.XSHE,200,6.25,5.0,0.0,t_1616,1812
2025-11-18 09:30,300405.XSHE,-10200,7.9,8.06,80.58,t_1617,1813
2025-11-18 09:30,002883.XSHE,5900,12.16,7.17,0.0,t_1618,1814
2025-11-18 09:30,300417.XSHE,4600,14.45,6.65,0.0,t_1619,1815
2025-11-21 09:30,300736.XSHE,-100,18.46,5.0,1.85,t_1620,1816
2025-11-21 09:30,600768.XSHG,500,12.82,5.0,0.0,t_1621,1817
2025-11-21 09:30,002193.XSHE,-300,6.04,5.0,1.81,t_1622,1818
2025-11-21 09:30,603729.XSHG,-300,17.56,5.0,5.27,t_1623,1819
2025-11-21 09:30,002719.XSHE,1000,9.41,5.0,0.0,t_1624,1820
2025-11-21 09:30,301098.XSHE,-100,9.23,5.0,0.92,t_1625,1822
2025-11-21 09:30,300385.XSHE,-10800,6.32,6.83,68.26,t_1626,1823
2025-11-21 09:30,300405.XSHE,-8600,7.01,6.03,60.29,t_1627,1824
2025-11-21 09:30,002883.XSHE,-500,11.72,5.0,5.86,t_1628,1825
2025-11-21 09:30,300417.XSHE,5200,13.28,6.91,0.0,t_1629,1826
2025-11-21 09:30,002719.XSHE,200,9.41,5.0,0.0,t_1630,1827
2025-11-21 09:30,600455.XSHG,100,26.8,5.0,0.0,t_1631,1828
2025-11-21 09:30,300854.XSHE,3400,18.18,6.18,0.0,t_1632,1829
2025-11-26 09:30,300736.XSHE,-3500,19.5,6.83,68.25,t_1633,1830
2025-11-26 09:30,300929.XSHE,500,11.54,5.0,0.0,t_1634,1831
2025-11-26 09:30,600768.XSHG,-300,13.13,5.0,3.94,t_1635,1832
2025-11-26 09:30,002193.XSHE,-1400,6.26,5.0,8.76,t_1636,1833
2025-11-26 09:30,603729.XSHG,-200,17.99,5.0,3.6,t_1637,1834
2025-11-26 09:30,002719.XSHE,200,9.43,5.0,0.0,t_1638,1835
2025-11-26 09:30,600455.XSHG,100,26.83,5.0,0.0,t_1639,1836
2025-11-26 09:30,301098.XSHE,700,9.12,5.0,0.0,t_1640,1837
2025-11-26 09:30,002883.XSHE,-5200,11.65,6.06,60.58,t_1641,1838
2025-11-26 09:30,300417.XSHE,4700,13.42,6.31,0.0,t_1642,1839
2025-11-26 09:30,300854.XSHE,3600,17.82,6.42,0.0,t_1643,1840
2025-12-01 09:30,600768.XSHG,-100,13.33,5.0,1.33,t_1644,1843
2025-12-01 09:30,002193.XSHE,300,6.17,5.0,0.0,t_1645,1844
2025-12-01 09:30,002719.XSHE,-400,9.69,5.0,3.88,t_1646,1846
2025-12-01 09:30,600455.XSHG,-100,27.51,5.0,2.75,t_1647,1847
2025-12-01 09:30,301098.XSHE,-300,9.33,5.0,2.8,t_1648,1848
2025-12-01 09:30,002883.XSHE,-5500,11.85,6.52,65.17,t_1649,1849
2025-12-01 09:30,300854.XSHE,3800,18.12,6.89,0.0,t_1650,1850
2025-12-01 09:30,300929.XSHE,100,11.65,5.0,0.0,t_1651,1851
2025-12-01 09:30,002193.XSHE,800,6.17,5.0,0.0,t_1652,1852
2025-12-04 09:30,600768.XSHG,-1300,13.8,5.0,17.94,t_1653,1854
2025-12-04 09:30,002193.XSHE,700,6.0,5.0,0.0,t_1654,1855
2025-12-04 09:30,603729.XSHG,800,17.02,5.0,0.0,t_1655,1856
2025-12-04 09:30,301098.XSHE,-600,9.32,5.0,5.59,t_1656,1860
2025-12-04 09:30,300417.XSHE,-5200,13.7,7.12,71.24,t_1657,1861
2025-12-04 09:30,300854.XSHE,3900,17.33,6.76,0.0,t_1658,1862
2025-12-04 09:30,002719.XSHE,300,9.41,5.0,0.0,t_1659,1863
2025-12-04 09:30,300594.XSHE,100,17.99,5.0,0.0,t_1660,1864
2025-12-04 09:30,600455.XSHG,100,26.61,5.0,0.0,t_1661,1865
2025-12-09 09:30,600768.XSHG,100,13.72,5.0,0.0,t_1662,1866
2025-12-09 09:30,002719.XSHE,-300,9.62,5.0,2.89,t_1663,1869
2025-12-09 09:30,300594.XSHE,100,17.84,5.0,0.0,t_1664,1870
2025-12-09 09:30,301098.XSHE,-400,9.51,5.0,3.8,t_1665,1871
2025-12-09 09:30,300417.XSHE,-5000,14.24,7.12,71.2,t_1666,1872
2025-12-09 09:30,300854.XSHE,3600,17.63,6.35,0.0,t_1667,1873
2025-12-09 09:30,002193.XSHE,300,6.03,5.0,0.0,t_1668,1874
2025-12-09 09:30,603729.XSHG,100,17.02,5.0,0.0,t_1669,1875
2025-12-09 09:30,300594.XSHE,300,17.84,5.0,0.0,t_1670,1876
2025-12-09 09:30,600768.XSHG,200,13.72,5.0,0.0,t_1671,1877
2025-12-12 09:30,300929.XSHE,-400,10.91,5.0,4.36,t_1672,1878
2025-12-12 09:30,600768.XSHG,-400,13.05,5.0,5.22,t_1673,1879
2025-12-12 09:30,002193.XSHE,800,5.52,5.0,0.0,t_1674,1880
2025-12-12 09:30,002719.XSHE,700,8.65,5.0,0.0,t_1675,1881
2025-12-12 09:30,300417.XSHE,-5000,13.94,6.97,69.7,t_1676,1885
2025-12-12 09:30,002719.XSHE,300,8.65,5.0,0.0,t_1677,1886
2025-12-12 09:30,300594.XSHE,100,16.48,5.0,0.0,t_1678,1887
2025-12-12 09:30,301098.XSHE,900,8.61,5.0,0.0,t_1679,1888
2025-12-12 09:30,002883.XSHE,5200,11.03,5.74,0.0,t_1680,1889
2025-12-17 09:30,002719.XSHE,-700,8.6,5.0,6.02,t_1681,1891
2025-12-17 09:30,600455.XSHG,-200,24.87,5.0,4.97,t_1682,1892
2025-12-17 09:30,300594.XSHE,-400,16.45,5.0,6.58,t_1683,1893
2025-12-17 09:30,301098.XSHE,200,8.33,5.0,0.0,t_1684,1894
2025-12-17 09:30,002883.XSHE,1500,10.62,5.0,0.0,t_1685,1895
2025-12-17 09:30,300417.XSHE,-4200,13.06,5.49,54.85,t_1686,1896
2025-12-17 09:30,300854.XSHE,300,15.69,5.0,0.0,t_1687,1897
2025-12-17 09:30,300929.XSHE,500,10.39,5.0,0.0,t_1688,1898
2025-12-17 09:30,002883.XSHE,4200,10.62,5.0,0.0,t_1689,1899
2025-12-22 09:30,002719.XSHE,-200,9.21,5.0,1.84,t_1690,1901
2025-12-22 09:30,300594.XSHE,-500,18.06,5.0,9.03,t_1691,1902
2025-12-22 09:30,301098.XSHE,600,8.69,5.0,0.0,t_1692,1903
2025-12-22 09:30,002883.XSHE,500,11.13,5.0,0.0,t_1693,1904
2025-12-22 09:30,300417.XSHE,-4500,13.72,6.17,61.74,t_1694,1905
2025-12-22 09:30,002883.XSHE,5400,11.13,6.01,0.0,t_1695,1906
2025-12-22 09:30,600768.XSHG,100,13.32,5.0,0.0,t_1696,1907
2025-12-25 09:30,300929.XSHE,100,10.87,5.0,0.0,t_1697,1908
2025-12-25 09:30,600768.XSHG,-4600,13.35,6.14,61.41,t_1698,1909
2025-12-25 09:30,002193.XSHE,2900,5.4,5.0,0.0,t_1699,1910
2025-12-25 09:30,603729.XSHG,200,16.22,5.0,0.0,t_1700,1911
2025-12-25 09:30,002719.XSHE,1400,8.79,5.0,0.0,t_1701,1912
2025-12-25 09:30,600455.XSHG,100,25.92,5.0,0.0,t_1702,1913
2025-12-25 09:30,300594.XSHE,-5100,20.48,10.44,104.45,t_1703,1914
2025-12-25 09:30,301098.XSHE,-100,8.71,5.0,0.87,t_1704,1915
2025-12-25 09:30,002883.XSHE,200,10.99,5.0,0.0,t_1705,1916
2025-12-25 09:30,300854.XSHE,100,16.51,5.0,0.0,t_1706,1917
2025-12-25 09:30,300929.XSHE,300,10.87,5.0,0.0,t_1707,1918
2025-12-25 09:30,301372.XSHE,2400,25.21,6.05,0.0,t_1708,1919
2025-12-25 09:30,600543.XSHG,11200,5.49,6.15,0.0,t_1709,1920
2025-12-30 09:30,300929.XSHE,300,10.75,5.0,0.0,t_1710,1921
2025-12-30 09:30,600768.XSHG,-4800,13.47,6.47,64.66,t_1711,1922
2025-12-30 09:30,002193.XSHE,300,5.37,5.0,0.0,t_1712,1923
2025-12-30 09:30,603729.XSHG,300,15.92,5.0,0.0,t_1713,1924
2025-12-30 09:30,002719.XSHE,300,8.7,5.0,0.0,t_1714,1925
2025-12-30 09:30,300594.XSHE,-2800,19.92,5.58,55.78,t_1715,1926
2025-12-30 09:30,301098.XSHE,100,8.66,5.0,0.0,t_1716,1927
2025-12-30 09:30,300854.XSHE,-900,17.49,5.0,15.74,t_1717,1928
2025-12-30 09:30,301372.XSHE,2400,25.69,6.17,0.0,t_1718,1929
2025-12-30 09:30,600543.XSHG,11600,5.41,6.28,0.0,t_1719,1930
2026-01-05 09:30,300929.XSHE,-28800,10.76,30.99,309.89,t_1720,1931
2026-01-05 09:30,600768.XSHG,-13800,14.0,19.32,193.2,t_1721,1932
2026-01-05 09:30,002193.XSHE,-57600,5.31,30.59,305.86,t_1722,1933
2026-01-05 09:30,603729.XSHG,-19400,16.09,31.21,312.15,t_1723,1934
2026-01-05 09:30,002719.XSHE,-35500,8.53,30.28,302.81,t_1724,1935
2026-01-05 09:30,600455.XSHG,-11900,25.83,30.74,307.38,t_1725,1936
2026-01-05 09:30,300594.XSHE,-9400,19.59,18.41,184.15,t_1726,1937
2026-01-05 09:30,301098.XSHE,-35700,8.6,30.7,307.02,t_1727,1938
2026-01-05 09:30,002883.XSHE,-28100,10.95,30.77,307.69,t_1728,1939
2026-01-05 09:30,300854.XSHE,-17800,16.98,30.22,302.24,t_1729,1940
2026-01-05 09:30,301372.XSHE,-4800,25.37,12.18,121.78,t_1730,1941
2026-01-05 09:30,600543.XSHG,-22800,5.35,12.2,121.98,t_1731,1942
2026-01-05 09:30,511880.XSHG,30700,100.065,0.0,0.0,t_1732,1943
2026-02-02 09:30,511880.XSHG,-30700,100.135,0.0,0.0,t_1733,1944
2026-02-03 09:30,300929.XSHE,5100,11.88,6.06,0.0,t_1734,1945
2026-02-03 09:30,002719.XSHE,6600,9.3,6.14,0.0,t_1735,1946
2026-02-03 09:30,002883.XSHE,5800,10.55,6.12,0.0,t_1736,1947
2026-02-03 09:30,600543.XSHG,11700,5.22,6.11,0.0,t_1737,1948
2026-02-03 09:30,002193.XSHE,9300,6.58,6.12,0.0,t_1738,1949
2026-02-03 09:30,301098.XSHE,6500,9.43,6.13,0.0,t_1739,1950
2026-02-03 09:30,600455.XSHG,2100,28.82,6.05,0.0,t_1740,1951
2026-02-03 09:30,300417.XSHE,4500,13.64,6.14,0.0,t_1741,1952
2026-02-03 09:30,300621.XSHE,6900,8.86,6.11,0.0,t_1742,1953
2026-02-03 09:30,300665.XSHE,7100,8.61,6.11,0.0,t_1743,1954
2026-02-06 09:30,300929.XSHE,5000,12.18,6.09,0.0,t_1744,1955
2026-02-06 09:30,002719.XSHE,6300,9.54,6.01,0.0,t_1745,1956
2026-02-06 09:30,002883.XSHE,5600,10.77,6.03,0.0,t_1746,1957
2026-02-06 09:30,600543.XSHG,11400,5.34,6.09,0.0,t_1747,1958
2026-02-06 09:30,002193.XSHE,8300,7.01,5.82,0.0,t_1748,1959
2026-02-06 09:30,301098.XSHE,6400,9.52,6.09,0.0,t_1749,1960
2026-02-06 09:30,600455.XSHG,2100,29.05,6.1,0.0,t_1750,1961
2026-02-06 09:30,300417.XSHE,4400,13.85,6.09,0.0,t_1751,1962
2026-02-06 09:30,300621.XSHE,6500,9.17,5.96,0.0,t_1752,1963
2026-02-06 09:30,603880.XSHG,9400,6.54,6.15,0.0,t_1753,1964
2026-02-11 09:30,300929.XSHE,4900,12.5,6.12,0.0,t_1754,1965
2026-02-11 09:30,002719.XSHE,6200,9.8,6.08,0.0,t_1755,1966
2026-02-11 09:30,002883.XSHE,5500,11.08,6.09,0.0,t_1756,1967
2026-02-11 09:30,600543.XSHG,11000,5.5,6.05,0.0,t_1757,1968
2026-02-11 09:30,002193.XSHE,8300,7.23,6.0,0.0,t_1758,1969
2026-02-11 09:30,301098.XSHE,6100,9.85,6.01,0.0,t_1759,1970
2026-02-11 09:30,600455.XSHG,2100,29.68,6.23,0.0,t_1760,1971
2026-02-11 09:30,300417.XSHE,4200,14.32,6.01,0.0,t_1761,1972
2026-02-11 09:30,300621.XSHE,6500,9.4,6.11,0.0,t_1762,1973
2026-02-11 09:30,300665.XSHE,7000,8.86,6.2,0.0,t_1763,1974
2026-02-11 09:30,603880.XSHG,-100,6.78,5.0,0.68,t_1764,1975
2026-02-24 09:30,300929.XSHE,4900,12.44,6.1,0.0,t_1765,1976
2026-02-24 09:30,002719.XSHE,7000,9.46,6.62,0.0,t_1766,1977
2026-02-24 09:30,002883.XSHE,6100,10.74,6.55,0.0,t_1767,1978
2026-02-24 09:30,600543.XSHG,11700,5.4,6.32,0.0,t_1768,1979
2026-02-24 09:30,002193.XSHE,9800,6.93,6.79,0.0,t_1769,1980
2026-02-24 09:30,301098.XSHE,6200,9.81,6.08,0.0,t_1770,1981
2026-02-24 09:30,600455.XSHG,2000,29.52,5.9,0.0,t_1771,1982
2026-02-24 09:30,300417.XSHE,-300,14.53,5.0,4.36,t_1772,1983
2026-02-24 09:30,300621.XSHE,6600,9.34,6.16,0.0,t_1773,1984
2026-02-24 09:30,300665.XSHE,7600,8.53,6.48,0.0,t_1774,1985
2026-02-24 09:30,603880.XSHG,-100,6.8,5.0,0.68,t_1775,1986
2026-02-24 09:30,603729.XSHG,3200,18.83,6.03,0.0,t_1776,1987
2026-02-27 09:30,300929.XSHE,4600,12.65,5.82,0.0,t_1777,1988
2026-02-27 09:30,002719.XSHE,5400,9.81,5.3,0.0,t_1778,1989
2026-02-27 09:30,002883.XSHE,5700,10.79,6.15,0.0,t_1779,1990
2026-02-27 09:30,600543.XSHG,11600,5.4,6.26,0.0,t_1780,1991
2026-02-27 09:30,002193.XSHE,10900,6.65,7.25,0.0,t_1781,1992
2026-02-27 09:30,301098.XSHE,6600,9.72,6.42,0.0,t_1782,1993
2026-02-27 09:30,600455.XSHG,2200,29.3,6.45,0.0,t_1783,1994
2026-02-27 09:30,300417.XSHE,-100,14.74,5.0,1.47,t_1784,1995
2026-02-27 09:30,300621.XSHE,6600,9.34,6.16,0.0,t_1785,1996
2026-02-27 09:30,300665.XSHE,7300,8.54,6.23,0.0,t_1786,1997
2026-02-27 09:30,603729.XSHG,3400,18.7,6.36,0.0,t_1787,1998
2026-03-04 09:30,300929.XSHE,-200,11.8,5.0,2.36,t_1788,1999
2026-03-04 09:30,002719.XSHE,200,9.0,5.0,0.0,t_1789,2000
2026-03-04 09:30,600543.XSHG,-1300,5.1,5.0,6.63,t_1790,2001
2026-03-04 09:30,002193.XSHE,-600,6.22,5.0,3.73,t_1791,2002
2026-03-04 09:30,301098.XSHE,600,8.8,5.0,0.0,t_1792,2003
2026-03-04 09:30,300417.XSHE,-4100,13.41,5.5,54.98,t_1793,2004
2026-03-04 09:30,300621.XSHE,900,8.41,5.0,0.0,t_1794,2005
2026-03-04 09:30,300665.XSHE,400,7.77,5.0,0.0,t_1795,2006
2026-03-04 09:30,603729.XSHG,3200,17.12,5.48,0.0,t_1796,2007
2026-03-09 09:30,002719.XSHE,-300,9.53,5.0,2.86,t_1797,2009
2026-03-09 09:30,002883.XSHE,300,10.2,5.0,0.0,t_1798,2010
2026-03-09 09:30,301098.XSHE,-300,9.33,5.0,2.8,t_1799,2012
2026-03-09 09:30,300417.XSHE,-4300,14.04,6.04,60.37,t_1800,2013
2026-03-09 09:30,300621.XSHE,-500,8.93,5.0,4.46,t_1801,2014
2026-03-09 09:30,300665.XSHE,7400,8.1,5.99,0.0,t_1802,2015
2026-03-09 09:30,603729.XSHG,400,17.98,5.0,0.0,t_1803,2016
2026-03-09 09:30,600543.XSHG,100,5.19,5.0,0.0,t_1804,2019
2026-03-09 14:00,603880.XSHG,-9200,6.76,6.22,62.19,t_1805,2020
2026-03-12 09:30,300929.XSHE,-300,12.8,5.0,3.84,t_1806,2021
2026-03-12 09:30,002719.XSHE,200,9.67,5.0,0.0,t_1807,2022
2026-03-12 09:30,002883.XSHE,400,10.39,5.0,0.0,t_1808,2023
2026-03-12 09:30,600543.XSHG,-200,5.48,5.0,1.1,t_1809,2024
2026-03-12 09:30,002193.XSHE,700,6.55,5.0,0.0,t_1810,2025
2026-03-12 09:30,301098.XSHE,300,9.45,5.0,0.0,t_1811,2026
2026-03-12 09:30,300417.XSHE,-4300,14.49,6.23,62.31,t_1812,2027
2026-03-12 09:30,300621.XSHE,-600,9.34,5.0,5.6,t_1813,2028
2026-03-12 09:30,300665.XSHE,400,8.23,5.0,0.0,t_1814,2029
2026-03-12 09:30,603729.XSHG,6300,18.5,11.66,0.0,t_1815,2030
2026-03-17 09:30,300929.XSHE,-200,12.68,5.0,2.54,t_1816,2031
2026-03-17 09:30,600543.XSHG,700,5.27,5.0,0.0,t_1817,2032
2026-03-17 09:30,300621.XSHE,-6700,9.23,6.18,61.84,t_1818,2034
2026-03-17 09:30,300665.XSHE,-200,8.15,5.0,1.63,t_1819,2035
2026-03-17 09:30,603729.XSHG,-100,18.38,5.0,1.84,t_1820,2036
2026-03-17 09:30,002193.XSHE,600,6.36,5.0,0.0,t_1821,2037
2026-03-17 09:30,600543.XSHG,400,5.27,5.0,0.0,t_1822,2038
2026-03-17 09:30,300635.XSHE,4400,13.54,5.96,0.0,t_1823,2039
2026-03-20 09:30,300929.XSHE,-300,12.48,5.0,3.74,t_1824,2040
2026-03-20 09:30,002719.XSHE,-100,9.3,5.0,0.93,t_1825,2041
2026-03-20 09:30,002883.XSHE,100,9.89,5.0,0.0,t_1826,2042
2026-03-20 09:30,600543.XSHG,700,5.0,5.0,0.0,t_1827,2043
2026-03-20 09:30,002193.XSHE,-1700,6.42,5.0,10.91,t_1828,2044
2026-03-20 09:30,301098.XSHE,-100,9.06,5.0,0.91,t_1829,2045
2026-03-20 09:30,300621.XSHE,-6400,8.87,5.68,56.77,t_1830,2046
2026-03-20 09:30,300665.XSHE,800,7.72,5.0,0.0,t_1831,2047
2026-03-20 09:30,603729.XSHG,-100,17.99,5.0,1.8,t_1832,2048
2026-03-20 09:30,300635.XSHE,4600,12.99,5.98,0.0,t_1833,2049
2026-03-20 09:30,600543.XSHG,700,5.0,5.0,0.0,t_1834,2050
2026-03-25 09:30,300929.XSHE,-100,12.0,5.0,1.2,t_1835,2051
2026-03-25 09:30,002719.XSHE,-100,8.92,5.0,0.89,t_1836,2052
2026-03-25 09:30,002883.XSHE,-300,9.6,5.0,2.88,t_1837,2053
2026-03-25 09:30,600543.XSHG,300,4.75,5.0,0.0,t_1838,2054
2026-03-25 09:30,002193.XSHE,-500,6.2,5.0,3.1,t_1839,2055
2026-03-25 09:30,301098.XSHE,700,8.45,5.0,0.0,t_1840,2056
2026-03-25 09:30,300621.XSHE,-6100,8.17,5.0,49.84,t_1841,2058
2026-03-25 09:30,300665.XSHE,-100,7.42,5.0,0.74,t_1842,2059
2026-03-25 09:30,300635.XSHE,-600,13.32,5.0,7.99,t_1843,2060
2026-03-25 09:30,600455.XSHG,200,26.13,5.0,0.0,t_1844,2061
2026-03-25 09:30,300417.XSHE,4400,12.48,5.49,0.0,t_1845,2062
2026-03-30 09:30,300929.XSHE,-6000,13.01,7.81,78.06,t_1846,2063
2026-03-30 09:30,002883.XSHE,700,9.41,5.0,0.0,t_1847,2064
2026-03-30 09:30,600543.XSHG,-200,4.82,5.0,0.96,t_1848,2065
2026-03-30 09:30,002193.XSHE,400,6.19,5.0,0.0,t_1849,2066
2026-03-30 09:30,301098.XSHE,500,8.42,5.0,0.0,t_1850,2067
2026-03-30 09:30,300621.XSHE,200,8.09,5.0,0.0,t_1851,2068
2026-03-30 09:30,300665.XSHE,-100,7.51,5.0,0.75,t_1852,2069
2026-03-30 09:30,603729.XSHG,300,16.97,5.0,0.0,t_1853,2070
2026-03-30 09:30,300417.XSHE,4700,12.36,5.81,0.0,t_1854,2071
2026-04-01 09:30,300929.XSHE,-17400,13.29,23.12,231.25,t_1855,2072
2026-04-01 09:30,002719.XSHE,-31400,9.19,28.86,288.57,t_1856,2073
2026-04-01 09:30,002883.XSHE,-29900,9.91,29.63,296.31,t_1857,2074
2026-04-01 09:30,600543.XSHG,-58600,4.99,29.24,292.41,t_1858,2075
2026-04-01 09:30,002193.XSHE,-45500,6.2,28.21,282.1,t_1859,2076
2026-04-01 09:30,301098.XSHE,-33500,8.75,29.31,293.12,t_1860,2077
2026-04-01 09:30,600455.XSHG,-10700,27.35,29.26,292.64,t_1861,2078
2026-04-01 09:30,300621.XSHE,-13900,8.31,11.55,115.51,t_1862,2079
2026-04-01 09:30,300665.XSHE,-37600,7.72,29.03,290.27,t_1863,2080
2026-04-01 09:30,603729.XSHG,-16600,17.5,29.05,290.5,t_1864,2081
2026-04-01 09:30,300635.XSHE,-8400,14.14,11.88,118.78,t_1865,2082
2026-04-01 09:30,300417.XSHE,-9100,12.75,11.6,116.03,t_1866,2083
2026-04-01 09:30,511880.XSHG,28900,100.308,0.0,0.0,t_1867,2084
2026-05-06 09:30,511880.XSHG,-28900,100.405,0.0,0.0,t_1868,2085
2026-05-07 09:30,301098.XSHE,6000,9.64,5.78,0.0,t_1869,2086
2026-05-07 09:30,600455.XSHG,2000,28.22,5.64,0.0,t_1870,2087
2026-05-07 09:30,300929.XSHE,4100,14.14,5.8,0.0,t_1871,2088
2026-05-07 09:30,300665.XSHE,6500,8.85,5.75,0.0,t_1872,2089
2026-05-07 09:30,300417.XSHE,3900,14.76,5.76,0.0,t_1873,2090
2026-05-07 09:30,600561.XSHG,8300,6.99,5.8,0.0,t_1874,2091
2026-05-07 09:30,301167.XSHE,3200,17.94,5.74,0.0,t_1875,2092
2026-05-07 09:30,600697.XSHG,4500,12.7,5.71,0.0,t_1876,2093
2026-05-07 09:30,300405.XSHE,8100,7.16,5.8,0.0,t_1877,2094
2026-05-07 09:30,300500.XSHE,4800,11.88,5.7,0.0,t_1878,2095
2026-05-12 09:30,301098.XSHE,5600,10.05,5.63,0.0,t_1879,2096
2026-05-12 09:30,600455.XSHG,2000,29.22,5.84,0.0,t_1880,2097
2026-05-12 09:30,300929.XSHE,4000,14.43,5.77,0.0,t_1881,2098
2026-05-12 09:30,300665.XSHE,6000,9.33,5.6,0.0,t_1882,2099
2026-05-12 09:30,300417.XSHE,-100,15.54,5.0,1.55,t_1883,2100
2026-05-12 09:30,600561.XSHG,8300,7.03,5.83,0.0,t_1884,2101
2026-05-12 09:30,301167.XSHE,3200,18.18,5.82,0.0,t_1885,2102
2026-05-12 09:30,600697.XSHG,4600,12.73,5.86,0.0,t_1886,2103
2026-05-12 09:30,300405.XSHE,8100,7.22,5.85,0.0,t_1887,2104
2026-05-12 09:30,600493.XSHG,7700,7.53,5.8,0.0,t_1888,2105
2026-05-12 09:30,300535.XSHE,3000,19.2,5.76,0.0,t_1889,2106
2026-05-15 09:30,301098.XSHE,4200,11.1,5.0,0.0,t_1890,2107
2026-05-15 09:30,600455.XSHG,2000,29.05,5.81,0.0,t_1891,2108
2026-05-15 09:30,300929.XSHE,4200,14.21,5.97,0.0,t_1892,2109
2026-05-15 09:30,300665.XSHE,-700,9.99,5.0,6.99,t_1893,2110
2026-05-15 09:30,300417.XSHE,3900,15.14,5.9,0.0,t_1894,2111
2026-05-15 09:30,600561.XSHG,8500,6.99,5.94,0.0,t_1895,2112
2026-05-15 09:30,301167.XSHE,3600,17.55,6.32,0.0,t_1896,2113
2026-05-15 09:30,600697.XSHG,4900,12.47,6.11,0.0,t_1897,2114
2026-05-15 09:30,600493.XSHG,8300,7.3,6.06,0.0,t_1898,2115
2026-05-15 09:30,300535.XSHE,3300,18.44,6.09,0.0,t_1899,2116
2026-05-15 09:30,300605.XSHE,4600,12.53,5.76,0.0,t_1900,2117
2026-05-20 09:30,301098.XSHE,6600,10.4,6.86,0.0,t_1901,2118
2026-05-20 09:30,600455.XSHG,1900,29.58,5.62,0.0,t_1902,2119
2026-05-20 09:30,300929.XSHE,4400,13.97,6.15,0.0,t_1903,2120
2026-05-20 09:30,300665.XSHE,-100,10.07,5.0,1.01,t_1904,2121
2026-05-20 09:30,300417.XSHE,3900,15.06,5.87,0.0,t_1905,2122
2026-05-20 09:30,600561.XSHG,8200,7.0,5.74,0.0,t_1906,2123
2026-05-20 09:30,301167.XSHE,3400,17.39,5.91,0.0,t_1907,2124
2026-05-20 09:30,600697.XSHG,4600,12.5,5.75,0.0,t_1908,2125
2026-05-20 09:30,300405.XSHE,-100,7.28,5.0,0.73,t_1909,2126
2026-05-20 09:30,600493.XSHG,7700,7.38,5.68,0.0,t_1910,2127
2026-05-20 09:30,300535.XSHE,3200,18.45,5.9,0.0,t_1911,2128
2026-05-20 09:30,603879.XSHG,10200,5.7,5.81,0.0,t_1912,2129
2026-05-25 09:30,301098.XSHE,4800,10.57,5.07,0.0,t_1913,2130
2026-05-25 09:30,600455.XSHG,1900,29.26,5.56,0.0,t_1914,2131
2026-05-25 09:30,300929.XSHE,4400,13.63,6.0,0.0,t_1915,2132
2026-05-25 09:30,300665.XSHE,100,9.75,5.0,0.0,t_1916,2133
2026-05-25 09:30,300417.XSHE,3800,14.95,5.68,0.0,t_1917,2134
2026-05-25 09:30,600561.XSHG,9200,6.77,6.23,0.0,t_1918,2135
2026-05-25 09:30,301167.XSHE,3500,17.02,5.96,0.0,t_1919,2136
2026-05-25 09:30,600697.XSHG,5200,12.09,6.29,0.0,t_1920,2137
2026-05-25 09:30,300405.XSHE,-200,7.27,5.0,1.45,t_1921,2138
2026-05-25 09:30,600493.XSHG,8400,7.16,6.01,0.0,t_1922,2139
2026-05-25 09:30,300535.XSHE,3100,18.15,5.63,0.0,t_1923,2140
2026-05-25 09:30,300605.XSHE,100,12.21,5.0,0.0,t_1924,2141
2026-05-25 09:30,603879.XSHG,10300,5.59,5.76,0.0,t_1925,2142
2026-05-28 09:30,301098.XSHE,-6100,10.22,6.23,62.34,t_1926,2143
2026-05-28 09:30,300665.XSHE,-6100,9.55,5.83,58.26,t_1927,2144
2026-05-28 09:30,300417.XSHE,200,13.72,5.0,0.0,t_1928,2145
2026-05-28 09:30,600561.XSHG,300,6.27,5.0,0.0,t_1929,2146
2026-05-28 09:30,301167.XSHE,300,15.6,5.0,0.0,t_1930,2147
2026-05-28 09:30,300405.XSHE,-7900,6.75,5.33,53.33,t_1931,2148
2026-05-28 09:30,300500.XSHE,-4800,11.24,5.4,53.95,t_1932,2149
2026-05-28 09:30,600493.XSHG,8500,6.61,5.62,0.0,t_1933,2150
2026-05-28 09:30,300535.XSHE,3400,16.75,5.7,0.0,t_1934,2151
2026-05-28 09:30,300605.XSHE,5000,11.06,5.53,0.0,t_1935,2152
2026-05-28 09:30,603879.XSHG,10500,5.15,5.41,0.0,t_1936,2153
