code,open_date,close_date,quantity,buy_price,sell_price,gross_pnl,gross_return,holding_days
511880.XSHG,2020-01-02,2020-02-03,9900,100.106000,100.311000,2029.500000,0.002048,32
002076.XSHE,2020-02-03,2020-02-06,400,2.080000,2.220000,56.000000,0.067308,3
600889.XSHG,2020-02-03,2020-02-06,100,4.130000,4.390000,26.000000,0.062954,3
300412.XSHE,2020-02-03,2020-02-06,100,6.090000,6.720000,63.000000,0.103448,3
600889.XSHG,2020-02-03,2020-02-11,100,4.130000,4.560000,43.000000,0.104116,8
600766.XSHG,2020-02-03,2020-02-11,100,6.760000,7.450000,69.000000,0.102071,8
300412.XSHE,2020-02-03,2020-02-11,100,6.090000,7.040000,95.000000,0.155993,8
300106.XSHE,2020-02-06,2020-02-11,100,5.250000,5.690000,44.000000,0.083810,5
002076.XSHE,2020-02-03,2020-02-11,700,2.080000,2.450000,259.000000,0.177885,8
600766.XSHG,2020-02-03,2020-02-14,100,6.760000,7.660000,90.000000,0.133136,11
000679.XSHE,2020-02-06,2020-02-14,100,3.030000,3.300000,27.000000,0.089109,8
600241.XSHG,2020-02-06,2020-02-14,100,3.940000,4.070000,13.000000,0.032995,8
300412.XSHE,2020-02-03,2020-02-19,500,6.090000,8.730000,1320.000000,0.433498,16
300029.XSHE,2020-02-06,2020-02-19,900,5.330000,6.330000,900.000000,0.187617,13
300029.XSHE,2020-02-06,2020-02-21,400,5.330000,6.710000,552.000000,0.258912,15
600671.XSHG,2020-02-03,2020-02-24,1700,11.240000,12.630000,2363.000000,0.123665,21
300539.XSHE,2020-02-03,2020-02-24,3100,6.380000,7.160000,2418.000000,0.122257,21
600791.XSHG,2020-02-03,2020-02-24,6300,3.150000,3.480000,2079.000000,0.104762,21
002076.XSHE,2020-02-03,2020-02-24,8500,2.080000,2.330000,2125.000000,0.120192,21
002076.XSHE,2020-02-14,2020-02-24,600,2.230000,2.330000,60.000000,0.044843,10
002076.XSHE,2020-02-19,2020-02-24,100,2.320000,2.330000,1.000000,0.004310,5
300218.XSHE,2020-02-03,2020-02-24,2800,6.950000,7.800000,2380.000000,0.122302,21
600889.XSHG,2020-02-03,2020-02-24,4600,4.130000,4.710000,2668.000000,0.140436,21
600766.XSHG,2020-02-03,2020-02-24,2700,6.760000,8.900000,5778.000000,0.316568,21
603139.XSHG,2020-02-03,2020-02-24,1200,15.640000,17.850000,2652.000000,0.141304,21
603356.XSHG,2020-02-03,2020-02-24,1600,11.990000,13.700000,2736.000000,0.142619,21
300412.XSHE,2020-02-03,2020-02-24,2500,6.090000,7.900000,4525.000000,0.297209,21
002473.XSHE,2020-02-06,2020-02-24,100,6.860000,8.070000,121.000000,0.176385,18
300736.XSHE,2020-02-11,2020-02-24,100,9.190000,10.010000,82.000000,0.089227,13
300106.XSHE,2020-02-06,2020-02-27,3700,5.250000,5.950000,2590.000000,0.133333,21
300106.XSHE,2020-02-14,2020-02-27,100,5.470000,5.950000,48.000000,0.087751,13
300736.XSHE,2020-02-11,2020-02-27,200,9.190000,10.310000,224.000000,0.121872,16
000691.XSHE,2020-02-06,2020-03-03,400,3.500000,3.810000,124.000000,0.088571,26
300736.XSHE,2020-02-11,2020-03-03,1900,9.190000,9.640000,855.000000,0.048966,21
300736.XSHE,2020-02-14,2020-03-03,100,9.010000,9.640000,63.000000,0.069922,18
002473.XSHE,2020-02-06,2020-03-03,2800,6.860000,7.750000,2492.000000,0.129738,26
600561.XSHG,2020-02-06,2020-03-06,100,4.620000,5.120000,50.000000,0.108225,29
300106.XSHE,2020-02-14,2020-03-06,100,5.470000,5.960000,49.000000,0.089580,21
000929.XSHE,2020-02-06,2020-03-06,200,6.050000,6.630000,116.000000,0.095868,29
000691.XSHE,2020-02-06,2020-03-06,5300,3.500000,3.900000,2120.000000,0.114286,29
300736.XSHE,2020-02-14,2020-03-06,2200,9.010000,10.170000,2552.000000,0.128746,21
603991.XSHG,2020-02-06,2020-03-11,1300,15.220000,21.190000,7761.000000,0.392247,34
603991.XSHG,2020-02-11,2020-03-11,800,15.670000,21.190000,4416.000000,0.352265,29
603991.XSHG,2020-02-11,2020-03-13,500,15.670000,24.760000,4545.000000,0.580089,31
603991.XSHG,2020-02-14,2020-03-13,200,15.480000,24.760000,1856.000000,0.599483,28
000679.XSHE,2020-02-06,2020-03-16,5700,3.030000,3.640000,3477.000000,0.201320,39
603991.XSHG,2020-02-14,2020-03-16,500,15.480000,21.560000,3040.000000,0.392765,31
000691.XSHE,2020-02-11,2020-03-16,5600,3.650000,4.110000,2576.000000,0.126027,34
000691.XSHE,2020-02-14,2020-03-16,300,3.530000,4.110000,174.000000,0.164306,31
603269.XSHG,2020-02-24,2020-03-16,1500,13.900000,13.880000,-30.000000,-0.001439,21
300029.XSHE,2020-02-06,2020-03-19,100,5.330000,5.630000,30.000000,0.056285,42
002473.XSHE,2020-02-11,2020-03-19,2800,7.200000,7.970000,2156.000000,0.106944,37
002473.XSHE,2020-02-14,2020-03-19,800,7.270000,7.970000,560.000000,0.096286,34
600561.XSHG,2020-02-06,2020-03-19,100,4.620000,4.880000,26.000000,0.056277,42
300106.XSHE,2020-02-14,2020-03-19,400,5.470000,5.750000,112.000000,0.051188,34
603991.XSHG,2020-02-14,2020-03-19,600,15.480000,18.690000,1926.000000,0.207364,34
603991.XSHG,2020-02-19,2020-03-19,300,16.000000,18.690000,807.000000,0.168125,29
000679.XSHE,2020-02-06,2020-03-20,800,3.030000,3.680000,520.000000,0.214521,43
000679.XSHE,2020-02-11,2020-03-20,700,3.290000,3.680000,273.000000,0.118541,38
603991.XSHG,2020-02-19,2020-03-20,300,16.000000,22.410000,1923.000000,0.400625,30
000679.XSHE,2020-02-11,2020-03-24,5200,3.290000,3.600000,1612.000000,0.094225,42
000679.XSHE,2020-02-19,2020-03-24,300,3.410000,3.600000,57.000000,0.055718,34
002473.XSHE,2020-02-14,2020-03-24,300,7.270000,8.610000,402.000000,0.184319,39
300106.XSHE,2020-02-14,2020-03-24,3100,5.470000,6.190000,2232.000000,0.131627,39
300106.XSHE,2020-02-19,2020-03-24,1000,5.890000,6.190000,300.000000,0.050934,34
000929.XSHE,2020-02-06,2020-03-24,800,6.050000,6.840000,632.000000,0.130579,47
300665.XSHE,2020-02-06,2020-03-24,2100,9.290000,10.280000,2079.000000,0.106566,47
300665.XSHE,2020-02-11,2020-03-24,200,9.540000,10.280000,148.000000,0.077568,42
603991.XSHG,2020-02-19,2020-03-24,800,16.000000,20.860000,3888.000000,0.303750,34
603991.XSHG,2020-02-24,2020-03-24,100,16.700000,20.860000,416.000000,0.249102,29
000691.XSHE,2020-02-14,2020-03-24,5700,3.530000,3.980000,2565.000000,0.127479,39
000691.XSHE,2020-02-19,2020-03-24,100,3.750000,3.980000,23.000000,0.061333,34
300029.XSHE,2020-02-06,2020-03-26,1600,5.330000,6.340000,1616.000000,0.189493,49
002473.XSHE,2020-02-14,2020-03-27,1600,7.270000,8.400000,1808.000000,0.155433,42
002473.XSHE,2020-02-19,2020-03-27,800,7.700000,8.400000,560.000000,0.090909,37
600561.XSHG,2020-02-06,2020-03-27,600,4.620000,5.080000,276.000000,0.099567,50
300106.XSHE,2020-02-19,2020-03-27,2500,5.890000,6.270000,950.000000,0.064516,37
300106.XSHE,2020-02-24,2020-03-27,1100,5.970000,6.270000,330.000000,0.050251,32
300665.XSHE,2020-02-11,2020-03-27,2000,9.540000,10.320000,1560.000000,0.081761,45
300665.XSHE,2020-02-14,2020-03-27,100,9.360000,10.320000,96.000000,0.102564,42
603991.XSHG,2020-02-24,2020-03-27,1100,16.700000,19.870000,3487.000000,0.189820,32
002209.XSHE,2020-03-16,2020-03-27,200,6.470000,6.360000,-22.000000,-0.017002,11
300029.XSHE,2020-02-06,2020-03-30,800,5.330000,6.320000,792.000000,0.185741,53
300106.XSHE,2020-02-24,2020-03-31,1700,5.970000,7.980000,3417.000000,0.336683,36
300029.XSHE,2020-02-11,2020-04-01,3700,5.450000,6.190000,2738.000000,0.135780,50
300029.XSHE,2020-02-14,2020-04-01,3700,5.430000,6.190000,2812.000000,0.139963,47
300029.XSHE,2020-02-24,2020-04-01,700,6.220000,6.190000,-21.000000,-0.004823,37
300029.XSHE,2020-03-03,2020-04-01,500,5.720000,6.190000,235.000000,0.082168,29
300029.XSHE,2020-03-16,2020-04-01,8100,5.900000,6.190000,2349.000000,0.049153,16
300029.XSHE,2020-03-24,2020-04-01,400,5.710000,6.190000,192.000000,0.084063,8
300029.XSHE,2020-03-27,2020-04-01,500,6.130000,6.190000,30.000000,0.009788,5
000679.XSHE,2020-02-19,2020-04-01,6200,3.410000,3.130000,-1736.000000,-0.082111,42
000679.XSHE,2020-02-24,2020-04-01,6400,3.470000,3.130000,-2176.000000,-0.097983,37
000679.XSHE,2020-03-06,2020-04-01,5400,3.560000,3.130000,-2322.000000,-0.120787,26
000679.XSHE,2020-03-19,2020-04-01,600,3.330000,3.130000,-120.000000,-0.060060,13
000679.XSHE,2020-03-19,2020-04-01,100,3.330000,3.130000,-20.000000,-0.060060,13
000679.XSHE,2020-03-27,2020-04-01,700,3.480000,3.130000,-245.000000,-0.100575,5
002473.XSHE,2020-02-19,2020-04-01,1900,7.700000,7.400000,-570.000000,-0.038961,42
002473.XSHE,2020-03-16,2020-04-01,3500,7.760000,7.400000,-1260.000000,-0.046392,16
600561.XSHG,2020-02-06,2020-04-01,3500,4.620000,4.930000,1085.000000,0.067100,55
600561.XSHG,2020-02-11,2020-04-01,4200,4.860000,4.930000,294.000000,0.014403,50
600561.XSHG,2020-02-14,2020-04-01,4300,4.780000,4.930000,645.000000,0.031381,47
600561.XSHG,2020-02-19,2020-04-01,4200,5.050000,4.930000,-504.000000,-0.023762,42
600561.XSHG,2020-02-24,2020-04-01,4200,5.180000,4.930000,-1050.000000,-0.048263,37
600561.XSHG,2020-02-27,2020-04-01,400,4.990000,4.930000,-24.000000,-0.012024,34
600561.XSHG,2020-03-16,2020-04-01,600,5.140000,4.930000,-126.000000,-0.040856,16
600561.XSHG,2020-03-24,2020-04-01,900,4.880000,4.930000,45.000000,0.010246,8
300106.XSHE,2020-02-24,2020-04-01,1000,5.970000,7.600000,1630.000000,0.273032,37
300106.XSHE,2020-03-03,2020-04-01,4000,5.660000,7.600000,7760.000000,0.342756,29
300106.XSHE,2020-03-16,2020-04-01,600,5.900000,7.600000,1020.000000,0.288136,16
000929.XSHE,2020-02-06,2020-04-01,2300,6.050000,6.570000,1196.000000,0.085950,55
000929.XSHE,2020-02-11,2020-04-01,3200,6.300000,6.570000,864.000000,0.042857,50
000929.XSHE,2020-02-14,2020-04-01,3300,6.210000,6.570000,1188.000000,0.057971,47
000929.XSHE,2020-02-19,2020-04-01,3500,6.480000,6.570000,315.000000,0.013889,42
000929.XSHE,2020-02-24,2020-04-01,3300,6.620000,6.570000,-165.000000,-0.007553,37
000929.XSHE,2020-02-27,2020-04-01,200,6.420000,6.570000,30.000000,0.023364,34
000929.XSHE,2020-03-16,2020-04-01,100,6.590000,6.570000,-2.000000,-0.003035,16
000929.XSHE,2020-03-16,2020-04-01,500,6.590000,6.570000,-10.000000,-0.003035,16
000929.XSHE,2020-03-27,2020-04-01,800,6.550000,6.570000,16.000000,0.003053,5
300665.XSHE,2020-02-14,2020-04-01,2100,9.360000,9.930000,1197.000000,0.060897,47
300665.XSHE,2020-02-19,2020-04-01,2200,9.850000,9.930000,176.000000,0.008122,42
300665.XSHE,2020-02-24,2020-04-01,2000,10.240000,9.930000,-620.000000,-0.030273,37
300665.XSHE,2020-03-16,2020-04-01,100,10.490000,9.930000,-56.000000,-0.053384,16
300665.XSHE,2020-03-19,2020-04-01,200,9.740000,9.930000,38.000000,0.019507,13
000691.XSHE,2020-02-19,2020-04-01,5500,3.750000,3.680000,-385.000000,-0.018667,42
000691.XSHE,2020-02-24,2020-04-01,5300,3.900000,3.680000,-1166.000000,-0.056410,37
000691.XSHE,2020-03-19,2020-04-01,500,3.740000,3.680000,-30.000000,-0.016043,13
000691.XSHE,2020-03-27,2020-04-01,200,3.920000,3.680000,-48.000000,-0.061224,5
600241.XSHG,2020-02-06,2020-04-01,5000,3.940000,3.730000,-1050.000000,-0.053299,55
600241.XSHG,2020-02-11,2020-04-01,5100,4.050000,3.730000,-1632.000000,-0.079012,50
600241.XSHG,2020-02-19,2020-04-01,5200,4.220000,3.730000,-2548.000000,-0.116114,42
600241.XSHG,2020-02-24,2020-04-01,5000,4.330000,3.730000,-3000.000000,-0.138568,37
600241.XSHG,2020-03-03,2020-04-01,300,4.060000,3.730000,-99.000000,-0.081281,29
600241.XSHG,2020-03-03,2020-04-01,200,4.060000,3.730000,-66.000000,-0.081281,29
600241.XSHG,2020-03-06,2020-04-01,5500,4.160000,3.730000,-2365.000000,-0.103365,26
600241.XSHG,2020-03-16,2020-04-01,1000,4.150000,3.730000,-420.000000,-0.101205,16
600241.XSHG,2020-03-19,2020-04-01,200,3.890000,3.730000,-32.000000,-0.041131,13
600241.XSHG,2020-03-24,2020-04-01,1600,3.830000,3.730000,-160.000000,-0.026110,8
002633.XSHE,2020-02-14,2020-04-01,2600,7.770000,7.920000,390.000000,0.019305,47
002633.XSHE,2020-02-19,2020-04-01,1500,8.100000,7.920000,-270.000000,-0.022222,42
002633.XSHE,2020-02-24,2020-04-01,3900,8.180000,7.920000,-1014.000000,-0.031785,37
002633.XSHE,2020-02-27,2020-04-01,2600,8.070000,7.920000,-390.000000,-0.018587,34
002633.XSHE,2020-03-03,2020-04-01,2300,8.150000,7.920000,-529.000000,-0.028221,29
002633.XSHE,2020-03-06,2020-04-01,400,8.220000,7.920000,-120.000000,-0.036496,26
002633.XSHE,2020-03-16,2020-04-01,100,8.460000,7.920000,-54.000000,-0.063830,16
002633.XSHE,2020-03-19,2020-04-01,100,7.900000,7.920000,2.000000,0.002532,13
002633.XSHE,2020-03-24,2020-04-01,400,8.020000,7.920000,-40.000000,-0.012469,8
300736.XSHE,2020-03-16,2020-04-01,2300,9.680000,9.080000,-1380.000000,-0.061983,16
300736.XSHE,2020-03-24,2020-04-01,2500,9.230000,9.080000,-375.000000,-0.016251,8
300736.XSHE,2020-03-27,2020-04-01,2200,9.590000,9.080000,-1122.000000,-0.053180,5
002209.XSHE,2020-03-16,2020-04-01,3300,6.470000,6.260000,-693.000000,-0.032457,16
002209.XSHE,2020-03-19,2020-04-01,3500,6.100000,6.260000,560.000000,0.026230,13
002209.XSHE,2020-03-24,2020-04-01,3900,6.150000,6.260000,429.000000,0.017886,8
603389.XSHG,2020-03-19,2020-04-01,4700,4.470000,4.200000,-1269.000000,-0.060403,13
603389.XSHG,2020-03-24,2020-04-01,5500,4.350000,4.200000,-825.000000,-0.034483,8
603389.XSHG,2020-03-27,2020-04-01,4900,4.480000,4.200000,-1372.000000,-0.062500,5
600599.XSHG,2020-03-24,2020-04-01,3000,7.300000,6.750000,-1650.000000,-0.075342,8
600599.XSHG,2020-03-27,2020-04-01,3100,7.370000,6.750000,-1922.000000,-0.084125,5
600506.XSHG,2020-03-24,2020-04-01,2600,8.250000,9.170000,2392.000000,0.111515,8
603269.XSHG,2020-03-27,2020-04-01,1600,13.680000,13.330000,-560.000000,-0.025585,5
511880.XSHG,2020-04-01,2020-05-06,10900,100.715000,100.831000,1264.400000,0.001152,35
600599.XSHG,2020-05-06,2020-05-21,2900,6.020000,8.020000,5800.000000,0.332226,15
600520.XSHG,2020-05-06,2020-05-21,200,7.430000,8.440000,202.000000,0.135935,15
600520.XSHG,2020-05-06,2020-05-22,100,7.430000,8.550000,112.000000,0.150740,16
002071.XSHE,2020-05-06,2020-05-25,10100,1.780000,1.930000,1515.000000,0.084270,19
300029.XSHE,2020-05-06,2020-05-27,100,5.500000,5.330000,-17.000000,-0.030909,21
002633.XSHE,2020-05-06,2020-05-27,300,7.400000,7.670000,81.000000,0.036486,21
002209.XSHE,2020-05-06,2020-05-27,500,5.630000,5.850000,110.000000,0.039076,21
000929.XSHE,2020-05-06,2020-05-27,200,6.070000,6.310000,48.000000,0.039539,21
300736.XSHE,2020-05-06,2020-05-27,400,8.700000,8.750000,20.000000,0.005747,21
300665.XSHE,2020-05-06,2020-05-27,200,9.480000,9.500000,4.000000,0.002110,21
002473.XSHE,2020-05-22,2020-05-27,100,7.550000,7.960000,41.000000,0.054305,5
600599.XSHG,2020-05-06,2020-05-27,700,6.020000,7.520000,1050.000000,0.249169,21
600599.XSHG,2020-05-11,2020-05-27,2400,6.440000,7.520000,2592.000000,0.167702,16
600520.XSHG,2020-05-06,2020-05-27,2600,7.430000,10.030000,6760.000000,0.349933,21
600599.XSHG,2020-05-11,2020-05-29,600,6.440000,8.280000,1104.000000,0.285714,18
600599.XSHG,2020-05-11,2020-06-04,200,6.440000,8.150000,342.000000,0.265528,24
600599.XSHG,2020-05-14,2020-06-04,3800,6.170000,8.150000,7524.000000,0.320908,21
600599.XSHG,2020-05-19,2020-06-04,1200,6.160000,8.150000,2388.000000,0.323052,16
000929.XSHE,2020-05-06,2020-06-04,3400,6.070000,7.530000,4964.000000,0.240527,29
000929.XSHE,2020-05-11,2020-06-04,1000,6.240000,7.530000,1290.000000,0.206731,24
002071.XSHE,2020-05-06,2020-06-05,2200,1.780000,3.470000,3718.000000,0.949438,30
002071.XSHE,2020-05-11,2020-06-05,11300,1.880000,3.470000,17967.000000,0.845745,25
002071.XSHE,2020-05-14,2020-06-05,14200,1.740000,3.470000,24566.000000,0.994253,22
002071.XSHE,2020-05-19,2020-06-05,3800,1.580000,3.470000,7182.000000,1.196203,17
600561.XSHG,2020-05-06,2020-06-05,300,4.600000,4.880000,84.000000,0.060870,30
300029.XSHE,2020-05-06,2020-06-09,400,5.500000,5.700000,80.000000,0.036364,34
002071.XSHE,2020-05-19,2020-06-10,6300,1.580000,3.100000,9576.000000,0.962025,22
300029.XSHE,2020-05-06,2020-06-12,100,5.500000,5.630000,13.000000,0.023636,37
002633.XSHE,2020-05-06,2020-06-12,200,7.400000,7.810000,82.000000,0.055405,37
000929.XSHE,2020-05-11,2020-06-12,100,6.240000,6.700000,46.000000,0.073718,32
300736.XSHE,2020-05-06,2020-06-12,100,8.700000,8.880000,18.000000,0.020690,37
603269.XSHG,2020-05-22,2020-06-12,1300,12.860000,13.600000,962.000000,0.057543,21
002473.XSHE,2020-05-22,2020-06-12,2800,7.550000,8.060000,1428.000000,0.067550,21
002473.XSHE,2020-06-09,2020-06-12,200,7.940000,8.060000,24.000000,0.015113,3
601558.XSHG,2020-06-01,2020-06-12,1500,0.190000,0.220000,45.000000,0.157895,11
002071.XSHE,2020-05-19,2020-06-17,6800,1.580000,2.420000,5712.000000,0.531646,29
002071.XSHE,2020-05-27,2020-06-17,1100,1.910000,2.420000,561.000000,0.267016,21
002071.XSHE,2020-06-12,2020-06-17,400,2.830000,2.420000,-164.000000,-0.144876,5
002633.XSHE,2020-05-06,2020-06-17,2400,7.400000,9.070000,4008.000000,0.225676,42
002633.XSHE,2020-05-11,2020-06-17,2000,7.750000,9.070000,2640.000000,0.170323,37
002209.XSHE,2020-05-06,2020-06-17,200,5.630000,6.150000,104.000000,0.092362,42
000929.XSHE,2020-05-11,2020-06-17,2400,6.240000,7.150000,2184.000000,0.145833,37
000929.XSHE,2020-05-14,2020-06-17,1500,6.260000,7.150000,1335.000000,0.142173,34
600561.XSHG,2020-05-06,2020-06-22,400,4.600000,4.760000,64.000000,0.034783,47
300736.XSHE,2020-05-06,2020-06-22,300,8.700000,9.320000,186.000000,0.071264,47
300665.XSHE,2020-05-06,2020-06-22,300,9.480000,9.980000,150.000000,0.052743,47
601558.XSHG,2020-06-01,2020-06-22,300,0.190000,0.230000,12.000000,0.210526,21
601558.XSHG,2020-06-04,2020-06-22,500,0.220000,0.230000,5.000000,0.045455,18
601558.XSHG,2020-06-09,2020-06-22,107100,0.220000,0.230000,1071.000000,0.045455,13
601558.XSHG,2020-06-17,2020-06-22,2700,0.220000,0.230000,27.000000,0.045455,5
300029.XSHE,2020-05-06,2020-06-29,100,5.500000,5.480000,-2.000000,-0.003636,54
300736.XSHE,2020-05-06,2020-06-29,100,8.700000,9.180000,48.000000,0.055172,54
300665.XSHE,2020-05-06,2020-06-29,100,9.480000,9.870000,39.000000,0.041139,54
000502.XSHE,2020-05-22,2020-06-29,200,6.190000,6.500000,62.000000,0.050081,38
300535.XSHE,2020-06-09,2020-06-29,1900,12.130000,12.050000,-152.000000,-0.006595,20
300405.XSHE,2020-06-09,2020-06-29,100,5.750000,5.600000,-15.000000,-0.026087,20
300405.XSHE,2020-06-12,2020-06-29,3900,5.650000,5.600000,-195.000000,-0.008850,17
300736.XSHE,2020-05-06,2020-07-01,700,8.700000,9.850000,805.000000,0.132184,56
600599.XSHG,2020-05-19,2020-07-02,2200,6.160000,5.250000,-2002.000000,-0.147727,44
600599.XSHG,2020-05-22,2020-07-02,800,7.390000,5.250000,-1712.000000,-0.289581,41
600599.XSHG,2020-06-09,2020-07-02,300,7.250000,5.250000,-600.000000,-0.275862,23
600599.XSHG,2020-06-11,2020-07-02,100,7.090000,5.250000,-184.000000,-0.259520,21
300736.XSHE,2020-05-06,2020-07-02,900,8.700000,10.300000,1440.000000,0.183908,57
300736.XSHE,2020-05-11,2020-07-02,1900,8.800000,10.300000,2850.000000,0.170455,52
000502.XSHE,2020-05-22,2020-07-02,3300,6.190000,6.830000,2112.000000,0.103393,41
000502.XSHE,2020-05-27,2020-07-02,700,6.460000,6.830000,259.000000,0.057276,36
300535.XSHE,2020-06-09,2020-07-02,200,12.130000,12.250000,24.000000,0.009893,23
300535.XSHE,2020-06-12,2020-07-02,1700,12.190000,12.250000,102.000000,0.004922,20
300535.XSHE,2020-06-17,2020-07-02,100,12.250000,12.250000,0.000000,0.000000,15
600561.XSHG,2020-05-06,2020-07-07,4000,4.600000,5.000000,1600.000000,0.086957,62
600561.XSHG,2020-05-11,2020-07-07,1300,4.620000,5.000000,494.000000,0.082251,57
002209.XSHE,2020-05-06,2020-07-07,600,5.630000,6.600000,582.000000,0.172291,62
000502.XSHE,2020-05-27,2020-07-07,200,6.460000,7.340000,176.000000,0.136223,41
300405.XSHE,2020-06-12,2020-07-07,100,5.650000,6.120000,47.000000,0.083186,25
000638.XSHE,2020-06-17,2020-07-07,5500,4.140000,4.530000,2145.000000,0.094203,20
000638.XSHE,2020-06-22,2020-07-07,400,5.400000,4.530000,-348.000000,-0.161111,15
002473.XSHE,2020-06-17,2020-07-07,700,7.890000,8.880000,693.000000,0.125475,20
600561.XSHG,2020-05-11,2020-07-10,3600,4.620000,5.070000,1620.000000,0.097403,60
600561.XSHG,2020-05-14,2020-07-10,1400,4.500000,5.070000,798.000000,0.126667,57
300736.XSHE,2020-05-11,2020-07-10,300,8.800000,10.330000,459.000000,0.173864,60
002473.XSHE,2020-06-17,2020-07-10,2300,7.890000,8.880000,2277.000000,0.125475,23
002473.XSHE,2020-06-22,2020-07-10,400,7.970000,8.880000,364.000000,0.114178,18
000638.XSHE,2020-06-22,2020-07-10,600,5.400000,4.660000,-444.000000,-0.137037,18
000638.XSHE,2020-06-29,2020-07-10,4800,4.180000,4.660000,2304.000000,0.114833,11
000638.XSHE,2020-07-02,2020-07-10,300,4.170000,4.660000,147.000000,0.117506,8
600561.XSHG,2020-05-14,2020-07-15,3600,4.500000,5.200000,2520.000000,0.155556,62
600561.XSHG,2020-05-19,2020-07-15,1800,4.520000,5.200000,1224.000000,0.150442,57
300029.XSHE,2020-05-06,2020-07-15,300,5.500000,6.100000,180.000000,0.109091,70
002209.XSHE,2020-05-06,2020-07-15,200,5.630000,6.810000,236.000000,0.209591,70
300665.XSHE,2020-05-06,2020-07-15,100,9.480000,11.000000,152.000000,0.160338,70
603269.XSHG,2020-05-22,2020-07-15,100,12.860000,14.640000,178.000000,0.138414,54
002473.XSHE,2020-06-22,2020-07-15,2700,7.970000,9.000000,2781.000000,0.129235,23
002473.XSHE,2020-06-29,2020-07-15,300,7.780000,9.000000,366.000000,0.156812,16
600561.XSHG,2020-05-19,2020-07-20,2700,4.520000,4.920000,1080.000000,0.088496,62
600561.XSHG,2020-05-22,2020-07-20,2300,4.600000,4.920000,736.000000,0.069565,59
002209.XSHE,2020-05-06,2020-07-20,100,5.630000,6.480000,85.000000,0.150977,75
300665.XSHE,2020-05-06,2020-07-20,200,9.480000,10.590000,222.000000,0.117089,75
000502.XSHE,2020-05-27,2020-07-20,300,6.460000,6.990000,159.000000,0.082043,54
300405.XSHE,2020-06-12,2020-07-20,300,5.650000,6.480000,249.000000,0.146903,38
600561.XSHG,2020-05-22,2020-07-23,2700,4.600000,5.150000,1485.000000,0.119565,62
600561.XSHG,2020-06-01,2020-07-23,900,4.530000,5.150000,558.000000,0.136865,52
600561.XSHG,2020-06-04,2020-07-23,500,4.700000,5.150000,225.000000,0.095745,49
600561.XSHG,2020-06-09,2020-07-23,100,4.750000,5.150000,40.000000,0.084211,44
600561.XSHG,2020-06-12,2020-07-23,500,4.590000,5.150000,280.000000,0.122004,41
600561.XSHG,2020-06-17,2020-07-23,200,4.680000,5.150000,94.000000,0.100427,36
600561.XSHG,2020-06-29,2020-07-23,100,4.600000,5.150000,55.000000,0.119565,24
600561.XSHG,2020-07-02,2020-07-23,200,4.680000,5.150000,94.000000,0.100427,21
300029.XSHE,2020-05-06,2020-07-23,200,5.500000,5.940000,88.000000,0.080000,78
002633.XSHE,2020-05-11,2020-07-23,400,7.750000,8.590000,336.000000,0.108387,73
300156.XSHE,2020-05-11,2020-07-23,25800,0.860000,0.150000,-18318.000000,-0.825581,73
300156.XSHE,2020-05-14,2020-07-23,32000,0.760000,0.150000,-19520.000000,-0.802632,70
300156.XSHE,2020-05-19,2020-07-23,46700,0.620000,0.150000,-21949.000000,-0.758065,65
300405.XSHE,2020-06-12,2020-07-23,2600,5.650000,6.510000,2236.000000,0.152212,41
300405.XSHE,2020-06-17,2020-07-23,1200,5.850000,6.510000,792.000000,0.112821,36
300029.XSHE,2020-05-06,2020-07-28,2000,5.500000,6.370000,1740.000000,0.158182,83
000502.XSHE,2020-05-27,2020-07-28,200,6.460000,7.020000,112.000000,0.086687,62
300405.XSHE,2020-06-17,2020-07-28,100,5.850000,6.380000,53.000000,0.090598,41
300405.XSHE,2020-07-02,2020-07-28,3800,5.720000,6.380000,2508.000000,0.115385,26
603269.XSHG,2020-05-22,2020-07-28,300,12.860000,12.650000,-63.000000,-0.016330,67
603269.XSHG,2020-05-27,2020-07-28,700,12.950000,12.650000,-210.000000,-0.023166,62
603269.XSHG,2020-06-01,2020-07-28,900,13.040000,12.650000,-351.000000,-0.029908,57
603269.XSHG,2020-06-09,2020-07-28,3200,14.560000,12.650000,-6112.000000,-0.131181,49
000929.XSHE,2020-05-14,2020-07-31,100,6.260000,6.930000,67.000000,0.107029,78
300736.XSHE,2020-05-11,2020-07-31,300,8.800000,10.510000,513.000000,0.194318,81
300736.XSHE,2020-05-14,2020-07-31,200,8.670000,10.510000,368.000000,0.212226,78
000502.XSHE,2020-05-27,2020-07-31,100,6.460000,7.200000,74.000000,0.114551,65
603269.XSHG,2020-06-09,2020-07-31,100,14.560000,13.210000,-135.000000,-0.092720,52
603269.XSHG,2020-06-17,2020-07-31,100,13.340000,13.210000,-13.000000,-0.009745,44
603269.XSHG,2020-07-02,2020-07-31,1800,13.160000,13.210000,90.000000,0.003799,29
300405.XSHE,2020-07-02,2020-07-31,400,5.720000,6.420000,280.000000,0.122378,29
300405.XSHE,2020-07-10,2020-07-31,100,6.270000,6.420000,15.000000,0.023923,21
300405.XSHE,2020-07-10,2020-07-31,3100,6.270000,6.420000,465.000000,0.023923,21
300405.XSHE,2020-07-15,2020-07-31,400,6.480000,6.420000,-24.000000,-0.009259,16
300029.XSHE,2020-05-06,2020-08-05,500,5.500000,6.900000,700.000000,0.254545,91
002633.XSHE,2020-05-11,2020-08-05,100,7.750000,8.820000,107.000000,0.138065,86
002209.XSHE,2020-05-06,2020-08-05,700,5.630000,6.990000,952.000000,0.241563,91
000929.XSHE,2020-05-14,2020-08-05,300,6.260000,7.260000,300.000000,0.159744,83
603269.XSHG,2020-07-02,2020-08-05,100,13.160000,13.050000,-11.000000,-0.008359,34
603269.XSHG,2020-07-07,2020-08-05,800,13.880000,13.050000,-664.000000,-0.059798,29
603269.XSHG,2020-07-07,2020-08-05,1100,13.880000,13.050000,-913.000000,-0.059798,29
300312.XSHE,2020-07-31,2020-08-06,200,4.430000,4.930000,100.000000,0.112867,6
002473.XSHE,2020-06-29,2020-08-10,2700,7.780000,6.750000,-2781.000000,-0.132391,42
002473.XSHE,2020-07-02,2020-08-10,1000,7.880000,6.750000,-1130.000000,-0.143401,39
002209.XSHE,2020-05-06,2020-08-11,1600,5.630000,8.950000,5312.000000,0.589698,97
002209.XSHE,2020-05-11,2020-08-11,3600,5.890000,8.950000,11016.000000,0.519525,92
002209.XSHE,2020-05-14,2020-08-11,1400,5.850000,8.950000,4340.000000,0.529915,89
002473.XSHE,2020-07-02,2020-08-12,300,7.880000,7.270000,-183.000000,-0.077411,41
002209.XSHE,2020-05-14,2020-08-13,1400,5.850000,7.420000,2198.000000,0.268376,91
000502.XSHE,2020-05-27,2020-08-13,600,6.460000,7.650000,714.000000,0.184211,78
002473.XSHE,2020-07-02,2020-08-13,1900,7.880000,7.220000,-1254.000000,-0.083756,42
002473.XSHE,2020-07-20,2020-08-13,200,8.180000,7.220000,-192.000000,-0.117359,24
002473.XSHE,2020-08-05,2020-08-13,1600,6.730000,7.220000,784.000000,0.072808,8
300312.XSHE,2020-07-31,2020-08-14,1400,4.430000,6.600000,3038.000000,0.489842,14
002633.XSHE,2020-05-11,2020-08-18,300,7.750000,9.220000,441.000000,0.189677,99
002633.XSHE,2020-05-14,2020-08-18,200,7.790000,9.220000,286.000000,0.183569,96
600768.XSHG,2020-07-15,2020-08-18,100,10.680000,10.750000,7.000000,0.006554,34
300312.XSHE,2020-07-31,2020-08-18,4100,4.430000,5.600000,4797.000000,0.264108,18
600365.XSHG,2020-07-31,2020-08-20,2200,3.420000,3.810000,858.000000,0.114035,20
300029.XSHE,2020-05-06,2020-08-21,300,5.500000,6.260000,228.000000,0.138182,107
600365.XSHG,2020-07-31,2020-08-21,5200,3.420000,3.790000,1924.000000,0.108187,21
600365.XSHG,2020-08-05,2020-08-21,1900,3.450000,3.790000,646.000000,0.098551,16
300029.XSHE,2020-05-11,2020-08-26,200,5.650000,6.440000,158.000000,0.139823,107
002633.XSHE,2020-05-14,2020-08-26,200,7.790000,9.330000,308.000000,0.197689,104
000929.XSHE,2020-05-14,2020-08-26,100,6.260000,7.610000,135.000000,0.215655,104
300736.XSHE,2020-05-14,2020-08-26,300,8.670000,10.860000,657.000000,0.252595,104
300665.XSHE,2020-05-06,2020-08-26,100,9.480000,11.690000,221.000000,0.233122,112
300535.XSHE,2020-06-17,2020-08-26,100,12.250000,13.670000,142.000000,0.115918,70
300029.XSHE,2020-05-11,2020-08-31,500,5.650000,6.660000,505.000000,0.178761,112
002633.XSHE,2020-05-14,2020-08-31,200,7.790000,9.530000,348.000000,0.223363,109
000929.XSHE,2020-05-14,2020-08-31,300,6.260000,7.820000,468.000000,0.249201,109
300736.XSHE,2020-05-14,2020-08-31,100,8.670000,10.990000,232.000000,0.267589,109
300665.XSHE,2020-05-06,2020-08-31,200,9.480000,11.990000,502.000000,0.264768,117
300535.XSHE,2020-06-17,2020-08-31,200,12.250000,14.070000,364.000000,0.148571,75
300478.XSHE,2020-08-13,2020-08-31,100,11.190000,12.100000,91.000000,0.081323,18
600561.XSHG,2020-08-13,2020-08-31,4700,5.260000,5.390000,611.000000,0.024715,18
600561.XSHG,2020-08-18,2020-08-31,400,5.260000,5.390000,52.000000,0.024715,13
000502.XSHE,2020-05-27,2020-09-02,1100,6.460000,8.450000,2189.000000,0.308050,98
000502.XSHE,2020-06-01,2020-09-02,400,6.530000,8.450000,768.000000,0.294028,93
300029.XSHE,2020-05-11,2020-09-03,500,5.650000,7.090000,720.000000,0.254867,115
300736.XSHE,2020-05-14,2020-09-03,300,8.670000,11.700000,909.000000,0.349481,112
000502.XSHE,2020-06-01,2020-09-03,3300,6.530000,8.400000,6171.000000,0.286371,94
300535.XSHE,2020-06-17,2020-09-03,300,12.250000,14.950000,810.000000,0.220408,78
600365.XSHG,2020-08-05,2020-09-03,5900,3.450000,2.720000,-4307.000000,-0.211594,29
600365.XSHG,2020-08-10,2020-09-03,5800,3.450000,2.720000,-4234.000000,-0.211594,24
600365.XSHG,2020-08-13,2020-09-03,7000,3.440000,2.720000,-5040.000000,-0.209302,21
300478.XSHE,2020-08-13,2020-09-03,2200,11.190000,12.740000,3410.000000,0.138517,21
300478.XSHE,2020-08-21,2020-09-03,100,11.330000,12.740000,141.000000,0.124448,13
300029.XSHE,2020-05-11,2020-09-08,2600,5.650000,8.000000,6110.000000,0.415929,120
300029.XSHE,2020-05-14,2020-09-08,3000,5.470000,8.000000,7590.000000,0.462523,117
000929.XSHE,2020-05-14,2020-09-08,800,6.260000,8.480000,1776.000000,0.354633,117
300736.XSHE,2020-05-14,2020-09-08,1700,8.670000,12.800000,7021.000000,0.476355,117
300736.XSHE,2020-05-19,2020-09-08,1400,8.710000,12.800000,5726.000000,0.469575,112
300535.XSHE,2020-06-17,2020-09-08,1400,12.250000,15.390000,4396.000000,0.256327,83
300535.XSHE,2020-07-07,2020-09-08,100,12.780000,15.390000,261.000000,0.204225,63
300535.XSHE,2020-07-07,2020-09-08,400,12.780000,15.390000,1044.000000,0.204225,63
600365.XSHG,2020-08-13,2020-09-08,2700,3.440000,2.810000,-1701.000000,-0.183140,26
600365.XSHG,2020-08-18,2020-09-08,1300,3.590000,2.810000,-1014.000000,-0.217270,21
600365.XSHG,2020-08-18,2020-09-08,5700,3.590000,2.810000,-4446.000000,-0.217270,21
600365.XSHG,2020-08-25,2020-09-08,900,3.710000,2.810000,-810.000000,-0.242588,14
300478.XSHE,2020-08-21,2020-09-08,100,11.330000,13.460000,213.000000,0.187996,18
300736.XSHE,2020-05-19,2020-09-09,900,8.710000,15.550000,6156.000000,0.785304,113
300736.XSHE,2020-05-22,2020-09-09,400,8.590000,15.550000,2784.000000,0.810244,110
002209.XSHE,2020-05-14,2020-09-11,300,5.850000,6.900000,315.000000,0.179487,120
000929.XSHE,2020-05-14,2020-09-11,300,6.260000,9.000000,822.000000,0.437700,120
000929.XSHE,2020-05-19,2020-09-11,3300,6.250000,9.000000,9075.000000,0.440000,115
000929.XSHE,2020-05-22,2020-09-11,1600,6.280000,9.000000,4352.000000,0.433121,112
000502.XSHE,2020-06-04,2020-09-11,200,6.670000,6.940000,54.000000,0.040480,99
300535.XSHE,2020-07-07,2020-09-11,500,12.780000,14.330000,775.000000,0.121283,66
300535.XSHE,2020-07-10,2020-09-11,100,13.220000,14.330000,111.000000,0.083964,63
300535.XSHE,2020-07-10,2020-09-11,800,13.220000,14.330000,888.000000,0.083964,63
300535.XSHE,2020-07-15,2020-09-11,600,13.280000,14.330000,630.000000,0.079066,58
600768.XSHG,2020-07-15,2020-09-11,300,10.680000,10.180000,-150.000000,-0.046816,58
300478.XSHE,2020-08-21,2020-09-11,2200,11.330000,11.800000,1034.000000,0.041483,21
600506.XSHG,2020-09-08,2020-09-11,100,10.290000,10.350000,6.000000,0.005831,3
300665.XSHE,2020-05-06,2020-09-15,1100,9.480000,13.630000,4565.000000,0.437764,132
300665.XSHE,2020-05-11,2020-09-15,2200,9.780000,13.630000,8470.000000,0.393661,127
300665.XSHE,2020-05-14,2020-09-15,2300,9.680000,13.630000,9085.000000,0.408058,124
300665.XSHE,2020-05-19,2020-09-15,1700,9.570000,13.630000,6902.000000,0.424242,119
300029.XSHE,2020-05-14,2020-09-16,1200,5.470000,5.610000,168.000000,0.025594,125
300029.XSHE,2020-05-19,2020-09-16,2100,5.380000,5.610000,483.000000,0.042751,120
000929.XSHE,2020-05-22,2020-09-16,2200,6.280000,9.000000,5984.000000,0.433121,117
000929.XSHE,2020-06-01,2020-09-16,200,6.440000,9.000000,512.000000,0.397516,107
000929.XSHE,2020-06-09,2020-09-16,100,6.700000,9.000000,230.000000,0.343284,99
300736.XSHE,2020-05-22,2020-09-16,500,8.590000,11.820000,1615.000000,0.376019,117
300665.XSHE,2020-05-19,2020-09-16,500,9.570000,13.600000,2015.000000,0.421108,120
300665.XSHE,2020-05-22,2020-09-16,1600,9.450000,13.600000,6640.000000,0.439153,117
300535.XSHE,2020-07-15,2020-09-16,1400,13.280000,16.250000,4158.000000,0.223645,63
300535.XSHE,2020-07-20,2020-09-16,700,12.690000,16.250000,2492.000000,0.280536,58
300029.XSHE,2020-05-19,2020-09-21,1900,5.380000,5.050000,-627.000000,-0.061338,125
300029.XSHE,2020-05-22,2020-09-21,2000,5.360000,5.050000,-620.000000,-0.057836,122
002209.XSHE,2020-05-14,2020-09-21,100,5.850000,7.210000,136.000000,0.232479,130
000929.XSHE,2020-06-09,2020-09-21,1000,6.700000,9.040000,2340.000000,0.349254,104
000929.XSHE,2020-06-22,2020-09-21,100,6.750000,9.040000,229.000000,0.339259,91
000929.XSHE,2020-06-29,2020-09-21,100,6.550000,9.040000,249.000000,0.380153,84
000929.XSHE,2020-07-02,2020-09-21,2000,6.570000,9.040000,4940.000000,0.375951,81
300736.XSHE,2020-05-22,2020-09-21,100,8.590000,11.900000,331.000000,0.385332,122
300665.XSHE,2020-05-22,2020-09-21,1100,9.450000,12.780000,3663.000000,0.352381,122
300665.XSHE,2020-06-01,2020-09-21,200,9.630000,12.780000,630.000000,0.327103,112
300665.XSHE,2020-06-04,2020-09-21,300,10.010000,12.780000,831.000000,0.276723,109
300665.XSHE,2020-06-09,2020-09-21,300,9.740000,12.780000,912.000000,0.312115,104
300665.XSHE,2020-06-12,2020-09-21,100,9.500000,12.780000,328.000000,0.345263,101
300665.XSHE,2020-06-17,2020-09-21,100,9.690000,12.780000,309.000000,0.318885,96
300665.XSHE,2020-07-07,2020-09-21,100,10.520000,12.780000,226.000000,0.214829,76
300535.XSHE,2020-07-20,2020-09-21,1300,12.690000,15.930000,4212.000000,0.255319,63
300535.XSHE,2020-07-28,2020-09-21,400,12.580000,15.930000,1340.000000,0.266296,55
600768.XSHG,2020-07-15,2020-09-21,100,10.680000,10.670000,-1.000000,-0.000936,68
600520.XSHG,2020-08-26,2020-09-21,100,9.230000,9.000000,-23.000000,-0.024919,26
600778.XSHG,2020-09-08,2020-09-21,300,5.060000,5.660000,180.000000,0.118577,13
600778.XSHG,2020-09-11,2020-09-21,800,5.110000,5.660000,440.000000,0.107632,10
300029.XSHE,2020-05-22,2020-09-24,2600,5.360000,5.100000,-676.000000,-0.048507,125
300029.XSHE,2020-06-01,2020-09-24,400,5.410000,5.100000,-124.000000,-0.057301,115
300029.XSHE,2020-06-04,2020-09-24,700,5.560000,5.100000,-322.000000,-0.082734,112
300029.XSHE,2020-06-17,2020-09-24,600,5.590000,5.100000,-294.000000,-0.087657,99
300029.XSHE,2020-06-22,2020-09-24,100,5.560000,5.100000,-46.000000,-0.082734,94
300029.XSHE,2020-07-02,2020-09-24,200,5.540000,5.100000,-88.000000,-0.079422,84
300029.XSHE,2020-07-10,2020-09-24,200,5.940000,5.100000,-168.000000,-0.141414,76
300029.XSHE,2020-08-10,2020-09-24,400,6.110000,5.100000,-404.000000,-0.165303,45
300029.XSHE,2020-08-13,2020-09-24,700,6.190000,5.100000,-763.000000,-0.176090,42
000929.XSHE,2020-07-02,2020-09-24,400,6.570000,9.130000,1024.000000,0.389650,84
000929.XSHE,2020-07-02,2020-09-24,800,6.570000,9.130000,2048.000000,0.389650,84
000929.XSHE,2020-07-07,2020-09-24,900,7.000000,9.130000,1917.000000,0.304286,79
000929.XSHE,2020-07-10,2020-09-24,700,7.250000,9.130000,1316.000000,0.259310,76
000929.XSHE,2020-07-10,2020-09-24,400,7.250000,9.130000,752.000000,0.259310,76
300736.XSHE,2020-05-22,2020-09-24,2000,8.590000,12.000000,6820.000000,0.396973,125
300736.XSHE,2020-06-01,2020-09-24,400,8.800000,12.000000,1280.000000,0.363636,115
300736.XSHE,2020-06-04,2020-09-24,100,9.180000,12.000000,282.000000,0.307190,112
300736.XSHE,2020-06-09,2020-09-24,100,8.850000,12.000000,315.000000,0.355932,107
300535.XSHE,2020-07-28,2020-09-24,300,12.580000,16.000000,1026.000000,0.271860,58
300535.XSHE,2020-07-31,2020-09-24,1300,12.820000,16.000000,4134.000000,0.248050,55
300535.XSHE,2020-08-05,2020-09-24,100,13.110000,16.000000,289.000000,0.220442,50
300535.XSHE,2020-08-21,2020-09-24,200,13.170000,16.000000,566.000000,0.214882,34
600778.XSHG,2020-09-11,2020-09-24,100,5.110000,5.750000,64.000000,0.125245,13
600778.XSHG,2020-09-16,2020-09-24,5100,5.060000,5.750000,3519.000000,0.136364,8
000929.XSHE,2020-07-10,2020-09-29,2400,7.250000,8.320000,2568.000000,0.147586,81
000929.XSHE,2020-07-20,2020-09-29,100,6.870000,8.320000,145.000000,0.211063,71
000929.XSHE,2020-07-28,2020-09-29,300,6.720000,8.320000,480.000000,0.238095,63
000929.XSHE,2020-09-03,2020-09-29,400,7.910000,8.320000,164.000000,0.051833,26
000502.XSHE,2020-06-04,2020-09-29,3500,6.670000,7.720000,3675.000000,0.157421,117
000502.XSHE,2020-06-09,2020-09-29,1400,6.620000,7.720000,1540.000000,0.166163,112
600561.XSHG,2020-09-03,2020-09-29,400,5.300000,4.860000,-176.000000,-0.083019,26
603269.XSHG,2020-09-08,2020-09-29,2000,13.800000,12.800000,-2000.000000,-0.072464,21
600778.XSHG,2020-09-16,2020-09-29,5000,5.060000,5.190000,650.000000,0.025692,13
000702.XSHE,2020-09-16,2020-09-29,100,5.760000,5.390000,-37.000000,-0.064236,13
600099.XSHG,2020-09-16,2020-09-29,100,6.980000,6.700000,-28.000000,-0.040115,13
600506.XSHG,2020-09-08,2020-09-30,100,10.290000,10.010000,-28.000000,-0.027211,22
300029.XSHE,2020-08-13,2020-10-12,1100,6.190000,4.840000,-1485.000000,-0.218094,60
300029.XSHE,2020-08-18,2020-10-12,500,6.200000,4.840000,-680.000000,-0.219355,55
300029.XSHE,2020-09-11,2020-10-12,4000,5.010000,4.840000,-680.000000,-0.033932,31
300029.XSHE,2020-09-29,2020-10-12,100,4.620000,4.840000,22.000000,0.047619,13
002209.XSHE,2020-05-14,2020-10-12,100,5.850000,6.900000,105.000000,0.179487,151
300736.XSHE,2020-06-09,2020-10-12,400,8.850000,12.000000,1260.000000,0.355932,125
300736.XSHE,2020-07-07,2020-10-12,1000,9.790000,12.000000,2210.000000,0.225741,97
300736.XSHE,2020-07-20,2020-10-12,200,9.630000,12.000000,474.000000,0.246106,84
300736.XSHE,2020-07-23,2020-10-12,1000,10.260000,12.000000,1740.000000,0.169591,81
600561.XSHG,2020-09-03,2020-10-12,400,5.300000,5.180000,-48.000000,-0.022642,39
002209.XSHE,2020-05-14,2020-10-15,400,5.850000,7.180000,532.000000,0.227350,154
300736.XSHE,2020-07-23,2020-10-15,1000,10.260000,12.890000,2630.000000,0.256335,84
300736.XSHE,2020-07-28,2020-10-15,300,9.780000,12.890000,933.000000,0.317996,79
300736.XSHE,2020-08-05,2020-10-15,300,10.450000,12.890000,732.000000,0.233493,71
300736.XSHE,2020-08-13,2020-10-15,500,10.150000,12.890000,1370.000000,0.269951,63
300736.XSHE,2020-09-11,2020-10-15,500,10.500000,12.890000,1195.000000,0.227619,34
600561.XSHG,2020-09-03,2020-10-15,4100,5.300000,5.510000,861.000000,0.039623,42
600561.XSHG,2020-09-08,2020-10-15,2100,5.320000,5.510000,399.000000,0.035714,37
600506.XSHG,2020-09-08,2020-10-15,100,10.290000,10.820000,53.000000,0.051506,37
002633.XSHE,2020-05-14,2020-10-19,2100,7.790000,8.900000,2331.000000,0.142490,158
002633.XSHE,2020-05-19,2020-10-19,2800,7.690000,8.900000,3388.000000,0.157347,153
002633.XSHE,2020-05-22,2020-10-19,1000,7.550000,8.900000,1350.000000,0.178808,150
002209.XSHE,2020-05-19,2020-10-20,200,5.720000,7.240000,304.000000,0.265734,154
300736.XSHE,2020-09-11,2020-10-20,1900,10.500000,12.960000,4674.000000,0.234286,39
300736.XSHE,2020-09-29,2020-10-20,300,10.990000,12.960000,591.000000,0.179254,21
600561.XSHG,2020-09-08,2020-10-20,4000,5.320000,5.460000,560.000000,0.026316,42
600561.XSHG,2020-09-11,2020-10-20,1100,5.110000,5.460000,385.000000,0.068493,39
603269.XSHG,2020-09-08,2020-10-20,100,13.800000,13.660000,-14.000000,-0.010145,42
603269.XSHG,2020-09-11,2020-10-20,2000,13.030000,13.660000,1260.000000,0.048350,39
603269.XSHG,2020-09-21,2020-10-20,100,13.910000,13.660000,-25.000000,-0.017973,29
002633.XSHE,2020-05-22,2020-10-23,300,7.550000,9.140000,477.000000,0.210596,154
002209.XSHE,2020-05-19,2020-10-23,300,5.720000,7.410000,507.000000,0.295455,157
300736.XSHE,2020-09-29,2020-10-23,200,10.990000,13.940000,590.000000,0.268426,24
600561.XSHG,2020-09-11,2020-10-23,3700,5.110000,5.870000,2812.000000,0.148728,42
600561.XSHG,2020-09-16,2020-10-23,2200,5.150000,5.870000,1584.000000,0.139806,37
300665.XSHE,2020-09-24,2020-10-23,2100,12.230000,13.980000,3675.000000,0.143091,29
002209.XSHE,2020-05-19,2020-10-28,400,5.720000,7.460000,696.000000,0.304196,162
300736.XSHE,2020-09-29,2020-10-28,1900,10.990000,14.380000,6441.000000,0.308462,29
300736.XSHE,2020-09-29,2020-10-28,200,10.990000,14.380000,678.000000,0.308462,29
600561.XSHG,2020-09-16,2020-10-28,4300,5.150000,5.640000,2107.000000,0.095146,42
600561.XSHG,2020-09-21,2020-10-28,500,5.280000,5.640000,180.000000,0.068182,37
603286.XSHG,2020-09-16,2020-10-28,1600,17.780000,16.790000,-1584.000000,-0.055681,42
603286.XSHG,2020-09-21,2020-10-28,100,17.500000,16.790000,-71.000000,-0.040571,37
300665.XSHE,2020-09-24,2020-10-28,200,12.230000,13.690000,292.000000,0.119379,34
300665.XSHE,2020-09-29,2020-10-28,1900,11.560000,13.690000,4047.000000,0.184256,29
002209.XSHE,2020-05-19,2020-11-02,3000,5.720000,7.230000,4530.000000,0.263986,167
002209.XSHE,2020-05-22,2020-11-02,800,5.760000,7.230000,1176.000000,0.255208,164
600561.XSHG,2020-09-21,2020-11-02,4400,5.280000,5.350000,308.000000,0.013258,42
600561.XSHG,2020-09-24,2020-11-02,700,5.060000,5.350000,203.000000,0.057312,39
603269.XSHG,2020-09-21,2020-11-02,2000,13.910000,12.850000,-2120.000000,-0.076204,42
603269.XSHG,2020-10-15,2020-11-02,100,13.280000,12.850000,-43.000000,-0.032380,18
603286.XSHG,2020-09-21,2020-11-02,1400,17.500000,16.340000,-1624.000000,-0.066286,42
603286.XSHG,2020-09-24,2020-11-02,300,16.890000,16.340000,-165.000000,-0.032564,39
300665.XSHE,2020-09-29,2020-11-02,400,11.560000,13.100000,616.000000,0.133218,34
300665.XSHE,2020-10-12,2020-11-02,100,12.240000,13.100000,86.000000,0.070261,21
300665.XSHE,2020-10-15,2020-11-02,200,12.920000,13.100000,36.000000,0.013932,18
300665.XSHE,2020-10-20,2020-11-02,1400,13.610000,13.100000,-714.000000,-0.037472,13
000929.XSHE,2020-10-20,2020-11-02,800,7.900000,8.110000,168.000000,0.026582,13
002209.XSHE,2020-05-22,2020-11-05,3300,5.760000,7.630000,6171.000000,0.324653,167
002209.XSHE,2020-06-01,2020-11-05,600,5.860000,7.630000,1062.000000,0.302048,157
002209.XSHE,2020-06-04,2020-11-05,200,6.110000,7.630000,304.000000,0.248773,154
000502.XSHE,2020-06-09,2020-11-05,300,6.620000,7.750000,339.000000,0.170695,149
600520.XSHG,2020-08-26,2020-11-05,300,9.230000,7.970000,-378.000000,-0.136511,71
600520.XSHG,2020-08-31,2020-11-05,200,9.240000,7.970000,-254.000000,-0.137446,66
603269.XSHG,2020-10-15,2020-11-05,2100,13.280000,12.990000,-609.000000,-0.021837,21
603269.XSHG,2020-10-23,2020-11-05,100,13.370000,12.990000,-38.000000,-0.028422,13
600099.XSHG,2020-09-16,2020-11-05,4000,6.980000,6.830000,-600.000000,-0.021490,50
600099.XSHG,2020-10-15,2020-11-05,100,6.970000,6.830000,-14.000000,-0.020086,21
603286.XSHG,2020-09-24,2020-11-05,1600,16.890000,17.110000,352.000000,0.013025,42
603286.XSHG,2020-09-29,2020-11-05,100,16.020000,17.110000,109.000000,0.068040,37
002209.XSHE,2020-06-04,2020-11-10,100,6.110000,7.710000,160.000000,0.261866,159
002209.XSHE,2020-06-09,2020-11-10,300,6.040000,7.710000,501.000000,0.276490,154
002209.XSHE,2020-06-12,2020-11-10,100,5.910000,7.710000,180.000000,0.304569,151
002209.XSHE,2020-07-02,2020-11-10,300,6.040000,7.710000,501.000000,0.276490,131
002209.XSHE,2020-07-10,2020-11-10,200,6.650000,7.710000,212.000000,0.159398,123
002209.XSHE,2020-07-23,2020-11-10,100,6.540000,7.710000,117.000000,0.178899,110
002209.XSHE,2020-08-18,2020-11-10,100,7.440000,7.710000,27.000000,0.036290,84
002209.XSHE,2020-08-21,2020-11-10,100,7.310000,7.710000,40.000000,0.054720,81
002209.XSHE,2020-08-26,2020-11-10,300,7.230000,7.710000,144.000000,0.066390,76
002209.XSHE,2020-08-31,2020-11-10,700,7.070000,7.710000,448.000000,0.090523,71
002209.XSHE,2020-08-31,2020-11-10,100,7.070000,7.710000,64.000000,0.090523,71
002209.XSHE,2020-09-03,2020-11-10,1300,7.260000,7.710000,585.000000,0.061983,68
000702.XSHE,2020-09-16,2020-11-10,200,5.760000,5.400000,-72.000000,-0.062500,55
603286.XSHG,2020-09-29,2020-11-10,1500,16.020000,17.620000,2400.000000,0.099875,42
603286.XSHG,2020-10-12,2020-11-10,200,16.810000,17.620000,162.000000,0.048186,29
600355.XSHG,2020-10-15,2020-11-10,200,3.050000,2.950000,-20.000000,-0.032787,26
600355.XSHG,2020-10-20,2020-11-10,100,3.060000,2.950000,-11.000000,-0.035948,21
000929.XSHE,2020-10-20,2020-11-10,2800,7.900000,8.300000,1120.000000,0.050633,21
000929.XSHE,2020-10-23,2020-11-10,600,7.840000,8.300000,276.000000,0.058673,18
000695.XSHE,2020-11-05,2020-11-10,300,6.470000,7.360000,267.000000,0.137558,5
000695.XSHE,2020-11-05,2020-11-12,100,6.470000,7.510000,104.000000,0.160742,7
002209.XSHE,2020-09-03,2020-11-13,900,7.260000,7.550000,261.000000,0.039945,71
002209.XSHE,2020-09-03,2020-11-13,2800,7.260000,7.550000,812.000000,0.039945,71
600768.XSHG,2020-07-15,2020-11-13,100,10.680000,9.820000,-86.000000,-0.080524,121
603286.XSHG,2020-10-12,2020-11-13,1500,16.810000,17.300000,735.000000,0.029149,32
603286.XSHG,2020-10-15,2020-11-13,100,16.920000,17.300000,38.000000,0.022459,29
603286.XSHG,2020-10-20,2020-11-13,100,16.820000,17.300000,48.000000,0.028537,24
600355.XSHG,2020-10-20,2020-11-13,500,3.060000,2.980000,-40.000000,-0.026144,24
000929.XSHE,2020-10-23,2020-11-13,3100,7.840000,8.970000,3503.000000,0.144133,21
000929.XSHE,2020-10-28,2020-11-13,700,7.740000,8.970000,861.000000,0.158915,16
603958.XSHG,2020-11-02,2020-11-13,200,6.450000,7.490000,208.000000,0.161240,11
002209.XSHE,2020-09-03,2020-11-18,2600,7.260000,7.470000,546.000000,0.028926,76
002209.XSHE,2020-09-08,2020-11-18,300,7.320000,7.470000,45.000000,0.020492,71
002209.XSHE,2020-09-16,2020-11-18,400,7.150000,7.470000,128.000000,0.044755,63
002209.XSHE,2020-09-24,2020-11-18,100,7.030000,7.470000,44.000000,0.062589,55
002209.XSHE,2020-09-29,2020-11-18,400,6.490000,7.470000,392.000000,0.151002,50
600768.XSHG,2020-07-15,2020-11-18,300,10.680000,10.020000,-198.000000,-0.061798,126
000702.XSHE,2020-09-16,2020-11-18,500,5.760000,5.400000,-180.000000,-0.062500,63
000929.XSHE,2020-10-28,2020-11-18,3000,7.740000,8.690000,2850.000000,0.122739,21
000929.XSHE,2020-11-05,2020-11-18,200,8.140000,8.690000,110.000000,0.067568,13
600778.XSHG,2020-10-23,2020-11-18,300,4.750000,4.450000,-90.000000,-0.063158,26
000502.XSHE,2020-06-09,2020-11-23,400,6.620000,7.640000,408.000000,0.154079,167
600768.XSHG,2020-07-15,2020-11-23,200,10.680000,10.300000,-76.000000,-0.035581,131
600506.XSHG,2020-09-08,2020-11-23,100,10.290000,9.900000,-39.000000,-0.037901,76
000702.XSHE,2020-09-16,2020-11-23,100,5.760000,5.480000,-28.000000,-0.048611,68
600355.XSHG,2020-10-20,2020-11-23,9400,3.060000,2.980000,-752.000000,-0.026144,34
603958.XSHG,2020-11-02,2020-11-23,3800,6.450000,7.620000,4446.000000,0.181395,21
603958.XSHG,2020-11-05,2020-11-23,100,6.810000,7.620000,81.000000,0.118943,18
000502.XSHE,2020-06-09,2020-11-26,1900,6.620000,7.780000,2204.000000,0.175227,170
000502.XSHE,2020-06-17,2020-11-26,300,6.580000,7.780000,360.000000,0.182371,162
000502.XSHE,2020-06-22,2020-11-26,100,6.570000,7.780000,121.000000,0.184170,157
000502.XSHE,2020-07-10,2020-11-26,200,7.340000,7.780000,88.000000,0.059946,139
000502.XSHE,2020-07-15,2020-11-26,400,7.210000,7.780000,228.000000,0.079057,134
000502.XSHE,2020-07-23,2020-11-26,1300,7.070000,7.780000,923.000000,0.100424,126
600506.XSHG,2020-09-08,2020-11-26,2400,10.290000,9.810000,-1152.000000,-0.046647,79
600506.XSHG,2020-09-29,2020-11-26,100,9.370000,9.810000,44.000000,0.046958,58
600506.XSHG,2020-10-12,2020-11-26,400,10.030000,9.810000,-88.000000,-0.021934,45
600355.XSHG,2020-10-20,2020-11-26,8500,3.060000,2.930000,-1105.000000,-0.042484,37
600355.XSHG,2020-10-23,2020-11-26,200,3.040000,2.930000,-22.000000,-0.036184,34
600355.XSHG,2020-10-28,2020-11-26,200,2.960000,2.930000,-6.000000,-0.010135,29
600355.XSHG,2020-11-02,2020-11-26,700,2.830000,2.930000,70.000000,0.035336,24
600778.XSHG,2020-10-23,2020-11-26,1900,4.750000,4.530000,-418.000000,-0.046316,34
000695.XSHE,2020-11-05,2020-11-26,3900,6.470000,6.820000,1365.000000,0.054096,21
000695.XSHE,2020-11-13,2020-11-26,200,6.900000,6.820000,-16.000000,-0.011594,13
600506.XSHG,2020-10-12,2020-12-01,2400,10.030000,9.970000,-144.000000,-0.005982,50
600506.XSHG,2020-10-20,2020-12-01,100,10.400000,9.970000,-43.000000,-0.041346,42
600506.XSHG,2020-10-23,2020-12-01,200,10.100000,9.970000,-26.000000,-0.012871,39
600506.XSHG,2020-11-02,2020-12-01,100,9.400000,9.970000,57.000000,0.060638,29
600506.XSHG,2020-11-05,2020-12-01,200,9.650000,9.970000,64.000000,0.033161,26
000702.XSHE,2020-09-16,2020-12-01,4000,5.760000,5.680000,-320.000000,-0.013889,76
000702.XSHE,2020-09-21,2020-12-01,2600,5.770000,5.680000,-234.000000,-0.015598,71
600455.XSHG,2020-11-10,2020-12-01,1100,23.880000,23.020000,-946.000000,-0.036013,21
600455.XSHG,2020-11-13,2020-12-01,100,23.110000,23.020000,-9.000000,-0.003894,18
000502.XSHE,2020-07-23,2020-12-04,300,7.070000,7.900000,249.000000,0.117397,134
600520.XSHG,2020-08-31,2020-12-04,100,9.240000,7.900000,-134.000000,-0.145022,95
600506.XSHG,2020-11-05,2020-12-04,2700,9.650000,10.140000,1323.000000,0.050777,29
600506.XSHG,2020-11-10,2020-12-04,200,9.820000,10.140000,64.000000,0.032587,24
000702.XSHE,2020-09-21,2020-12-04,2400,5.770000,5.860000,216.000000,0.015598,74
000702.XSHE,2020-09-24,2020-12-04,2900,5.640000,5.860000,638.000000,0.039007,71
600355.XSHG,2020-11-02,2020-12-04,300,2.830000,3.060000,69.000000,0.081272,32
600520.XSHG,2020-08-31,2020-12-09,100,9.240000,8.000000,-124.000000,-0.134199,100
600506.XSHG,2020-11-10,2020-12-09,2400,9.820000,10.150000,792.000000,0.033605,29
600506.XSHG,2020-11-10,2020-12-09,400,9.820000,10.150000,132.000000,0.033605,29
600506.XSHG,2020-11-13,2020-12-09,100,9.770000,10.150000,38.000000,0.038895,26
000702.XSHE,2020-09-24,2020-12-09,2200,5.640000,6.650000,2222.000000,0.179078,76
000702.XSHE,2020-10-15,2020-12-09,300,5.630000,6.650000,306.000000,0.181172,55
000702.XSHE,2020-10-20,2020-12-09,400,5.490000,6.650000,464.000000,0.211293,50
000702.XSHE,2020-10-23,2020-12-09,300,5.430000,6.650000,366.000000,0.224678,47
000702.XSHE,2020-10-28,2020-12-09,2900,5.400000,6.650000,3625.000000,0.231481,42
000502.XSHE,2020-07-23,2020-12-14,2000,7.070000,8.620000,3100.000000,0.219236,144
000502.XSHE,2020-08-05,2020-12-14,200,7.300000,8.620000,264.000000,0.180822,131
000502.XSHE,2020-08-18,2020-12-14,900,7.410000,8.620000,1089.000000,0.163293,118
000502.XSHE,2020-08-21,2020-12-14,200,7.270000,8.620000,270.000000,0.185695,115
000502.XSHE,2020-08-26,2020-12-14,100,7.360000,8.620000,126.000000,0.171196,110
000502.XSHE,2020-09-08,2020-12-14,1700,7.330000,8.620000,2193.000000,0.175989,97
600506.XSHG,2020-11-13,2020-12-14,2200,9.770000,10.150000,836.000000,0.038895,31
600506.XSHG,2020-11-13,2020-12-14,500,9.770000,10.150000,190.000000,0.038895,31
600506.XSHG,2020-11-18,2020-12-14,200,9.640000,10.150000,102.000000,0.052905,26
000702.XSHE,2020-10-28,2020-12-14,2200,5.400000,6.420000,2244.000000,0.188889,47
000702.XSHE,2020-11-02,2020-12-14,2100,5.170000,6.420000,2625.000000,0.241779,42
603029.XSHG,2020-09-16,2020-12-14,1700,16.900000,15.070000,-3111.000000,-0.108284,89
603029.XSHG,2020-09-24,2020-12-14,300,16.020000,15.070000,-285.000000,-0.059301,81
600561.XSHG,2020-11-13,2020-12-14,200,5.130000,4.890000,-48.000000,-0.046784,31
002633.XSHE,2020-05-22,2020-12-17,100,7.550000,7.750000,20.000000,0.026490,209
600768.XSHG,2020-07-15,2020-12-17,100,10.680000,9.130000,-155.000000,-0.145131,155
000702.XSHE,2020-11-02,2020-12-17,3400,5.170000,6.190000,3468.000000,0.197292,45
000702.XSHE,2020-11-05,2020-12-17,400,5.250000,6.190000,376.000000,0.179048,42
000702.XSHE,2020-11-13,2020-12-17,300,5.280000,6.190000,273.000000,0.172348,34
000702.XSHE,2020-11-26,2020-12-17,400,5.340000,6.190000,340.000000,0.159176,21
603029.XSHG,2020-09-24,2020-12-17,1500,16.020000,14.420000,-2400.000000,-0.099875,84
603029.XSHG,2020-09-29,2020-12-17,400,15.030000,14.420000,-244.000000,-0.040585,79
603269.XSHG,2020-11-26,2020-12-17,2200,12.800000,11.940000,-1892.000000,-0.067188,21
603269.XSHG,2020-12-01,2020-12-17,200,12.710000,11.940000,-154.000000,-0.060582,16
000502.XSHE,2020-09-08,2020-12-22,500,7.330000,9.450000,1060.000000,0.289222,105
000502.XSHE,2020-09-21,2020-12-22,400,7.140000,9.450000,924.000000,0.323529,92
000502.XSHE,2020-09-24,2020-12-22,2700,7.510000,9.450000,5238.000000,0.258322,89
000502.XSHE,2020-10-12,2020-12-22,300,7.850000,9.450000,480.000000,0.203822,71
000502.XSHE,2020-10-23,2020-12-22,200,7.950000,9.450000,300.000000,0.188679,60
603029.XSHG,2020-09-29,2020-12-22,1400,15.030000,14.320000,-994.000000,-0.047239,84
603029.XSHG,2020-10-12,2020-12-22,100,15.530000,14.320000,-121.000000,-0.077914,71
603029.XSHG,2020-10-15,2020-12-22,300,15.330000,14.320000,-303.000000,-0.065884,68
600778.XSHG,2020-10-23,2020-12-22,300,4.750000,4.260000,-147.000000,-0.103158,60
300478.XSHE,2020-11-26,2020-12-22,100,10.830000,10.140000,-69.000000,-0.063712,26
603269.XSHG,2020-12-01,2020-12-22,2100,12.710000,12.100000,-1281.000000,-0.047994,21
603269.XSHG,2020-12-04,2020-12-22,200,12.800000,12.100000,-140.000000,-0.054688,18
000502.XSHE,2020-10-23,2020-12-25,100,7.950000,8.760000,81.000000,0.101887,63
000502.XSHE,2020-10-28,2020-12-25,2800,7.700000,8.760000,2968.000000,0.137662,58
600768.XSHG,2020-07-15,2020-12-25,400,10.680000,8.860000,-728.000000,-0.170412,163
600520.XSHG,2020-08-31,2020-12-25,200,9.240000,6.970000,-454.000000,-0.245671,116
600778.XSHG,2020-10-23,2020-12-25,3500,4.750000,3.990000,-2660.000000,-0.160000,63
600778.XSHG,2020-10-28,2020-12-25,3000,4.520000,3.990000,-1590.000000,-0.117257,58
603269.XSHG,2020-12-04,2020-12-25,2100,12.800000,11.250000,-3255.000000,-0.121094,21
603269.XSHG,2020-12-09,2020-12-25,100,12.740000,11.250000,-149.000000,-0.116954,16
002209.XSHE,2020-12-14,2020-12-25,100,7.100000,6.700000,-40.000000,-0.056338,11
600615.XSHG,2020-12-17,2020-12-25,200,6.810000,6.670000,-28.000000,-0.020558,8
000502.XSHE,2020-10-28,2020-12-30,1100,7.700000,9.240000,1694.000000,0.200000,63
000502.XSHE,2020-11-02,2020-12-30,200,7.390000,9.240000,370.000000,0.250338,58
000502.XSHE,2020-11-10,2020-12-30,300,7.740000,9.240000,450.000000,0.193798,50
000502.XSHE,2020-11-13,2020-12-30,500,7.440000,9.240000,900.000000,0.241935,47
000502.XSHE,2020-11-18,2020-12-30,300,7.340000,9.240000,570.000000,0.258856,42
000502.XSHE,2020-12-01,2020-12-30,300,7.590000,9.240000,495.000000,0.217391,29
000502.XSHE,2020-12-09,2020-12-30,300,7.730000,9.240000,453.000000,0.195343,21
600561.XSHG,2020-11-13,2020-12-30,5300,5.130000,4.510000,-3286.000000,-0.120858,47
600561.XSHG,2020-11-18,2020-12-30,1700,5.090000,4.510000,-986.000000,-0.113949,42
603269.XSHG,2020-12-09,2020-12-30,2200,12.740000,11.240000,-3300.000000,-0.117739,21
603269.XSHG,2020-12-14,2020-12-30,100,12.250000,11.240000,-101.000000,-0.082449,16
002633.XSHE,2020-05-22,2021-01-04,2000,7.550000,7.210000,-680.000000,-0.045033,227
002633.XSHE,2020-06-01,2021-01-04,300,7.760000,7.210000,-165.000000,-0.070876,217
002633.XSHE,2020-06-04,2021-01-04,700,7.850000,7.210000,-448.000000,-0.081529,214
002633.XSHE,2020-06-09,2021-01-04,100,7.810000,7.210000,-60.000000,-0.076825,209
002633.XSHE,2020-06-22,2021-01-04,100,7.980000,7.210000,-77.000000,-0.096491,196
002633.XSHE,2020-06-29,2021-01-04,100,7.900000,7.210000,-69.000000,-0.087342,189
002633.XSHE,2020-06-29,2021-01-04,500,7.900000,7.210000,-345.000000,-0.087342,189
002633.XSHE,2020-07-02,2021-01-04,600,7.980000,7.210000,-462.000000,-0.096491,186
002633.XSHE,2020-07-07,2021-01-04,300,8.230000,7.210000,-306.000000,-0.123937,181
002633.XSHE,2020-07-10,2021-01-04,2800,8.610000,7.210000,-3920.000000,-0.162602,178
002633.XSHE,2020-07-15,2021-01-04,200,8.590000,7.210000,-276.000000,-0.160652,173
002633.XSHE,2020-08-13,2021-01-04,300,8.690000,7.210000,-444.000000,-0.170311,144
002633.XSHE,2020-08-21,2021-01-04,200,9.000000,7.210000,-358.000000,-0.198889,136
002633.XSHE,2020-09-08,2021-01-04,600,9.690000,7.210000,-1488.000000,-0.255934,118
002633.XSHE,2020-09-16,2021-01-04,200,9.390000,7.210000,-436.000000,-0.232162,110
002633.XSHE,2020-09-24,2021-01-04,100,9.140000,7.210000,-193.000000,-0.211160,102
002633.XSHE,2020-09-29,2021-01-04,300,8.460000,7.210000,-375.000000,-0.147754,97
002633.XSHE,2020-11-02,2021-01-04,2900,8.850000,7.210000,-4756.000000,-0.185311,63
002633.XSHE,2020-11-05,2021-01-04,3400,8.940000,7.210000,-5882.000000,-0.193512,60
002633.XSHE,2020-11-10,2021-01-04,500,8.820000,7.210000,-805.000000,-0.182540,55
002633.XSHE,2020-11-26,2021-01-04,100,8.590000,7.210000,-138.000000,-0.160652,39
002633.XSHE,2020-11-26,2021-01-04,200,8.590000,7.210000,-276.000000,-0.160652,39
002633.XSHE,2020-12-01,2021-01-04,500,8.370000,7.210000,-580.000000,-0.138590,34
002633.XSHE,2020-12-04,2021-01-04,200,8.310000,7.210000,-220.000000,-0.132371,31
002633.XSHE,2020-12-04,2021-01-04,100,8.310000,7.210000,-110.000000,-0.132371,31
002633.XSHE,2020-12-14,2021-01-04,300,8.050000,7.210000,-252.000000,-0.104348,21
002633.XSHE,2020-12-22,2021-01-04,300,7.620000,7.210000,-123.000000,-0.053806,13
002633.XSHE,2020-12-30,2021-01-04,200,7.130000,7.210000,16.000000,0.011220,5
600768.XSHG,2020-07-15,2021-01-04,900,10.680000,8.780000,-1710.000000,-0.177903,173
600768.XSHG,2020-07-20,2021-01-04,200,10.210000,8.780000,-286.000000,-0.140059,168
600768.XSHG,2020-07-23,2021-01-04,2400,10.420000,8.780000,-3936.000000,-0.157390,165
600768.XSHG,2020-07-28,2021-01-04,2500,10.120000,8.780000,-3350.000000,-0.132411,160
600768.XSHG,2020-07-31,2021-01-04,4600,10.380000,8.780000,-7360.000000,-0.154143,157
600768.XSHG,2020-08-10,2021-01-04,500,10.500000,8.780000,-860.000000,-0.163810,147
600768.XSHG,2020-08-26,2021-01-04,300,10.570000,8.780000,-537.000000,-0.169347,131
600768.XSHG,2020-09-03,2021-01-04,300,10.820000,8.780000,-612.000000,-0.188540,123
600768.XSHG,2020-09-08,2021-01-04,400,10.710000,8.780000,-772.000000,-0.180205,118
600768.XSHG,2020-09-16,2021-01-04,300,10.560000,8.780000,-534.000000,-0.168561,110
600768.XSHG,2020-09-24,2021-01-04,200,10.280000,8.780000,-300.000000,-0.145914,102
600768.XSHG,2020-09-29,2021-01-04,100,9.640000,8.780000,-86.000000,-0.089212,97
600768.XSHG,2020-10-12,2021-01-04,300,9.900000,8.780000,-336.000000,-0.113131,84
600768.XSHG,2020-10-15,2021-01-04,200,9.990000,8.780000,-242.000000,-0.121121,81
600768.XSHG,2020-10-20,2021-01-04,100,9.890000,8.780000,-111.000000,-0.112235,76
600768.XSHG,2020-10-23,2021-01-04,200,9.840000,8.780000,-212.000000,-0.107724,73
600768.XSHG,2020-11-02,2021-01-04,100,9.340000,8.780000,-56.000000,-0.059957,63
600768.XSHG,2020-11-26,2021-01-04,200,9.960000,8.780000,-236.000000,-0.118474,39
600768.XSHG,2020-12-01,2021-01-04,100,9.920000,8.780000,-114.000000,-0.114919,34
600768.XSHG,2020-12-04,2021-01-04,200,9.820000,8.780000,-208.000000,-0.105906,31
600768.XSHG,2020-12-14,2021-01-04,500,9.400000,8.780000,-310.000000,-0.065957,21
600768.XSHG,2020-12-22,2021-01-04,100,9.120000,8.780000,-34.000000,-0.037281,13
600768.XSHG,2020-12-30,2021-01-04,100,8.680000,8.780000,10.000000,0.011521,5
600520.XSHG,2020-08-31,2021-01-04,3400,9.240000,6.800000,-8296.000000,-0.264069,126
600520.XSHG,2020-09-03,2021-01-04,4800,9.250000,6.800000,-11760.000000,-0.264865,123
600520.XSHG,2020-09-08,2021-01-04,3300,9.370000,6.800000,-8481.000000,-0.274280,118
600520.XSHG,2020-09-11,2021-01-04,3400,8.500000,6.800000,-5780.000000,-0.200000,115
600520.XSHG,2020-09-16,2021-01-04,200,8.920000,6.800000,-424.000000,-0.237668,110
600520.XSHG,2020-09-24,2021-01-04,400,8.610000,6.800000,-724.000000,-0.210221,102
600520.XSHG,2020-09-29,2021-01-04,400,7.950000,6.800000,-460.000000,-0.144654,97
600520.XSHG,2020-10-15,2021-01-04,400,8.300000,6.800000,-600.000000,-0.180723,81
600520.XSHG,2020-10-20,2021-01-04,100,8.250000,6.800000,-145.000000,-0.175758,76
600520.XSHG,2020-10-23,2021-01-04,400,8.140000,6.800000,-536.000000,-0.164619,73
600520.XSHG,2020-10-28,2021-01-04,300,7.850000,6.800000,-315.000000,-0.133758,68
600520.XSHG,2020-11-02,2021-01-04,300,7.510000,6.800000,-213.000000,-0.094541,63
600520.XSHG,2020-11-13,2021-01-04,400,7.830000,6.800000,-412.000000,-0.131545,52
600520.XSHG,2020-11-26,2021-01-04,100,7.820000,6.800000,-102.000000,-0.130435,39
600520.XSHG,2020-12-01,2021-01-04,200,7.730000,6.800000,-186.000000,-0.120310,34
600520.XSHG,2020-12-14,2021-01-04,100,7.720000,6.800000,-92.000000,-0.119171,21
600520.XSHG,2020-12-17,2021-01-04,300,7.240000,6.800000,-132.000000,-0.060773,18
600520.XSHG,2020-12-17,2021-01-04,100,7.240000,6.800000,-44.000000,-0.060773,18
600520.XSHG,2020-12-30,2021-01-04,700,6.700000,6.800000,70.000000,0.014925,5
603029.XSHG,2020-10-15,2021-01-04,1700,15.330000,13.160000,-3689.000000,-0.141553,81
603029.XSHG,2020-10-20,2021-01-04,1900,15.340000,13.160000,-4142.000000,-0.142112,76
603029.XSHG,2020-11-02,2021-01-04,100,14.600000,13.160000,-144.000000,-0.098630,63
603029.XSHG,2020-12-09,2021-01-04,200,15.230000,13.160000,-414.000000,-0.135916,26
600355.XSHG,2020-11-02,2021-01-04,9000,2.830000,2.560000,-2430.000000,-0.095406,63
600355.XSHG,2020-11-05,2021-01-04,500,2.860000,2.560000,-150.000000,-0.104895,60
600355.XSHG,2020-12-14,2021-01-04,200,2.920000,2.560000,-72.000000,-0.123288,21
600355.XSHG,2020-12-17,2021-01-04,300,2.710000,2.560000,-45.000000,-0.055351,18
600355.XSHG,2020-12-22,2021-01-04,400,2.640000,2.560000,-32.000000,-0.030303,13
600355.XSHG,2020-12-25,2021-01-04,10900,2.420000,2.560000,1526.000000,0.057851,10
600355.XSHG,2020-12-30,2021-01-04,9100,2.450000,2.560000,1001.000000,0.044898,5
600355.XSHG,2020-12-30,2021-01-04,1200,2.450000,2.560000,132.000000,0.044898,5
600778.XSHG,2020-10-28,2021-01-04,3500,4.520000,4.000000,-1820.000000,-0.115044,68
600778.XSHG,2020-11-02,2021-01-04,6300,4.380000,4.000000,-2394.000000,-0.086758,63
600778.XSHG,2020-11-05,2021-01-04,7200,4.340000,4.000000,-2448.000000,-0.078341,60
600778.XSHG,2020-11-10,2021-01-04,6400,4.440000,4.000000,-2816.000000,-0.099099,55
600778.XSHG,2020-11-23,2021-01-04,1500,4.300000,4.000000,-450.000000,-0.069767,42
600778.XSHG,2020-12-01,2021-01-04,100,4.500000,4.000000,-50.000000,-0.111111,34
600778.XSHG,2020-12-09,2021-01-04,100,4.570000,4.000000,-57.000000,-0.124726,26
600778.XSHG,2020-12-14,2021-01-04,900,4.340000,4.000000,-306.000000,-0.078341,21
600778.XSHG,2020-12-30,2021-01-04,100,3.950000,4.000000,5.000000,0.012658,5
600455.XSHG,2020-11-13,2021-01-04,1200,23.110000,20.400000,-3252.000000,-0.117265,52
600455.XSHG,2020-11-18,2021-01-04,1200,23.150000,20.400000,-3300.000000,-0.118790,47
600455.XSHG,2020-11-23,2021-01-04,1300,23.270000,20.400000,-3731.000000,-0.123335,42
600455.XSHG,2020-11-26,2021-01-04,1300,23.000000,20.400000,-3380.000000,-0.113043,39
600455.XSHG,2020-12-14,2021-01-04,200,21.890000,20.400000,-298.000000,-0.068068,21
600455.XSHG,2020-12-22,2021-01-04,1400,20.910000,20.400000,-714.000000,-0.024390,13
600561.XSHG,2020-11-18,2021-01-04,4000,5.090000,4.470000,-2480.000000,-0.121807,47
600561.XSHG,2020-11-23,2021-01-04,5600,5.140000,4.470000,-3752.000000,-0.130350,42
600561.XSHG,2020-11-26,2021-01-04,5700,5.080000,4.470000,-3477.000000,-0.120079,39
600561.XSHG,2020-12-01,2021-01-04,6300,4.960000,4.470000,-3087.000000,-0.098790,34
600561.XSHG,2020-12-04,2021-01-04,300,4.990000,4.470000,-156.000000,-0.104208,31
600561.XSHG,2020-12-09,2021-01-04,300,4.970000,4.470000,-150.000000,-0.100604,26
600561.XSHG,2020-12-17,2021-01-04,500,4.580000,4.470000,-55.000000,-0.024017,18
600561.XSHG,2020-12-22,2021-01-04,300,4.600000,4.470000,-39.000000,-0.028261,13
300478.XSHE,2020-11-26,2021-01-04,2500,10.830000,9.960000,-2175.000000,-0.080332,39
300478.XSHE,2020-12-01,2021-01-04,2500,11.040000,9.960000,-2700.000000,-0.097826,34
300478.XSHE,2020-12-04,2021-01-04,2800,10.980000,9.960000,-2856.000000,-0.092896,31
300478.XSHE,2020-12-09,2021-01-04,2800,10.870000,9.960000,-2548.000000,-0.083717,26
300478.XSHE,2020-12-14,2021-01-04,2900,10.470000,9.960000,-1479.000000,-0.048711,21
300478.XSHE,2020-12-17,2021-01-04,200,9.840000,9.960000,24.000000,0.012195,18
300478.XSHE,2020-12-25,2021-01-04,300,9.190000,9.960000,231.000000,0.083787,10
300478.XSHE,2020-12-30,2021-01-04,100,9.110000,9.960000,85.000000,0.093304,5
603269.XSHG,2020-12-14,2021-01-04,2400,12.250000,11.500000,-1800.000000,-0.061224,21
002209.XSHE,2020-12-14,2021-01-04,3900,7.100000,6.750000,-1365.000000,-0.049296,21
300736.XSHE,2020-12-14,2021-01-04,2700,10.560000,9.250000,-3537.000000,-0.124053,21
300736.XSHE,2020-12-17,2021-01-04,2500,10.390000,9.250000,-2850.000000,-0.109721,18
300736.XSHE,2020-12-22,2021-01-04,200,10.150000,9.250000,-180.000000,-0.088670,13
300736.XSHE,2020-12-25,2021-01-04,3100,9.070000,9.250000,558.000000,0.019846,10
300736.XSHE,2020-12-30,2021-01-04,2900,9.010000,9.250000,696.000000,0.026637,5
600615.XSHG,2020-12-17,2021-01-04,3800,6.810000,6.700000,-418.000000,-0.016153,18
600615.XSHG,2020-12-22,2021-01-04,4000,6.860000,6.700000,-640.000000,-0.023324,13
600766.XSHG,2020-12-17,2021-01-04,4300,5.810000,5.390000,-1806.000000,-0.072289,18
600766.XSHG,2020-12-22,2021-01-04,5200,5.770000,5.390000,-1976.000000,-0.065858,13
600766.XSHG,2020-12-25,2021-01-04,4800,5.400000,5.390000,-48.000000,-0.001852,10
600766.XSHG,2020-12-30,2021-01-04,4400,5.510000,5.390000,-528.000000,-0.021779,5
511880.XSHG,2021-01-04,2021-02-01,13100,100.136000,100.310000,2279.400000,0.001738,28
000502.XSHE,2021-02-10,2021-02-22,100,5.180000,6.070000,89.000000,0.171815,12
000007.XSHE,2021-02-02,2021-02-23,900,2.710000,3.300000,531.000000,0.217712,21
300312.XSHE,2021-02-05,2021-02-23,4700,3.060000,4.370000,6157.000000,0.428105,18
300312.XSHE,2021-02-05,2021-02-24,3000,3.060000,5.820000,8280.000000,0.901961,19
600766.XSHG,2021-02-02,2021-02-25,6800,3.850000,5.260000,9588.000000,0.366234,23
600766.XSHG,2021-02-05,2021-02-25,500,3.540000,5.260000,860.000000,0.485876,20
002862.XSHE,2021-02-02,2021-02-25,100,8.150000,9.350000,120.000000,0.147239,23
000007.XSHE,2021-02-02,2021-02-26,5600,2.710000,3.980000,7112.000000,0.468635,24
000007.XSHE,2021-02-02,2021-03-01,2500,2.710000,4.420000,4275.000000,0.630996,27
300736.XSHE,2021-02-02,2021-03-02,200,7.150000,8.020000,174.000000,0.121678,28
000007.XSHE,2021-02-02,2021-03-02,700,2.710000,3.970000,882.000000,0.464945,28
000007.XSHE,2021-02-05,2021-03-02,4200,2.570000,3.970000,5880.000000,0.544747,25
002862.XSHE,2021-02-02,2021-03-02,3100,8.150000,10.510000,7316.000000,0.289571,28
002862.XSHE,2021-02-05,2021-03-02,800,7.740000,10.510000,2216.000000,0.357881,25
300312.XSHE,2021-02-05,2021-03-02,300,3.060000,5.600000,762.000000,0.830065,25
000007.XSHE,2021-02-05,2021-03-05,6400,2.570000,3.670000,7040.000000,0.428016,28
000007.XSHE,2021-02-10,2021-03-05,500,2.490000,3.670000,590.000000,0.473896,23
002862.XSHE,2021-02-05,2021-03-05,2600,7.740000,9.700000,5096.000000,0.253230,28
600355.XSHG,2021-02-02,2021-03-05,2200,2.020000,2.240000,484.000000,0.108911,31
600778.XSHG,2021-02-02,2021-03-05,8200,3.220000,3.700000,3936.000000,0.149068,31
600778.XSHG,2021-02-05,2021-03-05,1000,3.130000,3.700000,570.000000,0.182109,28
300312.XSHE,2021-02-05,2021-03-05,500,3.060000,7.530000,2235.000000,1.460784,28
300312.XSHE,2021-02-10,2021-03-05,6500,2.830000,7.530000,30550.000000,1.660777,23
300312.XSHE,2021-02-10,2021-03-10,3200,2.830000,5.660000,9056.000000,1.000000,28
300312.XSHE,2021-02-25,2021-03-10,1100,5.220000,5.660000,484.000000,0.084291,13
000007.XSHE,2021-02-10,2021-03-10,10200,2.490000,4.470000,20196.000000,0.795181,28
002862.XSHE,2021-02-05,2021-03-10,100,7.740000,11.180000,344.000000,0.444444,33
002862.XSHE,2021-02-10,2021-03-10,3100,7.910000,11.180000,10137.000000,0.413401,28
002862.XSHE,2021-02-22,2021-03-10,500,8.730000,11.180000,1225.000000,0.280641,16
000007.XSHE,2021-02-10,2021-03-15,100,2.490000,4.110000,162.000000,0.650602,33
000007.XSHE,2021-02-22,2021-03-15,5400,3.140000,4.110000,5238.000000,0.308917,21
000007.XSHE,2021-02-25,2021-03-15,1300,3.300000,4.110000,1053.000000,0.245455,18
300478.XSHE,2021-02-02,2021-03-15,900,7.810000,8.580000,693.000000,0.098592,41
600506.XSHG,2021-02-22,2021-03-15,3400,7.560000,7.870000,1054.000000,0.041005,21
002862.XSHE,2021-02-22,2021-03-15,2800,8.730000,10.920000,6132.000000,0.250859,21
600778.XSHG,2021-02-05,2021-03-18,7400,3.130000,3.960000,6142.000000,0.265176,41
600778.XSHG,2021-02-10,2021-03-18,100,3.090000,3.960000,87.000000,0.281553,36
600778.XSHG,2021-02-22,2021-03-18,2800,3.440000,3.960000,1456.000000,0.151163,24
603729.XSHG,2021-03-02,2021-03-18,2500,12.440000,12.740000,750.000000,0.024116,16
600506.XSHG,2021-02-22,2021-03-18,300,7.560000,8.640000,324.000000,0.142857,24
600506.XSHG,2021-02-25,2021-03-18,3300,7.490000,8.640000,3795.000000,0.153538,21
600506.XSHG,2021-03-01,2021-03-18,200,8.800000,8.640000,-32.000000,-0.018182,17
600506.XSHG,2021-03-02,2021-03-18,200,8.490000,8.640000,30.000000,0.017668,16
600766.XSHG,2021-02-05,2021-03-19,4800,3.540000,5.100000,7488.000000,0.440678,42
000502.XSHE,2021-02-10,2021-03-19,2100,5.180000,7.250000,4347.000000,0.399614,37
600766.XSHG,2021-02-05,2021-03-22,900,3.540000,5.270000,1557.000000,0.488701,45
600768.XSHG,2021-02-02,2021-03-23,100,7.400000,8.090000,69.000000,0.093243,49
300478.XSHE,2021-02-02,2021-03-23,400,7.810000,8.880000,428.000000,0.137004,49
000502.XSHE,2021-02-10,2021-03-23,2700,5.180000,7.110000,5211.000000,0.372587,41
000502.XSHE,2021-03-02,2021-03-23,1700,6.160000,7.110000,1615.000000,0.154221,21
002633.XSHE,2021-02-02,2021-03-26,300,5.840000,6.450000,183.000000,0.104452,52
600766.XSHG,2021-02-05,2021-03-26,100,3.540000,4.950000,141.000000,0.398305,49
300478.XSHE,2021-02-02,2021-03-26,500,7.810000,9.000000,595.000000,0.152369,52
600778.XSHG,2021-02-22,2021-03-26,500,3.440000,3.790000,175.000000,0.101744,32
000502.XSHE,2021-03-02,2021-03-26,3700,6.160000,6.390000,851.000000,0.037338,24
603029.XSHG,2021-02-22,2021-03-26,500,11.390000,12.480000,545.000000,0.095698,32
002633.XSHE,2021-02-02,2021-03-31,300,5.840000,6.300000,138.000000,0.078767,57
600768.XSHG,2021-02-02,2021-03-31,1300,7.400000,8.180000,1014.000000,0.105405,57
600355.XSHG,2021-02-02,2021-03-31,1500,2.020000,2.160000,210.000000,0.069307,57
600778.XSHG,2021-02-22,2021-03-31,5000,3.440000,3.810000,1850.000000,0.107558,37
600778.XSHG,2021-02-25,2021-03-31,4400,3.560000,3.810000,1100.000000,0.070225,34
000502.XSHE,2021-03-05,2021-03-31,5000,6.130000,6.180000,250.000000,0.008157,26
000502.XSHE,2021-03-10,2021-03-31,100,5.910000,6.180000,27.000000,0.045685,21
603029.XSHG,2021-02-22,2021-03-31,2000,11.390000,12.600000,2420.000000,0.106234,37
603029.XSHG,2021-02-25,2021-03-31,1100,11.360000,12.600000,1364.000000,0.109155,34
603269.XSHG,2021-03-18,2021-03-31,100,10.210000,10.190000,-2.000000,-0.001959,13
002633.XSHE,2021-02-02,2021-04-01,3900,5.840000,6.340000,1950.000000,0.085616,58
002633.XSHE,2021-02-05,2021-04-01,4800,5.590000,6.340000,3600.000000,0.134168,55
002633.XSHE,2021-02-10,2021-04-01,4600,5.560000,6.340000,3588.000000,0.140288,50
002633.XSHE,2021-02-22,2021-04-01,4900,6.080000,6.340000,1274.000000,0.042763,38
002633.XSHE,2021-02-25,2021-04-01,5500,6.250000,6.340000,495.000000,0.014400,35
002633.XSHE,2021-03-05,2021-04-01,100,6.310000,6.340000,3.000000,0.004754,27
002633.XSHE,2021-03-10,2021-04-01,300,6.290000,6.340000,15.000000,0.007949,22
002633.XSHE,2021-03-18,2021-04-01,400,6.490000,6.340000,-60.000000,-0.023112,14
002633.XSHE,2021-03-23,2021-04-01,600,6.440000,6.340000,-60.000000,-0.015528,9
600766.XSHG,2021-02-05,2021-04-01,1600,3.540000,4.310000,1232.000000,0.217514,55
600766.XSHG,2021-02-10,2021-04-01,9900,3.150000,4.310000,11484.000000,0.368254,50
600766.XSHG,2021-03-02,2021-04-01,2300,4.820000,4.310000,-1173.000000,-0.105809,30
600766.XSHG,2021-03-05,2021-04-01,100,4.400000,4.310000,-9.000000,-0.020455,27
600766.XSHG,2021-03-05,2021-04-01,100,4.400000,4.310000,-9.000000,-0.020455,27
600766.XSHG,2021-03-10,2021-04-01,2100,4.250000,4.310000,126.000000,0.014118,22
600766.XSHG,2021-03-15,2021-04-01,8400,4.090000,4.310000,1848.000000,0.053790,17
600766.XSHG,2021-03-18,2021-04-01,6600,4.350000,4.310000,-264.000000,-0.009195,14
600766.XSHG,2021-03-18,2021-04-01,500,4.350000,4.310000,-20.000000,-0.009195,14
600766.XSHG,2021-03-23,2021-04-01,1300,5.020000,4.310000,-923.000000,-0.141434,9
600766.XSHG,2021-03-25,2021-04-01,200,4.920000,4.310000,-122.000000,-0.123984,7
600766.XSHG,2021-03-31,2021-04-01,400,4.300000,4.310000,4.000000,0.002326,1
600766.XSHG,2021-03-31,2021-04-01,3200,4.300000,4.310000,32.000000,0.002326,1
300736.XSHE,2021-02-02,2021-04-01,3400,7.150000,7.360000,714.000000,0.029371,58
300736.XSHE,2021-02-05,2021-04-01,4200,6.680000,7.360000,2856.000000,0.101796,55
300736.XSHE,2021-02-10,2021-04-01,4100,6.500000,7.360000,3526.000000,0.132308,50
300736.XSHE,2021-02-22,2021-04-01,4000,7.200000,7.360000,640.000000,0.022222,38
300736.XSHE,2021-02-25,2021-04-01,4000,7.630000,7.360000,-1080.000000,-0.035387,35
300736.XSHE,2021-03-10,2021-04-01,200,7.780000,7.360000,-84.000000,-0.053985,22
300736.XSHE,2021-03-15,2021-04-01,400,7.610000,7.360000,-100.000000,-0.032852,17
300736.XSHE,2021-03-23,2021-04-01,1000,7.770000,7.360000,-410.000000,-0.052767,9
300736.XSHE,2021-03-26,2021-04-01,600,7.390000,7.360000,-18.000000,-0.004060,6
300736.XSHE,2021-03-26,2021-04-01,200,7.390000,7.360000,-6.000000,-0.004060,6
600768.XSHG,2021-02-02,2021-04-01,2100,7.400000,8.240000,1764.000000,0.113514,58
600768.XSHG,2021-02-05,2021-04-01,3900,7.040000,8.240000,4680.000000,0.170455,55
600768.XSHG,2021-02-10,2021-04-01,3500,7.070000,8.240000,4095.000000,0.165488,50
600768.XSHG,2021-02-25,2021-04-01,4400,7.930000,8.240000,1364.000000,0.039092,35
600768.XSHG,2021-03-02,2021-04-01,700,7.860000,8.240000,266.000000,0.048346,30
600768.XSHG,2021-03-10,2021-04-01,200,7.650000,8.240000,118.000000,0.077124,22
600768.XSHG,2021-03-15,2021-04-01,3700,7.770000,8.240000,1739.000000,0.060489,17
600768.XSHG,2021-03-18,2021-04-01,700,7.910000,8.240000,231.000000,0.041719,14
600768.XSHG,2021-03-26,2021-04-01,200,7.820000,8.240000,84.000000,0.053708,6
300478.XSHE,2021-02-02,2021-04-01,1500,7.810000,8.160000,525.000000,0.044814,58
300478.XSHE,2021-02-05,2021-04-01,3800,7.320000,8.160000,3192.000000,0.114754,55
300478.XSHE,2021-02-10,2021-04-01,3700,7.130000,8.160000,3811.000000,0.144460,50
300478.XSHE,2021-02-22,2021-04-01,3300,8.120000,8.160000,132.000000,0.004926,38
300478.XSHE,2021-02-25,2021-04-01,3000,8.910000,8.160000,-2250.000000,-0.084175,35
300478.XSHE,2021-03-02,2021-04-01,1000,8.710000,8.160000,-550.000000,-0.063146,30
300478.XSHE,2021-03-05,2021-04-01,400,8.400000,8.160000,-96.000000,-0.028571,27
300478.XSHE,2021-03-10,2021-04-01,500,8.170000,8.160000,-5.000000,-0.001224,22
300478.XSHE,2021-03-18,2021-04-01,1000,8.520000,8.160000,-360.000000,-0.042254,14
300478.XSHE,2021-03-31,2021-04-01,900,8.240000,8.160000,-72.000000,-0.009709,1
600355.XSHG,2021-02-02,2021-04-01,9300,2.020000,2.260000,2232.000000,0.118812,58
600355.XSHG,2021-02-05,2021-04-01,14300,1.910000,2.260000,5005.000000,0.183246,55
600355.XSHG,2021-02-10,2021-04-01,14000,1.880000,2.260000,5320.000000,0.202128,50
600355.XSHG,2021-02-22,2021-04-01,13100,2.110000,2.260000,1965.000000,0.071090,38
600355.XSHG,2021-02-25,2021-04-01,14500,2.210000,2.260000,725.000000,0.022624,35
600355.XSHG,2021-03-02,2021-04-01,2800,2.200000,2.260000,168.000000,0.027273,30
600355.XSHG,2021-03-10,2021-04-01,1200,2.200000,2.260000,72.000000,0.027273,22
600355.XSHG,2021-03-15,2021-04-01,1300,2.150000,2.260000,143.000000,0.051163,17
600355.XSHG,2021-03-18,2021-04-01,700,2.240000,2.260000,14.000000,0.008929,14
600355.XSHG,2021-03-23,2021-04-01,300,2.270000,2.260000,-3.000000,-0.004405,9
600355.XSHG,2021-03-26,2021-04-01,1700,2.190000,2.260000,119.000000,0.031963,6
600778.XSHG,2021-02-25,2021-04-01,4800,3.560000,3.650000,432.000000,0.025281,35
600778.XSHG,2021-03-02,2021-04-01,300,3.650000,3.650000,0.000000,0.000000,30
600778.XSHG,2021-03-10,2021-04-01,9000,3.570000,3.650000,720.000000,0.022409,22
600778.XSHG,2021-03-15,2021-04-01,700,3.540000,3.650000,77.000000,0.031073,17
600778.XSHG,2021-03-23,2021-04-01,1800,3.750000,3.650000,-180.000000,-0.026667,9
600520.XSHG,2021-02-02,2021-04-01,4000,6.530000,6.830000,1200.000000,0.045942,58
600520.XSHG,2021-02-05,2021-04-01,200,6.180000,6.830000,130.000000,0.105178,55
600520.XSHG,2021-02-22,2021-04-01,4400,6.630000,6.830000,880.000000,0.030166,38
600520.XSHG,2021-02-25,2021-04-01,4400,6.990000,6.830000,-704.000000,-0.022890,35
600520.XSHG,2021-03-02,2021-04-01,400,7.060000,6.830000,-92.000000,-0.032578,30
600520.XSHG,2021-03-05,2021-04-01,4100,7.100000,6.830000,-1107.000000,-0.038028,27
600520.XSHG,2021-03-15,2021-04-01,4800,6.920000,6.830000,-432.000000,-0.013006,17
600520.XSHG,2021-03-18,2021-04-01,900,7.000000,6.830000,-153.000000,-0.024286,14
600520.XSHG,2021-03-23,2021-04-01,100,7.090000,6.830000,-26.000000,-0.036671,9
000502.XSHE,2021-03-10,2021-04-01,400,5.910000,6.120000,84.000000,0.035533,22
000502.XSHE,2021-03-15,2021-04-01,3000,6.040000,6.120000,240.000000,0.013245,17
000502.XSHE,2021-03-15,2021-04-01,1800,6.040000,6.120000,144.000000,0.013245,17
603029.XSHG,2021-02-25,2021-04-01,1700,11.360000,12.500000,1938.000000,0.100352,35
603029.XSHG,2021-03-02,2021-04-01,2800,11.640000,12.500000,2408.000000,0.073883,30
603029.XSHG,2021-03-05,2021-04-01,2200,11.660000,12.500000,1848.000000,0.072041,27
603029.XSHG,2021-03-10,2021-04-01,1800,11.690000,12.500000,1458.000000,0.069290,22
603029.XSHG,2021-03-15,2021-04-01,1300,11.490000,12.500000,1313.000000,0.087903,17
603029.XSHG,2021-03-18,2021-04-01,200,11.980000,12.500000,104.000000,0.043406,14
603029.XSHG,2021-03-23,2021-04-01,100,12.020000,12.500000,48.000000,0.039933,9
603269.XSHG,2021-03-18,2021-04-01,4400,10.210000,10.260000,220.000000,0.004897,14
603269.XSHG,2021-03-23,2021-04-01,1700,10.550000,10.260000,-493.000000,-0.027488,9
603269.XSHG,2021-03-26,2021-04-01,100,10.320000,10.260000,-6.000000,-0.005814,6
000609.XSHE,2021-03-23,2021-04-01,16900,3.910000,3.670000,-4056.000000,-0.061381,9
000609.XSHE,2021-03-26,2021-04-01,6900,4.110000,3.670000,-3036.000000,-0.107056,6
000609.XSHE,2021-03-31,2021-04-01,10800,3.650000,3.670000,216.000000,0.005479,1
002862.XSHE,2021-03-31,2021-04-01,3300,9.300000,9.590000,957.000000,0.031183,1
600561.XSHG,2021-03-31,2021-04-01,7400,4.030000,4.080000,370.000000,0.012407,1
511880.XSHG,2021-04-01,2021-05-06,15700,100.682000,100.881000,3124.300000,0.001977,35
600355.XSHG,2021-05-10,2021-05-24,5800,2.210000,2.730000,3016.000000,0.235294,14
300736.XSHE,2021-05-10,2021-05-26,1700,7.600000,10.300000,4590.000000,0.355263,16
300736.XSHE,2021-05-10,2021-05-31,2400,7.600000,11.300000,8880.000000,0.486842,21
300736.XSHE,2021-05-13,2021-05-31,1500,7.790000,11.300000,5265.000000,0.450578,18
300478.XSHE,2021-05-10,2021-05-31,300,8.340000,9.150000,243.000000,0.097122,21
600355.XSHG,2021-05-10,2021-05-31,8600,2.210000,2.660000,3870.000000,0.203620,21
600355.XSHG,2021-05-13,2021-05-31,4200,2.280000,2.660000,1596.000000,0.166667,18
300736.XSHE,2021-05-13,2021-06-03,2600,7.790000,11.750000,10296.000000,0.508344,21
300736.XSHE,2021-05-18,2021-06-03,500,8.170000,11.750000,1790.000000,0.438188,16
300478.XSHE,2021-05-10,2021-06-03,400,8.340000,9.450000,444.000000,0.133094,24
600355.XSHG,2021-05-13,2021-06-03,9400,2.280000,2.520000,2256.000000,0.105263,21
600355.XSHG,2021-05-18,2021-06-03,2500,2.280000,2.520000,600.000000,0.105263,16
603269.XSHG,2021-05-10,2021-06-03,100,10.210000,10.730000,52.000000,0.050930,24
600520.XSHG,2021-05-10,2021-06-04,1500,6.740000,7.850000,1665.000000,0.164688,25
300736.XSHE,2021-05-18,2021-06-08,3000,8.170000,12.720000,13650.000000,0.556916,21
300736.XSHE,2021-05-21,2021-06-08,100,8.840000,12.720000,388.000000,0.438914,18
600520.XSHG,2021-05-10,2021-06-08,3200,6.740000,7.860000,3584.000000,0.166172,29
600520.XSHG,2021-05-13,2021-06-08,1200,6.970000,7.860000,1068.000000,0.127690,26
600355.XSHG,2021-05-18,2021-06-08,11500,2.280000,2.570000,3335.000000,0.127193,21
600355.XSHG,2021-05-26,2021-06-08,2100,2.590000,2.570000,-42.000000,-0.007722,13
300736.XSHE,2021-05-21,2021-06-11,2800,8.840000,12.070000,9044.000000,0.365385,21
002633.XSHE,2021-05-10,2021-06-11,100,6.800000,7.080000,28.000000,0.041176,32
600768.XSHG,2021-05-10,2021-06-11,700,7.990000,8.880000,623.000000,0.111389,32
300478.XSHE,2021-05-10,2021-06-11,200,8.340000,9.780000,288.000000,0.172662,32
600561.XSHG,2021-05-21,2021-06-11,100,4.060000,4.230000,17.000000,0.041872,21
600778.XSHG,2021-06-08,2021-06-11,200,3.870000,4.100000,46.000000,0.059432,3
002633.XSHE,2021-05-10,2021-06-17,200,6.800000,7.020000,44.000000,0.032353,38
600520.XSHG,2021-05-13,2021-06-17,3200,6.970000,7.800000,2656.000000,0.119082,35
600520.XSHG,2021-05-18,2021-06-17,1400,6.900000,7.800000,1260.000000,0.130435,30
300478.XSHE,2021-05-10,2021-06-17,400,8.340000,9.850000,604.000000,0.181055,38
002633.XSHE,2021-05-10,2021-06-22,600,6.800000,7.270000,282.000000,0.069118,43
600520.XSHG,2021-05-18,2021-06-22,3300,6.900000,8.050000,3795.000000,0.166667,35
600520.XSHG,2021-05-21,2021-06-22,1300,6.940000,8.050000,1443.000000,0.159942,32
603029.XSHG,2021-05-10,2021-06-22,100,12.210000,12.910000,70.000000,0.057330,43
603269.XSHG,2021-05-10,2021-06-22,100,10.210000,11.020000,81.000000,0.079334,43
603389.XSHG,2021-05-26,2021-06-22,200,4.580000,4.360000,-44.000000,-0.048035,27
600520.XSHG,2021-05-21,2021-06-25,3500,6.940000,8.390000,5075.000000,0.208934,35
600520.XSHG,2021-05-26,2021-06-25,1000,7.080000,8.390000,1310.000000,0.185028,30
603029.XSHG,2021-05-10,2021-06-25,200,12.210000,13.190000,196.000000,0.080262,46
603269.XSHG,2021-05-10,2021-06-25,100,10.210000,11.200000,99.000000,0.096964,46
600561.XSHG,2021-05-21,2021-06-25,400,4.060000,4.250000,76.000000,0.046798,35
603389.XSHG,2021-05-26,2021-06-25,400,4.580000,4.440000,-56.000000,-0.030568,30
603389.XSHG,2021-05-26,2021-06-29,4300,4.580000,5.000000,1806.000000,0.091703,34
002633.XSHE,2021-05-10,2021-06-30,500,6.800000,7.510000,355.000000,0.104412,51
300478.XSHE,2021-05-10,2021-06-30,200,8.340000,9.330000,198.000000,0.118705,51
603389.XSHG,2021-05-26,2021-06-30,2300,4.580000,4.920000,782.000000,0.074236,35
603389.XSHG,2021-05-31,2021-06-30,4400,4.350000,4.920000,2508.000000,0.131034,30
600520.XSHG,2021-05-26,2021-07-01,200,7.080000,8.850000,354.000000,0.250000,36
600778.XSHG,2021-06-08,2021-07-02,4200,3.870000,4.620000,3150.000000,0.193798,24
600520.XSHG,2021-05-26,2021-07-05,3500,7.080000,8.420000,4690.000000,0.189266,40
600520.XSHG,2021-05-31,2021-07-05,200,7.180000,8.420000,248.000000,0.172702,35
600520.XSHG,2021-06-03,2021-07-05,100,7.220000,8.420000,120.000000,0.166205,32
600520.XSHG,2021-06-11,2021-07-05,300,7.830000,8.420000,177.000000,0.075351,24
603389.XSHG,2021-05-31,2021-07-05,3900,4.350000,4.830000,1872.000000,0.110345,35
603389.XSHG,2021-06-03,2021-07-05,2900,4.410000,4.830000,1218.000000,0.095238,32
600768.XSHG,2021-05-10,2021-07-08,100,7.990000,8.930000,94.000000,0.117647,59
300478.XSHE,2021-05-10,2021-07-08,2300,8.340000,10.710000,5451.000000,0.284173,59
300478.XSHE,2021-05-13,2021-07-08,3000,8.990000,10.710000,5160.000000,0.191324,56
603029.XSHG,2021-05-10,2021-07-08,100,12.210000,13.500000,129.000000,0.105651,59
603389.XSHG,2021-06-03,2021-07-08,4800,4.410000,4.950000,2592.000000,0.122449,35
603389.XSHG,2021-06-08,2021-07-08,2300,4.520000,4.950000,989.000000,0.095133,30
600778.XSHG,2021-06-08,2021-07-08,4500,3.870000,4.490000,2790.000000,0.160207,30
600778.XSHG,2021-06-17,2021-07-08,2300,3.970000,4.490000,1196.000000,0.130982,21
300478.XSHE,2021-05-13,2021-07-13,300,8.990000,10.620000,489.000000,0.181313,61
300478.XSHE,2021-05-18,2021-07-13,2800,8.800000,10.620000,5096.000000,0.206818,56
600778.XSHG,2021-06-17,2021-07-13,6500,3.970000,4.400000,2795.000000,0.108312,26
600778.XSHG,2021-06-22,2021-07-13,900,3.950000,4.400000,405.000000,0.113924,21
603029.XSHG,2021-05-10,2021-07-13,2200,12.210000,15.430000,7084.000000,0.263718,64
603029.XSHG,2021-05-13,2021-07-13,1600,12.310000,15.430000,4992.000000,0.253452,61
002633.XSHE,2021-05-10,2021-07-16,300,6.800000,7.600000,240.000000,0.117647,67
600768.XSHG,2021-05-10,2021-07-16,200,7.990000,8.990000,200.000000,0.125156,67
300478.XSHE,2021-05-18,2021-07-16,900,8.800000,10.770000,1773.000000,0.223864,59
300478.XSHE,2021-05-21,2021-07-16,3000,8.780000,10.770000,5970.000000,0.226651,56
603029.XSHG,2021-05-13,2021-07-16,1000,12.310000,13.540000,1230.000000,0.099919,64
603029.XSHG,2021-05-18,2021-07-16,700,12.110000,13.540000,1001.000000,0.118084,59
603813.XSHG,2021-05-10,2021-07-16,100,12.860000,13.490000,63.000000,0.048989,67
603269.XSHG,2021-05-10,2021-07-16,300,10.210000,10.840000,189.000000,0.061704,67
600561.XSHG,2021-05-21,2021-07-16,1100,4.060000,4.210000,165.000000,0.036946,56
600778.XSHG,2021-06-22,2021-07-16,7400,3.950000,4.400000,3330.000000,0.113924,24
600778.XSHG,2021-06-25,2021-07-16,1500,4.030000,4.400000,555.000000,0.091811,21
300478.XSHE,2021-05-21,2021-07-21,900,8.780000,10.000000,1098.000000,0.138952,61
300478.XSHE,2021-05-26,2021-07-21,2300,8.780000,10.000000,2806.000000,0.138952,56
603029.XSHG,2021-05-18,2021-07-21,2000,12.110000,13.970000,3720.000000,0.153592,64
603029.XSHG,2021-05-21,2021-07-21,1000,12.060000,13.970000,1910.000000,0.158375,61
603269.XSHG,2021-05-10,2021-07-21,100,10.210000,10.730000,52.000000,0.050930,72
600561.XSHG,2021-05-21,2021-07-21,800,4.060000,4.230000,136.000000,0.041872,61
600778.XSHG,2021-06-25,2021-07-21,7600,4.030000,4.380000,2660.000000,0.086849,26
600778.XSHG,2021-06-30,2021-07-21,200,4.040000,4.380000,68.000000,0.084158,21
600778.XSHG,2021-07-05,2021-07-21,600,4.510000,4.380000,-78.000000,-0.028825,16
603286.XSHG,2021-06-30,2021-07-21,2500,14.090000,14.560000,1175.000000,0.033357,21
600520.XSHG,2021-07-08,2021-07-21,1000,8.000000,8.120000,120.000000,0.015000,13
002633.XSHE,2021-05-10,2021-07-26,300,6.800000,7.370000,171.000000,0.083824,77
300478.XSHE,2021-05-26,2021-07-26,1800,8.780000,10.530000,3150.000000,0.199317,61
300478.XSHE,2021-06-08,2021-07-26,200,9.430000,10.530000,220.000000,0.116649,48
300478.XSHE,2021-06-22,2021-07-26,1100,9.320000,10.530000,1331.000000,0.129828,34
300478.XSHE,2021-06-25,2021-07-26,500,9.140000,10.530000,695.000000,0.152079,31
300478.XSHE,2021-07-05,2021-07-26,100,9.230000,10.530000,130.000000,0.140845,21
600561.XSHG,2021-05-21,2021-07-26,400,4.060000,4.290000,92.000000,0.056650,66
600520.XSHG,2021-07-08,2021-07-26,600,8.000000,8.570000,342.000000,0.071250,18
600561.XSHG,2021-05-21,2021-07-29,800,4.060000,4.140000,64.000000,0.019704,69
600520.XSHG,2021-07-08,2021-07-29,3000,8.000000,8.190000,570.000000,0.023750,21
600520.XSHG,2021-07-13,2021-07-29,1300,8.110000,8.190000,104.000000,0.009864,16
002633.XSHE,2021-05-10,2021-08-03,400,6.800000,7.250000,180.000000,0.066176,85
600768.XSHG,2021-05-10,2021-08-03,600,7.990000,9.020000,618.000000,0.128911,85
603029.XSHG,2021-05-21,2021-08-03,300,12.060000,14.090000,609.000000,0.168325,74
000702.XSHE,2021-07-05,2021-08-03,200,4.780000,4.350000,-86.000000,-0.089958,29
600520.XSHG,2021-07-13,2021-08-03,100,8.110000,8.660000,55.000000,0.067818,21
600520.XSHG,2021-07-16,2021-08-03,4200,7.640000,8.660000,4284.000000,0.133508,18
603029.XSHG,2021-05-21,2021-08-06,500,12.060000,15.790000,1865.000000,0.309287,77
603389.XSHG,2021-06-08,2021-08-06,300,4.520000,4.750000,69.000000,0.050885,59
600520.XSHG,2021-07-16,2021-08-06,4200,7.640000,8.350000,2982.000000,0.092932,21
002633.XSHE,2021-05-10,2021-08-11,600,6.800000,7.720000,552.000000,0.135294,93
600768.XSHG,2021-05-10,2021-08-11,100,7.990000,9.410000,142.000000,0.177722,93
002830.XSHE,2021-07-05,2021-08-11,200,9.450000,9.630000,36.000000,0.019048,37
002633.XSHE,2021-05-10,2021-08-16,200,6.800000,7.860000,212.000000,0.155882,98
603029.XSHG,2021-05-21,2021-08-16,1000,12.060000,14.720000,2660.000000,0.220564,87
603029.XSHG,2021-05-26,2021-08-16,1300,12.240000,14.720000,3224.000000,0.202614,82
603813.XSHG,2021-05-10,2021-08-16,100,12.860000,13.260000,40.000000,0.031104,98
603389.XSHG,2021-06-08,2021-08-16,4800,4.520000,4.990000,2256.000000,0.103982,69
603389.XSHG,2021-06-11,2021-08-16,3300,4.410000,4.990000,1914.000000,0.131519,66
603029.XSHG,2021-05-26,2021-08-19,1500,12.240000,14.120000,2820.000000,0.153595,85
603029.XSHG,2021-05-31,2021-08-19,100,12.360000,14.120000,176.000000,0.142395,80
603029.XSHG,2021-06-03,2021-08-19,100,12.410000,14.120000,171.000000,0.137792,77
603029.XSHG,2021-06-11,2021-08-19,100,12.740000,14.120000,138.000000,0.108320,69
603029.XSHG,2021-07-05,2021-08-19,300,12.840000,14.120000,384.000000,0.099688,45
603029.XSHG,2021-07-26,2021-08-19,200,13.470000,14.120000,130.000000,0.048255,24
603029.XSHG,2021-08-11,2021-08-19,300,15.080000,14.120000,-288.000000,-0.063660,8
603269.XSHG,2021-05-10,2021-08-19,200,10.210000,11.060000,170.000000,0.083252,101
600561.XSHG,2021-05-21,2021-08-19,1400,4.060000,4.390000,462.000000,0.081281,90
603389.XSHG,2021-06-11,2021-08-19,5900,4.410000,4.870000,2714.000000,0.104308,69
603389.XSHG,2021-06-11,2021-08-19,200,4.410000,4.870000,92.000000,0.104308,69
603389.XSHG,2021-06-17,2021-08-19,500,4.290000,4.870000,290.000000,0.135198,63
603389.XSHG,2021-07-13,2021-08-19,300,4.890000,4.870000,-6.000000,-0.004090,37
002830.XSHE,2021-07-05,2021-08-19,3500,9.450000,10.000000,1925.000000,0.058201,45
002830.XSHE,2021-07-08,2021-08-19,800,9.690000,10.000000,248.000000,0.031992,42
600455.XSHG,2021-05-10,2021-08-24,200,17.500000,18.550000,210.000000,0.060000,106
600561.XSHG,2021-05-21,2021-08-24,2900,4.060000,4.650000,1711.000000,0.145320,95
600561.XSHG,2021-05-26,2021-08-24,7000,4.080000,4.650000,3990.000000,0.139706,90
002830.XSHE,2021-07-08,2021-08-24,3100,9.690000,10.000000,961.000000,0.031992,47
002830.XSHE,2021-07-16,2021-08-24,100,9.460000,10.000000,54.000000,0.057082,39
002830.XSHE,2021-07-21,2021-08-24,400,9.410000,10.000000,236.000000,0.062699,34
002633.XSHE,2021-05-10,2021-08-27,300,6.800000,8.300000,450.000000,0.220588,109
600561.XSHG,2021-05-26,2021-08-27,1300,4.080000,4.850000,1001.000000,0.188725,93
600561.XSHG,2021-05-31,2021-08-27,7300,4.090000,4.850000,5548.000000,0.185819,88
603389.XSHG,2021-07-13,2021-08-27,200,4.890000,5.320000,86.000000,0.087935,45
603389.XSHG,2021-07-16,2021-08-27,100,4.700000,5.320000,62.000000,0.131915,42
603389.XSHG,2021-07-21,2021-08-27,7700,4.660000,5.320000,5082.000000,0.141631,37
603389.XSHG,2021-07-26,2021-08-27,400,4.720000,5.320000,240.000000,0.127119,32
002830.XSHE,2021-07-21,2021-08-27,3400,9.410000,10.420000,3434.000000,0.107333,37
002830.XSHE,2021-08-03,2021-08-27,500,9.290000,10.420000,565.000000,0.121636,24
603269.XSHG,2021-05-10,2021-09-01,300,10.210000,11.750000,462.000000,0.150833,114
600561.XSHG,2021-05-31,2021-09-01,1300,4.090000,5.060000,1261.000000,0.237164,93
600561.XSHG,2021-06-03,2021-09-01,7400,4.090000,5.060000,7178.000000,0.237164,90
603389.XSHG,2021-07-26,2021-09-01,7000,4.720000,5.230000,3570.000000,0.108051,37
603389.XSHG,2021-07-26,2021-09-01,100,4.720000,5.230000,51.000000,0.108051,37
603389.XSHG,2021-07-29,2021-09-01,200,4.460000,5.230000,154.000000,0.172646,34
002830.XSHE,2021-08-03,2021-09-01,3200,9.290000,10.290000,3200.000000,0.107643,29
002830.XSHE,2021-08-06,2021-09-01,500,9.220000,10.290000,535.000000,0.116052,26
600493.XSHG,2021-08-19,2021-09-01,500,4.660000,4.970000,155.000000,0.066524,13
600493.XSHG,2021-08-24,2021-09-01,500,4.690000,4.970000,140.000000,0.059701,8
603813.XSHG,2021-05-10,2021-09-06,200,12.860000,14.050000,238.000000,0.092535,119
600561.XSHG,2021-06-03,2021-09-06,1200,4.090000,4.990000,1080.000000,0.220049,95
600561.XSHG,2021-06-08,2021-09-06,6400,4.130000,4.990000,5504.000000,0.208232,90
002830.XSHE,2021-08-06,2021-09-06,500,9.220000,10.500000,640.000000,0.138829,31
002830.XSHE,2021-08-06,2021-09-06,3300,9.220000,10.500000,4224.000000,0.138829,31
002830.XSHE,2021-08-16,2021-09-06,100,9.650000,10.500000,85.000000,0.088083,21
000702.XSHE,2021-07-05,2021-09-06,200,4.780000,4.620000,-32.000000,-0.033473,63
600493.XSHG,2021-08-24,2021-09-06,8200,4.690000,5.080000,3198.000000,0.083156,13
603269.XSHG,2021-05-10,2021-09-09,1900,10.210000,12.400000,4161.000000,0.214496,122
603269.XSHG,2021-05-13,2021-09-09,1700,10.310000,12.400000,3553.000000,0.202716,119
600561.XSHG,2021-06-08,2021-09-09,2100,4.130000,5.460000,2793.000000,0.322034,93
600561.XSHG,2021-06-17,2021-09-09,200,4.140000,5.460000,264.000000,0.318841,84
600561.XSHG,2021-06-22,2021-09-09,100,4.170000,5.460000,129.000000,0.309353,79
600561.XSHG,2021-06-30,2021-09-09,600,4.190000,5.460000,762.000000,0.303103,71
600561.XSHG,2021-07-05,2021-09-09,700,4.130000,5.460000,931.000000,0.322034,66
600561.XSHG,2021-07-08,2021-09-09,800,4.210000,5.460000,1000.000000,0.296912,63
600561.XSHG,2021-07-13,2021-09-09,1000,4.230000,5.460000,1230.000000,0.290780,58
600561.XSHG,2021-08-03,2021-09-09,1700,4.060000,5.460000,2380.000000,0.344828,37
600561.XSHG,2021-08-03,2021-09-09,500,4.060000,5.460000,700.000000,0.344828,37
600561.XSHG,2021-08-06,2021-09-09,100,4.100000,5.460000,136.000000,0.331707,34
600561.XSHG,2021-08-16,2021-09-09,200,4.240000,5.460000,244.000000,0.287736,24
600493.XSHG,2021-08-24,2021-09-09,7700,4.690000,5.250000,4312.000000,0.119403,16
600768.XSHG,2021-05-10,2021-09-09,500,7.990000,9.680000,845.000000,0.211514,122
603389.XSHG,2021-07-29,2021-09-09,300,4.460000,5.710000,375.000000,0.280269,42
603269.XSHG,2021-05-13,2021-09-14,1400,10.310000,12.500000,3066.000000,0.212415,124
603269.XSHG,2021-05-18,2021-09-14,2200,10.200000,12.500000,5060.000000,0.225490,119
603389.XSHG,2021-07-29,2021-09-14,200,4.460000,5.750000,258.000000,0.289238,47
603389.XSHG,2021-07-29,2021-09-14,6600,4.460000,5.750000,8514.000000,0.289238,47
603389.XSHG,2021-08-03,2021-09-14,300,4.640000,5.750000,333.000000,0.239224,42
603389.XSHG,2021-08-11,2021-09-14,100,4.850000,5.750000,90.000000,0.185567,34
000702.XSHE,2021-07-05,2021-09-14,600,4.780000,4.730000,-30.000000,-0.010460,71
600493.XSHG,2021-08-24,2021-09-14,1200,4.690000,5.400000,852.000000,0.151386,21
600493.XSHG,2021-08-27,2021-09-14,7000,4.800000,5.400000,4200.000000,0.125000,18
600455.XSHG,2021-05-10,2021-09-17,300,17.500000,20.280000,834.000000,0.158857,130
603269.XSHG,2021-05-18,2021-09-17,1000,10.200000,12.600000,2400.000000,0.235294,122
603269.XSHG,2021-05-21,2021-09-17,2300,10.250000,12.600000,5405.000000,0.229268,119
000702.XSHE,2021-07-05,2021-09-17,100,4.780000,4.730000,-5.000000,-0.010460,74
600493.XSHG,2021-08-27,2021-09-17,7500,4.800000,5.360000,4200.000000,0.116667,21
002836.XSHE,2021-08-27,2021-09-17,1300,8.310000,8.580000,351.000000,0.032491,21
002836.XSHE,2021-09-01,2021-09-17,3400,8.330000,8.580000,850.000000,0.030012,16
002633.XSHE,2021-05-10,2021-09-24,100,6.800000,7.810000,101.000000,0.148529,137
600455.XSHG,2021-05-10,2021-09-24,100,17.500000,20.200000,270.000000,0.154286,137
603813.XSHG,2021-05-10,2021-09-24,100,12.860000,14.130000,127.000000,0.098756,137
603269.XSHG,2021-05-21,2021-09-24,900,10.250000,12.360000,1899.000000,0.205854,126
603269.XSHG,2021-05-26,2021-09-24,2200,10.430000,12.360000,4246.000000,0.185043,121
000702.XSHE,2021-07-05,2021-09-24,100,4.780000,4.690000,-9.000000,-0.018828,81
002836.XSHE,2021-09-01,2021-09-24,4700,8.330000,8.540000,987.000000,0.025210,23
603269.XSHG,2021-05-26,2021-09-29,1000,10.430000,11.460000,1030.000000,0.098754,126
603269.XSHG,2021-05-31,2021-09-29,300,10.470000,11.460000,297.000000,0.094556,121
603269.XSHG,2021-06-08,2021-09-29,100,10.750000,11.460000,71.000000,0.066047,113
603269.XSHG,2021-06-30,2021-09-29,700,10.640000,11.460000,574.000000,0.077068,91
603269.XSHG,2021-07-05,2021-09-29,100,10.630000,11.460000,83.000000,0.078081,86
603269.XSHG,2021-07-08,2021-09-29,300,10.860000,11.460000,180.000000,0.055249,83
603269.XSHG,2021-07-13,2021-09-29,300,10.900000,11.460000,168.000000,0.051376,78
603269.XSHG,2021-07-26,2021-09-29,100,10.690000,11.460000,77.000000,0.072030,65
603269.XSHG,2021-07-29,2021-09-29,100,10.050000,11.460000,141.000000,0.140299,62
603269.XSHG,2021-08-11,2021-09-29,100,10.760000,11.460000,70.000000,0.065056,49
603269.XSHG,2021-09-06,2021-09-29,200,11.660000,11.460000,-40.000000,-0.017153,23
000702.XSHE,2021-07-05,2021-09-29,900,4.780000,4.460000,-288.000000,-0.066946,86
603709.XSHG,2021-09-01,2021-09-29,500,16.310000,15.990000,-160.000000,-0.019620,28
603709.XSHG,2021-09-06,2021-09-29,2100,16.640000,15.990000,-1365.000000,-0.039062,23
600455.XSHG,2021-05-10,2021-10-11,300,17.500000,20.340000,852.000000,0.162286,154
000702.XSHE,2021-07-05,2021-10-11,200,4.780000,4.720000,-12.000000,-0.012552,98
002417.XSHE,2021-08-27,2021-10-11,1100,4.880000,4.710000,-187.000000,-0.034836,45
002633.XSHE,2021-05-10,2021-10-14,100,6.800000,7.550000,75.000000,0.110294,157
603813.XSHG,2021-05-10,2021-10-14,500,12.860000,14.200000,670.000000,0.104199,157
000702.XSHE,2021-07-05,2021-10-14,400,4.780000,4.710000,-28.000000,-0.014644,101
002417.XSHE,2021-08-27,2021-10-14,700,4.880000,4.730000,-105.000000,-0.030738,48
300478.XSHE,2021-08-11,2021-10-19,200,9.500000,8.740000,-152.000000,-0.080000,69
300478.XSHE,2021-08-16,2021-10-19,500,9.540000,8.740000,-400.000000,-0.083857,64
603709.XSHG,2021-09-06,2021-10-19,2100,16.640000,15.950000,-1449.000000,-0.041466,43
603709.XSHG,2021-09-09,2021-10-19,200,16.850000,15.950000,-180.000000,-0.053412,40
603286.XSHG,2021-09-17,2021-10-19,800,15.680000,15.350000,-264.000000,-0.021046,32
603286.XSHG,2021-09-24,2021-10-19,1600,15.930000,15.350000,-928.000000,-0.036409,25
603286.XSHG,2021-10-11,2021-10-19,100,15.490000,15.350000,-14.000000,-0.009038,8
000702.XSHE,2021-07-05,2021-10-22,500,4.780000,4.600000,-90.000000,-0.037657,109
300478.XSHE,2021-08-16,2021-10-22,200,9.540000,8.550000,-198.000000,-0.103774,67
603709.XSHG,2021-09-09,2021-10-22,2400,16.850000,15.760000,-2616.000000,-0.064688,43
603709.XSHG,2021-09-14,2021-10-22,100,16.940000,15.760000,-118.000000,-0.069658,38
002633.XSHE,2021-05-10,2021-10-27,100,6.800000,7.150000,35.000000,0.051471,170
300478.XSHE,2021-08-16,2021-10-27,500,9.540000,8.540000,-500.000000,-0.104822,72
603709.XSHG,2021-09-14,2021-10-27,100,16.940000,15.560000,-138.000000,-0.081464,43
603709.XSHG,2021-09-14,2021-11-01,2000,16.940000,15.020000,-3840.000000,-0.113341,48
603709.XSHG,2021-09-17,2021-11-01,200,16.830000,15.020000,-362.000000,-0.107546,45
300478.XSHE,2021-08-16,2021-11-01,5900,9.540000,9.750000,1239.000000,0.022013,77
600455.XSHG,2021-05-10,2021-11-02,200,17.500000,19.500000,400.000000,0.114286,176
300478.XSHE,2021-08-16,2021-11-04,700,9.540000,9.460000,-56.000000,-0.008386,80
300478.XSHE,2021-08-19,2021-11-04,2700,9.150000,9.460000,837.000000,0.033880,77
603709.XSHG,2021-09-17,2021-11-04,2200,16.830000,15.210000,-3564.000000,-0.096257,48
603709.XSHG,2021-10-11,2021-11-04,300,16.110000,15.210000,-270.000000,-0.055866,24
600520.XSHG,2021-09-24,2021-11-04,300,8.450000,7.550000,-270.000000,-0.106509,41
600455.XSHG,2021-05-10,2021-11-04,700,17.500000,20.910000,2387.000000,0.194857,178
600455.XSHG,2021-05-13,2021-11-04,1500,18.050000,20.910000,4290.000000,0.158449,175
600768.XSHG,2021-05-10,2021-11-09,300,7.990000,8.430000,132.000000,0.055069,183
600455.XSHG,2021-05-13,2021-11-09,200,18.050000,20.530000,496.000000,0.137396,180
600455.XSHG,2021-05-18,2021-11-09,1400,17.430000,20.530000,4340.000000,0.177854,175
603813.XSHG,2021-05-10,2021-11-09,100,12.860000,13.370000,51.000000,0.039658,183
000702.XSHE,2021-07-05,2021-11-09,600,4.780000,4.600000,-108.000000,-0.037657,127
002417.XSHE,2021-08-27,2021-11-09,100,4.880000,4.370000,-51.000000,-0.104508,74
603029.XSHG,2021-09-06,2021-11-09,300,14.190000,12.660000,-459.000000,-0.107822,64
600520.XSHG,2021-09-24,2021-11-09,1100,8.450000,7.850000,-660.000000,-0.071006,46
600520.XSHG,2021-09-29,2021-11-09,4300,7.690000,7.850000,688.000000,0.020806,41
002633.XSHE,2021-05-10,2021-11-12,400,6.800000,7.480000,272.000000,0.100000,186
600455.XSHG,2021-05-18,2021-11-12,600,17.430000,20.750000,1992.000000,0.190476,178
600455.XSHG,2021-05-21,2021-11-12,1200,17.590000,20.750000,3792.000000,0.179648,175
002417.XSHE,2021-08-27,2021-11-12,1500,4.880000,4.630000,-375.000000,-0.051230,77
600520.XSHG,2021-09-29,2021-11-12,4900,7.690000,8.050000,1764.000000,0.046814,44
600455.XSHG,2021-05-21,2021-11-17,600,17.590000,21.320000,2238.000000,0.212052,180
600455.XSHG,2021-05-26,2021-11-17,1300,17.880000,21.320000,4472.000000,0.192394,175
000702.XSHE,2021-07-05,2021-11-17,200,4.780000,4.780000,0.000000,0.000000,135
002417.XSHE,2021-08-27,2021-11-17,600,4.880000,4.790000,-54.000000,-0.018443,82
600520.XSHG,2021-09-29,2021-11-17,100,7.690000,8.430000,74.000000,0.096229,49
600520.XSHG,2021-10-14,2021-11-17,800,7.950000,8.430000,384.000000,0.060377,34
600520.XSHG,2021-10-19,2021-11-17,4200,7.860000,8.430000,2394.000000,0.072519,29
600768.XSHG,2021-05-10,2021-11-22,200,7.990000,8.970000,196.000000,0.122653,196
600455.XSHG,2021-05-26,2021-11-22,600,17.880000,21.700000,2292.000000,0.213647,180
600455.XSHG,2021-05-31,2021-11-22,100,18.060000,21.700000,364.000000,0.201550,175
600455.XSHG,2021-06-08,2021-11-22,100,18.300000,21.700000,340.000000,0.185792,167
600455.XSHG,2021-06-17,2021-11-22,100,18.300000,21.700000,340.000000,0.185792,158
600455.XSHG,2021-06-25,2021-11-22,200,18.120000,21.700000,716.000000,0.197572,150
600455.XSHG,2021-06-30,2021-11-22,200,17.890000,21.700000,762.000000,0.212968,145
600455.XSHG,2021-07-05,2021-11-22,100,17.670000,21.700000,403.000000,0.228070,140
600455.XSHG,2021-07-08,2021-11-22,200,18.040000,21.700000,732.000000,0.202882,137
600455.XSHG,2021-07-26,2021-11-22,100,17.590000,21.700000,411.000000,0.233655,119
600455.XSHG,2021-08-03,2021-11-22,100,17.070000,21.700000,463.000000,0.271236,111
600455.XSHG,2021-08-06,2021-11-22,100,17.100000,21.700000,460.000000,0.269006,108
002417.XSHE,2021-08-27,2021-11-22,4000,4.880000,4.980000,400.000000,0.020492,87
002417.XSHE,2021-09-01,2021-11-22,4900,4.780000,4.980000,980.000000,0.041841,82
600520.XSHG,2021-10-19,2021-11-22,4800,7.860000,8.650000,3792.000000,0.100509,34
002830.XSHE,2021-11-09,2021-11-22,1300,9.160000,9.680000,676.000000,0.056769,13
002633.XSHE,2021-05-10,2021-11-25,200,6.800000,7.830000,206.000000,0.151471,199
600768.XSHG,2021-05-10,2021-11-25,800,7.990000,9.430000,1152.000000,0.180225,199
000702.XSHE,2021-07-05,2021-11-25,600,4.780000,4.950000,102.000000,0.035565,143
300478.XSHE,2021-08-19,2021-11-25,400,9.150000,10.320000,468.000000,0.127869,98
600520.XSHG,2021-10-19,2021-11-25,1000,7.860000,8.870000,1010.000000,0.128499,37
600520.XSHG,2021-10-22,2021-11-25,3100,7.560000,8.870000,4061.000000,0.173280,34
600520.XSHG,2021-10-27,2021-11-25,100,7.330000,8.870000,154.000000,0.210095,29
600520.XSHG,2021-11-01,2021-11-25,500,7.300000,8.870000,785.000000,0.215068,24
603389.XSHG,2021-11-12,2021-11-25,100,4.960000,5.280000,32.000000,0.064516,13
603389.XSHG,2021-11-22,2021-11-25,7800,5.100000,5.280000,1404.000000,0.035294,3
002633.XSHE,2021-05-10,2021-11-30,200,6.800000,7.720000,184.000000,0.135294,204
600768.XSHG,2021-05-10,2021-11-30,400,7.990000,9.460000,588.000000,0.183980,204
600768.XSHG,2021-05-13,2021-11-30,100,8.240000,9.460000,122.000000,0.148058,201
300478.XSHE,2021-08-19,2021-11-30,3900,9.150000,10.030000,3432.000000,0.096175,103
002633.XSHE,2021-05-13,2021-12-03,200,6.810000,7.950000,228.000000,0.167401,204
603813.XSHG,2021-05-10,2021-12-03,200,12.860000,14.200000,268.000000,0.104199,207
300478.XSHE,2021-08-19,2021-12-03,4400,9.150000,10.790000,7216.000000,0.179235,106
002209.XSHE,2021-10-19,2021-12-03,100,6.450000,6.370000,-8.000000,-0.012403,45
002209.XSHE,2021-10-22,2021-12-03,200,6.120000,6.370000,50.000000,0.040850,42
002830.XSHE,2021-11-09,2021-12-03,3300,9.160000,9.920000,2508.000000,0.082969,24
002830.XSHE,2021-11-12,2021-12-03,1000,9.360000,9.920000,560.000000,0.059829,21
300478.XSHE,2021-08-19,2021-12-08,1100,9.150000,10.260000,1221.000000,0.121311,111
300478.XSHE,2021-08-27,2021-12-08,300,9.400000,10.260000,258.000000,0.091489,103
300478.XSHE,2021-09-09,2021-12-08,300,9.720000,10.260000,162.000000,0.055556,90
300478.XSHE,2021-09-14,2021-12-08,600,9.250000,10.260000,606.000000,0.109189,85
300478.XSHE,2021-09-17,2021-12-08,300,9.120000,10.260000,342.000000,0.125000,82
300478.XSHE,2021-09-29,2021-12-08,300,8.260000,10.260000,600.000000,0.242131,70
300478.XSHE,2021-10-14,2021-12-08,400,8.450000,10.260000,724.000000,0.214201,55
300478.XSHE,2021-11-09,2021-12-08,400,9.200000,10.260000,424.000000,0.115217,29
002417.XSHE,2021-09-01,2021-12-08,400,4.780000,4.760000,-8.000000,-0.004184,98
002830.XSHE,2021-11-12,2021-12-08,3400,9.360000,9.880000,1768.000000,0.055556,26
002830.XSHE,2021-11-17,2021-12-08,900,9.570000,9.880000,279.000000,0.032393,21
002205.XSHE,2021-11-22,2021-12-08,2100,7.000000,7.090000,189.000000,0.012857,16
002205.XSHE,2021-11-25,2021-12-08,4200,7.110000,7.090000,-84.000000,-0.002813,13
603813.XSHG,2021-05-10,2021-12-13,800,12.860000,14.980000,1696.000000,0.164852,217
300478.XSHE,2021-11-12,2021-12-13,200,9.280000,10.520000,248.000000,0.133621,31
300478.XSHE,2021-11-22,2021-12-13,3800,9.900000,10.520000,2356.000000,0.062626,21
002209.XSHE,2021-10-22,2021-12-13,300,6.120000,6.490000,111.000000,0.060458,52
002205.XSHE,2021-11-25,2021-12-13,1600,7.110000,7.850000,1184.000000,0.104079,18
002205.XSHE,2021-11-30,2021-12-13,4800,7.200000,7.850000,3120.000000,0.090278,13
600561.XSHG,2021-11-22,2021-12-13,100,4.560000,4.780000,22.000000,0.048246,21
600561.XSHG,2021-11-25,2021-12-13,100,4.680000,4.780000,10.000000,0.021368,18
600561.XSHG,2021-12-03,2021-12-13,4000,4.750000,4.780000,120.000000,0.006316,10
600561.XSHG,2021-12-08,2021-12-13,4200,4.660000,4.780000,504.000000,0.025751,5
603813.XSHG,2021-05-10,2021-12-14,300,12.860000,16.260000,1020.000000,0.264386,218
603813.XSHG,2021-05-13,2021-12-14,700,12.880000,16.260000,2366.000000,0.262422,215
603813.XSHG,2021-05-13,2021-12-16,1800,12.880000,15.570000,4842.000000,0.208851,217
603813.XSHG,2021-05-18,2021-12-16,400,13.180000,15.570000,956.000000,0.181335,212
002417.XSHE,2021-09-01,2021-12-16,300,4.780000,4.840000,18.000000,0.012552,106
002830.XSHE,2021-11-17,2021-12-16,900,9.570000,10.810000,1116.000000,0.129572,29
002205.XSHE,2021-11-30,2021-12-16,400,7.200000,7.630000,172.000000,0.059722,16
002205.XSHE,2021-12-03,2021-12-16,4700,7.030000,7.630000,2820.000000,0.085349,13
600561.XSHG,2021-12-08,2021-12-16,100,4.660000,4.830000,17.000000,0.036481,8
603813.XSHG,2021-05-18,2021-12-21,1900,13.180000,17.380000,7980.000000,0.318665,217
603813.XSHG,2021-05-21,2021-12-21,1400,13.020000,17.380000,6104.000000,0.334869,214
002417.XSHE,2021-09-01,2021-12-21,600,4.780000,5.060000,168.000000,0.058577,111
002830.XSHE,2021-11-17,2021-12-21,3600,9.570000,10.520000,3420.000000,0.099269,34
002205.XSHE,2021-12-03,2021-12-21,100,7.030000,7.950000,92.000000,0.130868,18
002633.XSHE,2021-05-13,2021-12-24,200,6.810000,8.130000,264.000000,0.193833,225
603813.XSHG,2021-05-21,2021-12-24,1300,13.020000,17.910000,6357.000000,0.375576,217
603813.XSHG,2021-05-26,2021-12-24,1300,13.240000,17.910000,6071.000000,0.352719,212
000702.XSHE,2021-07-05,2021-12-24,600,4.780000,4.900000,72.000000,0.025105,172
002209.XSHE,2021-10-22,2021-12-24,200,6.120000,6.660000,108.000000,0.088235,63
002205.XSHE,2021-12-03,2021-12-24,5500,7.030000,7.870000,4620.000000,0.119488,21
600778.XSHG,2021-12-08,2021-12-24,3200,4.210000,4.450000,768.000000,0.057007,16
600778.XSHG,2021-12-13,2021-12-24,6300,4.290000,4.450000,1008.000000,0.037296,11
600778.XSHG,2021-12-13,2021-12-27,2100,4.290000,4.700000,861.000000,0.095571,14
002633.XSHE,2021-05-13,2021-12-29,200,6.810000,8.320000,302.000000,0.221733,230
603813.XSHG,2021-05-26,2021-12-29,1200,13.240000,17.560000,5184.000000,0.326284,217
603813.XSHG,2021-05-31,2021-12-29,100,13.450000,17.560000,411.000000,0.305576,212
603813.XSHG,2021-06-08,2021-12-29,400,13.430000,17.560000,1652.000000,0.307520,204
603813.XSHG,2021-06-11,2021-12-29,100,13.520000,17.560000,404.000000,0.298817,201
603813.XSHG,2021-06-30,2021-12-29,200,13.350000,17.560000,842.000000,0.315356,182
603813.XSHG,2021-07-05,2021-12-29,100,13.360000,17.560000,420.000000,0.314371,177
603813.XSHG,2021-07-08,2021-12-29,200,13.620000,17.560000,788.000000,0.289280,174
000702.XSHE,2021-07-05,2021-12-29,400,4.780000,5.020000,96.000000,0.050209,177
002209.XSHE,2021-10-22,2021-12-29,500,6.120000,6.890000,385.000000,0.125817,68
603709.XSHG,2021-11-09,2021-12-29,2400,15.270000,17.250000,4752.000000,0.129666,50
603709.XSHG,2021-11-12,2021-12-29,200,15.630000,17.250000,324.000000,0.103647,47
600561.XSHG,2021-12-08,2021-12-29,8700,4.660000,5.030000,3219.000000,0.079399,21
600778.XSHG,2021-12-13,2021-12-29,8200,4.290000,4.610000,2624.000000,0.074592,16
002633.XSHE,2021-05-13,2022-01-04,4200,6.810000,8.560000,7350.000000,0.256975,236
002633.XSHE,2021-05-18,2022-01-04,4700,6.780000,8.560000,8366.000000,0.262537,231
002633.XSHE,2021-05-21,2022-01-04,4900,6.800000,8.560000,8624.000000,0.258824,228
002633.XSHE,2021-05-26,2022-01-04,5500,6.750000,8.560000,9955.000000,0.268148,223
002633.XSHE,2021-06-03,2022-01-04,100,6.940000,8.560000,162.000000,0.233429,215
002633.XSHE,2021-06-08,2022-01-04,500,6.890000,8.560000,835.000000,0.242380,210
002633.XSHE,2021-07-05,2022-01-04,700,7.280000,8.560000,896.000000,0.175824,183
002633.XSHE,2021-07-13,2022-01-04,100,7.690000,8.560000,87.000000,0.113134,175
002633.XSHE,2021-07-21,2022-01-04,800,7.220000,8.560000,1072.000000,0.185596,167
002633.XSHE,2021-07-29,2022-01-04,200,6.840000,8.560000,344.000000,0.251462,159
002633.XSHE,2021-07-29,2022-01-04,200,6.840000,8.560000,344.000000,0.251462,159
002633.XSHE,2021-08-19,2022-01-04,100,7.790000,8.560000,77.000000,0.098845,138
002633.XSHE,2021-09-01,2022-01-04,600,8.040000,8.560000,312.000000,0.064677,125
002633.XSHE,2021-09-06,2022-01-04,400,7.990000,8.560000,228.000000,0.071339,120
002633.XSHE,2021-09-14,2022-01-04,800,7.800000,8.560000,608.000000,0.097436,112
002633.XSHE,2021-09-17,2022-01-04,100,7.830000,8.560000,73.000000,0.093231,109
002633.XSHE,2021-09-29,2022-01-04,100,7.090000,8.560000,147.000000,0.207334,97
002633.XSHE,2021-11-04,2022-01-04,1100,7.080000,8.560000,1628.000000,0.209040,61
002633.XSHE,2021-11-22,2022-01-04,500,7.620000,8.560000,470.000000,0.123360,43
002633.XSHE,2021-12-16,2022-01-04,500,7.920000,8.560000,320.000000,0.080808,19
002633.XSHE,2021-12-21,2022-01-04,500,8.030000,8.560000,265.000000,0.066002,14
600768.XSHG,2021-05-13,2022-01-04,3700,8.240000,9.560000,4884.000000,0.160194,236
600768.XSHG,2021-05-18,2022-01-04,4100,8.120000,9.560000,5904.000000,0.177340,231
600768.XSHG,2021-05-21,2022-01-04,4100,8.080000,9.560000,6068.000000,0.183168,228
600768.XSHG,2021-05-26,2022-01-04,4200,8.220000,9.560000,5628.000000,0.163017,223
600768.XSHG,2021-06-03,2022-01-04,100,8.420000,9.560000,114.000000,0.135392,215
600768.XSHG,2021-06-08,2022-01-04,400,8.410000,9.560000,460.000000,0.136742,210
600768.XSHG,2021-06-17,2022-01-04,100,8.700000,9.560000,86.000000,0.098851,201
600768.XSHG,2021-06-22,2022-01-04,200,8.670000,9.560000,178.000000,0.102653,196
600768.XSHG,2021-06-30,2022-01-04,600,8.500000,9.560000,636.000000,0.124706,188
600768.XSHG,2021-08-19,2022-01-04,100,9.400000,9.560000,16.000000,0.017021,138
600768.XSHG,2021-08-27,2022-01-04,200,9.480000,9.560000,16.000000,0.008439,130
600768.XSHG,2021-08-27,2022-01-04,500,9.480000,9.560000,40.000000,0.008439,130
600768.XSHG,2021-09-01,2022-01-04,800,9.150000,9.560000,328.000000,0.044809,125
600768.XSHG,2021-09-06,2022-01-04,100,9.180000,9.560000,38.000000,0.041394,120
600768.XSHG,2021-09-17,2022-01-04,900,9.160000,9.560000,360.000000,0.043668,109
600768.XSHG,2021-09-24,2022-01-04,200,8.980000,9.560000,116.000000,0.064588,102
600768.XSHG,2021-10-14,2022-01-04,100,8.410000,9.560000,115.000000,0.136742,82
600768.XSHG,2021-11-04,2022-01-04,800,8.160000,9.560000,1120.000000,0.171569,61
600768.XSHG,2021-11-12,2022-01-04,200,8.500000,9.560000,212.000000,0.124706,53
600768.XSHG,2021-12-03,2022-01-04,100,9.340000,9.560000,22.000000,0.023555,32
600768.XSHG,2021-12-08,2022-01-04,600,9.110000,9.560000,270.000000,0.049396,27
600768.XSHG,2021-12-16,2022-01-04,1100,9.040000,9.560000,572.000000,0.057522,19
600768.XSHG,2021-12-21,2022-01-04,200,9.230000,9.560000,66.000000,0.035753,14
600768.XSHG,2021-12-24,2022-01-04,100,9.060000,9.560000,50.000000,0.055188,11
600768.XSHG,2021-12-24,2022-01-04,400,9.060000,9.560000,200.000000,0.055188,11
603813.XSHG,2021-07-13,2022-01-04,300,13.660000,16.860000,960.000000,0.234261,175
603813.XSHG,2021-07-26,2022-01-04,200,13.060000,16.860000,760.000000,0.290965,162
603813.XSHG,2021-07-29,2022-01-04,100,12.250000,16.860000,461.000000,0.376327,159
603813.XSHG,2021-08-03,2022-01-04,300,12.430000,16.860000,1329.000000,0.356396,154
603813.XSHG,2021-08-19,2022-01-04,100,13.050000,16.860000,381.000000,0.291954,138
603813.XSHG,2021-09-17,2022-01-04,100,14.060000,16.860000,280.000000,0.199147,109
603813.XSHG,2021-11-04,2022-01-04,800,13.040000,16.860000,3056.000000,0.292945,61
603813.XSHG,2021-11-25,2022-01-04,300,14.050000,16.860000,843.000000,0.200000,40
603813.XSHG,2021-11-30,2022-01-04,200,13.610000,16.860000,650.000000,0.238795,35
603813.XSHG,2021-12-08,2022-01-04,200,13.530000,16.860000,666.000000,0.246120,27
000702.XSHE,2021-07-05,2022-01-04,1800,4.780000,5.000000,396.000000,0.046025,183
000702.XSHE,2021-07-08,2022-01-04,7600,4.900000,5.000000,760.000000,0.020408,180
000702.XSHE,2021-07-13,2022-01-04,8200,4.890000,5.000000,902.000000,0.022495,175
000702.XSHE,2021-07-16,2022-01-04,9000,4.560000,5.000000,3960.000000,0.096491,172
000702.XSHE,2021-07-21,2022-01-04,7800,4.520000,5.000000,3744.000000,0.106195,167
000702.XSHE,2021-07-26,2022-01-04,700,4.460000,5.000000,378.000000,0.121076,162
000702.XSHE,2021-07-29,2022-01-04,600,4.170000,5.000000,498.000000,0.199041,159
000702.XSHE,2021-08-06,2022-01-04,500,4.340000,5.000000,330.000000,0.152074,151
000702.XSHE,2021-08-16,2022-01-04,200,4.480000,5.000000,104.000000,0.116071,141
000702.XSHE,2021-08-19,2022-01-04,400,4.440000,5.000000,224.000000,0.126126,138
000702.XSHE,2021-08-24,2022-01-04,700,4.450000,5.000000,385.000000,0.123596,133
000702.XSHE,2021-08-27,2022-01-04,100,4.560000,5.000000,44.000000,0.096491,130
000702.XSHE,2021-09-01,2022-01-04,100,4.550000,5.000000,45.000000,0.098901,125
000702.XSHE,2021-09-09,2022-01-04,300,4.750000,5.000000,75.000000,0.052632,117
000702.XSHE,2021-10-19,2022-01-04,100,4.680000,5.000000,32.000000,0.068376,77
000702.XSHE,2021-10-27,2022-01-04,100,4.430000,5.000000,57.000000,0.128668,69
000702.XSHE,2021-11-01,2022-01-04,100,4.380000,5.000000,62.000000,0.141553,64
000702.XSHE,2021-11-04,2022-01-04,1400,4.460000,5.000000,756.000000,0.121076,61
000702.XSHE,2021-11-12,2022-01-04,400,4.650000,5.000000,140.000000,0.075269,53
000702.XSHE,2021-11-22,2022-01-04,600,4.800000,5.000000,120.000000,0.041667,43
000702.XSHE,2021-11-30,2022-01-04,700,4.740000,5.000000,182.000000,0.054852,35
000702.XSHE,2021-12-03,2022-01-04,600,4.790000,5.000000,126.000000,0.043841,32
000702.XSHE,2021-12-08,2022-01-04,400,4.640000,5.000000,144.000000,0.077586,27
000702.XSHE,2021-12-13,2022-01-04,700,4.720000,5.000000,196.000000,0.059322,22
000702.XSHE,2021-12-16,2022-01-04,500,4.700000,5.000000,150.000000,0.063830,19
000702.XSHE,2021-12-21,2022-01-04,400,4.810000,5.000000,76.000000,0.039501,14
002417.XSHE,2021-09-01,2022-01-04,2200,4.780000,5.100000,704.000000,0.066946,125
002417.XSHE,2021-09-06,2022-01-04,7700,4.910000,5.100000,1463.000000,0.038697,120
002417.XSHE,2021-09-09,2022-01-04,7900,5.120000,5.100000,-158.000000,-0.003906,117
002417.XSHE,2021-09-14,2022-01-04,7600,5.080000,5.100000,152.000000,0.003937,112
002417.XSHE,2021-09-17,2022-01-04,500,5.000000,5.100000,50.000000,0.020000,109
002417.XSHE,2021-09-24,2022-01-04,300,4.920000,5.100000,54.000000,0.036585,102
002417.XSHE,2021-09-29,2022-01-04,2100,4.340000,5.100000,1596.000000,0.175115,97
002417.XSHE,2021-10-19,2022-01-04,400,4.660000,5.100000,176.000000,0.094421,77
002417.XSHE,2021-10-22,2022-01-04,900,4.430000,5.100000,603.000000,0.151242,74
002417.XSHE,2021-11-04,2022-01-04,1800,4.280000,5.100000,1476.000000,0.191589,61
002417.XSHE,2021-11-25,2022-01-04,1000,4.880000,5.100000,220.000000,0.045082,40
002417.XSHE,2021-11-30,2022-01-04,400,4.730000,5.100000,148.000000,0.078224,35
002417.XSHE,2021-12-03,2022-01-04,200,4.800000,5.100000,60.000000,0.062500,32
002417.XSHE,2021-12-13,2022-01-04,9900,4.750000,5.100000,3465.000000,0.073684,22
002417.XSHE,2021-12-24,2022-01-04,100,5.040000,5.100000,6.000000,0.011905,11
002417.XSHE,2021-12-29,2022-01-04,800,5.040000,5.100000,48.000000,0.011905,6
603029.XSHG,2021-09-06,2022-01-04,400,14.190000,14.280000,36.000000,0.006342,120
603029.XSHG,2021-09-09,2022-01-04,2700,14.810000,14.280000,-1431.000000,-0.035787,117
603029.XSHG,2021-09-14,2022-01-04,3600,14.460000,14.280000,-648.000000,-0.012448,112
603029.XSHG,2021-09-17,2022-01-04,4200,14.350000,14.280000,-294.000000,-0.004878,109
603029.XSHG,2021-09-24,2022-01-04,3000,13.900000,14.280000,1140.000000,0.027338,102
603029.XSHG,2021-10-11,2022-01-04,400,13.320000,14.280000,384.000000,0.072072,85
603029.XSHG,2021-10-14,2022-01-04,200,12.970000,14.280000,262.000000,0.101002,82
603029.XSHG,2021-11-01,2022-01-04,400,12.100000,14.280000,872.000000,0.180165,64
603029.XSHG,2021-11-04,2022-01-04,200,12.130000,14.280000,430.000000,0.177246,61
603029.XSHG,2021-11-25,2022-01-04,100,13.470000,14.280000,81.000000,0.060134,40
603029.XSHG,2021-12-08,2022-01-04,200,13.080000,14.280000,240.000000,0.091743,27
603029.XSHG,2021-12-24,2022-01-04,100,13.930000,14.280000,35.000000,0.025126,11
002209.XSHE,2021-10-22,2022-01-04,1400,6.120000,6.900000,1092.000000,0.127451,74
002209.XSHE,2021-10-27,2022-01-04,900,5.920000,6.900000,882.000000,0.165541,69
002209.XSHE,2021-11-01,2022-01-04,4100,5.850000,6.900000,4305.000000,0.179487,64
002209.XSHE,2021-11-04,2022-01-04,16000,5.780000,6.900000,17920.000000,0.193772,61
002209.XSHE,2021-11-09,2022-01-04,8300,5.940000,6.900000,7968.000000,0.161616,56
002209.XSHE,2021-11-12,2022-01-04,100,6.060000,6.900000,84.000000,0.138614,53
002209.XSHE,2021-11-25,2022-01-04,600,6.290000,6.900000,366.000000,0.096979,40
002209.XSHE,2021-12-08,2022-01-04,100,6.180000,6.900000,72.000000,0.116505,27
002209.XSHE,2021-12-16,2022-01-04,600,6.400000,6.900000,300.000000,0.078125,19
603709.XSHG,2021-11-12,2022-01-04,2300,15.630000,16.920000,2967.000000,0.082534,53
603709.XSHG,2021-11-22,2022-01-04,2600,16.250000,16.920000,1742.000000,0.041231,43
603709.XSHG,2021-11-25,2022-01-04,2700,16.060000,16.920000,2322.000000,0.053549,40
603709.XSHG,2021-12-08,2022-01-04,2300,15.840000,16.920000,2484.000000,0.068182,27
603709.XSHG,2021-12-08,2022-01-04,200,15.840000,16.920000,216.000000,0.068182,27
603709.XSHG,2021-12-16,2022-01-04,100,16.390000,16.920000,53.000000,0.032337,19
603709.XSHG,2021-12-24,2022-01-04,100,16.740000,16.920000,18.000000,0.010753,11
002830.XSHE,2021-11-17,2022-01-04,3700,9.570000,10.650000,3996.000000,0.112853,48
002830.XSHE,2021-12-13,2022-01-04,500,10.040000,10.650000,305.000000,0.060757,22
002830.XSHE,2021-12-29,2022-01-04,4300,10.390000,10.650000,1118.000000,0.025024,6
600778.XSHG,2021-12-13,2022-01-04,4600,4.290000,4.500000,966.000000,0.048951,22
600778.XSHG,2021-12-16,2022-01-04,18400,4.290000,4.500000,3864.000000,0.048951,19
600778.XSHG,2021-12-21,2022-01-04,5800,4.460000,4.500000,232.000000,0.008969,14
300478.XSHE,2021-12-21,2022-01-04,6500,10.000000,10.180000,1170.000000,0.018000,14
300478.XSHE,2021-12-24,2022-01-04,6500,9.970000,10.180000,1365.000000,0.021063,11
300478.XSHE,2021-12-29,2022-01-04,4600,10.010000,10.180000,782.000000,0.016983,6
603389.XSHG,2021-12-21,2022-01-04,100,5.330000,5.290000,-4.000000,-0.007505,14
603389.XSHG,2021-12-24,2022-01-04,8200,5.180000,5.290000,902.000000,0.021236,11
603389.XSHG,2021-12-29,2022-01-04,8600,5.200000,5.290000,774.000000,0.017308,6
600520.XSHG,2021-12-24,2022-01-04,2600,8.630000,8.770000,364.000000,0.016222,11
600520.XSHG,2021-12-29,2022-01-04,5000,8.670000,8.770000,500.000000,0.011534,6
511880.XSHG,2022-01-04,2022-02-07,21100,100.114000,100.319000,4325.500000,0.002048,34
000702.XSHE,2022-02-07,2022-02-10,600,4.790000,5.260000,282.000000,0.098121,3
600520.XSHG,2022-02-07,2022-02-10,300,8.380000,9.070000,207.000000,0.082339,3
600520.XSHG,2022-02-07,2022-02-15,100,8.380000,9.400000,102.000000,0.121718,8
603029.XSHG,2022-02-07,2022-02-18,1900,14.100000,23.300000,17480.000000,0.652482,11
600520.XSHG,2022-02-07,2022-02-18,100,8.380000,9.870000,149.000000,0.177804,11
603029.XSHG,2022-02-07,2022-02-21,200,14.100000,24.570000,2094.000000,0.742553,14
603029.XSHG,2022-02-07,2022-02-22,100,14.100000,24.900000,1080.000000,0.765957,15
603029.XSHG,2022-02-07,2022-02-23,100,14.100000,25.490000,1139.000000,0.807801,16
603813.XSHG,2022-02-07,2022-02-28,600,14.600000,16.420000,1092.000000,0.124658,21
603029.XSHG,2022-02-07,2022-02-28,800,14.100000,19.910000,4648.000000,0.412057,21
603029.XSHG,2022-02-10,2022-02-28,500,14.720000,19.910000,2595.000000,0.352582,18
600520.XSHG,2022-02-07,2022-02-28,4800,8.380000,9.690000,6288.000000,0.156325,21
600455.XSHG,2022-02-07,2022-02-28,2000,21.990000,23.500000,3020.000000,0.068668,21
600768.XSHG,2022-02-07,2022-02-28,900,9.120000,10.180000,954.000000,0.116228,21
603029.XSHG,2022-02-10,2022-03-03,2400,14.720000,19.820000,12240.000000,0.346467,21
600137.XSHG,2022-02-10,2022-03-03,3100,14.290000,15.620000,4123.000000,0.093072,21
600768.XSHG,2022-02-07,2022-03-08,3900,9.120000,10.900000,6942.000000,0.195175,29
600768.XSHG,2022-02-10,2022-03-08,1500,9.420000,10.900000,2220.000000,0.157113,26
002209.XSHE,2022-02-07,2022-03-08,800,6.710000,7.370000,528.000000,0.098361,29
603389.XSHG,2022-02-07,2022-03-08,900,5.160000,5.400000,216.000000,0.046512,29
600137.XSHG,2022-02-15,2022-03-08,3200,14.230000,15.130000,2880.000000,0.063247,21
600778.XSHG,2022-02-10,2022-03-08,1200,4.470000,4.680000,252.000000,0.046980,26
002633.XSHE,2022-02-07,2022-03-11,400,8.750000,8.830000,32.000000,0.009143,32
600455.XSHG,2022-02-10,2022-03-11,2000,22.320000,23.050000,1460.000000,0.032706,29
600455.XSHG,2022-02-15,2022-03-11,200,22.150000,23.050000,180.000000,0.040632,24
600778.XSHG,2022-02-10,2022-03-11,8800,4.470000,4.700000,2024.000000,0.051454,29
600778.XSHG,2022-02-15,2022-03-11,3000,4.480000,4.700000,660.000000,0.049107,24
000702.XSHE,2022-02-07,2022-03-16,1100,4.790000,5.000000,231.000000,0.043841,37
603813.XSHG,2022-02-07,2022-03-16,500,14.600000,15.340000,370.000000,0.050685,37
002633.XSHE,2022-02-07,2022-03-16,100,8.750000,8.550000,-20.000000,-0.022857,37
600778.XSHG,2022-02-15,2022-03-16,7100,4.480000,4.710000,1633.000000,0.051339,29
600778.XSHG,2022-02-18,2022-03-16,3800,4.470000,4.710000,912.000000,0.053691,26
002209.XSHE,2022-02-07,2022-03-17,1600,6.710000,7.480000,1232.000000,0.114754,38
002209.XSHE,2022-02-07,2022-03-21,4200,6.710000,7.740000,4326.000000,0.153502,42
002209.XSHE,2022-02-10,2022-03-21,1800,6.860000,7.740000,1584.000000,0.128280,39
603389.XSHG,2022-02-07,2022-03-21,300,5.160000,5.480000,96.000000,0.062016,42
600778.XSHG,2022-02-18,2022-03-21,7000,4.470000,5.140000,4690.000000,0.149888,31
600778.XSHG,2022-02-23,2022-03-21,200,4.550000,5.140000,118.000000,0.129670,26
600778.XSHG,2022-02-28,2022-03-21,2400,4.520000,5.140000,1488.000000,0.137168,21
002633.XSHE,2022-02-07,2022-03-21,4500,8.750000,10.150000,6300.000000,0.160000,42
002633.XSHE,2022-02-10,2022-03-21,2500,8.770000,10.150000,3450.000000,0.157355,39
603813.XSHG,2022-02-07,2022-03-24,1900,14.600000,16.680000,3952.000000,0.142466,45
603813.XSHG,2022-02-10,2022-03-24,1000,15.090000,16.680000,1590.000000,0.105368,42
002633.XSHE,2022-02-10,2022-03-24,2700,8.770000,9.810000,2808.000000,0.118586,42
002633.XSHE,2022-02-15,2022-03-24,1500,8.740000,9.810000,1605.000000,0.122426,37
002209.XSHE,2022-02-10,2022-03-24,4600,6.860000,7.610000,3450.000000,0.109329,42
002209.XSHE,2022-02-15,2022-03-24,1300,6.970000,7.610000,832.000000,0.091822,37
600778.XSHG,2022-02-28,2022-03-24,9000,4.520000,5.000000,4320.000000,0.106195,24
603958.XSHG,2022-02-18,2022-03-24,400,6.420000,6.480000,24.000000,0.009346,34
600137.XSHG,2022-02-23,2022-03-28,700,14.870000,15.290000,294.000000,0.028245,33
000702.XSHE,2022-02-07,2022-03-29,7500,4.790000,5.510000,5400.000000,0.150313,50
000702.XSHE,2022-02-15,2022-03-29,1900,5.150000,5.510000,684.000000,0.069903,42
603813.XSHG,2022-02-10,2022-03-29,1900,15.090000,17.130000,3876.000000,0.135189,47
603813.XSHG,2022-02-15,2022-03-29,1200,15.070000,17.130000,2472.000000,0.136695,42
002209.XSHE,2022-02-15,2022-03-29,5100,6.970000,7.500000,2703.000000,0.076040,42
002209.XSHE,2022-02-18,2022-03-29,900,7.190000,7.500000,279.000000,0.043115,39
603389.XSHG,2022-02-07,2022-03-29,500,5.160000,5.570000,205.000000,0.079457,50
600137.XSHG,2022-02-23,2022-03-29,100,14.870000,15.470000,60.000000,0.040350,34
600778.XSHG,2022-02-28,2022-03-29,2800,4.520000,4.960000,1232.000000,0.097345,29
600778.XSHG,2022-03-03,2022-03-29,6900,4.780000,4.960000,1242.000000,0.037657,26
600768.XSHG,2022-02-10,2022-04-01,3200,9.420000,9.650000,736.000000,0.024416,50
600768.XSHG,2022-02-15,2022-04-01,5000,9.320000,9.650000,1650.000000,0.035408,45
600768.XSHG,2022-02-18,2022-04-01,4100,9.890000,9.650000,-984.000000,-0.024267,42
600768.XSHG,2022-02-23,2022-04-01,5300,9.830000,9.650000,-954.000000,-0.018311,37
600768.XSHG,2022-03-11,2022-04-01,900,9.890000,9.650000,-216.000000,-0.024267,21
600768.XSHG,2022-03-21,2022-04-01,1200,9.500000,9.650000,180.000000,0.015789,11
600768.XSHG,2022-03-24,2022-04-01,4000,10.150000,9.650000,-2000.000000,-0.049261,8
600768.XSHG,2022-03-29,2022-04-01,900,9.830000,9.650000,-162.000000,-0.018311,3
000702.XSHE,2022-02-15,2022-04-01,7000,5.150000,5.650000,3500.000000,0.097087,45
000702.XSHE,2022-02-18,2022-04-01,9300,5.160000,5.650000,4557.000000,0.094961,42
000702.XSHE,2022-02-23,2022-04-01,9500,5.190000,5.650000,4370.000000,0.088632,37
000702.XSHE,2022-03-03,2022-04-01,1600,5.530000,5.650000,192.000000,0.021700,29
000702.XSHE,2022-03-08,2022-04-01,7000,5.310000,5.650000,2380.000000,0.064030,24
000702.XSHE,2022-03-11,2022-04-01,700,5.040000,5.650000,427.000000,0.121032,21
000702.XSHE,2022-03-21,2022-04-01,100,5.310000,5.650000,34.000000,0.064030,11
603709.XSHG,2022-02-07,2022-04-01,2700,16.180000,16.440000,702.000000,0.016069,53
603709.XSHG,2022-02-10,2022-04-01,2700,16.450000,16.440000,-27.000000,-0.000608,50
603709.XSHG,2022-02-15,2022-04-01,2900,16.300000,16.440000,406.000000,0.008589,45
603709.XSHG,2022-02-18,2022-04-01,2700,16.650000,16.440000,-567.000000,-0.012613,42
603709.XSHG,2022-02-23,2022-04-01,2900,16.890000,16.440000,-1305.000000,-0.026643,37
603709.XSHG,2022-03-08,2022-04-01,300,16.750000,16.440000,-93.000000,-0.018507,24
603709.XSHG,2022-03-16,2022-04-01,100,15.460000,16.440000,98.000000,0.063389,16
603709.XSHG,2022-03-24,2022-04-01,300,16.380000,16.440000,18.000000,0.003663,8
603813.XSHG,2022-02-15,2022-04-01,1800,15.070000,16.500000,2574.000000,0.094891,45
603813.XSHG,2022-02-18,2022-04-01,3000,15.460000,16.500000,3120.000000,0.067270,42
603813.XSHG,2022-02-23,2022-04-01,3200,15.510000,16.500000,3168.000000,0.063830,37
603813.XSHG,2022-03-11,2022-04-01,500,15.300000,16.500000,600.000000,0.078431,21
002633.XSHE,2022-02-15,2022-04-01,3800,8.740000,9.370000,2394.000000,0.072082,45
002633.XSHE,2022-02-18,2022-04-01,4800,9.080000,9.370000,1392.000000,0.031938,42
002633.XSHE,2022-02-23,2022-04-01,5300,9.170000,9.370000,1060.000000,0.021810,37
002633.XSHE,2022-02-28,2022-04-01,500,9.050000,9.370000,160.000000,0.035359,32
002633.XSHE,2022-03-08,2022-04-01,400,8.970000,9.370000,160.000000,0.044593,24
002633.XSHE,2022-03-29,2022-04-01,400,9.520000,9.370000,-60.000000,-0.015756,3
002209.XSHE,2022-02-18,2022-04-01,5300,7.190000,7.670000,2544.000000,0.066759,42
002209.XSHE,2022-02-23,2022-04-01,6700,7.280000,7.670000,2613.000000,0.053571,37
002209.XSHE,2022-02-28,2022-04-01,300,7.250000,7.670000,126.000000,0.057931,32
002209.XSHE,2022-03-03,2022-04-01,600,7.510000,7.670000,96.000000,0.021305,29
002209.XSHE,2022-03-16,2022-04-01,100,6.830000,7.670000,84.000000,0.122987,16
603389.XSHG,2022-02-07,2022-04-01,6900,5.160000,5.610000,3105.000000,0.087209,53
603389.XSHG,2022-02-10,2022-04-01,8600,5.190000,5.610000,3612.000000,0.080925,50
603389.XSHG,2022-02-15,2022-04-01,9100,5.150000,5.610000,4186.000000,0.089320,45
603389.XSHG,2022-02-18,2022-04-01,8600,5.280000,5.610000,2838.000000,0.062500,42
603389.XSHG,2022-02-23,2022-04-01,8800,5.380000,5.610000,2024.000000,0.042751,37
603389.XSHG,2022-02-28,2022-04-01,400,5.370000,5.610000,96.000000,0.044693,32
603389.XSHG,2022-03-03,2022-04-01,1000,5.530000,5.610000,80.000000,0.014467,29
603389.XSHG,2022-03-24,2022-04-01,100,5.470000,5.610000,14.000000,0.025594,8
600455.XSHG,2022-02-15,2022-04-01,1900,22.150000,21.370000,-1482.000000,-0.035214,45
600455.XSHG,2022-02-18,2022-04-01,2000,22.790000,21.370000,-2840.000000,-0.062308,42
600455.XSHG,2022-03-03,2022-04-01,100,23.900000,21.370000,-253.000000,-0.105858,29
600455.XSHG,2022-03-21,2022-04-01,2100,22.760000,21.370000,-2919.000000,-0.061072,11
600455.XSHG,2022-03-24,2022-04-01,500,21.730000,21.370000,-180.000000,-0.016567,8
600455.XSHG,2022-03-29,2022-04-01,200,21.240000,21.370000,26.000000,0.006121,3
600137.XSHG,2022-02-23,2022-04-01,1800,14.870000,15.290000,756.000000,0.028245,37
600137.XSHG,2022-02-28,2022-04-01,3800,14.840000,15.290000,1710.000000,0.030323,32
600137.XSHG,2022-03-11,2022-04-01,2900,14.700000,15.290000,1711.000000,0.040136,21
600137.XSHG,2022-03-16,2022-04-01,500,13.520000,15.290000,885.000000,0.130917,16
600137.XSHG,2022-03-24,2022-04-01,3600,14.310000,15.290000,3528.000000,0.068484,8
603958.XSHG,2022-02-18,2022-04-01,6700,6.420000,6.540000,804.000000,0.018692,42
603958.XSHG,2022-03-03,2022-04-01,7600,6.630000,6.540000,-684.000000,-0.013575,29
603958.XSHG,2022-03-08,2022-04-01,11700,6.650000,6.540000,-1287.000000,-0.016541,24
603958.XSHG,2022-03-11,2022-04-01,2700,6.300000,6.540000,648.000000,0.038095,21
603958.XSHG,2022-03-16,2022-04-01,500,6.000000,6.540000,270.000000,0.090000,16
603958.XSHG,2022-03-21,2022-04-01,600,6.350000,6.540000,114.000000,0.029921,11
603958.XSHG,2022-03-29,2022-04-01,6900,6.590000,6.540000,-345.000000,-0.007587,3
002417.XSHE,2022-03-11,2022-04-01,5700,5.210000,5.110000,-570.000000,-0.019194,21
002417.XSHE,2022-03-16,2022-04-01,10900,4.910000,5.110000,2180.000000,0.040733,16
002417.XSHE,2022-03-21,2022-04-01,8800,5.150000,5.110000,-352.000000,-0.007767,11
002417.XSHE,2022-03-24,2022-04-01,20800,5.200000,5.110000,-1872.000000,-0.017308,8
002417.XSHE,2022-03-29,2022-04-01,900,5.140000,5.110000,-27.000000,-0.005837,3
300736.XSHE,2022-03-24,2022-04-01,3300,10.900000,10.710000,-627.000000,-0.017431,8
300736.XSHE,2022-03-29,2022-04-01,10100,10.800000,10.710000,-909.000000,-0.008333,3
300478.XSHE,2022-03-29,2022-04-01,3300,11.070000,10.690000,-1254.000000,-0.034327,3
511880.XSHG,2022-04-01,2022-05-05,22800,100.621000,100.770000,3397.200000,0.001481,34
002856.XSHE,2022-05-05,2022-05-06,300,8.310000,8.810000,150.000000,0.060168,1
002856.XSHE,2022-05-05,2022-05-10,100,8.310000,9.090000,78.000000,0.093863,5
002862.XSHE,2022-05-05,2022-05-10,100,9.810000,10.090000,28.000000,0.028542,5
603958.XSHG,2022-05-05,2022-05-10,100,5.300000,5.450000,15.000000,0.028302,5
002856.XSHE,2022-05-05,2022-05-13,300,8.310000,9.680000,411.000000,0.164862,8
600520.XSHG,2022-05-05,2022-05-13,200,7.430000,8.020000,118.000000,0.079408,8
000702.XSHE,2022-05-10,2022-05-18,1000,4.420000,4.800000,380.000000,0.085973,8
603286.XSHG,2022-05-10,2022-05-18,100,13.350000,14.230000,88.000000,0.065918,8
002633.XSHE,2022-05-05,2022-05-19,1200,7.410000,8.540000,1356.000000,0.152497,14
002856.XSHE,2022-05-05,2022-05-19,100,8.310000,10.110000,180.000000,0.216606,14
002633.XSHE,2022-05-05,2022-05-26,5300,7.410000,8.830000,7526.000000,0.191633,21
002633.XSHE,2022-05-10,2022-05-26,1000,7.360000,8.830000,1470.000000,0.199728,16
002856.XSHE,2022-05-05,2022-05-26,5000,8.310000,10.350000,10200.000000,0.245487,21
002856.XSHE,2022-05-18,2022-05-26,100,9.470000,10.350000,88.000000,0.092925,8
600520.XSHG,2022-05-05,2022-05-26,6200,7.430000,8.280000,5270.000000,0.114401,21
002862.XSHE,2022-05-05,2022-05-26,4800,9.810000,12.730000,14016.000000,0.297655,21
002862.XSHE,2022-05-13,2022-05-26,1400,10.430000,12.730000,3220.000000,0.220518,13
600455.XSHG,2022-05-05,2022-05-31,300,17.400000,19.490000,627.000000,0.120115,26
603389.XSHG,2022-05-05,2022-05-31,400,4.420000,4.860000,176.000000,0.099548,26
300736.XSHE,2022-05-10,2022-05-31,300,8.890000,9.500000,183.000000,0.068616,21
000702.XSHE,2022-05-10,2022-05-31,9900,4.420000,5.250000,8217.000000,0.187783,21
000702.XSHE,2022-05-13,2022-05-31,800,4.530000,5.250000,576.000000,0.158940,18
603286.XSHG,2022-05-10,2022-05-31,3500,13.350000,14.890000,5390.000000,0.115356,21
300282.XSHE,2022-05-05,2022-05-31,8200,3.130000,2.990000,-1148.000000,-0.044728,26
600768.XSHG,2022-05-05,2022-06-06,200,7.940000,9.210000,254.000000,0.159950,32
300282.XSHE,2022-05-05,2022-06-06,7200,3.130000,3.190000,432.000000,0.019169,32
300282.XSHE,2022-05-10,2022-06-06,11900,3.060000,3.190000,1547.000000,0.042484,27
603958.XSHG,2022-05-05,2022-06-06,100,5.300000,6.060000,76.000000,0.143396,32
300736.XSHE,2022-05-10,2022-06-06,1000,8.890000,10.140000,1250.000000,0.140607,27
603580.XSHG,2022-05-10,2022-06-06,5300,9.050000,10.930000,9964.000000,0.207735,27
000702.XSHE,2022-05-13,2022-06-06,9900,4.530000,5.250000,7128.000000,0.158940,24
000702.XSHE,2022-05-26,2022-06-06,100,5.000000,5.250000,25.000000,0.050000,11
603709.XSHG,2022-05-05,2022-06-09,100,14.190000,15.950000,176.000000,0.124031,35
300282.XSHE,2022-05-10,2022-06-09,4200,3.060000,3.200000,588.000000,0.045752,30
300282.XSHE,2022-05-13,2022-06-09,12900,3.170000,3.200000,387.000000,0.009464,27
603580.XSHG,2022-05-13,2022-06-09,5200,9.310000,11.250000,10088.000000,0.208378,27
603269.XSHG,2022-05-18,2022-06-09,4400,11.120000,12.300000,5192.000000,0.106115,22
603269.XSHG,2022-05-31,2022-06-09,100,11.640000,12.300000,66.000000,0.056701,9
002633.XSHE,2022-05-10,2022-06-14,5600,7.360000,8.980000,9072.000000,0.220109,35
002633.XSHE,2022-05-23,2022-06-14,800,8.500000,8.980000,384.000000,0.056471,22
300282.XSHE,2022-05-13,2022-06-14,1900,3.170000,3.080000,-171.000000,-0.028391,32
300282.XSHE,2022-05-18,2022-06-14,14000,3.240000,3.080000,-2240.000000,-0.049383,27
300736.XSHE,2022-05-10,2022-06-14,100,8.890000,9.960000,107.000000,0.120360,35
603580.XSHG,2022-05-18,2022-06-14,4900,9.410000,11.760000,11515.000000,0.249734,27
603269.XSHG,2022-05-31,2022-06-14,200,11.640000,12.670000,206.000000,0.088488,14
300554.XSHE,2022-06-06,2022-06-14,500,14.660000,15.700000,520.000000,0.070941,8
600768.XSHG,2022-05-05,2022-06-17,400,7.940000,9.300000,544.000000,0.171285,43
600455.XSHG,2022-05-05,2022-06-17,200,17.400000,19.930000,506.000000,0.145402,43
603389.XSHG,2022-05-05,2022-06-17,900,4.420000,4.990000,513.000000,0.128959,43
300282.XSHE,2022-05-18,2022-06-17,700,3.240000,3.200000,-28.000000,-0.012346,30
300282.XSHE,2022-05-23,2022-06-17,14900,3.390000,3.200000,-2831.000000,-0.056047,25
300282.XSHE,2022-05-26,2022-06-17,1700,3.350000,3.200000,-255.000000,-0.044776,22
603958.XSHG,2022-05-05,2022-06-17,8800,5.300000,6.040000,6512.000000,0.139623,43
603958.XSHG,2022-05-13,2022-06-17,900,5.590000,6.040000,405.000000,0.080501,35
603580.XSHG,2022-05-18,2022-06-17,300,9.410000,11.690000,684.000000,0.242295,30
603580.XSHG,2022-05-26,2022-06-17,3300,9.800000,11.690000,6237.000000,0.192857,22
603580.XSHG,2022-05-31,2022-06-17,1000,10.380000,11.690000,1310.000000,0.126204,17
603269.XSHG,2022-05-31,2022-06-17,4200,11.640000,11.830000,798.000000,0.016323,17
300417.XSHE,2022-05-18,2022-06-17,100,9.160000,9.760000,60.000000,0.065502,30
300554.XSHE,2022-06-06,2022-06-17,3200,14.660000,15.850000,3808.000000,0.081173,11
300554.XSHE,2022-06-09,2022-06-17,200,14.540000,15.850000,262.000000,0.090096,8
002633.XSHE,2022-05-23,2022-06-22,5400,8.500000,9.200000,3780.000000,0.082353,30
002633.XSHE,2022-05-31,2022-06-22,400,8.520000,9.200000,272.000000,0.079812,22
002633.XSHE,2022-06-06,2022-06-22,1100,8.800000,9.200000,440.000000,0.045455,16
603389.XSHG,2022-05-05,2022-06-22,400,4.420000,5.040000,248.000000,0.140271,48
300417.XSHE,2022-05-18,2022-06-22,5200,9.160000,9.990000,4316.000000,0.090611,35
300417.XSHE,2022-05-31,2022-06-22,400,9.490000,9.990000,200.000000,0.052687,22
300554.XSHE,2022-06-09,2022-06-22,3400,14.540000,15.830000,4386.000000,0.088721,13
002652.XSHE,2022-06-09,2022-06-22,100,2.880000,2.620000,-26.000000,-0.090278,13
002652.XSHE,2022-06-14,2022-06-22,100,2.630000,2.620000,-1.000000,-0.003802,8
002633.XSHE,2022-06-06,2022-06-27,1600,8.800000,9.420000,992.000000,0.070455,21
002633.XSHE,2022-06-06,2022-06-27,3300,8.800000,9.420000,2046.000000,0.070455,21
002633.XSHE,2022-06-09,2022-06-27,1100,8.760000,9.420000,726.000000,0.075342,18
603709.XSHG,2022-05-05,2022-06-27,200,14.190000,16.100000,382.000000,0.134602,53
002652.XSHE,2022-06-14,2022-06-27,19900,2.630000,2.780000,2985.000000,0.057034,13
002652.XSHE,2022-06-17,2022-06-27,600,2.580000,2.780000,120.000000,0.077519,10
002633.XSHE,2022-06-09,2022-06-30,4900,8.760000,9.130000,1813.000000,0.042237,21
002633.XSHE,2022-06-17,2022-06-30,600,8.750000,9.130000,228.000000,0.043429,13
603389.XSHG,2022-05-05,2022-06-30,9200,4.420000,5.300000,8096.000000,0.199095,56
603389.XSHG,2022-05-10,2022-06-30,3000,4.360000,5.300000,2820.000000,0.215596,51
603958.XSHG,2022-05-13,2022-06-30,300,5.590000,6.150000,168.000000,0.100179,48
300417.XSHE,2022-05-31,2022-06-30,5200,9.490000,9.950000,2392.000000,0.048472,30
300417.XSHE,2022-06-09,2022-06-30,200,9.560000,9.950000,78.000000,0.040795,21
000691.XSHE,2022-06-17,2022-06-30,200,4.070000,4.370000,60.000000,0.073710,13
002633.XSHE,2022-06-17,2022-07-05,100,8.750000,9.260000,51.000000,0.058286,18
603709.XSHG,2022-05-05,2022-07-05,500,14.190000,16.400000,1105.000000,0.155743,61
603389.XSHG,2022-05-10,2022-07-05,8200,4.360000,5.280000,7544.000000,0.211009,56
603389.XSHG,2022-05-13,2022-07-05,1800,4.520000,5.280000,1368.000000,0.168142,53
002862.XSHE,2022-05-13,2022-07-05,3100,10.430000,11.350000,2852.000000,0.088207,53
002862.XSHE,2022-05-18,2022-07-05,100,10.490000,11.350000,86.000000,0.081983,48
002862.XSHE,2022-05-23,2022-07-05,1600,10.700000,11.350000,1040.000000,0.060748,43
300779.XSHE,2022-06-14,2022-07-05,100,13.330000,13.750000,42.000000,0.031508,21
300779.XSHE,2022-06-17,2022-07-05,3800,13.400000,13.750000,1330.000000,0.026119,18
300779.XSHE,2022-06-30,2022-07-05,200,13.320000,13.750000,86.000000,0.032282,5
600768.XSHG,2022-05-05,2022-07-08,500,7.940000,9.340000,700.000000,0.176322,64
600455.XSHG,2022-05-05,2022-07-08,100,17.400000,19.380000,198.000000,0.113793,64
002633.XSHE,2022-06-17,2022-07-08,100,8.750000,9.090000,34.000000,0.038857,21
002633.XSHE,2022-06-17,2022-07-08,5800,8.750000,9.090000,1972.000000,0.038857,21
603389.XSHG,2022-05-13,2022-07-08,8600,4.520000,5.170000,5590.000000,0.143805,56
603389.XSHG,2022-05-18,2022-07-08,1600,4.600000,5.170000,912.000000,0.123913,51
002862.XSHE,2022-05-23,2022-07-08,3400,10.700000,11.000000,1020.000000,0.028037,46
002862.XSHE,2022-05-31,2022-07-08,1100,11.020000,11.000000,-22.000000,-0.001815,38
603958.XSHG,2022-05-13,2022-07-08,100,5.590000,6.080000,49.000000,0.087657,56
300736.XSHE,2022-05-10,2022-07-08,300,8.890000,9.770000,264.000000,0.098988,59
000691.XSHE,2022-06-17,2022-07-08,900,4.070000,4.200000,117.000000,0.031941,21
000691.XSHE,2022-06-22,2022-07-08,11600,4.200000,4.200000,0.000000,0.000000,16
000691.XSHE,2022-07-05,2022-07-08,200,4.270000,4.200000,-14.000000,-0.016393,3
603709.XSHG,2022-05-05,2022-07-13,700,14.190000,16.120000,1351.000000,0.136011,69
603389.XSHG,2022-05-18,2022-07-13,8800,4.600000,5.110000,4488.000000,0.110870,56
603389.XSHG,2022-05-23,2022-07-13,1500,4.830000,5.110000,420.000000,0.057971,51
002862.XSHE,2022-05-31,2022-07-13,100,11.020000,11.100000,8.000000,0.007260,43
002862.XSHE,2022-06-14,2022-07-13,100,10.720000,11.100000,38.000000,0.035448,29
603958.XSHG,2022-05-13,2022-07-13,7300,5.590000,6.020000,3139.000000,0.076923,61
603958.XSHG,2022-05-18,2022-07-13,1400,5.500000,6.020000,728.000000,0.094545,56
600455.XSHG,2022-05-05,2022-07-18,300,17.400000,19.240000,552.000000,0.105747,74
603389.XSHG,2022-05-23,2022-07-18,8900,4.830000,4.930000,890.000000,0.020704,56
603389.XSHG,2022-05-26,2022-07-18,700,4.810000,4.930000,84.000000,0.024948,53
603389.XSHG,2022-06-06,2022-07-18,100,4.930000,4.930000,0.000000,0.000000,42
603389.XSHG,2022-06-06,2022-07-18,400,4.930000,4.930000,0.000000,0.000000,42
603389.XSHG,2022-06-09,2022-07-18,300,4.870000,4.930000,18.000000,0.012320,39
603389.XSHG,2022-06-14,2022-07-18,100,4.860000,4.930000,7.000000,0.014403,34
300736.XSHE,2022-05-10,2022-07-18,100,8.890000,9.520000,63.000000,0.070866,69
603813.XSHG,2022-07-05,2022-07-18,3700,15.500000,14.750000,-2775.000000,-0.048387,13
600768.XSHG,2022-05-05,2022-07-21,100,7.940000,9.580000,164.000000,0.206549,77
603958.XSHG,2022-05-18,2022-07-21,8000,5.500000,6.220000,5760.000000,0.130909,64
603958.XSHG,2022-05-23,2022-07-21,1200,5.860000,6.220000,432.000000,0.061433,59
603729.XSHG,2022-06-14,2022-07-21,900,13.820000,14.170000,315.000000,0.025326,37
300779.XSHE,2022-06-30,2022-07-21,4000,13.320000,14.100000,3120.000000,0.058559,21
300779.XSHE,2022-07-13,2022-07-21,100,13.150000,14.100000,95.000000,0.072243,8
603813.XSHG,2022-07-05,2022-07-21,100,15.500000,15.830000,33.000000,0.021290,16
002862.XSHE,2022-06-14,2022-07-25,300,10.720000,12.550000,549.000000,0.170709,41
002862.XSHE,2022-06-17,2022-07-25,400,10.820000,12.550000,692.000000,0.159889,38
002862.XSHE,2022-06-17,2022-07-25,300,10.820000,12.550000,519.000000,0.159889,38
600455.XSHG,2022-05-05,2022-07-26,100,17.400000,20.900000,350.000000,0.201149,82
300779.XSHE,2022-07-13,2022-07-26,100,13.150000,14.730000,158.000000,0.120152,13
603813.XSHG,2022-07-05,2022-07-26,100,15.500000,16.480000,98.000000,0.063226,21
002719.XSHE,2022-07-05,2022-07-26,100,7.510000,7.180000,-33.000000,-0.043941,21
002719.XSHE,2022-07-08,2022-07-26,400,6.840000,7.180000,136.000000,0.049708,18
600768.XSHG,2022-05-05,2022-07-29,600,7.940000,9.820000,1128.000000,0.236776,85
603813.XSHG,2022-07-05,2022-07-29,300,15.500000,16.580000,324.000000,0.069677,24
603813.XSHG,2022-07-08,2022-07-29,3100,15.010000,16.580000,4867.000000,0.104597,21
002719.XSHE,2022-07-08,2022-07-29,1400,6.840000,7.500000,924.000000,0.096491,21
600768.XSHG,2022-05-05,2022-08-03,200,7.940000,9.580000,328.000000,0.206549,90
300779.XSHE,2022-07-13,2022-08-03,3900,13.150000,14.040000,3471.000000,0.067681,21
603813.XSHG,2022-07-08,2022-08-03,3400,15.010000,16.200000,4046.000000,0.079280,26
603813.XSHG,2022-07-13,2022-08-03,100,14.750000,16.200000,145.000000,0.098305,21
000691.XSHE,2022-07-18,2022-08-04,100,3.930000,4.380000,45.000000,0.114504,17
000691.XSHE,2022-07-21,2022-08-04,500,4.170000,4.380000,105.000000,0.050360,14
600455.XSHG,2022-05-05,2022-08-08,300,17.400000,21.170000,1131.000000,0.216667,95
300736.XSHE,2022-05-10,2022-08-08,100,8.890000,10.300000,141.000000,0.158605,90
300478.XSHE,2022-06-22,2022-08-08,200,10.310000,10.660000,70.000000,0.033948,47
002719.XSHE,2022-07-08,2022-08-08,1000,6.840000,7.670000,830.000000,0.121345,31
000691.XSHE,2022-07-21,2022-08-08,12100,4.170000,4.330000,1936.000000,0.038369,18
000691.XSHE,2022-07-21,2022-08-09,700,4.170000,4.600000,301.000000,0.103118,19
600768.XSHG,2022-05-05,2022-08-11,100,7.940000,10.480000,254.000000,0.319899,98
000691.XSHE,2022-07-21,2022-08-11,4700,4.170000,4.700000,2491.000000,0.127098,21
000691.XSHE,2022-07-26,2022-08-11,1600,4.290000,4.700000,656.000000,0.095571,16
000691.XSHE,2022-07-29,2022-08-11,6400,4.350000,4.700000,2240.000000,0.080460,13
002719.XSHE,2022-07-08,2022-08-15,5200,6.840000,9.570000,14196.000000,0.399123,38
002719.XSHE,2022-07-13,2022-08-15,6200,6.960000,9.570000,16182.000000,0.375000,33
002719.XSHE,2022-07-13,2022-08-16,2400,6.960000,9.710000,6600.000000,0.395115,34
002719.XSHE,2022-07-18,2022-08-16,4200,6.540000,9.710000,13314.000000,0.484709,29
603389.XSHG,2022-08-03,2022-08-18,13300,5.090000,7.690000,34580.000000,0.510806,15
603389.XSHG,2022-08-08,2022-08-18,1900,5.200000,7.690000,4731.000000,0.478846,10
603958.XSHG,2022-05-23,2022-08-19,4700,5.860000,7.080000,5734.000000,0.208191,88
002862.XSHE,2022-06-17,2022-08-24,4300,10.820000,12.480000,7138.000000,0.153420,68
002862.XSHE,2022-06-22,2022-08-24,1300,10.980000,12.480000,1950.000000,0.136612,63
603958.XSHG,2022-05-23,2022-08-24,200,5.860000,7.160000,260.000000,0.221843,93
300736.XSHE,2022-05-10,2022-08-24,500,8.890000,11.210000,1160.000000,0.260967,106
000691.XSHE,2022-07-29,2022-08-24,500,4.350000,4.830000,240.000000,0.110345,26
603389.XSHG,2022-08-08,2022-08-24,8200,5.200000,7.510000,18942.000000,0.444231,16
002862.XSHE,2022-06-22,2022-08-29,3400,10.980000,12.020000,3536.000000,0.094718,68
002862.XSHE,2022-06-27,2022-08-29,100,10.990000,12.020000,103.000000,0.093722,63
002862.XSHE,2022-06-30,2022-08-29,1400,11.300000,12.020000,1008.000000,0.063717,60
300478.XSHE,2022-06-22,2022-08-29,100,10.310000,10.600000,29.000000,0.028128,68
000691.XSHE,2022-07-29,2022-08-29,400,4.350000,4.790000,176.000000,0.101149,31
603958.XSHG,2022-05-23,2022-09-01,1300,5.860000,7.110000,1625.000000,0.213311,101
603958.XSHG,2022-05-26,2022-09-01,1500,5.800000,7.110000,1965.000000,0.225862,98
603958.XSHG,2022-05-31,2022-09-01,6000,5.880000,7.110000,7380.000000,0.209184,93
603389.XSHG,2022-08-08,2022-09-01,2500,5.200000,5.830000,1575.000000,0.121154,24
603389.XSHG,2022-08-10,2022-09-01,600,5.760000,5.830000,42.000000,0.012153,22
603389.XSHG,2022-08-11,2022-09-01,4900,5.740000,5.830000,441.000000,0.015679,21
603389.XSHG,2022-08-19,2022-09-01,300,7.500000,5.830000,-501.000000,-0.222667,13
002862.XSHE,2022-06-30,2022-09-01,3000,11.300000,13.800000,7500.000000,0.221239,63
002862.XSHE,2022-07-26,2022-09-01,200,12.250000,13.800000,310.000000,0.126531,37
002862.XSHE,2022-07-29,2022-09-01,300,11.810000,13.800000,597.000000,0.168501,34
002862.XSHE,2022-08-03,2022-09-01,700,11.170000,13.800000,1841.000000,0.235452,29
002862.XSHE,2022-08-08,2022-09-01,100,11.500000,13.800000,230.000000,0.200000,24
002862.XSHE,2022-08-11,2022-09-01,100,12.100000,13.800000,170.000000,0.140496,21
002862.XSHE,2022-08-16,2022-09-01,1700,12.230000,13.800000,2669.000000,0.128373,16
600455.XSHG,2022-05-05,2022-09-06,100,17.400000,21.590000,419.000000,0.240805,124
603709.XSHG,2022-05-05,2022-09-06,100,14.190000,17.090000,290.000000,0.204369,124
002862.XSHE,2022-08-16,2022-09-06,3400,12.230000,12.710000,1632.000000,0.039248,21
002862.XSHE,2022-08-19,2022-09-06,500,12.150000,12.710000,280.000000,0.046091,18
603958.XSHG,2022-05-31,2022-09-06,2400,5.880000,7.560000,4032.000000,0.285714,98
603958.XSHG,2022-06-09,2022-09-06,500,5.950000,7.560000,805.000000,0.270588,89
603958.XSHG,2022-06-14,2022-09-06,600,5.860000,7.560000,1020.000000,0.290102,84
603958.XSHG,2022-06-27,2022-09-06,200,6.040000,7.560000,304.000000,0.251656,71
603958.XSHG,2022-07-18,2022-09-06,500,5.760000,7.560000,900.000000,0.312500,50
603958.XSHG,2022-07-26,2022-09-06,200,6.180000,7.560000,276.000000,0.223301,42
603958.XSHG,2022-07-29,2022-09-06,100,6.300000,7.560000,126.000000,0.200000,39
603958.XSHG,2022-08-16,2022-09-06,4000,6.730000,7.560000,3320.000000,0.123328,21
300736.XSHE,2022-05-10,2022-09-06,3000,8.890000,11.860000,8910.000000,0.334083,119
300736.XSHE,2022-05-13,2022-09-06,4500,8.980000,11.860000,12960.000000,0.320713,116
603729.XSHG,2022-06-14,2022-09-06,300,13.820000,15.030000,363.000000,0.087554,84
600768.XSHG,2022-05-05,2022-09-09,200,7.940000,10.180000,448.000000,0.282116,127
002862.XSHE,2022-08-19,2022-09-09,4900,12.150000,12.360000,1029.000000,0.017284,21
300736.XSHE,2022-05-13,2022-09-09,1000,8.980000,11.400000,2420.000000,0.269488,119
300736.XSHE,2022-05-18,2022-09-09,3800,8.830000,11.400000,9766.000000,0.291053,114
300478.XSHE,2022-06-22,2022-09-09,300,10.310000,10.820000,153.000000,0.049467,79
000691.XSHE,2022-07-29,2022-09-09,8100,4.350000,4.960000,4941.000000,0.140230,42
000691.XSHE,2022-08-03,2022-09-09,3900,4.210000,4.960000,2925.000000,0.178147,37
000691.XSHE,2022-08-19,2022-09-09,400,4.650000,4.960000,124.000000,0.066667,21
000691.XSHE,2022-09-06,2022-09-09,500,4.800000,4.960000,80.000000,0.033333,3
600137.XSHG,2022-08-11,2022-09-09,200,14.620000,14.850000,46.000000,0.015732,29
603709.XSHG,2022-05-05,2022-09-15,100,14.190000,17.190000,300.000000,0.211416,133
300736.XSHE,2022-05-18,2022-09-15,2000,8.830000,12.190000,6720.000000,0.380521,120
300736.XSHE,2022-05-26,2022-09-15,4000,9.360000,12.190000,11320.000000,0.302350,112
600137.XSHG,2022-08-11,2022-09-15,700,14.620000,15.070000,315.000000,0.030780,35
600137.XSHG,2022-08-16,2022-09-15,3500,14.680000,15.070000,1365.000000,0.026567,30
603813.XSHG,2022-09-01,2022-09-15,1200,15.340000,16.660000,1584.000000,0.086050,14
603813.XSHG,2022-09-06,2022-09-15,2300,16.350000,16.660000,713.000000,0.018960,9
300736.XSHE,2022-05-26,2022-09-20,5100,9.360000,11.500000,10914.000000,0.228632,117
002719.XSHE,2022-07-18,2022-09-20,200,6.540000,7.450000,182.000000,0.139144,64
600137.XSHG,2022-08-16,2022-09-20,800,14.680000,13.840000,-672.000000,-0.057221,35
600137.XSHG,2022-08-19,2022-09-20,2800,14.710000,13.840000,-2436.000000,-0.059143,32
600137.XSHG,2022-08-24,2022-09-20,300,14.830000,13.840000,-297.000000,-0.066757,27
603813.XSHG,2022-09-06,2022-09-20,3600,16.350000,15.350000,-3600.000000,-0.061162,14
603580.XSHG,2022-09-01,2022-09-20,100,10.800000,10.430000,-37.000000,-0.034259,19
603580.XSHG,2022-09-09,2022-09-20,5600,11.040000,10.430000,-3416.000000,-0.055254,11
600768.XSHG,2022-05-05,2022-09-23,1100,7.940000,9.790000,2035.000000,0.232997,141
300736.XSHE,2022-05-26,2022-09-23,1900,9.360000,11.630000,4313.000000,0.242521,120
300736.XSHE,2022-06-09,2022-09-23,400,9.900000,11.630000,692.000000,0.174747,106
300736.XSHE,2022-06-27,2022-09-23,300,9.980000,11.630000,495.000000,0.165331,88
300736.XSHE,2022-06-30,2022-09-23,400,9.880000,11.630000,700.000000,0.177126,85
300736.XSHE,2022-07-05,2022-09-23,400,9.770000,11.630000,744.000000,0.190379,80
300736.XSHE,2022-07-13,2022-09-23,100,9.640000,11.630000,199.000000,0.206432,72
300736.XSHE,2022-08-03,2022-09-23,200,9.880000,11.630000,350.000000,0.177126,51
300736.XSHE,2022-08-16,2022-09-23,100,10.960000,11.630000,67.000000,0.061131,38
300736.XSHE,2022-08-19,2022-09-23,400,11.000000,11.630000,252.000000,0.057273,35
300736.XSHE,2022-08-29,2022-09-23,600,10.510000,11.630000,672.000000,0.106565,25
300736.XSHE,2022-09-01,2022-09-23,300,10.550000,11.630000,324.000000,0.102370,22
603813.XSHG,2022-09-06,2022-09-23,3800,16.350000,15.640000,-2698.000000,-0.043425,17
603580.XSHG,2022-09-09,2022-09-23,6300,11.040000,11.120000,504.000000,0.007246,14
002862.XSHE,2022-09-15,2022-09-23,100,12.020000,13.180000,116.000000,0.096506,8
002862.XSHE,2022-09-20,2022-09-23,400,11.400000,13.180000,712.000000,0.156140,3
002719.XSHE,2022-07-18,2022-09-28,100,6.540000,7.480000,94.000000,0.143731,72
603813.XSHG,2022-09-06,2022-09-28,3700,16.350000,14.730000,-5994.000000,-0.099083,22
603813.XSHG,2022-09-09,2022-09-28,100,16.570000,14.730000,-184.000000,-0.111044,19
603580.XSHG,2022-09-09,2022-09-28,3500,11.040000,11.440000,1400.000000,0.036232,19
603580.XSHG,2022-09-15,2022-09-28,2300,11.020000,11.440000,966.000000,0.038113,13
002862.XSHE,2022-09-20,2022-09-28,300,11.400000,13.830000,729.000000,0.213158,8
300478.XSHE,2022-06-22,2022-10-10,100,10.310000,9.800000,-51.000000,-0.049467,110
300478.XSHE,2022-06-27,2022-10-10,300,10.390000,9.800000,-177.000000,-0.056785,105
600137.XSHG,2022-08-24,2022-10-10,4200,14.830000,13.510000,-5544.000000,-0.089009,47
603580.XSHG,2022-09-15,2022-10-10,5000,11.020000,10.890000,-650.000000,-0.011797,25
000023.XSHE,2022-09-20,2022-10-10,2900,9.700000,10.080000,1102.000000,0.039175,20
000023.XSHE,2022-09-23,2022-10-10,2500,9.840000,10.080000,600.000000,0.024390,17
603729.XSHG,2022-06-14,2022-10-13,200,13.820000,12.860000,-192.000000,-0.069465,121
002719.XSHE,2022-07-18,2022-10-13,500,6.540000,7.210000,335.000000,0.102446,87
600137.XSHG,2022-08-24,2022-10-13,400,14.830000,14.300000,-212.000000,-0.035738,50
603580.XSHG,2022-09-15,2022-10-13,5200,11.020000,11.300000,1456.000000,0.025408,28
002862.XSHE,2022-09-20,2022-10-13,4200,11.400000,12.460000,4452.000000,0.092982,23
002862.XSHE,2022-10-10,2022-10-13,200,12.620000,12.460000,-32.000000,-0.012678,3
000023.XSHE,2022-09-23,2022-10-13,5700,9.840000,10.190000,1995.000000,0.035569,20
603729.XSHG,2022-06-14,2022-10-18,100,13.820000,13.720000,-10.000000,-0.007236,126
300899.XSHE,2022-09-15,2022-10-18,700,22.890000,21.830000,-742.000000,-0.046308,33
000023.XSHE,2022-09-23,2022-10-18,4900,9.840000,10.450000,2989.000000,0.061992,25
000023.XSHE,2022-09-28,2022-10-18,500,9.770000,10.450000,340.000000,0.069601,20
600455.XSHG,2022-05-05,2022-10-21,100,17.400000,20.300000,290.000000,0.166667,169
600137.XSHG,2022-08-24,2022-10-21,3800,14.830000,14.700000,-494.000000,-0.008766,58
600137.XSHG,2022-08-29,2022-10-21,100,14.200000,14.700000,50.000000,0.035211,53
300899.XSHE,2022-09-15,2022-10-21,1500,22.890000,21.860000,-1545.000000,-0.044998,36
300899.XSHE,2022-09-20,2022-10-21,1300,20.660000,21.860000,1560.000000,0.058083,31
000023.XSHE,2022-09-28,2022-10-21,5800,9.770000,10.250000,2784.000000,0.049130,23
300417.XSHE,2022-10-10,2022-10-21,5700,9.410000,10.500000,6213.000000,0.115834,11
600768.XSHG,2022-05-05,2022-10-26,200,7.940000,9.120000,236.000000,0.148615,174
600455.XSHG,2022-05-05,2022-10-26,100,17.400000,19.870000,247.000000,0.141954,174
600137.XSHG,2022-08-29,2022-10-26,3500,14.200000,13.980000,-770.000000,-0.015493,58
600137.XSHG,2022-09-01,2022-10-26,600,14.380000,13.980000,-240.000000,-0.027816,55
300899.XSHE,2022-09-20,2022-10-26,2700,20.660000,21.100000,1188.000000,0.021297,36
300417.XSHE,2022-10-10,2022-10-26,2900,9.410000,10.200000,2291.000000,0.083953,16
300417.XSHE,2022-10-13,2022-10-26,2700,9.390000,10.200000,2187.000000,0.086262,13
603269.XSHG,2022-10-21,2022-10-26,4800,12.500000,12.430000,-336.000000,-0.005600,5
600455.XSHG,2022-05-05,2022-10-31,600,17.400000,20.630000,1938.000000,0.185632,179
300417.XSHE,2022-10-13,2022-10-31,5800,9.390000,10.160000,4466.000000,0.082002,18
603709.XSHG,2022-05-05,2022-11-03,400,14.190000,15.620000,572.000000,0.100775,182
002719.XSHE,2022-07-18,2022-11-03,400,6.540000,7.490000,380.000000,0.145260,108
300899.XSHE,2022-09-20,2022-11-03,2200,20.660000,22.000000,2948.000000,0.064860,44
300899.XSHE,2022-09-23,2022-11-03,600,20.880000,22.000000,672.000000,0.053640,41
300321.XSHE,2022-10-10,2022-11-03,100,14.430000,15.570000,114.000000,0.079002,24
300417.XSHE,2022-10-13,2022-11-03,4500,9.390000,10.560000,5265.000000,0.124601,21
300417.XSHE,2022-10-18,2022-11-03,1200,10.320000,10.560000,288.000000,0.023256,16
603269.XSHG,2022-10-21,2022-11-03,4700,12.500000,12.780000,1316.000000,0.022400,13
300535.XSHE,2022-10-21,2022-11-03,300,12.950000,13.390000,132.000000,0.033977,13
600768.XSHG,2022-05-05,2022-11-08,700,7.940000,9.650000,1197.000000,0.215365,187
603729.XSHG,2022-06-14,2022-11-08,200,13.820000,13.610000,-42.000000,-0.015195,147
300478.XSHE,2022-06-27,2022-11-08,100,10.390000,10.200000,-19.000000,-0.018287,134
300899.XSHE,2022-09-23,2022-11-08,2300,20.880000,22.770000,4347.000000,0.090517,46
300899.XSHE,2022-09-28,2022-11-08,500,20.240000,22.770000,1265.000000,0.125000,41
300321.XSHE,2022-10-10,2022-11-08,3800,14.430000,16.280000,7030.000000,0.128205,29
300321.XSHE,2022-10-13,2022-11-08,400,14.520000,16.280000,704.000000,0.121212,26
600768.XSHG,2022-05-05,2022-11-11,300,7.940000,9.840000,570.000000,0.239295,190
603729.XSHG,2022-06-14,2022-11-11,100,13.820000,13.810000,-1.000000,-0.000724,150
002719.XSHE,2022-07-18,2022-11-11,300,6.540000,7.800000,378.000000,0.192661,116
603709.XSHG,2022-05-05,2022-11-14,700,14.190000,16.950000,1932.000000,0.194503,193
603729.XSHG,2022-06-14,2022-11-16,200,13.820000,14.150000,66.000000,0.023878,155
002856.XSHE,2022-10-31,2022-11-16,3000,9.830000,10.870000,3120.000000,0.105799,16
002856.XSHE,2022-11-03,2022-11-16,3000,10.100000,10.870000,2310.000000,0.076238,13
600768.XSHG,2022-05-05,2022-11-21,100,7.940000,9.900000,196.000000,0.246851,200
600455.XSHG,2022-05-05,2022-11-21,400,17.400000,22.150000,1900.000000,0.272989,200
603729.XSHG,2022-06-14,2022-11-21,200,13.820000,14.320000,100.000000,0.036179,160
002652.XSHE,2022-11-03,2022-11-21,200,2.710000,3.130000,84.000000,0.154982,18
002652.XSHE,2022-11-08,2022-11-21,2800,2.790000,3.130000,952.000000,0.121864,13
600768.XSHG,2022-05-05,2022-11-24,400,7.940000,9.840000,760.000000,0.239295,203
002856.XSHE,2022-11-03,2022-11-24,5700,10.100000,10.710000,3477.000000,0.060396,21
002652.XSHE,2022-11-08,2022-11-24,18400,2.790000,3.120000,6072.000000,0.118280,16
002652.XSHE,2022-11-16,2022-11-24,2000,2.900000,3.120000,440.000000,0.075862,8
600455.XSHG,2022-05-05,2022-11-29,100,17.400000,21.700000,430.000000,0.247126,208
600455.XSHG,2022-05-10,2022-11-29,200,17.300000,21.700000,880.000000,0.254335,203
603709.XSHG,2022-05-05,2022-11-29,300,14.190000,16.460000,681.000000,0.159972,208
603729.XSHG,2022-06-14,2022-11-29,100,13.820000,14.150000,33.000000,0.023878,168
603958.XSHG,2022-11-16,2022-11-29,200,6.550000,6.470000,-16.000000,-0.012214,13
603958.XSHG,2022-11-21,2022-11-29,1500,6.680000,6.470000,-315.000000,-0.031437,8
603958.XSHG,2022-11-24,2022-11-29,7500,6.560000,6.470000,-675.000000,-0.013720,5
002652.XSHE,2022-11-16,2022-11-29,20000,2.900000,3.190000,5800.000000,0.100000,13
600768.XSHG,2022-05-05,2022-12-02,200,7.940000,9.880000,388.000000,0.244332,211
300478.XSHE,2022-06-27,2022-12-02,900,10.390000,10.410000,18.000000,0.001925,158
002719.XSHE,2022-07-18,2022-12-02,1400,6.540000,8.020000,2072.000000,0.226300,137
300321.XSHE,2022-10-13,2022-12-02,3500,14.520000,16.220000,5950.000000,0.117080,50
002856.XSHE,2022-11-03,2022-12-02,5600,10.100000,10.640000,3024.000000,0.053465,29
603958.XSHG,2022-11-24,2022-12-02,500,6.560000,6.910000,175.000000,0.053354,8
600455.XSHG,2022-05-10,2022-12-07,200,17.300000,22.100000,960.000000,0.277457,211
002719.XSHE,2022-07-18,2022-12-07,200,6.540000,8.190000,330.000000,0.252294,142
300321.XSHE,2022-10-18,2022-12-07,3800,15.560000,16.490000,3534.000000,0.059769,50
300321.XSHE,2022-10-21,2022-12-07,100,15.680000,16.490000,81.000000,0.051658,47
603958.XSHG,2022-11-24,2022-12-07,9200,6.560000,6.870000,2852.000000,0.047256,13
300321.XSHE,2022-10-21,2022-12-12,3500,15.680000,16.440000,2660.000000,0.048469,52
300321.XSHE,2022-10-26,2022-12-12,300,14.940000,16.440000,450.000000,0.100402,47
002856.XSHE,2022-11-03,2022-12-12,4700,10.100000,10.850000,3525.000000,0.074257,39
002856.XSHE,2022-11-08,2022-12-12,1100,10.500000,10.850000,385.000000,0.033333,34
300535.XSHE,2022-10-21,2022-12-12,3000,12.950000,16.190000,9720.000000,0.250193,52
300535.XSHE,2022-10-26,2022-12-12,4200,12.690000,16.190000,14700.000000,0.275808,47
002719.XSHE,2022-07-18,2022-12-15,7900,6.540000,8.530000,15721.000000,0.304281,150
002719.XSHE,2022-07-21,2022-12-15,1000,6.950000,8.530000,1580.000000,0.227338,147
300535.XSHE,2022-10-26,2022-12-15,2900,12.690000,14.880000,6351.000000,0.172577,50
002856.XSHE,2022-11-08,2022-12-15,100,10.500000,10.760000,26.000000,0.024762,37
600455.XSHG,2022-05-10,2022-12-20,2400,17.300000,22.800000,13200.000000,0.317919,224
600455.XSHG,2022-05-13,2022-12-20,1100,17.600000,22.800000,5720.000000,0.295455,221
002719.XSHE,2022-07-21,2022-12-20,6900,6.950000,8.080000,7797.000000,0.162590,152
002719.XSHE,2022-08-03,2022-12-20,100,7.200000,8.080000,88.000000,0.122222,139
002719.XSHE,2022-08-19,2022-12-20,100,8.550000,8.080000,-47.000000,-0.054971,123
300535.XSHE,2022-10-26,2022-12-20,4200,12.690000,14.170000,6216.000000,0.116627,55
600455.XSHG,2022-05-13,2022-12-23,1700,17.600000,22.460000,8262.000000,0.276136,224
600455.XSHG,2022-05-18,2022-12-23,1100,17.920000,22.460000,4994.000000,0.253348,219
300535.XSHE,2022-10-26,2022-12-23,1900,12.690000,13.510000,1558.000000,0.064618,58
300535.XSHE,2022-10-31,2022-12-23,1800,12.600000,13.510000,1638.000000,0.072222,53
300535.XSHE,2022-11-08,2022-12-23,100,13.540000,13.510000,-3.000000,-0.002216,45
300535.XSHE,2022-11-11,2022-12-23,100,13.530000,13.510000,-2.000000,-0.001478,42
300535.XSHE,2022-11-24,2022-12-23,100,13.540000,13.510000,-3.000000,-0.002216,29
300535.XSHE,2022-11-29,2022-12-23,100,13.300000,13.510000,21.000000,0.015789,24
300535.XSHE,2022-12-02,2022-12-23,100,13.600000,13.510000,-9.000000,-0.006618,21
600455.XSHG,2022-05-18,2022-12-28,1600,17.920000,22.440000,7232.000000,0.252232,224
600455.XSHG,2022-05-23,2022-12-28,900,18.700000,22.440000,3366.000000,0.200000,219
300535.XSHE,2022-12-02,2022-12-28,4100,13.600000,13.300000,-1230.000000,-0.022059,26
300535.XSHE,2022-12-07,2022-12-28,500,13.800000,13.300000,-250.000000,-0.036232,21
002719.XSHE,2022-08-19,2022-12-30,2600,8.550000,15.930000,19188.000000,0.863158,133
002719.XSHE,2022-08-24,2022-12-30,800,8.200000,15.930000,6184.000000,0.942683,128
002719.XSHE,2022-08-29,2022-12-30,400,7.760000,15.930000,3268.000000,1.052835,123
002719.XSHE,2022-09-01,2022-12-30,7200,7.840000,15.930000,58248.000000,1.031888,120
002719.XSHE,2022-09-01,2022-12-30,600,7.840000,15.930000,4854.000000,1.031888,120
002719.XSHE,2022-09-06,2022-12-30,7500,8.030000,15.930000,59250.000000,0.983811,115
600768.XSHG,2022-05-05,2023-01-03,700,7.940000,9.200000,882.000000,0.158690,243
600768.XSHG,2022-05-10,2023-01-03,6200,7.860000,9.200000,8308.000000,0.170483,238
600768.XSHG,2022-05-13,2023-01-03,6300,7.920000,9.200000,8064.000000,0.161616,235
600768.XSHG,2022-05-18,2023-01-03,5900,8.080000,9.200000,6608.000000,0.138614,230
600768.XSHG,2022-05-23,2023-01-03,4400,8.930000,9.200000,1188.000000,0.030235,225
600768.XSHG,2022-05-31,2023-01-03,400,8.910000,9.200000,116.000000,0.032548,217
600768.XSHG,2022-06-14,2023-01-03,200,9.060000,9.200000,28.000000,0.015453,203
600768.XSHG,2022-06-22,2023-01-03,100,9.250000,9.200000,-5.000000,-0.005405,195
600768.XSHG,2022-07-05,2023-01-03,300,9.300000,9.200000,-30.000000,-0.010753,182
600768.XSHG,2022-07-18,2023-01-03,300,8.900000,9.200000,90.000000,0.033708,169
600768.XSHG,2022-07-26,2023-01-03,600,9.520000,9.200000,-192.000000,-0.033613,161
600768.XSHG,2022-08-08,2023-01-03,200,9.800000,9.200000,-120.000000,-0.061224,148
600768.XSHG,2022-08-16,2023-01-03,600,10.420000,9.200000,-732.000000,-0.117083,140
600768.XSHG,2022-08-19,2023-01-03,100,10.480000,9.200000,-128.000000,-0.122137,137
600768.XSHG,2022-08-29,2023-01-03,100,10.010000,9.200000,-81.000000,-0.080919,127
600768.XSHG,2022-09-01,2023-01-03,200,10.080000,9.200000,-176.000000,-0.087302,124
600768.XSHG,2022-09-06,2023-01-03,500,10.230000,9.200000,-515.000000,-0.100684,119
600768.XSHG,2022-09-15,2023-01-03,200,10.200000,9.200000,-200.000000,-0.098039,110
600768.XSHG,2022-09-20,2023-01-03,1100,9.210000,9.200000,-11.000000,-0.001086,105
600768.XSHG,2022-09-28,2023-01-03,100,9.200000,9.200000,0.000000,0.000000,97
600768.XSHG,2022-10-10,2023-01-03,500,8.920000,9.200000,140.000000,0.031390,85
600768.XSHG,2022-10-10,2023-01-03,800,8.920000,9.200000,224.000000,0.031390,85
600768.XSHG,2022-10-13,2023-01-03,100,8.830000,9.200000,37.000000,0.041903,82
600768.XSHG,2022-10-21,2023-01-03,300,9.290000,9.200000,-27.000000,-0.009688,74
600768.XSHG,2022-10-31,2023-01-03,700,8.840000,9.200000,252.000000,0.040724,64
600768.XSHG,2022-11-16,2023-01-03,500,9.790000,9.200000,-295.000000,-0.060266,48
600768.XSHG,2022-11-29,2023-01-03,500,9.680000,9.200000,-240.000000,-0.049587,35
600768.XSHG,2022-12-12,2023-01-03,100,10.060000,9.200000,-86.000000,-0.085487,22
600768.XSHG,2022-12-15,2023-01-03,300,9.950000,9.200000,-225.000000,-0.075377,19
600455.XSHG,2022-05-23,2023-01-03,1800,18.700000,22.120000,6156.000000,0.182888,225
600455.XSHG,2022-06-06,2023-01-03,100,19.680000,22.120000,244.000000,0.123984,211
600455.XSHG,2022-06-09,2023-01-03,200,19.290000,22.120000,566.000000,0.146708,208
600455.XSHG,2022-06-22,2023-01-03,500,19.060000,22.120000,1530.000000,0.160546,195
600455.XSHG,2022-08-03,2023-01-03,100,19.800000,22.120000,232.000000,0.117172,153
600455.XSHG,2022-08-03,2023-01-03,200,19.800000,22.120000,464.000000,0.117172,153
600455.XSHG,2022-08-16,2023-01-03,600,21.710000,22.120000,246.000000,0.018885,140
600455.XSHG,2022-09-01,2023-01-03,400,20.710000,22.120000,564.000000,0.068083,124
600455.XSHG,2022-09-09,2023-01-03,100,21.120000,22.120000,100.000000,0.047348,116
600455.XSHG,2022-09-23,2023-01-03,200,19.990000,22.120000,426.000000,0.106553,102
600455.XSHG,2022-10-10,2023-01-03,200,18.890000,22.120000,646.000000,0.170990,85
600455.XSHG,2022-11-08,2023-01-03,300,21.030000,22.120000,327.000000,0.051831,56
600455.XSHG,2022-11-11,2023-01-03,100,21.300000,22.120000,82.000000,0.038498,53
600455.XSHG,2022-11-16,2023-01-03,200,21.350000,22.120000,154.000000,0.036066,48
600455.XSHG,2022-11-24,2023-01-03,100,21.100000,22.120000,102.000000,0.048341,40
600455.XSHG,2022-11-24,2023-01-03,300,21.100000,22.120000,306.000000,0.048341,40
600455.XSHG,2022-12-02,2023-01-03,300,21.430000,22.120000,207.000000,0.032198,32
603709.XSHG,2022-05-05,2023-01-03,200,14.190000,15.400000,242.000000,0.085271,243
603709.XSHG,2022-05-10,2023-01-03,3400,14.360000,15.400000,3536.000000,0.072423,238
603709.XSHG,2022-05-13,2023-01-03,2900,15.300000,15.400000,290.000000,0.006536,235
603709.XSHG,2022-05-18,2023-01-03,3500,15.000000,15.400000,1400.000000,0.026667,230
603709.XSHG,2022-05-23,2023-01-03,3300,15.700000,15.400000,-990.000000,-0.019108,225
603709.XSHG,2022-05-26,2023-01-03,400,15.460000,15.400000,-24.000000,-0.003881,222
603709.XSHG,2022-06-14,2023-01-03,200,15.630000,15.400000,-46.000000,-0.014715,203
603709.XSHG,2022-06-17,2023-01-03,100,15.650000,15.400000,-25.000000,-0.015974,200
603709.XSHG,2022-06-30,2023-01-03,300,15.850000,15.400000,-135.000000,-0.028391,187
603709.XSHG,2022-07-08,2023-01-03,700,15.420000,15.400000,-14.000000,-0.001297,179
603709.XSHG,2022-07-18,2023-01-03,300,15.370000,15.400000,9.000000,0.001952,169
603709.XSHG,2022-07-26,2023-01-03,300,16.280000,15.400000,-264.000000,-0.054054,161
603709.XSHG,2022-07-29,2023-01-03,100,16.360000,15.400000,-96.000000,-0.058680,158
603709.XSHG,2022-08-03,2023-01-03,100,15.740000,15.400000,-34.000000,-0.021601,153
603709.XSHG,2022-08-08,2023-01-03,100,16.200000,15.400000,-80.000000,-0.049383,148
603709.XSHG,2022-08-11,2023-01-03,400,16.730000,15.400000,-532.000000,-0.079498,145
603709.XSHG,2022-08-19,2023-01-03,100,17.170000,15.400000,-177.000000,-0.103087,137
603709.XSHG,2022-09-01,2023-01-03,300,16.380000,15.400000,-294.000000,-0.059829,124
603709.XSHG,2022-09-20,2023-01-03,100,15.890000,15.400000,-49.000000,-0.030837,105
603709.XSHG,2022-09-23,2023-01-03,300,15.970000,15.400000,-171.000000,-0.035692,102
603709.XSHG,2022-10-10,2023-01-03,400,14.900000,15.400000,200.000000,0.033557,85
603709.XSHG,2022-10-21,2023-01-03,100,15.530000,15.400000,-13.000000,-0.008371,74
603709.XSHG,2022-10-21,2023-01-03,200,15.530000,15.400000,-26.000000,-0.008371,74
603709.XSHG,2022-10-26,2023-01-03,100,15.020000,15.400000,38.000000,0.025300,69
603709.XSHG,2022-10-31,2023-01-03,300,14.690000,15.400000,213.000000,0.048332,64
603709.XSHG,2022-11-21,2023-01-03,600,16.320000,15.400000,-552.000000,-0.056373,43
603709.XSHG,2022-11-24,2023-01-03,100,16.050000,15.400000,-65.000000,-0.040498,40
603709.XSHG,2022-11-24,2023-01-03,100,16.050000,15.400000,-65.000000,-0.040498,40
603709.XSHG,2022-12-02,2023-01-03,100,16.450000,15.400000,-105.000000,-0.063830,32
603709.XSHG,2022-12-15,2023-01-03,100,16.760000,15.400000,-136.000000,-0.081146,19
603709.XSHG,2022-12-20,2023-01-03,200,16.030000,15.400000,-126.000000,-0.039301,14
603709.XSHG,2022-12-28,2023-01-03,900,15.650000,15.400000,-225.000000,-0.015974,6
603729.XSHG,2022-06-14,2023-01-03,1100,13.820000,13.260000,-616.000000,-0.040521,203
603729.XSHG,2022-06-17,2023-01-03,8400,13.500000,13.260000,-2016.000000,-0.017778,200
603729.XSHG,2022-06-22,2023-01-03,4400,13.160000,13.260000,440.000000,0.007599,195
603729.XSHG,2022-06-27,2023-01-03,3800,13.460000,13.260000,-760.000000,-0.014859,190
603729.XSHG,2022-06-30,2023-01-03,300,13.350000,13.260000,-27.000000,-0.006742,187
603729.XSHG,2022-07-05,2023-01-03,100,13.290000,13.260000,-3.000000,-0.002257,182
603729.XSHG,2022-07-18,2023-01-03,100,12.700000,13.260000,56.000000,0.044094,169
603729.XSHG,2022-08-03,2023-01-03,600,13.540000,13.260000,-168.000000,-0.020679,153
603729.XSHG,2022-08-08,2023-01-03,100,13.970000,13.260000,-71.000000,-0.050823,148
603729.XSHG,2022-08-11,2023-01-03,200,14.670000,13.260000,-282.000000,-0.096115,145
603729.XSHG,2022-08-19,2023-01-03,100,14.950000,13.260000,-169.000000,-0.113043,137
603729.XSHG,2022-08-24,2023-01-03,400,14.660000,13.260000,-560.000000,-0.095498,132
603729.XSHG,2022-09-09,2023-01-03,700,14.260000,13.260000,-700.000000,-0.070126,116
603729.XSHG,2022-09-20,2023-01-03,300,13.300000,13.260000,-12.000000,-0.003008,105
603729.XSHG,2022-09-23,2023-01-03,200,13.440000,13.260000,-36.000000,-0.013393,102
603729.XSHG,2022-10-10,2023-01-03,400,12.680000,13.260000,232.000000,0.045741,85
603729.XSHG,2022-10-21,2023-01-03,700,13.130000,13.260000,91.000000,0.009901,74
603729.XSHG,2022-10-26,2023-01-03,100,12.630000,13.260000,63.000000,0.049881,69
603729.XSHG,2022-11-24,2023-01-03,100,13.950000,13.260000,-69.000000,-0.049462,40
603729.XSHG,2022-12-02,2023-01-03,100,14.150000,13.260000,-89.000000,-0.062898,32
603729.XSHG,2022-12-07,2023-01-03,200,14.250000,13.260000,-198.000000,-0.069474,27
603729.XSHG,2022-12-20,2023-01-03,800,13.400000,13.260000,-112.000000,-0.010448,14
603729.XSHG,2022-12-23,2023-01-03,100,13.120000,13.260000,14.000000,0.010671,11
603729.XSHG,2022-12-28,2023-01-03,600,13.310000,13.260000,-30.000000,-0.003757,6
300478.XSHE,2022-06-27,2023-01-03,4400,10.390000,9.220000,-5148.000000,-0.112608,190
300478.XSHE,2022-06-30,2023-01-03,5000,10.660000,9.220000,-7200.000000,-0.135084,187
300478.XSHE,2022-07-05,2023-01-03,9300,10.520000,9.220000,-12090.000000,-0.123574,182
300478.XSHE,2022-07-08,2023-01-03,5500,10.200000,9.220000,-5390.000000,-0.096078,179
300478.XSHE,2022-07-13,2023-01-03,200,10.060000,9.220000,-168.000000,-0.083499,174
300478.XSHE,2022-07-18,2023-01-03,200,9.810000,9.220000,-118.000000,-0.060143,169
300478.XSHE,2022-08-03,2023-01-03,300,10.170000,9.220000,-285.000000,-0.093412,153
300478.XSHE,2022-08-11,2023-01-03,800,10.920000,9.220000,-1360.000000,-0.155678,145
300478.XSHE,2022-08-19,2023-01-03,600,10.990000,9.220000,-1062.000000,-0.161056,137
300478.XSHE,2022-09-01,2023-01-03,300,10.610000,9.220000,-417.000000,-0.131008,124
300478.XSHE,2022-09-06,2023-01-03,400,10.810000,9.220000,-636.000000,-0.147086,119
300478.XSHE,2022-09-15,2023-01-03,500,10.680000,9.220000,-730.000000,-0.136704,110
300478.XSHE,2022-09-23,2023-01-03,400,10.070000,9.220000,-340.000000,-0.084409,102
300478.XSHE,2022-10-21,2023-01-03,100,10.180000,9.220000,-96.000000,-0.094303,74
300478.XSHE,2022-10-21,2023-01-03,300,10.180000,9.220000,-288.000000,-0.094303,74
300478.XSHE,2022-10-31,2023-01-03,500,9.680000,9.220000,-230.000000,-0.047521,64
300478.XSHE,2022-11-03,2023-01-03,400,9.900000,9.220000,-272.000000,-0.068687,61
300478.XSHE,2022-11-11,2023-01-03,100,10.260000,9.220000,-104.000000,-0.101365,53
300478.XSHE,2022-11-21,2023-01-03,200,10.360000,9.220000,-228.000000,-0.110039,43
300478.XSHE,2022-11-29,2023-01-03,800,9.970000,9.220000,-600.000000,-0.075226,35
300478.XSHE,2022-12-07,2023-01-03,100,10.480000,9.220000,-126.000000,-0.120229,27
300478.XSHE,2022-12-15,2023-01-03,1100,10.210000,9.220000,-1089.000000,-0.096964,19
300478.XSHE,2022-12-23,2023-01-03,600,9.540000,9.220000,-192.000000,-0.033543,11
300478.XSHE,2022-12-28,2023-01-03,900,9.630000,9.220000,-369.000000,-0.042575,6
002719.XSHE,2022-09-06,2023-01-03,400,8.030000,15.700000,3068.000000,0.955168,119
002719.XSHE,2022-09-09,2023-01-03,500,7.830000,15.700000,3935.000000,1.005109,116
002719.XSHE,2022-09-23,2023-01-03,100,7.570000,15.700000,813.000000,1.073976,102
002719.XSHE,2022-10-10,2023-01-03,600,7.090000,15.700000,5166.000000,1.214386,85
002719.XSHE,2022-10-10,2023-01-03,400,7.090000,15.700000,3444.000000,1.214386,85
002719.XSHE,2022-10-18,2023-01-03,200,7.590000,15.700000,1622.000000,1.068511,77
002719.XSHE,2022-10-21,2023-01-03,200,7.490000,15.700000,1642.000000,1.096128,74
002719.XSHE,2022-10-26,2023-01-03,100,7.260000,15.700000,844.000000,1.162534,69
002719.XSHE,2022-10-26,2023-01-03,100,7.260000,15.700000,844.000000,1.162534,69
002719.XSHE,2022-10-31,2023-01-03,400,7.130000,15.700000,3428.000000,1.201964,64
002719.XSHE,2022-10-31,2023-01-03,100,7.130000,15.700000,857.000000,1.201964,64
002719.XSHE,2022-11-16,2023-01-03,500,7.810000,15.700000,3945.000000,1.010243,48
002719.XSHE,2022-11-24,2023-01-03,100,7.690000,15.700000,801.000000,1.041612,40
002719.XSHE,2022-11-29,2023-01-03,300,7.650000,15.700000,2415.000000,1.052288,35
300899.XSHE,2022-09-28,2023-01-03,2500,20.240000,19.710000,-1325.000000,-0.026186,97
300899.XSHE,2022-10-13,2023-01-03,200,19.490000,19.710000,44.000000,0.011288,82
300899.XSHE,2022-11-11,2023-01-03,100,22.660000,19.710000,-295.000000,-0.130185,53
300899.XSHE,2022-11-29,2023-01-03,100,21.570000,19.710000,-186.000000,-0.086231,35
300899.XSHE,2022-11-29,2023-01-03,2500,21.570000,19.710000,-4650.000000,-0.086231,35
300899.XSHE,2022-12-02,2023-01-03,3500,21.740000,19.710000,-7105.000000,-0.093376,32
300899.XSHE,2022-12-02,2023-01-03,2900,21.740000,19.710000,-5887.000000,-0.093376,32
300899.XSHE,2022-12-07,2023-01-03,100,22.010000,19.710000,-230.000000,-0.104498,27
300899.XSHE,2022-12-07,2023-01-03,2600,22.010000,19.710000,-5980.000000,-0.104498,27
300899.XSHE,2022-12-15,2023-01-03,300,21.630000,19.710000,-576.000000,-0.088766,19
300899.XSHE,2022-12-20,2023-01-03,200,20.600000,19.710000,-178.000000,-0.043204,14
300899.XSHE,2022-12-23,2023-01-03,400,19.920000,19.710000,-84.000000,-0.010542,11
300899.XSHE,2022-12-28,2023-01-03,500,19.900000,19.710000,-95.000000,-0.009548,6
300321.XSHE,2022-10-26,2023-01-03,3900,14.940000,14.730000,-819.000000,-0.014056,69
300321.XSHE,2022-11-16,2023-01-03,100,16.570000,14.730000,-184.000000,-0.111044,48
300321.XSHE,2022-12-20,2023-01-03,4000,15.410000,14.730000,-2720.000000,-0.044127,14
300321.XSHE,2022-12-23,2023-01-03,3200,14.920000,14.730000,-608.000000,-0.012735,11
300321.XSHE,2022-12-28,2023-01-03,1000,14.990000,14.730000,-260.000000,-0.017345,6
002856.XSHE,2022-11-08,2023-01-03,6000,10.500000,10.020000,-2880.000000,-0.045714,56
002856.XSHE,2022-12-20,2023-01-03,100,10.080000,10.020000,-6.000000,-0.005952,14
002856.XSHE,2022-12-28,2023-01-03,100,10.120000,10.020000,-10.000000,-0.009881,6
300836.XSHE,2022-12-07,2023-01-03,2800,22.680000,20.090000,-7252.000000,-0.114198,27
300836.XSHE,2022-12-12,2023-01-03,5600,22.200000,20.090000,-11816.000000,-0.095045,22
300836.XSHE,2022-12-15,2023-01-03,3400,21.730000,20.090000,-5576.000000,-0.075472,19
300836.XSHE,2022-12-20,2023-01-03,100,20.850000,20.090000,-76.000000,-0.036451,14
300836.XSHE,2022-12-23,2023-01-03,100,20.350000,20.090000,-26.000000,-0.012776,11
300836.XSHE,2022-12-28,2023-01-03,2900,20.540000,20.090000,-1305.000000,-0.021908,6
300555.XSHE,2022-12-15,2023-01-03,20900,6.710000,6.250000,-9614.000000,-0.068554,19
300555.XSHE,2022-12-20,2023-01-03,17200,6.590000,6.250000,-5848.000000,-0.051593,14
300555.XSHE,2022-12-23,2023-01-03,8700,6.300000,6.250000,-435.000000,-0.007937,11
300555.XSHE,2022-12-28,2023-01-03,100,6.450000,6.250000,-20.000000,-0.031008,6
511880.XSHG,2023-01-03,2023-02-01,28600,100.135000,100.234000,2831.400000,0.000989,29
600768.XSHG,2023-02-01,2023-02-02,500,10.730000,11.930000,600.000000,0.111836,1
300535.XSHE,2023-02-01,2023-02-14,100,13.800000,14.760000,96.000000,0.069565,13
300478.XSHE,2023-02-01,2023-02-22,100,9.950000,10.130000,18.000000,0.018090,21
603709.XSHG,2023-02-01,2023-02-27,200,16.770000,18.580000,362.000000,0.107931,26
300321.XSHE,2023-02-01,2023-02-27,3700,16.380000,17.100000,2664.000000,0.043956,26
603729.XSHG,2023-02-01,2023-03-02,300,13.990000,14.520000,159.000000,0.037884,29
300417.XSHE,2023-02-01,2023-03-02,100,10.690000,11.050000,36.000000,0.033676,29
300535.XSHE,2023-02-01,2023-03-02,4400,13.800000,14.720000,4048.000000,0.066667,29
300478.XSHE,2023-02-01,2023-03-07,100,9.950000,10.190000,24.000000,0.024121,34
603729.XSHG,2023-02-01,2023-03-07,200,13.990000,14.510000,104.000000,0.037169,34
300321.XSHE,2023-02-01,2023-03-07,100,16.380000,17.140000,76.000000,0.046398,34
600455.XSHG,2023-02-09,2023-03-07,2600,23.720000,24.350000,1638.000000,0.026560,26
603729.XSHG,2023-02-01,2023-03-10,400,13.990000,14.950000,384.000000,0.068620,37
300899.XSHE,2023-02-01,2023-03-10,300,21.860000,23.370000,453.000000,0.069076,37
300417.XSHE,2023-02-01,2023-03-10,5800,10.690000,11.250000,3248.000000,0.052385,37
300417.XSHE,2023-02-06,2023-03-10,600,10.700000,11.250000,330.000000,0.051402,32
002856.XSHE,2023-02-01,2023-03-10,400,10.600000,11.040000,176.000000,0.041509,37
300535.XSHE,2023-02-01,2023-03-10,100,13.800000,14.670000,87.000000,0.063043,37
300535.XSHE,2023-02-06,2023-03-10,4300,14.000000,14.670000,2881.000000,0.047857,32
300417.XSHE,2023-02-06,2023-03-15,5400,10.700000,10.950000,1350.000000,0.023364,37
300417.XSHE,2023-02-09,2023-03-15,400,11.070000,10.950000,-48.000000,-0.010840,34
002816.XSHE,2023-02-01,2023-03-15,600,14.190000,14.010000,-108.000000,-0.012685,42
300535.XSHE,2023-02-06,2023-03-15,200,14.000000,14.070000,14.000000,0.005000,37
300535.XSHE,2023-02-09,2023-03-15,4300,14.360000,14.070000,-1247.000000,-0.020195,34
300321.XSHE,2023-02-06,2023-03-15,3700,16.700000,16.610000,-333.000000,-0.005389,37
600455.XSHG,2023-02-09,2023-03-15,100,23.720000,24.480000,76.000000,0.032040,34
603729.XSHG,2023-02-01,2023-03-20,400,13.990000,14.780000,316.000000,0.056469,47
300899.XSHE,2023-02-01,2023-03-20,2600,21.860000,22.750000,2314.000000,0.040714,47
300899.XSHE,2023-02-06,2023-03-20,200,22.310000,22.750000,88.000000,0.019722,42
300417.XSHE,2023-02-09,2023-03-20,5100,11.070000,10.790000,-1428.000000,-0.025294,39
300417.XSHE,2023-02-14,2023-03-20,400,11.290000,10.790000,-200.000000,-0.044287,34
002856.XSHE,2023-02-01,2023-03-20,200,10.600000,10.450000,-30.000000,-0.014151,47
600768.XSHG,2023-02-01,2023-03-20,5400,10.730000,10.810000,432.000000,0.007456,47
600768.XSHG,2023-02-09,2023-03-20,100,11.480000,10.810000,-67.000000,-0.058362,39
600768.XSHG,2023-03-02,2023-03-20,1000,11.370000,10.810000,-560.000000,-0.049252,18
600455.XSHG,2023-02-14,2023-03-20,2600,24.420000,24.050000,-962.000000,-0.015152,34
603729.XSHG,2023-02-01,2023-03-23,200,13.990000,15.250000,252.000000,0.090064,50
603709.XSHG,2023-02-01,2023-03-23,300,16.770000,17.690000,276.000000,0.054860,50
300899.XSHE,2023-02-06,2023-03-23,2600,22.310000,23.470000,3016.000000,0.051995,45
300899.XSHE,2023-02-09,2023-03-23,300,22.310000,23.470000,348.000000,0.051995,42
300417.XSHE,2023-02-14,2023-03-23,5300,11.290000,11.310000,106.000000,0.001771,37
300417.XSHE,2023-02-17,2023-03-23,700,10.840000,11.310000,329.000000,0.043358,34
002856.XSHE,2023-02-01,2023-03-23,100,10.600000,10.730000,13.000000,0.012264,50
300321.XSHE,2023-02-06,2023-03-23,100,16.700000,17.130000,43.000000,0.025749,45
300321.XSHE,2023-02-14,2023-03-23,3700,17.280000,17.130000,-555.000000,-0.008681,37
300478.XSHE,2023-02-01,2023-03-28,300,9.950000,10.240000,87.000000,0.029146,55
300899.XSHE,2023-02-09,2023-03-28,2600,22.310000,23.180000,2262.000000,0.038996,47
300899.XSHE,2023-02-14,2023-03-28,100,22.850000,23.180000,33.000000,0.014442,42
300417.XSHE,2023-02-17,2023-03-28,5500,10.840000,11.210000,2035.000000,0.034133,39
300417.XSHE,2023-02-22,2023-03-28,100,10.800000,11.210000,41.000000,0.037963,34
300417.XSHE,2023-02-27,2023-03-28,100,10.870000,11.210000,34.000000,0.031279,29
300417.XSHE,2023-03-07,2023-03-28,100,10.860000,11.210000,35.000000,0.032228,21
002856.XSHE,2023-02-01,2023-03-28,100,10.600000,10.610000,1.000000,0.000943,55
600768.XSHG,2023-03-02,2023-03-28,300,11.370000,11.070000,-90.000000,-0.026385,26
603729.XSHG,2023-02-01,2023-03-31,100,13.990000,14.580000,59.000000,0.042173,58
300478.XSHE,2023-02-01,2023-04-03,5900,9.950000,9.760000,-1121.000000,-0.019095,61
300478.XSHE,2023-02-06,2023-04-03,6100,10.230000,9.760000,-2867.000000,-0.045943,56
300478.XSHE,2023-02-09,2023-04-03,6300,10.230000,9.760000,-2961.000000,-0.045943,53
300478.XSHE,2023-02-14,2023-04-03,6100,10.450000,9.760000,-4209.000000,-0.066029,48
300478.XSHE,2023-02-17,2023-04-03,6800,10.030000,9.760000,-1836.000000,-0.026919,45
603729.XSHG,2023-02-01,2023-04-03,2900,13.990000,14.760000,2233.000000,0.055039,61
603729.XSHG,2023-02-06,2023-04-03,4400,14.340000,14.760000,1848.000000,0.029289,56
603729.XSHG,2023-02-09,2023-04-03,4700,14.110000,14.760000,3055.000000,0.046067,53
603729.XSHG,2023-02-14,2023-04-03,4300,14.550000,14.760000,903.000000,0.014433,48
603729.XSHG,2023-02-17,2023-04-03,4800,14.030000,14.760000,3504.000000,0.052031,45
603709.XSHG,2023-02-01,2023-04-03,3300,16.770000,16.720000,-165.000000,-0.002982,61
603709.XSHG,2023-02-06,2023-04-03,3600,17.120000,16.720000,-1440.000000,-0.023364,56
603709.XSHG,2023-02-09,2023-04-03,3800,17.180000,16.720000,-1748.000000,-0.026775,53
603709.XSHG,2023-02-14,2023-04-03,3300,17.930000,16.720000,-3993.000000,-0.067485,48
603709.XSHG,2023-02-17,2023-04-03,3000,18.120000,16.720000,-4200.000000,-0.077263,45
603709.XSHG,2023-03-02,2023-04-03,200,18.430000,16.720000,-342.000000,-0.092784,32
603709.XSHG,2023-03-10,2023-04-03,300,17.600000,16.720000,-264.000000,-0.050000,24
603709.XSHG,2023-03-15,2023-04-03,700,16.820000,16.720000,-70.000000,-0.005945,19
603709.XSHG,2023-03-20,2023-04-03,100,16.970000,16.720000,-25.000000,-0.014732,14
603709.XSHG,2023-03-28,2023-04-03,200,17.100000,16.720000,-76.000000,-0.022222,6
300899.XSHE,2023-02-14,2023-04-03,2700,22.850000,21.980000,-2349.000000,-0.038074,48
300899.XSHE,2023-02-17,2023-04-03,2800,22.390000,21.980000,-1148.000000,-0.018312,45
300899.XSHE,2023-03-15,2023-04-03,100,22.480000,21.980000,-50.000000,-0.022242,19
002856.XSHE,2023-02-01,2023-04-03,5200,10.600000,10.190000,-2132.000000,-0.038679,61
002856.XSHE,2023-02-06,2023-04-03,6000,10.610000,10.190000,-2520.000000,-0.039585,56
002856.XSHE,2023-02-09,2023-04-03,6000,10.690000,10.190000,-3000.000000,-0.046773,53
002856.XSHE,2023-02-14,2023-04-03,5400,11.140000,10.190000,-5130.000000,-0.085278,48
002856.XSHE,2023-02-17,2023-04-03,2000,10.630000,10.190000,-880.000000,-0.041392,45
002856.XSHE,2023-02-27,2023-04-03,200,10.650000,10.190000,-92.000000,-0.043192,35
002856.XSHE,2023-03-02,2023-04-03,100,10.810000,10.190000,-62.000000,-0.057354,32
002856.XSHE,2023-03-07,2023-04-03,200,10.700000,10.190000,-102.000000,-0.047664,27
002856.XSHE,2023-03-07,2023-04-03,4000,10.700000,10.190000,-2040.000000,-0.047664,27
002856.XSHE,2023-03-15,2023-04-03,1000,10.310000,10.190000,-120.000000,-0.011639,19
002856.XSHE,2023-03-31,2023-04-03,100,10.100000,10.190000,9.000000,0.008911,3
002816.XSHE,2023-02-01,2023-04-03,3800,14.190000,13.070000,-4256.000000,-0.078929,61
002816.XSHE,2023-02-06,2023-04-03,4200,14.800000,13.070000,-7266.000000,-0.116892,56
002816.XSHE,2023-02-09,2023-04-03,4500,14.700000,13.070000,-7335.000000,-0.110884,53
002816.XSHE,2023-02-14,2023-04-03,4500,14.780000,13.070000,-7695.000000,-0.115697,48
002816.XSHE,2023-03-07,2023-04-03,1400,13.950000,13.070000,-1232.000000,-0.063082,27
002816.XSHE,2023-03-10,2023-04-03,4100,14.010000,13.070000,-3854.000000,-0.067095,24
002816.XSHE,2023-03-20,2023-04-03,400,13.760000,13.070000,-276.000000,-0.050145,14
002816.XSHE,2023-03-23,2023-04-03,400,13.810000,13.070000,-296.000000,-0.053584,11
600768.XSHG,2023-03-02,2023-04-03,4400,11.370000,10.580000,-3476.000000,-0.069481,32
600768.XSHG,2023-03-10,2023-04-03,8200,11.000000,10.580000,-3444.000000,-0.038182,24
600768.XSHG,2023-03-15,2023-04-03,10500,10.520000,10.580000,630.000000,0.005703,19
002652.XSHE,2023-02-06,2023-04-03,22100,2.890000,2.650000,-5304.000000,-0.083045,56
002652.XSHE,2023-02-09,2023-04-03,22000,2.910000,2.650000,-5720.000000,-0.089347,53
002652.XSHE,2023-02-14,2023-04-03,21800,2.970000,2.650000,-6976.000000,-0.107744,48
002652.XSHE,2023-02-17,2023-04-03,100,2.860000,2.650000,-21.000000,-0.073427,45
002652.XSHE,2023-02-27,2023-04-03,22400,2.850000,2.650000,-4480.000000,-0.070175,35
002652.XSHE,2023-03-02,2023-04-03,100,2.920000,2.650000,-27.000000,-0.092466,32
002652.XSHE,2023-03-07,2023-04-03,900,2.830000,2.650000,-162.000000,-0.063604,27
002652.XSHE,2023-03-07,2023-04-03,300,2.830000,2.650000,-54.000000,-0.063604,27
002652.XSHE,2023-03-10,2023-04-03,300,2.910000,2.650000,-78.000000,-0.089347,24
002652.XSHE,2023-03-15,2023-04-03,22800,2.790000,2.650000,-3192.000000,-0.050179,19
002652.XSHE,2023-03-20,2023-04-03,2500,2.740000,2.650000,-225.000000,-0.032847,14
002652.XSHE,2023-03-23,2023-04-03,1300,2.770000,2.650000,-156.000000,-0.043321,11
002652.XSHE,2023-03-28,2023-04-03,500,2.720000,2.650000,-35.000000,-0.025735,6
002652.XSHE,2023-03-31,2023-04-03,100,2.610000,2.650000,4.000000,0.015326,3
603030.XSHG,2023-03-15,2023-04-03,200,2.400000,2.220000,-36.000000,-0.075000,19
603030.XSHG,2023-03-20,2023-04-03,52400,2.400000,2.220000,-9432.000000,-0.075000,14
603030.XSHG,2023-03-23,2023-04-03,27100,2.430000,2.220000,-5691.000000,-0.086420,11
603030.XSHG,2023-03-28,2023-04-03,30200,2.320000,2.220000,-3020.000000,-0.043103,6
603958.XSHG,2023-03-20,2023-04-03,19200,6.430000,6.400000,-576.000000,-0.004666,14
603958.XSHG,2023-03-23,2023-04-03,20400,6.620000,6.400000,-4488.000000,-0.033233,11
603958.XSHG,2023-03-28,2023-04-03,9100,6.540000,6.400000,-1274.000000,-0.021407,6
300169.XSHE,2023-03-28,2023-04-03,200,4.590000,4.410000,-36.000000,-0.039216,6
511880.XSHG,2023-04-03,2023-05-04,27500,100.529000,100.693000,4510.000000,0.001631,31
603729.XSHG,2023-05-08,2023-05-11,100,14.770000,15.910000,114.000000,0.077183,3
600768.XSHG,2023-05-08,2023-05-19,400,9.980000,10.790000,324.000000,0.081162,11
600768.XSHG,2023-05-08,2023-05-24,200,9.980000,10.840000,172.000000,0.086172,16
300417.XSHE,2023-05-08,2023-05-24,500,9.880000,10.470000,295.000000,0.059717,16
603286.XSHG,2023-05-11,2023-05-24,100,15.790000,16.600000,81.000000,0.051298,13
300478.XSHE,2023-05-08,2023-05-29,1000,9.600000,10.140000,540.000000,0.056250,21
600768.XSHG,2023-05-08,2023-05-29,5500,9.980000,10.980000,5500.000000,0.100200,21
600768.XSHG,2023-05-11,2023-05-29,300,10.000000,10.980000,294.000000,0.098000,18
300169.XSHE,2023-05-08,2023-05-29,200,4.080000,4.130000,10.000000,0.012255,21
300417.XSHE,2023-05-08,2023-05-29,5700,9.880000,10.490000,3477.000000,0.061741,21
300417.XSHE,2023-05-11,2023-05-29,100,9.860000,10.490000,63.000000,0.063895,18
603729.XSHG,2023-05-08,2023-05-29,100,14.770000,14.470000,-30.000000,-0.020311,21
603286.XSHG,2023-05-11,2023-05-29,100,15.790000,17.000000,121.000000,0.076631,18
600768.XSHG,2023-05-11,2023-06-01,5800,10.000000,10.810000,4698.000000,0.081000,21
300169.XSHE,2023-05-08,2023-06-01,300,4.080000,4.070000,-3.000000,-0.002451,24
603389.XSHG,2023-05-08,2023-06-01,400,5.150000,5.140000,-4.000000,-0.001942,24
300417.XSHE,2023-05-11,2023-06-01,6100,9.860000,10.380000,3172.000000,0.052738,21
002856.XSHE,2023-05-08,2023-06-01,400,10.140000,10.020000,-48.000000,-0.011834,24
603286.XSHG,2023-05-11,2023-06-01,3700,15.790000,16.820000,3811.000000,0.065231,21
600768.XSHG,2023-05-11,2023-06-06,100,10.000000,10.900000,90.000000,0.090000,26
600768.XSHG,2023-05-16,2023-06-06,5600,10.420000,10.900000,2688.000000,0.046065,21
603389.XSHG,2023-05-08,2023-06-06,3700,5.150000,5.650000,1850.000000,0.097087,29
603709.XSHG,2023-05-08,2023-06-06,200,16.790000,17.520000,146.000000,0.043478,29
603729.XSHG,2023-05-08,2023-06-06,400,14.770000,15.610000,336.000000,0.056872,29
603709.XSHG,2023-05-08,2023-06-09,200,16.790000,17.500000,142.000000,0.042287,32
603729.XSHG,2023-05-08,2023-06-09,3500,14.770000,15.600000,2905.000000,0.056195,32
603729.XSHG,2023-05-16,2023-06-09,100,15.120000,15.600000,48.000000,0.031746,24
603729.XSHG,2023-05-19,2023-06-09,600,14.710000,15.600000,534.000000,0.060503,21
002652.XSHE,2023-05-08,2023-06-09,3200,2.680000,2.680000,0.000000,0.000000,32
002856.XSHE,2023-05-08,2023-06-09,400,10.140000,10.020000,-48.000000,-0.011834,32
603729.XSHG,2023-05-19,2023-06-14,3800,14.710000,15.860000,4370.000000,0.078178,26
603729.XSHG,2023-05-24,2023-06-14,400,14.200000,15.860000,664.000000,0.116901,21
600455.XSHG,2023-05-08,2023-06-14,2600,22.160000,22.970000,2106.000000,0.036552,37
300478.XSHE,2023-05-08,2023-06-19,700,9.600000,9.850000,175.000000,0.026042,42
300169.XSHE,2023-05-08,2023-06-19,700,4.080000,4.020000,-42.000000,-0.014706,42
603729.XSHG,2023-05-24,2023-06-19,3800,14.200000,15.430000,4674.000000,0.086620,26
600455.XSHG,2023-05-08,2023-06-19,100,22.160000,22.780000,62.000000,0.027978,42
600455.XSHG,2023-06-01,2023-06-19,2600,22.200000,22.780000,1508.000000,0.026126,18
000702.XSHE,2023-05-16,2023-06-19,11800,5.230000,5.340000,1298.000000,0.021033,34
000702.XSHE,2023-05-19,2023-06-19,400,5.290000,5.340000,20.000000,0.009452,31
603729.XSHG,2023-05-24,2023-06-26,400,14.200000,14.550000,140.000000,0.024648,33
603729.XSHG,2023-06-01,2023-06-26,3700,14.690000,14.550000,-518.000000,-0.009530,25
600455.XSHG,2023-06-01,2023-06-26,600,22.200000,22.120000,-48.000000,-0.003604,25
600455.XSHG,2023-06-06,2023-06-26,2200,23.220000,22.120000,-2420.000000,-0.047373,20
000702.XSHE,2023-05-19,2023-06-26,11500,5.290000,5.250000,-460.000000,-0.007561,38
000702.XSHE,2023-05-24,2023-06-26,300,5.300000,5.250000,-15.000000,-0.009434,33
000702.XSHE,2023-05-29,2023-06-26,300,5.180000,5.250000,21.000000,0.013514,28
000702.XSHE,2023-06-01,2023-06-26,200,5.060000,5.250000,38.000000,0.037549,25
300210.XSHE,2023-06-14,2023-06-26,100,2.930000,2.820000,-11.000000,-0.037543,12
300210.XSHE,2023-06-19,2023-06-26,200,2.910000,2.820000,-18.000000,-0.030928,7
000702.XSHE,2023-06-01,2023-06-29,10800,5.060000,5.350000,3132.000000,0.057312,28
000609.XSHE,2023-06-19,2023-06-29,16900,4.550000,4.810000,4394.000000,0.057143,10
300478.XSHE,2023-05-08,2023-07-04,400,9.600000,10.400000,320.000000,0.083333,57
300169.XSHE,2023-05-08,2023-07-04,2800,4.080000,4.300000,616.000000,0.053922,57
603389.XSHG,2023-05-08,2023-07-04,1500,5.150000,5.460000,465.000000,0.060194,57
002652.XSHE,2023-05-08,2023-07-04,2200,2.680000,2.700000,44.000000,0.007463,57
002856.XSHE,2023-05-08,2023-07-04,800,10.140000,10.080000,-48.000000,-0.005917,57
000702.XSHE,2023-06-01,2023-07-04,1200,5.060000,5.530000,564.000000,0.092885,33
000702.XSHE,2023-06-14,2023-07-04,10600,5.310000,5.530000,2332.000000,0.041431,20
000691.XSHE,2023-05-11,2023-07-05,14600,4.230000,4.620000,5694.000000,0.092199,55
000691.XSHE,2023-05-16,2023-07-05,14700,4.240000,4.620000,5586.000000,0.089623,50
000691.XSHE,2023-05-19,2023-07-05,2900,4.300000,4.620000,928.000000,0.074419,47
300478.XSHE,2023-05-08,2023-07-07,300,9.600000,10.600000,300.000000,0.104167,60
603389.XSHG,2023-05-08,2023-07-07,300,5.150000,5.550000,120.000000,0.077670,60
300417.XSHE,2023-05-11,2023-07-07,100,9.860000,10.940000,108.000000,0.109533,57
300417.XSHE,2023-05-16,2023-07-07,6000,10.080000,10.940000,5160.000000,0.085317,52
300417.XSHE,2023-05-19,2023-07-07,300,10.330000,10.940000,183.000000,0.059051,49
603709.XSHG,2023-05-08,2023-07-07,300,16.790000,18.600000,543.000000,0.107802,60
300210.XSHE,2023-06-19,2023-07-07,21000,2.910000,3.150000,5040.000000,0.082474,18
300210.XSHE,2023-06-29,2023-07-07,200,2.960000,3.150000,38.000000,0.064189,8
000609.XSHE,2023-06-19,2023-07-07,300,4.550000,4.760000,63.000000,0.046154,18
000691.XSHE,2023-05-19,2023-07-07,11600,4.300000,4.820000,6032.000000,0.120930,49
000691.XSHE,2023-05-29,2023-07-07,100,4.210000,4.820000,61.000000,0.144893,39
000691.XSHE,2023-06-01,2023-07-07,300,4.110000,4.820000,213.000000,0.172749,36
000691.XSHE,2023-06-01,2023-07-07,100,4.110000,4.820000,71.000000,0.172749,36
000691.XSHE,2023-06-06,2023-07-07,3300,4.200000,4.820000,2046.000000,0.147619,31
300169.XSHE,2023-05-08,2023-07-12,300,4.080000,4.320000,72.000000,0.058824,65
603389.XSHG,2023-05-08,2023-07-12,6100,5.150000,5.640000,2989.000000,0.095146,65
603389.XSHG,2023-05-11,2023-07-12,6700,5.150000,5.640000,3283.000000,0.095146,62
002652.XSHE,2023-05-08,2023-07-12,1300,2.680000,2.750000,91.000000,0.026119,65
002856.XSHE,2023-05-08,2023-07-12,200,10.140000,10.150000,2.000000,0.000986,65
000691.XSHE,2023-06-06,2023-07-12,2100,4.200000,4.620000,882.000000,0.100000,36
000691.XSHE,2023-06-09,2023-07-12,11100,4.140000,4.620000,5328.000000,0.115942,33
000609.XSHE,2023-06-19,2023-07-12,800,4.550000,4.830000,224.000000,0.061538,23
300478.XSHE,2023-05-08,2023-07-17,500,9.600000,10.460000,430.000000,0.089583,70
300169.XSHE,2023-05-08,2023-07-17,1900,4.080000,4.380000,570.000000,0.073529,70
603709.XSHG,2023-05-08,2023-07-17,1500,16.790000,15.790000,-1500.000000,-0.059559,70
002652.XSHE,2023-05-08,2023-07-17,400,2.680000,2.730000,20.000000,0.018657,70
002856.XSHE,2023-05-08,2023-07-17,200,10.140000,10.110000,-6.000000,-0.002959,70
000691.XSHE,2023-06-09,2023-07-17,8500,4.140000,4.660000,4420.000000,0.125604,38
000691.XSHE,2023-06-14,2023-07-17,5800,4.160000,4.660000,2900.000000,0.120192,33
000691.XSHE,2023-06-26,2023-07-17,200,3.930000,4.660000,146.000000,0.185751,21
300321.XSHE,2023-07-04,2023-07-17,200,16.410000,16.690000,56.000000,0.017063,13
000609.XSHE,2023-06-19,2023-07-17,7100,4.550000,5.000000,3195.000000,0.098901,28
000609.XSHE,2023-06-26,2023-07-17,8500,4.170000,5.000000,7055.000000,0.199041,21
300169.XSHE,2023-05-08,2023-07-20,1600,4.080000,4.580000,800.000000,0.122549,73
603709.XSHG,2023-05-08,2023-07-20,1400,16.790000,16.420000,-518.000000,-0.022037,73
603709.XSHG,2023-05-11,2023-07-20,2900,17.050000,16.420000,-1827.000000,-0.036950,70
002652.XSHE,2023-05-08,2023-07-20,400,2.680000,2.800000,48.000000,0.044776,73
002856.XSHE,2023-05-08,2023-07-20,100,10.140000,10.380000,24.000000,0.023669,73
000609.XSHE,2023-06-26,2023-07-20,600,4.170000,5.180000,606.000000,0.242206,24
300417.XSHE,2023-05-19,2023-07-25,900,10.330000,11.530000,1080.000000,0.116167,67
603709.XSHG,2023-05-11,2023-07-25,700,17.050000,16.810000,-168.000000,-0.014076,75
603709.XSHG,2023-05-16,2023-07-25,3600,17.000000,16.810000,-684.000000,-0.011176,70
002856.XSHE,2023-05-08,2023-07-25,100,10.140000,10.440000,30.000000,0.029586,78
000609.XSHE,2023-06-26,2023-07-25,13500,4.170000,5.320000,15525.000000,0.275779,29
300169.XSHE,2023-05-08,2023-07-28,1000,4.080000,4.700000,620.000000,0.151961,81
603709.XSHG,2023-05-16,2023-07-28,100,17.000000,17.050000,5.000000,0.002941,73
603709.XSHG,2023-05-19,2023-07-28,3500,17.440000,17.050000,-1365.000000,-0.022362,70
603709.XSHG,2023-05-24,2023-07-28,400,17.150000,17.050000,-40.000000,-0.005831,65
002652.XSHE,2023-05-08,2023-07-28,2900,2.680000,2.880000,580.000000,0.074627,81
002856.XSHE,2023-05-08,2023-07-28,700,10.140000,10.790000,455.000000,0.064103,81
000609.XSHE,2023-06-26,2023-07-28,9000,4.170000,5.410000,11160.000000,0.297362,32
000609.XSHE,2023-07-04,2023-07-28,3800,4.680000,5.410000,2774.000000,0.155983,24
000609.XSHE,2023-07-04,2023-07-31,400,4.680000,5.900000,488.000000,0.260684,27
300169.XSHE,2023-05-08,2023-08-01,6300,4.080000,6.890000,17703.000000,0.688725,85
300169.XSHE,2023-05-11,2023-08-01,14000,4.020000,6.890000,40180.000000,0.713930,82
300169.XSHE,2023-05-11,2023-08-02,1700,4.020000,6.510000,4233.000000,0.619403,83
300169.XSHE,2023-05-16,2023-08-02,6500,4.070000,6.510000,15860.000000,0.599509,78
603709.XSHG,2023-05-24,2023-08-02,3300,17.150000,16.980000,-561.000000,-0.009913,70
603709.XSHG,2023-05-29,2023-08-02,200,17.120000,16.980000,-28.000000,-0.008178,65
603709.XSHG,2023-06-19,2023-08-02,300,17.000000,16.980000,-6.000000,-0.001176,44
603709.XSHG,2023-07-04,2023-08-02,100,17.990000,16.980000,-101.000000,-0.056142,29
603709.XSHG,2023-07-12,2023-08-02,200,18.280000,16.980000,-260.000000,-0.071116,21
000609.XSHE,2023-07-04,2023-08-02,12300,4.680000,5.590000,11193.000000,0.194444,29
300417.XSHE,2023-05-19,2023-08-03,2500,10.330000,12.330000,5000.000000,0.193611,76
300169.XSHE,2023-05-16,2023-08-04,8500,4.070000,8.980000,41735.000000,1.206388,80
300169.XSHE,2023-05-19,2023-08-04,2800,4.140000,8.980000,13552.000000,1.169082,77
300169.XSHE,2023-05-19,2023-08-07,6600,4.140000,8.350000,27786.000000,1.016908,80
300417.XSHE,2023-05-19,2023-08-07,2100,10.330000,12.520000,4599.000000,0.212004,80
300417.XSHE,2023-06-06,2023-08-07,100,10.510000,12.520000,201.000000,0.191246,62
300417.XSHE,2023-06-19,2023-08-07,500,10.040000,12.520000,1240.000000,0.247012,49
300417.XSHE,2023-06-26,2023-08-07,3700,9.650000,12.520000,10619.000000,0.297409,42
300478.XSHE,2023-05-08,2023-08-10,200,9.600000,10.400000,160.000000,0.083333,94
300169.XSHE,2023-05-19,2023-08-10,5500,4.140000,8.210000,22385.000000,0.983092,83
300169.XSHE,2023-05-24,2023-08-10,3200,4.080000,8.210000,13216.000000,1.012255,78
603389.XSHG,2023-05-11,2023-08-10,100,5.150000,5.610000,46.000000,0.089320,91
300417.XSHE,2023-06-26,2023-08-10,200,9.650000,12.000000,470.000000,0.243523,45
300417.XSHE,2023-06-29,2023-08-10,2700,10.130000,12.000000,5049.000000,0.184600,42
300417.XSHE,2023-07-04,2023-08-10,2500,10.660000,12.000000,3350.000000,0.125704,37
002856.XSHE,2023-05-08,2023-08-10,700,10.140000,10.860000,504.000000,0.071006,94
002652.XSHE,2023-05-08,2023-08-11,9100,2.680000,3.060000,3458.000000,0.141791,95
300169.XSHE,2023-05-24,2023-08-15,7700,4.080000,7.300000,24794.000000,0.789216,83
002652.XSHE,2023-05-08,2023-08-15,3500,2.680000,3.030000,1225.000000,0.130597,99
002652.XSHE,2023-05-11,2023-08-15,19700,2.610000,3.030000,8274.000000,0.160920,96
300321.XSHE,2023-07-04,2023-08-15,500,16.410000,16.580000,85.000000,0.010360,42
600768.XSHG,2023-07-07,2023-08-15,100,11.090000,10.660000,-43.000000,-0.038774,39
600455.XSHG,2023-07-20,2023-08-15,300,23.460000,22.650000,-243.000000,-0.034527,26
300210.XSHE,2023-08-10,2023-08-15,200,3.310000,3.290000,-4.000000,-0.006042,5
002652.XSHE,2023-05-11,2023-08-17,3000,2.610000,3.190000,1740.000000,0.222222,98
300478.XSHE,2023-05-08,2023-08-18,500,9.600000,10.680000,540.000000,0.112500,102
300169.XSHE,2023-05-24,2023-08-18,4500,4.080000,8.050000,17865.000000,0.973039,86
300169.XSHE,2023-06-06,2023-08-18,1600,4.100000,8.050000,6320.000000,0.963415,73
300169.XSHE,2023-06-14,2023-08-18,700,4.010000,8.050000,2828.000000,1.007481,65
300169.XSHE,2023-06-26,2023-08-18,1700,3.750000,8.050000,7310.000000,1.146667,53
300169.XSHE,2023-06-29,2023-08-18,200,3.960000,8.050000,818.000000,1.032828,50
300169.XSHE,2023-06-29,2023-08-18,400,3.960000,8.050000,1636.000000,1.032828,50
300169.XSHE,2023-07-07,2023-08-18,700,4.300000,8.050000,2625.000000,0.872093,42
300169.XSHE,2023-07-25,2023-08-18,100,4.470000,8.050000,358.000000,0.800895,24
603389.XSHG,2023-05-11,2023-08-18,300,5.150000,5.710000,168.000000,0.108738,99
002652.XSHE,2023-05-11,2023-08-18,1700,2.610000,3.200000,1003.000000,0.226054,99
002652.XSHE,2023-05-16,2023-08-18,20900,2.670000,3.200000,11077.000000,0.198502,94
300478.XSHE,2023-05-08,2023-08-23,100,9.600000,10.720000,112.000000,0.116667,107
300417.XSHE,2023-07-04,2023-08-23,3100,10.660000,11.550000,2759.000000,0.083490,50
300417.XSHE,2023-07-17,2023-08-23,100,10.710000,11.550000,84.000000,0.078431,37
300417.XSHE,2023-07-20,2023-08-23,100,10.890000,11.550000,66.000000,0.060606,34
300417.XSHE,2023-07-28,2023-08-23,300,10.960000,11.550000,177.000000,0.053832,26
300417.XSHE,2023-07-28,2023-08-23,100,10.960000,11.550000,59.000000,0.053832,26
300417.XSHE,2023-08-02,2023-08-23,3400,10.880000,11.550000,2278.000000,0.061581,21
002652.XSHE,2023-05-16,2023-08-23,1500,2.670000,3.020000,525.000000,0.131086,99
002652.XSHE,2023-05-19,2023-08-23,18700,2.720000,3.020000,5610.000000,0.110294,96
603729.XSHG,2023-07-07,2023-08-23,300,15.300000,15.910000,183.000000,0.039869,47
600455.XSHG,2023-07-20,2023-08-23,300,23.460000,23.500000,12.000000,0.001705,34
300535.XSHE,2023-08-02,2023-08-23,100,14.940000,15.100000,16.000000,0.010710,21
300535.XSHE,2023-08-10,2023-08-23,4500,14.480000,15.100000,2790.000000,0.042818,13
300478.XSHE,2023-05-08,2023-08-28,600,9.600000,10.970000,822.000000,0.142708,112
300321.XSHE,2023-07-04,2023-08-28,2100,16.410000,17.430000,2142.000000,0.062157,55
300321.XSHE,2023-07-07,2023-08-28,2500,16.600000,17.430000,2075.000000,0.050000,52
603729.XSHG,2023-07-12,2023-08-28,300,15.540000,16.200000,198.000000,0.042471,47
300535.XSHE,2023-08-10,2023-08-28,3200,14.480000,15.000000,1664.000000,0.035912,18
300535.XSHE,2023-08-15,2023-08-28,1600,14.630000,15.000000,592.000000,0.025290,13
300929.XSHE,2023-08-18,2023-08-28,6100,11.920000,12.700000,4758.000000,0.065436,10
603389.XSHG,2023-05-11,2023-08-31,2100,5.150000,5.930000,1638.000000,0.151456,112
300417.XSHE,2023-08-02,2023-08-31,700,10.880000,12.630000,1225.000000,0.160846,29
002652.XSHE,2023-05-19,2023-08-31,200,2.720000,2.940000,44.000000,0.080882,104
002856.XSHE,2023-05-08,2023-08-31,200,10.140000,10.900000,152.000000,0.074951,115
300535.XSHE,2023-08-15,2023-08-31,3300,14.630000,15.760000,3729.000000,0.077239,16
300535.XSHE,2023-08-15,2023-08-31,100,14.630000,15.760000,113.000000,0.077239,16
300535.XSHE,2023-08-18,2023-08-31,1600,15.200000,15.760000,896.000000,0.036842,13
002058.XSHE,2023-08-18,2023-08-31,5200,10.570000,11.420000,4420.000000,0.080416,13
002058.XSHE,2023-08-23,2023-08-31,1700,10.440000,11.420000,1666.000000,0.093870,8
300417.XSHE,2023-08-02,2023-09-05,4300,10.880000,12.270000,5977.000000,0.127757,34
300417.XSHE,2023-08-15,2023-09-05,1400,11.000000,12.270000,1778.000000,0.115455,21
600768.XSHG,2023-07-07,2023-09-05,100,11.090000,11.140000,5.000000,0.004509,60
002058.XSHE,2023-08-23,2023-09-05,6900,10.440000,11.970000,10557.000000,0.146552,13
603389.XSHG,2023-05-11,2023-09-05,2800,5.150000,6.170000,2856.000000,0.198058,117
603389.XSHG,2023-05-16,2023-09-05,11600,5.240000,6.170000,10788.000000,0.177481,112
002856.XSHE,2023-05-08,2023-09-08,300,10.140000,10.880000,222.000000,0.072978,123
600768.XSHG,2023-07-07,2023-09-08,100,11.090000,10.990000,-10.000000,-0.009017,63
002058.XSHE,2023-08-23,2023-09-08,6700,10.440000,11.980000,10318.000000,0.147510,16
002633.XSHE,2023-08-28,2023-09-08,8000,10.450000,10.970000,4160.000000,0.049761,11
300478.XSHE,2023-05-08,2023-09-13,1000,9.600000,10.970000,1370.000000,0.142708,128
603389.XSHG,2023-05-19,2023-09-13,9300,5.340000,5.530000,1767.000000,0.035581,117
300321.XSHE,2023-07-07,2023-09-13,4700,16.600000,17.780000,5546.000000,0.071084,68
603729.XSHG,2023-07-12,2023-09-13,200,15.540000,15.520000,-4.000000,-0.001287,63
600455.XSHG,2023-07-20,2023-09-13,200,23.460000,23.160000,-60.000000,-0.012788,55
600455.XSHG,2023-07-25,2023-09-13,100,23.480000,23.160000,-32.000000,-0.013629,50
002058.XSHE,2023-08-23,2023-09-13,5600,10.440000,12.240000,10080.000000,0.172414,21
002058.XSHE,2023-08-28,2023-09-13,800,10.940000,12.240000,1040.000000,0.118830,16
002633.XSHE,2023-08-28,2023-09-13,6700,10.450000,10.550000,670.000000,0.009569,16
603389.XSHG,2023-05-19,2023-09-18,1200,5.340000,5.670000,396.000000,0.061798,122
002652.XSHE,2023-05-19,2023-09-18,300,2.720000,2.940000,66.000000,0.080882,122
603729.XSHG,2023-07-12,2023-09-18,100,15.540000,15.520000,-2.000000,-0.001287,68
002633.XSHE,2023-08-28,2023-09-18,4500,10.450000,10.300000,-675.000000,-0.014354,21
002633.XSHE,2023-08-31,2023-09-18,2300,10.520000,10.300000,-506.000000,-0.020913,18
603709.XSHG,2023-09-05,2023-09-18,2200,17.920000,16.900000,-2244.000000,-0.056920,13
603709.XSHG,2023-09-08,2023-09-18,2500,17.070000,16.900000,-425.000000,-0.009959,10
300736.XSHE,2023-09-08,2023-09-18,4200,12.350000,12.270000,-336.000000,-0.006478,10
300736.XSHE,2023-09-13,2023-09-18,1800,12.340000,12.270000,-126.000000,-0.005673,5
603389.XSHG,2023-05-19,2023-09-19,900,5.340000,6.000000,594.000000,0.123596,123
603389.XSHG,2023-05-24,2023-09-19,1200,5.200000,6.000000,960.000000,0.153846,118
603389.XSHG,2023-05-24,2023-09-21,11500,5.200000,5.820000,7130.000000,0.119231,120
603389.XSHG,2023-05-29,2023-09-21,100,5.200000,5.820000,62.000000,0.119231,115
002652.XSHE,2023-05-19,2023-09-21,300,2.720000,2.950000,69.000000,0.084559,125
002856.XSHE,2023-05-08,2023-09-21,200,10.140000,10.540000,80.000000,0.039448,136
600768.XSHG,2023-07-07,2023-09-21,100,11.090000,10.590000,-50.000000,-0.045086,76
600455.XSHG,2023-07-25,2023-09-21,100,23.480000,22.800000,-68.000000,-0.028961,58
002633.XSHE,2023-08-31,2023-09-21,7200,10.520000,10.370000,-1080.000000,-0.014259,21
300321.XSHE,2023-07-07,2023-09-26,4300,16.600000,17.750000,4945.000000,0.069277,81
603729.XSHG,2023-07-12,2023-09-26,300,15.540000,15.440000,-30.000000,-0.006435,76
002633.XSHE,2023-08-31,2023-09-26,6800,10.520000,10.470000,-340.000000,-0.004753,26
002633.XSHE,2023-09-05,2023-09-26,400,10.830000,10.470000,-144.000000,-0.033241,21
300478.XSHE,2023-05-08,2023-10-09,200,9.600000,11.020000,284.000000,0.147917,154
300417.XSHE,2023-08-15,2023-10-09,5000,11.000000,11.770000,3850.000000,0.070000,55
002652.XSHE,2023-05-19,2023-10-09,3000,2.720000,3.030000,930.000000,0.113971,143
002856.XSHE,2023-05-08,2023-10-09,200,10.140000,10.790000,130.000000,0.064103,154
300321.XSHE,2023-07-07,2023-10-09,1700,16.600000,18.080000,2516.000000,0.089157,94
300321.XSHE,2023-07-28,2023-10-09,100,17.150000,18.080000,93.000000,0.054227,73
300321.XSHE,2023-08-02,2023-10-09,2300,17.130000,18.080000,2185.000000,0.055458,68
603729.XSHG,2023-07-12,2023-10-12,100,15.540000,15.930000,39.000000,0.025097,92
603709.XSHG,2023-09-08,2023-10-12,4200,17.070000,16.570000,-2100.000000,-0.029291,34
603709.XSHG,2023-09-13,2023-10-12,200,16.260000,16.570000,62.000000,0.019065,29
002652.XSHE,2023-05-19,2023-10-13,100,2.720000,3.480000,76.000000,0.279412,147
002652.XSHE,2023-05-24,2023-10-13,200,2.660000,3.480000,164.000000,0.308271,142
002652.XSHE,2023-05-29,2023-10-13,24300,2.680000,3.480000,19440.000000,0.298507,137
002652.XSHE,2023-06-01,2023-10-13,2600,2.570000,3.480000,2366.000000,0.354086,134
002652.XSHE,2023-06-06,2023-10-13,500,2.640000,3.480000,420.000000,0.318182,129
002652.XSHE,2023-06-14,2023-10-13,1600,2.640000,3.480000,1344.000000,0.318182,121
002652.XSHE,2023-06-19,2023-10-13,400,2.610000,3.480000,348.000000,0.333333,116
002652.XSHE,2023-06-26,2023-10-13,3000,2.430000,3.480000,3150.000000,0.432099,109
002652.XSHE,2023-06-29,2023-10-13,2600,2.530000,3.480000,2470.000000,0.375494,106
002652.XSHE,2023-07-07,2023-10-13,200,2.720000,3.480000,152.000000,0.279412,98
002652.XSHE,2023-07-25,2023-10-13,1200,2.780000,3.480000,840.000000,0.251799,80
002652.XSHE,2023-08-02,2023-10-13,2300,2.970000,3.480000,1173.000000,0.171717,72
002652.XSHE,2023-08-07,2023-10-13,600,2.920000,3.480000,336.000000,0.191781,67
300478.XSHE,2023-05-08,2023-10-17,200,9.600000,10.910000,262.000000,0.136458,162
603389.XSHG,2023-05-29,2023-10-17,400,5.200000,5.690000,196.000000,0.094231,141
300417.XSHE,2023-08-15,2023-10-17,800,11.000000,11.280000,224.000000,0.025455,63
300417.XSHE,2023-08-18,2023-10-17,600,11.050000,11.280000,138.000000,0.020814,60
300417.XSHE,2023-09-08,2023-10-17,100,11.650000,11.280000,-37.000000,-0.031760,39
300417.XSHE,2023-09-18,2023-10-17,600,11.440000,11.280000,-96.000000,-0.013986,29
300417.XSHE,2023-09-21,2023-10-17,4000,11.000000,11.280000,1120.000000,0.025455,26
002652.XSHE,2023-08-07,2023-10-17,3400,2.920000,3.250000,1122.000000,0.113014,71
002652.XSHE,2023-08-10,2023-10-17,1900,2.840000,3.250000,779.000000,0.144366,68
002652.XSHE,2023-08-28,2023-10-17,3200,2.840000,3.250000,1312.000000,0.144366,50
002652.XSHE,2023-09-05,2023-10-17,8000,3.090000,3.250000,1280.000000,0.051780,42
300321.XSHE,2023-08-02,2023-10-17,2700,17.130000,17.260000,351.000000,0.007589,76
300321.XSHE,2023-08-07,2023-10-17,1100,16.560000,17.260000,770.000000,0.042271,71
300321.XSHE,2023-08-10,2023-10-17,100,16.290000,17.260000,97.000000,0.059546,68
300321.XSHE,2023-08-31,2023-10-17,100,17.670000,17.260000,-41.000000,-0.023203,47
300321.XSHE,2023-09-08,2023-10-17,100,17.640000,17.260000,-38.000000,-0.021542,39
000691.XSHE,2023-09-13,2023-10-17,200,4.710000,4.420000,-58.000000,-0.061571,34
300417.XSHE,2023-09-21,2023-10-20,3000,11.000000,11.150000,450.000000,0.013636,29
300417.XSHE,2023-09-21,2023-10-20,3600,11.000000,11.150000,540.000000,0.013636,29
002652.XSHE,2023-09-05,2023-10-20,14700,3.090000,3.030000,-882.000000,-0.019417,45
002652.XSHE,2023-09-05,2023-10-20,1200,3.090000,3.030000,-72.000000,-0.019417,45
002652.XSHE,2023-09-08,2023-10-20,4600,3.040000,3.030000,-46.000000,-0.003289,42
300321.XSHE,2023-09-08,2023-10-20,100,17.640000,17.030000,-61.000000,-0.034580,42
300321.XSHE,2023-09-18,2023-10-20,2900,17.300000,17.030000,-783.000000,-0.015607,32
300321.XSHE,2023-09-21,2023-10-20,200,17.520000,17.030000,-98.000000,-0.027968,29
300321.XSHE,2023-09-21,2023-10-20,1100,17.520000,17.030000,-539.000000,-0.027968,29
603729.XSHG,2023-07-12,2023-10-20,400,15.540000,15.000000,-216.000000,-0.034749,100
300478.XSHE,2023-05-08,2023-10-25,700,9.600000,11.430000,1281.000000,0.190625,170
300478.XSHE,2023-05-11,2023-10-25,500,9.520000,11.430000,955.000000,0.200630,167
300417.XSHE,2023-09-21,2023-10-25,400,11.000000,11.500000,200.000000,0.045455,34
300417.XSHE,2023-09-26,2023-10-25,6200,11.280000,11.500000,1364.000000,0.019504,29
002652.XSHE,2023-09-08,2023-10-25,20400,3.040000,3.090000,1020.000000,0.016447,47
002652.XSHE,2023-09-13,2023-10-25,3200,2.950000,3.090000,448.000000,0.047458,42
002856.XSHE,2023-05-08,2023-10-25,200,10.140000,10.570000,86.000000,0.042406,170
603729.XSHG,2023-07-12,2023-10-25,800,15.540000,16.000000,368.000000,0.029601,105
000691.XSHE,2023-09-13,2023-10-25,1000,4.710000,4.530000,-180.000000,-0.038217,42
300478.XSHE,2023-05-11,2023-10-30,200,9.520000,11.880000,472.000000,0.247899,172
603389.XSHG,2023-06-14,2023-10-30,4500,5.140000,6.100000,4320.000000,0.186770,138
603389.XSHG,2023-06-19,2023-10-30,900,5.040000,6.100000,954.000000,0.210317,133
603389.XSHG,2023-06-26,2023-10-30,100,4.800000,6.100000,130.000000,0.270833,126
603389.XSHG,2023-06-29,2023-10-30,300,5.080000,6.100000,306.000000,0.200787,123
603389.XSHG,2023-07-17,2023-10-30,400,5.520000,6.100000,232.000000,0.105072,105
603389.XSHG,2023-07-28,2023-10-30,100,5.710000,6.100000,39.000000,0.068301,94
603389.XSHG,2023-08-02,2023-10-30,5500,5.850000,6.100000,1375.000000,0.042735,89
002652.XSHE,2023-09-13,2023-10-30,18000,2.950000,3.140000,3420.000000,0.064407,47
002652.XSHE,2023-09-13,2023-10-30,4300,2.950000,3.140000,817.000000,0.064407,47
002652.XSHE,2023-09-26,2023-10-30,2100,2.890000,3.140000,525.000000,0.086505,34
002856.XSHE,2023-05-08,2023-10-30,100,10.140000,10.940000,80.000000,0.078895,175
603729.XSHG,2023-07-12,2023-10-30,100,15.540000,16.580000,104.000000,0.066924,110
300929.XSHE,2023-10-09,2023-10-30,200,11.860000,11.710000,-30.000000,-0.012648,21
600768.XSHG,2023-07-07,2023-11-02,200,11.090000,10.850000,-48.000000,-0.021641,118
603729.XSHG,2023-07-12,2023-11-02,300,15.540000,16.990000,435.000000,0.093308,113
000691.XSHE,2023-09-13,2023-11-02,1400,4.710000,4.730000,28.000000,0.004246,50
600539.XSHG,2023-10-17,2023-11-02,1000,6.500000,6.960000,460.000000,0.070769,16
002633.XSHE,2023-10-30,2023-11-07,100,10.500000,10.850000,35.000000,0.033333,8
603729.XSHG,2023-07-12,2023-11-09,10900,15.540000,27.690000,132435.000000,0.781853,120
002633.XSHE,2023-10-30,2023-11-10,7600,10.500000,10.870000,2812.000000,0.035238,11
603389.XSHG,2023-08-02,2023-11-15,100,5.850000,6.210000,36.000000,0.061538,105
002856.XSHE,2023-05-08,2023-11-15,400,10.140000,11.230000,436.000000,0.107495,191
603729.XSHG,2023-07-17,2023-11-15,2700,15.910000,20.510000,12420.000000,0.289126,121
603729.XSHG,2023-07-20,2023-11-15,1300,16.000000,20.510000,5863.000000,0.281875,118
600455.XSHG,2023-07-25,2023-11-15,200,23.480000,24.780000,260.000000,0.055366,113
000691.XSHE,2023-09-13,2023-11-15,1200,4.710000,4.970000,312.000000,0.055202,63
600539.XSHG,2023-10-17,2023-11-15,600,6.500000,7.130000,378.000000,0.096923,29
002856.XSHE,2023-05-08,2023-11-20,800,10.140000,11.660000,1216.000000,0.149901,196
002856.XSHE,2023-05-11,2023-11-20,100,10.080000,11.660000,158.000000,0.156746,193
603729.XSHG,2023-07-20,2023-11-20,3200,16.000000,20.900000,15680.000000,0.306250,123
603729.XSHG,2023-07-25,2023-11-20,200,15.910000,20.900000,998.000000,0.313639,118
603729.XSHG,2023-07-28,2023-11-20,400,15.750000,20.900000,2060.000000,0.326984,115
603729.XSHG,2023-08-02,2023-11-20,100,16.490000,20.900000,441.000000,0.267435,110
603729.XSHG,2023-08-07,2023-11-20,200,15.740000,20.900000,1032.000000,0.327827,105
000691.XSHE,2023-09-13,2023-11-20,400,4.710000,5.060000,140.000000,0.074310,68
600539.XSHG,2023-10-17,2023-11-20,6600,6.500000,7.330000,5478.000000,0.127692,34
600539.XSHG,2023-10-20,2023-11-20,5900,6.360000,7.330000,5723.000000,0.152516,31
600455.XSHG,2023-07-25,2023-11-22,1200,23.480000,27.390000,4692.000000,0.166525,120
600768.XSHG,2023-07-07,2023-11-23,300,11.090000,11.420000,99.000000,0.029757,139
603729.XSHG,2023-08-07,2023-11-23,1200,15.740000,22.870000,8556.000000,0.452986,108
603729.XSHG,2023-08-10,2023-11-23,300,15.350000,22.870000,2256.000000,0.489902,105
603729.XSHG,2023-08-31,2023-11-23,200,16.490000,22.870000,1276.000000,0.386901,84
603729.XSHG,2023-09-05,2023-11-23,400,16.640000,22.870000,2492.000000,0.374399,79
603729.XSHG,2023-09-08,2023-11-23,700,15.800000,22.870000,4949.000000,0.447468,76
603729.XSHG,2023-09-08,2023-11-23,100,15.800000,22.870000,707.000000,0.447468,76
603729.XSHG,2023-09-21,2023-11-23,300,15.240000,22.870000,2289.000000,0.500656,63
603729.XSHG,2023-10-17,2023-11-23,900,15.000000,22.870000,7083.000000,0.524667,37
600455.XSHG,2023-07-25,2023-11-23,1800,23.480000,26.410000,5274.000000,0.124787,121
600455.XSHG,2023-07-28,2023-11-23,1000,23.110000,26.410000,3300.000000,0.142795,118
600539.XSHG,2023-10-20,2023-11-23,11900,6.360000,7.440000,12852.000000,0.169811,34
300478.XSHE,2023-05-11,2023-11-28,300,9.520000,12.300000,834.000000,0.292017,201
600539.XSHG,2023-10-20,2023-11-28,10800,6.360000,7.310000,10260.000000,0.149371,39
002856.XSHE,2023-05-11,2023-11-29,6100,10.080000,14.790000,28731.000000,0.467262,202
002856.XSHE,2023-05-16,2023-11-29,6100,10.150000,14.790000,28304.000000,0.457143,197
002856.XSHE,2023-05-19,2023-11-29,1000,10.210000,14.790000,4580.000000,0.448580,194
002856.XSHE,2023-05-19,2023-12-01,5300,10.210000,14.230000,21306.000000,0.393732,196
002856.XSHE,2023-05-29,2023-12-01,200,10.050000,14.230000,836.000000,0.415920,186
600539.XSHG,2023-10-20,2023-12-01,4800,6.360000,7.310000,4560.000000,0.149371,42
600539.XSHG,2023-10-25,2023-12-01,6800,6.570000,7.310000,5032.000000,0.112633,37
300478.XSHE,2023-05-11,2023-12-06,500,9.520000,12.720000,1600.000000,0.336134,209
603389.XSHG,2023-08-02,2023-12-06,500,5.850000,6.440000,295.000000,0.100855,126
002856.XSHE,2023-05-29,2023-12-06,6300,10.050000,14.960000,30933.000000,0.488557,191
002856.XSHE,2023-06-06,2023-12-06,400,9.990000,14.960000,1988.000000,0.497497,183
600455.XSHG,2023-07-28,2023-12-06,200,23.110000,25.680000,514.000000,0.111207,131
600539.XSHG,2023-10-25,2023-12-06,8800,6.570000,7.500000,8184.000000,0.141553,42
600539.XSHG,2023-10-30,2023-12-06,200,6.740000,7.500000,152.000000,0.112760,37
600539.XSHG,2023-11-10,2023-12-06,3100,6.950000,7.500000,1705.000000,0.079137,26
603389.XSHG,2023-08-02,2023-12-11,7400,5.850000,6.170000,2368.000000,0.054701,131
603389.XSHG,2023-08-07,2023-12-11,3000,5.670000,6.170000,1500.000000,0.088183,126
603389.XSHG,2023-08-15,2023-12-11,500,5.530000,6.170000,320.000000,0.115732,118
603389.XSHG,2023-08-23,2023-12-11,200,5.590000,6.170000,116.000000,0.103757,110
603389.XSHG,2023-08-23,2023-12-11,100,5.590000,6.170000,58.000000,0.103757,110
603389.XSHG,2023-08-28,2023-12-11,1200,5.570000,6.170000,720.000000,0.107720,105
603389.XSHG,2023-08-28,2023-12-11,300,5.570000,6.170000,180.000000,0.107720,105
603389.XSHG,2023-09-26,2023-12-11,100,5.850000,6.170000,32.000000,0.054701,76
603389.XSHG,2023-09-26,2023-12-11,800,5.850000,6.170000,256.000000,0.054701,76
002856.XSHE,2023-06-06,2023-12-11,600,9.990000,13.720000,2238.000000,0.373373,188
002856.XSHE,2023-06-14,2023-12-11,300,9.870000,13.720000,1155.000000,0.390071,180
002856.XSHE,2023-06-19,2023-12-11,300,9.700000,13.720000,1206.000000,0.414433,175
002856.XSHE,2023-06-26,2023-12-11,200,9.220000,13.720000,900.000000,0.488069,168
002856.XSHE,2023-06-29,2023-12-11,1500,9.360000,13.720000,6540.000000,0.465812,165
002856.XSHE,2023-07-07,2023-12-11,200,10.090000,13.720000,726.000000,0.359762,157
002856.XSHE,2023-08-02,2023-12-11,1500,10.800000,13.720000,4380.000000,0.270370,131
002856.XSHE,2023-08-07,2023-12-11,700,10.750000,13.720000,2079.000000,0.276279,126
002856.XSHE,2023-08-15,2023-12-11,300,10.350000,13.720000,1011.000000,0.325604,118
600768.XSHG,2023-07-07,2023-12-11,600,11.090000,11.240000,90.000000,0.013526,157
000691.XSHE,2023-09-13,2023-12-11,1700,4.710000,4.910000,340.000000,0.042463,89
603389.XSHG,2023-09-26,2023-12-14,11400,5.850000,6.420000,6498.000000,0.097436,79
603389.XSHG,2023-10-09,2023-12-14,400,5.740000,6.420000,272.000000,0.118467,66
603389.XSHG,2023-10-09,2023-12-14,2400,5.740000,6.420000,1632.000000,0.118467,66
002856.XSHE,2023-08-15,2023-12-14,1000,10.350000,14.920000,4570.000000,0.441546,121
002856.XSHE,2023-08-23,2023-12-14,100,10.600000,14.920000,432.000000,0.407547,113
002856.XSHE,2023-08-28,2023-12-14,500,10.500000,14.920000,2210.000000,0.420952,108
002856.XSHE,2023-09-05,2023-12-14,600,10.950000,14.920000,2382.000000,0.362557,100
002856.XSHE,2023-09-13,2023-12-14,100,10.520000,14.920000,440.000000,0.418251,92
002856.XSHE,2023-09-18,2023-12-14,100,10.420000,14.920000,450.000000,0.431862,87
002856.XSHE,2023-10-17,2023-12-14,800,10.350000,14.920000,3656.000000,0.441546,58
002856.XSHE,2023-11-10,2023-12-14,2300,10.930000,14.920000,9177.000000,0.365050,34
002856.XSHE,2023-11-23,2023-12-14,800,11.440000,14.920000,2784.000000,0.304196,21
000691.XSHE,2023-09-13,2023-12-14,100,4.710000,5.060000,35.000000,0.074310,92
300417.XSHE,2023-11-10,2023-12-14,100,11.950000,12.550000,60.000000,0.050209,34
300417.XSHE,2023-11-20,2023-12-14,1900,12.410000,12.550000,266.000000,0.011281,24
300417.XSHE,2023-11-23,2023-12-14,5500,12.270000,12.550000,1540.000000,0.022820,21
603389.XSHG,2023-10-09,2023-12-19,12000,5.740000,6.830000,13080.000000,0.189895,71
603389.XSHG,2023-10-20,2023-12-19,100,5.530000,6.830000,130.000000,0.235081,60
603389.XSHG,2023-10-25,2023-12-19,2400,5.730000,6.830000,2640.000000,0.191972,55
603389.XSHG,2023-10-25,2023-12-19,700,5.730000,6.830000,770.000000,0.191972,55
300929.XSHE,2023-10-09,2023-12-19,600,11.860000,11.940000,48.000000,0.006745,71
300417.XSHE,2023-11-23,2023-12-19,6400,12.270000,12.390000,768.000000,0.009780,26
300417.XSHE,2023-12-06,2023-12-19,200,12.530000,12.390000,-28.000000,-0.011173,13
300417.XSHE,2023-12-11,2023-12-19,300,11.830000,12.390000,168.000000,0.047337,8
000691.XSHE,2023-09-13,2023-12-22,500,4.710000,5.220000,255.000000,0.108280,100
002633.XSHE,2023-10-30,2023-12-22,900,10.500000,11.290000,711.000000,0.075238,53
603389.XSHG,2023-10-25,2023-12-27,7300,5.730000,6.580000,6205.000000,0.148342,63
603389.XSHG,2023-11-10,2023-12-27,3300,6.100000,6.580000,1584.000000,0.078689,47
603389.XSHG,2023-11-20,2023-12-27,100,6.330000,6.580000,25.000000,0.039494,37
603389.XSHG,2023-11-23,2023-12-27,3300,6.330000,6.580000,825.000000,0.039494,34
603389.XSHG,2023-11-23,2023-12-27,700,6.330000,6.580000,175.000000,0.039494,34
603389.XSHG,2023-11-28,2023-12-27,600,6.400000,6.580000,108.000000,0.028125,29
603389.XSHG,2023-12-01,2023-12-27,10500,6.330000,6.580000,2625.000000,0.039494,26
600768.XSHG,2023-07-07,2023-12-27,300,11.090000,11.220000,39.000000,0.011722,173
000691.XSHE,2023-09-13,2023-12-27,17300,4.710000,4.970000,4498.000000,0.055202,105
605081.XSHG,2023-11-10,2023-12-27,300,13.930000,13.400000,-159.000000,-0.038047,47
300321.XSHE,2023-12-01,2023-12-27,4900,18.790000,18.490000,-1470.000000,-0.015966,26
300478.XSHE,2023-05-11,2024-01-02,5100,9.520000,12.880000,17136.000000,0.352941,236
300478.XSHE,2023-05-16,2024-01-02,6300,9.660000,12.880000,20286.000000,0.333333,231
300478.XSHE,2023-05-19,2024-01-02,6100,9.890000,12.880000,18239.000000,0.302326,228
300478.XSHE,2023-05-24,2024-01-02,6600,9.700000,12.880000,20988.000000,0.327835,223
300478.XSHE,2023-06-14,2024-01-02,1300,9.660000,12.880000,4186.000000,0.333333,202
300478.XSHE,2023-06-29,2024-01-02,600,9.750000,12.880000,1878.000000,0.321026,187
300478.XSHE,2023-07-12,2024-01-02,500,10.380000,12.880000,1250.000000,0.240848,174
300478.XSHE,2023-07-25,2024-01-02,100,10.640000,12.880000,224.000000,0.210526,161
300478.XSHE,2023-07-28,2024-01-02,100,10.750000,12.880000,213.000000,0.198140,158
300478.XSHE,2023-08-02,2024-01-02,1400,10.830000,12.880000,2870.000000,0.189289,153
300478.XSHE,2023-08-07,2024-01-02,1800,10.450000,12.880000,4374.000000,0.232536,148
300478.XSHE,2023-08-15,2024-01-02,200,10.230000,12.880000,530.000000,0.259042,140
300478.XSHE,2023-09-05,2024-01-02,1200,11.130000,12.880000,2100.000000,0.157233,119
300478.XSHE,2023-09-08,2024-01-02,100,10.920000,12.880000,196.000000,0.179487,116
300478.XSHE,2023-09-18,2024-01-02,100,10.820000,12.880000,206.000000,0.190388,106
300478.XSHE,2023-09-21,2024-01-02,200,10.780000,12.880000,420.000000,0.194805,103
300478.XSHE,2023-09-26,2024-01-02,200,10.670000,12.880000,442.000000,0.207123,98
300478.XSHE,2023-11-10,2024-01-02,1700,12.020000,12.880000,1462.000000,0.071547,53
300478.XSHE,2023-11-23,2024-01-02,1000,12.070000,12.880000,810.000000,0.067109,40
300478.XSHE,2023-12-01,2024-01-02,200,12.430000,12.880000,90.000000,0.036203,32
600768.XSHG,2023-07-07,2024-01-02,4200,11.090000,11.850000,3192.000000,0.068530,179
600768.XSHG,2023-07-17,2024-01-02,5900,11.000000,11.850000,5015.000000,0.077273,169
600768.XSHG,2023-07-20,2024-01-02,6300,11.050000,11.850000,5040.000000,0.072398,166
600768.XSHG,2023-07-25,2024-01-02,6100,11.090000,11.850000,4636.000000,0.068530,161
600768.XSHG,2023-07-28,2024-01-02,6500,11.080000,11.850000,5005.000000,0.069495,158
600768.XSHG,2023-08-02,2024-01-02,1400,11.120000,11.850000,1022.000000,0.065647,153
600768.XSHG,2023-08-07,2024-01-02,1500,10.820000,11.850000,1545.000000,0.095194,148
600768.XSHG,2023-08-18,2024-01-02,500,10.770000,11.850000,540.000000,0.100279,137
600768.XSHG,2023-08-23,2024-01-02,400,10.640000,11.850000,484.000000,0.113722,132
600768.XSHG,2023-08-28,2024-01-02,100,10.650000,11.850000,120.000000,0.112676,127
600768.XSHG,2023-08-31,2024-01-02,500,10.800000,11.850000,525.000000,0.097222,124
600768.XSHG,2023-09-13,2024-01-02,100,10.600000,11.850000,125.000000,0.117925,111
600768.XSHG,2023-09-18,2024-01-02,100,10.510000,11.850000,134.000000,0.127498,106
600768.XSHG,2023-09-26,2024-01-02,100,10.490000,11.850000,136.000000,0.129647,98
600768.XSHG,2023-10-09,2024-01-02,100,10.710000,11.850000,114.000000,0.106443,85
600768.XSHG,2023-10-17,2024-01-02,300,10.430000,11.850000,426.000000,0.136146,77
600768.XSHG,2023-10-20,2024-01-02,100,10.200000,11.850000,165.000000,0.161765,74
600768.XSHG,2023-10-25,2024-01-02,800,10.310000,11.850000,1232.000000,0.149370,69
600768.XSHG,2023-11-07,2024-01-02,100,10.810000,11.850000,104.000000,0.096207,56
600768.XSHG,2023-11-10,2024-01-02,1400,10.960000,11.850000,1246.000000,0.081204,53
600768.XSHG,2023-11-20,2024-01-02,100,11.230000,11.850000,62.000000,0.055209,43
600768.XSHG,2023-12-01,2024-01-02,800,11.430000,11.850000,336.000000,0.036745,32
600768.XSHG,2023-12-06,2024-01-02,200,11.490000,11.850000,72.000000,0.031332,27
600768.XSHG,2023-12-14,2024-01-02,500,11.400000,11.850000,225.000000,0.039474,19
600455.XSHG,2023-07-28,2024-01-02,1900,23.110000,24.980000,3553.000000,0.080917,158
600455.XSHG,2023-08-02,2024-01-02,900,23.050000,24.980000,1737.000000,0.083731,153
600455.XSHG,2023-08-07,2024-01-02,6900,22.550000,24.980000,16767.000000,0.107761,148
600455.XSHG,2023-08-10,2024-01-02,1000,22.320000,24.980000,2660.000000,0.119176,145
600455.XSHG,2023-08-18,2024-01-02,200,22.850000,24.980000,426.000000,0.093217,137
600455.XSHG,2023-08-28,2024-01-02,300,22.990000,24.980000,597.000000,0.086559,127
600455.XSHG,2023-09-05,2024-01-02,400,23.700000,24.980000,512.000000,0.054008,119
600455.XSHG,2023-09-18,2024-01-02,100,22.540000,24.980000,244.000000,0.108252,106
600455.XSHG,2023-09-18,2024-01-02,200,22.540000,24.980000,488.000000,0.108252,106
600455.XSHG,2023-10-17,2024-01-02,100,22.600000,24.980000,238.000000,0.105310,77
600455.XSHG,2023-10-25,2024-01-02,200,22.600000,24.980000,476.000000,0.105310,69
600455.XSHG,2023-10-30,2024-01-02,100,23.160000,24.980000,182.000000,0.078584,64
600455.XSHG,2023-11-02,2024-01-02,200,23.170000,24.980000,362.000000,0.078118,61
600455.XSHG,2023-11-10,2024-01-02,300,23.970000,24.980000,303.000000,0.042136,53
600455.XSHG,2023-12-01,2024-01-02,1000,24.980000,24.980000,0.000000,0.000000,32
600455.XSHG,2023-12-14,2024-01-02,2800,26.250000,24.980000,-3556.000000,-0.048381,19
600455.XSHG,2023-12-19,2024-01-02,500,25.530000,24.980000,-275.000000,-0.021543,14
600455.XSHG,2023-12-27,2024-01-02,1000,23.580000,24.980000,1400.000000,0.059372,6
000691.XSHE,2023-09-13,2024-01-02,19100,4.710000,5.110000,7640.000000,0.084926,111
000691.XSHE,2023-09-18,2024-01-02,34700,4.760000,5.110000,12145.000000,0.073529,106
000691.XSHE,2023-09-21,2024-01-02,2100,4.640000,5.110000,987.000000,0.101293,103
000691.XSHE,2023-09-26,2024-01-02,1200,4.560000,5.110000,660.000000,0.120614,98
000691.XSHE,2023-10-09,2024-01-02,900,4.610000,5.110000,450.000000,0.108460,85
000691.XSHE,2023-10-12,2024-01-02,2400,4.490000,5.110000,1488.000000,0.138085,82
000691.XSHE,2023-10-30,2024-01-02,1400,4.590000,5.110000,728.000000,0.113290,64
000691.XSHE,2023-11-10,2024-01-02,2600,4.830000,5.110000,728.000000,0.057971,53
000691.XSHE,2023-11-23,2024-01-02,1000,5.030000,5.110000,80.000000,0.015905,40
000691.XSHE,2023-12-01,2024-01-02,2200,5.030000,5.110000,176.000000,0.015905,32
000691.XSHE,2023-12-06,2024-01-02,1200,5.000000,5.110000,132.000000,0.022000,27
300929.XSHE,2023-10-09,2024-01-02,3900,11.860000,12.250000,1521.000000,0.032884,85
300929.XSHE,2023-10-12,2024-01-02,5500,11.650000,12.250000,3300.000000,0.051502,82
300929.XSHE,2023-10-17,2024-01-02,22400,11.380000,12.250000,19488.000000,0.076450,77
300929.XSHE,2023-10-20,2024-01-02,100,11.090000,12.250000,116.000000,0.104599,74
300929.XSHE,2023-10-25,2024-01-02,600,11.280000,12.250000,582.000000,0.085993,69
300929.XSHE,2023-11-10,2024-01-02,1500,11.930000,12.250000,480.000000,0.026823,53
300929.XSHE,2023-11-15,2024-01-02,100,12.070000,12.250000,18.000000,0.014913,48
300929.XSHE,2023-11-20,2024-01-02,200,12.160000,12.250000,18.000000,0.007401,43
300929.XSHE,2023-11-23,2024-01-02,400,12.090000,12.250000,64.000000,0.013234,40
300929.XSHE,2023-12-01,2024-01-02,700,12.160000,12.250000,63.000000,0.007401,32
300929.XSHE,2023-12-06,2024-01-02,500,12.120000,12.250000,65.000000,0.010726,27
300929.XSHE,2023-12-14,2024-01-02,900,11.700000,12.250000,495.000000,0.047009,19
300929.XSHE,2023-12-22,2024-01-02,200,12.060000,12.250000,38.000000,0.015755,11
002633.XSHE,2023-10-30,2024-01-02,5300,10.500000,11.690000,6307.000000,0.113333,64
002633.XSHE,2023-11-02,2024-01-02,1500,10.790000,11.690000,1350.000000,0.083411,61
002633.XSHE,2023-11-15,2024-01-02,7500,10.990000,11.690000,5250.000000,0.063694,48
002633.XSHE,2023-11-20,2024-01-02,300,10.920000,11.690000,231.000000,0.070513,43
002633.XSHE,2023-11-23,2024-01-02,8000,10.880000,11.690000,6480.000000,0.074449,40
002633.XSHE,2023-11-28,2024-01-02,7200,10.950000,11.690000,5328.000000,0.067580,35
002633.XSHE,2023-12-01,2024-01-02,9200,10.980000,11.690000,6532.000000,0.064663,32
002633.XSHE,2023-12-06,2024-01-02,700,10.890000,11.690000,560.000000,0.073462,27
002633.XSHE,2023-12-11,2024-01-02,200,10.410000,11.690000,256.000000,0.122959,22
605081.XSHG,2023-11-10,2024-01-02,17100,13.930000,13.990000,1026.000000,0.004307,53
605081.XSHG,2023-11-15,2024-01-02,1300,14.120000,13.990000,-169.000000,-0.009207,48
605081.XSHG,2023-11-20,2024-01-02,11200,14.160000,13.990000,-1904.000000,-0.012006,43
605081.XSHG,2023-11-23,2024-01-02,200,14.200000,13.990000,-42.000000,-0.014789,40
605081.XSHG,2023-12-01,2024-01-02,500,14.300000,13.990000,-155.000000,-0.021678,32
605081.XSHG,2023-12-06,2024-01-02,400,14.230000,13.990000,-96.000000,-0.016866,27
605081.XSHG,2023-12-11,2024-01-02,400,13.520000,13.990000,188.000000,0.034763,22
605081.XSHG,2023-12-14,2024-01-02,100,13.890000,13.990000,10.000000,0.007199,19
605081.XSHG,2023-12-22,2024-01-02,700,13.830000,13.990000,112.000000,0.011569,11
300417.XSHE,2023-12-11,2024-01-02,7100,11.830000,12.720000,6319.000000,0.075232,22
300417.XSHE,2023-12-27,2024-01-02,100,11.830000,12.720000,89.000000,0.075232,6
300321.XSHE,2023-12-01,2024-01-02,1800,18.790000,19.410000,1116.000000,0.032996,32
300321.XSHE,2023-12-06,2024-01-02,9200,18.900000,19.410000,4692.000000,0.026984,27
300321.XSHE,2023-12-11,2024-01-02,4400,18.070000,19.410000,5896.000000,0.074156,22
300321.XSHE,2023-12-14,2024-01-02,3000,18.750000,19.410000,1980.000000,0.035200,19
300321.XSHE,2023-12-19,2024-01-02,100,18.710000,19.410000,70.000000,0.037413,14
300665.XSHE,2023-12-01,2024-01-02,100,8.860000,8.720000,-14.000000,-0.015801,32
300665.XSHE,2023-12-06,2024-01-02,100,8.770000,8.720000,-5.000000,-0.005701,27
300665.XSHE,2023-12-11,2024-01-02,200,8.480000,8.720000,48.000000,0.028302,22
300665.XSHE,2023-12-14,2024-01-02,15500,8.510000,8.720000,3255.000000,0.024677,19
300665.XSHE,2023-12-19,2024-01-02,21400,8.460000,8.720000,5564.000000,0.030733,14
300665.XSHE,2023-12-27,2024-01-02,14400,8.260000,8.720000,6624.000000,0.055690,6
002652.XSHE,2023-12-19,2024-01-02,200,3.210000,3.210000,0.000000,0.000000,14
002652.XSHE,2023-12-22,2024-01-02,200,3.180000,3.210000,6.000000,0.009434,11
002652.XSHE,2023-12-27,2024-01-02,68000,3.080000,3.210000,8840.000000,0.042208,6
511880.XSHG,2024-01-02,2024-02-01,41800,100.094000,100.262000,7022.400000,0.001678,30
600768.XSHG,2024-02-01,2024-02-19,100,9.110000,6.870000,-224.000000,-0.245884,18
605081.XSHG,2024-02-01,2024-02-19,100,11.050000,9.010000,-204.000000,-0.184615,18
300321.XSHE,2024-02-01,2024-02-19,1600,14.560000,10.290000,-6832.000000,-0.293269,18
301040.XSHE,2024-02-06,2024-02-19,500,9.510000,10.250000,370.000000,0.077813,13
300836.XSHE,2024-02-06,2024-02-19,300,14.350000,15.380000,309.000000,0.071777,13
300716.XSHE,2024-02-19,2024-02-21,3200,5.530000,7.880000,7520.000000,0.424955,2
300321.XSHE,2024-02-01,2024-02-22,1700,14.560000,12.800000,-2992.000000,-0.120879,21
300995.XSHE,2024-02-06,2024-02-22,700,10.340000,12.860000,1764.000000,0.243714,16
300886.XSHE,2024-02-06,2024-02-22,100,13.050000,14.950000,190.000000,0.145594,16
300854.XSHE,2024-02-06,2024-02-22,200,9.330000,10.750000,284.000000,0.152197,16
300836.XSHE,2024-02-06,2024-02-22,200,14.350000,17.610000,652.000000,0.227178,16
300069.XSHE,2024-02-06,2024-02-22,300,8.550000,9.470000,276.000000,0.107602,16
000668.XSHE,2024-02-01,2024-02-22,5100,8.900000,7.640000,-6426.000000,-0.141573,21
300321.XSHE,2024-02-01,2024-02-27,700,14.560000,14.830000,189.000000,0.018544,26
300995.XSHE,2024-02-06,2024-02-27,600,10.340000,14.810000,2682.000000,0.432302,21
300886.XSHE,2024-02-06,2024-02-27,300,13.050000,17.300000,1275.000000,0.325670,21
300854.XSHE,2024-02-06,2024-02-27,300,9.330000,12.320000,897.000000,0.320472,21
301040.XSHE,2024-02-06,2024-02-27,300,9.510000,12.990000,1044.000000,0.365931,21
300836.XSHE,2024-02-06,2024-02-27,400,14.350000,21.180000,2732.000000,0.475958,21
300069.XSHE,2024-02-06,2024-02-27,500,8.550000,11.000000,1225.000000,0.286550,21
300716.XSHE,2024-02-19,2024-02-27,300,5.530000,8.560000,909.000000,0.547920,8
002856.XSHE,2024-02-01,2024-03-01,700,9.260000,8.040000,-854.000000,-0.131749,29
605081.XSHG,2024-02-01,2024-03-01,8000,11.050000,10.160000,-7120.000000,-0.080543,29
605081.XSHG,2024-02-06,2024-03-01,1500,8.810000,10.160000,2025.000000,0.153235,24
605081.XSHG,2024-02-27,2024-03-01,200,10.770000,10.160000,-122.000000,-0.056639,3
000668.XSHE,2024-02-01,2024-03-01,5000,8.900000,8.190000,-3550.000000,-0.079775,29
000668.XSHE,2024-02-19,2024-03-01,8600,5.580000,8.190000,22446.000000,0.467742,11
300321.XSHE,2024-02-01,2024-03-01,2100,14.560000,14.080000,-1008.000000,-0.032967,29
300321.XSHE,2024-02-06,2024-03-01,4800,9.370000,14.080000,22608.000000,0.502668,24
300716.XSHE,2024-02-19,2024-03-01,700,5.530000,8.800000,2289.000000,0.591320,11
600768.XSHG,2024-02-01,2024-03-06,200,9.110000,8.010000,-220.000000,-0.120746,34
600455.XSHG,2024-02-01,2024-03-06,500,19.500000,17.990000,-755.000000,-0.077436,34
000668.XSHE,2024-02-19,2024-03-06,400,5.580000,8.140000,1024.000000,0.458781,16
300321.XSHE,2024-02-06,2024-03-06,7300,9.370000,13.610000,30952.000000,0.452508,29
300929.XSHE,2024-02-01,2024-03-06,600,9.790000,8.110000,-1008.000000,-0.171604,34
300995.XSHE,2024-02-06,2024-03-06,6900,10.340000,13.520000,21942.000000,0.307544,29
300995.XSHE,2024-02-19,2024-03-06,300,10.950000,13.520000,771.000000,0.234703,16
300886.XSHE,2024-02-06,2024-03-06,6100,13.050000,15.820000,16897.000000,0.212261,29
300854.XSHE,2024-02-06,2024-03-06,8600,9.330000,11.100000,15222.000000,0.189711,29
300854.XSHE,2024-03-01,2024-03-06,100,11.590000,11.100000,-49.000000,-0.042278,5
301040.XSHE,2024-02-06,2024-03-06,8100,9.510000,11.980000,20007.000000,0.259727,29
300836.XSHE,2024-02-06,2024-03-06,5000,14.350000,19.330000,24900.000000,0.347038,29
300069.XSHE,2024-02-06,2024-03-06,9100,8.550000,9.800000,11375.000000,0.146199,29
300069.XSHE,2024-02-19,2024-03-06,500,8.130000,9.800000,835.000000,0.205412,16
300716.XSHE,2024-02-19,2024-03-06,200,5.530000,8.580000,610.000000,0.551537,16
002193.XSHE,2024-02-19,2024-03-07,4500,3.330000,4.340000,4545.000000,0.303303,17
300417.XSHE,2024-02-01,2024-03-11,300,9.090000,8.050000,-312.000000,-0.114411,39
000668.XSHE,2024-02-19,2024-03-11,11400,5.580000,8.060000,28272.000000,0.444444,21
000668.XSHE,2024-02-27,2024-03-11,600,8.050000,8.060000,6.000000,0.001242,13
300995.XSHE,2024-02-19,2024-03-11,7000,10.950000,14.800000,26950.000000,0.351598,21
300995.XSHE,2024-03-01,2024-03-11,200,14.090000,14.800000,142.000000,0.050390,10
300716.XSHE,2024-02-19,2024-03-11,11000,5.530000,9.200000,40370.000000,0.663653,21
300716.XSHE,2024-02-22,2024-03-11,400,7.510000,9.200000,676.000000,0.225033,18
002633.XSHE,2024-02-01,2024-03-14,700,8.020000,7.760000,-182.000000,-0.032419,42
600455.XSHG,2024-02-01,2024-03-14,4100,19.500000,20.300000,3280.000000,0.041026,42
600455.XSHG,2024-02-06,2024-03-14,1000,15.000000,20.300000,5300.000000,0.353333,37
600455.XSHG,2024-02-22,2024-03-14,600,16.660000,20.300000,2184.000000,0.218487,21
300929.XSHE,2024-02-01,2024-03-14,1300,9.790000,8.990000,-1040.000000,-0.081716,42
600539.XSHG,2024-02-01,2024-03-14,1200,5.470000,4.960000,-612.000000,-0.093236,42
600847.XSHG,2024-02-19,2024-03-14,14600,5.820000,7.810000,29054.000000,0.341924,24
600847.XSHG,2024-02-22,2024-03-14,400,6.900000,7.810000,364.000000,0.131884,21
000691.XSHE,2024-02-22,2024-03-18,6400,3.020000,4.040000,6528.000000,0.337748,25
603389.XSHG,2024-03-14,2024-03-18,4400,4.540000,5.350000,3564.000000,0.178414,4
002633.XSHE,2024-02-01,2024-03-19,700,8.020000,8.390000,259.000000,0.046135,47
300417.XSHE,2024-02-01,2024-03-19,300,9.090000,8.950000,-42.000000,-0.015402,47
600455.XSHG,2024-02-22,2024-03-19,5000,16.660000,20.460000,19000.000000,0.228091,26
002856.XSHE,2024-02-01,2024-03-19,500,9.260000,8.790000,-235.000000,-0.050756,47
600539.XSHG,2024-02-01,2024-03-19,300,5.470000,5.320000,-45.000000,-0.027422,47
000691.XSHE,2024-02-22,2024-03-19,25000,3.020000,3.980000,24000.000000,0.317881,26
000691.XSHE,2024-03-06,2024-03-19,1600,3.250000,3.980000,1168.000000,0.224615,13
605081.XSHG,2024-03-14,2024-03-20,200,10.200000,13.040000,568.000000,0.278431,6
605081.XSHG,2024-03-19,2024-03-20,1000,12.000000,13.040000,1040.000000,0.086667,1
002633.XSHE,2024-02-01,2024-03-22,300,8.020000,8.610000,177.000000,0.073566,50
600768.XSHG,2024-02-01,2024-03-22,200,9.110000,9.500000,78.000000,0.042810,50
600847.XSHG,2024-02-22,2024-03-22,12500,6.900000,8.670000,22125.000000,0.256522,29
600847.XSHG,2024-02-22,2024-03-22,600,6.880000,8.670000,1074.000000,0.260174,29
600847.XSHG,2024-02-27,2024-03-22,1800,7.660000,8.670000,1818.000000,0.131854,24
002193.XSHE,2024-02-19,2024-03-22,1200,3.330000,4.910000,1896.000000,0.474474,32
600847.XSHG,2024-02-27,2024-03-27,3200,7.660000,8.260000,1920.000000,0.078329,29
600847.XSHG,2024-03-01,2024-03-27,9600,7.420000,8.260000,8064.000000,0.113208,26
000691.XSHE,2024-03-06,2024-03-27,31100,3.250000,4.070000,25502.000000,0.252308,21
002633.XSHE,2024-02-01,2024-04-01,9500,8.020000,8.200000,1710.000000,0.022444,60
002633.XSHE,2024-02-19,2024-04-01,19000,5.640000,8.200000,48640.000000,0.453901,42
002633.XSHE,2024-02-22,2024-04-01,11500,6.820000,8.200000,15870.000000,0.202346,39
002633.XSHE,2024-02-22,2024-04-01,1200,6.770000,8.200000,1716.000000,0.211226,39
002633.XSHE,2024-02-27,2024-04-01,10900,7.800000,8.200000,4360.000000,0.051282,34
002633.XSHE,2024-03-11,2024-04-01,2600,7.270000,8.200000,2418.000000,0.127923,21
002633.XSHE,2024-03-11,2024-04-01,13100,7.270000,8.200000,12183.000000,0.127923,21
600768.XSHG,2024-02-01,2024-04-01,9400,9.110000,9.430000,3008.000000,0.035126,60
600768.XSHG,2024-02-06,2024-04-01,15100,6.800000,9.430000,39713.000000,0.386765,55
600768.XSHG,2024-02-22,2024-04-01,11600,7.790000,9.430000,19024.000000,0.210526,39
600768.XSHG,2024-02-27,2024-04-01,12300,8.590000,9.430000,10332.000000,0.097788,34
600768.XSHG,2024-03-11,2024-04-01,11100,8.280000,9.430000,12765.000000,0.138889,21
600768.XSHG,2024-03-14,2024-04-01,600,8.740000,9.430000,414.000000,0.078947,18
600768.XSHG,2024-03-14,2024-04-01,700,8.740000,9.430000,483.000000,0.078947,18
600768.XSHG,2024-03-19,2024-04-01,600,9.260000,9.430000,102.000000,0.018359,13
300417.XSHE,2024-02-01,2024-04-01,9300,9.090000,8.780000,-2883.000000,-0.034103,60
300417.XSHE,2024-02-06,2024-04-01,17800,6.140000,8.780000,46992.000000,0.429967,55
300417.XSHE,2024-02-19,2024-04-01,16000,5.850000,8.780000,46880.000000,0.500855,42
300417.XSHE,2024-02-22,2024-04-01,9000,7.200000,8.780000,14220.000000,0.219444,39
300417.XSHE,2024-02-27,2024-04-01,10300,8.330000,8.780000,4635.000000,0.054022,34
300417.XSHE,2024-03-06,2024-04-01,200,7.650000,8.780000,226.000000,0.147712,26
300417.XSHE,2024-03-14,2024-04-01,1300,8.310000,8.780000,611.000000,0.056558,18
300417.XSHE,2024-03-22,2024-04-01,800,9.000000,8.780000,-176.000000,-0.024444,10
600455.XSHG,2024-02-22,2024-04-01,100,16.660000,20.750000,409.000000,0.245498,39
600455.XSHG,2024-02-27,2024-04-01,5500,18.690000,20.750000,11330.000000,0.110219,34
002856.XSHE,2024-02-01,2024-04-01,8500,9.260000,8.740000,-4420.000000,-0.056156,60
002856.XSHE,2024-02-06,2024-04-01,2900,6.730000,8.740000,5829.000000,0.298663,55
002856.XSHE,2024-02-19,2024-04-01,15000,6.160000,8.740000,38700.000000,0.418831,42
002856.XSHE,2024-02-22,2024-04-01,11000,7.370000,8.740000,15070.000000,0.185889,39
002856.XSHE,2024-02-22,2024-04-01,200,7.470000,8.740000,254.000000,0.170013,39
002856.XSHE,2024-02-27,2024-04-01,12400,8.200000,8.740000,6696.000000,0.065854,34
002856.XSHE,2024-03-06,2024-04-01,1200,7.500000,8.740000,1488.000000,0.165333,26
002856.XSHE,2024-03-11,2024-04-01,400,7.740000,8.740000,400.000000,0.129199,21
002856.XSHE,2024-03-11,2024-04-01,13200,7.740000,8.740000,13200.000000,0.129199,21
002856.XSHE,2024-03-14,2024-04-01,200,8.150000,8.740000,118.000000,0.072393,18
300929.XSHE,2024-02-01,2024-04-01,7300,9.790000,9.530000,-1898.000000,-0.026558,60
300929.XSHE,2024-02-06,2024-04-01,15100,7.010000,9.530000,38052.000000,0.359486,55
300929.XSHE,2024-02-19,2024-04-01,12700,6.900000,9.530000,33401.000000,0.381159,42
300929.XSHE,2024-02-22,2024-04-01,12300,7.700000,9.530000,22509.000000,0.237662,39
300929.XSHE,2024-02-27,2024-04-01,11300,8.660000,9.530000,9831.000000,0.100462,34
300929.XSHE,2024-03-11,2024-04-01,700,8.320000,9.530000,847.000000,0.145433,21
300929.XSHE,2024-03-19,2024-04-01,400,9.540000,9.530000,-4.000000,-0.001048,13
600539.XSHG,2024-02-01,2024-04-01,14900,5.470000,5.400000,-1043.000000,-0.012797,60
600539.XSHG,2024-02-06,2024-04-01,3900,4.190000,5.400000,4719.000000,0.288783,55
600539.XSHG,2024-02-19,2024-04-01,24100,3.840000,5.400000,37596.000000,0.406250,42
600539.XSHG,2024-02-22,2024-04-01,20600,4.380000,5.400000,21012.000000,0.232877,39
600539.XSHG,2024-02-27,2024-04-01,7300,4.910000,5.400000,3577.000000,0.099796,34
600539.XSHG,2024-03-01,2024-04-01,13700,4.720000,5.400000,9316.000000,0.144068,31
600539.XSHG,2024-03-06,2024-04-01,22400,4.480000,5.400000,20608.000000,0.205357,26
600539.XSHG,2024-03-11,2024-04-01,500,4.640000,5.400000,380.000000,0.163793,21
600539.XSHG,2024-03-22,2024-04-01,300,5.410000,5.400000,-3.000000,-0.001848,10
600539.XSHG,2024-03-27,2024-04-01,100,5.200000,5.400000,20.000000,0.038462,5
600847.XSHG,2024-03-01,2024-04-01,12000,7.420000,8.460000,12480.000000,0.140162,31
600847.XSHG,2024-03-06,2024-04-01,15000,6.970000,8.460000,22350.000000,0.213773,26
600847.XSHG,2024-03-19,2024-04-01,600,8.260000,8.460000,120.000000,0.024213,13
002193.XSHE,2024-02-19,2024-04-01,19900,3.330000,4.730000,27860.000000,0.420420,42
002193.XSHE,2024-02-22,2024-04-01,23400,3.870000,4.730000,20124.000000,0.222222,39
002193.XSHE,2024-03-01,2024-04-01,20600,4.350000,4.730000,7828.000000,0.087356,31
002193.XSHE,2024-03-06,2024-04-01,51200,4.020000,4.730000,36352.000000,0.176617,26
002193.XSHE,2024-03-11,2024-04-01,2400,4.260000,4.730000,1128.000000,0.110329,21
002193.XSHE,2024-03-14,2024-04-01,1200,4.450000,4.730000,336.000000,0.062921,18
002193.XSHE,2024-03-19,2024-04-01,100,4.760000,4.730000,-3.000000,-0.006303,13
002193.XSHE,2024-03-27,2024-04-01,3800,4.630000,4.730000,380.000000,0.021598,5
000691.XSHE,2024-03-06,2024-04-01,52200,3.250000,4.040000,41238.000000,0.243077,26
000691.XSHE,2024-03-14,2024-04-01,2900,3.580000,4.040000,1334.000000,0.128492,18
000691.XSHE,2024-03-22,2024-04-01,800,4.020000,4.040000,16.000000,0.004975,10
605081.XSHG,2024-03-19,2024-04-01,17800,12.000000,11.700000,-5340.000000,-0.025000,13
605081.XSHG,2024-03-22,2024-04-01,900,12.440000,11.700000,-666.000000,-0.059486,10
605081.XSHG,2024-03-27,2024-04-01,900,11.570000,11.700000,117.000000,0.011236,5
001211.XSHE,2024-03-19,2024-04-01,1500,17.270000,17.480000,315.000000,0.012160,13
001211.XSHE,2024-03-22,2024-04-01,6800,17.680000,17.480000,-1360.000000,-0.011312,10
001211.XSHE,2024-03-27,2024-04-01,12000,17.000000,17.480000,5760.000000,0.028235,5
603813.XSHG,2024-03-19,2024-04-01,100,12.210000,13.360000,115.000000,0.094185,13
511880.XSHG,2024-04-01,2024-05-06,51200,100.562000,100.703000,7219.200000,0.001402,35
603389.XSHG,2024-03-14,2024-05-06,42600,4.540000,4.680000,5964.000000,0.030837,53
603389.XSHG,2024-03-19,2024-05-06,900,5.250000,4.680000,-513.000000,-0.108571,48
603389.XSHG,2024-03-22,2024-05-06,2200,5.100000,4.680000,-924.000000,-0.082353,45
002193.XSHE,2024-05-06,2024-05-07,1200,3.760000,3.970000,252.000000,0.055851,1
002633.XSHE,2024-05-06,2024-05-07,1200,6.620000,7.220000,720.000000,0.090634,1
600847.XSHG,2024-05-06,2024-05-10,600,7.250000,7.670000,252.000000,0.057931,4
000668.XSHE,2024-05-06,2024-05-14,100,7.380000,7.700000,32.000000,0.043360,8
600847.XSHG,2024-05-06,2024-05-16,3600,7.250000,8.050000,2880.000000,0.110345,10
300329.XSHE,2024-05-14,2024-05-17,200,4.460000,4.680000,44.000000,0.049327,3
600847.XSHG,2024-05-06,2024-05-22,400,7.250000,7.910000,264.000000,0.091034,16
300417.XSHE,2024-05-06,2024-05-27,1700,7.660000,7.610000,-85.000000,-0.006527,21
002856.XSHE,2024-05-06,2024-05-27,1900,7.600000,7.800000,380.000000,0.026316,21
002629.XSHE,2024-05-06,2024-05-27,4200,2.370000,2.250000,-504.000000,-0.050633,21
000668.XSHE,2024-05-06,2024-05-27,200,7.380000,7.400000,4.000000,0.002710,21
600539.XSHG,2024-05-06,2024-05-27,1100,4.820000,4.820000,0.000000,0.000000,21
600847.XSHG,2024-05-06,2024-05-27,11100,7.250000,7.380000,1443.000000,0.017931,21
600847.XSHG,2024-05-09,2024-05-27,2100,7.490000,7.380000,-231.000000,-0.014686,18
603021.XSHG,2024-05-06,2024-05-27,8300,3.490000,3.450000,-332.000000,-0.011461,21
002629.XSHE,2024-05-06,2024-05-30,300,2.370000,2.270000,-30.000000,-0.042194,24
600847.XSHG,2024-05-09,2024-05-30,12800,7.490000,7.430000,-768.000000,-0.008011,21
600847.XSHG,2024-05-14,2024-05-30,2400,7.140000,7.430000,696.000000,0.040616,16
002856.XSHE,2024-05-06,2024-05-30,13000,7.600000,8.220000,8060.000000,0.081579,24
002856.XSHE,2024-05-09,2024-05-30,5500,7.830000,8.220000,2145.000000,0.049808,21
002856.XSHE,2024-05-09,2024-06-04,8800,7.830000,7.980000,1320.000000,0.019157,26
002856.XSHE,2024-05-14,2024-06-04,5200,7.560000,7.980000,2184.000000,0.055556,21
600847.XSHG,2024-05-14,2024-06-04,15000,7.140000,6.650000,-7350.000000,-0.068627,21
600847.XSHG,2024-05-17,2024-06-04,200,7.980000,6.650000,-266.000000,-0.166667,18
603021.XSHG,2024-05-06,2024-06-04,100,3.490000,3.130000,-36.000000,-0.103152,29
600455.XSHG,2024-05-06,2024-06-04,600,17.860000,16.010000,-1110.000000,-0.103583,29
300329.XSHE,2024-05-14,2024-06-04,6500,4.460000,4.030000,-2795.000000,-0.096413,21
300417.XSHE,2024-05-06,2024-06-06,13100,7.660000,7.630000,-393.000000,-0.003916,31
300417.XSHE,2024-05-09,2024-06-06,300,7.790000,7.630000,-48.000000,-0.020539,28
002633.XSHE,2024-05-06,2024-06-07,1200,6.620000,5.910000,-852.000000,-0.107251,32
300417.XSHE,2024-05-09,2024-06-07,6600,7.790000,7.000000,-5214.000000,-0.101412,29
002856.XSHE,2024-05-14,2024-06-07,10300,7.560000,8.320000,7828.000000,0.100529,24
002856.XSHE,2024-05-17,2024-06-07,6200,8.160000,8.320000,992.000000,0.019608,21
600455.XSHG,2024-05-06,2024-06-07,5700,17.860000,14.910000,-16815.000000,-0.165174,32
600455.XSHG,2024-05-09,2024-06-07,1600,17.880000,14.910000,-4752.000000,-0.166107,29
300716.XSHE,2024-05-17,2024-06-07,15100,7.250000,5.480000,-26727.000000,-0.244138,21
000668.XSHE,2024-05-06,2024-06-11,900,7.380000,6.120000,-1134.000000,-0.170732,36
600539.XSHG,2024-05-06,2024-06-11,2800,4.820000,3.790000,-2884.000000,-0.213693,36
300716.XSHE,2024-05-17,2024-06-11,1000,7.250000,6.030000,-1220.000000,-0.168276,25
300716.XSHE,2024-06-04,2024-06-11,100,6.450000,6.030000,-42.000000,-0.065116,7
300417.XSHE,2024-05-09,2024-06-13,7700,7.790000,7.740000,-385.000000,-0.006418,35
300417.XSHE,2024-05-14,2024-06-13,6300,7.420000,7.740000,2016.000000,0.043127,30
002856.XSHE,2024-05-17,2024-06-13,6500,8.160000,9.780000,10530.000000,0.198529,27
002856.XSHE,2024-05-22,2024-06-13,5600,7.790000,9.780000,11144.000000,0.255456,22
002629.XSHE,2024-05-06,2024-06-13,8100,2.370000,1.970000,-3240.000000,-0.168776,38
600539.XSHG,2024-05-06,2024-06-13,1600,4.820000,4.070000,-1200.000000,-0.155602,38
603021.XSHG,2024-05-06,2024-06-13,3300,3.490000,2.860000,-2079.000000,-0.180516,38
300716.XSHE,2024-06-04,2024-06-13,16100,6.450000,6.240000,-3381.000000,-0.032558,9
002193.XSHE,2024-05-06,2024-06-18,800,3.760000,3.000000,-608.000000,-0.202128,43
002633.XSHE,2024-05-06,2024-06-18,3500,6.620000,6.180000,-1540.000000,-0.066465,43
300417.XSHE,2024-05-14,2024-06-18,9900,7.420000,7.450000,297.000000,0.004043,35
300417.XSHE,2024-05-17,2024-06-18,3600,7.840000,7.450000,-1404.000000,-0.049745,32
002856.XSHE,2024-05-22,2024-06-18,10600,7.790000,11.550000,39856.000000,0.482670,27
000668.XSHE,2024-05-06,2024-06-18,1100,7.380000,6.210000,-1287.000000,-0.158537,43
600455.XSHG,2024-05-09,2024-06-18,4900,17.880000,14.970000,-14259.000000,-0.162752,40
600455.XSHG,2024-05-14,2024-06-18,1900,17.040000,14.970000,-3933.000000,-0.121479,35
000679.XSHE,2024-06-04,2024-06-19,100,2.810000,2.530000,-28.000000,-0.099644,15
000679.XSHE,2024-06-07,2024-06-19,200,2.220000,2.530000,62.000000,0.139640,12
300417.XSHE,2024-05-17,2024-06-21,10500,7.840000,7.720000,-1260.000000,-0.015306,35
300417.XSHE,2024-05-22,2024-06-21,3300,7.630000,7.720000,297.000000,0.011796,30
002629.XSHE,2024-05-06,2024-06-21,1100,2.370000,1.740000,-693.000000,-0.265823,46
600455.XSHG,2024-05-14,2024-06-21,5100,17.040000,15.060000,-10098.000000,-0.116197,38
600455.XSHG,2024-05-17,2024-06-21,1700,18.170000,15.060000,-5287.000000,-0.171161,35
300329.XSHE,2024-05-14,2024-06-21,18600,4.460000,3.600000,-15996.000000,-0.192825,38
300329.XSHE,2024-05-27,2024-06-21,8900,4.420000,3.600000,-7298.000000,-0.185520,25
603272.XSHG,2024-06-04,2024-06-21,400,9.680000,8.490000,-476.000000,-0.122934,17
300417.XSHE,2024-05-22,2024-06-26,12200,7.630000,7.900000,3294.000000,0.035387,35
300417.XSHE,2024-06-04,2024-06-26,400,7.050000,7.900000,340.000000,0.120567,22
000668.XSHE,2024-05-06,2024-06-26,13100,7.380000,5.870000,-19781.000000,-0.204607,51
000668.XSHE,2024-05-09,2024-06-26,4100,7.770000,5.870000,-7790.000000,-0.244530,48
600455.XSHG,2024-05-17,2024-06-26,4200,18.170000,13.950000,-17724.000000,-0.232251,40
600455.XSHG,2024-05-27,2024-06-26,2100,16.830000,13.950000,-6048.000000,-0.171123,30
603272.XSHG,2024-06-04,2024-06-26,1300,9.680000,8.200000,-1924.000000,-0.152893,22
002629.XSHE,2024-05-06,2024-07-01,2200,2.370000,1.540000,-1826.000000,-0.350211,56
000668.XSHE,2024-05-09,2024-07-01,1900,7.770000,6.250000,-2888.000000,-0.195624,53
600539.XSHG,2024-05-06,2024-07-01,800,4.820000,3.640000,-944.000000,-0.244813,56
603021.XSHG,2024-05-06,2024-07-01,2700,3.490000,2.580000,-2457.000000,-0.260745,56
600455.XSHG,2024-05-27,2024-07-01,100,16.830000,14.700000,-213.000000,-0.126560,35
300329.XSHE,2024-05-27,2024-07-01,900,4.420000,3.730000,-621.000000,-0.156109,35
300329.XSHE,2024-05-30,2024-07-01,1400,4.300000,3.730000,-798.000000,-0.132558,32
603272.XSHG,2024-06-04,2024-07-01,500,9.680000,8.550000,-565.000000,-0.116736,27
002193.XSHE,2024-05-06,2024-07-03,1200,3.760000,3.130000,-756.000000,-0.167553,58
000668.XSHE,2024-05-09,2024-07-03,4700,7.770000,7.280000,-2303.000000,-0.063063,55
002629.XSHE,2024-05-06,2024-07-04,1800,2.370000,1.670000,-1260.000000,-0.295359,59
000668.XSHE,2024-05-09,2024-07-04,3400,7.770000,6.470000,-4420.000000,-0.167310,56
000668.XSHE,2024-05-17,2024-07-04,5200,8.110000,6.470000,-8528.000000,-0.202219,48
300329.XSHE,2024-05-30,2024-07-04,1500,4.300000,4.140000,-240.000000,-0.037209,35
600539.XSHG,2024-05-06,2024-07-04,1200,4.820000,3.870000,-1140.000000,-0.197095,59
000679.XSHE,2024-06-07,2024-07-05,26300,2.220000,3.170000,24985.000000,0.427928,28
000679.XSHE,2024-06-13,2024-07-05,13600,2.800000,3.170000,5032.000000,0.132143,22
002629.XSHE,2024-05-06,2024-07-08,5900,2.370000,1.630000,-4366.000000,-0.312236,63
002193.XSHE,2024-05-06,2024-07-09,1100,3.760000,2.850000,-1001.000000,-0.242021,64
002629.XSHE,2024-05-06,2024-07-09,4400,2.370000,1.630000,-3256.000000,-0.312236,64
300329.XSHE,2024-05-30,2024-07-09,20500,4.300000,4.150000,-3075.000000,-0.034884,40
300329.XSHE,2024-06-07,2024-07-09,1200,3.550000,4.150000,720.000000,0.169014,32
300329.XSHE,2024-06-13,2024-07-09,100,3.870000,4.150000,28.000000,0.072351,26
300329.XSHE,2024-06-18,2024-07-09,1400,3.590000,4.150000,784.000000,0.155989,21
300329.XSHE,2024-06-26,2024-07-09,2900,3.450000,4.150000,2030.000000,0.202899,13
603272.XSHG,2024-06-04,2024-07-09,600,9.680000,8.390000,-774.000000,-0.133264,35
000679.XSHE,2024-06-13,2024-07-09,10200,2.800000,2.560000,-2448.000000,-0.085714,26
000953.XSHE,2024-06-18,2024-07-09,2600,2.470000,2.390000,-208.000000,-0.032389,21
002633.XSHE,2024-05-06,2024-07-12,3700,6.620000,6.000000,-2294.000000,-0.093656,67
000679.XSHE,2024-06-13,2024-07-12,40600,2.800000,2.680000,-4872.000000,-0.042857,29
000953.XSHE,2024-06-18,2024-07-12,27300,2.470000,2.620000,4095.000000,0.060729,24
000953.XSHE,2024-06-21,2024-07-12,24400,2.410000,2.620000,5124.000000,0.087137,21
002193.XSHE,2024-05-06,2024-07-16,20100,3.760000,3.250000,-10251.000000,-0.135638,71
002633.XSHE,2024-05-06,2024-07-17,1300,6.620000,6.000000,-806.000000,-0.093656,72
300329.XSHE,2024-06-26,2024-07-17,23200,3.450000,3.980000,12296.000000,0.153623,21
000679.XSHE,2024-06-13,2024-07-17,18100,2.800000,2.520000,-5068.000000,-0.100000,34
000679.XSHE,2024-06-18,2024-07-17,15100,2.450000,2.520000,1057.000000,0.028571,29
000953.XSHE,2024-06-21,2024-07-17,36200,2.410000,2.550000,5068.000000,0.058091,26
000679.XSHE,2024-06-18,2024-07-18,12100,2.450000,2.960000,6171.000000,0.208163,30
000953.XSHE,2024-06-21,2024-07-19,15700,2.410000,2.950000,8478.000000,0.224066,28
000668.XSHE,2024-05-17,2024-07-22,700,8.110000,5.700000,-1687.000000,-0.297164,66
000679.XSHE,2024-06-18,2024-07-22,23600,2.450000,2.790000,8024.000000,0.138776,34
000679.XSHE,2024-06-21,2024-07-22,6400,2.490000,2.790000,1920.000000,0.120482,31
000953.XSHE,2024-06-21,2024-07-22,12700,2.410000,2.790000,4826.000000,0.157676,31
000953.XSHE,2024-06-26,2024-07-22,16200,2.320000,2.790000,7614.000000,0.202586,26
002193.XSHE,2024-05-06,2024-07-23,5800,3.760000,3.230000,-3074.000000,-0.140957,78
002193.XSHE,2024-05-09,2024-07-23,700,3.970000,3.230000,-518.000000,-0.186398,75
000679.XSHE,2024-06-21,2024-07-23,3100,2.490000,3.190000,2170.000000,0.281124,32
002193.XSHE,2024-05-09,2024-07-25,700,3.970000,3.160000,-567.000000,-0.204030,77
002633.XSHE,2024-05-06,2024-07-25,6300,6.620000,6.650000,189.000000,0.004532,80
002633.XSHE,2024-05-09,2024-07-25,16200,7.110000,6.650000,-7452.000000,-0.064698,77
002633.XSHE,2024-05-14,2024-07-25,500,6.780000,6.650000,-65.000000,-0.019174,72
000679.XSHE,2024-06-21,2024-07-25,25600,2.490000,3.050000,14336.000000,0.224900,34
000679.XSHE,2024-06-26,2024-07-25,1000,2.340000,3.050000,710.000000,0.303419,29
000679.XSHE,2024-07-01,2024-07-25,4700,2.360000,3.050000,3243.000000,0.292373,24
000953.XSHE,2024-06-26,2024-07-25,31800,2.320000,2.630000,9858.000000,0.133621,29
002633.XSHE,2024-05-14,2024-07-30,12600,6.780000,6.690000,-1134.000000,-0.013274,77
002629.XSHE,2024-05-06,2024-07-30,4400,2.370000,1.590000,-3432.000000,-0.329114,85
000668.XSHE,2024-05-17,2024-07-30,1700,8.110000,6.140000,-3349.000000,-0.242910,74
600539.XSHG,2024-05-06,2024-07-30,600,4.820000,3.660000,-696.000000,-0.240664,85
603021.XSHG,2024-05-06,2024-07-30,5000,3.490000,2.580000,-4550.000000,-0.260745,85
000953.XSHE,2024-06-26,2024-07-30,17500,2.320000,2.950000,11025.000000,0.271552,34
000953.XSHE,2024-07-01,2024-07-30,12000,2.360000,2.950000,7080.000000,0.250000,29
000953.XSHE,2024-07-04,2024-07-30,7500,2.500000,2.950000,3375.000000,0.180000,26
002633.XSHE,2024-05-14,2024-08-02,4600,6.780000,6.870000,414.000000,0.013274,80
002633.XSHE,2024-05-17,2024-08-02,10200,7.250000,6.870000,-3876.000000,-0.052414,77
002629.XSHE,2024-05-06,2024-08-02,11000,2.370000,1.720000,-7150.000000,-0.274262,88
603021.XSHG,2024-05-06,2024-08-02,4700,3.490000,2.760000,-3431.000000,-0.209169,88
600455.XSHG,2024-05-27,2024-08-02,100,16.830000,14.740000,-209.000000,-0.124183,67
002620.XSHE,2024-07-17,2024-08-02,100,2.300000,2.610000,31.000000,0.134783,16
002620.XSHE,2024-07-22,2024-08-02,28300,2.320000,2.610000,8207.000000,0.125000,11
002620.XSHE,2024-07-25,2024-08-02,12000,2.370000,2.610000,2880.000000,0.101266,8
002193.XSHE,2024-05-09,2024-08-07,27300,3.970000,3.760000,-5733.000000,-0.052897,90
002193.XSHE,2024-05-14,2024-08-07,10000,3.910000,3.760000,-1500.000000,-0.038363,85
002633.XSHE,2024-05-17,2024-08-07,4500,7.250000,7.080000,-765.000000,-0.023448,82
002633.XSHE,2024-05-22,2024-08-07,11100,7.300000,7.080000,-2442.000000,-0.030137,77
600455.XSHG,2024-05-27,2024-08-07,1000,16.830000,15.540000,-1290.000000,-0.076649,72
002620.XSHE,2024-07-25,2024-08-07,46000,2.370000,2.860000,22540.000000,0.206751,13
600768.XSHG,2024-07-09,2024-08-09,5200,6.730000,7.210000,2496.000000,0.071322,31
002633.XSHE,2024-05-22,2024-08-12,2900,7.300000,7.150000,-435.000000,-0.020548,82
002633.XSHE,2024-06-04,2024-08-12,2400,6.430000,7.150000,1728.000000,0.111975,69
002633.XSHE,2024-06-13,2024-08-12,3000,6.140000,7.150000,3030.000000,0.164495,60
002633.XSHE,2024-07-04,2024-08-12,2600,5.980000,7.150000,3042.000000,0.195652,39
002633.XSHE,2024-07-04,2024-08-12,2100,5.980000,7.150000,2457.000000,0.195652,39
002633.XSHE,2024-07-09,2024-08-12,1400,5.630000,7.150000,2128.000000,0.269982,34
002633.XSHE,2024-07-22,2024-08-12,1100,5.880000,7.150000,1397.000000,0.215986,21
002629.XSHE,2024-05-06,2024-08-12,4600,2.370000,1.740000,-2898.000000,-0.265823,98
002629.XSHE,2024-05-09,2024-08-12,7000,2.470000,1.740000,-5110.000000,-0.295547,95
000668.XSHE,2024-05-17,2024-08-12,6300,8.110000,6.520000,-10017.000000,-0.196054,87
000668.XSHE,2024-05-22,2024-08-12,12400,7.560000,6.520000,-12896.000000,-0.137566,82
600539.XSHG,2024-05-06,2024-08-12,1300,4.820000,3.850000,-1261.000000,-0.201245,98
603021.XSHG,2024-05-06,2024-08-12,1400,3.490000,2.760000,-1022.000000,-0.209169,98
603272.XSHG,2024-06-04,2024-08-12,900,9.680000,8.690000,-891.000000,-0.102273,69
002629.XSHE,2024-05-09,2024-08-14,35200,2.470000,2.000000,-16544.000000,-0.190283,97
603272.XSHG,2024-06-04,2024-08-15,1000,9.680000,8.950000,-730.000000,-0.075413,72
600768.XSHG,2024-07-09,2024-08-15,900,6.730000,7.290000,504.000000,0.083210,37
002620.XSHE,2024-07-25,2024-08-15,11200,2.370000,2.700000,3696.000000,0.139241,21
002620.XSHE,2024-07-30,2024-08-15,32500,2.470000,2.700000,7475.000000,0.093117,16
600455.XSHG,2024-05-27,2024-08-20,1400,16.830000,15.280000,-2170.000000,-0.092097,85
300478.XSHE,2024-08-02,2024-08-20,23900,7.310000,8.490000,28202.000000,0.161423,18
300478.XSHE,2024-08-02,2024-08-23,5700,7.310000,7.570000,1482.000000,0.035568,21
300478.XSHE,2024-08-07,2024-08-23,3900,7.130000,7.570000,1716.000000,0.061711,16
002193.XSHE,2024-05-14,2024-08-23,18900,3.910000,3.580000,-6237.000000,-0.084399,101
002193.XSHE,2024-05-17,2024-08-23,18900,4.080000,3.580000,-9450.000000,-0.122549,98
603021.XSHG,2024-05-06,2024-08-28,5100,3.490000,2.690000,-4080.000000,-0.229226,114
600455.XSHG,2024-05-27,2024-08-28,2800,16.830000,15.270000,-4368.000000,-0.092692,93
600455.XSHG,2024-06-13,2024-08-28,1200,15.510000,15.270000,-288.000000,-0.015474,76
600455.XSHG,2024-07-04,2024-08-28,100,15.290000,15.270000,-2.000000,-0.001308,55
600455.XSHG,2024-07-09,2024-08-28,4400,14.260000,15.270000,4444.000000,0.070827,50
300665.XSHE,2024-08-12,2024-08-28,100,5.160000,4.950000,-21.000000,-0.040698,16
300665.XSHE,2024-08-20,2024-08-28,18400,5.530000,4.950000,-10672.000000,-0.104882,8
002193.XSHE,2024-05-17,2024-09-02,5200,4.080000,3.760000,-1664.000000,-0.078431,108
600539.XSHG,2024-05-06,2024-09-02,4000,4.820000,3.810000,-4040.000000,-0.209544,119
600455.XSHG,2024-07-09,2024-09-02,2400,14.260000,15.880000,3888.000000,0.113604,55
600455.XSHG,2024-07-17,2024-09-02,4200,13.860000,15.880000,8484.000000,0.145743,47
600768.XSHG,2024-07-09,2024-09-02,600,6.730000,7.080000,210.000000,0.052006,55
002620.XSHE,2024-07-30,2024-09-02,33100,2.470000,2.650000,5958.000000,0.072874,34
002620.XSHE,2024-08-12,2024-09-02,7700,2.570000,2.650000,616.000000,0.031128,21
002620.XSHE,2024-08-28,2024-09-02,600,2.530000,2.650000,72.000000,0.047431,5
300929.XSHE,2024-08-12,2024-09-02,300,7.540000,7.180000,-108.000000,-0.047745,21
002193.XSHE,2024-05-17,2024-09-05,4100,4.080000,3.800000,-1148.000000,-0.068627,111
002193.XSHE,2024-05-22,2024-09-05,28100,3.900000,3.800000,-2810.000000,-0.025641,106
002629.XSHE,2024-05-09,2024-09-05,2600,2.470000,1.730000,-1924.000000,-0.299595,119
002629.XSHE,2024-05-14,2024-09-05,800,2.370000,1.730000,-512.000000,-0.270042,114
600539.XSHG,2024-05-06,2024-09-05,600,4.820000,3.740000,-648.000000,-0.224066,122
600455.XSHG,2024-07-17,2024-09-05,6700,13.860000,15.990000,14271.000000,0.153680,50
600455.XSHG,2024-07-17,2024-09-05,600,13.860000,15.990000,1278.000000,0.153680,50
600768.XSHG,2024-07-09,2024-09-05,500,6.730000,6.970000,120.000000,0.035661,58
002193.XSHE,2024-05-22,2024-09-10,4200,3.900000,3.900000,0.000000,0.000000,111
002193.XSHE,2024-06-04,2024-09-10,4700,3.430000,3.900000,2209.000000,0.137026,98
002193.XSHE,2024-06-07,2024-09-10,11200,2.890000,3.900000,11312.000000,0.349481,95
002193.XSHE,2024-06-13,2024-09-10,1200,3.130000,3.900000,924.000000,0.246006,89
002193.XSHE,2024-06-21,2024-09-10,300,2.950000,3.900000,285.000000,0.322034,81
002193.XSHE,2024-07-04,2024-09-10,7200,3.000000,3.900000,6480.000000,0.300000,68
002629.XSHE,2024-05-14,2024-09-10,1300,2.370000,1.770000,-780.000000,-0.253165,119
000668.XSHE,2024-05-22,2024-09-10,2200,7.560000,6.230000,-2926.000000,-0.175926,111
600539.XSHG,2024-05-06,2024-09-10,1100,4.820000,3.840000,-1078.000000,-0.203320,127
600455.XSHG,2024-07-17,2024-09-10,900,13.860000,15.640000,1602.000000,0.128427,55
600455.XSHG,2024-07-22,2024-09-10,2500,13.850000,15.640000,4475.000000,0.129242,50
600455.XSHG,2024-07-25,2024-09-10,3100,13.420000,15.640000,6882.000000,0.165425,47
600768.XSHG,2024-07-09,2024-09-10,15600,6.730000,7.110000,5928.000000,0.056464,63
603316.XSHG,2024-08-12,2024-09-10,28500,3.810000,3.680000,-3705.000000,-0.034121,29
603316.XSHG,2024-08-15,2024-09-10,600,3.780000,3.680000,-60.000000,-0.026455,26
603316.XSHG,2024-08-20,2024-09-10,400,3.720000,3.680000,-16.000000,-0.010753,21
603316.XSHG,2024-08-23,2024-09-10,200,3.500000,3.680000,36.000000,0.051429,18
000668.XSHE,2024-05-22,2024-09-12,2800,7.560000,6.650000,-2548.000000,-0.120370,113
000668.XSHE,2024-05-30,2024-09-12,100,7.110000,6.650000,-46.000000,-0.064698,105
000668.XSHE,2024-06-04,2024-09-12,800,6.510000,6.650000,112.000000,0.021505,100
002629.XSHE,2024-05-14,2024-09-13,6400,2.370000,1.840000,-3392.000000,-0.223629,122
000668.XSHE,2024-06-04,2024-09-13,15700,6.510000,6.510000,0.000000,0.000000,101
603021.XSHG,2024-05-06,2024-09-13,600,3.490000,2.790000,-420.000000,-0.200573,130
600455.XSHG,2024-07-25,2024-09-13,1400,13.420000,16.200000,3892.000000,0.207154,50
600455.XSHG,2024-07-30,2024-09-13,3600,14.020000,16.200000,7848.000000,0.155492,45
600455.XSHG,2024-08-12,2024-09-13,1800,14.640000,16.200000,2808.000000,0.106557,32
600455.XSHG,2024-08-15,2024-09-13,300,14.690000,16.200000,453.000000,0.102791,29
600768.XSHG,2024-07-09,2024-09-13,1600,6.730000,7.380000,1040.000000,0.096582,66
600768.XSHG,2024-07-17,2024-09-13,14700,6.520000,7.380000,12642.000000,0.131902,58
603316.XSHG,2024-08-23,2024-09-13,20500,3.500000,3.740000,4920.000000,0.068571,21
603316.XSHG,2024-08-28,2024-09-13,8500,3.570000,3.740000,1445.000000,0.047619,16
603316.XSHG,2024-09-02,2024-09-13,500,3.730000,3.740000,5.000000,0.002681,11
603316.XSHG,2024-09-05,2024-09-13,400,3.620000,3.740000,48.000000,0.033149,8
002856.XSHE,2024-08-28,2024-09-13,200,6.600000,6.630000,6.000000,0.004545,16
002193.XSHE,2024-07-04,2024-09-20,200,3.000000,3.890000,178.000000,0.296667,78
002193.XSHE,2024-07-12,2024-09-20,100,2.880000,3.890000,101.000000,0.350694,70
002193.XSHE,2024-07-17,2024-09-20,4100,3.150000,3.890000,3034.000000,0.234921,65
002193.XSHE,2024-07-22,2024-09-20,8000,2.980000,3.890000,7280.000000,0.305369,60
002193.XSHE,2024-08-02,2024-09-20,100,3.470000,3.890000,42.000000,0.121037,49
002193.XSHE,2024-08-12,2024-09-20,8000,3.490000,3.890000,3200.000000,0.114613,39
002193.XSHE,2024-08-15,2024-09-20,600,3.520000,3.890000,222.000000,0.105114,36
002193.XSHE,2024-08-20,2024-09-20,100,3.460000,3.890000,43.000000,0.124277,31
002193.XSHE,2024-08-28,2024-09-20,7600,3.420000,3.890000,3572.000000,0.137427,23
000668.XSHE,2024-06-04,2024-09-20,2900,6.510000,6.540000,87.000000,0.004608,108
000668.XSHE,2024-06-07,2024-09-20,200,5.870000,6.540000,134.000000,0.114140,105
000668.XSHE,2024-06-13,2024-09-20,700,6.420000,6.540000,84.000000,0.018692,99
000668.XSHE,2024-06-21,2024-09-20,800,6.080000,6.540000,368.000000,0.075658,91
000668.XSHE,2024-07-09,2024-09-20,1100,5.960000,6.540000,638.000000,0.097315,73
000668.XSHE,2024-07-17,2024-09-20,11100,5.660000,6.540000,9768.000000,0.155477,65
600539.XSHG,2024-05-06,2024-09-20,1800,4.820000,3.940000,-1584.000000,-0.182573,137
600768.XSHG,2024-07-17,2024-09-20,15500,6.520000,7.540000,15810.000000,0.156442,65
002856.XSHE,2024-08-28,2024-09-20,15600,6.600000,7.150000,8580.000000,0.083333,23
002856.XSHE,2024-09-02,2024-09-20,6300,6.810000,7.150000,2142.000000,0.049927,18
002193.XSHE,2024-08-28,2024-09-25,27700,3.420000,4.150000,20221.000000,0.213450,28
002193.XSHE,2024-09-13,2024-09-25,1500,3.860000,4.150000,435.000000,0.075130,12
002629.XSHE,2024-05-14,2024-09-25,1300,2.370000,1.890000,-624.000000,-0.202532,134
600539.XSHG,2024-05-06,2024-09-25,1300,4.820000,4.110000,-923.000000,-0.147303,142
603021.XSHG,2024-05-06,2024-09-25,1400,3.490000,2.910000,-812.000000,-0.166189,142
603021.XSHG,2024-05-09,2024-09-25,4000,3.520000,2.910000,-2440.000000,-0.173295,139
600768.XSHG,2024-07-17,2024-09-25,4500,6.520000,7.650000,5085.000000,0.173313,70
600768.XSHG,2024-07-22,2024-09-25,10200,6.440000,7.650000,12342.000000,0.187888,65
300929.XSHE,2024-08-12,2024-09-25,400,7.540000,7.260000,-112.000000,-0.037135,44
002856.XSHE,2024-09-02,2024-09-25,100,6.810000,7.510000,70.000000,0.102790,23
002620.XSHE,2024-09-10,2024-09-25,2400,2.540000,2.720000,432.000000,0.070866,15
002629.XSHE,2024-05-14,2024-09-30,7300,2.370000,2.160000,-1533.000000,-0.088608,139
000668.XSHE,2024-07-17,2024-09-30,2900,5.660000,7.860000,6380.000000,0.388693,75
603021.XSHG,2024-05-09,2024-09-30,5600,3.520000,3.340000,-1008.000000,-0.051136,144
300478.XSHE,2024-08-07,2024-09-30,200,7.130000,8.240000,222.000000,0.155680,54
002856.XSHE,2024-09-02,2024-09-30,16300,6.810000,8.500000,27547.000000,0.248164,28
002620.XSHE,2024-09-10,2024-09-30,2400,2.540000,3.100000,1344.000000,0.220472,20
002620.XSHE,2024-09-13,2024-09-30,300,2.540000,3.100000,168.000000,0.220472,17
002629.XSHE,2024-05-14,2024-10-10,500,2.370000,2.170000,-100.000000,-0.084388,149
603272.XSHG,2024-06-04,2024-10-10,100,9.680000,9.710000,3.000000,0.003099,128
300478.XSHE,2024-08-07,2024-10-10,2200,7.130000,8.510000,3036.000000,0.193548,64
300929.XSHE,2024-08-12,2024-10-10,500,7.540000,8.170000,315.000000,0.083554,59
002856.XSHE,2024-09-02,2024-10-10,9000,6.810000,9.380000,23130.000000,0.377386,38
002856.XSHE,2024-09-05,2024-10-10,3600,6.470000,9.380000,10476.000000,0.449768,35
002856.XSHE,2024-09-10,2024-10-10,5600,6.490000,9.380000,16184.000000,0.445300,30
002629.XSHE,2024-05-14,2024-10-15,700,2.370000,2.230000,-98.000000,-0.059072,154
002856.XSHE,2024-09-10,2024-10-15,14400,6.490000,9.940000,49680.000000,0.531587,35
002620.XSHE,2024-09-13,2024-10-15,900,2.540000,3.100000,504.000000,0.220472,32
300665.XSHE,2024-09-13,2024-10-15,100,5.060000,6.070000,101.000000,0.199605,32
300665.XSHE,2024-09-25,2024-10-15,20500,5.170000,6.070000,18450.000000,0.174081,20
300929.XSHE,2024-08-12,2024-10-15,14200,7.540000,9.010000,20874.000000,0.194960,64
300929.XSHE,2024-08-15,2024-10-15,5600,7.560000,9.010000,8120.000000,0.191799,61
600539.XSHG,2024-05-06,2024-10-18,3900,4.820000,4.520000,-1170.000000,-0.062241,165
603021.XSHG,2024-05-09,2024-10-18,3600,3.520000,3.230000,-1044.000000,-0.082386,162
603272.XSHG,2024-06-04,2024-10-18,2100,9.680000,10.000000,672.000000,0.033058,136
300478.XSHE,2024-08-07,2024-10-18,800,7.130000,8.490000,1088.000000,0.190743,72
002620.XSHE,2024-09-13,2024-10-18,42200,2.540000,3.000000,19412.000000,0.181102,35
300665.XSHE,2024-09-25,2024-10-18,23400,5.170000,6.140000,22698.000000,0.187621,23
600193.XSHG,2024-09-25,2024-10-18,100,2.650000,2.680000,3.000000,0.011321,23
600193.XSHG,2024-09-30,2024-10-18,100,2.780000,2.680000,-10.000000,-0.035971,18
600193.XSHG,2024-10-10,2024-10-18,200,2.570000,2.680000,22.000000,0.042802,8
600193.XSHG,2024-10-15,2024-10-18,47100,2.830000,2.680000,-7065.000000,-0.053004,3
600193.XSHG,2024-10-15,2024-10-18,1500,2.780000,2.680000,-150.000000,-0.035971,3
603021.XSHG,2024-05-09,2024-10-21,19300,3.520000,3.830000,5983.000000,0.088068,165
603021.XSHG,2024-05-14,2024-10-21,4900,3.320000,3.830000,2499.000000,0.153614,160
002856.XSHE,2024-09-10,2024-10-23,13600,6.490000,9.430000,39984.000000,0.453005,43
002856.XSHE,2024-10-18,2024-10-23,200,9.560000,9.430000,-26.000000,-0.013598,5
300665.XSHE,2024-09-25,2024-10-23,8000,5.170000,6.620000,11600.000000,0.280464,28
300665.XSHE,2024-09-30,2024-10-23,6800,5.730000,6.620000,6052.000000,0.155323,23
300665.XSHE,2024-10-10,2024-10-23,6200,6.010000,6.620000,3782.000000,0.101498,13
002629.XSHE,2024-05-14,2024-10-24,22800,2.370000,2.620000,5700.000000,0.105485,163
600539.XSHG,2024-05-06,2024-10-28,1500,4.820000,5.780000,1440.000000,0.199170,175
600539.XSHG,2024-05-09,2024-10-28,24300,4.780000,5.780000,24300.000000,0.209205,172
600539.XSHG,2024-05-14,2024-10-28,7800,4.620000,5.780000,9048.000000,0.251082,167
000668.XSHE,2024-07-17,2024-10-30,5700,5.660000,8.900000,18468.000000,0.572438,105
000668.XSHE,2024-07-25,2024-10-30,300,5.710000,8.900000,957.000000,0.558669,97
600539.XSHG,2024-05-14,2024-10-31,17600,4.620000,5.780000,20416.000000,0.251082,170
600539.XSHG,2024-05-17,2024-10-31,11900,4.860000,5.780000,10948.000000,0.189300,167
603272.XSHG,2024-06-04,2024-10-31,3300,9.680000,12.360000,8844.000000,0.276860,149
603272.XSHG,2024-06-07,2024-10-31,11300,8.300000,12.360000,45878.000000,0.489157,146
600768.XSHG,2024-07-22,2024-10-31,5100,6.440000,9.600000,16116.000000,0.490683,101
600768.XSHG,2024-07-25,2024-10-31,2400,6.320000,9.600000,7872.000000,0.518987,98
600768.XSHG,2024-07-30,2024-10-31,1100,6.560000,9.600000,3344.000000,0.463415,93
600768.XSHG,2024-08-02,2024-10-31,500,6.810000,9.600000,1395.000000,0.409692,90
600768.XSHG,2024-08-07,2024-10-31,2300,6.780000,9.600000,6486.000000,0.415929,85
600768.XSHG,2024-08-12,2024-10-31,1000,7.100000,9.600000,2500.000000,0.352113,80
600768.XSHG,2024-08-20,2024-10-31,700,7.100000,9.600000,1750.000000,0.352113,72
600768.XSHG,2024-08-28,2024-10-31,200,6.670000,9.600000,586.000000,0.439280,64
002620.XSHE,2024-09-13,2024-10-31,39900,2.540000,3.580000,41496.000000,0.409449,48
002620.XSHE,2024-09-20,2024-10-31,3900,2.580000,3.580000,3900.000000,0.387597,41
603021.XSHG,2024-05-14,2024-10-31,32000,3.320000,6.190000,91840.000000,0.864458,170
603021.XSHG,2024-05-17,2024-10-31,28100,3.600000,6.190000,72779.000000,0.719444,167
603021.XSHG,2024-05-22,2024-10-31,7900,3.570000,6.190000,20698.000000,0.733894,162
603021.XSHG,2024-05-30,2024-10-31,3600,3.380000,6.190000,10116.000000,0.831361,154
603021.XSHG,2024-06-07,2024-10-31,14000,2.560000,6.190000,50820.000000,1.417969,146
603021.XSHG,2024-06-18,2024-10-31,38900,2.680000,6.190000,136539.000000,1.309701,135
603021.XSHG,2024-06-21,2024-10-31,1600,2.620000,6.190000,5712.000000,1.362595,132
002620.XSHE,2024-09-20,2024-11-01,1700,2.580000,3.730000,1955.000000,0.445736,42
002719.XSHE,2024-10-18,2024-11-04,100,6.520000,8.530000,201.000000,0.308282,17
002719.XSHE,2024-10-23,2024-11-04,12000,6.810000,8.530000,20640.000000,0.252570,12
002629.XSHE,2024-05-14,2024-11-05,9000,2.370000,2.870000,4500.000000,0.210970,175
002629.XSHE,2024-05-17,2024-11-05,3300,2.380000,2.870000,1617.000000,0.205882,172
000668.XSHE,2024-07-25,2024-11-05,17300,5.710000,8.810000,53630.000000,0.542907,103
000668.XSHE,2024-08-02,2024-11-05,600,6.360000,8.810000,1470.000000,0.385220,95
000668.XSHE,2024-08-07,2024-11-05,1400,6.410000,8.810000,3360.000000,0.374415,90
600539.XSHG,2024-05-17,2024-11-05,11200,4.860000,5.800000,10528.000000,0.193416,172
600539.XSHG,2024-05-22,2024-11-05,16500,4.900000,5.800000,14850.000000,0.183673,167
603021.XSHG,2024-06-21,2024-11-05,700,2.620000,4.900000,1596.000000,0.870229,137
603021.XSHG,2024-06-26,2024-11-05,1000,2.460000,4.900000,2440.000000,0.991870,132
603021.XSHG,2024-07-04,2024-11-05,3300,2.730000,4.900000,7161.000000,0.794872,124
603021.XSHG,2024-07-09,2024-11-05,5600,2.500000,4.900000,13440.000000,0.960000,119
603021.XSHG,2024-07-17,2024-11-05,3500,2.460000,4.900000,8540.000000,0.991870,111
603021.XSHG,2024-07-22,2024-11-05,4000,2.400000,4.900000,10000.000000,1.041667,106
603021.XSHG,2024-07-25,2024-11-05,1700,2.390000,4.900000,4267.000000,1.050209,103
603272.XSHG,2024-06-07,2024-11-05,13200,8.300000,12.560000,56232.000000,0.513253,151
600768.XSHG,2024-08-28,2024-11-05,2100,6.670000,9.550000,6048.000000,0.431784,69
600768.XSHG,2024-09-30,2024-11-05,400,8.250000,9.550000,520.000000,0.157576,36
600768.XSHG,2024-10-10,2024-11-05,100,8.310000,9.550000,124.000000,0.149218,26
600768.XSHG,2024-10-18,2024-11-05,5900,8.490000,9.550000,6254.000000,0.124853,18
600768.XSHG,2024-10-18,2024-11-05,8300,8.490000,9.550000,8798.000000,0.124853,18
300478.XSHE,2024-08-07,2024-11-05,19300,7.130000,11.060000,75849.000000,0.551192,90
300478.XSHE,2024-08-12,2024-11-05,4500,7.350000,11.060000,16695.000000,0.504762,85
002620.XSHE,2024-09-20,2024-11-05,38100,2.580000,3.690000,42291.000000,0.430233,46
002620.XSHE,2024-10-10,2024-11-05,4500,3.000000,3.690000,3105.000000,0.230000,26
002620.XSHE,2024-10-23,2024-11-05,1900,3.240000,3.690000,855.000000,0.138889,13
002620.XSHE,2024-10-28,2024-11-05,100,3.520000,3.690000,17.000000,0.048295,8
002629.XSHE,2024-05-17,2024-11-06,22100,2.380000,3.300000,20332.000000,0.386555,173
000668.XSHE,2024-08-07,2024-11-06,100,6.410000,10.180000,377.000000,0.588144,91
000668.XSHE,2024-08-15,2024-11-06,2200,6.390000,10.180000,8338.000000,0.593114,83
000668.XSHE,2024-08-28,2024-11-06,1800,5.930000,10.180000,7650.000000,0.716695,70
000668.XSHE,2024-09-02,2024-11-06,2000,6.350000,10.180000,7660.000000,0.603150,65
002629.XSHE,2024-05-17,2024-11-08,28500,2.380000,3.260000,25080.000000,0.369748,175
002629.XSHE,2024-05-22,2024-11-08,15200,2.270000,3.260000,15048.000000,0.436123,170
000668.XSHE,2024-09-02,2024-11-08,200,6.350000,9.980000,726.000000,0.571654,67
000668.XSHE,2024-09-05,2024-11-08,14400,5.960000,9.980000,57888.000000,0.674497,64
600539.XSHG,2024-05-22,2024-11-08,4200,4.900000,6.800000,7980.000000,0.387755,170
600539.XSHG,2024-06-04,2024-11-08,6300,4.260000,6.800000,16002.000000,0.596244,157
600539.XSHG,2024-06-07,2024-11-08,8500,3.600000,6.800000,27200.000000,0.888889,154
600539.XSHG,2024-06-18,2024-11-08,2500,3.800000,6.800000,7500.000000,0.789474,143
600539.XSHG,2024-06-26,2024-11-08,1900,3.500000,6.800000,6270.000000,0.942857,135
600539.XSHG,2024-07-09,2024-11-08,1800,3.680000,6.800000,5616.000000,0.847826,122
600539.XSHG,2024-07-17,2024-11-08,5700,3.530000,6.800000,18639.000000,0.926346,114
603021.XSHG,2024-07-25,2024-11-08,1700,2.390000,5.140000,4675.000000,1.150628,106
603021.XSHG,2024-08-07,2024-11-08,4800,2.760000,5.140000,11424.000000,0.862319,93
603021.XSHG,2024-08-15,2024-11-08,3300,2.750000,5.140000,7887.000000,0.869091,85
603021.XSHG,2024-09-02,2024-11-08,5600,2.750000,5.140000,13384.000000,0.869091,67
603021.XSHG,2024-09-05,2024-11-08,700,2.680000,5.140000,1722.000000,0.917910,64
603021.XSHG,2024-09-20,2024-11-08,6100,2.740000,5.140000,14640.000000,0.875912,49
603021.XSHG,2024-10-10,2024-11-08,100,3.200000,5.140000,194.000000,0.606250,29
603021.XSHG,2024-10-15,2024-11-08,12200,3.230000,5.140000,23302.000000,0.591331,24
603272.XSHG,2024-06-07,2024-11-08,10700,8.300000,13.670000,57459.000000,0.646988,154
603272.XSHG,2024-06-13,2024-11-08,2400,9.020000,13.670000,11160.000000,0.515521,148
300478.XSHE,2024-08-12,2024-11-08,13400,7.350000,11.800000,59630.000000,0.605442,88
300478.XSHE,2024-08-15,2024-11-08,400,7.270000,11.800000,1812.000000,0.623109,85
002719.XSHE,2024-10-23,2024-11-08,15000,6.810000,9.100000,34350.000000,0.336270,16
002719.XSHE,2024-10-31,2024-11-08,8600,7.280000,9.100000,15652.000000,0.250000,8
002629.XSHE,2024-05-22,2024-11-12,19300,2.270000,3.630000,26248.000000,0.599119,174
002629.XSHE,2024-05-22,2024-11-13,21400,2.270000,3.660000,29746.000000,0.612335,175
002629.XSHE,2024-06-04,2024-11-13,4700,2.060000,3.660000,7520.000000,0.776699,162
002629.XSHE,2024-06-07,2024-11-13,16300,1.750000,3.660000,31133.000000,1.091429,159
002629.XSHE,2024-06-18,2024-11-13,11300,1.750000,3.660000,21583.000000,1.091429,148
000668.XSHE,2024-09-05,2024-11-13,3200,5.960000,9.880000,12544.000000,0.657718,69
000668.XSHE,2024-09-25,2024-11-13,800,6.640000,9.880000,2592.000000,0.487952,49
000668.XSHE,2024-10-10,2024-11-13,100,7.490000,9.880000,239.000000,0.319092,34
000668.XSHE,2024-10-15,2024-11-13,200,7.450000,9.880000,486.000000,0.326174,29
000668.XSHE,2024-10-15,2024-11-13,7000,7.450000,9.880000,17010.000000,0.326174,29
000668.XSHE,2024-10-18,2024-11-13,6300,7.220000,9.880000,16758.000000,0.368421,26
600539.XSHG,2024-07-17,2024-11-13,200,3.530000,7.300000,754.000000,1.067989,119
600539.XSHG,2024-07-22,2024-11-13,100,3.510000,7.300000,379.000000,1.079772,114
600539.XSHG,2024-07-25,2024-11-13,3700,3.460000,7.300000,14208.000000,1.109827,111
600539.XSHG,2024-08-07,2024-11-13,2800,3.840000,7.300000,9688.000000,0.901042,98
600539.XSHG,2024-08-15,2024-11-13,2600,3.830000,7.300000,9022.000000,0.906005,90
600539.XSHG,2024-08-28,2024-11-13,5200,3.520000,7.300000,19656.000000,1.073864,77
600539.XSHG,2024-09-13,2024-11-13,2500,3.840000,7.300000,8650.000000,0.901042,61
600539.XSHG,2024-09-30,2024-11-13,2600,4.500000,7.300000,7280.000000,0.622222,44
600539.XSHG,2024-10-15,2024-11-13,4800,4.480000,7.300000,13536.000000,0.629464,29
600539.XSHG,2024-10-23,2024-11-13,2900,4.890000,7.300000,6989.000000,0.492843,21
603272.XSHG,2024-06-13,2024-11-13,9200,9.020000,14.100000,46736.000000,0.563193,153
603272.XSHG,2024-06-18,2024-11-13,600,8.500000,14.100000,3360.000000,0.658824,148
603272.XSHG,2024-07-04,2024-11-13,2600,8.780000,14.100000,13832.000000,0.605923,132
603272.XSHG,2024-07-17,2024-11-13,1400,8.030000,14.100000,8498.000000,0.755915,119
002719.XSHE,2024-10-31,2024-11-13,17100,7.280000,8.690000,24111.000000,0.193681,13
301273.XSHE,2024-11-05,2024-11-13,100,18.340000,20.220000,188.000000,0.102508,8
605303.XSHG,2024-11-05,2024-11-13,25500,7.910000,8.900000,25245.000000,0.125158,8
603955.XSHG,2024-10-18,2024-11-14,9500,8.310000,20.250000,113430.000000,1.436823,27
603955.XSHG,2024-10-23,2024-11-14,5700,9.560000,20.250000,60933.000000,1.118201,22
603955.XSHG,2024-10-31,2024-11-14,1600,9.820000,20.250000,16688.000000,1.062118,14
002629.XSHE,2024-06-18,2024-11-18,7500,1.750000,3.370000,12150.000000,0.925714,153
002629.XSHE,2024-06-26,2024-11-18,30600,1.480000,3.370000,57834.000000,1.277027,145
002629.XSHE,2024-07-12,2024-11-18,8900,1.570000,3.370000,16020.000000,1.146497,129
000668.XSHE,2024-10-18,2024-11-18,16200,7.220000,9.340000,34344.000000,0.293629,31
000668.XSHE,2024-10-18,2024-11-18,2600,7.220000,9.340000,5512.000000,0.293629,31
603272.XSHG,2024-07-17,2024-11-18,1200,8.030000,14.800000,8124.000000,0.843088,124
603272.XSHG,2024-07-22,2024-11-18,100,7.870000,14.800000,693.000000,0.880559,119
603272.XSHG,2024-07-25,2024-11-18,100,7.780000,14.800000,702.000000,0.902314,116
603272.XSHG,2024-07-30,2024-11-18,700,8.380000,14.800000,4494.000000,0.766110,111
603272.XSHG,2024-08-02,2024-11-18,1900,8.500000,14.800000,11970.000000,0.741176,108
603272.XSHG,2024-08-07,2024-11-18,700,8.610000,14.800000,4333.000000,0.718931,103
603272.XSHG,2024-08-20,2024-11-18,1900,8.650000,14.800000,11685.000000,0.710983,90
603272.XSHG,2024-09-02,2024-11-18,100,8.670000,14.800000,613.000000,0.707036,77
603272.XSHG,2024-09-05,2024-11-18,300,8.440000,14.800000,1908.000000,0.753555,74
603272.XSHG,2024-09-10,2024-11-18,300,8.560000,14.800000,1872.000000,0.728972,69
603272.XSHG,2024-09-13,2024-11-18,600,8.640000,14.800000,3696.000000,0.712963,66
603272.XSHG,2024-09-20,2024-11-18,400,8.690000,14.800000,2444.000000,0.703107,59
603272.XSHG,2024-09-25,2024-11-18,600,8.900000,14.800000,3540.000000,0.662921,54
603272.XSHG,2024-09-30,2024-11-18,1900,9.660000,14.800000,9766.000000,0.532091,49
603272.XSHG,2024-10-15,2024-11-18,600,9.860000,14.800000,2964.000000,0.501014,34
603272.XSHG,2024-10-23,2024-11-18,2000,10.710000,14.800000,8180.000000,0.381886,26
603272.XSHG,2024-10-28,2024-11-18,100,11.770000,14.800000,303.000000,0.257434,21
300478.XSHE,2024-08-15,2024-11-18,200,7.270000,10.600000,666.000000,0.458047,95
002719.XSHE,2024-10-31,2024-11-18,21300,7.280000,8.190000,19383.000000,0.125000,18
603880.XSHG,2024-10-31,2024-11-18,400,4.310000,4.520000,84.000000,0.048724,18
002856.XSHE,2024-11-05,2024-11-18,300,9.420000,10.170000,225.000000,0.079618,13
605303.XSHG,2024-11-05,2024-11-18,20700,7.910000,8.450000,11178.000000,0.068268,13
002629.XSHE,2024-07-12,2024-11-21,5200,1.570000,3.330000,9152.000000,1.121019,132
002629.XSHE,2024-07-17,2024-11-21,7800,1.520000,3.330000,14118.000000,1.190789,127
002629.XSHE,2024-07-22,2024-11-21,7000,1.480000,3.330000,12950.000000,1.250000,122
002629.XSHE,2024-07-25,2024-11-21,1900,1.490000,3.330000,3496.000000,1.234899,119
002629.XSHE,2024-08-07,2024-11-21,13400,1.690000,3.330000,21976.000000,0.970414,106
002629.XSHE,2024-08-15,2024-11-21,15800,1.880000,3.330000,22910.000000,0.771277,98
002629.XSHE,2024-08-20,2024-11-21,100,1.770000,3.330000,156.000000,0.881356,93
002629.XSHE,2024-08-23,2024-11-21,100,1.640000,3.330000,169.000000,1.030488,90
002629.XSHE,2024-08-28,2024-11-21,1600,1.680000,3.330000,2640.000000,0.982143,85
300478.XSHE,2024-08-15,2024-11-21,1200,7.270000,10.940000,4404.000000,0.504814,98
300478.XSHE,2024-08-28,2024-11-21,3300,6.910000,10.940000,13299.000000,0.583213,85
300478.XSHE,2024-09-02,2024-11-21,200,7.240000,10.940000,740.000000,0.511050,80
300478.XSHE,2024-09-05,2024-11-21,800,6.960000,10.940000,3184.000000,0.571839,77
300478.XSHE,2024-09-10,2024-11-21,12400,7.100000,10.940000,47616.000000,0.540845,72
002719.XSHE,2024-10-31,2024-11-21,16800,7.280000,8.180000,15120.000000,0.123626,21
002719.XSHE,2024-11-05,2024-11-21,5500,8.000000,8.180000,990.000000,0.022500,16
002856.XSHE,2024-11-05,2024-11-21,17900,9.420000,10.250000,14857.000000,0.088110,16
301273.XSHE,2024-11-05,2024-11-21,9100,18.340000,19.620000,11648.000000,0.069793,16
301273.XSHE,2024-11-08,2024-11-21,300,19.540000,19.620000,24.000000,0.004094,13
605303.XSHG,2024-11-05,2024-11-21,800,7.910000,8.700000,632.000000,0.099874,16
603709.XSHG,2024-11-05,2024-11-21,100,10.130000,11.080000,95.000000,0.093781,16
603709.XSHG,2024-11-13,2024-11-21,1900,10.890000,11.080000,361.000000,0.017447,8
002629.XSHE,2024-08-28,2024-11-26,7000,1.680000,3.240000,10920.000000,0.928571,90
002629.XSHE,2024-08-28,2024-11-26,10600,1.680000,3.240000,16536.000000,0.928571,90
002629.XSHE,2024-09-02,2024-11-26,3200,1.750000,3.240000,4768.000000,0.851429,85
002629.XSHE,2024-09-20,2024-11-26,7100,1.820000,3.240000,10082.000000,0.780220,67
002629.XSHE,2024-10-18,2024-11-26,5500,2.150000,3.240000,5995.000000,0.506977,39
002629.XSHE,2024-10-23,2024-11-26,3200,2.350000,3.240000,2848.000000,0.378723,34
002629.XSHE,2024-10-28,2024-11-26,13700,2.690000,3.240000,7535.000000,0.204461,29
002629.XSHE,2024-10-31,2024-11-26,5100,2.700000,3.240000,2754.000000,0.200000,26
603813.XSHG,2024-09-13,2024-11-26,300,8.970000,12.460000,1047.000000,0.389075,74
300665.XSHE,2024-10-10,2024-11-26,400,6.010000,6.950000,376.000000,0.156406,47
603880.XSHG,2024-10-31,2024-11-26,3100,4.310000,4.610000,930.000000,0.069606,26
002856.XSHE,2024-11-05,2024-11-26,17600,9.420000,10.320000,15840.000000,0.095541,21
002856.XSHE,2024-11-08,2024-11-26,500,10.280000,10.320000,20.000000,0.003891,18
605303.XSHG,2024-11-05,2024-11-26,17000,7.910000,8.510000,10200.000000,0.075853,21
605303.XSHG,2024-11-08,2024-11-26,3700,8.320000,8.510000,703.000000,0.022837,18
002193.XSHE,2024-11-05,2024-11-26,2500,4.870000,5.120000,625.000000,0.051335,21
603709.XSHG,2024-11-13,2024-11-26,9300,10.890000,11.030000,1302.000000,0.012856,13
603709.XSHG,2024-11-18,2024-11-26,7100,10.630000,11.030000,2840.000000,0.037629,8
002620.XSHE,2024-11-18,2024-11-26,600,3.680000,3.780000,60.000000,0.027174,8
600455.XSHG,2024-11-21,2024-11-26,300,22.110000,23.190000,324.000000,0.048847,5
603880.XSHG,2024-10-31,2024-11-29,800,4.310000,4.730000,336.000000,0.097448,29
603880.XSHG,2024-11-05,2024-11-29,100,4.290000,4.730000,44.000000,0.102564,24
605303.XSHG,2024-11-08,2024-11-29,21700,8.320000,8.760000,9548.000000,0.052885,21
002193.XSHE,2024-11-05,2024-11-29,32100,4.870000,5.300000,13803.000000,0.088296,24
002193.XSHE,2024-11-08,2024-11-29,5800,5.170000,5.300000,754.000000,0.025145,21
001211.XSHE,2024-11-05,2024-11-29,400,17.690000,20.500000,1124.000000,0.158847,24
001211.XSHE,2024-11-13,2024-11-29,11100,19.000000,20.500000,16650.000000,0.078947,16
603709.XSHG,2024-11-18,2024-11-29,16800,10.630000,11.280000,10920.000000,0.061148,11
001211.XSHE,2024-11-13,2024-12-04,7600,19.000000,20.530000,11628.000000,0.080526,21
603709.XSHG,2024-11-18,2024-12-04,16100,10.630000,11.570000,15134.000000,0.088429,16
301336.XSHE,2024-11-29,2024-12-04,1700,35.260000,35.930000,1139.000000,0.019002,5
002193.XSHE,2024-11-08,2024-12-05,19100,5.170000,7.090000,36672.000000,0.371373,27
002193.XSHE,2024-11-13,2024-12-05,38900,5.140000,7.090000,75855.000000,0.379377,22
603813.XSHG,2024-09-13,2024-12-09,5300,8.970000,13.430000,23638.000000,0.497213,87
603880.XSHG,2024-11-05,2024-12-09,2700,4.290000,5.120000,2241.000000,0.193473,34
001211.XSHE,2024-11-13,2024-12-09,9000,19.000000,20.330000,11970.000000,0.070000,26
603709.XSHG,2024-11-18,2024-12-09,17300,10.630000,11.740000,19203.000000,0.104421,21
002620.XSHE,2024-11-18,2024-12-09,12000,3.680000,4.130000,5400.000000,0.122283,21
002620.XSHE,2024-11-21,2024-12-09,36800,3.730000,4.130000,14720.000000,0.107239,18
002620.XSHE,2024-11-29,2024-12-09,400,3.820000,4.130000,124.000000,0.081152,10
002620.XSHE,2024-12-04,2024-12-09,600,4.000000,4.130000,78.000000,0.032500,5
002193.XSHE,2024-11-13,2024-12-10,12100,5.140000,9.330000,50699.000000,0.815175,27
002193.XSHE,2024-11-18,2024-12-10,28000,4.980000,9.330000,121800.000000,0.873494,22
000668.XSHE,2024-10-18,2024-12-12,2500,7.220000,9.590000,5925.000000,0.328255,55
603880.XSHG,2024-11-05,2024-12-12,48500,4.290000,5.480000,57715.000000,0.277389,37
002193.XSHE,2024-11-18,2024-12-12,8000,4.980000,8.000000,24160.000000,0.606426,24
002193.XSHE,2024-11-21,2024-12-12,10000,5.050000,8.000000,29500.000000,0.584158,21
600455.XSHG,2024-11-21,2024-12-12,8000,22.110000,24.490000,19040.000000,0.107644,21
600455.XSHG,2024-11-29,2024-12-12,100,23.180000,24.490000,131.000000,0.056514,13
600455.XSHG,2024-12-04,2024-12-12,100,24.190000,24.490000,30.000000,0.012402,8
600455.XSHG,2024-12-09,2024-12-12,200,24.250000,24.490000,48.000000,0.009897,3
300854.XSHE,2024-11-21,2024-12-12,500,13.670000,14.380000,355.000000,0.051939,21
603813.XSHG,2024-09-13,2024-12-13,2400,8.970000,14.350000,12912.000000,0.599777,91
600768.XSHG,2024-10-18,2024-12-17,100,8.490000,10.400000,191.000000,0.224971,60
603813.XSHG,2024-09-13,2024-12-17,1900,8.970000,14.490000,10488.000000,0.615385,95
603880.XSHG,2024-11-05,2024-12-17,37100,4.290000,5.540000,46375.000000,0.291375,42
002856.XSHE,2024-11-08,2024-12-17,500,10.280000,11.450000,585.000000,0.113813,39
002193.XSHE,2024-11-21,2024-12-17,26000,5.050000,7.810000,71760.000000,0.546535,26
001211.XSHE,2024-11-13,2024-12-17,500,19.000000,21.240000,1120.000000,0.117895,34
300854.XSHE,2024-11-21,2024-12-17,1800,13.670000,15.000000,2394.000000,0.097293,26
600768.XSHG,2024-10-18,2024-12-19,5200,8.490000,10.160000,8684.000000,0.196702,62
603813.XSHG,2024-09-13,2024-12-20,4600,8.970000,13.460000,20654.000000,0.500557,98
603813.XSHG,2024-09-20,2024-12-20,9800,8.900000,13.460000,44688.000000,0.512360,91
603880.XSHG,2024-11-05,2024-12-20,25300,4.290000,4.930000,16192.000000,0.149184,45
603880.XSHG,2024-11-08,2024-12-20,9200,4.700000,4.930000,2116.000000,0.048936,42
002856.XSHE,2024-11-08,2024-12-20,17400,10.280000,11.510000,21402.000000,0.119650,42
002856.XSHE,2024-11-29,2024-12-20,400,10.160000,11.510000,540.000000,0.132874,21
002856.XSHE,2024-11-29,2024-12-20,200,10.160000,11.510000,270.000000,0.132874,21
002856.XSHE,2024-12-09,2024-12-20,1800,11.000000,11.510000,918.000000,0.046364,11
001211.XSHE,2024-11-13,2024-12-20,200,19.000000,20.000000,200.000000,0.052632,37
301336.XSHE,2024-12-12,2024-12-20,1300,37.580000,43.000000,7046.000000,0.144226,8
002629.XSHE,2024-12-12,2024-12-20,400,4.830000,4.110000,-288.000000,-0.149068,8
002629.XSHE,2024-12-17,2024-12-20,31200,4.490000,4.110000,-11856.000000,-0.084633,3
002856.XSHE,2024-12-09,2024-12-24,2000,11.000000,12.010000,2020.000000,0.091818,15
300665.XSHE,2024-10-10,2024-12-25,4100,6.010000,6.530000,2132.000000,0.086522,76
603880.XSHG,2024-11-08,2024-12-25,31100,4.700000,4.410000,-9019.000000,-0.061702,47
603880.XSHG,2024-11-13,2024-12-25,7500,4.680000,4.410000,-2025.000000,-0.057692,42
002856.XSHE,2024-12-09,2024-12-25,2300,11.000000,12.570000,3611.000000,0.142727,16
002856.XSHE,2024-12-12,2024-12-25,12800,11.070000,12.570000,19200.000000,0.135501,13
001211.XSHE,2024-11-13,2024-12-25,1100,19.000000,21.760000,3036.000000,0.145263,42
001211.XSHE,2024-11-18,2024-12-25,1800,18.490000,21.760000,5886.000000,0.176852,37
300854.XSHE,2024-11-21,2024-12-25,1500,13.670000,12.700000,-1455.000000,-0.070958,34
300854.XSHE,2024-11-26,2024-12-25,12600,13.690000,12.700000,-12474.000000,-0.072316,29
301273.XSHE,2024-12-09,2024-12-25,400,19.960000,17.330000,-1052.000000,-0.131764,16
301336.XSHE,2024-12-12,2024-12-25,1300,37.580000,46.500000,11596.000000,0.237360,13
301336.XSHE,2024-12-12,2024-12-27,1500,37.580000,59.090000,32265.000000,0.572379,15
600768.XSHG,2024-10-18,2024-12-30,100,8.490000,9.000000,51.000000,0.060071,73
300665.XSHE,2024-10-10,2024-12-30,2100,6.010000,6.710000,1470.000000,0.116473,81
603880.XSHG,2024-11-13,2024-12-30,36500,4.680000,4.550000,-4745.000000,-0.027778,47
603880.XSHG,2024-11-21,2024-12-30,1100,4.540000,4.550000,11.000000,0.002203,39
603880.XSHG,2024-12-04,2024-12-30,3700,4.920000,4.550000,-1369.000000,-0.075203,26
300854.XSHE,2024-11-26,2024-12-30,10500,13.690000,12.780000,-9555.000000,-0.066472,34
300854.XSHE,2024-11-29,2024-12-30,3600,13.680000,12.780000,-3240.000000,-0.065789,31
301273.XSHE,2024-12-09,2024-12-30,11500,19.960000,17.940000,-23230.000000,-0.101202,21
301336.XSHE,2024-12-12,2024-12-30,3000,37.580000,54.650000,51210.000000,0.454231,18
000668.XSHE,2024-10-18,2025-01-02,6500,7.220000,6.470000,-4875.000000,-0.103878,76
000668.XSHE,2024-10-23,2025-01-02,5100,7.560000,6.470000,-5559.000000,-0.144180,71
000668.XSHE,2024-10-28,2025-01-02,2600,8.180000,6.470000,-4446.000000,-0.209046,66
000668.XSHE,2024-10-31,2025-01-02,2900,8.620000,6.470000,-6235.000000,-0.249420,63
000668.XSHE,2024-11-21,2025-01-02,1000,8.930000,6.470000,-2460.000000,-0.275476,42
000668.XSHE,2024-11-26,2025-01-02,20500,8.800000,6.470000,-47765.000000,-0.264773,37
000668.XSHE,2024-11-26,2025-01-02,700,8.800000,6.470000,-1631.000000,-0.264773,37
000668.XSHE,2024-11-29,2025-01-02,20800,9.020000,6.470000,-53040.000000,-0.282705,34
000668.XSHE,2024-12-04,2025-01-02,3700,9.240000,6.470000,-10249.000000,-0.299784,29
000668.XSHE,2024-12-09,2025-01-02,44400,9.240000,6.470000,-122988.000000,-0.299784,24
000668.XSHE,2024-12-17,2025-01-02,2900,9.500000,6.470000,-8787.000000,-0.318947,16
000668.XSHE,2024-12-20,2025-01-02,4400,8.510000,6.470000,-8976.000000,-0.239718,13
000668.XSHE,2024-12-25,2025-01-02,3300,7.130000,6.470000,-2178.000000,-0.092567,8
000668.XSHE,2024-12-25,2025-01-02,8800,7.130000,6.470000,-5808.000000,-0.092567,8
000668.XSHE,2024-12-30,2025-01-02,4400,6.980000,6.470000,-2244.000000,-0.073066,3
600768.XSHG,2024-10-18,2025-01-02,11100,8.490000,8.500000,111.000000,0.001178,76
600768.XSHG,2024-10-23,2025-01-02,1200,8.830000,8.500000,-396.000000,-0.037373,71
600768.XSHG,2024-11-08,2025-01-02,18100,10.380000,8.500000,-34028.000000,-0.181118,55
600768.XSHG,2024-11-13,2025-01-02,1600,10.130000,8.500000,-2608.000000,-0.160908,50
600768.XSHG,2024-11-18,2025-01-02,19100,9.680000,8.500000,-22538.000000,-0.121901,45
600768.XSHG,2024-11-21,2025-01-02,17300,9.650000,8.500000,-19895.000000,-0.119171,42
600768.XSHG,2024-11-21,2025-01-02,2600,9.650000,8.500000,-2990.000000,-0.119171,42
600768.XSHG,2024-11-26,2025-01-02,19400,9.610000,8.500000,-21534.000000,-0.115505,37
600768.XSHG,2024-11-29,2025-01-02,1700,9.650000,8.500000,-1955.000000,-0.119171,34
600768.XSHG,2024-12-04,2025-01-02,700,10.150000,8.500000,-1155.000000,-0.162562,29
600768.XSHG,2024-12-09,2025-01-02,2200,10.190000,8.500000,-3718.000000,-0.165849,24
600768.XSHG,2024-12-12,2025-01-02,1200,10.210000,8.500000,-2052.000000,-0.167483,21
600768.XSHG,2024-12-20,2025-01-02,100,10.200000,8.500000,-170.000000,-0.166667,13
600768.XSHG,2024-12-25,2025-01-02,6100,8.880000,8.500000,-2318.000000,-0.042793,8
300478.XSHE,2024-09-10,2025-01-02,3000,7.100000,8.980000,5640.000000,0.264789,114
300478.XSHE,2024-09-13,2025-01-02,16700,7.120000,8.980000,31062.000000,0.261236,111
300478.XSHE,2024-09-25,2025-01-02,1000,7.360000,8.980000,1620.000000,0.220109,99
300478.XSHE,2024-10-15,2025-01-02,1500,8.540000,8.980000,660.000000,0.051522,79
300478.XSHE,2024-10-31,2025-01-02,7000,9.740000,8.980000,-5320.000000,-0.078029,63
300478.XSHE,2024-11-13,2025-01-02,4600,10.950000,8.980000,-9062.000000,-0.179909,50
300478.XSHE,2024-11-26,2025-01-02,5500,10.650000,8.980000,-9185.000000,-0.156808,37
300478.XSHE,2024-11-29,2025-01-02,31300,10.650000,8.980000,-52271.000000,-0.156808,34
300478.XSHE,2024-12-09,2025-01-02,3000,11.120000,8.980000,-6420.000000,-0.192446,24
300478.XSHE,2024-12-12,2025-01-02,19100,11.190000,8.980000,-42211.000000,-0.197498,21
300478.XSHE,2024-12-17,2025-01-02,700,11.060000,8.980000,-1456.000000,-0.188065,16
300478.XSHE,2024-12-20,2025-01-02,1400,10.050000,8.980000,-1498.000000,-0.106468,13
300478.XSHE,2024-12-20,2025-01-02,3000,10.050000,8.980000,-3210.000000,-0.106468,13
300478.XSHE,2024-12-30,2025-01-02,400,9.380000,8.980000,-160.000000,-0.042644,3
300929.XSHE,2024-08-15,2025-01-02,10100,7.560000,8.270000,7171.000000,0.093915,140
300929.XSHE,2024-08-20,2025-01-02,13400,7.400000,8.270000,11658.000000,0.117568,135
300929.XSHE,2024-08-28,2025-01-02,2000,6.770000,8.270000,3000.000000,0.221566,127
300929.XSHE,2024-09-05,2025-01-02,16000,6.940000,8.270000,21280.000000,0.191643,119
300929.XSHE,2024-09-10,2025-01-02,15900,7.040000,8.270000,19557.000000,0.174716,114
300929.XSHE,2024-09-13,2025-01-02,900,7.080000,8.270000,1071.000000,0.168079,111
300929.XSHE,2024-09-20,2025-01-02,2200,6.980000,8.270000,2838.000000,0.184814,104
300929.XSHE,2024-09-30,2025-01-02,100,8.080000,8.270000,19.000000,0.023515,94
300929.XSHE,2024-10-18,2025-01-02,800,8.200000,8.270000,56.000000,0.008537,76
300929.XSHE,2024-10-18,2025-01-02,3000,8.200000,8.270000,210.000000,0.008537,76
300929.XSHE,2024-10-31,2025-01-02,3100,9.800000,8.270000,-4743.000000,-0.156122,63
300929.XSHE,2024-11-05,2025-01-02,21500,9.480000,8.270000,-26015.000000,-0.127637,58
300929.XSHE,2024-11-08,2025-01-02,1900,10.230000,8.270000,-3724.000000,-0.191593,55
300929.XSHE,2024-11-13,2025-01-02,1100,10.290000,8.270000,-2222.000000,-0.196307,50
300929.XSHE,2024-11-18,2025-01-02,1200,9.780000,8.270000,-1812.000000,-0.154397,45
300929.XSHE,2024-11-21,2025-01-02,600,9.820000,8.270000,-930.000000,-0.157841,42
300929.XSHE,2024-11-26,2025-01-02,1700,9.640000,8.270000,-2329.000000,-0.142116,37
300929.XSHE,2024-11-29,2025-01-02,1000,9.750000,8.270000,-1480.000000,-0.151795,34
300929.XSHE,2024-12-04,2025-01-02,2900,10.030000,8.270000,-5104.000000,-0.175474,29
300929.XSHE,2024-12-09,2025-01-02,900,10.200000,8.270000,-1737.000000,-0.189216,24
300929.XSHE,2024-12-12,2025-01-02,800,10.260000,8.270000,-1592.000000,-0.193957,21
300929.XSHE,2024-12-20,2025-01-02,1000,9.630000,8.270000,-1360.000000,-0.141225,13
300929.XSHE,2024-12-25,2025-01-02,2700,8.680000,8.270000,-1107.000000,-0.047235,8
300929.XSHE,2024-12-30,2025-01-02,3300,8.520000,8.270000,-825.000000,-0.029343,3
603813.XSHG,2024-09-20,2025-01-02,10900,8.900000,11.560000,28994.000000,0.298876,104
603813.XSHG,2024-09-25,2025-01-02,14500,9.430000,11.560000,30885.000000,0.225875,99
603813.XSHG,2024-09-30,2025-01-02,12600,10.500000,11.560000,13356.000000,0.100952,94
603813.XSHG,2024-10-10,2025-01-02,900,10.380000,11.560000,1062.000000,0.113680,84
603813.XSHG,2024-10-15,2025-01-02,500,10.550000,11.560000,505.000000,0.095735,79
603813.XSHG,2024-10-18,2025-01-02,100,10.350000,11.560000,121.000000,0.116908,76
603813.XSHG,2024-10-23,2025-01-02,2200,11.050000,11.560000,1122.000000,0.046154,71
603813.XSHG,2024-10-31,2025-01-02,5700,11.540000,11.560000,114.000000,0.001733,63
603813.XSHG,2024-11-05,2025-01-02,100,11.750000,11.560000,-19.000000,-0.016170,58
603813.XSHG,2024-11-08,2025-01-02,1700,12.650000,11.560000,-1853.000000,-0.086166,55
603813.XSHG,2024-11-13,2025-01-02,600,12.780000,11.560000,-732.000000,-0.095462,50
603813.XSHG,2024-11-21,2025-01-02,200,12.400000,11.560000,-168.000000,-0.067742,42
603813.XSHG,2024-12-04,2025-01-02,7600,12.220000,11.560000,-5016.000000,-0.054010,29
603813.XSHG,2024-12-12,2025-01-02,900,13.430000,11.560000,-1683.000000,-0.139241,21
603813.XSHG,2024-12-25,2025-01-02,2000,12.020000,11.560000,-920.000000,-0.038270,8
603813.XSHG,2024-12-30,2025-01-02,100,12.150000,11.560000,-59.000000,-0.048560,3
300665.XSHE,2024-10-10,2025-01-02,15500,6.010000,6.250000,3720.000000,0.039933,84
300665.XSHE,2024-10-31,2025-01-02,26500,6.800000,6.250000,-14575.000000,-0.080882,63
300665.XSHE,2024-11-05,2025-01-02,26500,6.740000,6.250000,-12985.000000,-0.072700,58
300665.XSHE,2024-11-08,2025-01-02,27300,7.260000,6.250000,-27573.000000,-0.139118,55
300665.XSHE,2024-11-13,2025-01-02,25700,7.390000,6.250000,-29298.000000,-0.154263,50
300665.XSHE,2024-11-18,2025-01-02,3100,6.950000,6.250000,-2170.000000,-0.100719,45
300665.XSHE,2024-11-21,2025-01-02,1800,6.930000,6.250000,-1224.000000,-0.098124,42
300665.XSHE,2024-11-29,2025-01-02,1000,7.040000,6.250000,-790.000000,-0.112216,34
300665.XSHE,2024-12-04,2025-01-02,100,7.400000,6.250000,-115.000000,-0.155405,29
300665.XSHE,2024-12-09,2025-01-02,2400,7.520000,6.250000,-3048.000000,-0.168883,24
300665.XSHE,2024-12-12,2025-01-02,500,7.590000,6.250000,-670.000000,-0.176548,21
300665.XSHE,2024-12-17,2025-01-02,2600,7.580000,6.250000,-3458.000000,-0.175462,16
300665.XSHE,2024-12-20,2025-01-02,4400,6.850000,6.250000,-2640.000000,-0.087591,13
001211.XSHE,2024-11-18,2025-01-02,7700,18.490000,19.250000,5852.000000,0.041103,45
001211.XSHE,2024-11-21,2025-01-02,8800,19.090000,19.250000,1408.000000,0.008381,42
001211.XSHE,2024-11-26,2025-01-02,100,19.040000,19.250000,21.000000,0.011029,37
001211.XSHE,2024-12-12,2025-01-02,200,20.320000,19.250000,-214.000000,-0.052657,21
001211.XSHE,2024-12-30,2025-01-02,700,21.060000,19.250000,-1267.000000,-0.085945,3
300854.XSHE,2024-11-29,2025-01-02,10700,13.680000,12.200000,-15836.000000,-0.108187,34
300854.XSHE,2024-12-04,2025-01-02,15300,14.110000,12.200000,-29223.000000,-0.135365,29
300854.XSHE,2024-12-09,2025-01-02,16200,14.070000,12.200000,-30294.000000,-0.132907,24
300854.XSHE,2024-12-20,2025-01-02,1100,13.740000,12.200000,-1694.000000,-0.112082,13
301273.XSHE,2024-12-09,2025-01-02,2800,19.960000,18.290000,-4676.000000,-0.083667,24
301273.XSHE,2024-12-12,2025-01-02,15300,20.730000,18.290000,-37332.000000,-0.117704,21
301273.XSHE,2024-12-17,2025-01-02,10800,20.650000,18.290000,-25488.000000,-0.114286,16
301273.XSHE,2024-12-20,2025-01-02,12200,18.550000,18.290000,-3172.000000,-0.014016,13
301336.XSHE,2024-12-12,2025-01-02,1000,37.580000,52.970000,15390.000000,0.409526,21
301336.XSHE,2024-12-17,2025-01-02,2400,40.090000,52.970000,30912.000000,0.321277,16
605081.XSHG,2024-12-20,2025-01-02,32800,11.960000,10.460000,-49200.000000,-0.125418,13
605081.XSHG,2024-12-25,2025-01-02,18100,10.720000,10.460000,-4706.000000,-0.024254,8
605081.XSHG,2024-12-30,2025-01-02,16200,10.980000,10.460000,-8424.000000,-0.047359,3
000691.XSHE,2024-12-20,2025-01-02,18000,4.310000,3.430000,-15840.000000,-0.204176,13
000691.XSHE,2024-12-25,2025-01-02,77800,3.800000,3.430000,-28786.000000,-0.097368,8
000691.XSHE,2024-12-30,2025-01-02,57300,3.610000,3.430000,-10314.000000,-0.049861,3
605303.XSHG,2024-12-25,2025-01-02,5300,7.770000,7.580000,-1007.000000,-0.024453,8
605303.XSHG,2024-12-30,2025-01-02,48800,7.750000,7.580000,-8296.000000,-0.021935,3
511880.XSHG,2025-01-02,2025-02-05,84700,100.081000,100.182000,8554.700000,0.001009,34
600421.XSHG,2025-02-06,2025-02-11,2500,5.980000,6.670000,1725.000000,0.115385,5
300478.XSHE,2025-02-06,2025-02-11,200,9.610000,9.940000,66.000000,0.034339,5
300478.XSHE,2025-02-06,2025-02-12,2600,9.610000,11.480000,4862.000000,0.194589,6
603813.XSHG,2025-02-06,2025-02-18,2000,9.420000,10.790000,2740.000000,0.145435,12
002848.XSHE,2025-02-06,2025-02-18,6700,6.140000,7.350000,8107.000000,0.197068,12
600421.XSHG,2025-02-06,2025-02-18,11400,5.980000,8.300000,26448.000000,0.387960,12
300478.XSHE,2025-02-06,2025-02-18,4900,9.610000,15.740000,30037.000000,0.637877,12
600421.XSHG,2025-02-06,2025-02-19,3200,5.980000,9.080000,9920.000000,0.518395,13
603813.XSHG,2025-02-06,2025-02-20,6300,9.420000,11.860000,15372.000000,0.259023,14
603316.XSHG,2025-02-19,2025-02-20,2100,4.900000,5.320000,882.000000,0.085714,1
002620.XSHE,2025-02-06,2025-02-24,1400,3.120000,3.480000,504.000000,0.115385,18
300478.XSHE,2025-02-06,2025-02-24,300,9.610000,15.660000,1815.000000,0.629553,18
603316.XSHG,2025-02-19,2025-02-24,300,4.900000,5.330000,129.000000,0.087755,5
000668.XSHE,2025-02-06,2025-02-27,1200,6.040000,5.970000,-84.000000,-0.011589,21
603813.XSHG,2025-02-06,2025-02-27,10400,9.420000,13.040000,37648.000000,0.384289,21
603813.XSHG,2025-02-11,2025-02-27,7500,10.340000,13.040000,20250.000000,0.261122,16
600421.XSHG,2025-02-06,2025-02-27,12300,5.980000,7.210000,15129.000000,0.205686,21
600421.XSHG,2025-02-14,2025-02-27,10700,6.330000,7.210000,9416.000000,0.139021,13
000929.XSHE,2025-02-06,2025-02-27,1600,6.200000,6.860000,1056.000000,0.106452,21
002620.XSHE,2025-02-06,2025-02-27,55000,3.120000,3.710000,32450.000000,0.189103,21
002620.XSHE,2025-02-11,2025-02-27,100,3.390000,3.710000,32.000000,0.094395,16
300478.XSHE,2025-02-06,2025-02-27,10300,9.610000,14.320000,48513.000000,0.490114,21
300478.XSHE,2025-02-14,2025-02-27,1100,10.600000,14.320000,4092.000000,0.350943,13
300478.XSHE,2025-02-19,2025-02-27,500,14.830000,14.320000,-255.000000,-0.034390,8
603316.XSHG,2025-02-19,2025-02-28,5600,4.900000,6.480000,8848.000000,0.322449,9
603813.XSHG,2025-02-11,2025-03-03,5100,10.340000,14.080000,19074.000000,0.361702,20
000691.XSHE,2025-02-06,2025-03-04,100,3.020000,3.130000,11.000000,0.036424,26
603813.XSHG,2025-02-11,2025-03-04,3300,10.340000,14.130000,12507.000000,0.366538,21
603813.XSHG,2025-02-14,2025-03-04,10200,9.950000,14.130000,42636.000000,0.420101,18
002848.XSHE,2025-02-06,2025-03-04,4700,6.140000,7.050000,4277.000000,0.148208,26
002620.XSHE,2025-02-11,2025-03-04,49000,3.390000,3.610000,10780.000000,0.064897,21
002620.XSHE,2025-02-14,2025-03-04,2100,3.280000,3.610000,693.000000,0.100610,18
002620.XSHE,2025-02-19,2025-03-04,100,3.380000,3.610000,23.000000,0.068047,13
600768.XSHG,2025-02-11,2025-03-04,500,9.480000,9.440000,-20.000000,-0.004219,21
000691.XSHE,2025-02-06,2025-03-07,2500,3.020000,3.180000,400.000000,0.052980,29
603813.XSHG,2025-02-14,2025-03-07,8400,9.950000,13.990000,33936.000000,0.406030,21
603813.XSHG,2025-02-19,2025-03-07,4400,10.530000,13.990000,15224.000000,0.328585,16
600421.XSHG,2025-02-14,2025-03-07,18100,6.330000,6.840000,9231.000000,0.080569,21
600421.XSHG,2025-02-24,2025-03-07,8300,7.480000,6.840000,-5312.000000,-0.085561,11
600421.XSHG,2025-03-04,2025-03-07,1000,6.800000,6.840000,40.000000,0.005882,3
300929.XSHE,2025-02-06,2025-03-07,3200,8.880000,9.240000,1152.000000,0.040541,29
002856.XSHE,2025-02-11,2025-03-07,3100,9.450000,9.150000,-930.000000,-0.031746,24
600768.XSHG,2025-02-11,2025-03-07,2600,9.480000,9.770000,754.000000,0.030591,24
603316.XSHG,2025-02-19,2025-03-07,100,4.900000,5.880000,98.000000,0.200000,16
605081.XSHG,2025-02-06,2025-03-11,2700,8.930000,10.230000,3510.000000,0.145577,33
000929.XSHE,2025-02-06,2025-03-11,15100,6.200000,7.410000,18271.000000,0.195161,33
603813.XSHG,2025-02-19,2025-03-12,13500,10.530000,15.390000,65610.000000,0.461538,21
603813.XSHG,2025-02-24,2025-03-12,700,12.120000,15.390000,2289.000000,0.269802,16
000929.XSHE,2025-02-06,2025-03-12,11700,6.200000,7.280000,12636.000000,0.174194,34
000929.XSHE,2025-02-11,2025-03-12,11600,6.650000,7.280000,7308.000000,0.094737,29
603316.XSHG,2025-02-19,2025-03-12,29000,4.900000,6.450000,44950.000000,0.316327,21
603316.XSHG,2025-03-04,2025-03-12,3000,5.810000,6.450000,1920.000000,0.110155,8
002848.XSHE,2025-02-06,2025-03-17,5300,6.140000,7.080000,4982.000000,0.153094,39
605081.XSHG,2025-02-06,2025-03-17,2000,8.930000,10.610000,3360.000000,0.188130,39
000929.XSHE,2025-02-11,2025-03-17,13800,6.650000,7.400000,10350.000000,0.112782,34
000929.XSHE,2025-02-14,2025-03-17,13700,6.510000,7.400000,12193.000000,0.136713,31
300929.XSHE,2025-02-06,2025-03-17,1600,8.880000,9.560000,1088.000000,0.076577,39
002856.XSHE,2025-02-11,2025-03-17,2600,9.450000,9.600000,390.000000,0.015873,34
600768.XSHG,2025-02-11,2025-03-17,600,9.480000,9.880000,240.000000,0.042194,34
600753.XSHG,2025-02-27,2025-03-17,31400,5.500000,5.750000,7850.000000,0.045455,18
603813.XSHG,2025-02-24,2025-03-17,12700,12.120000,15.610000,44323.000000,0.287954,21
605081.XSHG,2025-02-06,2025-03-20,300,8.930000,10.690000,528.000000,0.197088,42
000929.XSHE,2025-02-14,2025-03-20,13800,6.510000,7.280000,10626.000000,0.118280,34
000929.XSHE,2025-02-19,2025-03-20,11600,6.570000,7.280000,8236.000000,0.108067,29
300736.XSHE,2025-03-04,2025-03-20,700,9.680000,9.900000,154.000000,0.022727,16
600768.XSHG,2025-02-11,2025-03-25,1600,9.480000,9.410000,-112.000000,-0.007384,42
605081.XSHG,2025-02-06,2025-03-25,14700,8.930000,11.230000,33810.000000,0.257559,47
605081.XSHG,2025-02-11,2025-03-25,12100,9.750000,11.230000,17908.000000,0.151795,42
600753.XSHG,2025-02-27,2025-03-27,3600,5.500000,5.820000,1152.000000,0.058182,28
600753.XSHG,2025-03-04,2025-03-27,7300,5.180000,5.820000,4672.000000,0.123552,23
000691.XSHE,2025-02-06,2025-03-28,23200,3.020000,3.130000,2552.000000,0.036424,50
000929.XSHE,2025-02-19,2025-03-28,17900,6.570000,6.960000,6981.000000,0.059361,37
000929.XSHE,2025-02-24,2025-03-28,9400,6.600000,6.960000,3384.000000,0.054545,32
002856.XSHE,2025-02-11,2025-03-28,2400,9.450000,9.080000,-888.000000,-0.039153,45
600753.XSHG,2025-03-04,2025-03-28,30900,5.180000,5.740000,17304.000000,0.108108,24
600421.XSHG,2025-03-20,2025-03-28,700,6.530000,7.410000,616.000000,0.134763,8
000668.XSHE,2025-02-06,2025-04-01,27900,6.040000,5.010000,-28737.000000,-0.170530,54
000668.XSHE,2025-02-11,2025-04-01,26900,6.390000,5.010000,-37122.000000,-0.215962,49
000668.XSHE,2025-02-14,2025-04-01,33200,5.930000,5.010000,-30544.000000,-0.155143,46
000668.XSHE,2025-02-19,2025-04-01,36300,5.800000,5.010000,-28677.000000,-0.136207,41
000668.XSHE,2025-02-24,2025-04-01,34700,5.770000,5.010000,-26372.000000,-0.131716,36
000668.XSHE,2025-03-04,2025-04-01,2400,5.780000,5.010000,-1848.000000,-0.133218,28
000668.XSHE,2025-03-07,2025-04-01,100,5.670000,5.010000,-66.000000,-0.116402,25
000668.XSHE,2025-03-07,2025-04-01,100,5.670000,5.010000,-66.000000,-0.116402,25
000668.XSHE,2025-03-12,2025-04-01,1600,5.970000,5.010000,-1536.000000,-0.160804,20
000668.XSHE,2025-03-20,2025-04-01,2600,5.940000,5.010000,-2418.000000,-0.156566,12
000668.XSHE,2025-03-28,2025-04-01,14300,5.190000,5.010000,-2574.000000,-0.034682,4
000691.XSHE,2025-02-06,2025-04-01,32500,3.020000,2.860000,-5200.000000,-0.052980,54
000691.XSHE,2025-02-11,2025-04-01,53100,3.210000,2.860000,-18585.000000,-0.109034,49
000691.XSHE,2025-02-14,2025-04-01,61000,3.070000,2.860000,-12810.000000,-0.068404,46
000691.XSHE,2025-02-19,2025-04-01,53800,3.220000,2.860000,-19368.000000,-0.111801,41
000691.XSHE,2025-02-24,2025-04-01,71000,3.110000,2.860000,-17750.000000,-0.080386,36
000691.XSHE,2025-02-27,2025-04-01,1100,3.180000,2.860000,-352.000000,-0.100629,33
000691.XSHE,2025-03-12,2025-04-01,10600,3.180000,2.860000,-3392.000000,-0.100629,20
000691.XSHE,2025-03-20,2025-04-01,15600,3.060000,2.860000,-3120.000000,-0.065359,12
000691.XSHE,2025-03-25,2025-04-01,100,2.810000,2.860000,5.000000,0.017794,7
002848.XSHE,2025-02-06,2025-04-01,11900,6.140000,5.690000,-5355.000000,-0.073290,54
002848.XSHE,2025-02-11,2025-04-01,23100,6.920000,5.690000,-28413.000000,-0.177746,49
002848.XSHE,2025-02-14,2025-04-01,30100,6.470000,5.690000,-23478.000000,-0.120556,46
002848.XSHE,2025-02-19,2025-04-01,25900,7.210000,5.690000,-39368.000000,-0.210818,41
002848.XSHE,2025-02-24,2025-04-01,35700,6.760000,5.690000,-38199.000000,-0.158284,36
002848.XSHE,2025-02-27,2025-04-01,400,6.920000,5.690000,-492.000000,-0.177746,33
002848.XSHE,2025-03-07,2025-04-01,6200,6.780000,5.690000,-6758.000000,-0.160767,25
002848.XSHE,2025-03-12,2025-04-01,5300,6.770000,5.690000,-5724.000000,-0.159527,20
002848.XSHE,2025-03-20,2025-04-01,4600,6.880000,5.690000,-5474.000000,-0.172965,12
002848.XSHE,2025-03-28,2025-04-01,14500,5.930000,5.690000,-3480.000000,-0.040472,4
000929.XSHE,2025-02-24,2025-04-01,19800,6.600000,6.710000,2178.000000,0.016667,36
000929.XSHE,2025-03-04,2025-04-01,1300,6.680000,6.710000,39.000000,0.004491,28
000929.XSHE,2025-03-07,2025-04-01,5800,6.460000,6.710000,1450.000000,0.038700,25
300929.XSHE,2025-02-06,2025-04-01,15000,8.880000,8.410000,-7050.000000,-0.052928,54
300929.XSHE,2025-02-11,2025-04-01,19100,9.200000,8.410000,-15089.000000,-0.085870,49
300929.XSHE,2025-02-14,2025-04-01,20400,8.920000,8.410000,-10404.000000,-0.057175,46
300929.XSHE,2025-02-19,2025-04-01,22200,8.930000,8.410000,-11544.000000,-0.058231,41
300929.XSHE,2025-02-24,2025-04-01,20600,9.050000,8.410000,-13184.000000,-0.070718,36
300929.XSHE,2025-02-27,2025-04-01,1200,9.180000,8.410000,-924.000000,-0.083878,33
300929.XSHE,2025-03-04,2025-04-01,1700,8.880000,8.410000,-799.000000,-0.052928,28
300929.XSHE,2025-03-12,2025-04-01,2500,9.340000,8.410000,-2325.000000,-0.099572,20
300929.XSHE,2025-03-20,2025-04-01,1100,9.490000,8.410000,-1188.000000,-0.113804,12
300929.XSHE,2025-03-28,2025-04-01,2800,8.770000,8.410000,-1008.000000,-0.041049,4
002856.XSHE,2025-02-11,2025-04-01,10800,9.450000,8.520000,-10044.000000,-0.098413,49
002856.XSHE,2025-02-14,2025-04-01,20600,8.930000,8.520000,-8446.000000,-0.045913,46
002856.XSHE,2025-02-19,2025-04-01,20800,9.050000,8.520000,-11024.000000,-0.058564,41
002856.XSHE,2025-02-24,2025-04-01,21800,9.000000,8.520000,-10464.000000,-0.053333,36
002856.XSHE,2025-02-27,2025-04-01,23400,8.990000,8.520000,-10998.000000,-0.052280,33
002856.XSHE,2025-03-04,2025-04-01,400,8.810000,8.520000,-116.000000,-0.032917,28
002856.XSHE,2025-03-12,2025-04-01,2000,9.290000,8.520000,-1540.000000,-0.082885,20
002856.XSHE,2025-03-20,2025-04-01,2100,9.440000,8.520000,-1932.000000,-0.097458,12
002856.XSHE,2025-03-27,2025-04-01,1100,8.870000,8.520000,-385.000000,-0.039459,5
600768.XSHG,2025-02-11,2025-04-01,13500,9.480000,9.080000,-5400.000000,-0.042194,49
600768.XSHG,2025-02-14,2025-04-01,19300,9.250000,9.080000,-3281.000000,-0.018378,46
600768.XSHG,2025-02-19,2025-04-01,21300,9.190000,9.080000,-2343.000000,-0.011970,41
600768.XSHG,2025-02-24,2025-04-01,4100,9.570000,9.080000,-2009.000000,-0.051202,36
600768.XSHG,2025-02-24,2025-04-01,200,9.570000,9.080000,-98.000000,-0.051202,36
600768.XSHG,2025-02-27,2025-04-01,35700,9.540000,9.080000,-16422.000000,-0.048218,33
600768.XSHG,2025-03-12,2025-04-01,3600,9.750000,9.080000,-2412.000000,-0.068718,20
600768.XSHG,2025-03-28,2025-04-01,1100,9.460000,9.080000,-418.000000,-0.040169,4
600753.XSHG,2025-03-04,2025-04-01,34800,5.180000,5.200000,696.000000,0.003861,28
600753.XSHG,2025-03-07,2025-04-01,28200,5.520000,5.200000,-9024.000000,-0.057971,25
600753.XSHG,2025-03-12,2025-04-01,31700,5.800000,5.200000,-19020.000000,-0.103448,20
600753.XSHG,2025-03-20,2025-04-01,300,5.760000,5.200000,-168.000000,-0.097222,12
600753.XSHG,2025-03-25,2025-04-01,2800,5.240000,5.200000,-112.000000,-0.007634,7
300736.XSHE,2025-03-04,2025-04-01,5100,9.680000,8.590000,-5559.000000,-0.112603,28
300736.XSHE,2025-03-07,2025-04-01,21500,9.910000,8.590000,-28380.000000,-0.133199,25
300736.XSHE,2025-03-12,2025-04-01,40300,9.740000,8.590000,-46345.000000,-0.118070,20
300736.XSHE,2025-03-17,2025-04-01,32700,9.770000,8.590000,-38586.000000,-0.120778,15
300736.XSHE,2025-03-28,2025-04-01,5300,8.910000,8.590000,-1696.000000,-0.035915,4
600243.XSHG,2025-03-12,2025-04-01,300,2.990000,2.610000,-114.000000,-0.127090,20
600243.XSHG,2025-03-17,2025-04-01,56600,2.980000,2.610000,-20942.000000,-0.124161,15
600243.XSHG,2025-03-24,2025-04-01,100,3.570000,2.610000,-96.000000,-0.268908,8
600243.XSHG,2025-03-28,2025-04-01,141200,2.830000,2.610000,-31064.000000,-0.077739,4
600421.XSHG,2025-03-20,2025-04-01,40000,6.530000,6.700000,6800.000000,0.026034,12
600421.XSHG,2025-03-25,2025-04-01,9000,7.370000,6.700000,-6030.000000,-0.090909,7
300665.XSHE,2025-03-28,2025-04-01,7200,6.760000,6.490000,-1944.000000,-0.039941,4
511880.XSHG,2025-04-01,2025-05-06,77700,100.383000,100.486000,8003.100000,0.001026,35
605081.XSHG,2025-02-11,2025-05-07,4900,9.750000,11.360000,7889.000000,0.165128,85
605081.XSHG,2025-02-14,2025-05-07,18300,9.610000,11.360000,32025.000000,0.182102,82
605081.XSHG,2025-02-19,2025-05-07,20000,9.700000,11.360000,33200.000000,0.171134,77
605081.XSHG,2025-02-24,2025-05-07,16100,10.140000,11.360000,19642.000000,0.120316,72
605081.XSHG,2025-02-27,2025-05-07,3000,10.080000,11.360000,3840.000000,0.126984,69
605081.XSHG,2025-03-04,2025-05-07,2200,9.690000,11.360000,3674.000000,0.172343,64
605081.XSHG,2025-03-07,2025-05-07,900,9.670000,11.360000,1521.000000,0.174767,61
605081.XSHG,2025-03-28,2025-05-07,5500,10.540000,11.360000,4510.000000,0.077799,40
603616.XSHG,2025-05-07,2025-05-12,1700,3.650000,3.800000,255.000000,0.041096,5
300405.XSHE,2025-05-07,2025-05-15,1200,5.060000,5.220000,192.000000,0.031621,8
603616.XSHG,2025-05-07,2025-05-20,1700,3.650000,3.960000,527.000000,0.084932,13
603616.XSHG,2025-05-07,2025-05-23,2000,3.650000,4.000000,700.000000,0.095890,16
300929.XSHE,2025-05-07,2025-05-28,700,9.480000,9.800000,224.000000,0.033755,21
301372.XSHE,2025-05-07,2025-05-28,600,20.150000,21.000000,510.000000,0.042184,21
300948.XSHE,2025-05-07,2025-05-28,1000,9.940000,10.190000,250.000000,0.025151,21
603616.XSHG,2025-05-07,2025-05-28,43500,3.650000,3.990000,14790.000000,0.093151,21
603616.XSHG,2025-05-15,2025-05-28,800,3.800000,3.990000,152.000000,0.050000,13
300405.XSHE,2025-05-07,2025-05-28,400,5.060000,5.220000,64.000000,0.031621,21
300929.XSHE,2025-05-07,2025-06-03,1200,9.480000,9.900000,504.000000,0.044304,27
301372.XSHE,2025-05-07,2025-06-03,8200,20.150000,22.000000,15170.000000,0.091811,27
301372.XSHE,2025-05-12,2025-06-03,2100,20.390000,22.000000,3381.000000,0.078960,22
603616.XSHG,2025-05-15,2025-06-03,900,3.800000,4.050000,225.000000,0.065789,19
300736.XSHE,2025-05-07,2025-06-06,1700,9.680000,10.210000,901.000000,0.054752,30
603616.XSHG,2025-05-15,2025-06-06,44700,3.800000,4.090000,12963.000000,0.076316,22
600768.XSHG,2025-05-07,2025-06-06,1100,10.600000,10.730000,143.000000,0.012264,30
300665.XSHE,2025-05-07,2025-06-06,500,7.630000,7.580000,-25.000000,-0.006553,30
301372.XSHE,2025-05-12,2025-06-11,800,20.390000,23.180000,2232.000000,0.136832,30
300405.XSHE,2025-05-07,2025-06-11,2300,5.060000,5.380000,736.000000,0.063241,35
002193.XSHE,2025-05-07,2025-06-11,1300,5.500000,5.900000,520.000000,0.072727,35
300948.XSHE,2025-05-07,2025-06-16,1000,9.940000,10.300000,360.000000,0.036217,40
600768.XSHG,2025-05-07,2025-06-16,1500,10.600000,10.870000,405.000000,0.025472,40
300635.XSHE,2025-05-07,2025-06-16,17500,10.200000,10.900000,12250.000000,0.068627,40
300635.XSHE,2025-05-12,2025-06-16,1400,10.050000,10.900000,1190.000000,0.084577,35
301372.XSHE,2025-05-12,2025-06-19,5800,20.390000,22.480000,12122.000000,0.102501,38
301372.XSHE,2025-05-15,2025-06-19,3000,20.290000,22.480000,6570.000000,0.107935,35
300635.XSHE,2025-05-12,2025-06-19,16700,10.050000,11.240000,19873.000000,0.118408,38
300635.XSHE,2025-05-15,2025-06-19,1900,9.880000,11.240000,2584.000000,0.137652,35
300665.XSHE,2025-05-07,2025-06-19,800,7.630000,7.580000,-40.000000,-0.006553,43
300736.XSHE,2025-05-07,2025-06-24,1700,9.680000,10.300000,1054.000000,0.064050,48
600768.XSHG,2025-05-07,2025-06-24,200,10.600000,10.760000,32.000000,0.015094,48
300405.XSHE,2025-05-07,2025-06-24,3800,5.060000,5.270000,798.000000,0.041502,48
002193.XSHE,2025-05-07,2025-06-24,2300,5.500000,5.670000,391.000000,0.030909,48
300665.XSHE,2025-05-07,2025-06-24,200,7.630000,7.600000,-6.000000,-0.003932,48
300649.XSHE,2025-06-16,2025-06-24,4500,11.980000,12.830000,3825.000000,0.070952,8
300649.XSHE,2025-06-19,2025-06-24,9000,13.680000,12.830000,-7650.000000,-0.062135,5
300635.XSHE,2025-05-15,2025-06-26,16500,9.880000,12.310000,40095.000000,0.245951,42
300635.XSHE,2025-05-20,2025-06-26,1800,10.250000,12.310000,3708.000000,0.200976,37
300405.XSHE,2025-05-07,2025-06-27,1200,5.060000,5.530000,564.000000,0.092885,51
002193.XSHE,2025-05-07,2025-06-27,2000,5.500000,5.980000,960.000000,0.087273,51
300635.XSHE,2025-05-20,2025-06-27,15100,10.250000,12.680000,36693.000000,0.237073,38
300635.XSHE,2025-05-23,2025-06-27,800,10.380000,12.680000,1840.000000,0.221580,35
300635.XSHE,2025-05-23,2025-07-02,14800,10.380000,11.880000,22200.000000,0.144509,40
300635.XSHE,2025-06-03,2025-07-02,600,10.380000,11.880000,900.000000,0.144509,29
300405.XSHE,2025-05-07,2025-07-02,26400,5.060000,6.130000,28248.000000,0.211462,56
300405.XSHE,2025-05-12,2025-07-02,14200,5.160000,6.130000,13774.000000,0.187984,51
300665.XSHE,2025-05-07,2025-07-02,21900,7.630000,9.870000,49056.000000,0.293578,56
300665.XSHE,2025-05-12,2025-07-02,18400,7.590000,9.870000,41952.000000,0.300395,51
300736.XSHE,2025-05-07,2025-07-07,1400,9.680000,10.550000,1218.000000,0.089876,61
300929.XSHE,2025-05-07,2025-07-07,2700,9.480000,10.510000,2781.000000,0.108650,61
301372.XSHE,2025-05-15,2025-07-07,900,20.290000,22.660000,2133.000000,0.116806,53
300948.XSHE,2025-05-07,2025-07-07,1300,9.940000,10.750000,1053.000000,0.081489,61
600768.XSHG,2025-05-07,2025-07-07,2300,10.600000,11.340000,1702.000000,0.069811,61
002193.XSHE,2025-05-07,2025-07-07,1000,5.500000,5.990000,490.000000,0.089091,61
300665.XSHE,2025-05-12,2025-07-07,5300,7.590000,9.000000,7473.000000,0.185771,56
300665.XSHE,2025-05-15,2025-07-07,10500,7.180000,9.000000,19110.000000,0.253482,53
603729.XSHG,2025-05-12,2025-07-07,1700,15.600000,16.880000,2176.000000,0.082051,56
300948.XSHE,2025-05-07,2025-07-10,2100,9.940000,11.290000,2835.000000,0.135815,64
600768.XSHG,2025-05-07,2025-07-10,1200,10.600000,11.800000,1440.000000,0.113208,64
300405.XSHE,2025-05-12,2025-07-10,1700,5.160000,5.790000,1071.000000,0.122093,59
300665.XSHE,2025-05-15,2025-07-10,16700,7.180000,8.950000,29559.000000,0.246518,56
300665.XSHE,2025-05-20,2025-07-10,3900,7.690000,8.950000,4914.000000,0.163849,51
600847.XSHG,2025-07-07,2025-07-10,17700,11.220000,11.070000,-2655.000000,-0.013369,3
300929.XSHE,2025-05-07,2025-07-15,600,9.480000,10.840000,816.000000,0.143460,69
301372.XSHE,2025-05-15,2025-07-15,100,20.290000,23.860000,357.000000,0.175949,61
600768.XSHG,2025-05-07,2025-07-15,1100,10.600000,11.990000,1529.000000,0.131132,69
300405.XSHE,2025-05-12,2025-07-15,18200,5.160000,5.900000,13468.000000,0.143411,64
300405.XSHE,2025-05-20,2025-07-15,18700,5.280000,5.900000,11594.000000,0.117424,56
002193.XSHE,2025-05-07,2025-07-15,100,5.500000,6.170000,67.000000,0.121818,69
300665.XSHE,2025-05-20,2025-07-15,16300,7.690000,9.260000,25591.000000,0.204161,56
300665.XSHE,2025-05-23,2025-07-15,7300,7.430000,9.260000,13359.000000,0.246299,53
300736.XSHE,2025-05-07,2025-07-18,400,9.680000,10.780000,440.000000,0.113636,72
002193.XSHE,2025-05-07,2025-07-18,700,5.500000,6.200000,490.000000,0.127273,72
300665.XSHE,2025-05-23,2025-07-18,400,7.430000,9.170000,696.000000,0.234186,56
300665.XSHE,2025-05-28,2025-07-18,19500,7.460000,9.170000,33345.000000,0.229223,51
300665.XSHE,2025-06-03,2025-07-18,1200,7.360000,9.170000,2172.000000,0.245924,45
300665.XSHE,2025-06-11,2025-07-18,900,7.690000,9.170000,1332.000000,0.192458,37
300665.XSHE,2025-06-16,2025-07-18,100,7.520000,9.170000,165.000000,0.219415,32
603729.XSHG,2025-05-12,2025-07-18,400,15.600000,17.120000,608.000000,0.097436,67
002719.XSHE,2025-06-19,2025-07-18,3700,8.710000,9.430000,2664.000000,0.082664,29
300948.XSHE,2025-05-07,2025-07-23,1400,9.940000,11.790000,2590.000000,0.186117,77
600768.XSHG,2025-05-07,2025-07-23,700,10.600000,12.500000,1330.000000,0.179245,77
300405.XSHE,2025-05-20,2025-07-23,16400,5.280000,7.240000,32144.000000,0.371212,64
600671.XSHG,2025-07-10,2025-07-23,6900,13.540000,13.960000,2898.000000,0.031019,13
600671.XSHG,2025-07-15,2025-07-23,2500,13.780000,13.960000,450.000000,0.013062,8
300736.XSHE,2025-05-07,2025-07-28,3300,9.680000,11.350000,5511.000000,0.172521,82
300929.XSHE,2025-05-07,2025-07-28,2000,9.480000,11.230000,3500.000000,0.184599,82
600768.XSHG,2025-05-07,2025-07-28,8700,10.600000,12.910000,20097.000000,0.217925,82
600768.XSHG,2025-05-12,2025-07-28,9900,10.690000,12.910000,21978.000000,0.207671,77
300405.XSHE,2025-05-23,2025-07-28,24000,5.150000,6.700000,37200.000000,0.300971,66
002193.XSHE,2025-05-07,2025-07-28,1200,5.500000,6.420000,1104.000000,0.167273,82
002719.XSHE,2025-06-19,2025-07-28,800,8.710000,9.490000,624.000000,0.089552,39
600671.XSHG,2025-07-15,2025-07-28,300,13.780000,14.220000,132.000000,0.031930,13
301372.XSHE,2025-05-15,2025-07-30,4800,20.290000,30.020000,46704.000000,0.479547,76
301372.XSHE,2025-05-20,2025-07-30,3600,20.600000,30.020000,33912.000000,0.457282,71
301372.XSHE,2025-05-20,2025-07-31,5400,20.600000,28.290000,41526.000000,0.373301,72
301372.XSHE,2025-05-23,2025-07-31,100,20.460000,28.290000,783.000000,0.382698,69
300405.XSHE,2025-05-23,2025-07-31,12300,5.150000,6.370000,15006.000000,0.236893,69
300405.XSHE,2025-06-03,2025-07-31,2700,5.100000,6.370000,3429.000000,0.249020,58
300405.XSHE,2025-06-06,2025-07-31,14700,5.190000,6.370000,17346.000000,0.227360,55
600671.XSHG,2025-07-15,2025-07-31,14800,13.780000,14.150000,5476.000000,0.026851,16
600671.XSHG,2025-07-15,2025-08-04,1300,13.780000,15.530000,2275.000000,0.126996,20
300736.XSHE,2025-05-07,2025-08-05,1000,9.680000,11.750000,2070.000000,0.213843,90
300929.XSHE,2025-05-07,2025-08-05,1900,9.480000,11.580000,3990.000000,0.221519,90
301372.XSHE,2025-05-23,2025-08-05,6800,20.460000,27.800000,49912.000000,0.358749,74
300948.XSHE,2025-05-07,2025-08-05,1800,9.940000,11.840000,3420.000000,0.191147,90
600768.XSHG,2025-05-12,2025-08-05,200,10.690000,12.740000,410.000000,0.191768,85
001211.XSHE,2025-07-07,2025-08-05,100,22.290000,24.400000,211.000000,0.094661,29
600671.XSHG,2025-07-15,2025-08-05,11100,13.780000,15.490000,18981.000000,0.124093,21
600671.XSHG,2025-07-18,2025-08-05,2900,14.050000,15.490000,4176.000000,0.102491,18
000890.XSHE,2025-07-23,2025-08-07,11900,4.050000,4.360000,3689.000000,0.076543,15
300736.XSHE,2025-05-07,2025-08-08,500,9.680000,11.960000,1140.000000,0.235537,93
301372.XSHE,2025-05-23,2025-08-08,1700,20.460000,26.880000,10914.000000,0.313783,77
301372.XSHE,2025-06-06,2025-08-08,600,22.060000,26.880000,2892.000000,0.218495,63
301372.XSHE,2025-06-16,2025-08-08,800,22.100000,26.880000,3824.000000,0.216290,53
301372.XSHE,2025-06-24,2025-08-08,500,21.910000,26.880000,2485.000000,0.226837,45
301372.XSHE,2025-06-27,2025-08-08,3600,22.500000,26.880000,15768.000000,0.194667,42
600768.XSHG,2025-05-12,2025-08-08,200,10.690000,12.940000,450.000000,0.210477,88
300405.XSHE,2025-06-06,2025-08-08,22100,5.190000,6.520000,29393.000000,0.256262,63
300405.XSHE,2025-06-16,2025-08-08,2800,5.180000,6.520000,3752.000000,0.258687,53
300405.XSHE,2025-06-19,2025-08-08,1100,5.150000,6.520000,1507.000000,0.266019,50
300405.XSHE,2025-07-07,2025-08-08,8000,5.570000,6.520000,7600.000000,0.170557,32
300405.XSHE,2025-08-05,2025-08-08,300,6.410000,6.520000,33.000000,0.017161,3
002719.XSHE,2025-06-19,2025-08-08,1800,8.710000,9.800000,1962.000000,0.125144,50
000890.XSHE,2025-07-23,2025-08-08,500,4.050000,4.380000,165.000000,0.081481,16
300736.XSHE,2025-05-07,2025-08-13,1300,9.680000,12.360000,3484.000000,0.276860,98
300929.XSHE,2025-05-07,2025-08-13,1600,9.480000,12.100000,4192.000000,0.276371,98
301372.XSHE,2025-06-27,2025-08-13,5500,22.500000,27.600000,28050.000000,0.226667,47
301372.XSHE,2025-07-02,2025-08-13,1600,22.880000,27.600000,7552.000000,0.206294,42
301372.XSHE,2025-07-10,2025-08-13,1200,23.730000,27.600000,4644.000000,0.163085,34
300948.XSHE,2025-05-07,2025-08-13,200,9.940000,12.050000,422.000000,0.212274,98
002719.XSHE,2025-06-19,2025-08-13,1500,8.710000,10.120000,2115.000000,0.161883,55
001211.XSHE,2025-07-07,2025-08-13,9500,22.290000,25.240000,28025.000000,0.132346,37
301372.XSHE,2025-07-10,2025-08-18,6700,23.730000,26.940000,21507.000000,0.135272,39
301372.XSHE,2025-07-23,2025-08-18,800,24.210000,26.940000,2184.000000,0.112763,26
301372.XSHE,2025-07-28,2025-08-18,800,23.940000,26.940000,2400.000000,0.125313,21
603729.XSHG,2025-05-12,2025-08-18,1000,15.600000,17.560000,1960.000000,0.125641,98
001211.XSHE,2025-07-07,2025-08-18,2700,22.290000,24.290000,5400.000000,0.089726,42
001211.XSHE,2025-07-10,2025-08-18,4900,23.610000,24.290000,3332.000000,0.028801,39
001211.XSHE,2025-07-15,2025-08-18,300,23.290000,24.290000,300.000000,0.042937,34
001211.XSHE,2025-07-18,2025-08-18,1100,23.090000,24.290000,1320.000000,0.051971,31
000890.XSHE,2025-07-23,2025-08-18,14200,4.050000,4.270000,3124.000000,0.054321,26
000890.XSHE,2025-07-28,2025-08-18,38600,4.050000,4.270000,8492.000000,0.054321,21
300163.XSHE,2025-07-28,2025-08-18,3100,3.290000,3.280000,-31.000000,-0.003040,21
300736.XSHE,2025-05-07,2025-08-21,2500,9.680000,12.800000,7800.000000,0.322314,106
300948.XSHE,2025-05-07,2025-08-21,1600,9.940000,12.340000,3840.000000,0.241449,106
002193.XSHE,2025-05-07,2025-08-21,700,5.500000,6.390000,623.000000,0.161818,106
001211.XSHE,2025-07-18,2025-08-21,7900,23.090000,25.230000,16906.000000,0.092681,34
001211.XSHE,2025-07-23,2025-08-21,800,23.170000,25.230000,1648.000000,0.088908,29
001211.XSHE,2025-07-31,2025-08-21,200,23.880000,25.230000,270.000000,0.056533,21
000890.XSHE,2025-07-28,2025-08-21,40100,4.050000,4.330000,11228.000000,0.069136,24
000890.XSHE,2025-07-31,2025-08-21,9000,3.970000,4.330000,3240.000000,0.090680,21
300854.XSHE,2025-08-05,2025-08-21,3900,16.790000,18.990000,8580.000000,0.131030,16
002719.XSHE,2025-06-19,2025-08-26,800,8.710000,10.070000,1088.000000,0.156142,68
300163.XSHE,2025-07-28,2025-08-26,1700,3.290000,3.430000,238.000000,0.042553,29
300854.XSHE,2025-08-05,2025-08-26,3100,16.790000,20.390000,11160.000000,0.214413,21
300854.XSHE,2025-08-08,2025-08-26,11700,17.450000,20.390000,34398.000000,0.168481,18
300736.XSHE,2025-05-07,2025-08-29,4500,9.680000,12.740000,13770.000000,0.316116,114
002719.XSHE,2025-06-19,2025-08-29,19200,8.710000,9.590000,16896.000000,0.101033,71
002719.XSHE,2025-06-24,2025-08-29,1800,8.690000,9.590000,1620.000000,0.103567,66
001211.XSHE,2025-07-31,2025-08-29,8700,23.880000,25.000000,9744.000000,0.046901,29
001211.XSHE,2025-08-08,2025-08-29,400,24.350000,25.000000,260.000000,0.026694,21
300163.XSHE,2025-07-28,2025-08-29,27600,3.290000,3.650000,9936.000000,0.109422,32
300163.XSHE,2025-07-31,2025-08-29,2200,3.360000,3.650000,638.000000,0.086310,29
300854.XSHE,2025-08-08,2025-08-29,1400,17.450000,20.130000,3752.000000,0.153582,21
300854.XSHE,2025-08-13,2025-08-29,10200,17.420000,20.130000,27642.000000,0.155568,16
000890.XSHE,2025-07-31,2025-09-03,2800,3.970000,4.060000,252.000000,0.022670,34
300163.XSHE,2025-07-31,2025-09-03,50200,3.360000,3.510000,7530.000000,0.044643,34
300854.XSHE,2025-08-13,2025-09-03,3200,17.420000,20.820000,10880.000000,0.195178,21
300854.XSHE,2025-08-18,2025-09-03,8100,16.680000,20.820000,33534.000000,0.248201,16
600847.XSHG,2025-08-18,2025-09-03,10500,11.490000,10.900000,-6195.000000,-0.051349,16
600847.XSHG,2025-08-21,2025-09-03,10900,11.740000,10.900000,-9156.000000,-0.071550,13
300736.XSHE,2025-05-07,2025-09-08,100,9.680000,12.910000,323.000000,0.333678,124
300736.XSHE,2025-05-12,2025-09-08,1100,9.670000,12.910000,3564.000000,0.335057,119
002193.XSHE,2025-05-07,2025-09-08,1900,5.500000,6.000000,950.000000,0.090909,124
000890.XSHE,2025-07-31,2025-09-08,600,3.970000,4.100000,78.000000,0.032746,39
300854.XSHE,2025-08-18,2025-09-08,10600,16.680000,20.010000,35298.000000,0.199640,21
600847.XSHG,2025-08-21,2025-09-08,22100,11.740000,11.490000,-5525.000000,-0.021295,18
300929.XSHE,2025-05-07,2025-09-11,300,9.480000,11.060000,474.000000,0.166667,127
300948.XSHE,2025-05-07,2025-09-11,700,9.940000,11.500000,1092.000000,0.156942,127
603729.XSHG,2025-05-12,2025-09-11,400,15.600000,17.500000,760.000000,0.121795,122
002719.XSHE,2025-06-24,2025-09-11,21200,8.690000,9.750000,22472.000000,0.121979,79
002719.XSHE,2025-06-27,2025-09-11,1000,8.850000,9.750000,900.000000,0.101695,76
002719.XSHE,2025-07-02,2025-09-11,1400,9.110000,9.750000,896.000000,0.070252,71
000890.XSHE,2025-07-31,2025-09-11,3100,3.970000,4.290000,992.000000,0.080605,42
300163.XSHE,2025-07-31,2025-09-11,5300,3.360000,3.560000,1060.000000,0.059524,42
600847.XSHG,2025-08-21,2025-09-11,10200,11.740000,11.590000,-1530.000000,-0.012777,21
600847.XSHG,2025-08-26,2025-09-11,5700,11.470000,11.590000,684.000000,0.010462,16
600847.XSHG,2025-08-29,2025-09-11,3200,10.720000,11.590000,2784.000000,0.081157,13
300736.XSHE,2025-05-12,2025-09-16,17500,9.670000,14.070000,77000.000000,0.455016,127
300736.XSHE,2025-05-15,2025-09-16,4100,9.510000,14.070000,18696.000000,0.479495,124
000890.XSHE,2025-07-31,2025-09-16,42500,3.970000,4.120000,6375.000000,0.037783,47
000890.XSHE,2025-08-05,2025-09-16,1600,4.000000,4.120000,192.000000,0.030000,42
000890.XSHE,2025-08-13,2025-09-16,2400,4.390000,4.120000,-648.000000,-0.061503,34
000890.XSHE,2025-08-26,2025-09-16,1200,4.190000,4.120000,-84.000000,-0.016706,21
000890.XSHE,2025-08-29,2025-09-16,2400,3.950000,4.120000,408.000000,0.043038,18
300736.XSHE,2025-05-15,2025-09-19,15000,9.510000,14.540000,75450.000000,0.528917,127
300736.XSHE,2025-05-20,2025-09-19,3100,9.880000,14.540000,14446.000000,0.471660,122
000890.XSHE,2025-08-29,2025-09-19,54800,3.950000,4.380000,23564.000000,0.108861,21
300163.XSHE,2025-07-31,2025-09-19,8900,3.360000,3.640000,2492.000000,0.083333,50
300163.XSHE,2025-08-05,2025-09-19,1400,3.350000,3.640000,406.000000,0.086567,45
600847.XSHG,2025-08-29,2025-09-19,19500,10.720000,11.490000,15015.000000,0.071828,21
600847.XSHG,2025-09-16,2025-09-19,200,11.390000,11.490000,20.000000,0.008780,3
300594.XSHE,2025-09-03,2025-09-19,500,17.670000,17.950000,140.000000,0.015846,16
300736.XSHE,2025-05-20,2025-09-24,13600,9.880000,13.230000,45560.000000,0.339069,127
600768.XSHG,2025-05-12,2025-09-24,1000,10.690000,11.770000,1080.000000,0.101029,135
600455.XSHG,2025-08-26,2025-09-24,700,28.060000,25.850000,-1547.000000,-0.078760,29
300594.XSHE,2025-09-03,2025-09-24,1100,17.670000,17.560000,-121.000000,-0.006225,21
300736.XSHE,2025-05-20,2025-10-10,800,9.880000,13.330000,2760.000000,0.349190,143
300736.XSHE,2025-05-23,2025-10-10,13700,9.700000,13.330000,49731.000000,0.374227,140
300948.XSHE,2025-05-07,2025-10-10,6800,9.940000,22.740000,87040.000000,1.287726,156
300948.XSHE,2025-05-12,2025-10-10,17600,10.080000,22.740000,222816.000000,1.255952,151
300948.XSHE,2025-05-15,2025-10-10,19100,9.760000,22.740000,247918.000000,1.329918,148
300948.XSHE,2025-05-20,2025-10-10,17200,10.130000,22.740000,216892.000000,1.244817,143
300948.XSHE,2025-05-23,2025-10-10,17000,9.960000,22.740000,217260.000000,1.283133,140
300929.XSHE,2025-05-07,2025-10-15,2100,9.480000,11.010000,3213.000000,0.161392,161
300948.XSHE,2025-05-23,2025-10-15,1400,9.960000,19.000000,12656.000000,0.907631,145
300948.XSHE,2025-06-03,2025-10-15,800,10.050000,19.000000,7160.000000,0.890547,134
300948.XSHE,2025-06-11,2025-10-15,1200,10.400000,19.000000,10320.000000,0.826923,126
300948.XSHE,2025-06-19,2025-10-15,400,10.250000,19.000000,3500.000000,0.853659,118
300948.XSHE,2025-06-27,2025-10-15,200,10.660000,19.000000,1668.000000,0.782364,110
300948.XSHE,2025-07-02,2025-10-15,3000,10.990000,19.000000,24030.000000,0.728844,105
300948.XSHE,2025-07-15,2025-10-15,800,11.150000,19.000000,6280.000000,0.704036,92
300948.XSHE,2025-07-28,2025-10-15,1200,11.480000,19.000000,9024.000000,0.655052,79
300948.XSHE,2025-07-28,2025-10-20,1900,11.480000,19.170000,14611.000000,0.669861,84
300948.XSHE,2025-07-31,2025-10-20,1800,11.410000,19.170000,13968.000000,0.680105,81
300948.XSHE,2025-08-08,2025-10-20,1400,11.800000,19.170000,10318.000000,0.624576,73
300948.XSHE,2025-08-18,2025-10-20,400,11.520000,19.170000,3060.000000,0.664063,63
300948.XSHE,2025-08-26,2025-10-20,2300,11.930000,19.170000,16652.000000,0.606873,55
300948.XSHE,2025-08-29,2025-10-20,2700,11.230000,19.170000,21438.000000,0.707035,52
300948.XSHE,2025-09-03,2025-10-20,500,11.190000,19.170000,3990.000000,0.713137,47
300948.XSHE,2025-09-08,2025-10-20,200,11.220000,19.170000,1590.000000,0.708556,42
300948.XSHE,2025-09-16,2025-10-20,700,11.430000,19.170000,5418.000000,0.677165,34
300948.XSHE,2025-09-19,2025-10-20,900,11.200000,19.170000,7173.000000,0.711607,31
002193.XSHE,2025-05-07,2025-10-20,16700,5.500000,5.290000,-3507.000000,-0.038182,166
002719.XSHE,2025-07-02,2025-10-20,1400,9.110000,9.770000,924.000000,0.072448,110
600455.XSHG,2025-08-26,2025-10-20,100,28.060000,26.000000,-206.000000,-0.073414,55
301098.XSHE,2025-09-08,2025-10-20,700,9.020000,9.090000,49.000000,0.007761,42
002193.XSHE,2025-05-07,2025-10-23,1100,5.500000,5.530000,33.000000,0.005455,169
300163.XSHE,2025-08-05,2025-10-23,1100,3.350000,3.650000,330.000000,0.089552,79
600455.XSHG,2025-08-26,2025-10-23,1200,28.060000,27.750000,-372.000000,-0.011048,58
300594.XSHE,2025-09-03,2025-10-23,700,17.670000,18.360000,483.000000,0.039049,50
600847.XSHG,2025-10-15,2025-10-23,21000,11.240000,11.670000,9030.000000,0.038256,8
600768.XSHG,2025-05-12,2025-10-28,900,10.690000,13.350000,2394.000000,0.248831,169
300163.XSHE,2025-08-05,2025-10-28,95400,3.350000,4.170000,78228.000000,0.244776,84
300163.XSHE,2025-08-08,2025-10-28,2700,3.380000,4.170000,2133.000000,0.233728,81
600847.XSHG,2025-10-15,2025-10-28,300,11.240000,12.090000,255.000000,0.075623,13
300163.XSHE,2025-08-08,2025-10-29,29500,3.380000,4.700000,38940.000000,0.390533,82
300736.XSHE,2025-05-23,2025-10-31,800,9.700000,14.070000,3496.000000,0.450515,161
300163.XSHE,2025-08-08,2025-10-31,34300,3.380000,4.800000,48706.000000,0.420118,84
300163.XSHE,2025-08-13,2025-10-31,23400,3.380000,4.800000,33228.000000,0.420118,79
600847.XSHG,2025-10-15,2025-10-31,600,11.240000,12.350000,666.000000,0.098754,16
300929.XSHE,2025-05-07,2025-11-05,500,9.480000,11.450000,985.000000,0.207806,182
603729.XSHG,2025-05-12,2025-11-05,3300,15.600000,17.910000,7623.000000,0.148077,177
300163.XSHE,2025-08-13,2025-11-05,48500,3.380000,4.770000,67415.000000,0.411243,84
300163.XSHE,2025-08-21,2025-11-05,600,3.440000,4.770000,798.000000,0.386628,76
301098.XSHE,2025-09-08,2025-11-05,1600,9.020000,9.390000,592.000000,0.041020,58
600847.XSHG,2025-10-15,2025-11-05,7800,11.240000,12.520000,9984.000000,0.113879,21
600847.XSHG,2025-10-20,2025-11-05,12900,11.360000,12.520000,14964.000000,0.102113,16
300385.XSHE,2025-10-15,2025-11-05,100,5.180000,5.690000,51.000000,0.098456,21
300385.XSHE,2025-10-20,2025-11-05,700,5.100000,5.690000,413.000000,0.115686,16
300736.XSHE,2025-05-23,2025-11-10,4500,9.700000,16.100000,28800.000000,0.659794,171
300736.XSHE,2025-06-16,2025-11-10,1000,10.100000,16.100000,6000.000000,0.594059,147
300736.XSHE,2025-06-19,2025-11-10,100,10.090000,16.100000,601.000000,0.595639,144
300736.XSHE,2025-06-27,2025-11-10,1200,10.580000,16.100000,6624.000000,0.521739,136
300736.XSHE,2025-07-02,2025-11-10,4100,10.780000,16.100000,21812.000000,0.493506,131
300736.XSHE,2025-07-10,2025-11-10,1200,10.690000,16.100000,6492.000000,0.506080,123
300736.XSHE,2025-07-23,2025-11-10,2300,10.870000,16.100000,12029.000000,0.481141,110
300736.XSHE,2025-07-31,2025-11-10,600,11.420000,16.100000,2808.000000,0.409807,102
300736.XSHE,2025-08-18,2025-11-10,300,11.820000,16.100000,1284.000000,0.362098,84
300736.XSHE,2025-08-26,2025-11-10,1300,12.500000,16.100000,4680.000000,0.288000,76
300736.XSHE,2025-09-03,2025-11-10,600,12.660000,16.100000,2064.000000,0.271722,68
300736.XSHE,2025-10-15,2025-11-10,4300,12.890000,16.100000,13803.000000,0.249030,26
300929.XSHE,2025-05-07,2025-11-10,1000,9.480000,12.020000,2540.000000,0.267932,187
300163.XSHE,2025-08-21,2025-11-10,200,3.440000,4.980000,308.000000,0.447674,81
300163.XSHE,2025-09-08,2025-11-10,800,3.430000,4.980000,1240.000000,0.451895,63
300163.XSHE,2025-09-08,2025-11-10,6000,3.430000,4.980000,9300.000000,0.451895,63
300163.XSHE,2025-09-16,2025-11-10,2700,3.530000,4.980000,3915.000000,0.410765,55
300163.XSHE,2025-09-24,2025-11-10,28000,3.360000,4.980000,45360.000000,0.482143,47
300163.XSHE,2025-09-24,2025-11-10,200,3.360000,4.980000,324.000000,0.482143,47
300163.XSHE,2025-10-15,2025-11-10,17400,3.550000,4.980000,24882.000000,0.402817,26
300594.XSHE,2025-09-03,2025-11-10,1600,17.670000,19.630000,3136.000000,0.110922,68
300385.XSHE,2025-10-20,2025-11-10,600,5.100000,6.000000,540.000000,0.176471,21
300736.XSHE,2025-10-15,2025-11-13,15200,12.890000,18.460000,84664.000000,0.432118,29
300736.XSHE,2025-10-23,2025-11-13,5800,13.180000,18.460000,30624.000000,0.400607,21
002193.XSHE,2025-05-07,2025-11-13,2600,5.500000,6.160000,1716.000000,0.120000,190
002719.XSHE,2025-07-02,2025-11-13,2900,9.110000,10.180000,3103.000000,0.117453,134
300163.XSHE,2025-10-15,2025-11-13,49900,3.550000,4.840000,64371.000000,0.363380,29
300163.XSHE,2025-10-20,2025-11-13,5000,3.500000,4.840000,6700.000000,0.382857,24
300385.XSHE,2025-10-20,2025-11-13,1700,5.100000,6.300000,2040.000000,0.235294,24
300405.XSHE,2025-10-31,2025-11-13,3100,6.260000,7.060000,2480.000000,0.127796,13
300736.XSHE,2025-10-23,2025-11-18,10300,13.180000,18.910000,59019.000000,0.434750,26
300736.XSHE,2025-10-28,2025-11-18,4700,14.010000,18.910000,23030.000000,0.349750,21
002193.XSHE,2025-05-07,2025-11-18,800,5.500000,6.380000,704.000000,0.160000,195
002193.XSHE,2025-05-12,2025-11-18,2000,5.580000,6.380000,1600.000000,0.143369,190
603729.XSHG,2025-05-12,2025-11-18,100,15.600000,18.340000,274.000000,0.175641,190
300405.XSHE,2025-10-31,2025-11-18,27900,6.260000,7.900000,45756.000000,0.261981,18
300405.XSHE,2025-11-05,2025-11-18,14700,6.460000,7.900000,21168.000000,0.222910,13
300736.XSHE,2025-10-28,2025-11-21,500,14.010000,18.460000,2225.000000,0.317630,24
300929.XSHE,2025-05-07,2025-11-21,300,9.480000,11.680000,660.000000,0.232068,198
002193.XSHE,2025-05-12,2025-11-21,1000,5.580000,6.040000,460.000000,0.082437,193
603729.XSHG,2025-05-12,2025-11-21,1200,15.600000,17.560000,2352.000000,0.125641,193
300594.XSHE,2025-09-03,2025-11-21,200,17.670000,18.210000,108.000000,0.030560,79
301098.XSHE,2025-09-08,2025-11-21,100,9.020000,9.230000,21.000000,0.023282,74
300385.XSHE,2025-10-20,2025-11-21,30000,5.100000,6.320000,36600.000000,0.239216,32
300385.XSHE,2025-10-23,2025-11-21,13100,5.440000,6.320000,11528.000000,0.161765,29
300385.XSHE,2025-10-28,2025-11-21,300,5.520000,6.320000,240.000000,0.144928,24
300385.XSHE,2025-10-31,2025-11-21,500,5.410000,6.320000,455.000000,0.168207,21
300385.XSHE,2025-11-18,2025-11-21,1300,6.250000,6.320000,91.000000,0.011200,3
300405.XSHE,2025-11-05,2025-11-21,35600,6.460000,7.010000,19580.000000,0.085139,16
300405.XSHE,2025-11-10,2025-11-21,200,6.700000,7.010000,62.000000,0.046269,11
002883.XSHE,2025-11-10,2025-11-21,1900,11.990000,11.720000,-513.000000,-0.022519,11
300736.XSHE,2025-10-28,2025-11-26,14500,14.010000,19.500000,79605.000000,0.391863,29
600768.XSHG,2025-05-12,2025-11-26,400,10.690000,13.130000,976.000000,0.228251,198
002193.XSHE,2025-05-12,2025-11-26,5800,5.580000,6.260000,3944.000000,0.121864,198
603729.XSHG,2025-05-12,2025-11-26,1100,15.600000,17.990000,2629.000000,0.153205,198
300594.XSHE,2025-09-03,2025-11-26,100,17.670000,18.390000,72.000000,0.040747,84
002883.XSHE,2025-11-10,2025-11-26,21700,11.990000,11.650000,-7378.000000,-0.028357,16
600768.XSHG,2025-05-12,2025-12-01,200,10.690000,13.330000,528.000000,0.246960,203
002719.XSHE,2025-07-02,2025-12-01,2000,9.110000,9.690000,1160.000000,0.063666,152
600455.XSHG,2025-08-26,2025-12-01,500,28.060000,27.510000,-275.000000,-0.019601,97
301098.XSHE,2025-09-08,2025-12-01,1400,9.020000,9.330000,434.000000,0.034368,84
002883.XSHE,2025-11-10,2025-12-01,18200,11.990000,11.850000,-2548.000000,-0.011676,21
002883.XSHE,2025-11-13,2025-12-01,5100,12.080000,11.850000,-1173.000000,-0.019040,18
300417.XSHE,2025-11-13,2025-12-01,700,14.070000,13.700000,-259.000000,-0.026297,18
600768.XSHG,2025-05-12,2025-12-04,3900,10.690000,13.800000,12129.000000,0.290926,206
600768.XSHG,2025-05-15,2025-12-04,1400,10.310000,13.800000,4886.000000,0.338506,203
301098.XSHE,2025-09-08,2025-12-04,2500,9.020000,9.320000,750.000000,0.033259,87
300417.XSHE,2025-11-13,2025-12-04,16200,14.070000,13.700000,-5994.000000,-0.026297,21
300417.XSHE,2025-11-18,2025-12-04,5100,14.450000,13.700000,-3825.000000,-0.051903,16
002719.XSHE,2025-07-02,2025-12-09,300,9.110000,9.620000,153.000000,0.055982,160
301098.XSHE,2025-09-08,2025-12-09,1400,9.020000,9.510000,686.000000,0.054324,92
300417.XSHE,2025-11-18,2025-12-09,15000,14.450000,14.240000,-3150.000000,-0.014533,21
300417.XSHE,2025-11-21,2025-12-09,6200,13.280000,14.240000,5952.000000,0.072289,18
300929.XSHE,2025-05-07,2025-12-12,1100,9.480000,10.910000,1573.000000,0.150844,219
600768.XSHG,2025-05-15,2025-12-12,500,10.310000,13.050000,1370.000000,0.265761,211
300417.XSHE,2025-11-21,2025-12-12,20800,13.280000,13.940000,13728.000000,0.049699,21
002719.XSHE,2025-07-02,2025-12-17,2900,9.110000,8.600000,-1479.000000,-0.055982,168
600455.XSHG,2025-08-26,2025-12-17,300,28.060000,24.870000,-957.000000,-0.113685,113
300417.XSHE,2025-11-21,2025-12-17,15400,13.280000,13.060000,-3388.000000,-0.016566,26
300417.XSHE,2025-11-26,2025-12-17,1900,13.420000,13.060000,-684.000000,-0.026826,21
300929.XSHE,2025-05-07,2025-12-22,100,9.480000,11.050000,157.000000,0.165612,229
603729.XSHG,2025-05-12,2025-12-22,300,15.600000,16.450000,255.000000,0.054487,224
002719.XSHE,2025-07-02,2025-12-22,1300,9.110000,9.210000,130.000000,0.010977,173
300594.XSHE,2025-09-03,2025-12-22,2500,17.670000,18.060000,975.000000,0.022071,110
300417.XSHE,2025-11-26,2025-12-22,18800,13.420000,13.720000,5640.000000,0.022355,26
300854.XSHE,2025-11-26,2025-12-22,100,17.820000,16.690000,-113.000000,-0.063412,26
600768.XSHG,2025-05-15,2025-12-25,16300,10.310000,13.350000,49552.000000,0.294859,224
600768.XSHG,2025-05-20,2025-12-25,3000,10.900000,13.350000,7350.000000,0.224771,219
300594.XSHE,2025-09-03,2025-12-25,13500,17.670000,20.480000,37935.000000,0.159027,113
300594.XSHE,2025-09-08,2025-12-25,7800,17.620000,20.480000,22308.000000,0.162316,108
301098.XSHE,2025-09-08,2025-12-25,600,9.020000,8.710000,-186.000000,-0.034368,108
600768.XSHG,2025-05-20,2025-12-30,12000,10.900000,13.470000,30840.000000,0.235780,224
600768.XSHG,2025-05-23,2025-12-30,8000,10.590000,13.470000,23040.000000,0.271955,221
300594.XSHE,2025-09-08,2025-12-30,9600,17.620000,19.920000,22080.000000,0.130533,113
300594.XSHE,2025-09-11,2025-12-30,2000,18.030000,19.920000,3780.000000,0.104825,110
300854.XSHE,2025-11-26,2025-12-30,4300,17.820000,17.490000,-1419.000000,-0.018519,34
300929.XSHE,2025-05-07,2026-01-05,2700,9.480000,10.760000,3456.000000,0.135021,243
300929.XSHE,2025-05-12,2026-01-05,18300,9.650000,10.760000,20313.000000,0.115026,238
300929.XSHE,2025-05-15,2026-01-05,19400,9.430000,10.760000,25802.000000,0.141039,235
300929.XSHE,2025-05-20,2026-01-05,17700,9.800000,10.760000,16992.000000,0.097959,230
300929.XSHE,2025-05-23,2026-01-05,19200,9.620000,10.760000,21888.000000,0.118503,227
300929.XSHE,2025-06-06,2026-01-05,200,10.110000,10.760000,130.000000,0.064293,213
300929.XSHE,2025-06-16,2026-01-05,300,10.090000,10.760000,201.000000,0.066402,203
300929.XSHE,2025-06-19,2026-01-05,700,10.010000,10.760000,525.000000,0.074925,200
300929.XSHE,2025-06-24,2026-01-05,700,9.950000,10.760000,567.000000,0.081407,195
300929.XSHE,2025-06-27,2026-01-05,300,10.340000,10.760000,126.000000,0.040619,192
300929.XSHE,2025-07-02,2026-01-05,3600,10.600000,10.760000,576.000000,0.015094,187
300929.XSHE,2025-07-10,2026-01-05,400,10.740000,10.760000,8.000000,0.001862,179
300929.XSHE,2025-07-18,2026-01-05,400,10.700000,10.760000,24.000000,0.005607,171
300929.XSHE,2025-07-23,2026-01-05,2200,10.900000,10.760000,-308.000000,-0.012844,166
300929.XSHE,2025-07-31,2026-01-05,1900,11.150000,10.760000,-741.000000,-0.034978,158
300929.XSHE,2025-08-08,2026-01-05,300,11.670000,10.760000,-273.000000,-0.077978,150
300929.XSHE,2025-08-18,2026-01-05,900,11.510000,10.760000,-675.000000,-0.065161,140
300929.XSHE,2025-08-21,2026-01-05,2200,11.830000,10.760000,-2354.000000,-0.090448,137
300929.XSHE,2025-08-26,2026-01-05,2300,11.460000,10.760000,-1610.000000,-0.061082,132
300929.XSHE,2025-08-29,2026-01-05,2300,10.850000,10.760000,-207.000000,-0.008295,129
300929.XSHE,2025-09-03,2026-01-05,600,10.800000,10.760000,-24.000000,-0.003704,124
300929.XSHE,2025-09-08,2026-01-05,100,10.840000,10.760000,-8.000000,-0.007380,119
300929.XSHE,2025-09-16,2026-01-05,400,11.030000,10.760000,-108.000000,-0.024479,111
300929.XSHE,2025-09-19,2026-01-05,1500,10.750000,10.760000,15.000000,0.000930,108
300929.XSHE,2025-10-10,2026-01-05,8300,10.680000,10.760000,664.000000,0.007491,87
300929.XSHE,2025-10-23,2026-01-05,300,11.410000,10.760000,-195.000000,-0.056968,74
300929.XSHE,2025-10-28,2026-01-05,4100,11.240000,10.760000,-1968.000000,-0.042705,69
300929.XSHE,2025-10-31,2026-01-05,1000,11.040000,10.760000,-280.000000,-0.025362,66
300929.XSHE,2025-11-13,2026-01-05,600,12.080000,10.760000,-792.000000,-0.109272,53
300929.XSHE,2025-11-26,2026-01-05,2300,11.540000,10.760000,-1794.000000,-0.067591,40
300929.XSHE,2025-12-17,2026-01-05,2400,10.390000,10.760000,888.000000,0.035611,19
300929.XSHE,2025-12-25,2026-01-05,1600,10.870000,10.760000,-176.000000,-0.010120,11
600768.XSHG,2025-05-23,2026-01-05,10100,10.590000,14.000000,34441.000000,0.322002,227
600768.XSHG,2025-05-28,2026-01-05,1700,10.490000,14.000000,5967.000000,0.334604,222
600768.XSHG,2025-06-03,2026-01-05,1100,10.330000,14.000000,4037.000000,0.355276,216
600768.XSHG,2025-06-11,2026-01-05,500,10.900000,14.000000,1550.000000,0.284404,208
600768.XSHG,2025-06-19,2026-01-05,1200,10.700000,14.000000,3960.000000,0.308411,200
600768.XSHG,2025-06-27,2026-01-05,200,11.130000,14.000000,574.000000,0.257862,192
600768.XSHG,2025-07-02,2026-01-05,3300,11.450000,14.000000,8415.000000,0.222707,187
600768.XSHG,2025-07-31,2026-01-05,3200,12.470000,14.000000,4896.000000,0.122694,158
600768.XSHG,2025-08-13,2026-01-05,100,13.130000,14.000000,87.000000,0.066260,145
600768.XSHG,2025-08-18,2026-01-05,16100,12.790000,14.000000,19481.000000,0.094605,140
600768.XSHG,2025-08-21,2026-01-05,1900,12.960000,14.000000,1976.000000,0.080247,137
600768.XSHG,2025-08-26,2026-01-05,1000,12.900000,14.000000,1100.000000,0.085271,132
600768.XSHG,2025-08-29,2026-01-05,200,12.260000,14.000000,348.000000,0.141925,129
600768.XSHG,2025-09-08,2026-01-05,900,12.410000,14.000000,1431.000000,0.128122,119
600768.XSHG,2025-09-11,2026-01-05,400,12.560000,14.000000,576.000000,0.114650,116
600768.XSHG,2025-09-19,2026-01-05,2600,12.110000,14.000000,4914.000000,0.156069,108
600768.XSHG,2025-10-10,2026-01-05,6000,12.320000,14.000000,10080.000000,0.136364,87
600768.XSHG,2025-10-20,2026-01-05,100,12.450000,14.000000,155.000000,0.124498,77
600768.XSHG,2025-11-05,2026-01-05,400,13.450000,14.000000,220.000000,0.040892,61
600768.XSHG,2025-11-10,2026-01-05,2400,13.790000,14.000000,504.000000,0.015228,56
600768.XSHG,2025-11-13,2026-01-05,2000,13.670000,14.000000,660.000000,0.024140,53
600768.XSHG,2025-11-18,2026-01-05,700,13.880000,14.000000,84.000000,0.008646,48
600768.XSHG,2025-11-21,2026-01-05,1000,12.820000,14.000000,1180.000000,0.092044,45
600768.XSHG,2025-12-17,2026-01-05,500,12.630000,14.000000,685.000000,0.108472,19
600768.XSHG,2025-12-22,2026-01-05,100,13.320000,14.000000,68.000000,0.051051,14
002193.XSHE,2025-05-12,2026-01-05,22900,5.580000,5.310000,-6183.000000,-0.048387,238
002193.XSHE,2025-05-15,2026-01-05,29800,5.680000,5.310000,-11026.000000,-0.065141,235
002193.XSHE,2025-05-20,2026-01-05,31900,5.780000,5.310000,-14993.000000,-0.081315,230
002193.XSHE,2025-05-23,2026-01-05,32900,5.660000,5.310000,-11515.000000,-0.061837,227
002193.XSHE,2025-05-28,2026-01-05,600,5.700000,5.310000,-234.000000,-0.068421,222
002193.XSHE,2025-06-03,2026-01-05,1700,5.620000,5.310000,-527.000000,-0.055160,216
002193.XSHE,2025-06-06,2026-01-05,1000,5.720000,5.310000,-410.000000,-0.071678,213
002193.XSHE,2025-06-06,2026-01-05,100,5.720000,5.310000,-41.000000,-0.071678,213
002193.XSHE,2025-06-16,2026-01-05,4100,5.630000,5.310000,-1312.000000,-0.056838,203
002193.XSHE,2025-06-19,2026-01-05,1500,5.580000,5.310000,-405.000000,-0.048387,200
002193.XSHE,2025-07-02,2026-01-05,4800,6.180000,5.310000,-4176.000000,-0.140777,187
002193.XSHE,2025-07-23,2026-01-05,2300,6.320000,5.310000,-2323.000000,-0.159810,166
002193.XSHE,2025-07-31,2026-01-05,3900,6.350000,5.310000,-4056.000000,-0.163780,158
002193.XSHE,2025-08-05,2026-01-05,1100,6.420000,5.310000,-1221.000000,-0.172897,153
002193.XSHE,2025-08-08,2026-01-05,2100,6.420000,5.310000,-2331.000000,-0.172897,150
002193.XSHE,2025-08-13,2026-01-05,2900,6.430000,5.310000,-3248.000000,-0.174184,145
002193.XSHE,2025-08-18,2026-01-05,2200,6.050000,5.310000,-1628.000000,-0.122314,140
002193.XSHE,2025-08-18,2026-01-05,1600,6.050000,5.310000,-1184.000000,-0.122314,140
002193.XSHE,2025-08-26,2026-01-05,100,6.250000,5.310000,-94.000000,-0.150400,132
002193.XSHE,2025-08-26,2026-01-05,2400,6.250000,5.310000,-2256.000000,-0.150400,132
002193.XSHE,2025-08-29,2026-01-05,100,5.840000,5.310000,-53.000000,-0.090753,129
002193.XSHE,2025-08-29,2026-01-05,100,5.840000,5.310000,-53.000000,-0.090753,129
002193.XSHE,2025-09-03,2026-01-05,4400,5.910000,5.310000,-2640.000000,-0.101523,124
002193.XSHE,2025-09-11,2026-01-05,800,6.070000,5.310000,-608.000000,-0.125206,116
002193.XSHE,2025-09-16,2026-01-05,4500,5.940000,5.310000,-2835.000000,-0.106061,111
002193.XSHE,2025-09-19,2026-01-05,2800,5.790000,5.310000,-1344.000000,-0.082902,108
002193.XSHE,2025-09-24,2026-01-05,1900,5.510000,5.310000,-380.000000,-0.036298,103
002193.XSHE,2025-10-10,2026-01-05,5300,5.740000,5.310000,-2279.000000,-0.074913,87
002193.XSHE,2025-10-28,2026-01-05,2300,5.480000,5.310000,-391.000000,-0.031022,69
002193.XSHE,2025-10-28,2026-01-05,3200,5.480000,5.310000,-544.000000,-0.031022,69
002193.XSHE,2025-10-31,2026-01-05,1100,5.400000,5.310000,-99.000000,-0.016667,66
002193.XSHE,2025-11-05,2026-01-05,100,5.850000,5.310000,-54.000000,-0.092308,61
002193.XSHE,2025-11-05,2026-01-05,31900,5.850000,5.310000,-17226.000000,-0.092308,61
002193.XSHE,2025-11-10,2026-01-05,6400,6.020000,5.310000,-4544.000000,-0.117940,56
002193.XSHE,2025-12-01,2026-01-05,500,6.170000,5.310000,-430.000000,-0.139384,35
002193.XSHE,2025-12-04,2026-01-05,7400,6.000000,5.310000,-5106.000000,-0.115000,32
002193.XSHE,2025-12-12,2026-01-05,3300,5.520000,5.310000,-693.000000,-0.038043,24
002193.XSHE,2025-12-12,2026-01-05,1700,5.520000,5.310000,-357.000000,-0.038043,24
002193.XSHE,2025-12-17,2026-01-05,100,5.370000,5.310000,-6.000000,-0.011173,19
002193.XSHE,2025-12-17,2026-01-05,100,5.370000,5.310000,-6.000000,-0.011173,19
002193.XSHE,2025-12-25,2026-01-05,12000,5.400000,5.310000,-1080.000000,-0.016667,11
002193.XSHE,2025-12-30,2026-01-05,1200,5.370000,5.310000,-72.000000,-0.011173,6
603729.XSHG,2025-05-12,2026-01-05,1900,15.600000,16.090000,931.000000,0.031410,238
603729.XSHG,2025-05-15,2026-01-05,11700,15.350000,16.090000,8658.000000,0.048208,235
603729.XSHG,2025-05-20,2026-01-05,11400,15.790000,16.090000,3420.000000,0.018999,230
603729.XSHG,2025-05-28,2026-01-05,2600,15.920000,16.090000,442.000000,0.010678,222
603729.XSHG,2025-06-03,2026-01-05,11600,15.880000,16.090000,2436.000000,0.013224,216
603729.XSHG,2025-06-06,2026-01-05,200,16.300000,16.090000,-42.000000,-0.012883,213
603729.XSHG,2025-06-11,2026-01-05,800,16.900000,16.090000,-648.000000,-0.047929,208
603729.XSHG,2025-06-16,2026-01-05,6600,16.470000,16.090000,-2508.000000,-0.023072,203
603729.XSHG,2025-06-19,2026-01-05,500,16.340000,16.090000,-125.000000,-0.015300,200
603729.XSHG,2025-06-24,2026-01-05,600,16.200000,16.090000,-66.000000,-0.006790,195
603729.XSHG,2025-06-27,2026-01-05,600,16.700000,16.090000,-366.000000,-0.036527,192
603729.XSHG,2025-07-02,2026-01-05,2600,17.010000,16.090000,-2392.000000,-0.054086,187
603729.XSHG,2025-07-10,2026-01-05,300,17.220000,16.090000,-339.000000,-0.065621,179
603729.XSHG,2025-07-15,2026-01-05,1000,16.970000,16.090000,-880.000000,-0.051856,174
603729.XSHG,2025-07-23,2026-01-05,1300,17.310000,16.090000,-1586.000000,-0.070479,166
603729.XSHG,2025-07-31,2026-01-05,1200,17.320000,16.090000,-1476.000000,-0.071016,158
603729.XSHG,2025-08-13,2026-01-05,800,17.960000,16.090000,-1496.000000,-0.104120,145
603729.XSHG,2025-08-21,2026-01-05,300,18.240000,16.090000,-645.000000,-0.117873,137
603729.XSHG,2025-08-26,2026-01-05,300,18.110000,16.090000,-606.000000,-0.111541,132
603729.XSHG,2025-09-03,2026-01-05,1400,17.180000,16.090000,-1526.000000,-0.063446,124
603729.XSHG,2025-09-08,2026-01-05,600,17.100000,16.090000,-606.000000,-0.059064,119
603729.XSHG,2025-09-16,2026-01-05,1100,17.240000,16.090000,-1265.000000,-0.066705,111
603729.XSHG,2025-09-19,2026-01-05,300,16.970000,16.090000,-264.000000,-0.051856,108
603729.XSHG,2025-09-24,2026-01-05,800,16.100000,16.090000,-8.000000,-0.000621,103
603729.XSHG,2025-10-15,2026-01-05,6000,16.670000,16.090000,-3480.000000,-0.034793,82
603729.XSHG,2025-10-20,2026-01-05,600,16.540000,16.090000,-270.000000,-0.027207,77
603729.XSHG,2025-10-23,2026-01-05,200,17.150000,16.090000,-212.000000,-0.061808,74
603729.XSHG,2025-10-28,2026-01-05,200,17.480000,16.090000,-278.000000,-0.079519,69
603729.XSHG,2025-10-31,2026-01-05,3200,16.600000,16.090000,-1632.000000,-0.030723,66
603729.XSHG,2025-11-10,2026-01-05,2100,18.100000,16.090000,-4221.000000,-0.111050,56
603729.XSHG,2025-11-13,2026-01-05,1700,17.890000,16.090000,-3060.000000,-0.100615,53
603729.XSHG,2025-12-04,2026-01-05,1600,17.020000,16.090000,-1488.000000,-0.054642,32
603729.XSHG,2025-12-12,2026-01-05,2800,15.860000,16.090000,644.000000,0.014502,24
603729.XSHG,2025-12-17,2026-01-05,100,15.430000,16.090000,66.000000,0.042774,19
603729.XSHG,2025-12-25,2026-01-05,800,16.220000,16.090000,-104.000000,-0.008015,11
603729.XSHG,2025-12-30,2026-01-05,1500,15.920000,16.090000,255.000000,0.010678,6
002719.XSHE,2025-07-02,2026-01-05,28300,9.110000,8.530000,-16414.000000,-0.063666,187
002719.XSHE,2025-07-07,2026-01-05,17700,9.030000,8.530000,-8850.000000,-0.055371,182
002719.XSHE,2025-07-10,2026-01-05,900,9.200000,8.530000,-603.000000,-0.072826,179
002719.XSHE,2025-07-15,2026-01-05,1400,9.100000,8.530000,-798.000000,-0.062637,174
002719.XSHE,2025-07-23,2026-01-05,4600,9.340000,8.530000,-3726.000000,-0.086724,166
002719.XSHE,2025-07-31,2026-01-05,500,9.570000,8.530000,-520.000000,-0.108673,158
002719.XSHE,2025-08-05,2026-01-05,2500,9.520000,8.530000,-2475.000000,-0.103992,153
002719.XSHE,2025-08-18,2026-01-05,1600,9.580000,8.530000,-1680.000000,-0.109603,140
002719.XSHE,2025-09-08,2026-01-05,200,9.530000,8.530000,-200.000000,-0.104932,119
002719.XSHE,2025-09-08,2026-01-05,800,9.530000,8.530000,-800.000000,-0.104932,119
002719.XSHE,2025-09-16,2026-01-05,1300,9.580000,8.530000,-1365.000000,-0.109603,111
002719.XSHE,2025-09-19,2026-01-05,19900,9.210000,8.530000,-13532.000000,-0.073833,108
002719.XSHE,2025-09-24,2026-01-05,8600,8.650000,8.530000,-1032.000000,-0.013873,103
002719.XSHE,2025-10-15,2026-01-05,26200,9.650000,8.530000,-29344.000000,-0.116062,82
002719.XSHE,2025-10-23,2026-01-05,300,9.950000,8.530000,-426.000000,-0.142714,74
002719.XSHE,2025-10-28,2026-01-05,3500,9.620000,8.530000,-3815.000000,-0.113306,69
002719.XSHE,2025-10-31,2026-01-05,8600,9.230000,8.530000,-6020.000000,-0.075840,66
002719.XSHE,2025-10-31,2026-01-05,1600,9.230000,8.530000,-1120.000000,-0.075840,66
002719.XSHE,2025-11-05,2026-01-05,500,9.490000,8.530000,-480.000000,-0.101159,61
002719.XSHE,2025-11-10,2026-01-05,300,9.850000,8.530000,-396.000000,-0.134010,56
002719.XSHE,2025-11-18,2026-01-05,700,10.350000,8.530000,-1274.000000,-0.175845,48
002719.XSHE,2025-11-21,2026-01-05,2900,9.410000,8.530000,-2552.000000,-0.093518,45
002719.XSHE,2025-11-26,2026-01-05,3100,9.430000,8.530000,-2790.000000,-0.095440,40
002719.XSHE,2025-12-04,2026-01-05,100,9.410000,8.530000,-88.000000,-0.093518,32
002719.XSHE,2025-12-12,2026-01-05,5000,8.650000,8.530000,-600.000000,-0.013873,24
002719.XSHE,2025-12-25,2026-01-05,6300,8.790000,8.530000,-1638.000000,-0.029579,11
002719.XSHE,2025-12-30,2026-01-05,1400,8.700000,8.530000,-238.000000,-0.019540,6
600455.XSHG,2025-08-26,2026-01-05,2200,28.060000,25.830000,-4906.000000,-0.079473,132
600455.XSHG,2025-08-29,2026-01-05,11200,26.830000,25.830000,-11200.000000,-0.037272,129
600455.XSHG,2025-09-03,2026-01-05,8600,26.570000,25.830000,-6364.000000,-0.027851,124
600455.XSHG,2025-09-16,2026-01-05,300,26.880000,25.830000,-315.000000,-0.039062,111
600455.XSHG,2025-09-19,2026-01-05,8800,26.270000,25.830000,-3872.000000,-0.016749,108
600455.XSHG,2025-10-15,2026-01-05,13500,25.850000,25.830000,-270.000000,-0.000774,82
600455.XSHG,2025-10-31,2026-01-05,400,27.810000,25.830000,-792.000000,-0.071197,66
600455.XSHG,2025-11-05,2026-01-05,1100,28.010000,25.830000,-2398.000000,-0.077829,61
600455.XSHG,2025-11-10,2026-01-05,1300,28.320000,25.830000,-3237.000000,-0.087924,56
600455.XSHG,2025-11-13,2026-01-05,700,28.250000,25.830000,-1694.000000,-0.085664,53
600455.XSHG,2025-11-18,2026-01-05,500,28.570000,25.830000,-1370.000000,-0.095905,48
600455.XSHG,2025-11-26,2026-01-05,600,26.830000,25.830000,-600.000000,-0.037272,40
600455.XSHG,2025-12-09,2026-01-05,100,26.970000,25.830000,-114.000000,-0.042269,27
600455.XSHG,2025-12-22,2026-01-05,200,26.240000,25.830000,-82.000000,-0.015625,14
600455.XSHG,2025-12-25,2026-01-05,400,25.920000,25.830000,-36.000000,-0.003472,11
600455.XSHG,2025-12-30,2026-01-05,100,25.870000,25.830000,-4.000000,-0.001546,6
300594.XSHE,2025-09-11,2026-01-05,10300,18.030000,19.590000,16068.000000,0.086522,116
300594.XSHE,2025-09-16,2026-01-05,12800,17.960000,19.590000,20864.000000,0.090757,111
300594.XSHE,2025-10-15,2026-01-05,7500,17.630000,19.590000,14700.000000,0.111174,82
300594.XSHE,2025-10-20,2026-01-05,700,17.440000,19.590000,1505.000000,0.123280,77
300594.XSHE,2025-10-28,2026-01-05,100,18.680000,19.590000,91.000000,0.048715,69
300594.XSHE,2025-10-31,2026-01-05,1300,18.170000,19.590000,1846.000000,0.078151,66
300594.XSHE,2025-11-05,2026-01-05,1300,18.420000,19.590000,1521.000000,0.063518,61
300594.XSHE,2025-11-13,2026-01-05,3300,18.920000,19.590000,2211.000000,0.035412,53
300594.XSHE,2025-11-18,2026-01-05,400,19.240000,19.590000,140.000000,0.018191,48
300594.XSHE,2025-12-01,2026-01-05,500,18.480000,19.590000,555.000000,0.060065,35
300594.XSHE,2025-12-12,2026-01-05,900,16.480000,19.590000,2799.000000,0.188714,24
301098.XSHE,2025-09-08,2026-01-05,6200,9.020000,8.600000,-2604.000000,-0.046563,119
301098.XSHE,2025-09-11,2026-01-05,29400,9.150000,8.600000,-16170.000000,-0.060109,116
301098.XSHE,2025-09-16,2026-01-05,20900,9.090000,8.600000,-10241.000000,-0.053905,111
301098.XSHE,2025-09-19,2026-01-05,31600,8.900000,8.600000,-9480.000000,-0.033708,108
301098.XSHE,2025-09-24,2026-01-05,4300,8.580000,8.600000,86.000000,0.002331,103
301098.XSHE,2025-10-15,2026-01-05,33200,9.030000,8.600000,-14276.000000,-0.047619,82
301098.XSHE,2025-10-23,2026-01-05,800,9.380000,8.600000,-624.000000,-0.083156,74
301098.XSHE,2025-10-28,2026-01-05,3400,9.350000,8.600000,-2550.000000,-0.080214,69
301098.XSHE,2025-10-31,2026-01-05,4200,8.990000,8.600000,-1638.000000,-0.043382,66
301098.XSHE,2025-11-10,2026-01-05,1600,9.650000,8.600000,-1680.000000,-0.108808,56
301098.XSHE,2025-11-13,2026-01-05,2300,9.600000,8.600000,-2300.000000,-0.104167,53
301098.XSHE,2025-11-18,2026-01-05,600,9.780000,8.600000,-708.000000,-0.120654,48
301098.XSHE,2025-11-26,2026-01-05,2900,9.120000,8.600000,-1508.000000,-0.057018,40
301098.XSHE,2025-12-12,2026-01-05,100,8.610000,8.600000,-1.000000,-0.001161,24
301098.XSHE,2025-12-17,2026-01-05,3800,8.330000,8.600000,1026.000000,0.032413,19
301098.XSHE,2025-12-17,2026-01-05,1000,8.330000,8.600000,270.000000,0.032413,19
301098.XSHE,2025-12-22,2026-01-05,2500,8.690000,8.600000,-225.000000,-0.010357,14
301098.XSHE,2025-12-30,2026-01-05,700,8.660000,8.600000,-42.000000,-0.006928,6
002883.XSHE,2025-11-13,2026-01-05,21700,12.080000,10.950000,-24521.000000,-0.093543,53
002883.XSHE,2025-11-18,2026-01-05,24300,12.160000,10.950000,-29403.000000,-0.099507,48
002883.XSHE,2025-12-09,2026-01-05,400,11.630000,10.950000,-272.000000,-0.058469,27
002883.XSHE,2025-12-17,2026-01-05,15600,10.620000,10.950000,5148.000000,0.031073,19
002883.XSHE,2025-12-22,2026-01-05,3100,11.130000,10.950000,-558.000000,-0.016173,14
002883.XSHE,2025-12-22,2026-01-05,23300,11.130000,10.950000,-4194.000000,-0.016173,14
002883.XSHE,2025-12-25,2026-01-05,29500,10.990000,10.950000,-1180.000000,-0.003640,11
300854.XSHE,2025-11-26,2026-01-05,8000,17.820000,16.980000,-6720.000000,-0.047138,40
300854.XSHE,2025-12-01,2026-01-05,17800,18.120000,16.980000,-20292.000000,-0.062914,35
300854.XSHE,2025-12-04,2026-01-05,18200,17.330000,16.980000,-6370.000000,-0.020196,32
300854.XSHE,2025-12-09,2026-01-05,17600,17.630000,16.980000,-11440.000000,-0.036869,27
300854.XSHE,2025-12-12,2026-01-05,10800,16.350000,16.980000,6804.000000,0.038532,24
300854.XSHE,2025-12-17,2026-01-05,1200,15.690000,16.980000,1548.000000,0.082218,19
300854.XSHE,2025-12-25,2026-01-05,500,16.510000,16.980000,235.000000,0.028468,11
301372.XSHE,2025-12-25,2026-01-05,8100,25.210000,25.370000,1296.000000,0.006347,11
301372.XSHE,2025-12-30,2026-01-05,12000,25.690000,25.370000,-3840.000000,-0.012456,6
600543.XSHG,2025-12-25,2026-01-05,200,5.490000,5.350000,-28.000000,-0.025501,11
600543.XSHG,2025-12-30,2026-01-05,39800,5.410000,5.350000,-2388.000000,-0.011091,6
511880.XSHG,2026-01-05,2026-02-02,125400,100.065000,100.135000,8778.000000,0.000700,28
300665.XSHE,2026-02-03,2026-02-06,400,8.610000,8.800000,76.000000,0.022067,3
603880.XSHG,2026-02-06,2026-02-11,900,6.540000,6.780000,216.000000,0.036697,5
300417.XSHE,2026-02-03,2026-02-24,1200,13.640000,14.530000,1068.000000,0.065249,21
603880.XSHG,2026-02-06,2026-02-24,400,6.540000,6.800000,104.000000,0.039755,18
300417.XSHE,2026-02-03,2026-02-27,700,13.640000,14.740000,770.000000,0.080645,24
300929.XSHE,2026-02-03,2026-03-04,800,11.880000,11.800000,-64.000000,-0.006734,29
600543.XSHG,2026-02-03,2026-03-04,5000,5.220000,5.100000,-600.000000,-0.022989,29
002193.XSHE,2026-02-03,2026-03-04,2100,6.580000,6.220000,-756.000000,-0.054711,29
600455.XSHG,2026-02-03,2026-03-04,500,28.820000,27.470000,-675.000000,-0.046842,29
300417.XSHE,2026-02-03,2026-03-04,16900,13.640000,13.410000,-3887.000000,-0.016862,29
300417.XSHE,2026-02-06,2026-03-04,200,13.850000,13.410000,-88.000000,-0.031769,26
300929.XSHE,2026-02-03,2026-03-09,200,11.880000,12.340000,92.000000,0.038721,34
002719.XSHE,2026-02-03,2026-03-09,1800,9.300000,9.530000,414.000000,0.024731,34
002193.XSHE,2026-02-03,2026-03-09,300,6.580000,6.500000,-24.000000,-0.012158,34
301098.XSHE,2026-02-03,2026-03-09,2000,9.430000,9.330000,-200.000000,-0.010604,34
300417.XSHE,2026-02-06,2026-03-09,17900,13.850000,14.040000,3401.000000,0.013718,31
300621.XSHE,2026-02-03,2026-03-09,2400,8.860000,8.930000,168.000000,0.007901,34
603880.XSHG,2026-02-06,2026-03-09,38200,6.540000,6.760000,8404.000000,0.033639,31
603880.XSHG,2026-03-04,2026-03-09,100,6.260000,6.760000,50.000000,0.079872,5
300929.XSHE,2026-02-03,2026-03-12,1300,11.880000,12.800000,1196.000000,0.077441,37
600543.XSHG,2026-02-03,2026-03-12,1300,5.220000,5.480000,338.000000,0.049808,37
300417.XSHE,2026-02-06,2026-03-12,400,13.850000,14.490000,256.000000,0.046209,34
300417.XSHE,2026-02-11,2026-03-12,17500,14.320000,14.490000,2975.000000,0.011872,29
300621.XSHE,2026-02-03,2026-03-12,2800,8.860000,9.340000,1344.000000,0.054176,37
300929.XSHE,2026-02-03,2026-03-17,700,11.880000,12.680000,560.000000,0.067340,42
002883.XSHE,2026-02-03,2026-03-17,300,10.550000,10.250000,-90.000000,-0.028436,42
301098.XSHE,2026-02-03,2026-03-17,100,9.430000,9.300000,-13.000000,-0.013786,42
300621.XSHE,2026-02-03,2026-03-17,23800,8.860000,9.230000,8806.000000,0.041761,42
300621.XSHE,2026-02-06,2026-03-17,4300,9.170000,9.230000,258.000000,0.006543,39
300665.XSHE,2026-02-03,2026-03-17,1000,8.610000,8.150000,-460.000000,-0.053426,42
300929.XSHE,2026-02-03,2026-03-20,1200,11.880000,12.480000,720.000000,0.050505,45
002719.XSHE,2026-02-03,2026-03-20,800,9.300000,9.300000,0.000000,0.000000,45
002193.XSHE,2026-02-03,2026-03-20,5000,6.580000,6.420000,-800.000000,-0.024316,45
301098.XSHE,2026-02-03,2026-03-20,300,9.430000,9.060000,-111.000000,-0.039236,45
300621.XSHE,2026-02-06,2026-03-20,23100,9.170000,8.870000,-6930.000000,-0.032715,42
300621.XSHE,2026-02-11,2026-03-20,3200,9.400000,8.870000,-1696.000000,-0.056383,37
300929.XSHE,2026-02-03,2026-03-25,700,11.880000,12.000000,84.000000,0.010101,50
002719.XSHE,2026-02-03,2026-03-25,500,9.300000,8.920000,-190.000000,-0.040860,50
002883.XSHE,2026-02-03,2026-03-25,1900,10.550000,9.600000,-1805.000000,-0.090047,50
002193.XSHE,2026-02-03,2026-03-25,2100,6.580000,6.200000,-798.000000,-0.057751,50
300621.XSHE,2026-02-11,2026-03-25,23900,9.400000,8.170000,-29397.000000,-0.130851,42
300621.XSHE,2026-02-24,2026-03-25,1700,9.340000,8.170000,-1989.000000,-0.125268,29
300665.XSHE,2026-02-03,2026-03-25,900,8.610000,7.420000,-1071.000000,-0.138211,50
300929.XSHE,2026-02-03,2026-03-30,16700,11.880000,13.010000,18871.000000,0.095118,55
300929.XSHE,2026-02-06,2026-03-30,8200,12.180000,13.010000,6806.000000,0.068144,52
600543.XSHG,2026-02-03,2026-03-30,1200,5.220000,4.820000,-480.000000,-0.076628,55
300665.XSHE,2026-02-03,2026-03-30,400,8.610000,7.510000,-440.000000,-0.127758,55
300929.XSHE,2026-02-06,2026-04-01,12600,12.180000,13.290000,13986.000000,0.091133,54
300929.XSHE,2026-02-11,2026-04-01,20400,12.500000,13.290000,16116.000000,0.063200,49
300929.XSHE,2026-02-24,2026-04-01,20500,12.440000,13.290000,17425.000000,0.068328,36
300929.XSHE,2026-02-27,2026-04-01,19200,12.650000,13.290000,12288.000000,0.050593,33
002719.XSHE,2026-02-03,2026-04-01,24500,9.300000,9.190000,-2695.000000,-0.011828,57
002719.XSHE,2026-02-06,2026-04-01,26600,9.540000,9.190000,-9310.000000,-0.036688,54
002719.XSHE,2026-02-11,2026-04-01,25900,9.800000,9.190000,-15799.000000,-0.062245,49
002719.XSHE,2026-02-24,2026-04-01,29500,9.460000,9.190000,-7965.000000,-0.028541,36
002719.XSHE,2026-02-27,2026-04-01,22600,9.810000,9.190000,-14012.000000,-0.063201,33
002719.XSHE,2026-03-04,2026-04-01,1000,9.000000,9.190000,190.000000,0.021111,28
002719.XSHE,2026-03-12,2026-04-01,1200,9.670000,9.190000,-576.000000,-0.049638,20
002719.XSHE,2026-03-30,2026-04-01,400,8.970000,9.190000,88.000000,0.024526,2
002883.XSHE,2026-02-03,2026-04-01,22200,10.550000,9.910000,-14208.000000,-0.060664,57
002883.XSHE,2026-02-06,2026-04-01,23600,10.770000,9.910000,-20296.000000,-0.079851,54
002883.XSHE,2026-02-11,2026-04-01,22800,11.080000,9.910000,-26676.000000,-0.105596,49
002883.XSHE,2026-02-24,2026-04-01,25700,10.740000,9.910000,-21331.000000,-0.077281,36
002883.XSHE,2026-02-27,2026-04-01,23700,10.790000,9.910000,-20856.000000,-0.081557,33
002883.XSHE,2026-03-09,2026-04-01,1900,10.200000,9.910000,-551.000000,-0.028431,23
002883.XSHE,2026-03-09,2026-04-01,100,10.200000,9.910000,-29.000000,-0.028431,23
002883.XSHE,2026-03-12,2026-04-01,1200,10.390000,9.910000,-576.000000,-0.046198,20
002883.XSHE,2026-03-20,2026-04-01,800,9.890000,9.910000,16.000000,0.002022,12
002883.XSHE,2026-03-30,2026-04-01,3500,9.410000,9.910000,1750.000000,0.053135,2
600543.XSHG,2026-02-03,2026-04-01,41800,5.220000,4.990000,-9614.000000,-0.044061,57
600543.XSHG,2026-02-06,2026-04-01,47600,5.340000,4.990000,-16660.000000,-0.065543,54
600543.XSHG,2026-02-11,2026-04-01,45800,5.500000,4.990000,-23358.000000,-0.092727,49
600543.XSHG,2026-02-24,2026-04-01,49300,5.400000,4.990000,-20213.000000,-0.075926,36
600543.XSHG,2026-02-27,2026-04-01,48200,5.400000,4.990000,-19762.000000,-0.075926,33
600543.XSHG,2026-03-09,2026-04-01,100,5.190000,4.990000,-20.000000,-0.038536,23
600543.XSHG,2026-03-09,2026-04-01,100,5.190000,4.990000,-20.000000,-0.038536,23
600543.XSHG,2026-03-17,2026-04-01,2400,5.270000,4.990000,-672.000000,-0.053131,15
600543.XSHG,2026-03-20,2026-04-01,2900,5.000000,4.990000,-29.000000,-0.002000,12
600543.XSHG,2026-03-20,2026-04-01,5700,5.000000,4.990000,-57.000000,-0.002000,12
600543.XSHG,2026-03-25,2026-04-01,1300,4.750000,4.990000,312.000000,0.050526,7
002193.XSHE,2026-02-03,2026-04-01,29600,6.580000,6.200000,-11248.000000,-0.057751,57
002193.XSHE,2026-02-06,2026-04-01,34700,7.010000,6.200000,-28107.000000,-0.115549,54
002193.XSHE,2026-02-11,2026-04-01,34700,7.230000,6.200000,-35741.000000,-0.142462,49
002193.XSHE,2026-02-24,2026-04-01,41100,6.930000,6.200000,-30003.000000,-0.105339,36
002193.XSHE,2026-02-27,2026-04-01,45400,6.650000,6.200000,-20430.000000,-0.067669,33
002193.XSHE,2026-03-12,2026-04-01,3200,6.550000,6.200000,-1120.000000,-0.053435,20
002193.XSHE,2026-03-17,2026-04-01,200,6.360000,6.200000,-32.000000,-0.025157,15
002193.XSHE,2026-03-30,2026-04-01,2000,6.190000,6.200000,20.000000,0.001616,2
301098.XSHE,2026-02-03,2026-04-01,24900,9.430000,8.750000,-16932.000000,-0.072110,57
301098.XSHE,2026-02-06,2026-04-01,27000,9.520000,8.750000,-20790.000000,-0.080882,54
301098.XSHE,2026-02-11,2026-04-01,25400,9.850000,8.750000,-27940.000000,-0.111675,49
301098.XSHE,2026-02-24,2026-04-01,26000,9.810000,8.750000,-27560.000000,-0.108053,36
301098.XSHE,2026-02-27,2026-04-01,27700,9.720000,8.750000,-26869.000000,-0.099794,33
301098.XSHE,2026-03-04,2026-04-01,2800,8.800000,8.750000,-140.000000,-0.005682,28
301098.XSHE,2026-03-12,2026-04-01,1500,9.450000,8.750000,-1050.000000,-0.074074,20
301098.XSHE,2026-03-25,2026-04-01,3200,8.450000,8.750000,960.000000,0.035503,7
301098.XSHE,2026-03-30,2026-04-01,1800,8.420000,8.750000,594.000000,0.039192,2
600455.XSHG,2026-02-03,2026-04-01,8400,28.820000,27.350000,-12348.000000,-0.051006,57
600455.XSHG,2026-02-06,2026-04-01,8900,29.050000,27.350000,-15130.000000,-0.058520,54
600455.XSHG,2026-02-11,2026-04-01,8600,29.680000,27.350000,-20038.000000,-0.078504,49
600455.XSHG,2026-02-24,2026-04-01,8700,29.520000,27.350000,-18879.000000,-0.073509,36
600455.XSHG,2026-02-27,2026-04-01,9100,29.300000,27.350000,-17745.000000,-0.066553,33
600455.XSHG,2026-03-12,2026-04-01,100,29.220000,27.350000,-187.000000,-0.063997,20
600455.XSHG,2026-03-20,2026-04-01,500,27.650000,27.350000,-150.000000,-0.010850,12
600455.XSHG,2026-03-25,2026-04-01,400,26.130000,27.350000,488.000000,0.046690,7
600455.XSHG,2026-03-30,2026-04-01,100,26.360000,27.350000,99.000000,0.037557,2
300621.XSHE,2026-02-24,2026-04-01,25800,9.340000,8.310000,-26574.000000,-0.110278,36
300621.XSHE,2026-02-27,2026-04-01,27800,9.340000,8.310000,-28634.000000,-0.110278,33
300621.XSHE,2026-03-04,2026-04-01,3800,8.410000,8.310000,-380.000000,-0.011891,28
300621.XSHE,2026-03-30,2026-04-01,1000,8.090000,8.310000,220.000000,0.027194,2
300665.XSHE,2026-02-03,2026-04-01,27200,8.610000,7.720000,-24208.000000,-0.103368,57
300665.XSHE,2026-02-11,2026-04-01,29500,8.860000,7.720000,-33630.000000,-0.128668,49
300665.XSHE,2026-02-24,2026-04-01,32100,8.530000,7.720000,-26001.000000,-0.094959,36
300665.XSHE,2026-02-27,2026-04-01,24800,8.540000,7.720000,-20336.000000,-0.096019,33
300665.XSHE,2026-03-04,2026-04-01,7500,7.770000,7.720000,-375.000000,-0.006435,28
300665.XSHE,2026-03-09,2026-04-01,31100,8.100000,7.720000,-11818.000000,-0.046914,23
300665.XSHE,2026-03-12,2026-04-01,1300,8.230000,7.720000,-663.000000,-0.061968,20
300665.XSHE,2026-03-20,2026-04-01,3900,7.720000,7.720000,0.000000,0.000000,12
603729.XSHG,2026-02-24,2026-04-01,13700,18.830000,17.500000,-18221.000000,-0.070632,36
603729.XSHG,2026-03-04,2026-04-01,9700,17.120000,17.500000,3686.000000,0.022196,28
603729.XSHG,2026-03-09,2026-04-01,2200,17.980000,17.500000,-1056.000000,-0.026696,23
603729.XSHG,2026-03-12,2026-04-01,26700,18.500000,17.500000,-26700.000000,-0.054054,20
603729.XSHG,2026-03-17,2026-04-01,14500,18.380000,17.500000,-12760.000000,-0.047878,15
603729.XSHG,2026-03-20,2026-04-01,1300,17.990000,17.500000,-637.000000,-0.027237,12
603729.XSHG,2026-03-25,2026-04-01,300,17.100000,17.500000,120.000000,0.023392,7
603729.XSHG,2026-03-30,2026-04-01,1200,16.970000,17.500000,636.000000,0.031232,2
300635.XSHE,2026-03-20,2026-04-01,13200,12.990000,14.140000,15180.000000,0.088530,12
300635.XSHE,2026-03-25,2026-04-01,15800,13.320000,14.140000,12956.000000,0.061562,7
300635.XSHE,2026-03-30,2026-04-01,5800,13.570000,14.140000,3306.000000,0.042004,2
300417.XSHE,2026-03-30,2026-04-01,12900,12.360000,12.750000,5031.000000,0.031553,2
511880.XSHG,2026-04-01,2026-05-06,118000,100.308000,100.405000,11446.000000,0.000967,35
300417.XSHE,2026-05-07,2026-05-12,600,14.760000,15.540000,468.000000,0.052846,5
300500.XSHE,2026-05-07,2026-05-12,400,11.880000,12.290000,164.000000,0.034512,5
300665.XSHE,2026-05-07,2026-05-15,3300,8.850000,9.990000,3762.000000,0.128814,8
300405.XSHE,2026-05-07,2026-05-15,300,7.160000,7.280000,36.000000,0.016760,8
300665.XSHE,2026-05-07,2026-05-20,500,8.850000,10.070000,610.000000,0.137853,13
300405.XSHE,2026-05-07,2026-05-20,200,7.160000,7.280000,24.000000,0.016760,13
300605.XSHE,2026-05-15,2026-05-20,400,12.530000,12.840000,124.000000,0.024741,5
300405.XSHE,2026-05-07,2026-05-25,900,7.160000,7.270000,99.000000,0.015363,18
301098.XSHE,2026-05-07,2026-05-28,25200,9.640000,10.220000,14616.000000,0.060166,21
301098.XSHE,2026-05-12,2026-05-28,500,10.050000,10.220000,85.000000,0.016915,16
600455.XSHG,2026-05-07,2026-05-28,100,28.220000,27.460000,-76.000000,-0.026931,21
300665.XSHE,2026-05-07,2026-05-28,23700,8.850000,9.550000,16590.000000,0.079096,21
300665.XSHE,2026-05-12,2026-05-28,2100,9.330000,9.550000,462.000000,0.023580,16
600697.XSHG,2026-05-07,2026-05-28,100,12.700000,11.320000,-138.000000,-0.108661,21
300405.XSHE,2026-05-07,2026-05-28,32500,7.160000,6.750000,-13325.000000,-0.057263,21
300405.XSHE,2026-05-12,2026-05-28,400,7.220000,6.750000,-188.000000,-0.065097,16
300500.XSHE,2026-05-07,2026-05-28,20000,11.880000,11.240000,-12800.000000,-0.053872,21
300500.XSHE,2026-05-25,2026-05-28,100,11.930000,11.240000,-69.000000,-0.057837,3
