time,code,amount,price,commission,tax,trade_id,order_id
2020-01-02 09:30,511880.XSHG,9900,100.106,0.0,0.0,t_1,1
2020-02-03 09:30,511880.XSHG,-9900,100.311,0.0,0.0,t_2,2
2020-02-03 09:30,600671.XSHG,1700,11.24,5.0,0.0,t_3,3
2020-02-03 09:30,300539.XSHE,3100,6.38,5.0,0.0,t_4,4
2020-02-03 09:30,600791.XSHG,6300,3.15,5.0,0.0,t_5,5
2020-02-03 09:30,002076.XSHE,9600,2.08,5.0,0.0,t_6,6
2020-02-03 09:30,300218.XSHE,2800,6.95,5.0,0.0,t_7,7
2020-02-03 09:30,600889.XSHG,4800,4.13,5.0,0.0,t_8,8
2020-02-03 09:30,600766.XSHG,2900,6.76,5.0,0.0,t_9,9
2020-02-03 09:30,603139.XSHG,1200,15.64,5.0,0.0,t_10,10
2020-02-03 09:30,603356.XSHG,1600,11.99,5.0,0.0,t_11,11
2020-02-03 09:30,300412.XSHE,3200,6.09,5.0,0.0,t_12,12
2020-02-06 09:30,002076.XSHE,-400,2.22,5.0,0.89,t_13,13
2020-02-06 09:30,600889.XSHG,-100,4.39,5.0,0.44,t_14,14
2020-02-06 09:30,300412.XSHE,-100,6.72,5.0,0.67,t_15,15
2020-02-06 09:30,300029.XSHE,3800,5.33,5.0,0.0,t_16,16
2020-02-06 09:30,000679.XSHE,6600,3.03,5.0,0.0,t_17,17
2020-02-06 09:30,002473.XSHE,2900,6.86,5.0,0.0,t_18,18
2020-02-06 09:30,600561.XSHG,4300,4.62,5.0,0.0,t_19,19
2020-02-06 09:30,300106.XSHE,3800,5.25,5.0,0.0,t_20,20
2020-02-06 09:30,000929.XSHE,3300,6.05,5.0,0.0,t_21,21
2020-02-06 09:30,300665.XSHE,2100,9.29,5.0,0.0,t_22,22
2020-02-06 09:30,603991.XSHG,1300,15.22,5.0,0.0,t_23,23
2020-02-06 09:30,000691.XSHE,5700,3.5,5.0,0.0,t_24,24
2020-02-06 09:30,600241.XSHG,5100,3.94,5.0,0.0,t_25,25
2020-02-11 09:30,600889.XSHG,-100,4.56,5.0,0.46,t_26,26
2020-02-11 09:30,600766.XSHG,-100,7.45,5.0,0.74,t_27,27
2020-02-11 09:30,300412.XSHE,-100,7.04,5.0,0.7,t_28,28
2020-02-11 09:30,300029.XSHE,3700,5.45,5.0,0.0,t_29,29
2020-02-11 09:30,000679.XSHE,5900,3.29,5.0,0.0,t_30,30
2020-02-11 09:30,002473.XSHE,2800,7.2,5.0,0.0,t_31,31
2020-02-11 09:30,600561.XSHG,4200,4.86,5.0,0.0,t_32,32
2020-02-11 09:30,300106.XSHE,-100,5.69,5.0,0.57,t_33,33
2020-02-11 09:30,000929.XSHE,3200,6.3,5.0,0.0,t_34,34
2020-02-11 09:30,300665.XSHE,2200,9.54,5.0,0.0,t_35,35
2020-02-11 09:30,603991.XSHG,1300,15.67,5.0,0.0,t_36,36
2020-02-11 09:30,000691.XSHE,5600,3.65,5.0,0.0,t_37,37
2020-02-11 09:30,600241.XSHG,5100,4.05,5.0,0.0,t_38,38
2020-02-11 09:30,300736.XSHE,2200,9.19,5.0,0.0,t_39,39
2020-02-11 14:00,002076.XSHE,-700,2.45,5.0,1.72,t_40,40
2020-02-14 09:30,002076.XSHE,600,2.23,5.0,0.0,t_41,41
2020-02-14 09:30,600766.XSHG,-100,7.66,5.0,0.77,t_42,42
2020-02-14 09:30,300029.XSHE,3700,5.43,5.0,0.0,t_43,43
2020-02-14 09:30,000679.XSHE,-100,3.3,5.0,0.33,t_44,44
2020-02-14 09:30,002473.XSHE,2700,7.27,5.0,0.0,t_45,45
2020-02-14 09:30,600561.XSHG,4300,4.78,5.0,0.0,t_46,46
2020-02-14 09:30,300106.XSHE,3700,5.47,5.0,0.0,t_47,47
2020-02-14 09:30,000929.XSHE,3300,6.21,5.0,0.0,t_48,48
2020-02-14 09:30,300665.XSHE,2200,9.36,5.0,0.0,t_49,49
2020-02-14 09:30,603991.XSHG,1300,15.48,5.0,0.0,t_50,50
2020-02-14 09:30,000691.XSHE,6000,3.53,5.0,0.0,t_51,51
2020-02-14 09:30,600241.XSHG,-100,4.07,5.0,0.41,t_52,52
2020-02-14 09:30,300736.XSHE,2300,9.01,5.0,0.0,t_53,53
2020-02-14 09:30,002633.XSHE,2600,7.77,5.0,0.0,t_54,54
2020-02-19 09:30,002076.XSHE,100,2.32,5.0,0.0,t_55,55
2020-02-19 09:30,000679.XSHE,6500,3.41,5.0,0.0,t_56,56
2020-02-19 09:30,002473.XSHE,2700,7.7,5.0,0.0,t_57,57
2020-02-19 09:30,600561.XSHG,4200,5.05,5.0,0.0,t_58,58
2020-02-19 09:30,300106.XSHE,3500,5.89,5.0,0.0,t_59,59
2020-02-19 09:30,000929.XSHE,3500,6.48,5.0,0.0,t_60,60
2020-02-19 09:30,300665.XSHE,2200,9.85,5.0,0.0,t_61,61
2020-02-19 09:30,603991.XSHG,1400,16.0,5.0,0.0,t_62,62
2020-02-19 09:30,000691.XSHE,5600,3.75,5.0,0.0,t_63,63
2020-02-19 09:30,600241.XSHG,5200,4.22,5.0,0.0,t_64,64
2020-02-19 09:30,002633.XSHE,1500,8.1,5.0,0.0,t_65,65
2020-02-19 14:00,300412.XSHE,-500,8.73,5.0,4.37,t_66,67
2020-02-19 14:00,300029.XSHE,-900,6.33,5.0,5.7,t_67,68
2020-02-21 14:00,300029.XSHE,-400,6.71,5.0,2.68,t_68,69
2020-02-24 09:30,600671.XSHG,-1700,12.63,5.0,21.47,t_69,70
2020-02-24 09:30,300539.XSHE,-3100,7.16,5.0,22.2,t_70,71
2020-02-24 09:30,600791.XSHG,-6300,3.48,5.0,21.92,t_71,72
2020-02-24 09:30,002076.XSHE,-9200,2.33,5.0,21.44,t_72,73
2020-02-24 09:30,300218.XSHE,-2800,7.8,5.0,21.84,t_73,74
2020-02-24 09:30,600889.XSHG,-4600,4.71,5.0,21.67,t_74,75
2020-02-24 09:30,600766.XSHG,-2700,8.9,5.0,24.03,t_75,76
2020-02-24 09:30,603139.XSHG,-1200,17.85,5.0,21.42,t_76,77
2020-02-24 09:30,603356.XSHG,-1600,13.7,5.0,21.92,t_77,78
2020-02-24 09:30,300412.XSHE,-2500,7.9,5.0,19.75,t_78,79
2020-02-24 09:30,300029.XSHE,700,6.22,5.0,0.0,t_79,80
2020-02-24 09:30,000679.XSHE,6400,3.47,5.0,0.0,t_80,81
2020-02-24 09:30,002473.XSHE,-100,8.07,5.0,0.81,t_81,82
2020-02-24 09:30,600561.XSHG,4200,5.18,5.0,0.0,t_82,83
2020-02-24 09:30,300106.XSHE,3800,5.97,5.0,0.0,t_83,84
2020-02-24 09:30,000929.XSHE,3300,6.62,5.0,0.0,t_84,85
2020-02-24 09:30,300665.XSHE,2000,10.24,5.0,0.0,t_85,86
2020-02-24 09:30,603991.XSHG,1200,16.7,5.0,0.0,t_86,87
2020-02-24 09:30,000691.XSHE,5300,3.9,5.0,0.0,t_87,88
2020-02-24 09:30,600241.XSHG,5000,4.33,5.0,0.0,t_88,89
2020-02-24 09:30,300736.XSHE,-100,10.01,5.0,1.0,t_89,90
2020-02-24 09:30,002633.XSHE,3900,8.18,5.0,0.0,t_90,91
2020-02-24 09:30,603269.XSHG,1500,13.9,5.0,0.0,t_91,92
2020-02-27 09:30,600561.XSHG,400,4.99,5.0,0.0,t_92,93
2020-02-27 09:30,300106.XSHE,-3800,5.95,5.0,22.61,t_93,94
2020-02-27 09:30,000929.XSHE,200,6.42,5.0,0.0,t_94,95
2020-02-27 09:30,300736.XSHE,-200,10.31,5.0,2.06,t_95,96
2020-02-27 09:30,002633.XSHE,2600,8.07,5.0,0.0,t_96,97
2020-03-03 09:30,300029.XSHE,500,5.72,5.0,0.0,t_97,98
2020-03-03 09:30,002473.XSHE,-2800,7.75,5.0,21.7,t_98,99
2020-03-03 09:30,300106.XSHE,4000,5.66,5.0,0.0,t_99,100
2020-03-03 09:30,000691.XSHE,-400,3.81,5.0,1.52,t_100,101
2020-03-03 09:30,600241.XSHG,300,4.06,5.0,0.0,t_101,102
2020-03-03 09:30,300736.XSHE,-2000,9.64,5.0,19.28,t_102,103
2020-03-03 09:30,002633.XSHE,2300,8.15,5.0,0.0,t_103,104
2020-03-03 09:30,600241.XSHG,200,4.06,5.0,0.0,t_104,105
2020-03-06 09:30,600561.XSHG,-100,5.12,5.0,0.51,t_105,107
2020-03-06 09:30,300106.XSHE,-100,5.96,5.0,0.6,t_106,108
2020-03-06 09:30,000929.XSHE,-200,6.63,5.0,1.33,t_107,109
2020-03-06 09:30,000691.XSHE,-5300,3.9,5.0,20.67,t_108,110
2020-03-06 09:30,600241.XSHG,5500,4.16,5.0,0.0,t_109,111
2020-03-06 09:30,300736.XSHE,-2200,10.17,5.0,22.37,t_110,112
2020-03-06 09:30,002633.XSHE,400,8.22,5.0,0.0,t_111,113
2020-03-06 09:30,000679.XSHE,5400,3.56,5.0,0.0,t_112,114
2020-03-11 14:00,603991.XSHG,-2100,21.19,5.0,44.5,t_113,131
2020-03-13 14:00,603991.XSHG,-700,24.76,5.0,17.33,t_114,132
2020-03-16 09:30,300029.XSHE,8100,5.9,5.0,0.0,t_115,133
2020-03-16 09:30,000679.XSHE,-5700,3.64,5.0,20.75,t_116,134
2020-03-16 09:30,002473.XSHE,3500,7.76,5.0,0.0,t_117,135
2020-03-16 09:30,600561.XSHG,600,5.14,5.0,0.0,t_118,136
2020-03-16 09:30,300106.XSHE,600,5.9,5.0,0.0,t_119,137
2020-03-16 09:30,000929.XSHE,100,6.59,5.0,0.0,t_120,138
2020-03-16 09:30,603991.XSHG,-500,21.56,5.0,10.78,t_121,140
2020-03-16 09:30,000691.XSHE,-5900,4.11,5.0,24.25,t_122,141
2020-03-16 09:30,600241.XSHG,1000,4.15,5.0,0.0,t_123,142
2020-03-16 09:30,002633.XSHE,100,8.46,5.0,0.0,t_124,143
2020-03-16 09:30,603269.XSHG,-1500,13.88,5.0,20.82,t_125,144
2020-03-16 09:30,000929.XSHE,500,6.59,5.0,0.0,t_126,145
2020-03-16 09:30,300736.XSHE,2300,9.68,5.0,0.0,t_127,146
2020-03-16 09:30,300665.XSHE,100,10.49,5.0,0.0,t_128,147
2020-03-16 09:30,002209.XSHE,3500,6.47,5.0,0.0,t_129,148
2020-03-19 09:30,300029.XSHE,-100,5.63,5.0,0.56,t_130,149
2020-03-19 09:30,000679.XSHE,600,3.33,5.0,0.0,t_131,150
2020-03-19 09:30,002473.XSHE,-3600,7.97,5.0,28.69,t_132,151
2020-03-19 09:30,600561.XSHG,-100,4.88,5.0,0.49,t_133,152
2020-03-19 09:30,300106.XSHE,-400,5.75,5.0,2.3,t_134,153
2020-03-19 09:30,300665.XSHE,200,9.74,5.0,0.0,t_135,154
2020-03-19 09:30,603991.XSHG,-900,18.69,5.0,16.82,t_136,155
2020-03-19 09:30,000691.XSHE,500,3.74,5.0,0.0,t_137,156
2020-03-19 09:30,600241.XSHG,200,3.89,5.0,0.0,t_138,157
2020-03-19 09:30,002633.XSHE,100,7.9,5.0,0.0,t_139,158
2020-03-19 09:30,002209.XSHE,3500,6.1,5.0,0.0,t_140,159
2020-03-19 09:30,000679.XSHE,100,3.33,5.0,0.0,t_141,160
2020-03-19 09:30,603389.XSHG,4700,4.47,5.0,0.0,t_142,161
2020-03-20 14:00,000679.XSHE,-1500,3.68,5.0,5.52,t_143,162
2020-03-20 14:00,603991.XSHG,-300,22.41,5.0,6.72,t_144,163
2020-03-24 09:30,300029.XSHE,400,5.71,5.0,0.0,t_145,164
2020-03-24 09:30,000679.XSHE,-5500,3.6,5.0,19.8,t_146,165
2020-03-24 09:30,002473.XSHE,-300,8.61,5.0,2.58,t_147,166
2020-03-24 09:30,600561.XSHG,900,4.88,5.0,0.0,t_148,167
2020-03-24 09:30,300106.XSHE,-4100,6.19,5.0,25.38,t_149,168
2020-03-24 09:30,000929.XSHE,-800,6.84,5.0,5.47,t_150,169
2020-03-24 09:30,300665.XSHE,-2300,10.28,5.0,23.64,t_151,170
2020-03-24 09:30,603991.XSHG,-900,20.86,5.0,18.77,t_152,171
2020-03-24 09:30,000691.XSHE,-5800,3.98,5.0,23.08,t_153,172
2020-03-24 09:30,600241.XSHG,1600,3.83,5.0,0.0,t_154,173
2020-03-24 09:30,002633.XSHE,400,8.02,5.0,0.0,t_155,174
2020-03-24 09:30,300736.XSHE,2500,9.23,5.0,0.0,t_156,175
2020-03-24 09:30,002209.XSHE,3900,6.15,5.0,0.0,t_157,176
2020-03-24 09:30,603389.XSHG,5500,4.35,5.0,0.0,t_158,177
2020-03-24 09:30,600599.XSHG,3000,7.3,5.0,0.0,t_159,178
2020-03-24 09:30,600506.XSHG,2600,8.25,5.0,0.0,t_160,179
2020-03-26 14:00,300029.XSHE,-1600,6.34,5.0,10.14,t_161,180
2020-03-27 09:30,300029.XSHE,500,6.13,5.0,0.0,t_162,181
2020-03-27 09:30,000679.XSHE,700,3.48,5.0,0.0,t_163,182
2020-03-27 09:30,002473.XSHE,-2400,8.4,5.0,20.16,t_164,183
2020-03-27 09:30,600561.XSHG,-600,5.08,5.0,3.05,t_165,184
2020-03-27 09:30,300106.XSHE,-3600,6.27,5.0,22.57,t_166,185
2020-03-27 09:30,000929.XSHE,800,6.55,5.0,0.0,t_167,186
2020-03-27 09:30,300665.XSHE,-2100,10.32,5.0,21.67,t_168,187
2020-03-27 09:30,603991.XSHG,-1100,19.87,5.0,21.86,t_169,188
2020-03-27 09:30,000691.XSHE,200,3.92,5.0,0.0,t_170,189
2020-03-27 09:30,300736.XSHE,2200,9.59,5.0,0.0,t_171,190
2020-03-27 09:30,002209.XSHE,-200,6.36,5.0,1.27,t_172,191
2020-03-27 09:30,603389.XSHG,4900,4.48,5.0,0.0,t_173,192
2020-03-27 09:30,600599.XSHG,3100,7.37,5.0,0.0,t_174,193
2020-03-27 09:30,603269.XSHG,1600,13.68,5.0,0.0,t_175,194
2020-03-30 14:00,300029.XSHE,-800,6.32,5.0,5.06,t_176,195
2020-03-31 14:00,300106.XSHE,-1700,7.98,5.0,13.57,t_177,196
2020-04-01 09:30,300029.XSHE,-17600,6.19,10.89,108.94,t_178,197
2020-04-01 09:30,000679.XSHE,-19400,3.13,6.07,60.72,t_179,198
2020-04-01 09:30,002473.XSHE,-5400,7.4,5.0,39.96,t_180,199
2020-04-01 09:30,600561.XSHG,-22300,4.93,10.99,109.94,t_181,200
2020-04-01 09:30,300106.XSHE,-5600,7.6,5.0,42.56,t_182,201
2020-04-01 09:30,000929.XSHE,-17200,6.57,11.3,113.0,t_183,202
2020-04-01 09:30,300665.XSHE,-6600,9.93,6.55,65.54,t_184,203
2020-04-01 09:30,000691.XSHE,-11500,3.68,5.0,42.32,t_185,204
2020-04-01 09:30,600241.XSHG,-29100,3.73,10.85,108.54,t_186,205
2020-04-01 09:30,002633.XSHE,-13900,7.92,11.01,110.09,t_187,206
2020-04-01 09:30,300736.XSHE,-7000,9.08,6.36,63.56,t_188,207
2020-04-01 09:30,002209.XSHE,-10700,6.26,6.7,66.98,t_189,208
2020-04-01 09:30,603389.XSHG,-15100,4.2,6.34,63.42,t_190,209
2020-04-01 09:30,600599.XSHG,-6100,6.75,5.0,41.18,t_191,210
2020-04-01 09:30,600506.XSHG,-2600,9.17,5.0,23.84,t_192,211
2020-04-01 09:30,603269.XSHG,-1600,13.33,5.0,21.33,t_193,212
2020-04-01 09:30,511880.XSHG,10900,100.715,0.0,0.0,t_194,213
2020-05-06 09:30,511880.XSHG,-10900,100.831,0.0,0.0,t_195,214
2020-05-06 09:30,002071.XSHE,12300,1.78,5.0,0.0,t_196,215
2020-05-06 09:30,600599.XSHG,3600,6.02,5.0,0.0,t_197,216
2020-05-06 09:30,600561.XSHG,4700,4.6,5.0,0.0,t_198,217
2020-05-06 09:30,300029.XSHE,4000,5.5,5.0,0.0,t_199,218
2020-05-06 09:30,002633.XSHE,2900,7.4,5.0,0.0,t_200,219
2020-05-06 09:30,002209.XSHE,3900,5.63,5.0,0.0,t_201,220
2020-05-06 09:30,000929.XSHE,3600,6.07,5.0,0.0,t_202,221
2020-05-06 09:30,300736.XSHE,2500,8.7,5.0,0.0,t_203,222
2020-05-06 09:30,300665.XSHE,2300,9.48,5.0,0.0,t_204,223
2020-05-06 09:30,600520.XSHG,2900,7.43,5.0,0.0,t_205,224
2020-05-11 09:30,002071.XSHE,11300,1.88,5.0,0.0,t_206,225
2020-05-11 09:30,600599.XSHG,3200,6.44,5.0,0.0,t_207,226
2020-05-11 09:30,600561.XSHG,4900,4.62,5.0,0.0,t_208,227
2020-05-11 09:30,300029.XSHE,3800,5.65,5.0,0.0,t_209,228
2020-05-11 09:30,002633.XSHE,2800,7.75,5.0,0.0,t_210,229
2020-05-11 09:30,002209.XSHE,3600,5.89,5.0,0.0,t_211,230
2020-05-11 09:30,000929.XSHE,3500,6.24,5.0,0.0,t_212,231
2020-05-11 09:30,300736.XSHE,2500,8.8,5.0,0.0,t_213,232
2020-05-11 09:30,300665.XSHE,2200,9.78,5.0,0.0,t_214,233
2020-05-11 09:30,300156.XSHE,25800,0.86,5.0,0.0,t_215,234
2020-05-14 09:30,002071.XSHE,14200,1.74,5.0,0.0,t_216,235
2020-05-14 09:30,600599.XSHG,3800,6.17,5.0,0.0,t_217,236
2020-05-14 09:30,600561.XSHG,5000,4.5,5.0,0.0,t_218,237
2020-05-14 09:30,300029.XSHE,4200,5.47,5.0,0.0,t_219,238
2020-05-14 09:30,002633.XSHE,2700,7.79,5.0,0.0,t_220,239
2020-05-14 09:30,002209.XSHE,3700,5.85,5.0,0.0,t_221,240
2020-05-14 09:30,000929.XSHE,3400,6.26,5.0,0.0,t_222,241
2020-05-14 09:30,300736.XSHE,2600,8.67,5.0,0.0,t_223,242
2020-05-14 09:30,300665.XSHE,2300,9.68,5.0,0.0,t_224,243
2020-05-14 09:30,300156.XSHE,32000,0.76,5.0,0.0,t_225,244
2020-05-19 09:30,002071.XSHE,16900,1.58,5.0,0.0,t_226,245
2020-05-19 09:30,600599.XSHG,3400,6.16,5.0,0.0,t_227,246
2020-05-19 09:30,600561.XSHG,4500,4.52,5.0,0.0,t_228,247
2020-05-19 09:30,300029.XSHE,4000,5.38,5.0,0.0,t_229,248
2020-05-19 09:30,002633.XSHE,2800,7.69,5.0,0.0,t_230,249
2020-05-19 09:30,002209.XSHE,3900,5.72,5.0,0.0,t_231,250
2020-05-19 09:30,000929.XSHE,3300,6.25,5.0,0.0,t_232,251
2020-05-19 09:30,300736.XSHE,2300,8.71,5.0,0.0,t_233,252
2020-05-19 09:30,300665.XSHE,2200,9.57,5.0,0.0,t_234,253
2020-05-19 09:30,300156.XSHE,46700,0.62,5.0,0.0,t_235,254
2020-05-21 14:00,600599.XSHG,-2900,8.02,5.0,23.26,t_236,255
2020-05-21 14:00,600520.XSHG,-200,8.44,5.0,1.69,t_237,256
2020-05-22 09:30,600561.XSHG,5000,4.6,5.0,0.0,t_238,257
2020-05-22 09:30,300029.XSHE,4600,5.36,5.0,0.0,t_239,258
2020-05-22 09:30,002633.XSHE,3400,7.55,5.0,0.0,t_240,259
2020-05-22 09:30,002209.XSHE,4100,5.76,5.0,0.0,t_241,260
2020-05-22 09:30,000929.XSHE,3800,6.28,5.0,0.0,t_242,261
2020-05-22 09:30,300736.XSHE,3000,8.59,5.0,0.0,t_243,262
2020-05-22 09:30,300665.XSHE,2700,9.45,5.0,0.0,t_244,263
2020-05-22 09:30,600520.XSHG,-100,8.55,5.0,0.86,t_245,264
2020-05-22 09:30,000502.XSHE,3500,6.19,5.0,0.0,t_246,265
2020-05-22 09:30,603269.XSHG,1700,12.86,5.0,0.0,t_247,266
2020-05-22 09:30,002473.XSHE,2900,7.55,5.0,0.0,t_248,267
2020-05-22 14:00,600599.XSHG,800,7.39,5.0,0.0,t_249,268
2020-05-25 14:00,002071.XSHE,-10100,1.93,5.0,19.49,t_250,269
2020-05-27 09:30,002071.XSHE,1100,1.91,5.0,0.0,t_251,270
2020-05-27 09:30,300029.XSHE,-100,5.33,5.0,0.53,t_252,271
2020-05-27 09:30,002633.XSHE,-300,7.67,5.0,2.3,t_253,272
2020-05-27 09:30,002209.XSHE,-500,5.85,5.0,2.93,t_254,273
2020-05-27 09:30,000929.XSHE,-200,6.31,5.0,1.26,t_255,274
2020-05-27 09:30,300736.XSHE,-400,8.75,5.0,3.5,t_256,275
2020-05-27 09:30,300665.XSHE,-200,9.5,5.0,1.9,t_257,276
2020-05-27 09:30,000502.XSHE,3200,6.46,5.0,0.0,t_258,277
2020-05-27 09:30,603269.XSHG,700,12.95,5.0,0.0,t_259,278
2020-05-27 09:30,002473.XSHE,-100,7.96,5.0,0.8,t_260,279
2020-05-27 14:00,600599.XSHG,-3100,7.52,5.0,23.31,t_261,281
2020-05-27 14:00,600520.XSHG,-2600,10.03,5.0,26.08,t_262,282
2020-05-29 14:00,600599.XSHG,-600,8.28,5.0,4.97,t_263,283
2020-06-01 09:30,600561.XSHG,900,4.53,5.0,0.0,t_264,284
2020-06-01 09:30,300029.XSHE,400,5.41,5.0,0.0,t_265,285
2020-06-01 09:30,002633.XSHE,300,7.76,5.0,0.0,t_266,286
2020-06-01 09:30,002209.XSHE,600,5.86,5.0,0.0,t_267,287
2020-06-01 09:30,000929.XSHE,200,6.44,5.0,0.0,t_268,288
2020-06-01 09:30,300736.XSHE,400,8.8,5.0,0.0,t_269,289
2020-06-01 09:30,300665.XSHE,200,9.63,5.0,0.0,t_270,290
2020-06-01 09:30,000502.XSHE,3700,6.53,5.0,0.0,t_271,291
2020-06-01 09:30,603269.XSHG,900,13.04,5.0,0.0,t_272,292
2020-06-01 09:30,601558.XSHG,1800,0.19,5.0,0.0,t_273,293
2020-06-04 09:30,600599.XSHG,-5200,8.15,5.0,42.38,t_274,296
2020-06-04 09:30,600561.XSHG,500,4.7,5.0,0.0,t_275,297
2020-06-04 09:30,300029.XSHE,700,5.56,5.0,0.0,t_276,298
2020-06-04 09:30,002633.XSHE,700,7.85,5.0,0.0,t_277,299
2020-06-04 09:30,002209.XSHE,300,6.11,5.0,0.0,t_278,300
2020-06-04 09:30,300736.XSHE,100,9.18,5.0,0.0,t_279,301
2020-06-04 09:30,300665.XSHE,300,10.01,5.0,0.0,t_280,302
2020-06-04 09:30,000502.XSHE,3700,6.67,5.0,0.0,t_281,303
2020-06-04 09:30,601558.XSHG,500,0.22,5.0,0.0,t_282,305
2020-06-04 14:00,000929.XSHE,-4400,7.53,5.0,33.13,t_283,311
2020-06-05 14:00,002071.XSHE,-31500,3.47,10.93,109.31,t_284,312
2020-06-05 14:00,600561.XSHG,-300,4.88,5.0,1.46,t_285,313
2020-06-09 09:30,600599.XSHG,300,7.25,5.0,0.0,t_286,314
2020-06-09 09:30,600561.XSHG,100,4.75,5.0,0.0,t_287,315
2020-06-09 09:30,300029.XSHE,-400,5.7,5.0,2.28,t_288,316
2020-06-09 09:30,002633.XSHE,100,7.81,5.0,0.0,t_289,317
2020-06-09 09:30,002209.XSHE,300,6.04,5.0,0.0,t_290,318
2020-06-09 09:30,000929.XSHE,1100,6.7,5.0,0.0,t_291,319
2020-06-09 09:30,300736.XSHE,500,8.85,5.0,0.0,t_292,320
2020-06-09 09:30,300665.XSHE,300,9.74,5.0,0.0,t_293,321
2020-06-09 09:30,000502.XSHE,4000,6.62,5.0,0.0,t_294,322
2020-06-09 09:30,603269.XSHG,3300,14.56,5.0,0.0,t_295,323
2020-06-09 09:30,002473.XSHE,200,7.94,5.0,0.0,t_296,324
2020-06-09 09:30,601558.XSHG,107100,0.22,5.0,0.0,t_297,325
2020-06-09 09:30,300535.XSHE,2100,12.13,5.0,0.0,t_298,326
2020-06-09 09:30,300405.XSHE,100,5.75,5.0,0.0,t_299,327
2020-06-10 14:00,002071.XSHE,-6300,3.1,5.0,19.53,t_300,329
2020-06-11 14:00,600599.XSHG,100,7.09,5.0,0.0,t_301,330
2020-06-12 09:30,002071.XSHE,400,2.83,5.0,0.0,t_302,331
2020-06-12 09:30,600561.XSHG,500,4.59,5.0,0.0,t_303,332
2020-06-12 09:30,300029.XSHE,-100,5.63,5.0,0.56,t_304,333
2020-06-12 09:30,002633.XSHE,-200,7.81,5.0,1.56,t_305,334
2020-06-12 09:30,002209.XSHE,100,5.91,5.0,0.0,t_306,335
2020-06-12 09:30,000929.XSHE,-100,6.7,5.0,0.67,t_307,336
2020-06-12 09:30,300736.XSHE,-100,8.88,5.0,0.89,t_308,337
2020-06-12 09:30,300665.XSHE,100,9.5,5.0,0.0,t_309,338
2020-06-12 09:30,603269.XSHG,-1300,13.6,5.0,17.68,t_310,339
2020-06-12 09:30,002473.XSHE,-3000,8.06,5.0,24.18,t_311,340
2020-06-12 09:30,601558.XSHG,-1500,0.22,5.0,0.33,t_312,341
2020-06-12 09:30,300535.XSHE,1700,12.19,5.0,0.0,t_313,342
2020-06-12 09:30,300405.XSHE,6900,5.65,5.0,0.0,t_314,343
2020-06-17 09:30,002071.XSHE,-8300,2.42,5.0,20.09,t_315,346
2020-06-17 09:30,600561.XSHG,200,4.68,5.0,0.0,t_316,347
2020-06-17 09:30,300029.XSHE,600,5.59,5.0,0.0,t_317,348
2020-06-17 09:30,002633.XSHE,-4400,9.07,5.0,39.91,t_318,349
2020-06-17 09:30,002209.XSHE,-200,6.15,5.0,1.23,t_319,350
2020-06-17 09:30,000929.XSHE,-3900,7.15,5.0,27.89,t_320,351
2020-06-17 09:30,300665.XSHE,100,9.69,5.0,0.0,t_321,352
2020-06-17 09:30,000502.XSHE,300,6.58,5.0,0.0,t_322,353
2020-06-17 09:30,603269.XSHG,100,13.34,5.0,0.0,t_323,354
2020-06-17 09:30,601558.XSHG,2700,0.22,5.0,0.0,t_324,355
2020-06-17 09:30,300535.XSHE,2100,12.25,5.0,0.0,t_325,356
2020-06-17 09:30,300405.XSHE,1300,5.85,5.0,0.0,t_326,357
2020-06-17 09:30,002473.XSHE,3000,7.89,5.0,0.0,t_327,358
2020-06-17 09:30,000638.XSHE,5500,4.14,5.0,0.0,t_328,359
2020-06-22 09:30,600561.XSHG,-400,4.76,5.0,1.9,t_329,361
2020-06-22 09:30,300029.XSHE,100,5.56,5.0,0.0,t_330,362
2020-06-22 09:30,002633.XSHE,100,7.98,5.0,0.0,t_331,363
2020-06-22 09:30,000929.XSHE,100,6.75,5.0,0.0,t_332,364
2020-06-22 09:30,300736.XSHE,-300,9.32,5.0,2.8,t_333,365
2020-06-22 09:30,300665.XSHE,-300,9.98,5.0,2.99,t_334,366
2020-06-22 09:30,000502.XSHE,100,6.57,5.0,0.0,t_335,367
2020-06-22 09:30,601558.XSHG,-110600,0.23,5.0,25.44,t_336,368
2020-06-22 09:30,002473.XSHE,3100,7.97,5.0,0.0,t_337,369
2020-06-22 09:30,000638.XSHE,1000,5.4,5.0,0.0,t_338,370
2020-06-29 09:30,300029.XSHE,-100,5.48,5.0,0.55,t_339,377
2020-06-29 09:30,002633.XSHE,100,7.9,5.0,0.0,t_340,378
2020-06-29 09:30,300736.XSHE,-100,9.18,5.0,0.92,t_341,380
2020-06-29 09:30,300665.XSHE,-100,9.87,5.0,0.99,t_342,381
2020-06-29 09:30,000502.XSHE,-200,6.5,5.0,1.3,t_343,382
2020-06-29 09:30,300535.XSHE,-1900,12.05,5.0,22.89,t_344,383
2020-06-29 09:30,300405.XSHE,-4000,5.6,5.0,22.4,t_345,384
2020-06-29 09:30,002473.XSHE,3000,7.78,5.0,0.0,t_346,385
2020-06-29 09:30,000638.XSHE,4800,4.18,5.0,0.0,t_347,386
2020-06-29 09:30,600561.XSHG,100,4.6,5.0,0.0,t_348,387
2020-06-29 09:30,002633.XSHE,500,7.9,5.0,0.0,t_349,388
2020-06-29 09:30,000929.XSHE,100,6.55,5.0,0.0,t_350,389
2020-07-01 14:00,300736.XSHE,-700,9.85,5.0,6.9,t_351,390
2020-07-02 09:30,600599.XSHG,-3400,5.25,5.0,17.85,t_352,391
2020-07-02 09:30,600561.XSHG,200,4.68,5.0,0.0,t_353,392
2020-07-02 09:30,300029.XSHE,200,5.54,5.0,0.0,t_354,393
2020-07-02 09:30,002633.XSHE,600,7.98,5.0,0.0,t_355,394
2020-07-02 09:30,002209.XSHE,300,6.04,5.0,0.0,t_356,395
2020-07-02 09:30,000929.XSHE,2400,6.57,5.0,0.0,t_357,396
2020-07-02 09:30,300736.XSHE,-2800,10.3,5.0,28.84,t_358,397
2020-07-02 09:30,000502.XSHE,-4000,6.83,5.0,27.32,t_359,398
2020-07-02 09:30,603269.XSHG,1900,13.16,5.0,0.0,t_360,399
2020-07-02 09:30,300535.XSHE,-2000,12.25,5.0,24.5,t_361,400
2020-07-02 09:30,300405.XSHE,4200,5.72,5.0,0.0,t_362,401
2020-07-02 09:30,002473.XSHE,3200,7.88,5.0,0.0,t_363,402
2020-07-02 09:30,000638.XSHE,300,4.17,5.0,0.0,t_364,403
2020-07-02 09:30,000929.XSHE,800,6.57,5.0,0.0,t_365,404
2020-07-07 09:30,600561.XSHG,-5300,5.0,5.0,26.5,t_366,406
2020-07-07 09:30,002633.XSHE,300,8.23,5.0,0.0,t_367,407
2020-07-07 09:30,002209.XSHE,-600,6.6,5.0,3.96,t_368,408
2020-07-07 09:30,000929.XSHE,900,7.0,5.0,0.0,t_369,409
2020-07-07 09:30,300736.XSHE,1000,9.79,5.0,0.0,t_370,410
2020-07-07 09:30,300665.XSHE,100,10.52,5.0,0.0,t_371,411
2020-07-07 09:30,000502.XSHE,-200,7.34,5.0,1.47,t_372,412
2020-07-07 09:30,603269.XSHG,800,13.88,5.0,0.0,t_373,413
2020-07-07 09:30,300535.XSHE,100,12.78,5.0,0.0,t_374,414
2020-07-07 09:30,300405.XSHE,-100,6.12,5.0,0.61,t_375,415
2020-07-07 09:30,000638.XSHE,-5900,4.53,5.0,26.73,t_376,416
2020-07-07 09:30,603269.XSHG,1100,13.88,5.0,0.0,t_377,417
2020-07-07 09:30,300535.XSHE,900,12.78,5.0,0.0,t_378,418
2020-07-07 14:00,002473.XSHE,-700,8.88,5.0,6.22,t_379,420
2020-07-10 09:30,600561.XSHG,-5000,5.07,5.0,25.35,t_380,421
2020-07-10 09:30,300029.XSHE,200,5.94,5.0,0.0,t_381,422
2020-07-10 09:30,002633.XSHE,2800,8.61,5.0,0.0,t_382,423
2020-07-10 09:30,002209.XSHE,200,6.65,5.0,0.0,t_383,424
2020-07-10 09:30,000929.XSHE,700,7.25,5.0,0.0,t_384,425
2020-07-10 09:30,300736.XSHE,-300,10.33,5.0,3.1,t_385,426
2020-07-10 09:30,000502.XSHE,200,7.34,5.0,0.0,t_386,427
2020-07-10 09:30,300535.XSHE,100,13.22,5.0,0.0,t_387,428
2020-07-10 09:30,300405.XSHE,100,6.27,5.0,0.0,t_388,429
2020-07-10 09:30,002473.XSHE,-2700,8.88,5.0,23.98,t_389,430
2020-07-10 09:30,000638.XSHE,-5700,4.66,5.0,26.56,t_390,431
2020-07-10 09:30,000929.XSHE,2800,7.25,5.0,0.0,t_391,432
2020-07-10 09:30,300535.XSHE,800,13.22,5.0,0.0,t_392,433
2020-07-10 09:30,300405.XSHE,3100,6.27,5.0,0.0,t_393,434
2020-07-15 09:30,600561.XSHG,-5400,5.2,5.0,28.08,t_394,437
2020-07-15 09:30,300029.XSHE,-300,6.1,5.0,1.83,t_395,438
2020-07-15 09:30,002633.XSHE,200,8.59,5.0,0.0,t_396,439
2020-07-15 09:30,002209.XSHE,-200,6.81,5.0,1.36,t_397,440
2020-07-15 09:30,300665.XSHE,-100,11.0,5.0,1.1,t_398,441
2020-07-15 09:30,000502.XSHE,400,7.21,5.0,0.0,t_399,442
2020-07-15 09:30,603269.XSHG,-100,14.64,5.0,1.46,t_400,443
2020-07-15 09:30,300535.XSHE,2000,13.28,5.0,0.0,t_401,444
2020-07-15 09:30,300405.XSHE,400,6.48,5.0,0.0,t_402,445
2020-07-15 09:30,002473.XSHE,-3000,9.0,5.0,27.0,t_403,446
2020-07-15 09:30,600768.XSHG,2500,10.68,5.0,0.0,t_404,447
2020-07-20 09:30,600561.XSHG,-5000,4.92,5.0,24.6,t_405,449
2020-07-20 09:30,002209.XSHE,-100,6.48,5.0,0.65,t_406,450
2020-07-20 09:30,000929.XSHE,100,6.87,5.0,0.0,t_407,451
2020-07-20 09:30,300736.XSHE,200,9.63,5.0,0.0,t_408,452
2020-07-20 09:30,300665.XSHE,-200,10.59,5.0,2.12,t_409,453
2020-07-20 09:30,000502.XSHE,-300,6.99,5.0,2.1,t_410,454
2020-07-20 09:30,300535.XSHE,2000,12.69,5.0,0.0,t_411,455
2020-07-20 09:30,300405.XSHE,-300,6.48,5.0,1.94,t_412,456
2020-07-20 09:30,002473.XSHE,200,8.18,5.0,0.0,t_413,457
2020-07-20 09:30,600768.XSHG,200,10.21,5.0,0.0,t_414,458
2020-07-23 09:30,600561.XSHG,-5200,5.15,5.0,26.78,t_415,460
2020-07-23 09:30,300029.XSHE,-200,5.94,5.0,1.19,t_416,461
2020-07-23 09:30,002633.XSHE,-400,8.59,5.0,3.44,t_417,462
2020-07-23 09:30,002209.XSHE,100,6.54,5.0,0.0,t_418,463
2020-07-23 09:30,300736.XSHE,2000,10.26,5.0,0.0,t_419,464
2020-07-23 09:30,300156.XSHE,-104500,0.15,5.0,15.68,t_420,465
2020-07-23 09:30,000502.XSHE,3600,7.07,5.0,0.0,t_421,466
2020-07-23 09:30,300405.XSHE,-3800,6.51,5.0,24.74,t_422,468
2020-07-23 09:30,600768.XSHG,2400,10.42,5.0,0.0,t_423,469
2020-07-28 09:30,300029.XSHE,-2000,6.37,5.0,12.74,t_424,473
2020-07-28 09:30,000929.XSHE,300,6.72,5.0,0.0,t_425,474
2020-07-28 09:30,300736.XSHE,300,9.78,5.0,0.0,t_426,475
2020-07-28 09:30,000502.XSHE,-200,7.02,5.0,1.4,t_427,476
2020-07-28 09:30,300535.XSHE,700,12.58,5.0,0.0,t_428,477
2020-07-28 09:30,300405.XSHE,-3900,6.38,5.0,24.88,t_429,478
2020-07-28 09:30,600768.XSHG,2500,10.12,5.0,0.0,t_430,479
2020-07-28 14:00,603269.XSHG,-5100,12.65,6.45,64.52,t_431,483
2020-07-31 09:30,000929.XSHE,-100,6.93,5.0,0.69,t_432,484
2020-07-31 09:30,300736.XSHE,-500,10.51,5.0,5.25,t_433,485
2020-07-31 09:30,000502.XSHE,-100,7.2,5.0,0.72,t_434,486
2020-07-31 09:30,603269.XSHG,-2000,13.21,5.0,26.42,t_435,487
2020-07-31 09:30,300535.XSHE,1300,12.82,5.0,0.0,t_436,488
2020-07-31 09:30,300405.XSHE,-4000,6.42,5.0,25.68,t_437,489
2020-07-31 09:30,600768.XSHG,4600,10.38,5.0,0.0,t_438,490
2020-07-31 09:30,600365.XSHG,7400,3.42,5.0,0.0,t_439,491
2020-07-31 09:30,300312.XSHE,5700,4.43,5.0,0.0,t_440,492
2020-08-05 09:30,300029.XSHE,-500,6.9,5.0,3.45,t_441,493
2020-08-05 09:30,002633.XSHE,-100,8.82,5.0,0.88,t_442,494
2020-08-05 09:30,002209.XSHE,-700,6.99,5.0,4.89,t_443,495
2020-08-05 09:30,000929.XSHE,-300,7.26,5.0,2.18,t_444,496
2020-08-05 09:30,300736.XSHE,300,10.45,5.0,0.0,t_445,497
2020-08-05 09:30,000502.XSHE,200,7.3,5.0,0.0,t_446,498
2020-08-05 09:30,603269.XSHG,-2000,13.05,5.0,26.1,t_447,499
2020-08-05 09:30,300535.XSHE,100,13.11,5.0,0.0,t_448,500
2020-08-05 09:30,002473.XSHE,1600,6.73,5.0,0.0,t_449,501
2020-08-05 09:30,600365.XSHG,7800,3.45,5.0,0.0,t_450,502
2020-08-06 14:00,300312.XSHE,-200,4.93,5.0,0.99,t_451,503
2020-08-10 09:30,300029.XSHE,400,6.11,5.0,0.0,t_452,504
2020-08-10 09:30,002473.XSHE,-3700,6.75,5.0,24.98,t_453,510
2020-08-10 09:30,600768.XSHG,500,10.5,5.0,0.0,t_454,511
2020-08-10 09:30,600365.XSHG,5800,3.45,5.0,0.0,t_455,512
2020-08-11 14:00,002209.XSHE,-6600,8.95,5.91,59.07,t_456,521
2020-08-12 14:00,002473.XSHE,-300,7.27,5.0,2.18,t_457,522
2020-08-13 09:30,300029.XSHE,1800,6.19,5.0,0.0,t_458,523
2020-08-13 09:30,002633.XSHE,300,8.69,5.0,0.0,t_459,524
2020-08-13 09:30,002209.XSHE,-1400,7.42,5.0,10.39,t_460,525
2020-08-13 09:30,300736.XSHE,500,10.15,5.0,0.0,t_461,526
2020-08-13 09:30,000502.XSHE,-600,7.65,5.0,4.59,t_462,527
2020-08-13 09:30,002473.XSHE,-3700,7.22,5.0,26.71,t_463,528
2020-08-13 09:30,600365.XSHG,9700,3.44,5.0,0.0,t_464,529
2020-08-13 09:30,300478.XSHE,2300,11.19,5.0,0.0,t_465,530
2020-08-13 09:30,600561.XSHG,4700,5.26,5.0,0.0,t_466,531
2020-08-14 14:00,300312.XSHE,-1400,6.6,5.0,9.24,t_467,532
2020-08-18 09:30,300029.XSHE,500,6.2,5.0,0.0,t_468,533
2020-08-18 09:30,002633.XSHE,-500,9.22,5.0,4.61,t_469,534
2020-08-18 09:30,002209.XSHE,100,7.44,5.0,0.0,t_470,535
2020-08-18 09:30,000502.XSHE,900,7.41,5.0,0.0,t_471,536
2020-08-18 09:30,600768.XSHG,-100,10.75,5.0,1.07,t_472,537
2020-08-18 09:30,600365.XSHG,1300,3.59,5.0,0.0,t_473,538
2020-08-18 09:30,300312.XSHE,-4100,5.6,5.0,22.96,t_474,539
2020-08-18 09:30,600561.XSHG,400,5.26,5.0,0.0,t_475,540
2020-08-18 09:30,600365.XSHG,5700,3.59,5.0,0.0,t_476,541
2020-08-20 14:00,600365.XSHG,-2200,3.81,5.0,8.38,t_477,542
2020-08-21 09:30,300029.XSHE,-300,6.26,5.0,1.88,t_478,543
2020-08-21 09:30,002633.XSHE,200,9.0,5.0,0.0,t_479,544
2020-08-21 09:30,002209.XSHE,100,7.31,5.0,0.0,t_480,545
2020-08-21 09:30,000502.XSHE,200,7.27,5.0,0.0,t_481,546
2020-08-21 09:30,300535.XSHE,200,13.17,5.0,0.0,t_482,547
2020-08-21 09:30,600365.XSHG,-7100,3.79,5.0,26.91,t_483,548
2020-08-21 09:30,300478.XSHE,2400,11.33,5.0,0.0,t_484,549
2020-08-25 14:00,600365.XSHG,900,3.71,5.0,0.0,t_485,550
2020-08-26 09:30,300029.XSHE,-200,6.44,5.0,1.29,t_486,551
2020-08-26 09:30,002633.XSHE,-200,9.33,5.0,1.87,t_487,552
2020-08-26 09:30,002209.XSHE,300,7.23,5.0,0.0,t_488,553
2020-08-26 09:30,000929.XSHE,-100,7.61,5.0,0.76,t_489,554
2020-08-26 09:30,300736.XSHE,-300,10.86,5.0,3.26,t_490,555
2020-08-26 09:30,300665.XSHE,-100,11.69,5.0,1.17,t_491,556
2020-08-26 09:30,000502.XSHE,100,7.36,5.0,0.0,t_492,557
2020-08-26 09:30,300535.XSHE,-100,13.67,5.0,1.37,t_493,558
2020-08-26 09:30,600768.XSHG,300,10.57,5.0,0.0,t_494,559
2020-08-26 09:30,600520.XSHG,400,9.23,5.0,0.0,t_495,560
2020-08-31 09:30,300029.XSHE,-500,6.66,5.0,3.33,t_496,561
2020-08-31 09:30,002633.XSHE,-200,9.53,5.0,1.91,t_497,562
2020-08-31 09:30,002209.XSHE,700,7.07,5.0,0.0,t_498,563
2020-08-31 09:30,000929.XSHE,-300,7.82,5.0,2.35,t_499,564
2020-08-31 09:30,300736.XSHE,-100,10.99,5.0,1.1,t_500,565
2020-08-31 09:30,300665.XSHE,-200,11.99,5.0,2.4,t_501,566
2020-08-31 09:30,300535.XSHE,-200,14.07,5.0,2.81,t_502,567
2020-08-31 09:30,300478.XSHE,-100,12.1,5.0,1.21,t_503,568
2020-08-31 09:30,600561.XSHG,-5100,5.39,5.0,27.49,t_504,569
2020-08-31 09:30,600520.XSHG,4000,9.24,5.0,0.0,t_505,570
2020-08-31 09:30,002209.XSHE,100,7.07,5.0,0.0,t_506,571
2020-09-02 14:00,000502.XSHE,-1500,8.45,5.0,12.67,t_507,573
2020-09-03 09:30,300029.XSHE,-500,7.09,5.0,3.54,t_508,574
2020-09-03 09:30,002209.XSHE,2200,7.26,5.0,0.0,t_509,575
2020-09-03 09:30,300736.XSHE,-300,11.7,5.0,3.51,t_510,577
2020-09-03 09:30,000502.XSHE,-3300,8.4,5.0,27.72,t_511,578
2020-09-03 09:30,300535.XSHE,-300,14.95,5.0,4.49,t_512,579
2020-09-03 09:30,600768.XSHG,300,10.82,5.0,0.0,t_513,580
2020-09-03 09:30,600365.XSHG,-18700,2.72,5.09,50.86,t_514,581
2020-09-03 09:30,300478.XSHE,-2300,12.74,5.0,29.3,t_515,582
2020-09-03 09:30,600520.XSHG,4800,9.25,5.0,0.0,t_516,583
2020-09-03 09:30,000929.XSHE,400,7.91,5.0,0.0,t_517,584
2020-09-03 09:30,002209.XSHE,5400,7.26,5.0,0.0,t_518,585
2020-09-03 09:30,600561.XSHG,4900,5.3,5.0,0.0,t_519,586
2020-09-08 09:30,300029.XSHE,-5600,8.0,5.0,44.8,t_520,588
2020-09-08 09:30,002633.XSHE,600,9.69,5.0,0.0,t_521,589
2020-09-08 09:30,002209.XSHE,300,7.32,5.0,0.0,t_522,590
2020-09-08 09:30,000929.XSHE,-800,8.48,5.0,6.78,t_523,591
2020-09-08 09:30,300736.XSHE,-3100,12.8,5.0,39.68,t_524,592
2020-09-08 09:30,000502.XSHE,2200,7.33,5.0,0.0,t_525,593
2020-09-08 09:30,300535.XSHE,-1900,15.39,5.0,29.24,t_526,594
2020-09-08 09:30,600768.XSHG,400,10.71,5.0,0.0,t_527,595
2020-09-08 09:30,600365.XSHG,-10600,2.81,5.0,29.79,t_528,596
2020-09-08 09:30,300478.XSHE,-100,13.46,5.0,1.35,t_529,597
2020-09-08 09:30,600520.XSHG,3300,9.37,5.0,0.0,t_530,598
2020-09-08 09:30,600561.XSHG,6100,5.32,5.0,0.0,t_531,599
2020-09-08 09:30,600506.XSHG,2800,10.29,5.0,0.0,t_532,600
2020-09-08 09:30,603269.XSHG,2100,13.8,5.0,0.0,t_533,601
2020-09-08 09:30,600778.XSHG,300,5.06,5.0,0.0,t_534,602
2020-09-09 14:00,300736.XSHE,-1300,15.55,5.0,20.21,t_535,603
2020-09-11 09:30,300029.XSHE,4000,5.01,5.0,0.0,t_536,605
2020-09-11 09:30,002209.XSHE,-300,6.9,5.0,2.07,t_537,607
2020-09-11 09:30,000929.XSHE,-5200,9.0,5.0,46.8,t_538,608
2020-09-11 09:30,300736.XSHE,2400,10.5,5.0,0.0,t_539,609
2020-09-11 09:30,000502.XSHE,-200,6.94,5.0,1.39,t_540,610
2020-09-11 09:30,300535.XSHE,-2000,14.33,5.0,28.66,t_541,611
2020-09-11 09:30,600768.XSHG,-300,10.18,5.0,3.05,t_542,612
2020-09-11 09:30,300478.XSHE,-2200,11.8,5.0,25.96,t_543,613
2020-09-11 09:30,600520.XSHG,3400,8.5,5.0,0.0,t_544,614
2020-09-11 09:30,600561.XSHG,4800,5.11,5.0,0.0,t_545,615
2020-09-11 09:30,600506.XSHG,-100,10.35,5.0,1.03,t_546,616
2020-09-11 09:30,603269.XSHG,2000,13.03,5.0,0.0,t_547,617
2020-09-11 09:30,600778.XSHG,900,5.11,5.0,0.0,t_548,618
2020-09-15 14:00,300665.XSHE,-7300,13.63,9.95,99.5,t_549,625
2020-09-16 09:30,300029.XSHE,-3300,5.61,5.0,18.51,t_550,626
2020-09-16 09:30,002633.XSHE,200,9.39,5.0,0.0,t_551,627
2020-09-16 09:30,002209.XSHE,400,7.15,5.0,0.0,t_552,628
2020-09-16 09:30,000929.XSHE,-2500,9.0,5.0,22.5,t_553,629
2020-09-16 09:30,300736.XSHE,-500,11.82,5.0,5.91,t_554,630
2020-09-16 09:30,300665.XSHE,-2100,13.6,5.0,28.56,t_555,631
2020-09-16 09:30,300535.XSHE,-2100,16.25,5.0,34.12,t_556,632
2020-09-16 09:30,600768.XSHG,300,10.56,5.0,0.0,t_557,633
2020-09-16 09:30,600520.XSHG,200,8.92,5.0,0.0,t_558,634
2020-09-16 09:30,600561.XSHG,6500,5.15,5.0,0.0,t_559,635
2020-09-16 09:30,600778.XSHG,10100,5.06,5.11,0.0,t_560,636
2020-09-16 09:30,000702.XSHE,4900,5.76,5.0,0.0,t_561,637
2020-09-16 09:30,600099.XSHG,4100,6.98,5.0,0.0,t_562,638
2020-09-16 09:30,603286.XSHG,1600,17.78,5.0,0.0,t_563,639
2020-09-16 09:30,603029.XSHG,1700,16.9,5.0,0.0,t_564,640
2020-09-21 09:30,300029.XSHE,-3900,5.05,5.0,19.7,t_565,641
2020-09-21 09:30,002209.XSHE,-100,7.21,5.0,0.72,t_566,642
2020-09-21 09:30,000929.XSHE,-3200,9.04,5.0,28.93,t_567,643
2020-09-21 09:30,300736.XSHE,-100,11.9,5.0,1.19,t_568,644
2020-09-21 09:30,300665.XSHE,-2200,12.78,5.0,28.12,t_569,645
2020-09-21 09:30,000502.XSHE,400,7.14,5.0,0.0,t_570,646
2020-09-21 09:30,300535.XSHE,-1700,15.93,5.0,27.08,t_571,647
2020-09-21 09:30,600768.XSHG,-100,10.67,5.0,1.07,t_572,648
2020-09-21 09:30,600520.XSHG,-100,9.0,5.0,0.9,t_573,649
2020-09-21 09:30,600561.XSHG,4900,5.28,5.0,0.0,t_574,650
2020-09-21 09:30,603269.XSHG,2100,13.91,5.0,0.0,t_575,651
2020-09-21 09:30,600778.XSHG,-1100,5.66,5.0,6.23,t_576,652
2020-09-21 09:30,000702.XSHE,5000,5.77,5.0,0.0,t_577,653
2020-09-21 09:30,603286.XSHG,1500,17.5,5.0,0.0,t_578,654
2020-09-24 09:30,300029.XSHE,-5900,5.1,5.0,30.09,t_579,656
2020-09-24 09:30,002633.XSHE,100,9.14,5.0,0.0,t_580,657
2020-09-24 09:30,002209.XSHE,100,7.03,5.0,0.0,t_581,658
2020-09-24 09:30,000929.XSHE,-3200,9.13,5.0,29.22,t_582,659
2020-09-24 09:30,300736.XSHE,-2600,12.0,5.0,31.2,t_583,660
2020-09-24 09:30,000502.XSHE,2700,7.51,5.0,0.0,t_584,661
2020-09-24 09:30,300535.XSHE,-1900,16.0,5.0,30.4,t_585,662
2020-09-24 09:30,600768.XSHG,200,10.28,5.0,0.0,t_586,663
2020-09-24 09:30,600520.XSHG,400,8.61,5.0,0.0,t_587,664
2020-09-24 09:30,600561.XSHG,700,5.06,5.0,0.0,t_588,665
2020-09-24 09:30,600778.XSHG,-5200,5.75,5.0,29.9,t_589,666
2020-09-24 09:30,000702.XSHE,5100,5.64,5.0,0.0,t_590,667
2020-09-24 09:30,603286.XSHG,1900,16.89,5.0,0.0,t_591,668
2020-09-24 09:30,603029.XSHG,1800,16.02,5.0,0.0,t_592,669
2020-09-24 09:30,300665.XSHE,2300,12.23,5.0,0.0,t_593,670
2020-09-29 09:30,300029.XSHE,100,4.62,5.0,0.0,t_594,671
2020-09-29 09:30,002633.XSHE,300,8.46,5.0,0.0,t_595,672
2020-09-29 09:30,000929.XSHE,-3200,8.32,5.0,26.62,t_596,674
2020-09-29 09:30,300736.XSHE,2400,10.99,5.0,0.0,t_597,675
2020-09-29 09:30,000502.XSHE,-4900,7.72,5.0,37.83,t_598,676
2020-09-29 09:30,600768.XSHG,100,9.64,5.0,0.0,t_599,677
2020-09-29 09:30,600520.XSHG,400,7.95,5.0,0.0,t_600,678
2020-09-29 09:30,600561.XSHG,-400,4.86,5.0,1.94,t_601,679
2020-09-29 09:30,600506.XSHG,100,9.37,5.0,0.0,t_602,680
2020-09-29 09:30,603269.XSHG,-2000,12.8,5.0,25.6,t_603,681
2020-09-29 09:30,600778.XSHG,-5000,5.19,5.0,25.95,t_604,682
2020-09-29 09:30,000702.XSHE,-100,5.39,5.0,0.54,t_605,683
2020-09-29 09:30,600099.XSHG,-100,6.7,5.0,0.67,t_606,684
2020-09-29 09:30,603286.XSHG,1600,16.02,5.0,0.0,t_607,685
2020-09-29 09:30,603029.XSHG,1800,15.03,5.0,0.0,t_608,686
2020-09-29 09:30,300665.XSHE,2300,11.56,5.0,0.0,t_609,687
2020-09-29 09:30,002209.XSHE,400,6.49,5.0,0.0,t_610,688
2020-09-29 09:30,300736.XSHE,200,10.99,5.0,0.0,t_611,689
2020-09-30 14:00,600506.XSHG,-100,10.01,5.0,1.0,t_612,690
2020-10-12 09:30,300029.XSHE,-5700,4.84,5.0,27.59,t_613,691
2020-10-12 09:30,002209.XSHE,-100,6.9,5.0,0.69,t_614,692
2020-10-12 09:30,300736.XSHE,-2600,12.0,5.0,31.2,t_615,693
2020-10-12 09:30,000502.XSHE,300,7.85,5.0,0.0,t_616,694
2020-10-12 09:30,600768.XSHG,300,9.9,5.0,0.0,t_617,695
2020-10-12 09:30,600561.XSHG,-400,5.18,5.0,2.07,t_618,696
2020-10-12 09:30,600506.XSHG,2800,10.03,5.0,0.0,t_619,697
2020-10-12 09:30,603286.XSHG,1700,16.81,5.0,0.0,t_620,698
2020-10-12 09:30,603029.XSHG,100,15.53,5.0,0.0,t_621,699
2020-10-12 09:30,300665.XSHE,100,12.24,5.0,0.0,t_622,700
2020-10-15 09:30,002209.XSHE,-400,7.18,5.0,2.87,t_623,702
2020-10-15 09:30,300736.XSHE,-2600,12.89,5.0,33.51,t_624,703
2020-10-15 09:30,600768.XSHG,200,9.99,5.0,0.0,t_625,704
2020-10-15 09:30,600520.XSHG,400,8.3,5.0,0.0,t_626,705
2020-10-15 09:30,600561.XSHG,-6200,5.51,5.0,34.16,t_627,706
2020-10-15 09:30,600506.XSHG,-100,10.82,5.0,1.08,t_628,707
2020-10-15 09:30,603269.XSHG,2200,13.28,5.0,0.0,t_629,708
2020-10-15 09:30,000702.XSHE,300,5.63,5.0,0.0,t_630,709
2020-10-15 09:30,600099.XSHG,100,6.97,5.0,0.0,t_631,710
2020-10-15 09:30,603286.XSHG,100,16.92,5.0,0.0,t_632,711
2020-10-15 09:30,603029.XSHG,2000,15.33,5.0,0.0,t_633,712
2020-10-15 09:30,300665.XSHE,200,12.92,5.0,0.0,t_634,713
2020-10-15 09:30,600355.XSHG,200,3.05,5.0,0.0,t_635,714
2020-10-19 14:00,002633.XSHE,-5900,8.9,5.25,52.51,t_636,716
2020-10-20 09:30,002209.XSHE,-200,7.24,5.0,1.45,t_637,717
2020-10-20 09:30,300736.XSHE,-2200,12.96,5.0,28.51,t_638,718
2020-10-20 09:30,600768.XSHG,100,9.89,5.0,0.0,t_639,719
2020-10-20 09:30,600520.XSHG,100,8.25,5.0,0.0,t_640,720
2020-10-20 09:30,600561.XSHG,-5100,5.46,5.0,27.85,t_641,721
2020-10-20 09:30,600506.XSHG,100,10.4,5.0,0.0,t_642,722
2020-10-20 09:30,603269.XSHG,-2200,13.66,5.0,30.05,t_643,723
2020-10-20 09:30,000702.XSHE,400,5.49,5.0,0.0,t_644,724
2020-10-20 09:30,603286.XSHG,100,16.82,5.0,0.0,t_645,725
2020-10-20 09:30,603029.XSHG,1900,15.34,5.0,0.0,t_646,726
2020-10-20 09:30,300665.XSHE,1400,13.61,5.0,0.0,t_647,727
2020-10-20 09:30,600355.XSHG,18500,3.06,5.66,0.0,t_648,728
2020-10-20 09:30,000929.XSHE,3600,7.9,5.0,0.0,t_649,729
2020-10-23 09:30,002633.XSHE,-300,9.14,5.0,2.74,t_650,730
2020-10-23 09:30,002209.XSHE,-300,7.41,5.0,2.22,t_651,731
2020-10-23 09:30,300736.XSHE,-200,13.94,5.0,2.79,t_652,732
2020-10-23 09:30,000502.XSHE,300,7.95,5.0,0.0,t_653,733
2020-10-23 09:30,600768.XSHG,200,9.84,5.0,0.0,t_654,734
2020-10-23 09:30,600520.XSHG,400,8.14,5.0,0.0,t_655,735
2020-10-23 09:30,600561.XSHG,-5900,5.87,5.0,34.63,t_656,736
2020-10-23 09:30,600506.XSHG,200,10.1,5.0,0.0,t_657,737
2020-10-23 09:30,603269.XSHG,100,13.37,5.0,0.0,t_658,738
2020-10-23 09:30,000702.XSHE,300,5.43,5.0,0.0,t_659,739
2020-10-23 09:30,300665.XSHE,-2100,13.98,5.0,29.36,t_660,740
2020-10-23 09:30,600355.XSHG,200,3.04,5.0,0.0,t_661,741
2020-10-23 09:30,000929.XSHE,3700,7.84,5.0,0.0,t_662,742
2020-10-23 09:30,600778.XSHG,6000,4.75,5.0,0.0,t_663,743
2020-10-28 09:30,002209.XSHE,-400,7.46,5.0,2.98,t_664,744
2020-10-28 09:30,300736.XSHE,-2100,14.38,5.0,30.2,t_665,745
2020-10-28 09:30,000502.XSHE,3900,7.7,5.0,0.0,t_666,746
2020-10-28 09:30,600520.XSHG,300,7.85,5.0,0.0,t_667,747
2020-10-28 09:30,600561.XSHG,-4800,5.64,5.0,27.07,t_668,748
2020-10-28 09:30,000702.XSHE,5100,5.4,5.0,0.0,t_669,749
2020-10-28 09:30,603286.XSHG,-1700,16.79,5.0,28.54,t_670,750
2020-10-28 09:30,300665.XSHE,-2100,13.69,5.0,28.75,t_671,751
2020-10-28 09:30,600355.XSHG,200,2.96,5.0,0.0,t_672,752
2020-10-28 09:30,000929.XSHE,3700,7.74,5.0,0.0,t_673,753
2020-10-28 09:30,600778.XSHG,6500,4.52,5.0,0.0,t_674,754
2020-11-02 09:30,002209.XSHE,-3800,7.23,5.0,27.47,t_675,756
2020-11-02 09:30,000502.XSHE,200,7.39,5.0,0.0,t_676,757
2020-11-02 09:30,600768.XSHG,100,9.34,5.0,0.0,t_677,758
2020-11-02 09:30,600520.XSHG,300,7.51,5.0,0.0,t_678,759
2020-11-02 09:30,600561.XSHG,-5100,5.35,5.0,27.29,t_679,760
2020-11-02 09:30,600506.XSHG,100,9.4,5.0,0.0,t_680,761
2020-11-02 09:30,603269.XSHG,-2100,12.85,5.0,26.98,t_681,762
2020-11-02 09:30,000702.XSHE,5500,5.17,5.0,0.0,t_682,763
2020-11-02 09:30,603286.XSHG,-1700,16.34,5.0,27.78,t_683,764
2020-11-02 09:30,603029.XSHG,100,14.6,5.0,0.0,t_684,765
2020-11-02 09:30,300665.XSHE,-2100,13.1,5.0,27.51,t_685,766
2020-11-02 09:30,600355.XSHG,10000,2.83,5.0,0.0,t_686,767
2020-11-02 09:30,000929.XSHE,-800,8.11,5.0,6.49,t_687,768
2020-11-02 09:30,600778.XSHG,6300,4.38,5.0,0.0,t_688,769
2020-11-02 09:30,002633.XSHE,2900,8.85,5.0,0.0,t_689,770
2020-11-02 09:30,603958.XSHG,4000,6.45,5.0,0.0,t_690,771
2020-11-05 09:30,002209.XSHE,-4100,7.63,5.0,31.28,t_691,773
2020-11-05 09:30,000502.XSHE,-300,7.75,5.0,2.33,t_692,774
2020-11-05 09:30,600520.XSHG,-500,7.97,5.0,3.98,t_693,775
2020-11-05 09:30,600506.XSHG,2900,9.65,5.0,0.0,t_694,776
2020-11-05 09:30,603269.XSHG,-2200,12.99,5.0,28.58,t_695,777
2020-11-05 09:30,000702.XSHE,400,5.25,5.0,0.0,t_696,778
2020-11-05 09:30,600099.XSHG,-4100,6.83,5.0,28.0,t_697,779
2020-11-05 09:30,603286.XSHG,-1700,17.11,5.0,29.09,t_698,780
2020-11-05 09:30,600355.XSHG,500,2.86,5.0,0.0,t_699,781
2020-11-05 09:30,000929.XSHE,200,8.14,5.0,0.0,t_700,782
2020-11-05 09:30,600778.XSHG,7200,4.34,5.0,0.0,t_701,783
2020-11-05 09:30,603958.XSHG,100,6.81,5.0,0.0,t_702,784
2020-11-05 09:30,002633.XSHE,3400,8.94,5.0,0.0,t_703,785
2020-11-05 09:30,000695.XSHE,4300,6.47,5.0,0.0,t_704,786
2020-11-10 09:30,002209.XSHE,-3700,7.71,5.0,28.53,t_705,788
2020-11-10 09:30,000502.XSHE,300,7.74,5.0,0.0,t_706,789
2020-11-10 09:30,600506.XSHG,2600,9.82,5.0,0.0,t_707,790
2020-11-10 09:30,000702.XSHE,-200,5.4,5.0,1.08,t_708,791
2020-11-10 09:30,603286.XSHG,-1700,17.62,5.0,29.95,t_709,792
2020-11-10 09:30,600355.XSHG,-300,2.95,5.0,0.89,t_710,793
2020-11-10 09:30,000929.XSHE,-3400,8.3,5.0,28.22,t_711,794
2020-11-10 09:30,600778.XSHG,6400,4.44,5.0,0.0,t_712,795
2020-11-10 09:30,000695.XSHE,-300,7.36,5.0,2.21,t_713,796
2020-11-10 09:30,002633.XSHE,500,8.82,5.0,0.0,t_714,797
2020-11-10 09:30,600506.XSHG,400,9.82,5.0,0.0,t_715,798
2020-11-10 09:30,600455.XSHG,1100,23.88,5.0,0.0,t_716,799
2020-11-12 14:00,000695.XSHE,-100,7.51,5.0,0.75,t_717,800
2020-11-13 09:30,002209.XSHE,-3700,7.55,5.0,27.94,t_718,801
2020-11-13 09:30,000502.XSHE,500,7.44,5.0,0.0,t_719,802
2020-11-13 09:30,600768.XSHG,-100,9.82,5.0,0.98,t_720,803
2020-11-13 09:30,600520.XSHG,400,7.83,5.0,0.0,t_721,804
2020-11-13 09:30,600506.XSHG,2300,9.77,5.0,0.0,t_722,805
2020-11-13 09:30,603286.XSHG,-1700,17.3,5.0,29.41,t_723,807
2020-11-13 09:30,600355.XSHG,-500,2.98,5.0,1.49,t_724,808
2020-11-13 09:30,000929.XSHE,-3800,8.97,5.0,34.09,t_725,809
2020-11-13 09:30,603958.XSHG,-200,7.49,5.0,1.5,t_726,810
2020-11-13 09:30,000695.XSHE,200,6.9,5.0,0.0,t_727,811
2020-11-13 09:30,600455.XSHG,1300,23.11,5.0,0.0,t_728,812
2020-11-13 09:30,000702.XSHE,300,5.28,5.0,0.0,t_729,813
2020-11-13 09:30,600506.XSHG,500,9.77,5.0,0.0,t_730,814
2020-11-13 09:30,600561.XSHG,5500,5.13,5.0,0.0,t_731,815
2020-11-18 09:30,002209.XSHE,-3800,7.47,5.0,28.39,t_732,816
2020-11-18 09:30,000502.XSHE,300,7.34,5.0,0.0,t_733,817
2020-11-18 09:30,600768.XSHG,-300,10.02,5.0,3.01,t_734,818
2020-11-18 09:30,600506.XSHG,200,9.64,5.0,0.0,t_735,819
2020-11-18 09:30,000702.XSHE,-500,5.4,5.0,2.7,t_736,820
2020-11-18 09:30,000929.XSHE,-3200,8.69,5.0,27.81,t_737,821
2020-11-18 09:30,600778.XSHG,-300,4.45,5.0,1.33,t_738,822
2020-11-18 09:30,600455.XSHG,1200,23.15,5.0,0.0,t_739,823
2020-11-18 09:30,600561.XSHG,5700,5.09,5.0,0.0,t_740,824
2020-11-23 09:30,000502.XSHE,-400,7.64,5.0,3.06,t_741,825
2020-11-23 09:30,600768.XSHG,-200,10.3,5.0,2.06,t_742,826
2020-11-23 09:30,600506.XSHG,-100,9.9,5.0,0.99,t_743,827
2020-11-23 09:30,000702.XSHE,-100,5.48,5.0,0.55,t_744,828
2020-11-23 09:30,600355.XSHG,-9400,2.98,5.0,28.01,t_745,829
2020-11-23 09:30,600778.XSHG,1500,4.3,5.0,0.0,t_746,830
2020-11-23 09:30,603958.XSHG,-3900,7.62,5.0,29.72,t_747,831
2020-11-23 09:30,600455.XSHG,1300,23.27,5.0,0.0,t_748,832
2020-11-23 09:30,600561.XSHG,5600,5.14,5.0,0.0,t_749,833
2020-11-26 09:30,002633.XSHE,100,8.59,5.0,0.0,t_750,834
2020-11-26 09:30,000502.XSHE,-4200,7.78,5.0,32.68,t_751,835
2020-11-26 09:30,600768.XSHG,200,9.96,5.0,0.0,t_752,836
2020-11-26 09:30,600520.XSHG,100,7.82,5.0,0.0,t_753,837
2020-11-26 09:30,600506.XSHG,-2900,9.81,5.0,28.45,t_754,838
2020-11-26 09:30,000702.XSHE,400,5.34,5.0,0.0,t_755,839
2020-11-26 09:30,600355.XSHG,-9600,2.93,5.0,28.13,t_756,840
2020-11-26 09:30,600778.XSHG,-1900,4.53,5.0,8.61,t_757,841
2020-11-26 09:30,000695.XSHE,-4100,6.82,5.0,27.96,t_758,842
2020-11-26 09:30,600455.XSHG,1300,23.0,5.0,0.0,t_759,843
2020-11-26 09:30,600561.XSHG,5700,5.08,5.0,0.0,t_760,844
2020-11-26 09:30,002633.XSHE,200,8.59,5.0,0.0,t_761,845
2020-11-26 09:30,300478.XSHE,2600,10.83,5.0,0.0,t_762,846
2020-11-26 09:30,603269.XSHG,2200,12.8,5.0,0.0,t_763,847
2020-12-01 09:30,002633.XSHE,500,8.37,5.0,0.0,t_764,848
2020-12-01 09:30,600506.XSHG,-3000,9.97,5.0,29.91,t_765,852
2020-12-01 09:30,000702.XSHE,-6600,5.68,5.0,37.49,t_766,853
2020-12-01 09:30,600778.XSHG,100,4.5,5.0,0.0,t_767,854
2020-12-01 09:30,600455.XSHG,-1200,23.02,5.0,27.62,t_768,855
2020-12-01 09:30,600561.XSHG,6300,4.96,5.0,0.0,t_769,856
2020-12-01 09:30,300478.XSHE,2500,11.04,5.0,0.0,t_770,857
2020-12-01 09:30,603269.XSHG,2300,12.71,5.0,0.0,t_771,858
2020-12-01 09:30,600520.XSHG,200,7.73,5.0,0.0,t_772,859
2020-12-01 09:30,600768.XSHG,100,9.92,5.0,0.0,t_773,860
2020-12-01 09:30,000502.XSHE,300,7.59,5.0,0.0,t_774,861
2020-12-04 09:30,002633.XSHE,200,8.31,5.0,0.0,t_775,862
2020-12-04 09:30,000502.XSHE,-300,7.9,5.0,2.37,t_776,863
2020-12-04 09:30,600768.XSHG,200,9.82,5.0,0.0,t_777,864
2020-12-04 09:30,600520.XSHG,-100,7.9,5.0,0.79,t_778,865
2020-12-04 09:30,600506.XSHG,-2900,10.14,5.0,29.41,t_779,866
2020-12-04 09:30,000702.XSHE,-5300,5.86,5.0,31.06,t_780,867
2020-12-04 09:30,600355.XSHG,-300,3.06,5.0,0.92,t_781,868
2020-12-04 09:30,600561.XSHG,300,4.99,5.0,0.0,t_782,869
2020-12-04 09:30,300478.XSHE,2800,10.98,5.0,0.0,t_783,870
2020-12-04 09:30,603269.XSHG,2300,12.8,5.0,0.0,t_784,871
2020-12-04 09:30,002633.XSHE,100,8.31,5.0,0.0,t_785,872
2020-12-09 09:30,600520.XSHG,-100,8.0,5.0,0.8,t_786,875
2020-12-09 09:30,600506.XSHG,-2900,10.15,5.0,29.44,t_787,876
2020-12-09 09:30,000702.XSHE,-6100,6.65,5.0,40.56,t_788,877
2020-12-09 09:30,603029.XSHG,200,15.23,5.0,0.0,t_789,878
2020-12-09 09:30,600778.XSHG,100,4.57,5.0,0.0,t_790,879
2020-12-09 09:30,600561.XSHG,300,4.97,5.0,0.0,t_791,880
2020-12-09 09:30,300478.XSHE,2800,10.87,5.0,0.0,t_792,881
2020-12-09 09:30,603269.XSHG,2300,12.74,5.0,0.0,t_793,882
2020-12-09 09:30,000502.XSHE,300,7.73,5.0,0.0,t_794,883
2020-12-14 09:30,002633.XSHE,300,8.05,5.0,0.0,t_795,884
2020-12-14 09:30,000502.XSHE,-5100,8.62,5.0,43.96,t_796,885
2020-12-14 09:30,600768.XSHG,500,9.4,5.0,0.0,t_797,886
2020-12-14 09:30,600520.XSHG,100,7.72,5.0,0.0,t_798,887
2020-12-14 09:30,600506.XSHG,-2900,10.15,5.0,29.44,t_799,888
2020-12-14 09:30,000702.XSHE,-4300,6.42,5.0,27.61,t_800,889
2020-12-14 09:30,603029.XSHG,-2000,15.07,5.0,30.14,t_801,890
2020-12-14 09:30,600355.XSHG,200,2.92,5.0,0.0,t_802,891
2020-12-14 09:30,600778.XSHG,900,4.34,5.0,0.0,t_803,892
2020-12-14 09:30,600455.XSHG,200,21.89,5.0,0.0,t_804,893
2020-12-14 09:30,600561.XSHG,-200,4.89,5.0,0.98,t_805,894
2020-12-14 09:30,300478.XSHE,2900,10.47,5.0,0.0,t_806,895
2020-12-14 09:30,603269.XSHG,2500,12.25,5.0,0.0,t_807,896
2020-12-14 09:30,002209.XSHE,4000,7.1,5.0,0.0,t_808,897
2020-12-14 09:30,300736.XSHE,2700,10.56,5.0,0.0,t_809,898
2020-12-17 09:30,002633.XSHE,-100,7.75,5.0,0.78,t_810,899
2020-12-17 09:30,600768.XSHG,-100,9.13,5.0,0.91,t_811,900
2020-12-17 09:30,600520.XSHG,300,7.24,5.0,0.0,t_812,901
2020-12-17 09:30,000702.XSHE,-4500,6.19,5.0,27.86,t_813,902
2020-12-17 09:30,603029.XSHG,-1900,14.42,5.0,27.4,t_814,903
2020-12-17 09:30,600355.XSHG,300,2.71,5.0,0.0,t_815,904
2020-12-17 09:30,600561.XSHG,500,4.58,5.0,0.0,t_816,905
2020-12-17 09:30,300478.XSHE,200,9.84,5.0,0.0,t_817,906
2020-12-17 09:30,603269.XSHG,-2400,11.94,5.0,28.66,t_818,907
2020-12-17 09:30,300736.XSHE,2500,10.39,5.0,0.0,t_819,908
2020-12-17 09:30,600520.XSHG,100,7.24,5.0,0.0,t_820,909
2020-12-17 09:30,600615.XSHG,4000,6.81,5.0,0.0,t_821,910
2020-12-17 09:30,600766.XSHG,4300,5.81,5.0,0.0,t_822,911
2020-12-22 09:30,000502.XSHE,-4100,9.45,5.0,38.74,t_823,913
2020-12-22 09:30,600768.XSHG,100,9.12,5.0,0.0,t_824,914
2020-12-22 09:30,603029.XSHG,-1800,14.32,5.0,25.78,t_825,915
2020-12-22 09:30,600355.XSHG,400,2.64,5.0,0.0,t_826,916
2020-12-22 09:30,600778.XSHG,-300,4.26,5.0,1.28,t_827,917
2020-12-22 09:30,600455.XSHG,1400,20.91,5.0,0.0,t_828,918
2020-12-22 09:30,600561.XSHG,300,4.6,5.0,0.0,t_829,919
2020-12-22 09:30,300478.XSHE,-100,10.14,5.0,1.01,t_830,920
2020-12-22 09:30,603269.XSHG,-2300,12.1,5.0,27.83,t_831,921
2020-12-22 09:30,300736.XSHE,200,10.15,5.0,0.0,t_832,922
2020-12-22 09:30,600615.XSHG,4000,6.86,5.0,0.0,t_833,923
2020-12-22 09:30,600766.XSHG,5200,5.77,5.0,0.0,t_834,924
2020-12-22 09:30,002633.XSHE,300,7.62,5.0,0.0,t_835,925
2020-12-25 09:30,000502.XSHE,-2900,8.76,5.0,25.4,t_836,927
2020-12-25 09:30,600768.XSHG,-400,8.86,5.0,3.54,t_837,928
2020-12-25 09:30,600520.XSHG,-200,6.97,5.0,1.39,t_838,929
2020-12-25 09:30,600355.XSHG,10900,2.42,5.0,0.0,t_839,930
2020-12-25 09:30,600778.XSHG,-6500,3.99,5.0,25.94,t_840,931
2020-12-25 09:30,300478.XSHE,300,9.19,5.0,0.0,t_841,932
2020-12-25 09:30,603269.XSHG,-2200,11.25,5.0,24.75,t_842,933
2020-12-25 09:30,002209.XSHE,-100,6.7,5.0,0.67,t_843,934
2020-12-25 09:30,300736.XSHE,3100,9.07,5.0,0.0,t_844,935
2020-12-25 09:30,600615.XSHG,-200,6.67,5.0,1.33,t_845,936
2020-12-25 09:30,600766.XSHG,4800,5.4,5.0,0.0,t_846,937
2020-12-30 09:30,000502.XSHE,-3000,9.24,5.0,27.72,t_847,940
2020-12-30 09:30,600768.XSHG,100,8.68,5.0,0.0,t_848,941
2020-12-30 09:30,600520.XSHG,700,6.7,5.0,0.0,t_849,942
2020-12-30 09:30,600355.XSHG,9100,2.45,5.0,0.0,t_850,943
2020-12-30 09:30,600561.XSHG,-7000,4.51,5.0,31.57,t_851,945
2020-12-30 09:30,300478.XSHE,100,9.11,5.0,0.0,t_852,946
2020-12-30 09:30,603269.XSHG,-2300,11.24,5.0,25.85,t_853,947
2020-12-30 09:30,300736.XSHE,2900,9.01,5.0,0.0,t_854,948
2020-12-30 09:30,600766.XSHG,4400,5.51,5.0,0.0,t_855,949
2020-12-30 09:30,002633.XSHE,200,7.13,5.0,0.0,t_856,950
2020-12-30 09:30,600778.XSHG,100,3.95,5.0,0.0,t_857,951
2020-12-30 09:30,600355.XSHG,1200,2.45,5.0,0.0,t_858,952
2021-01-04 09:30,002633.XSHE,-18100,7.21,13.05,130.5,t_859,953
2021-01-04 09:30,600768.XSHG,-14800,8.78,12.99,129.94,t_860,954
2021-01-04 09:30,600520.XSHG,-19300,6.8,13.12,131.24,t_861,955
2021-01-04 09:30,603029.XSHG,-3900,13.16,5.13,51.32,t_862,956
2021-01-04 09:30,600355.XSHG,-31600,2.56,8.09,80.9,t_863,957
2021-01-04 09:30,600778.XSHG,-26100,4.0,10.44,104.4,t_864,958
2021-01-04 09:30,600455.XSHG,-6600,20.4,13.46,134.64,t_865,959
2021-01-04 09:30,600561.XSHG,-23000,4.47,10.28,102.81,t_866,960
2021-01-04 09:30,300478.XSHE,-14100,9.96,14.04,140.44,t_867,961
2021-01-04 09:30,603269.XSHG,-2400,11.5,5.0,27.6,t_868,962
2021-01-04 09:30,002209.XSHE,-3900,6.75,5.0,26.32,t_869,963
2021-01-04 09:30,300736.XSHE,-11400,9.25,10.54,105.45,t_870,964
2021-01-04 09:30,600615.XSHG,-7800,6.7,5.23,52.26,t_871,965
2021-01-04 09:30,600766.XSHG,-18700,5.39,10.08,100.79,t_872,966
2021-01-04 09:30,511880.XSHG,13100,100.136,0.0,0.0,t_873,967
2021-02-01 09:30,511880.XSHG,-13100,100.31,0.0,0.0,t_874,968
2021-02-02 09:30,002633.XSHE,4500,5.84,5.0,0.0,t_875,969
2021-02-02 09:30,600766.XSHG,6800,3.85,5.0,0.0,t_876,970
2021-02-02 09:30,300736.XSHE,3600,7.15,5.0,0.0,t_877,971
2021-02-02 09:30,000007.XSHE,9700,2.71,5.0,0.0,t_878,972
2021-02-02 09:30,002862.XSHE,3200,8.15,5.0,0.0,t_879,973
2021-02-02 09:30,600768.XSHG,3500,7.4,5.0,0.0,t_880,974
2021-02-02 09:30,300478.XSHE,3300,7.81,5.0,0.0,t_881,975
2021-02-02 09:30,600355.XSHG,13000,2.02,5.0,0.0,t_882,976
2021-02-02 09:30,600778.XSHG,8200,3.22,5.0,0.0,t_883,977
2021-02-02 09:30,600520.XSHG,4000,6.53,5.0,0.0,t_884,978
2021-02-05 09:30,002633.XSHE,4800,5.59,5.0,0.0,t_885,979
2021-02-05 09:30,600766.XSHG,7900,3.54,5.0,0.0,t_886,980
2021-02-05 09:30,300736.XSHE,4200,6.68,5.0,0.0,t_887,981
2021-02-05 09:30,000007.XSHE,10600,2.57,5.0,0.0,t_888,982
2021-02-05 09:30,002862.XSHE,3500,7.74,5.0,0.0,t_889,983
2021-02-05 09:30,600768.XSHG,3900,7.04,5.0,0.0,t_890,984
2021-02-05 09:30,300478.XSHE,3800,7.32,5.0,0.0,t_891,985
2021-02-05 09:30,600355.XSHG,14300,1.91,5.0,0.0,t_892,986
2021-02-05 09:30,600778.XSHG,8400,3.13,5.0,0.0,t_893,987
2021-02-05 09:30,600520.XSHG,200,6.18,5.0,0.0,t_894,988
2021-02-05 09:30,300312.XSHE,8500,3.06,5.0,0.0,t_895,989
2021-02-10 09:30,002633.XSHE,4600,5.56,5.0,0.0,t_896,990
2021-02-10 09:30,600766.XSHG,9900,3.15,5.0,0.0,t_897,991
2021-02-10 09:30,300736.XSHE,4100,6.5,5.0,0.0,t_898,992
2021-02-10 09:30,000007.XSHE,10800,2.49,5.0,0.0,t_899,993
2021-02-10 09:30,002862.XSHE,3100,7.91,5.0,0.0,t_900,994
2021-02-10 09:30,600768.XSHG,3500,7.07,5.0,0.0,t_901,995
2021-02-10 09:30,300478.XSHE,3700,7.13,5.0,0.0,t_902,996
2021-02-10 09:30,600355.XSHG,14000,1.88,5.0,0.0,t_903,997
2021-02-10 09:30,600778.XSHG,100,3.09,5.0,0.0,t_904,998
2021-02-10 09:30,300312.XSHE,9700,2.83,5.0,0.0,t_905,999
2021-02-10 09:30,000502.XSHE,4900,5.18,5.0,0.0,t_906,1000
2021-02-22 09:30,002633.XSHE,4900,6.08,5.0,0.0,t_907,1001
2021-02-22 09:30,300736.XSHE,4000,7.2,5.0,0.0,t_908,1002
2021-02-22 09:30,000007.XSHE,5400,3.14,5.0,0.0,t_909,1003
2021-02-22 09:30,002862.XSHE,3300,8.73,5.0,0.0,t_910,1004
2021-02-22 09:30,300478.XSHE,3300,8.12,5.0,0.0,t_911,1005
2021-02-22 09:30,600355.XSHG,13100,2.11,5.0,0.0,t_912,1006
2021-02-22 09:30,600778.XSHG,8300,3.44,5.0,0.0,t_913,1007
2021-02-22 09:30,600520.XSHG,4400,6.63,5.0,0.0,t_914,1008
2021-02-22 09:30,000502.XSHE,-100,6.07,5.0,0.61,t_915,1009
2021-02-22 09:30,603029.XSHG,2500,11.39,5.0,0.0,t_916,1010
2021-02-22 09:30,600506.XSHG,3700,7.56,5.0,0.0,t_917,1011
2021-02-23 14:00,000007.XSHE,-900,3.3,5.0,2.97,t_918,1012
2021-02-23 14:00,300312.XSHE,-4700,4.37,5.0,20.54,t_919,1013
2021-02-24 14:00,300312.XSHE,-3000,5.82,5.0,17.46,t_920,1014
2021-02-25 09:30,002633.XSHE,5500,6.25,5.0,0.0,t_921,1015
2021-02-25 09:30,300736.XSHE,4000,7.63,5.0,0.0,t_922,1016
2021-02-25 09:30,000007.XSHE,1300,3.3,5.0,0.0,t_923,1017
2021-02-25 09:30,600768.XSHG,4400,7.93,5.0,0.0,t_924,1018
2021-02-25 09:30,300478.XSHE,3000,8.91,5.0,0.0,t_925,1019
2021-02-25 09:30,600355.XSHG,14500,2.21,5.0,0.0,t_926,1020
2021-02-25 09:30,600778.XSHG,9200,3.56,5.0,0.0,t_927,1021
2021-02-25 09:30,600520.XSHG,4400,6.99,5.0,0.0,t_928,1022
2021-02-25 09:30,300312.XSHE,1100,5.22,5.0,0.0,t_929,1023
2021-02-25 09:30,603029.XSHG,2800,11.36,5.0,0.0,t_930,1024
2021-02-25 09:30,600506.XSHG,3300,7.49,5.0,0.0,t_931,1025
2021-02-25 14:00,600766.XSHG,-7300,5.26,5.0,38.4,t_932,1028
2021-02-25 14:00,002862.XSHE,-100,9.35,5.0,0.94,t_933,1029
2021-02-26 14:00,000007.XSHE,-5600,3.98,5.0,22.29,t_934,1030
2021-03-01 14:00,000007.XSHE,-2500,4.42,5.0,11.05,t_935,1031
2021-03-01 14:00,600506.XSHG,200,8.8,5.0,0.0,t_936,1032
2021-03-02 09:30,600766.XSHG,2300,4.82,5.0,0.0,t_937,1033
2021-03-02 09:30,300736.XSHE,-200,8.02,5.0,1.6,t_938,1034
2021-03-02 09:30,000007.XSHE,-4900,3.97,5.0,19.45,t_939,1035
2021-03-02 09:30,002862.XSHE,-3900,10.51,5.0,40.99,t_940,1036
2021-03-02 09:30,600768.XSHG,700,7.86,5.0,0.0,t_941,1037
2021-03-02 09:30,300478.XSHE,1000,8.71,5.0,0.0,t_942,1038
2021-03-02 09:30,600355.XSHG,2800,2.2,5.0,0.0,t_943,1039
2021-03-02 09:30,600778.XSHG,300,3.65,5.0,0.0,t_944,1040
2021-03-02 09:30,600520.XSHG,400,7.06,5.0,0.0,t_945,1041
2021-03-02 09:30,300312.XSHE,-300,5.6,5.0,1.68,t_946,1042
2021-03-02 09:30,000502.XSHE,5400,6.16,5.0,0.0,t_947,1043
2021-03-02 09:30,603029.XSHG,2800,11.64,5.0,0.0,t_948,1044
2021-03-02 09:30,600506.XSHG,200,8.49,5.0,0.0,t_949,1045
2021-03-02 09:30,603729.XSHG,2500,12.44,5.0,0.0,t_950,1046
2021-03-05 09:30,002633.XSHE,100,6.31,5.0,0.0,t_951,1047
2021-03-05 09:30,600766.XSHG,100,4.4,5.0,0.0,t_952,1048
2021-03-05 09:30,000007.XSHE,-6900,3.67,5.0,25.32,t_953,1049
2021-03-05 09:30,002862.XSHE,-2600,9.7,5.0,25.22,t_954,1050
2021-03-05 09:30,300478.XSHE,400,8.4,5.0,0.0,t_955,1051
2021-03-05 09:30,600355.XSHG,-2200,2.24,5.0,4.93,t_956,1052
2021-03-05 09:30,600778.XSHG,-9200,3.7,5.0,34.04,t_957,1053
2021-03-05 09:30,600520.XSHG,4100,7.1,5.0,0.0,t_958,1054
2021-03-05 09:30,000502.XSHE,5000,6.13,5.0,0.0,t_959,1055
2021-03-05 09:30,603029.XSHG,2200,11.66,5.0,0.0,t_960,1056
2021-03-05 09:30,600766.XSHG,100,4.4,5.0,0.0,t_961,1058
2021-03-05 14:00,300312.XSHE,-7000,7.53,5.27,52.71,t_962,1061
2021-03-10 09:30,002633.XSHE,300,6.29,5.0,0.0,t_963,1062
2021-03-10 09:30,600766.XSHG,2100,4.25,5.0,0.0,t_964,1063
2021-03-10 09:30,300736.XSHE,200,7.78,5.0,0.0,t_965,1064
2021-03-10 09:30,600768.XSHG,200,7.65,5.0,0.0,t_966,1065
2021-03-10 09:30,300478.XSHE,500,8.17,5.0,0.0,t_967,1066
2021-03-10 09:30,600355.XSHG,1200,2.2,5.0,0.0,t_968,1067
2021-03-10 09:30,600778.XSHG,9000,3.57,5.0,0.0,t_969,1068
2021-03-10 09:30,300312.XSHE,-4300,5.66,5.0,24.34,t_970,1070
2021-03-10 09:30,000502.XSHE,500,5.91,5.0,0.0,t_971,1071
2021-03-10 09:30,603029.XSHG,1800,11.69,5.0,0.0,t_972,1072
2021-03-10 14:00,000007.XSHE,-10200,4.47,5.0,45.59,t_973,1079
2021-03-10 14:00,002862.XSHE,-3700,11.18,5.0,41.37,t_974,1080
2021-03-15 09:30,600766.XSHG,8400,4.09,5.0,0.0,t_975,1081
2021-03-15 09:30,300736.XSHE,400,7.61,5.0,0.0,t_976,1082
2021-03-15 09:30,000007.XSHE,-6800,4.11,5.0,27.95,t_977,1083
2021-03-15 09:30,600768.XSHG,3700,7.77,5.0,0.0,t_978,1084
2021-03-15 09:30,300478.XSHE,-900,8.58,5.0,7.72,t_979,1085
2021-03-15 09:30,600355.XSHG,1300,2.15,5.0,0.0,t_980,1086
2021-03-15 09:30,600778.XSHG,700,3.54,5.0,0.0,t_981,1087
2021-03-15 09:30,600520.XSHG,4800,6.92,5.0,0.0,t_982,1088
2021-03-15 09:30,000502.XSHE,3000,6.04,5.0,0.0,t_983,1089
2021-03-15 09:30,600506.XSHG,-3400,7.87,5.0,26.76,t_984,1091
2021-03-15 09:30,603029.XSHG,1300,11.49,5.0,0.0,t_985,1092
2021-03-15 09:30,000502.XSHE,1800,6.04,5.0,0.0,t_986,1093
2021-03-15 14:00,002862.XSHE,-2800,10.92,5.0,30.58,t_987,1095
2021-03-18 09:30,002633.XSHE,400,6.49,5.0,0.0,t_988,1096
2021-03-18 09:30,600766.XSHG,6600,4.35,5.0,0.0,t_989,1097
2021-03-18 09:30,600778.XSHG,-10300,3.96,5.0,40.79,t_990,1101
2021-03-18 09:30,600520.XSHG,900,7.0,5.0,0.0,t_991,1102
2021-03-18 09:30,603029.XSHG,200,11.98,5.0,0.0,t_992,1103
2021-03-18 09:30,603729.XSHG,-2500,12.74,5.0,31.85,t_993,1104
2021-03-18 09:30,600766.XSHG,500,4.35,5.0,0.0,t_994,1105
2021-03-18 09:30,600768.XSHG,700,7.91,5.0,0.0,t_995,1106
2021-03-18 09:30,300478.XSHE,1000,8.52,5.0,0.0,t_996,1107
2021-03-18 09:30,600355.XSHG,700,2.24,5.0,0.0,t_997,1108
2021-03-18 09:30,603269.XSHG,4500,10.21,5.0,0.0,t_998,1109
2021-03-18 14:00,600506.XSHG,-4000,8.64,5.0,34.56,t_999,1111
2021-03-19 14:00,600766.XSHG,-4800,5.1,5.0,24.48,t_1000,1112
2021-03-19 14:00,000502.XSHE,-2100,7.25,5.0,15.22,t_1001,1113
2021-03-22 14:00,600766.XSHG,-900,5.27,5.0,4.74,t_1002,1114
2021-03-23 09:30,002633.XSHE,600,6.44,5.0,0.0,t_1003,1115
2021-03-23 09:30,600766.XSHG,1300,5.02,5.0,0.0,t_1004,1116
2021-03-23 09:30,300736.XSHE,1000,7.77,5.0,0.0,t_1005,1117
2021-03-23 09:30,600768.XSHG,-100,8.09,5.0,0.81,t_1006,1118
2021-03-23 09:30,300478.XSHE,-400,8.88,5.0,3.55,t_1007,1119
2021-03-23 09:30,600355.XSHG,300,2.27,5.0,0.0,t_1008,1120
2021-03-23 09:30,600778.XSHG,1800,3.75,5.0,0.0,t_1009,1121
2021-03-23 09:30,600520.XSHG,100,7.09,5.0,0.0,t_1010,1122
2021-03-23 09:30,000502.XSHE,-4400,7.11,5.0,31.28,t_1011,1123
2021-03-23 09:30,603029.XSHG,100,12.02,5.0,0.0,t_1012,1124
2021-03-23 09:30,603269.XSHG,1700,10.55,5.0,0.0,t_1013,1125
2021-03-23 09:30,000609.XSHE,16900,3.91,6.61,0.0,t_1014,1126
2021-03-25 14:00,600766.XSHG,200,4.92,5.0,0.0,t_1015,1127
2021-03-26 09:30,002633.XSHE,-300,6.45,5.0,1.94,t_1016,1128
2021-03-26 09:30,600766.XSHG,-100,4.95,5.0,0.49,t_1017,1129
2021-03-26 09:30,300736.XSHE,600,7.39,5.0,0.0,t_1018,1130
2021-03-26 09:30,300478.XSHE,-500,9.0,5.0,4.5,t_1019,1132
2021-03-26 09:30,600355.XSHG,1700,2.19,5.0,0.0,t_1020,1133
2021-03-26 09:30,600778.XSHG,-500,3.79,5.0,1.9,t_1021,1134
2021-03-26 09:30,000502.XSHE,-3700,6.39,5.0,23.64,t_1022,1135
2021-03-26 09:30,603029.XSHG,-500,12.48,5.0,6.24,t_1023,1136
2021-03-26 09:30,603269.XSHG,100,10.32,5.0,0.0,t_1024,1137
2021-03-26 09:30,000609.XSHE,6900,4.11,5.0,0.0,t_1025,1138
2021-03-26 09:30,300736.XSHE,200,7.39,5.0,0.0,t_1026,1139
2021-03-26 09:30,600768.XSHG,200,7.82,5.0,0.0,t_1027,1140
2021-03-31 09:30,002633.XSHE,-300,6.3,5.0,1.89,t_1028,1142
2021-03-31 09:30,600766.XSHG,400,4.3,5.0,0.0,t_1029,1143
2021-03-31 09:30,600768.XSHG,-1300,8.18,5.0,10.63,t_1030,1144
2021-03-31 09:30,300478.XSHE,900,8.24,5.0,0.0,t_1031,1145
2021-03-31 09:30,600355.XSHG,-1500,2.16,5.0,3.24,t_1032,1146
2021-03-31 09:30,600778.XSHG,-9400,3.81,5.0,35.81,t_1033,1147
2021-03-31 09:30,000502.XSHE,-5100,6.18,5.0,31.52,t_1034,1148
2021-03-31 09:30,603029.XSHG,-3100,12.6,5.0,39.06,t_1035,1149
2021-03-31 09:30,603269.XSHG,-100,10.19,5.0,1.02,t_1036,1150
2021-03-31 09:30,000609.XSHE,10800,3.65,5.0,0.0,t_1037,1151
2021-03-31 09:30,600766.XSHG,3200,4.3,5.0,0.0,t_1038,1152
2021-03-31 09:30,002862.XSHE,3300,9.3,5.0,0.0,t_1039,1153
2021-03-31 09:30,600561.XSHG,7400,4.03,5.0,0.0,t_1040,1154
2021-04-01 09:30,002633.XSHE,-25100,6.34,15.91,159.13,t_1041,1155
2021-04-01 09:30,600766.XSHG,-36700,4.31,15.82,158.18,t_1042,1156
2021-04-01 09:30,300736.XSHE,-22100,7.36,16.27,162.66,t_1043,1157
2021-04-01 09:30,600768.XSHG,-19400,8.24,15.99,159.86,t_1044,1158
2021-04-01 09:30,300478.XSHE,-19100,8.16,15.59,155.86,t_1045,1159
2021-04-01 09:30,600355.XSHG,-73200,2.26,16.54,165.43,t_1046,1160
2021-04-01 09:30,600778.XSHG,-16600,3.65,6.06,60.59,t_1047,1161
2021-04-01 09:30,600520.XSHG,-23300,6.83,15.91,159.14,t_1048,1162
2021-04-01 09:30,000502.XSHE,-5200,6.12,5.0,31.82,t_1049,1163
2021-04-01 09:30,603029.XSHG,-10100,12.5,12.62,126.25,t_1050,1164
2021-04-01 09:30,603269.XSHG,-6200,10.26,6.36,63.61,t_1051,1165
2021-04-01 09:30,000609.XSHE,-34600,3.67,12.7,126.98,t_1052,1166
2021-04-01 09:30,002862.XSHE,-3300,9.59,5.0,31.65,t_1053,1167
2021-04-01 09:30,600561.XSHG,-7400,4.08,5.0,30.19,t_1054,1168
2021-04-01 09:30,511880.XSHG,15700,100.682,0.0,0.0,t_1055,1169
2021-05-06 09:30,511880.XSHG,-15700,100.881,0.0,0.0,t_1056,1170
2021-05-10 09:30,300736.XSHE,4100,7.6,5.0,0.0,t_1057,1171
2021-05-10 09:30,002633.XSHE,4600,6.8,5.0,0.0,t_1058,1172
2021-05-10 09:30,600768.XSHG,3900,7.99,5.0,0.0,t_1059,1173
2021-05-10 09:30,600520.XSHG,4700,6.74,5.0,0.0,t_1060,1174
2021-05-10 09:30,300478.XSHE,3800,8.34,5.0,0.0,t_1061,1175
2021-05-10 09:30,600355.XSHG,14400,2.21,5.0,0.0,t_1062,1176
2021-05-10 09:30,600455.XSHG,1800,17.5,5.0,0.0,t_1063,1177
2021-05-10 09:30,603029.XSHG,2600,12.21,5.0,0.0,t_1064,1178
2021-05-10 09:30,603813.XSHG,2400,12.86,5.0,0.0,t_1065,1179
2021-05-10 09:30,603269.XSHG,3100,10.21,5.0,0.0,t_1066,1180
2021-05-13 09:30,300736.XSHE,4100,7.79,5.0,0.0,t_1067,1181
2021-05-13 09:30,002633.XSHE,4800,6.81,5.0,0.0,t_1068,1182
2021-05-13 09:30,600768.XSHG,3800,8.24,5.0,0.0,t_1069,1183
2021-05-13 09:30,600520.XSHG,4400,6.97,5.0,0.0,t_1070,1184
2021-05-13 09:30,300478.XSHE,3300,8.99,5.0,0.0,t_1071,1185
2021-05-13 09:30,600355.XSHG,13600,2.28,5.0,0.0,t_1072,1186
2021-05-13 09:30,600455.XSHG,1700,18.05,5.0,0.0,t_1073,1187
2021-05-13 09:30,603029.XSHG,2600,12.31,5.0,0.0,t_1074,1188
2021-05-13 09:30,603813.XSHG,2500,12.88,5.0,0.0,t_1075,1189
2021-05-13 09:30,603269.XSHG,3100,10.31,5.0,0.0,t_1076,1190
2021-05-18 09:30,300736.XSHE,3500,8.17,5.0,0.0,t_1077,1191
2021-05-18 09:30,002633.XSHE,4700,6.78,5.0,0.0,t_1078,1192
2021-05-18 09:30,600768.XSHG,4100,8.12,5.0,0.0,t_1079,1193
2021-05-18 09:30,600520.XSHG,4700,6.9,5.0,0.0,t_1080,1194
2021-05-18 09:30,300478.XSHE,3700,8.8,5.0,0.0,t_1081,1195
2021-05-18 09:30,600355.XSHG,14000,2.28,5.0,0.0,t_1082,1196
2021-05-18 09:30,600455.XSHG,2000,17.43,5.0,0.0,t_1083,1197
2021-05-18 09:30,603029.XSHG,2700,12.11,5.0,0.0,t_1084,1198
2021-05-18 09:30,603813.XSHG,2300,13.18,5.0,0.0,t_1085,1199
2021-05-18 09:30,603269.XSHG,3200,10.2,5.0,0.0,t_1086,1200
2021-05-21 09:30,300736.XSHE,2900,8.84,5.0,0.0,t_1087,1201
2021-05-21 09:30,002633.XSHE,4900,6.8,5.0,0.0,t_1088,1202
2021-05-21 09:30,600768.XSHG,4100,8.08,5.0,0.0,t_1089,1203
2021-05-21 09:30,600520.XSHG,4800,6.94,5.0,0.0,t_1090,1204
2021-05-21 09:30,300478.XSHE,3900,8.78,5.0,0.0,t_1091,1205
2021-05-21 09:30,600455.XSHG,1800,17.59,5.0,0.0,t_1092,1206
2021-05-21 09:30,603029.XSHG,2800,12.06,5.0,0.0,t_1093,1207
2021-05-21 09:30,603813.XSHG,2700,13.02,5.0,0.0,t_1094,1208
2021-05-21 09:30,603269.XSHG,3200,10.25,5.0,0.0,t_1095,1209
2021-05-21 09:30,600561.XSHG,7900,4.06,5.0,0.0,t_1096,1210
2021-05-24 14:00,600355.XSHG,-5800,2.73,5.0,15.83,t_1097,1211
2021-05-26 09:30,300736.XSHE,-1700,10.3,5.0,17.51,t_1098,1212
2021-05-26 09:30,002633.XSHE,5500,6.75,5.0,0.0,t_1099,1213
2021-05-26 09:30,600768.XSHG,4200,8.22,5.0,0.0,t_1100,1214
2021-05-26 09:30,600520.XSHG,4700,7.08,5.0,0.0,t_1101,1215
2021-05-26 09:30,300478.XSHE,4100,8.78,5.0,0.0,t_1102,1216
2021-05-26 09:30,600355.XSHG,2100,2.59,5.0,0.0,t_1103,1217
2021-05-26 09:30,600455.XSHG,1900,17.88,5.0,0.0,t_1104,1218
2021-05-26 09:30,603029.XSHG,2800,12.24,5.0,0.0,t_1105,1219
2021-05-26 09:30,603813.XSHG,2500,13.24,5.0,0.0,t_1106,1220
2021-05-26 09:30,603269.XSHG,3200,10.43,5.0,0.0,t_1107,1221
2021-05-26 09:30,600561.XSHG,8300,4.08,5.0,0.0,t_1108,1222
2021-05-26 09:30,603389.XSHG,7200,4.58,5.0,0.0,t_1109,1223
2021-05-31 09:30,300736.XSHE,-3900,11.3,5.0,44.07,t_1110,1224
2021-05-31 09:30,600520.XSHG,200,7.18,5.0,0.0,t_1111,1225
2021-05-31 09:30,300478.XSHE,-300,9.15,5.0,2.75,t_1112,1226
2021-05-31 09:30,600355.XSHG,-12800,2.66,5.0,34.05,t_1113,1227
2021-05-31 09:30,600455.XSHG,100,18.06,5.0,0.0,t_1114,1228
2021-05-31 09:30,603029.XSHG,100,12.36,5.0,0.0,t_1115,1229
2021-05-31 09:30,603813.XSHG,100,13.45,5.0,0.0,t_1116,1230
2021-05-31 09:30,603269.XSHG,300,10.47,5.0,0.0,t_1117,1231
2021-05-31 09:30,600561.XSHG,8600,4.09,5.0,0.0,t_1118,1232
2021-05-31 09:30,603389.XSHG,8300,4.35,5.0,0.0,t_1119,1233
2021-06-03 09:30,300736.XSHE,-3100,11.75,5.0,36.43,t_1120,1234
2021-06-03 09:30,002633.XSHE,100,6.94,5.0,0.0,t_1121,1235
2021-06-03 09:30,600768.XSHG,100,8.42,5.0,0.0,t_1122,1236
2021-06-03 09:30,600520.XSHG,100,7.22,5.0,0.0,t_1123,1237
2021-06-03 09:30,300478.XSHE,-400,9.45,5.0,3.78,t_1124,1238
2021-06-03 09:30,600355.XSHG,-11900,2.52,5.0,29.99,t_1125,1239
2021-06-03 09:30,603029.XSHG,100,12.41,5.0,0.0,t_1126,1240
2021-06-03 09:30,603269.XSHG,-100,10.73,5.0,1.07,t_1127,1241
2021-06-03 09:30,600561.XSHG,8600,4.09,5.0,0.0,t_1128,1242
2021-06-03 09:30,603389.XSHG,7700,4.41,5.0,0.0,t_1129,1243
2021-06-04 14:00,600520.XSHG,-1500,7.85,5.0,11.78,t_1130,1244
2021-06-08 09:30,300736.XSHE,-3100,12.72,5.0,39.43,t_1131,1245
2021-06-08 09:30,002633.XSHE,500,6.89,5.0,0.0,t_1132,1246
2021-06-08 09:30,600768.XSHG,400,8.41,5.0,0.0,t_1133,1247
2021-06-08 09:30,600520.XSHG,-4400,7.86,5.0,34.58,t_1134,1248
2021-06-08 09:30,300478.XSHE,200,9.43,5.0,0.0,t_1135,1249
2021-06-08 09:30,600355.XSHG,-13600,2.57,5.0,34.95,t_1136,1250
2021-06-08 09:30,600455.XSHG,100,18.3,5.0,0.0,t_1137,1251
2021-06-08 09:30,603813.XSHG,400,13.43,5.0,0.0,t_1138,1252
2021-06-08 09:30,603269.XSHG,100,10.75,5.0,0.0,t_1139,1253
2021-06-08 09:30,600561.XSHG,8500,4.13,5.0,0.0,t_1140,1254
2021-06-08 09:30,603389.XSHG,7400,4.52,5.0,0.0,t_1141,1255
2021-06-08 09:30,600778.XSHG,8900,3.87,5.0,0.0,t_1142,1256
2021-06-11 09:30,300736.XSHE,-2800,12.07,5.0,33.8,t_1143,1257
2021-06-11 09:30,002633.XSHE,-100,7.08,5.0,0.71,t_1144,1258
2021-06-11 09:30,600768.XSHG,-700,8.88,5.0,6.22,t_1145,1259
2021-06-11 09:30,600520.XSHG,300,7.83,5.0,0.0,t_1146,1260
2021-06-11 09:30,300478.XSHE,-200,9.78,5.0,1.96,t_1147,1261
2021-06-11 09:30,603029.XSHG,100,12.74,5.0,0.0,t_1148,1262
2021-06-11 09:30,603813.XSHG,100,13.52,5.0,0.0,t_1149,1263
2021-06-11 09:30,600561.XSHG,-100,4.23,5.0,0.42,t_1150,1264
2021-06-11 09:30,603389.XSHG,9200,4.41,5.0,0.0,t_1151,1265
2021-06-11 09:30,600778.XSHG,-200,4.1,5.0,0.82,t_1152,1266
2021-06-11 09:30,603389.XSHG,200,4.41,5.0,0.0,t_1153,1267
2021-06-17 09:30,002633.XSHE,-200,7.02,5.0,1.4,t_1154,1268
2021-06-17 09:30,600768.XSHG,100,8.7,5.0,0.0,t_1155,1269
2021-06-17 09:30,600520.XSHG,-4600,7.8,5.0,35.88,t_1156,1270
2021-06-17 09:30,300478.XSHE,-400,9.85,5.0,3.94,t_1157,1271
2021-06-17 09:30,600455.XSHG,100,18.3,5.0,0.0,t_1158,1272
2021-06-17 09:30,600561.XSHG,200,4.14,5.0,0.0,t_1159,1273
2021-06-17 09:30,603389.XSHG,500,4.29,5.0,0.0,t_1160,1274
2021-06-17 09:30,600778.XSHG,8800,3.97,5.0,0.0,t_1161,1275
2021-06-22 09:30,002633.XSHE,-600,7.27,5.0,4.36,t_1162,1276
2021-06-22 09:30,600768.XSHG,200,8.67,5.0,0.0,t_1163,1277
2021-06-22 09:30,600520.XSHG,-4600,8.05,5.0,37.03,t_1164,1278
2021-06-22 09:30,300478.XSHE,1100,9.32,5.0,0.0,t_1165,1279
2021-06-22 09:30,603029.XSHG,-100,12.91,5.0,1.29,t_1166,1280
2021-06-22 09:30,603269.XSHG,-100,11.02,5.0,1.1,t_1167,1281
2021-06-22 09:30,600561.XSHG,100,4.17,5.0,0.0,t_1168,1282
2021-06-22 09:30,603389.XSHG,-200,4.36,5.0,0.87,t_1169,1283
2021-06-22 09:30,600778.XSHG,8300,3.95,5.0,0.0,t_1170,1284
2021-06-25 09:30,600520.XSHG,-4500,8.39,5.0,37.76,t_1171,1286
2021-06-25 09:30,300478.XSHE,500,9.14,5.0,0.0,t_1172,1287
2021-06-25 09:30,600455.XSHG,200,18.12,5.0,0.0,t_1173,1288
2021-06-25 09:30,603029.XSHG,-200,13.19,5.0,2.64,t_1174,1289
2021-06-25 09:30,603269.XSHG,-100,11.2,5.0,1.12,t_1175,1290
2021-06-25 09:30,600561.XSHG,-400,4.25,5.0,1.7,t_1176,1291
2021-06-25 09:30,603389.XSHG,-400,4.44,5.0,1.78,t_1177,1292
2021-06-25 09:30,600778.XSHG,9100,4.03,5.0,0.0,t_1178,1293
2021-06-29 14:00,603389.XSHG,-4300,5.0,5.0,21.5,t_1179,1295
2021-06-30 09:30,002633.XSHE,-500,7.51,5.0,3.75,t_1180,1296
2021-06-30 09:30,600768.XSHG,600,8.5,5.0,0.0,t_1181,1297
2021-06-30 09:30,300478.XSHE,-200,9.33,5.0,1.87,t_1182,1298
2021-06-30 09:30,600455.XSHG,200,17.89,5.0,0.0,t_1183,1299
2021-06-30 09:30,603813.XSHG,200,13.35,5.0,0.0,t_1184,1300
2021-06-30 09:30,603269.XSHG,700,10.64,5.0,0.0,t_1185,1301
2021-06-30 09:30,600561.XSHG,600,4.19,5.0,0.0,t_1186,1302
2021-06-30 09:30,603389.XSHG,-6700,4.92,5.0,32.96,t_1187,1303
2021-06-30 09:30,600778.XSHG,200,4.04,5.0,0.0,t_1188,1304
2021-06-30 09:30,603286.XSHG,2500,14.09,5.0,0.0,t_1189,1305
2021-07-01 14:00,600520.XSHG,-200,8.85,5.0,1.77,t_1190,1306
2021-07-02 14:00,600778.XSHG,-4200,4.62,5.0,19.4,t_1191,1307
2021-07-05 09:30,002633.XSHE,700,7.28,5.0,0.0,t_1192,1308
2021-07-05 09:30,600520.XSHG,-4100,8.42,5.0,34.52,t_1193,1309
2021-07-05 09:30,300478.XSHE,100,9.23,5.0,0.0,t_1194,1310
2021-07-05 09:30,600455.XSHG,100,17.67,5.0,0.0,t_1195,1311
2021-07-05 09:30,603029.XSHG,300,12.84,5.0,0.0,t_1196,1312
2021-07-05 09:30,603813.XSHG,100,13.36,5.0,0.0,t_1197,1313
2021-07-05 09:30,603269.XSHG,100,10.63,5.0,0.0,t_1198,1314
2021-07-05 09:30,600561.XSHG,700,4.13,5.0,0.0,t_1199,1315
2021-07-05 09:30,603389.XSHG,-6800,4.83,5.0,32.84,t_1200,1316
2021-07-05 09:30,600778.XSHG,600,4.51,5.0,0.0,t_1201,1317
2021-07-05 09:30,002830.XSHE,3700,9.45,5.0,0.0,t_1202,1318
2021-07-05 09:30,000702.XSHE,7400,4.78,5.0,0.0,t_1203,1319
2021-07-08 09:30,600768.XSHG,-100,8.93,5.0,0.89,t_1204,1320
2021-07-08 09:30,300478.XSHE,-5300,10.71,5.68,56.76,t_1205,1321
2021-07-08 09:30,600455.XSHG,200,18.04,5.0,0.0,t_1206,1322
2021-07-08 09:30,603029.XSHG,-100,13.5,5.0,1.35,t_1207,1323
2021-07-08 09:30,603813.XSHG,200,13.62,5.0,0.0,t_1208,1324
2021-07-08 09:30,603269.XSHG,300,10.86,5.0,0.0,t_1209,1325
2021-07-08 09:30,600561.XSHG,800,4.21,5.0,0.0,t_1210,1326
2021-07-08 09:30,603389.XSHG,-7100,4.95,5.0,35.15,t_1211,1327
2021-07-08 09:30,600778.XSHG,-6800,4.49,5.0,30.53,t_1212,1328
2021-07-08 09:30,002830.XSHE,3900,9.69,5.0,0.0,t_1213,1329
2021-07-08 09:30,000702.XSHE,7600,4.9,5.0,0.0,t_1214,1330
2021-07-08 09:30,600520.XSHG,4600,8.0,5.0,0.0,t_1215,1331
2021-07-13 09:30,002633.XSHE,100,7.69,5.0,0.0,t_1216,1332
2021-07-13 09:30,300478.XSHE,-3100,10.62,5.0,32.92,t_1217,1333
2021-07-13 09:30,603813.XSHG,300,13.66,5.0,0.0,t_1218,1334
2021-07-13 09:30,603269.XSHG,300,10.9,5.0,0.0,t_1219,1335
2021-07-13 09:30,600561.XSHG,1000,4.23,5.0,0.0,t_1220,1336
2021-07-13 09:30,603389.XSHG,500,4.89,5.0,0.0,t_1221,1337
2021-07-13 09:30,600778.XSHG,-7400,4.4,5.0,32.56,t_1222,1338
2021-07-13 09:30,000702.XSHE,8200,4.89,5.0,0.0,t_1223,1339
2021-07-13 09:30,600520.XSHG,1400,8.11,5.0,0.0,t_1224,1340
2021-07-13 09:30,002359.XSHE,100,0.32,5.0,0.0,t_1225,1342
2021-07-13 14:00,603029.XSHG,-3800,15.43,5.86,58.63,t_1226,1344
2021-07-16 09:30,002633.XSHE,-300,7.6,5.0,2.28,t_1227,1345
2021-07-16 09:30,600768.XSHG,-200,8.99,5.0,1.8,t_1228,1346
2021-07-16 09:30,300478.XSHE,-3900,10.77,5.0,42.0,t_1229,1347
2021-07-16 09:30,603029.XSHG,-1700,13.54,5.0,23.02,t_1230,1348
2021-07-16 09:30,603813.XSHG,-100,13.49,5.0,1.35,t_1231,1349
2021-07-16 09:30,603269.XSHG,-300,10.84,5.0,3.25,t_1232,1350
2021-07-16 09:30,600561.XSHG,-1100,4.21,5.0,4.63,t_1233,1351
2021-07-16 09:30,603389.XSHG,100,4.7,5.0,0.0,t_1234,1352
2021-07-16 09:30,600778.XSHG,-8900,4.4,5.0,39.16,t_1235,1353
2021-07-16 09:30,002830.XSHE,100,9.46,5.0,0.0,t_1236,1354
2021-07-16 09:30,000702.XSHE,9000,4.56,5.0,0.0,t_1237,1355
2021-07-16 09:30,600520.XSHG,8400,7.64,6.42,0.0,t_1238,1356
2021-07-16 09:30,002359.XSHE,177500,0.39,6.92,0.0,t_1239,1357
2021-07-21 09:30,300478.XSHE,-3200,10.0,5.0,32.0,t_1240,1362
2021-07-21 09:30,603029.XSHG,-3000,13.97,5.0,41.91,t_1241,1363
2021-07-21 09:30,603269.XSHG,-100,10.73,5.0,1.07,t_1242,1364
2021-07-21 09:30,600561.XSHG,-800,4.23,5.0,3.38,t_1243,1365
2021-07-21 09:30,603389.XSHG,7700,4.66,5.0,0.0,t_1244,1366
2021-07-21 09:30,600778.XSHG,-8400,4.38,5.0,36.79,t_1245,1367
2021-07-21 09:30,603286.XSHG,-2500,14.56,5.0,36.4,t_1246,1368
2021-07-21 09:30,002830.XSHE,3800,9.41,5.0,0.0,t_1247,1369
2021-07-21 09:30,000702.XSHE,7800,4.52,5.0,0.0,t_1248,1370
2021-07-21 09:30,600520.XSHG,-1000,8.12,5.0,8.12,t_1249,1371
2021-07-21 09:30,002359.XSHE,132800,0.35,5.0,0.0,t_1250,1372
2021-07-21 09:30,002633.XSHE,800,7.22,5.0,0.0,t_1251,1373
2021-07-26 09:30,002633.XSHE,-300,7.37,5.0,2.21,t_1252,1375
2021-07-26 09:30,300478.XSHE,-3700,10.53,5.0,38.96,t_1253,1376
2021-07-26 09:30,600455.XSHG,100,17.59,5.0,0.0,t_1254,1377
2021-07-26 09:30,603029.XSHG,200,13.47,5.0,0.0,t_1255,1378
2021-07-26 09:30,603813.XSHG,200,13.06,5.0,0.0,t_1256,1379
2021-07-26 09:30,603269.XSHG,100,10.69,5.0,0.0,t_1257,1380
2021-07-26 09:30,600561.XSHG,-400,4.29,5.0,1.72,t_1258,1381
2021-07-26 09:30,603389.XSHG,7400,4.72,5.0,0.0,t_1259,1382
2021-07-26 09:30,600520.XSHG,-600,8.57,5.0,5.14,t_1260,1384
2021-07-26 09:30,000702.XSHE,700,4.46,5.0,0.0,t_1261,1385
2021-07-26 09:30,603389.XSHG,100,4.72,5.0,0.0,t_1262,1386
2021-07-29 09:30,002633.XSHE,200,6.84,5.0,0.0,t_1263,1387
2021-07-29 09:30,600561.XSHG,-800,4.14,5.0,3.31,t_1264,1390
2021-07-29 09:30,603389.XSHG,700,4.46,5.0,0.0,t_1265,1391
2021-07-29 09:30,600520.XSHG,-4300,8.19,5.0,35.22,t_1266,1394
2021-07-29 09:30,002633.XSHE,200,6.84,5.0,0.0,t_1267,1395
2021-07-29 09:30,603813.XSHG,100,12.25,5.0,0.0,t_1268,1396
2021-07-29 09:30,000702.XSHE,600,4.17,5.0,0.0,t_1269,1397
2021-07-29 09:30,603269.XSHG,100,10.05,5.0,0.0,t_1270,1398
2021-07-29 09:30,603389.XSHG,6600,4.46,5.0,0.0,t_1271,1399
2021-08-03 09:30,002633.XSHE,-400,7.25,5.0,2.9,t_1272,1401
2021-08-03 09:30,600768.XSHG,-600,9.02,5.0,5.41,t_1273,1402
2021-08-03 09:30,600455.XSHG,100,17.07,5.0,0.0,t_1274,1403
2021-08-03 09:30,603029.XSHG,-300,14.09,5.0,4.23,t_1275,1404
2021-08-03 09:30,603813.XSHG,300,12.43,5.0,0.0,t_1276,1405
2021-08-03 09:30,600561.XSHG,1700,4.06,5.0,0.0,t_1277,1406
2021-08-03 09:30,000702.XSHE,-200,4.35,5.0,0.87,t_1278,1409
2021-08-03 09:30,600520.XSHG,-4300,8.66,5.0,37.24,t_1279,1410
2021-08-03 09:30,600561.XSHG,500,4.06,5.0,0.0,t_1280,1411
2021-08-03 09:30,603389.XSHG,300,4.64,5.0,0.0,t_1281,1412
2021-08-03 09:30,002830.XSHE,3700,9.29,5.0,0.0,t_1282,1413
2021-08-06 09:30,603029.XSHG,-500,15.79,5.0,7.9,t_1283,1416
2021-08-06 09:30,600561.XSHG,100,4.1,5.0,0.0,t_1284,1417
2021-08-06 09:30,603389.XSHG,-300,4.75,5.0,1.43,t_1285,1418
2021-08-06 09:30,002830.XSHE,1000,9.22,5.0,0.0,t_1286,1419
2021-08-06 09:30,600520.XSHG,-4200,8.35,5.0,35.07,t_1287,1421
2021-08-06 09:30,600455.XSHG,100,17.1,5.0,0.0,t_1288,1422
2021-08-06 09:30,000702.XSHE,500,4.34,5.0,0.0,t_1289,1423
2021-08-06 09:30,002830.XSHE,3300,9.22,5.0,0.0,t_1290,1424
2021-08-11 09:30,002633.XSHE,-600,7.72,5.0,4.63,t_1291,1426
2021-08-11 09:30,600768.XSHG,-100,9.41,5.0,0.94,t_1292,1427
2021-08-11 09:30,603029.XSHG,300,15.08,5.0,0.0,t_1293,1428
2021-08-11 09:30,603269.XSHG,100,10.76,5.0,0.0,t_1294,1429
2021-08-11 09:30,603389.XSHG,100,4.85,5.0,0.0,t_1295,1430
2021-08-11 09:30,002830.XSHE,-200,9.63,5.0,1.93,t_1296,1431
2021-08-11 09:30,300478.XSHE,200,9.5,5.0,0.0,t_1297,1432
2021-08-16 09:30,002633.XSHE,-200,7.86,5.0,1.57,t_1298,1433
2021-08-16 09:30,603029.XSHG,-2300,14.72,5.0,33.86,t_1299,1434
2021-08-16 09:30,603813.XSHG,-100,13.26,5.0,1.33,t_1300,1435
2021-08-16 09:30,600561.XSHG,200,4.24,5.0,0.0,t_1301,1436
2021-08-16 09:30,603389.XSHG,-8100,4.99,5.0,40.42,t_1302,1437
2021-08-16 09:30,002830.XSHE,100,9.65,5.0,0.0,t_1303,1438
2021-08-16 09:30,000702.XSHE,200,4.48,5.0,0.0,t_1304,1439
2021-08-16 09:30,300478.XSHE,7800,9.54,7.44,0.0,t_1305,1440
2021-08-19 09:30,603029.XSHG,-2600,14.12,5.0,36.71,t_1306,1445
2021-08-19 09:30,603813.XSHG,100,13.05,5.0,0.0,t_1307,1446
2021-08-19 09:30,603269.XSHG,-200,11.06,5.0,2.21,t_1308,1447
2021-08-19 09:30,600561.XSHG,-1400,4.39,5.0,6.15,t_1309,1448
2021-08-19 09:30,603389.XSHG,-6900,4.87,5.0,33.6,t_1310,1449
2021-08-19 09:30,002830.XSHE,-4300,10.0,5.0,43.0,t_1311,1450
2021-08-19 09:30,000702.XSHE,400,4.44,5.0,0.0,t_1312,1451
2021-08-19 09:30,300478.XSHE,12500,9.15,11.44,0.0,t_1313,1452
2021-08-19 09:30,002633.XSHE,100,7.79,5.0,0.0,t_1314,1453
2021-08-19 09:30,600768.XSHG,100,9.4,5.0,0.0,t_1315,1454
2021-08-19 09:30,600493.XSHG,500,4.66,5.0,0.0,t_1316,1455
2021-08-24 09:30,600455.XSHG,-200,18.55,5.0,3.71,t_1317,1458
2021-08-24 09:30,600561.XSHG,-9900,4.65,5.0,46.04,t_1318,1459
2021-08-24 09:30,002830.XSHE,-3600,10.0,5.0,36.0,t_1319,1460
2021-08-24 09:30,000702.XSHE,700,4.45,5.0,0.0,t_1320,1461
2021-08-24 09:30,600493.XSHG,17600,4.69,8.25,0.0,t_1321,1462
2021-08-27 09:30,002633.XSHE,-300,8.3,5.0,2.49,t_1322,1466
2021-08-27 09:30,600768.XSHG,200,9.48,5.0,0.0,t_1323,1467
2021-08-27 09:30,600561.XSHG,-8600,4.85,5.0,41.71,t_1324,1468
2021-08-27 09:30,603389.XSHG,-8400,5.32,5.0,44.69,t_1325,1469
2021-08-27 09:30,002830.XSHE,-3900,10.42,5.0,40.64,t_1326,1470
2021-08-27 09:30,000702.XSHE,100,4.56,5.0,0.0,t_1327,1471
2021-08-27 09:30,300478.XSHE,300,9.4,5.0,0.0,t_1328,1472
2021-08-27 09:30,600493.XSHG,14500,4.8,6.96,0.0,t_1329,1473
2021-08-27 09:30,600768.XSHG,500,9.48,5.0,0.0,t_1330,1474
2021-08-27 09:30,002417.XSHE,8000,4.88,5.0,0.0,t_1331,1475
2021-08-27 09:30,002836.XSHE,1300,8.31,5.0,0.0,t_1332,1476
2021-09-01 09:30,603269.XSHG,-300,11.75,5.0,3.52,t_1333,1480
2021-09-01 09:30,600561.XSHG,-8700,5.06,5.0,44.02,t_1334,1481
2021-09-01 09:30,603389.XSHG,-7300,5.23,5.0,38.18,t_1335,1482
2021-09-01 09:30,002830.XSHE,-3700,10.29,5.0,38.07,t_1336,1483
2021-09-01 09:30,000702.XSHE,100,4.55,5.0,0.0,t_1337,1484
2021-09-01 09:30,600493.XSHG,-1000,4.97,5.0,4.97,t_1338,1485
2021-09-01 09:30,002417.XSHE,8400,4.78,5.0,0.0,t_1339,1486
2021-09-01 09:30,002836.XSHE,8100,8.33,6.75,0.0,t_1340,1487
2021-09-01 09:30,002633.XSHE,600,8.04,5.0,0.0,t_1341,1488
2021-09-01 09:30,600768.XSHG,800,9.15,5.0,0.0,t_1342,1489
2021-09-01 09:30,603709.XSHG,500,16.31,5.0,0.0,t_1343,1490
2021-09-06 09:30,603813.XSHG,-200,14.05,5.0,2.81,t_1344,1494
2021-09-06 09:30,603269.XSHG,200,11.66,5.0,0.0,t_1345,1495
2021-09-06 09:30,600561.XSHG,-7600,4.99,5.0,37.92,t_1346,1496
2021-09-06 09:30,002830.XSHE,-3900,10.5,5.0,40.95,t_1347,1497
2021-09-06 09:30,000702.XSHE,-200,4.62,5.0,0.92,t_1348,1498
2021-09-06 09:30,600493.XSHG,-8200,5.08,5.0,41.66,t_1349,1499
2021-09-06 09:30,002417.XSHE,7700,4.91,5.0,0.0,t_1350,1500
2021-09-06 09:30,603709.XSHG,4200,16.64,6.99,0.0,t_1351,1501
2021-09-06 09:30,002633.XSHE,400,7.99,5.0,0.0,t_1352,1502
2021-09-06 09:30,600768.XSHG,100,9.18,5.0,0.0,t_1353,1503
2021-09-06 09:30,603029.XSHG,700,14.19,5.0,0.0,t_1354,1504
2021-09-09 09:30,603269.XSHG,-3600,12.4,5.0,44.64,t_1355,1508
2021-09-09 09:30,600561.XSHG,-8000,5.46,5.0,43.68,t_1356,1509
2021-09-09 09:30,000702.XSHE,300,4.75,5.0,0.0,t_1357,1510
2021-09-09 09:30,300478.XSHE,300,9.72,5.0,0.0,t_1358,1511
2021-09-09 09:30,600493.XSHG,-7700,5.25,5.0,40.43,t_1359,1512
2021-09-09 09:30,002417.XSHE,7900,5.12,5.0,0.0,t_1360,1513
2021-09-09 09:30,603709.XSHG,2600,16.85,5.0,0.0,t_1361,1514
2021-09-09 09:30,603029.XSHG,2700,14.81,5.0,0.0,t_1362,1515
2021-09-09 14:00,600768.XSHG,-500,9.68,5.0,4.84,t_1363,1521
2021-09-09 14:00,603389.XSHG,-300,5.71,5.0,1.71,t_1364,1522
2021-09-14 09:30,002633.XSHE,800,7.8,5.0,0.0,t_1365,1523
2021-09-14 09:30,603269.XSHG,-3600,12.5,5.0,45.0,t_1366,1525
2021-09-14 09:30,603389.XSHG,-7200,5.75,5.0,41.4,t_1367,1526
2021-09-14 09:30,000702.XSHE,-600,4.73,5.0,2.84,t_1368,1527
2021-09-14 09:30,300478.XSHE,600,9.25,5.0,0.0,t_1369,1528
2021-09-14 09:30,600493.XSHG,-8200,5.4,5.0,44.28,t_1370,1529
2021-09-14 09:30,002417.XSHE,7600,5.08,5.0,0.0,t_1371,1530
2021-09-14 09:30,603709.XSHG,2200,16.94,5.0,0.0,t_1372,1531
2021-09-14 09:30,603029.XSHG,3600,14.46,5.21,0.0,t_1373,1532
2021-09-17 09:30,600455.XSHG,-300,20.28,5.0,6.08,t_1374,1539
2021-09-17 09:30,603813.XSHG,100,14.06,5.0,0.0,t_1375,1540
2021-09-17 09:30,603269.XSHG,-3300,12.6,5.0,41.58,t_1376,1541
2021-09-17 09:30,000702.XSHE,-100,4.73,5.0,0.47,t_1377,1542
2021-09-17 09:30,300478.XSHE,300,9.12,5.0,0.0,t_1378,1543
2021-09-17 09:30,600493.XSHG,-7500,5.36,5.0,40.2,t_1379,1544
2021-09-17 09:30,002417.XSHE,500,5.0,5.0,0.0,t_1380,1545
2021-09-17 09:30,002836.XSHE,-4700,8.58,5.0,40.33,t_1381,1546
2021-09-17 09:30,603709.XSHG,2400,16.83,5.0,0.0,t_1382,1547
2021-09-17 09:30,603029.XSHG,4200,14.35,6.03,0.0,t_1383,1548
2021-09-17 09:30,002633.XSHE,100,7.83,5.0,0.0,t_1384,1549
2021-09-17 09:30,600768.XSHG,900,9.16,5.0,0.0,t_1385,1550
2021-09-17 09:30,603286.XSHG,800,15.68,5.0,0.0,t_1386,1551
2021-09-24 09:30,002633.XSHE,-100,7.81,5.0,0.78,t_1387,1553
2021-09-24 09:30,600455.XSHG,-100,20.2,5.0,2.02,t_1388,1555
2021-09-24 09:30,603813.XSHG,-100,14.13,5.0,1.41,t_1389,1556
2021-09-24 09:30,603269.XSHG,-3100,12.36,5.0,38.32,t_1390,1557
2021-09-24 09:30,000702.XSHE,-100,4.69,5.0,0.47,t_1391,1558
2021-09-24 09:30,002417.XSHE,300,4.92,5.0,0.0,t_1392,1559
2021-09-24 09:30,002836.XSHE,-4700,8.54,5.0,40.14,t_1393,1560
2021-09-24 09:30,603029.XSHG,3000,13.9,5.0,0.0,t_1394,1561
2021-09-24 09:30,603286.XSHG,1600,15.93,5.0,0.0,t_1395,1562
2021-09-24 09:30,600768.XSHG,200,8.98,5.0,0.0,t_1396,1563
2021-09-24 09:30,600520.XSHG,1400,8.45,5.0,0.0,t_1397,1564
2021-09-29 09:30,002633.XSHE,100,7.09,5.0,0.0,t_1398,1565
2021-09-29 09:30,603269.XSHG,-3300,11.46,5.0,37.82,t_1399,1566
2021-09-29 09:30,000702.XSHE,-900,4.46,5.0,4.01,t_1400,1567
2021-09-29 09:30,300478.XSHE,300,8.26,5.0,0.0,t_1401,1568
2021-09-29 09:30,002417.XSHE,2100,4.34,5.0,0.0,t_1402,1569
2021-09-29 09:30,603709.XSHG,-2600,15.99,5.0,41.57,t_1403,1570
2021-09-29 09:30,600520.XSHG,9300,7.69,7.15,0.0,t_1404,1571
2021-10-11 09:30,600455.XSHG,-300,20.34,5.0,6.1,t_1405,1576
2021-10-11 09:30,000702.XSHE,-200,4.72,5.0,0.94,t_1406,1577
2021-10-11 09:30,002417.XSHE,-1100,4.71,5.0,5.18,t_1407,1578
2021-10-11 09:30,603709.XSHG,300,16.11,5.0,0.0,t_1408,1579
2021-10-11 09:30,603029.XSHG,400,13.32,5.0,0.0,t_1409,1580
2021-10-11 09:30,603286.XSHG,100,15.49,5.0,0.0,t_1410,1581
2021-10-14 09:30,002633.XSHE,-100,7.55,5.0,0.76,t_1411,1586
2021-10-14 09:30,600768.XSHG,100,8.41,5.0,0.0,t_1412,1587
2021-10-14 09:30,603813.XSHG,-500,14.2,5.0,7.1,t_1413,1589
2021-10-14 09:30,000702.XSHE,-400,4.71,5.0,1.88,t_1414,1590
2021-10-14 09:30,300478.XSHE,400,8.45,5.0,0.0,t_1415,1591
2021-10-14 09:30,002417.XSHE,-700,4.73,5.0,3.31,t_1416,1592
2021-10-14 09:30,603029.XSHG,200,12.97,5.0,0.0,t_1417,1593
2021-10-14 09:30,600520.XSHG,800,7.95,5.0,0.0,t_1418,1594
2021-10-19 09:30,000702.XSHE,100,4.68,5.0,0.0,t_1419,1601
2021-10-19 09:30,300478.XSHE,-700,8.74,5.0,6.12,t_1420,1602
2021-10-19 09:30,002417.XSHE,400,4.66,5.0,0.0,t_1421,1603
2021-10-19 09:30,603709.XSHG,-2300,15.95,5.0,36.69,t_1422,1604
2021-10-19 09:30,603286.XSHG,-2500,15.35,5.0,38.38,t_1423,1605
2021-10-19 09:30,600520.XSHG,10000,7.86,7.86,0.0,t_1424,1606
2021-10-19 09:30,002209.XSHE,100,6.45,5.0,0.0,t_1425,1611
2021-10-22 09:30,000702.XSHE,-500,4.6,5.0,2.3,t_1426,1614
2021-10-22 09:30,300478.XSHE,-200,8.55,5.0,1.71,t_1427,1615
2021-10-22 09:30,002417.XSHE,900,4.43,5.0,0.0,t_1428,1616
2021-10-22 09:30,603709.XSHG,-2500,15.76,5.0,39.4,t_1429,1617
2021-10-22 09:30,600520.XSHG,3100,7.56,5.0,0.0,t_1430,1618
2021-10-22 09:30,002209.XSHE,2600,6.12,5.0,0.0,t_1431,1619
2021-10-27 09:30,002633.XSHE,-100,7.15,5.0,0.71,t_1432,1624
2021-10-27 09:30,000702.XSHE,100,4.43,5.0,0.0,t_1433,1627
2021-10-27 09:30,300478.XSHE,-500,8.54,5.0,4.27,t_1434,1628
2021-10-27 09:30,603709.XSHG,-100,15.56,5.0,1.56,t_1435,1629
2021-10-27 09:30,600520.XSHG,100,7.33,5.0,0.0,t_1436,1630
2021-10-27 09:30,002209.XSHE,900,5.92,5.0,0.0,t_1437,1631
2021-11-01 09:30,603709.XSHG,-2200,15.02,5.0,33.04,t_1438,1641
2021-11-01 09:30,603029.XSHG,400,12.1,5.0,0.0,t_1439,1642
2021-11-01 09:30,600520.XSHG,500,7.3,5.0,0.0,t_1440,1643
2021-11-01 09:30,002209.XSHE,4100,5.85,5.0,0.0,t_1441,1644
2021-11-01 09:30,000702.XSHE,100,4.38,5.0,0.0,t_1442,1649
2021-11-01 14:00,300478.XSHE,-5900,9.75,5.75,57.52,t_1443,1652
2021-11-02 14:00,600455.XSHG,-200,19.5,5.0,3.9,t_1444,1653
2021-11-04 09:30,002633.XSHE,1100,7.08,5.0,0.0,t_1445,1654
2021-11-04 09:30,600768.XSHG,800,8.16,5.0,0.0,t_1446,1655
2021-11-04 09:30,603813.XSHG,800,13.04,5.0,0.0,t_1447,1656
2021-11-04 09:30,000702.XSHE,1400,4.46,5.0,0.0,t_1448,1657
2021-11-04 09:30,300478.XSHE,-3400,9.46,5.0,32.16,t_1449,1658
2021-11-04 09:30,002417.XSHE,1800,4.28,5.0,0.0,t_1450,1659
2021-11-04 09:30,603709.XSHG,-2500,15.21,5.0,38.02,t_1451,1660
2021-11-04 09:30,603029.XSHG,200,12.13,5.0,0.0,t_1452,1661
2021-11-04 09:30,600520.XSHG,-300,7.55,5.0,2.27,t_1453,1662
2021-11-04 09:30,002209.XSHE,16000,5.78,9.25,0.0,t_1454,1663
2021-11-04 14:00,600455.XSHG,-2200,20.91,5.0,46.0,t_1455,1667
2021-11-09 09:30,600768.XSHG,-300,8.43,5.0,2.53,t_1456,1668
2021-11-09 09:30,600455.XSHG,-1600,20.53,5.0,32.85,t_1457,1669
2021-11-09 09:30,603813.XSHG,-100,13.37,5.0,1.34,t_1458,1670
2021-11-09 09:30,000702.XSHE,-600,4.6,5.0,2.76,t_1459,1671
2021-11-09 09:30,300478.XSHE,400,9.2,5.0,0.0,t_1460,1672
2021-11-09 09:30,002417.XSHE,-100,4.37,5.0,0.44,t_1461,1673
2021-11-09 09:30,603029.XSHG,-300,12.66,5.0,3.8,t_1462,1674
2021-11-09 09:30,600520.XSHG,-5400,7.85,5.0,42.39,t_1463,1675
2021-11-09 09:30,002209.XSHE,8300,5.94,5.0,0.0,t_1464,1676
2021-11-09 09:30,603709.XSHG,2400,15.27,5.0,0.0,t_1465,1677
2021-11-09 09:30,002830.XSHE,4600,9.16,5.0,0.0,t_1466,1678
2021-11-12 09:30,002633.XSHE,-400,7.48,5.0,2.99,t_1467,1680
2021-11-12 09:30,600768.XSHG,200,8.5,5.0,0.0,t_1468,1681
2021-11-12 09:30,600455.XSHG,-1800,20.75,5.0,37.35,t_1469,1682
2021-11-12 09:30,000702.XSHE,400,4.65,5.0,0.0,t_1470,1683
2021-11-12 09:30,300478.XSHE,200,9.28,5.0,0.0,t_1471,1684
2021-11-12 09:30,002417.XSHE,-1500,4.63,5.0,6.95,t_1472,1685
2021-11-12 09:30,600520.XSHG,-4900,8.05,5.0,39.45,t_1473,1686
2021-11-12 09:30,002209.XSHE,100,6.06,5.0,0.0,t_1474,1687
2021-11-12 09:30,603709.XSHG,2500,15.63,5.0,0.0,t_1475,1688
2021-11-12 09:30,002830.XSHE,4400,9.36,5.0,0.0,t_1476,1689
2021-11-12 09:30,603389.XSHG,100,4.96,5.0,0.0,t_1477,1691
2021-11-17 09:30,600455.XSHG,-1900,21.32,5.0,40.51,t_1478,1694
2021-11-17 09:30,000702.XSHE,-200,4.78,5.0,0.96,t_1479,1695
2021-11-17 09:30,002417.XSHE,-600,4.79,5.0,2.87,t_1480,1696
2021-11-17 09:30,600520.XSHG,-5100,8.43,5.0,42.99,t_1481,1697
2021-11-17 09:30,002830.XSHE,9100,9.57,8.71,0.0,t_1482,1698
2021-11-22 09:30,600768.XSHG,-200,8.97,5.0,1.79,t_1483,1706
2021-11-22 09:30,600455.XSHG,-1900,21.7,5.0,41.23,t_1484,1707
2021-11-22 09:30,000702.XSHE,600,4.8,5.0,0.0,t_1485,1708
2021-11-22 09:30,300478.XSHE,3800,9.9,5.0,0.0,t_1486,1709
2021-11-22 09:30,002417.XSHE,-8900,4.98,5.0,44.32,t_1487,1710
2021-11-22 09:30,600520.XSHG,-4800,8.65,5.0,41.52,t_1488,1711
2021-11-22 09:30,603709.XSHG,2600,16.25,5.0,0.0,t_1489,1712
2021-11-22 09:30,002830.XSHE,-1300,9.68,5.0,12.58,t_1490,1713
2021-11-22 09:30,603389.XSHG,7800,5.1,5.0,0.0,t_1491,1714
2021-11-22 09:30,002633.XSHE,500,7.62,5.0,0.0,t_1492,1715
2021-11-22 09:30,002205.XSHE,2100,7.0,5.0,0.0,t_1493,1716
2021-11-22 09:30,600561.XSHG,100,4.56,5.0,0.0,t_1494,1717
2021-11-25 09:30,002633.XSHE,-200,7.83,5.0,1.57,t_1495,1718
2021-11-25 09:30,600768.XSHG,-800,9.43,5.0,7.54,t_1496,1719
2021-11-25 09:30,603813.XSHG,300,14.05,5.0,0.0,t_1497,1720
2021-11-25 09:30,000702.XSHE,-600,4.95,5.0,2.97,t_1498,1721
2021-11-25 09:30,300478.XSHE,-400,10.32,5.0,4.13,t_1499,1722
2021-11-25 09:30,002417.XSHE,1000,4.88,5.0,0.0,t_1500,1723
2021-11-25 09:30,603029.XSHG,100,13.47,5.0,0.0,t_1501,1724
2021-11-25 09:30,600520.XSHG,-4700,8.87,5.0,41.69,t_1502,1725
2021-11-25 09:30,002209.XSHE,600,6.29,5.0,0.0,t_1503,1726
2021-11-25 09:30,603709.XSHG,2700,16.06,5.0,0.0,t_1504,1727
2021-11-25 09:30,603389.XSHG,-7900,5.28,5.0,41.71,t_1505,1728
2021-11-25 09:30,002205.XSHE,5800,7.11,5.0,0.0,t_1506,1729
2021-11-25 09:30,600561.XSHG,100,4.68,5.0,0.0,t_1507,1730
2021-11-30 09:30,002633.XSHE,-200,7.72,5.0,1.54,t_1508,1733
2021-11-30 09:30,600768.XSHG,-500,9.46,5.0,4.73,t_1509,1734
2021-11-30 09:30,603813.XSHG,200,13.61,5.0,0.0,t_1510,1735
2021-11-30 09:30,000702.XSHE,700,4.74,5.0,0.0,t_1511,1736
2021-11-30 09:30,300478.XSHE,-3900,10.03,5.0,39.12,t_1512,1737
2021-11-30 09:30,002417.XSHE,400,4.73,5.0,0.0,t_1513,1738
2021-11-30 09:30,002205.XSHE,5200,7.2,5.0,0.0,t_1514,1739
2021-12-03 09:30,002633.XSHE,-200,7.95,5.0,1.59,t_1515,1745
2021-12-03 09:30,600768.XSHG,100,9.34,5.0,0.0,t_1516,1746
2021-12-03 09:30,603813.XSHG,-200,14.2,5.0,2.84,t_1517,1747
2021-12-03 09:30,000702.XSHE,600,4.79,5.0,0.0,t_1518,1748
2021-12-03 09:30,300478.XSHE,-4400,10.79,5.0,47.48,t_1519,1749
2021-12-03 09:30,002417.XSHE,200,4.8,5.0,0.0,t_1520,1750
2021-12-03 09:30,002209.XSHE,-300,6.37,5.0,1.91,t_1521,1751
2021-12-03 09:30,002830.XSHE,-4300,9.92,5.0,42.66,t_1522,1752
2021-12-03 09:30,002205.XSHE,10300,7.03,7.24,0.0,t_1523,1753
2021-12-03 09:30,600561.XSHG,4000,4.75,5.0,0.0,t_1524,1754
2021-12-08 09:30,300478.XSHE,-3700,10.26,5.0,37.96,t_1525,1761
2021-12-08 09:30,002417.XSHE,-400,4.76,5.0,1.9,t_1526,1762
2021-12-08 09:30,603029.XSHG,200,13.08,5.0,0.0,t_1527,1763
2021-12-08 09:30,002209.XSHE,100,6.18,5.0,0.0,t_1528,1764
2021-12-08 09:30,603709.XSHG,2300,15.84,5.0,0.0,t_1529,1765
2021-12-08 09:30,002830.XSHE,-4300,9.88,5.0,42.48,t_1530,1766
2021-12-08 09:30,002205.XSHE,-6300,7.09,5.0,44.67,t_1531,1767
2021-12-08 09:30,600561.XSHG,13000,4.66,6.06,0.0,t_1532,1768
2021-12-08 09:30,603813.XSHG,200,13.53,5.0,0.0,t_1533,1769
2021-12-08 09:30,600768.XSHG,600,9.11,5.0,0.0,t_1534,1770
2021-12-08 09:30,000702.XSHE,400,4.64,5.0,0.0,t_1535,1771
2021-12-08 09:30,603709.XSHG,200,15.84,5.0,0.0,t_1536,1772
2021-12-08 09:30,600778.XSHG,3200,4.21,5.0,0.0,t_1537,1773
2021-12-13 09:30,603813.XSHG,-800,14.98,5.0,11.98,t_1538,1776
2021-12-13 09:30,000702.XSHE,700,4.72,5.0,0.0,t_1539,1777
2021-12-13 09:30,300478.XSHE,-4000,10.52,5.0,42.08,t_1540,1778
2021-12-13 09:30,002417.XSHE,9900,4.75,5.0,0.0,t_1541,1779
2021-12-13 09:30,002209.XSHE,-300,6.49,5.0,1.95,t_1542,1780
2021-12-13 09:30,002830.XSHE,500,10.04,5.0,0.0,t_1543,1781
2021-12-13 09:30,002205.XSHE,-6400,7.85,5.02,50.24,t_1544,1782
2021-12-13 09:30,600561.XSHG,-8400,4.78,5.0,40.15,t_1545,1783
2021-12-13 09:30,600778.XSHG,21200,4.29,9.09,0.0,t_1546,1784
2021-12-14 14:00,603813.XSHG,-1000,16.26,5.0,16.26,t_1547,1789
2021-12-16 09:30,002633.XSHE,500,7.92,5.0,0.0,t_1548,1790
2021-12-16 09:30,600768.XSHG,1100,9.04,5.0,0.0,t_1549,1791
2021-12-16 09:30,603813.XSHG,-2200,15.57,5.0,34.25,t_1550,1792
2021-12-16 09:30,000702.XSHE,500,4.7,5.0,0.0,t_1551,1793
2021-12-16 09:30,002417.XSHE,-300,4.84,5.0,1.45,t_1552,1794
2021-12-16 09:30,002209.XSHE,600,6.4,5.0,0.0,t_1553,1795
2021-12-16 09:30,603709.XSHG,100,16.39,5.0,0.0,t_1554,1796
2021-12-16 09:30,002830.XSHE,-900,10.81,5.0,9.73,t_1555,1797
2021-12-16 09:30,002205.XSHE,-5100,7.63,5.0,38.91,t_1556,1798
2021-12-16 09:30,600561.XSHG,-100,4.83,5.0,0.48,t_1557,1799
2021-12-16 09:30,600778.XSHG,18400,4.29,7.89,0.0,t_1558,1800
2021-12-21 09:30,603813.XSHG,-3300,17.38,5.74,57.35,t_1559,1806
2021-12-21 09:30,000702.XSHE,400,4.81,5.0,0.0,t_1560,1807
2021-12-21 09:30,002417.XSHE,-600,5.06,5.0,3.04,t_1561,1808
2021-12-21 09:30,002830.XSHE,-3600,10.52,5.0,37.87,t_1562,1809
2021-12-21 09:30,002205.XSHE,-100,7.95,5.0,0.8,t_1563,1810
2021-12-21 09:30,600778.XSHG,5800,4.46,5.0,0.0,t_1564,1811
2021-12-21 09:30,002633.XSHE,500,8.03,5.0,0.0,t_1565,1812
2021-12-21 09:30,600768.XSHG,200,9.23,5.0,0.0,t_1566,1813
2021-12-21 09:30,300478.XSHE,6500,10.0,6.5,0.0,t_1567,1814
2021-12-21 09:30,603389.XSHG,100,5.33,5.0,0.0,t_1568,1816
2021-12-24 09:30,002633.XSHE,-200,8.13,5.0,1.63,t_1569,1817
2021-12-24 09:30,600768.XSHG,100,9.06,5.0,0.0,t_1570,1818
2021-12-24 09:30,603813.XSHG,-2600,17.91,5.0,46.57,t_1571,1819
2021-12-24 09:30,000702.XSHE,-600,4.9,5.0,2.94,t_1572,1820
2021-12-24 09:30,002417.XSHE,100,5.04,5.0,0.0,t_1573,1821
2021-12-24 09:30,603029.XSHG,100,13.93,5.0,0.0,t_1574,1822
2021-12-24 09:30,002209.XSHE,-200,6.66,5.0,1.33,t_1575,1823
2021-12-24 09:30,603709.XSHG,100,16.74,5.0,0.0,t_1576,1824
2021-12-24 09:30,002205.XSHE,-5500,7.87,5.0,43.29,t_1577,1825
2021-12-24 09:30,600778.XSHG,-9500,4.45,5.0,42.27,t_1578,1826
2021-12-24 09:30,300478.XSHE,6500,9.97,6.48,0.0,t_1579,1827
2021-12-24 09:30,603389.XSHG,8200,5.18,5.0,0.0,t_1580,1828
2021-12-24 09:30,600768.XSHG,400,9.06,5.0,0.0,t_1581,1829
2021-12-24 09:30,600520.XSHG,2600,8.63,5.0,0.0,t_1582,1830
2021-12-27 14:00,600778.XSHG,-2100,4.7,5.0,9.87,t_1583,1832
2021-12-29 09:30,002633.XSHE,-200,8.32,5.0,1.66,t_1584,1833
2021-12-29 09:30,603813.XSHG,-2300,17.56,5.0,40.39,t_1585,1834
2021-12-29 09:30,000702.XSHE,-400,5.02,5.0,2.01,t_1586,1835
2021-12-29 09:30,002417.XSHE,800,5.04,5.0,0.0,t_1587,1836
2021-12-29 09:30,002209.XSHE,-500,6.89,5.0,3.45,t_1588,1837
2021-12-29 09:30,603709.XSHG,-2600,17.25,5.0,44.85,t_1589,1838
2021-12-29 09:30,002830.XSHE,4300,10.39,5.0,0.0,t_1590,1839
2021-12-29 09:30,600561.XSHG,-8700,5.03,5.0,43.76,t_1591,1840
2021-12-29 09:30,600778.XSHG,-8200,4.61,5.0,37.8,t_1592,1841
2021-12-29 09:30,300478.XSHE,4600,10.01,5.0,0.0,t_1593,1842
2021-12-29 09:30,603389.XSHG,8600,5.2,5.0,0.0,t_1594,1843
2021-12-29 09:30,600520.XSHG,5000,8.67,5.0,0.0,t_1595,1844
2022-01-04 09:30,002633.XSHE,-26600,8.56,22.77,227.7,t_1596,1847
2022-01-04 09:30,600768.XSHG,-23900,9.56,22.85,228.48,t_1597,1848
2022-01-04 09:30,603813.XSHG,-2600,16.86,5.0,43.84,t_1598,1849
2022-01-04 09:30,000702.XSHE,-44000,5.0,22.0,220.0,t_1599,1850
2022-01-04 09:30,002417.XSHE,-43800,5.1,22.34,223.38,t_1600,1851
2022-01-04 09:30,603029.XSHG,-15500,14.28,22.13,221.34,t_1601,1852
2022-01-04 09:30,002209.XSHE,-32100,6.9,22.15,221.49,t_1602,1853
2022-01-04 09:30,603709.XSHG,-10300,16.92,17.43,174.28,t_1603,1854
2022-01-04 09:30,002830.XSHE,-8500,10.65,9.05,90.53,t_1604,1855
2022-01-04 09:30,600778.XSHG,-28800,4.5,12.96,129.6,t_1605,1856
2022-01-04 09:30,300478.XSHE,-17600,10.18,17.92,179.17,t_1606,1857
2022-01-04 09:30,603389.XSHG,-16900,5.29,8.94,89.4,t_1607,1858
2022-01-04 09:30,600520.XSHG,-7600,8.77,6.67,66.65,t_1608,1859
2022-01-04 09:30,511880.XSHG,21100,100.114,0.0,0.0,t_1609,1860
2022-02-07 09:30,511880.XSHG,-21100,100.319,0.0,0.0,t_1610,1861
2022-02-07 09:30,600768.XSHG,4800,9.12,5.0,0.0,t_1611,1862
2022-02-07 09:30,000702.XSHE,9200,4.79,5.0,0.0,t_1612,1863
2022-02-07 09:30,603709.XSHG,2700,16.18,5.0,0.0,t_1613,1864
2022-02-07 09:30,603813.XSHG,3000,14.6,5.0,0.0,t_1614,1865
2022-02-07 09:30,002633.XSHE,5000,8.75,5.0,0.0,t_1615,1866
2022-02-07 09:30,603029.XSHG,3100,14.1,5.0,0.0,t_1616,1867
2022-02-07 09:30,002209.XSHE,6600,6.71,5.0,0.0,t_1617,1868
2022-02-07 09:30,603389.XSHG,8600,5.16,5.0,0.0,t_1618,1869
2022-02-07 09:30,600520.XSHG,5300,8.38,5.0,0.0,t_1619,1870
2022-02-07 09:30,600455.XSHG,2000,21.99,5.0,0.0,t_1620,1871
2022-02-10 09:30,600768.XSHG,4700,9.42,5.0,0.0,t_1621,1872
2022-02-10 09:30,000702.XSHE,-600,5.26,5.0,3.16,t_1622,1873
2022-02-10 09:30,603709.XSHG,2700,16.45,5.0,0.0,t_1623,1874
2022-02-10 09:30,603813.XSHG,2900,15.09,5.0,0.0,t_1624,1875
2022-02-10 09:30,002633.XSHE,5200,8.77,5.0,0.0,t_1625,1876
2022-02-10 09:30,603029.XSHG,2900,14.72,5.0,0.0,t_1626,1877
2022-02-10 09:30,002209.XSHE,6400,6.86,5.0,0.0,t_1627,1878
2022-02-10 09:30,603389.XSHG,8600,5.19,5.0,0.0,t_1628,1879
2022-02-10 09:30,600520.XSHG,-300,9.07,5.0,2.72,t_1629,1880
2022-02-10 09:30,600455.XSHG,2000,22.32,5.0,0.0,t_1630,1881
2022-02-10 09:30,600137.XSHG,3100,14.29,5.0,0.0,t_1631,1882
2022-02-10 09:30,600778.XSHG,10000,4.47,5.0,0.0,t_1632,1883
2022-02-15 09:30,600768.XSHG,5000,9.32,5.0,0.0,t_1633,1884
2022-02-15 09:30,000702.XSHE,8900,5.15,5.0,0.0,t_1634,1885
2022-02-15 09:30,603709.XSHG,2900,16.3,5.0,0.0,t_1635,1886
2022-02-15 09:30,603813.XSHG,3000,15.07,5.0,0.0,t_1636,1887
2022-02-15 09:30,002633.XSHE,5300,8.74,5.0,0.0,t_1637,1888
2022-02-15 09:30,002209.XSHE,6400,6.97,5.0,0.0,t_1638,1889
2022-02-15 09:30,603389.XSHG,9100,5.15,5.0,0.0,t_1639,1890
2022-02-15 09:30,600520.XSHG,-100,9.4,5.0,0.94,t_1640,1891
2022-02-15 09:30,600455.XSHG,2100,22.15,5.0,0.0,t_1641,1892
2022-02-15 09:30,600137.XSHG,3200,14.23,5.0,0.0,t_1642,1893
2022-02-15 09:30,600778.XSHG,10100,4.48,5.0,0.0,t_1643,1894
2022-02-18 09:30,600768.XSHG,4100,9.89,5.0,0.0,t_1644,1895
2022-02-18 09:30,000702.XSHE,9300,5.16,5.0,0.0,t_1645,1896
2022-02-18 09:30,603709.XSHG,2700,16.65,5.0,0.0,t_1646,1897
2022-02-18 09:30,603813.XSHG,3000,15.46,5.0,0.0,t_1647,1898
2022-02-18 09:30,002633.XSHE,4800,9.08,5.0,0.0,t_1648,1899
2022-02-18 09:30,002209.XSHE,6200,7.19,5.0,0.0,t_1649,1900
2022-02-18 09:30,603389.XSHG,8600,5.28,5.0,0.0,t_1650,1901
2022-02-18 09:30,600455.XSHG,2000,22.79,5.0,0.0,t_1651,1902
2022-02-18 09:30,600778.XSHG,10800,4.47,5.0,0.0,t_1652,1903
2022-02-18 09:30,603958.XSHG,7100,6.42,5.0,0.0,t_1653,1904
2022-02-18 14:00,603029.XSHG,-1900,23.3,5.0,44.27,t_1654,1905
2022-02-18 14:00,600520.XSHG,-100,9.87,5.0,0.99,t_1655,1906
2022-02-21 14:00,603029.XSHG,-200,24.57,5.0,4.91,t_1656,1907
2022-02-22 14:00,603029.XSHG,-100,24.9,5.0,2.49,t_1657,1908
2022-02-23 09:30,600768.XSHG,5300,9.83,5.21,0.0,t_1658,1909
2022-02-23 09:30,000702.XSHE,9500,5.19,5.0,0.0,t_1659,1910
2022-02-23 09:30,603709.XSHG,2900,16.89,5.0,0.0,t_1660,1911
2022-02-23 09:30,603813.XSHG,3200,15.51,5.0,0.0,t_1661,1912
2022-02-23 09:30,002633.XSHE,5300,9.17,5.0,0.0,t_1662,1913
2022-02-23 09:30,603029.XSHG,-100,25.49,5.0,2.55,t_1663,1914
2022-02-23 09:30,002209.XSHE,6700,7.28,5.0,0.0,t_1664,1915
2022-02-23 09:30,603389.XSHG,8800,5.38,5.0,0.0,t_1665,1916
2022-02-23 09:30,600137.XSHG,2600,14.87,5.0,0.0,t_1666,1917
2022-02-23 09:30,600778.XSHG,200,4.55,5.0,0.0,t_1667,1918
2022-02-28 09:30,603813.XSHG,-600,16.42,5.0,9.85,t_1668,1925
2022-02-28 09:30,002633.XSHE,500,9.05,5.0,0.0,t_1669,1926
2022-02-28 09:30,603029.XSHG,-1300,19.91,5.0,25.88,t_1670,1927
2022-02-28 09:30,002209.XSHE,300,7.25,5.0,0.0,t_1671,1928
2022-02-28 09:30,603389.XSHG,400,5.37,5.0,0.0,t_1672,1929
2022-02-28 09:30,600520.XSHG,-4800,9.69,5.0,46.51,t_1673,1930
2022-02-28 09:30,600455.XSHG,-2000,23.5,5.0,47.0,t_1674,1931
2022-02-28 09:30,600137.XSHG,3800,14.84,5.64,0.0,t_1675,1932
2022-02-28 09:30,600778.XSHG,14200,4.52,6.42,0.0,t_1676,1933
2022-02-28 14:00,600768.XSHG,-900,10.18,5.0,9.16,t_1677,1938
2022-03-03 09:30,000702.XSHE,1600,5.53,5.0,0.0,t_1678,1939
2022-03-03 09:30,603029.XSHG,-2400,19.82,5.0,47.57,t_1679,1943
2022-03-03 09:30,002209.XSHE,600,7.51,5.0,0.0,t_1680,1944
2022-03-03 09:30,603389.XSHG,1000,5.53,5.0,0.0,t_1681,1945
2022-03-03 09:30,600455.XSHG,100,23.9,5.0,0.0,t_1682,1946
2022-03-03 09:30,600137.XSHG,-3100,15.62,5.0,48.42,t_1683,1947
2022-03-03 09:30,600778.XSHG,6900,4.78,5.0,0.0,t_1684,1948
2022-03-03 09:30,603958.XSHG,7600,6.63,5.04,0.0,t_1685,1949
2022-03-08 09:30,600768.XSHG,-5400,10.9,5.89,58.86,t_1686,1957
2022-03-08 09:30,000702.XSHE,7000,5.31,5.0,0.0,t_1687,1958
2022-03-08 09:30,603709.XSHG,300,16.75,5.0,0.0,t_1688,1959
2022-03-08 09:30,002633.XSHE,400,8.97,5.0,0.0,t_1689,1960
2022-03-08 09:30,002209.XSHE,-800,7.37,5.0,5.9,t_1690,1961
2022-03-08 09:30,603389.XSHG,-900,5.4,5.0,4.86,t_1691,1962
2022-03-08 09:30,600137.XSHG,-3200,15.13,5.0,48.42,t_1692,1963
2022-03-08 09:30,600778.XSHG,-1200,4.68,5.0,5.62,t_1693,1964
2022-03-08 09:30,603958.XSHG,11700,6.65,7.78,0.0,t_1694,1965
2022-03-11 09:30,002633.XSHE,-400,8.83,5.0,3.53,t_1695,1972
2022-03-11 09:30,600455.XSHG,-2200,23.05,5.07,50.71,t_1696,1973
2022-03-11 09:30,600137.XSHG,2900,14.7,5.0,0.0,t_1697,1974
2022-03-11 09:30,600778.XSHG,-11800,4.7,5.55,55.46,t_1698,1975
2022-03-11 09:30,603958.XSHG,2700,6.3,5.0,0.0,t_1699,1976
2022-03-11 09:30,600768.XSHG,900,9.89,5.0,0.0,t_1700,1977
2022-03-11 09:30,000702.XSHE,700,5.04,5.0,0.0,t_1701,1978
2022-03-11 09:30,603813.XSHG,500,15.3,5.0,0.0,t_1702,1979
2022-03-11 09:30,002417.XSHE,5700,5.21,5.0,0.0,t_1703,1980
2022-03-16 09:30,000702.XSHE,-1100,5.0,5.0,5.5,t_1704,1983
2022-03-16 09:30,603709.XSHG,100,15.46,5.0,0.0,t_1705,1984
2022-03-16 09:30,603813.XSHG,-500,15.34,5.0,7.67,t_1706,1985
2022-03-16 09:30,002633.XSHE,-100,8.55,5.0,0.86,t_1707,1986
2022-03-16 09:30,002209.XSHE,100,6.83,5.0,0.0,t_1708,1987
2022-03-16 09:30,600137.XSHG,500,13.52,5.0,0.0,t_1709,1988
2022-03-16 09:30,600778.XSHG,-10900,4.71,5.13,51.34,t_1710,1989
2022-03-16 09:30,603958.XSHG,500,6.0,5.0,0.0,t_1711,1990
2022-03-16 09:30,002417.XSHE,10900,4.91,5.35,0.0,t_1712,1991
2022-03-17 14:00,002209.XSHE,-1600,7.48,5.0,11.97,t_1713,1995
2022-03-21 09:30,600768.XSHG,1200,9.5,5.0,0.0,t_1714,1996
2022-03-21 09:30,000702.XSHE,100,5.31,5.0,0.0,t_1715,1997
2022-03-21 09:30,002209.XSHE,-6000,7.74,5.0,46.44,t_1716,2000
2022-03-21 09:30,603389.XSHG,-300,5.48,5.0,1.64,t_1717,2001
2022-03-21 09:30,600455.XSHG,2100,22.76,5.0,0.0,t_1718,2002
2022-03-21 09:30,600778.XSHG,-9600,5.14,5.0,49.34,t_1719,2004
2022-03-21 09:30,603958.XSHG,600,6.35,5.0,0.0,t_1720,2005
2022-03-21 09:30,002417.XSHE,8800,5.15,5.0,0.0,t_1721,2006
2022-03-21 14:00,002633.XSHE,-7000,10.15,7.11,71.05,t_1722,2016
2022-03-24 09:30,600768.XSHG,4000,10.15,5.0,0.0,t_1723,2017
2022-03-24 09:30,603709.XSHG,300,16.38,5.0,0.0,t_1724,2018
2022-03-24 09:30,603813.XSHG,-2900,16.68,5.0,48.37,t_1725,2019
2022-03-24 09:30,002633.XSHE,-4200,9.81,5.0,41.2,t_1726,2020
2022-03-24 09:30,002209.XSHE,-5900,7.61,5.0,44.9,t_1727,2021
2022-03-24 09:30,603389.XSHG,100,5.47,5.0,0.0,t_1728,2022
2022-03-24 09:30,600455.XSHG,500,21.73,5.0,0.0,t_1729,2023
2022-03-24 09:30,600137.XSHG,3600,14.31,5.15,0.0,t_1730,2024
2022-03-24 09:30,600778.XSHG,-9000,5.0,5.0,45.0,t_1731,2025
2022-03-24 09:30,603958.XSHG,-400,6.48,5.0,2.59,t_1732,2026
2022-03-24 09:30,002417.XSHE,20800,5.2,10.82,0.0,t_1733,2027
2022-03-24 09:30,300736.XSHE,3300,10.9,5.0,0.0,t_1734,2028
2022-03-28 14:00,600137.XSHG,-700,15.29,5.0,10.7,t_1735,2030
2022-03-29 09:30,600768.XSHG,900,9.83,5.0,0.0,t_1736,2031
2022-03-29 09:30,000702.XSHE,-9400,5.51,5.18,51.79,t_1737,2032
2022-03-29 09:30,603813.XSHG,-3100,17.13,5.31,53.1,t_1738,2033
2022-03-29 09:30,002633.XSHE,400,9.52,5.0,0.0,t_1739,2034
2022-03-29 09:30,002209.XSHE,-6000,7.5,5.0,45.0,t_1740,2035
2022-03-29 09:30,603389.XSHG,-500,5.57,5.0,2.79,t_1741,2036
2022-03-29 09:30,600455.XSHG,200,21.24,5.0,0.0,t_1742,2037
2022-03-29 09:30,600137.XSHG,-100,15.47,5.0,1.55,t_1743,2038
2022-03-29 09:30,600778.XSHG,-9700,4.96,5.0,48.11,t_1744,2039
2022-03-29 09:30,603958.XSHG,6900,6.59,5.0,0.0,t_1745,2040
2022-03-29 09:30,002417.XSHE,900,5.14,5.0,0.0,t_1746,2041
2022-03-29 09:30,300736.XSHE,10100,10.8,10.91,0.0,t_1747,2042
2022-03-29 09:30,300478.XSHE,3300,11.07,5.0,0.0,t_1748,2043
2022-04-01 09:30,600768.XSHG,-24600,9.65,23.74,237.39,t_1749,2045
2022-04-01 09:30,000702.XSHE,-35200,5.65,19.89,198.88,t_1750,2046
2022-04-01 09:30,603709.XSHG,-14600,16.44,24.0,240.02,t_1751,2047
2022-04-01 09:30,603813.XSHG,-8500,16.5,14.03,140.25,t_1752,2048
2022-04-01 09:30,002633.XSHE,-15200,9.37,14.24,142.42,t_1753,2049
2022-04-01 09:30,002209.XSHE,-13000,7.67,9.97,99.71,t_1754,2050
2022-04-01 09:30,603389.XSHG,-43500,5.61,24.4,244.03,t_1755,2051
2022-04-01 09:30,600455.XSHG,-6800,21.37,14.53,145.32,t_1756,2052
2022-04-01 09:30,600137.XSHG,-12600,15.29,19.27,192.65,t_1757,2053
2022-04-01 09:30,603958.XSHG,-36700,6.54,24.0,240.02,t_1758,2054
2022-04-01 09:30,002417.XSHE,-47100,5.11,24.07,240.68,t_1759,2055
2022-04-01 09:30,300736.XSHE,-13400,10.71,14.35,143.51,t_1760,2056
2022-04-01 09:30,300478.XSHE,-3300,10.69,5.0,35.28,t_1761,2057
2022-04-01 09:30,511880.XSHG,22800,100.621,0.0,0.0,t_1762,2058
2022-05-05 09:30,511880.XSHG,-22800,100.77,0.0,0.0,t_1763,2059
2022-05-05 09:30,600768.XSHG,6000,7.94,5.0,0.0,t_1764,2060
2022-05-05 09:30,600455.XSHG,2700,17.4,5.0,0.0,t_1765,2061
2022-05-05 09:30,002633.XSHE,6500,7.41,5.0,0.0,t_1766,2062
2022-05-05 09:30,002856.XSHE,5800,8.31,5.0,0.0,t_1767,2063
2022-05-05 09:30,603709.XSHG,3300,14.19,5.0,0.0,t_1768,2064
2022-05-05 09:30,603389.XSHG,10900,4.42,5.0,0.0,t_1769,2065
2022-05-05 09:30,002862.XSHE,4900,9.81,5.0,0.0,t_1770,2066
2022-05-05 09:30,300282.XSHE,15400,3.13,5.0,0.0,t_1771,2067
2022-05-05 09:30,603958.XSHG,9000,5.3,5.0,0.0,t_1772,2068
2022-05-05 09:30,600520.XSHG,6400,7.43,5.0,0.0,t_1773,2069
2022-05-06 14:00,002856.XSHE,-300,8.81,5.0,2.64,t_1774,2070
2022-05-10 09:30,600768.XSHG,6200,7.86,5.0,0.0,t_1775,2071
2022-05-10 09:30,600455.XSHG,2800,17.3,5.0,0.0,t_1776,2072
2022-05-10 09:30,002633.XSHE,6600,7.36,5.0,0.0,t_1777,2073
2022-05-10 09:30,002856.XSHE,-100,9.09,5.0,0.91,t_1778,2074
2022-05-10 09:30,603709.XSHG,3400,14.36,5.0,0.0,t_1779,2075
2022-05-10 09:30,603389.XSHG,11200,4.36,5.0,0.0,t_1780,2076
2022-05-10 09:30,002862.XSHE,-100,10.09,5.0,1.01,t_1781,2077
2022-05-10 09:30,300282.XSHE,16100,3.06,5.0,0.0,t_1782,2078
2022-05-10 09:30,603958.XSHG,-100,5.45,5.0,0.55,t_1783,2079
2022-05-10 09:30,300736.XSHE,5400,8.89,5.0,0.0,t_1784,2080
2022-05-10 09:30,603580.XSHG,5300,9.05,5.0,0.0,t_1785,2081
2022-05-10 09:30,000702.XSHE,10900,4.42,5.0,0.0,t_1786,2082
2022-05-10 09:30,603286.XSHG,3600,13.35,5.0,0.0,t_1787,2083
2022-05-13 09:30,600768.XSHG,6300,7.92,5.0,0.0,t_1788,2084
2022-05-13 09:30,600455.XSHG,2800,17.6,5.0,0.0,t_1789,2085
2022-05-13 09:30,002856.XSHE,-300,9.68,5.0,2.9,t_1790,2086
2022-05-13 09:30,603709.XSHG,2900,15.3,5.0,0.0,t_1791,2087
2022-05-13 09:30,603389.XSHG,10400,4.52,5.0,0.0,t_1792,2088
2022-05-13 09:30,002862.XSHE,4500,10.43,5.0,0.0,t_1793,2089
2022-05-13 09:30,300282.XSHE,14800,3.17,5.0,0.0,t_1794,2090
2022-05-13 09:30,603958.XSHG,8600,5.59,5.0,0.0,t_1795,2091
2022-05-13 09:30,600520.XSHG,-200,8.02,5.0,1.6,t_1796,2092
2022-05-13 09:30,300736.XSHE,5500,8.98,5.0,0.0,t_1797,2093
2022-05-13 09:30,603580.XSHG,5200,9.31,5.0,0.0,t_1798,2094
2022-05-13 09:30,000702.XSHE,10700,4.53,5.0,0.0,t_1799,2095
2022-05-18 09:30,600768.XSHG,5900,8.08,5.0,0.0,t_1800,2096
2022-05-18 09:30,600455.XSHG,2700,17.92,5.0,0.0,t_1801,2097
2022-05-18 09:30,002856.XSHE,100,9.47,5.0,0.0,t_1802,2098
2022-05-18 09:30,603709.XSHG,3500,15.0,5.25,0.0,t_1803,2099
2022-05-18 09:30,603389.XSHG,10400,4.6,5.0,0.0,t_1804,2100
2022-05-18 09:30,002862.XSHE,100,10.49,5.0,0.0,t_1805,2101
2022-05-18 09:30,300282.XSHE,14700,3.24,5.0,0.0,t_1806,2102
2022-05-18 09:30,603958.XSHG,9400,5.5,5.17,0.0,t_1807,2103
2022-05-18 09:30,300736.XSHE,5800,8.83,5.12,0.0,t_1808,2104
2022-05-18 09:30,603580.XSHG,5200,9.41,5.0,0.0,t_1809,2105
2022-05-18 09:30,000702.XSHE,-1000,4.8,5.0,4.8,t_1810,2106
2022-05-18 09:30,603286.XSHG,-100,14.23,5.0,1.42,t_1811,2107
2022-05-18 09:30,603269.XSHG,4400,11.12,5.0,0.0,t_1812,2108
2022-05-18 09:30,300417.XSHE,5300,9.16,5.0,0.0,t_1813,2109
2022-05-19 14:00,002633.XSHE,-1200,8.54,5.0,10.25,t_1814,2110
2022-05-19 14:00,002856.XSHE,-100,10.11,5.0,1.01,t_1815,2111
2022-05-23 09:30,600768.XSHG,4400,8.93,5.0,0.0,t_1816,2112
2022-05-23 09:30,600455.XSHG,2700,18.7,5.05,0.0,t_1817,2113
2022-05-23 09:30,002633.XSHE,6200,8.5,5.27,0.0,t_1818,2114
2022-05-23 09:30,603709.XSHG,3300,15.7,5.18,0.0,t_1819,2115
2022-05-23 09:30,603389.XSHG,10400,4.83,5.02,0.0,t_1820,2116
2022-05-23 09:30,002862.XSHE,5000,10.7,5.35,0.0,t_1821,2117
2022-05-23 09:30,300282.XSHE,14900,3.39,5.05,0.0,t_1822,2118
2022-05-23 09:30,603958.XSHG,7400,5.86,5.0,0.0,t_1823,2119
2022-05-26 09:30,002633.XSHE,-6300,8.83,5.56,55.63,t_1824,2131
2022-05-26 09:30,002856.XSHE,-5100,10.35,5.28,52.79,t_1825,2132
2022-05-26 09:30,603709.XSHG,400,15.46,5.0,0.0,t_1826,2133
2022-05-26 09:30,603389.XSHG,700,4.81,5.0,0.0,t_1827,2134
2022-05-26 09:30,300282.XSHE,1700,3.35,5.0,0.0,t_1828,2135
2022-05-26 09:30,603958.XSHG,1500,5.8,5.0,0.0,t_1829,2136
2022-05-26 09:30,600520.XSHG,-6200,8.28,5.13,51.34,t_1830,2137
2022-05-26 09:30,300736.XSHE,11000,9.36,10.3,0.0,t_1831,2138
2022-05-26 09:30,603580.XSHG,3300,9.8,5.0,0.0,t_1832,2139
2022-05-26 09:30,000702.XSHE,100,5.0,5.0,0.0,t_1833,2140
2022-05-26 14:00,002862.XSHE,-6200,12.73,7.89,78.93,t_1834,2149
2022-05-31 09:30,600768.XSHG,400,8.91,5.0,0.0,t_1835,2150
2022-05-31 09:30,600455.XSHG,-300,19.49,5.0,5.85,t_1836,2151
2022-05-31 09:30,002633.XSHE,400,8.52,5.0,0.0,t_1837,2152
2022-05-31 09:30,603389.XSHG,-400,4.86,5.0,1.94,t_1838,2153
2022-05-31 09:30,002862.XSHE,1200,11.02,5.0,0.0,t_1839,2154
2022-05-31 09:30,603958.XSHG,8400,5.88,5.0,0.0,t_1840,2155
2022-05-31 09:30,300736.XSHE,-300,9.5,5.0,2.85,t_1841,2156
2022-05-31 09:30,603580.XSHG,1000,10.38,5.0,0.0,t_1842,2157
2022-05-31 09:30,000702.XSHE,-10700,5.25,5.62,56.18,t_1843,2158
2022-05-31 09:30,603286.XSHG,-3500,14.89,5.21,52.12,t_1844,2159
2022-05-31 09:30,603269.XSHG,4500,11.64,5.24,0.0,t_1845,2160
2022-05-31 09:30,300417.XSHE,5600,9.49,5.31,0.0,t_1846,2161
2022-05-31 09:30,002260.XSHE,18100,0.67,5.0,0.0,t_1847,2162
2022-05-31 14:00,300282.XSHE,-8200,2.99,5.0,24.52,t_1848,2164
2022-06-06 09:30,600768.XSHG,-200,9.21,5.0,1.84,t_1849,2165
2022-06-06 09:30,600455.XSHG,100,19.68,5.0,0.0,t_1850,2166
2022-06-06 09:30,002633.XSHE,2700,8.8,5.0,0.0,t_1851,2167
2022-06-06 09:30,603389.XSHG,100,4.93,5.0,0.0,t_1852,2168
2022-06-06 09:30,300282.XSHE,-19100,3.19,6.09,60.93,t_1853,2170
2022-06-06 09:30,603958.XSHG,-100,6.06,5.0,0.61,t_1854,2171
2022-06-06 09:30,300736.XSHE,-1000,10.14,5.0,10.14,t_1855,2172
2022-06-06 09:30,603580.XSHG,-5300,10.93,5.79,57.93,t_1856,2173
2022-06-06 09:30,000702.XSHE,-10000,5.25,5.25,52.5,t_1857,2174
2022-06-06 09:30,002260.XSHE,172500,0.56,9.66,0.0,t_1858,2175
2022-06-06 09:30,002633.XSHE,3300,8.8,5.0,0.0,t_1859,2176
2022-06-06 09:30,603389.XSHG,400,4.93,5.0,0.0,t_1860,2177
2022-06-06 09:30,300554.XSHE,3700,14.66,5.42,0.0,t_1861,2178
2022-06-09 09:30,603709.XSHG,-100,15.95,5.0,1.59,t_1862,2183
2022-06-09 09:30,603389.XSHG,300,4.87,5.0,0.0,t_1863,2184
2022-06-09 09:30,300282.XSHE,-17100,3.2,5.47,54.72,t_1864,2186
2022-06-09 09:30,603958.XSHG,500,5.95,5.0,0.0,t_1865,2187
2022-06-09 09:30,300736.XSHE,400,9.9,5.0,0.0,t_1866,2188
2022-06-09 09:30,603580.XSHG,-5200,11.25,5.85,58.5,t_1867,2189
2022-06-09 09:30,603269.XSHG,-4500,12.3,5.54,55.35,t_1868,2190
2022-06-09 09:30,300417.XSHE,200,9.56,5.0,0.0,t_1869,2191
2022-06-09 09:30,002260.XSHE,88700,0.57,5.06,0.0,t_1870,2192
2022-06-09 09:30,300554.XSHE,3600,14.54,5.23,0.0,t_1871,2193
2022-06-09 09:30,600455.XSHG,200,19.29,5.0,0.0,t_1872,2194
2022-06-09 09:30,002633.XSHE,6000,8.76,5.26,0.0,t_1873,2195
2022-06-09 09:30,002652.XSHE,100,2.88,5.0,0.0,t_1874,2198
2022-06-14 09:30,002633.XSHE,-6400,8.98,5.75,57.47,t_1875,2200
2022-06-14 09:30,603709.XSHG,200,15.63,5.0,0.0,t_1876,2201
2022-06-14 09:30,603389.XSHG,100,4.86,5.0,0.0,t_1877,2202
2022-06-14 09:30,002862.XSHE,400,10.72,5.0,0.0,t_1878,2203
2022-06-14 09:30,300282.XSHE,-15900,3.08,5.0,48.97,t_1879,2204
2022-06-14 09:30,603958.XSHG,600,5.86,5.0,0.0,t_1880,2205
2022-06-14 09:30,300736.XSHE,-100,9.96,5.0,1.0,t_1881,2206
2022-06-14 09:30,603580.XSHG,-4900,11.76,5.76,57.62,t_1882,2207
2022-06-14 09:30,603269.XSHG,-200,12.67,5.0,2.53,t_1883,2208
2022-06-14 09:30,002260.XSHE,113300,0.54,6.12,0.0,t_1884,2209
2022-06-14 09:30,300554.XSHE,-500,15.7,5.0,7.85,t_1885,2210
2022-06-14 09:30,002652.XSHE,20000,2.63,5.26,0.0,t_1886,2211
2022-06-14 09:30,600768.XSHG,200,9.06,5.0,0.0,t_1887,2212
2022-06-14 09:30,603729.XSHG,3400,13.82,5.0,0.0,t_1888,2213
2022-06-14 09:30,300779.XSHE,100,13.33,5.0,0.0,t_1889,2214
2022-06-17 09:30,600768.XSHG,-400,9.3,5.0,3.72,t_1890,2215
2022-06-17 09:30,600455.XSHG,-200,19.93,5.0,3.99,t_1891,2216
2022-06-17 09:30,002633.XSHE,800,8.75,5.0,0.0,t_1892,2217
2022-06-17 09:30,603389.XSHG,-900,4.99,5.0,4.49,t_1893,2219
2022-06-17 09:30,002862.XSHE,400,10.82,5.0,0.0,t_1894,2220
2022-06-17 09:30,300282.XSHE,-17300,3.2,5.54,55.36,t_1895,2221
2022-06-17 09:30,603958.XSHG,-9700,6.04,5.86,58.59,t_1896,2222
2022-06-17 09:30,603580.XSHG,-4600,11.69,5.38,53.77,t_1897,2223
2022-06-17 09:30,603269.XSHG,-4200,11.83,5.0,49.69,t_1898,2224
2022-06-17 09:30,300417.XSHE,-100,9.76,5.0,0.98,t_1899,2225
2022-06-17 09:30,300554.XSHE,-3400,15.85,5.39,53.89,t_1900,2226
2022-06-17 09:30,002652.XSHE,600,2.58,5.0,0.0,t_1901,2227
2022-06-17 09:30,603729.XSHG,8400,13.5,11.34,0.0,t_1902,2228
2022-06-17 09:30,300779.XSHE,3800,13.4,5.09,0.0,t_1903,2229
2022-06-17 09:30,603709.XSHG,100,15.65,5.0,0.0,t_1904,2230
2022-06-17 09:30,002633.XSHE,5800,8.75,5.08,0.0,t_1905,2231
2022-06-17 09:30,002862.XSHE,4600,10.82,5.0,0.0,t_1906,2232
2022-06-17 09:30,000691.XSHE,1100,4.07,5.0,0.0,t_1907,2233
2022-06-22 09:30,002633.XSHE,-6900,9.2,6.35,63.48,t_1908,2236
2022-06-22 09:30,603389.XSHG,-400,5.04,5.0,2.02,t_1909,2237
2022-06-22 09:30,002862.XSHE,4700,10.98,5.16,0.0,t_1910,2238
2022-06-22 09:30,300417.XSHE,-5600,9.99,5.59,55.94,t_1911,2239
2022-06-22 09:30,300554.XSHE,-3400,15.83,5.38,53.82,t_1912,2240
2022-06-22 09:30,002652.XSHE,-200,2.62,5.0,0.52,t_1913,2241
2022-06-22 09:30,603729.XSHG,4400,13.16,5.79,0.0,t_1914,2242
2022-06-22 09:30,000691.XSHE,11600,4.2,5.0,0.0,t_1915,2243
2022-06-22 09:30,600455.XSHG,500,19.06,5.0,0.0,t_1916,2244
2022-06-22 09:30,600768.XSHG,100,9.25,5.0,0.0,t_1917,2245
2022-06-22 09:30,300478.XSHE,700,10.31,5.0,0.0,t_1918,2246
2022-06-27 09:30,002633.XSHE,-6000,9.42,5.65,56.52,t_1919,2250
2022-06-27 09:30,603709.XSHG,-200,16.1,5.0,3.22,t_1920,2251
2022-06-27 09:30,002862.XSHE,100,10.99,5.0,0.0,t_1921,2252
2022-06-27 09:30,603958.XSHG,200,6.04,5.0,0.0,t_1922,2253
2022-06-27 09:30,300736.XSHE,300,9.98,5.0,0.0,t_1923,2254
2022-06-27 09:30,002652.XSHE,-20500,2.78,5.7,56.99,t_1924,2255
2022-06-27 09:30,603729.XSHG,3800,13.46,5.11,0.0,t_1925,2256
2022-06-27 09:30,300478.XSHE,5700,10.39,5.92,0.0,t_1926,2257
2022-06-30 09:30,002633.XSHE,-5500,9.13,5.02,50.22,t_1927,2263
2022-06-30 09:30,603709.XSHG,300,15.85,5.0,0.0,t_1928,2264
2022-06-30 09:30,603389.XSHG,-12200,5.3,6.47,64.66,t_1929,2265
2022-06-30 09:30,002862.XSHE,4400,11.3,5.0,0.0,t_1930,2266
2022-06-30 09:30,603958.XSHG,-300,6.15,5.0,1.84,t_1931,2267
2022-06-30 09:30,300736.XSHE,400,9.88,5.0,0.0,t_1932,2268
2022-06-30 09:30,300417.XSHE,-5400,9.95,5.37,53.73,t_1933,2269
2022-06-30 09:30,603729.XSHG,300,13.35,5.0,0.0,t_1934,2270
2022-06-30 09:30,300779.XSHE,4200,13.32,5.59,0.0,t_1935,2271
2022-06-30 09:30,000691.XSHE,-200,4.37,5.0,0.87,t_1936,2272
2022-06-30 09:30,300478.XSHE,5000,10.66,5.33,0.0,t_1937,2273
2022-07-05 09:30,002633.XSHE,-100,9.26,5.0,0.93,t_1938,2279
2022-07-05 09:30,603709.XSHG,-500,16.4,5.0,8.2,t_1939,2280
2022-07-05 09:30,603389.XSHG,-10000,5.28,5.28,52.8,t_1940,2281
2022-07-05 09:30,002862.XSHE,-4800,11.35,5.45,54.48,t_1941,2282
2022-07-05 09:30,300736.XSHE,400,9.77,5.0,0.0,t_1942,2283
2022-07-05 09:30,603729.XSHG,100,13.29,5.0,0.0,t_1943,2284
2022-07-05 09:30,300779.XSHE,-4100,13.75,5.64,56.38,t_1944,2285
2022-07-05 09:30,000691.XSHE,200,4.27,5.0,0.0,t_1945,2286
2022-07-05 09:30,300478.XSHE,9300,10.52,9.78,0.0,t_1946,2287
2022-07-05 09:30,600768.XSHG,300,9.3,5.0,0.0,t_1947,2288
2022-07-05 09:30,603813.XSHG,4200,15.5,6.51,0.0,t_1948,2289
2022-07-05 09:30,002719.XSHE,100,7.51,5.0,0.0,t_1949,2290
2022-07-08 09:30,600768.XSHG,-500,9.34,5.0,4.67,t_1950,2293
2022-07-08 09:30,600455.XSHG,-100,19.38,5.0,1.94,t_1951,2294
2022-07-08 09:30,002633.XSHE,-5900,9.09,5.36,53.63,t_1952,2295
2022-07-08 09:30,603709.XSHG,700,15.42,5.0,0.0,t_1953,2296
2022-07-08 09:30,603389.XSHG,-10200,5.17,5.27,52.73,t_1954,2297
2022-07-08 09:30,002862.XSHE,-4500,11.0,5.0,49.5,t_1955,2298
2022-07-08 09:30,603958.XSHG,-100,6.08,5.0,0.61,t_1956,2299
2022-07-08 09:30,300736.XSHE,-300,9.77,5.0,2.93,t_1957,2300
2022-07-08 09:30,000691.XSHE,-12700,4.2,5.33,53.34,t_1958,2301
2022-07-08 09:30,300478.XSHE,5500,10.2,5.61,0.0,t_1959,2302
2022-07-08 09:30,603813.XSHG,6500,15.01,9.76,0.0,t_1960,2303
2022-07-08 09:30,002719.XSHE,8000,6.84,5.47,0.0,t_1961,2304
2022-07-13 09:30,603709.XSHG,-700,16.12,5.0,11.28,t_1962,2309
2022-07-13 09:30,603389.XSHG,-10300,5.11,5.26,52.63,t_1963,2310
2022-07-13 09:30,002862.XSHE,-200,11.1,5.0,2.22,t_1964,2311
2022-07-13 09:30,603958.XSHG,-8700,6.02,5.24,52.37,t_1965,2312
2022-07-13 09:30,300736.XSHE,100,9.64,5.0,0.0,t_1966,2313
2022-07-13 09:30,300779.XSHE,4100,13.15,5.39,0.0,t_1967,2314
2022-07-13 09:30,300478.XSHE,200,10.06,5.0,0.0,t_1968,2315
2022-07-13 09:30,603813.XSHG,100,14.75,5.0,0.0,t_1969,2316
2022-07-13 09:30,002719.XSHE,8600,6.96,5.99,0.0,t_1970,2317
2022-07-18 09:30,600455.XSHG,-300,19.24,5.0,5.77,t_1971,2323
2022-07-18 09:30,603709.XSHG,300,15.37,5.0,0.0,t_1972,2324
2022-07-18 09:30,603389.XSHG,-10500,4.93,5.18,51.77,t_1973,2325
2022-07-18 09:30,603958.XSHG,500,5.76,5.0,0.0,t_1974,2326
2022-07-18 09:30,300736.XSHE,-100,9.52,5.0,0.95,t_1975,2327
2022-07-18 09:30,603729.XSHG,100,12.7,5.0,0.0,t_1976,2328
2022-07-18 09:30,300478.XSHE,200,9.81,5.0,0.0,t_1977,2329
2022-07-18 09:30,603813.XSHG,-3700,14.75,5.46,54.58,t_1978,2330
2022-07-18 09:30,002719.XSHE,15200,6.54,9.94,0.0,t_1979,2331
2022-07-18 09:30,600768.XSHG,300,8.9,5.0,0.0,t_1980,2332
2022-07-18 09:30,000691.XSHE,100,3.93,5.0,0.0,t_1981,2335
2022-07-21 09:30,600768.XSHG,-100,9.58,5.0,0.96,t_1982,2336
2022-07-21 09:30,603958.XSHG,-9200,6.22,5.72,57.22,t_1983,2340
2022-07-21 09:30,603729.XSHG,-900,14.17,5.0,12.75,t_1984,2341
2022-07-21 09:30,300779.XSHE,-4100,14.1,5.78,57.81,t_1985,2342
2022-07-21 09:30,603813.XSHG,-100,15.83,5.0,1.58,t_1986,2343
2022-07-21 09:30,002719.XSHE,7900,6.95,5.49,0.0,t_1987,2344
2022-07-21 09:30,000691.XSHE,18000,4.17,7.51,0.0,t_1988,2345
2022-07-25 14:00,002862.XSHE,-1000,12.55,5.0,12.55,t_1989,2353
2022-07-26 09:30,600768.XSHG,600,9.52,5.0,0.0,t_1990,2354
2022-07-26 09:30,600455.XSHG,-100,20.9,5.0,2.09,t_1991,2355
2022-07-26 09:30,603709.XSHG,300,16.28,5.0,0.0,t_1992,2356
2022-07-26 09:30,002862.XSHE,200,12.25,5.0,0.0,t_1993,2357
2022-07-26 09:30,603958.XSHG,200,6.18,5.0,0.0,t_1994,2358
2022-07-26 09:30,300779.XSHE,-100,14.73,5.0,1.47,t_1995,2361
2022-07-26 09:30,603813.XSHG,-100,16.48,5.0,1.65,t_1996,2362
2022-07-26 09:30,002719.XSHE,-500,7.18,5.0,3.59,t_1997,2363
2022-07-26 09:30,000691.XSHE,1600,4.29,5.0,0.0,t_1998,2364
2022-07-29 09:30,600768.XSHG,-600,9.82,5.0,5.89,t_1999,2373
2022-07-29 09:30,603709.XSHG,100,16.36,5.0,0.0,t_2000,2374
2022-07-29 09:30,002862.XSHE,300,11.81,5.0,0.0,t_2001,2375
2022-07-29 09:30,603958.XSHG,100,6.3,5.0,0.0,t_2002,2376
2022-07-29 09:30,603813.XSHG,-3400,16.58,5.64,56.37,t_2003,2380
2022-07-29 09:30,002719.XSHE,-1400,7.5,5.0,10.5,t_2004,2381
2022-07-29 09:30,000691.XSHE,15400,4.35,6.7,0.0,t_2005,2382
2022-08-03 09:30,600768.XSHG,-200,9.58,5.0,1.92,t_2006,2391
2022-08-03 09:30,600455.XSHG,100,19.8,5.0,0.0,t_2007,2392
2022-08-03 09:30,300779.XSHE,-3900,14.04,5.48,54.76,t_2008,2398
2022-08-03 09:30,300478.XSHE,300,10.17,5.0,0.0,t_2009,2399
2022-08-03 09:30,603813.XSHG,-3500,16.2,5.67,56.7,t_2010,2400
2022-08-03 09:30,002719.XSHE,100,7.2,5.0,0.0,t_2011,2401
2022-08-03 09:30,000691.XSHE,3900,4.21,5.0,0.0,t_2012,2402
2022-08-03 09:30,603709.XSHG,100,15.74,5.0,0.0,t_2013,2403
2022-08-03 09:30,600455.XSHG,200,19.8,5.0,0.0,t_2014,2404
2022-08-03 09:30,603729.XSHG,600,13.54,5.0,0.0,t_2015,2405
2022-08-03 09:30,300736.XSHE,200,9.88,5.0,0.0,t_2016,2406
2022-08-03 09:30,002862.XSHE,700,11.17,5.0,0.0,t_2017,2407
2022-08-03 09:30,603389.XSHG,13300,5.09,6.77,0.0,t_2018,2408
2022-08-04 14:00,000691.XSHE,-600,4.38,5.0,2.63,t_2019,2411
2022-08-08 09:30,600768.XSHG,200,9.8,5.0,0.0,t_2020,2412
2022-08-08 09:30,600455.XSHG,-300,21.17,5.0,6.35,t_2021,2413
2022-08-08 09:30,603709.XSHG,100,16.2,5.0,0.0,t_2022,2414
2022-08-08 09:30,002862.XSHE,100,11.5,5.0,0.0,t_2023,2415
2022-08-08 09:30,300736.XSHE,-100,10.3,5.0,1.03,t_2024,2416
2022-08-08 09:30,603729.XSHG,100,13.97,5.0,0.0,t_2025,2417
2022-08-08 09:30,300478.XSHE,-200,10.66,5.0,2.13,t_2026,2418
2022-08-08 09:30,002719.XSHE,-1000,7.67,5.0,7.67,t_2027,2419
2022-08-08 09:30,000691.XSHE,-12100,4.33,5.24,52.39,t_2028,2420
2022-08-08 09:30,603389.XSHG,12600,5.2,6.55,0.0,t_2029,2421
2022-08-09 14:00,000691.XSHE,-700,4.6,5.0,3.22,t_2030,2424
2022-08-10 14:00,603389.XSHG,600,5.76,5.0,0.0,t_2031,2425
2022-08-11 09:30,600768.XSHG,-100,10.48,5.0,1.05,t_2032,2426
2022-08-11 09:30,002862.XSHE,100,12.1,5.0,0.0,t_2033,2428
2022-08-11 09:30,000691.XSHE,-12700,4.7,5.97,59.69,t_2034,2432
2022-08-11 09:30,603389.XSHG,4900,5.74,5.0,0.0,t_2035,2433
2022-08-11 09:30,603709.XSHG,400,16.73,5.0,0.0,t_2036,2434
2022-08-11 09:30,603729.XSHG,200,14.67,5.0,0.0,t_2037,2435
2022-08-11 09:30,300478.XSHE,800,10.92,5.0,0.0,t_2038,2436
2022-08-11 09:30,600137.XSHG,900,14.62,5.0,0.0,t_2039,2437
2022-08-15 14:00,002719.XSHE,-11400,9.57,10.91,109.1,t_2040,2440
2022-08-16 09:30,600768.XSHG,600,10.42,5.0,0.0,t_2041,2441
2022-08-16 09:30,600455.XSHG,600,21.71,5.0,0.0,t_2042,2442
2022-08-16 09:30,002862.XSHE,5100,12.23,6.24,0.0,t_2043,2443
2022-08-16 09:30,603958.XSHG,4000,6.73,5.0,0.0,t_2044,2444
2022-08-16 09:30,002719.XSHE,-6600,9.71,6.41,64.09,t_2045,2448
2022-08-16 09:30,600137.XSHG,4300,14.68,6.31,0.0,t_2046,2449
2022-08-16 09:30,300736.XSHE,100,10.96,5.0,0.0,t_2047,2451
2022-08-18 14:00,603389.XSHG,-15200,7.69,11.69,116.89,t_2048,2457
2022-08-19 09:30,600768.XSHG,100,10.48,5.0,0.0,t_2049,2458
2022-08-19 09:30,603709.XSHG,100,17.17,5.0,0.0,t_2050,2459
2022-08-19 09:30,002862.XSHE,5400,12.15,6.56,0.0,t_2051,2460
2022-08-19 09:30,603958.XSHG,-4700,7.08,5.0,33.28,t_2052,2461
2022-08-19 09:30,300736.XSHE,400,11.0,5.0,0.0,t_2053,2462
2022-08-19 09:30,603729.XSHG,100,14.95,5.0,0.0,t_2054,2463
2022-08-19 09:30,300478.XSHE,600,10.99,5.0,0.0,t_2055,2464
2022-08-19 09:30,002719.XSHE,2700,8.55,5.0,0.0,t_2056,2465
2022-08-19 09:30,000691.XSHE,400,4.65,5.0,0.0,t_2057,2466
2022-08-19 09:30,603389.XSHG,300,7.5,5.0,0.0,t_2058,2467
2022-08-19 09:30,600137.XSHG,2800,14.71,5.0,0.0,t_2059,2468
2022-08-24 09:30,002862.XSHE,-5600,12.48,6.99,69.89,t_2060,2475
2022-08-24 09:30,603958.XSHG,-200,7.16,5.0,1.43,t_2061,2476
2022-08-24 09:30,300736.XSHE,-500,11.21,5.0,5.61,t_2062,2477
2022-08-24 09:30,603729.XSHG,400,14.66,5.0,0.0,t_2063,2478
2022-08-24 09:30,002719.XSHE,800,8.2,5.0,0.0,t_2064,2479
2022-08-24 09:30,000691.XSHE,-500,4.83,5.0,2.42,t_2065,2480
2022-08-24 09:30,603389.XSHG,-8200,7.51,6.16,61.58,t_2066,2481
2022-08-24 09:30,600137.XSHG,8700,14.83,12.9,0.0,t_2067,2482
2022-08-29 09:30,002862.XSHE,-4900,12.02,5.89,58.9,t_2068,2494
2022-08-29 09:30,300736.XSHE,600,10.51,5.0,0.0,t_2069,2495
2022-08-29 09:30,300478.XSHE,-100,10.6,5.0,1.06,t_2070,2496
2022-08-29 09:30,002719.XSHE,400,7.76,5.0,0.0,t_2071,2497
2022-08-29 09:30,000691.XSHE,-400,4.79,5.0,1.92,t_2072,2498
2022-08-29 09:30,600137.XSHG,3600,14.2,5.11,0.0,t_2073,2499
2022-08-29 09:30,600768.XSHG,100,10.01,5.0,0.0,t_2074,2502
2022-09-01 09:30,603958.XSHG,-8800,7.11,6.26,62.57,t_2075,2511
2022-09-01 09:30,300736.XSHE,300,10.55,5.0,0.0,t_2076,2512
2022-09-01 09:30,300478.XSHE,300,10.61,5.0,0.0,t_2077,2513
2022-09-01 09:30,002719.XSHE,7200,7.84,5.64,0.0,t_2078,2514
2022-09-01 09:30,603389.XSHG,-8300,5.83,5.0,48.39,t_2079,2515
2022-09-01 09:30,600137.XSHG,600,14.38,5.0,0.0,t_2080,2516
2022-09-01 09:30,600455.XSHG,400,20.71,5.0,0.0,t_2081,2517
2022-09-01 09:30,603709.XSHG,300,16.38,5.0,0.0,t_2082,2518
2022-09-01 09:30,600768.XSHG,200,10.08,5.0,0.0,t_2083,2519
2022-09-01 09:30,002719.XSHE,600,7.84,5.0,0.0,t_2084,2520
2022-09-01 09:30,603813.XSHG,1200,15.34,5.0,0.0,t_2085,2521
2022-09-01 09:30,603580.XSHG,100,10.8,5.0,0.0,t_2086,2522
2022-09-01 14:00,002862.XSHE,-6100,13.8,8.42,84.18,t_2087,2524
2022-09-06 09:30,600768.XSHG,500,10.23,5.0,0.0,t_2088,2525
2022-09-06 09:30,600455.XSHG,-100,21.59,5.0,2.16,t_2089,2526
2022-09-06 09:30,603709.XSHG,-100,17.09,5.0,1.71,t_2090,2527
2022-09-06 09:30,002862.XSHE,-3900,12.71,5.0,49.57,t_2091,2528
2022-09-06 09:30,603958.XSHG,-8500,7.56,6.43,64.26,t_2092,2529
2022-09-06 09:30,300736.XSHE,-7500,11.86,8.89,88.95,t_2093,2530
2022-09-06 09:30,603729.XSHG,-300,15.03,5.0,4.51,t_2094,2531
2022-09-06 09:30,300478.XSHE,400,10.81,5.0,0.0,t_2095,2532
2022-09-06 09:30,002719.XSHE,7900,8.03,6.34,0.0,t_2096,2533
2022-09-06 09:30,000691.XSHE,500,4.8,5.0,0.0,t_2097,2534
2022-09-06 09:30,603813.XSHG,13400,16.35,21.91,0.0,t_2098,2535
2022-09-09 09:30,600768.XSHG,-200,10.18,5.0,2.04,t_2099,2540
2022-09-09 09:30,600455.XSHG,100,21.12,5.0,0.0,t_2100,2541
2022-09-09 09:30,002862.XSHE,-4900,12.36,6.06,60.56,t_2101,2542
2022-09-09 09:30,300736.XSHE,-4800,11.4,5.47,54.72,t_2102,2543
2022-09-09 09:30,603729.XSHG,700,14.26,5.0,0.0,t_2103,2544
2022-09-09 09:30,300478.XSHE,-300,10.82,5.0,3.25,t_2104,2545
2022-09-09 09:30,002719.XSHE,500,7.83,5.0,0.0,t_2105,2546
2022-09-09 09:30,000691.XSHE,-12900,4.96,6.4,63.98,t_2106,2547
2022-09-09 09:30,600137.XSHG,-200,14.85,5.0,2.97,t_2107,2548
2022-09-09 09:30,603813.XSHG,100,16.57,5.0,0.0,t_2108,2549
2022-09-09 09:30,603580.XSHG,15400,11.04,17.0,0.0,t_2109,2550
2022-09-15 09:30,603709.XSHG,-100,17.19,5.0,1.72,t_2110,2555
2022-09-15 09:30,300736.XSHE,-6000,12.19,7.31,73.14,t_2111,2556
2022-09-15 09:30,300478.XSHE,500,10.68,5.0,0.0,t_2112,2557
2022-09-15 09:30,600137.XSHG,-4200,15.07,6.33,63.29,t_2113,2558
2022-09-15 09:30,603813.XSHG,-3500,16.66,5.83,58.31,t_2114,2559
2022-09-15 09:30,603580.XSHG,12500,11.02,13.78,0.0,t_2115,2560
2022-09-15 09:30,600768.XSHG,200,10.2,5.0,0.0,t_2116,2561
2022-09-15 09:30,300899.XSHE,2200,22.89,5.04,0.0,t_2117,2562
2022-09-15 09:30,002862.XSHE,100,12.02,5.0,0.0,t_2118,2563
2022-09-20 09:30,300736.XSHE,-5100,11.5,5.87,58.65,t_2119,2567
2022-09-20 09:30,603729.XSHG,300,13.3,5.0,0.0,t_2120,2568
2022-09-20 09:30,002719.XSHE,-200,7.45,5.0,1.49,t_2121,2569
2022-09-20 09:30,600137.XSHG,-3900,13.84,5.4,53.98,t_2122,2570
2022-09-20 09:30,603813.XSHG,-3600,15.35,5.53,55.26,t_2123,2571
2022-09-20 09:30,603580.XSHG,-5700,10.43,5.95,59.45,t_2124,2572
2022-09-20 09:30,300899.XSHE,6200,20.66,12.81,0.0,t_2125,2573
2022-09-20 09:30,002862.XSHE,4900,11.4,5.59,0.0,t_2126,2574
2022-09-20 09:30,603709.XSHG,100,15.89,5.0,0.0,t_2127,2575
2022-09-20 09:30,600768.XSHG,1100,9.21,5.0,0.0,t_2128,2576
2022-09-20 09:30,000023.XSHE,2900,9.7,5.0,0.0,t_2129,2577
2022-09-23 09:30,600768.XSHG,-1100,9.79,5.0,10.77,t_2130,2580
2022-09-23 09:30,600455.XSHG,200,19.99,5.0,0.0,t_2131,2581
2022-09-23 09:30,603709.XSHG,300,15.97,5.0,0.0,t_2132,2582
2022-09-23 09:30,300736.XSHE,-5100,11.63,5.93,59.31,t_2133,2583
2022-09-23 09:30,603729.XSHG,200,13.44,5.0,0.0,t_2134,2584
2022-09-23 09:30,300478.XSHE,400,10.07,5.0,0.0,t_2135,2585
2022-09-23 09:30,002719.XSHE,100,7.57,5.0,0.0,t_2136,2586
2022-09-23 09:30,603813.XSHG,-3800,15.64,5.94,59.43,t_2137,2587
2022-09-23 09:30,603580.XSHG,-6300,11.12,7.01,70.06,t_2138,2588
2022-09-23 09:30,300899.XSHE,2900,20.88,6.06,0.0,t_2139,2589
2022-09-23 09:30,002862.XSHE,-500,13.18,5.0,6.59,t_2140,2590
2022-09-23 09:30,000023.XSHE,13100,9.84,12.89,0.0,t_2141,2591
2022-09-28 09:30,600768.XSHG,100,9.2,5.0,0.0,t_2142,2595
2022-09-28 09:30,002719.XSHE,-100,7.48,5.0,0.75,t_2143,2599
2022-09-28 09:30,603813.XSHG,-3800,14.73,5.6,55.97,t_2144,2600
2022-09-28 09:30,603580.XSHG,-5800,11.44,6.64,66.35,t_2145,2601
2022-09-28 09:30,300899.XSHE,3000,20.24,6.07,0.0,t_2146,2602
2022-09-28 09:30,000023.XSHE,6300,9.77,6.16,0.0,t_2147,2603
2022-09-28 14:00,002862.XSHE,-300,13.83,5.0,4.15,t_2148,2611
2022-10-10 09:30,600768.XSHG,500,8.92,5.0,0.0,t_2149,2612
2022-10-10 09:30,300478.XSHE,-400,9.8,5.0,3.92,t_2150,2616
2022-10-10 09:30,002719.XSHE,600,7.09,5.0,0.0,t_2151,2617
2022-10-10 09:30,600137.XSHG,-4200,13.51,5.67,56.74,t_2152,2618
2022-10-10 09:30,603580.XSHG,-5000,10.89,5.45,54.45,t_2153,2619
2022-10-10 09:30,002862.XSHE,200,12.62,5.0,0.0,t_2154,2620
2022-10-10 09:30,000023.XSHE,-5400,10.08,5.44,54.43,t_2155,2621
2022-10-10 09:30,600455.XSHG,200,18.89,5.0,0.0,t_2156,2622
2022-10-10 09:30,603729.XSHG,400,12.68,5.0,0.0,t_2157,2623
2022-10-10 09:30,002719.XSHE,400,7.09,5.0,0.0,t_2158,2624
2022-10-10 09:30,603709.XSHG,400,14.9,5.0,0.0,t_2159,2625
2022-10-10 09:30,600768.XSHG,800,8.92,5.0,0.0,t_2160,2626
2022-10-10 09:30,300321.XSHE,3900,14.43,5.63,0.0,t_2161,2627
2022-10-10 09:30,300417.XSHE,8600,9.41,8.09,0.0,t_2162,2628
2022-10-13 09:30,600768.XSHG,100,8.83,5.0,0.0,t_2163,2631
2022-10-13 09:30,603729.XSHG,-200,12.86,5.0,2.57,t_2164,2634
2022-10-13 09:30,002719.XSHE,-500,7.21,5.0,3.6,t_2165,2635
2022-10-13 09:30,600137.XSHG,-400,14.3,5.0,5.72,t_2166,2636
2022-10-13 09:30,603580.XSHG,-5200,11.3,5.88,58.76,t_2167,2637
2022-10-13 09:30,300899.XSHE,200,19.49,5.0,0.0,t_2168,2638
2022-10-13 09:30,002862.XSHE,-4400,12.46,5.48,54.82,t_2169,2639
2022-10-13 09:30,000023.XSHE,-5700,10.19,5.81,58.08,t_2170,2640
2022-10-13 09:30,300321.XSHE,3900,14.52,5.66,0.0,t_2171,2641
2022-10-13 09:30,300417.XSHE,13000,9.39,12.21,0.0,t_2172,2642
2022-10-18 09:30,603729.XSHG,-100,13.72,5.0,1.37,t_2173,2651
2022-10-18 09:30,002719.XSHE,200,7.59,5.0,0.0,t_2174,2652
2022-10-18 09:30,300899.XSHE,-700,21.83,5.0,15.28,t_2175,2653
2022-10-18 09:30,000023.XSHE,-5400,10.45,5.64,56.43,t_2176,2654
2022-10-18 09:30,300321.XSHE,3800,15.56,5.91,0.0,t_2177,2655
2022-10-18 09:30,300417.XSHE,1200,10.32,5.0,0.0,t_2178,2656
2022-10-21 09:30,600455.XSHG,-100,20.3,5.0,2.03,t_2179,2664
2022-10-21 09:30,603709.XSHG,100,15.53,5.0,0.0,t_2180,2665
2022-10-21 09:30,300478.XSHE,100,10.18,5.0,0.0,t_2181,2667
2022-10-21 09:30,600137.XSHG,-3900,14.7,5.73,57.33,t_2182,2669
2022-10-21 09:30,300899.XSHE,-2800,21.86,6.12,61.21,t_2183,2670
2022-10-21 09:30,000023.XSHE,-5800,10.25,5.95,59.45,t_2184,2671
2022-10-21 09:30,300321.XSHE,3600,15.68,5.64,0.0,t_2185,2672
2022-10-21 09:30,300417.XSHE,-5700,10.5,5.99,59.85,t_2186,2673
2022-10-21 09:30,600768.XSHG,300,9.29,5.0,0.0,t_2187,2674
2022-10-21 09:30,603709.XSHG,200,15.53,5.0,0.0,t_2188,2675
2022-10-21 09:30,603729.XSHG,700,13.13,5.0,0.0,t_2189,2676
2022-10-21 09:30,002719.XSHE,200,7.49,5.0,0.0,t_2190,2677
2022-10-21 09:30,300478.XSHE,300,10.18,5.0,0.0,t_2191,2678
2022-10-21 09:30,603269.XSHG,9500,12.5,11.88,0.0,t_2192,2679
2022-10-21 09:30,300535.XSHE,3300,12.95,5.0,0.0,t_2193,2680
2022-10-26 09:30,600768.XSHG,-200,9.12,5.0,1.82,t_2194,2683
2022-10-26 09:30,600455.XSHG,-100,19.87,5.0,1.99,t_2195,2684
2022-10-26 09:30,603709.XSHG,100,15.02,5.0,0.0,t_2196,2685
2022-10-26 09:30,603729.XSHG,100,12.63,5.0,0.0,t_2197,2686
2022-10-26 09:30,002719.XSHE,100,7.26,5.0,0.0,t_2198,2687
2022-10-26 09:30,600137.XSHG,-4100,13.98,5.73,57.32,t_2199,2688
2022-10-26 09:30,300899.XSHE,-2700,21.1,5.7,56.97,t_2200,2689
2022-10-26 09:30,300321.XSHE,4200,14.94,6.27,0.0,t_2201,2690
2022-10-26 09:30,300417.XSHE,-5600,10.2,5.71,57.12,t_2202,2691
2022-10-26 09:30,603269.XSHG,-4800,12.43,5.97,59.66,t_2203,2692
2022-10-26 09:30,300535.XSHE,13200,12.69,16.75,0.0,t_2204,2693
2022-10-26 09:30,002719.XSHE,100,7.26,5.0,0.0,t_2205,2695
2022-10-31 09:30,600455.XSHG,-600,20.63,5.0,12.38,t_2206,2700
2022-10-31 09:30,603709.XSHG,300,14.69,5.0,0.0,t_2207,2701
2022-10-31 09:30,300478.XSHE,500,9.68,5.0,0.0,t_2208,2702
2022-10-31 09:30,002719.XSHE,400,7.13,5.0,0.0,t_2209,2703
2022-10-31 09:30,300417.XSHE,-5800,10.16,5.89,58.93,t_2210,2704
2022-10-31 09:30,300535.XSHE,1800,12.6,5.0,0.0,t_2211,2705
2022-10-31 09:30,600768.XSHG,700,8.84,5.0,0.0,t_2212,2706
2022-10-31 09:30,002719.XSHE,100,7.13,5.0,0.0,t_2213,2707
2022-10-31 09:30,002856.XSHE,3000,9.83,5.0,0.0,t_2214,2708
2022-11-03 09:30,603709.XSHG,-400,15.62,5.0,6.25,t_2215,2712
2022-11-03 09:30,300478.XSHE,400,9.9,5.0,0.0,t_2216,2713
2022-11-03 09:30,002719.XSHE,-400,7.49,5.0,3.0,t_2217,2714
2022-11-03 09:30,300899.XSHE,-2800,22.0,6.16,61.6,t_2218,2715
2022-11-03 09:30,300321.XSHE,-100,15.57,5.0,1.56,t_2219,2716
2022-11-03 09:30,300417.XSHE,-5700,10.56,6.02,60.19,t_2220,2717
2022-11-03 09:30,603269.XSHG,-4700,12.78,6.01,60.07,t_2221,2718
2022-11-03 09:30,300535.XSHE,-300,13.39,5.0,4.02,t_2222,2719
2022-11-03 09:30,002856.XSHE,19000,10.1,19.19,0.0,t_2223,2720
2022-11-03 09:30,002652.XSHE,200,2.71,5.0,0.0,t_2224,2725
2022-11-08 09:30,600768.XSHG,-700,9.65,5.0,6.75,t_2225,2727
2022-11-08 09:30,600455.XSHG,300,21.03,5.0,0.0,t_2226,2728
2022-11-08 09:30,603729.XSHG,-200,13.61,5.0,2.72,t_2227,2730
2022-11-08 09:30,300478.XSHE,-100,10.2,5.0,1.02,t_2228,2731
2022-11-08 09:30,300899.XSHE,-2800,22.77,6.38,63.76,t_2229,2732
2022-11-08 09:30,300321.XSHE,-4200,16.28,6.84,68.38,t_2230,2733
2022-11-08 09:30,300535.XSHE,100,13.54,5.0,0.0,t_2231,2734
2022-11-08 09:30,002856.XSHE,7200,10.5,7.56,0.0,t_2232,2735
2022-11-08 09:30,002652.XSHE,21200,2.79,5.91,0.0,t_2233,2736
2022-11-11 09:30,600768.XSHG,-300,9.84,5.0,2.95,t_2234,2742
2022-11-11 09:30,600455.XSHG,100,21.3,5.0,0.0,t_2235,2743
2022-11-11 09:30,603729.XSHG,-100,13.81,5.0,1.38,t_2236,2744
2022-11-11 09:30,300478.XSHE,100,10.26,5.0,0.0,t_2237,2745
2022-11-11 09:30,002719.XSHE,-300,7.8,5.0,2.34,t_2238,2746
2022-11-11 09:30,300899.XSHE,100,22.66,5.0,0.0,t_2239,2747
2022-11-11 09:30,300535.XSHE,100,13.53,5.0,0.0,t_2240,2749
2022-11-14 14:00,603709.XSHG,-700,16.95,5.0,11.87,t_2241,2757
2022-11-16 09:30,600768.XSHG,500,9.79,5.0,0.0,t_2242,2758
2022-11-16 09:30,600455.XSHG,200,21.35,5.0,0.0,t_2243,2759
2022-11-16 09:30,603729.XSHG,-200,14.15,5.0,2.83,t_2244,2760
2022-11-16 09:30,002719.XSHE,500,7.81,5.0,0.0,t_2245,2761
2022-11-16 09:30,300321.XSHE,100,16.57,5.0,0.0,t_2246,2763
2022-11-16 09:30,002856.XSHE,-6000,10.87,6.52,65.22,t_2247,2765
2022-11-16 09:30,002652.XSHE,22000,2.9,6.38,0.0,t_2248,2766
2022-11-16 09:30,603958.XSHG,200,6.55,5.0,0.0,t_2249,2770
2022-11-21 09:30,600768.XSHG,-100,9.9,5.0,0.99,t_2250,2771
2022-11-21 09:30,600455.XSHG,-400,22.15,5.0,8.86,t_2251,2772
2022-11-21 09:30,603709.XSHG,600,16.32,5.0,0.0,t_2252,2773
2022-11-21 09:30,603729.XSHG,-200,14.32,5.0,2.86,t_2253,2774
2022-11-21 09:30,300478.XSHE,200,10.36,5.0,0.0,t_2254,2775
2022-11-21 09:30,002652.XSHE,-3000,3.13,5.0,9.39,t_2255,2780
2022-11-21 09:30,603958.XSHG,1500,6.68,5.0,0.0,t_2256,2781
2022-11-24 09:30,600768.XSHG,-400,9.84,5.0,3.94,t_2257,2790
2022-11-24 09:30,600455.XSHG,100,21.1,5.0,0.0,t_2258,2791
2022-11-24 09:30,603709.XSHG,100,16.05,5.0,0.0,t_2259,2792
2022-11-24 09:30,002856.XSHE,-5700,10.71,6.1,61.05,t_2260,2798
2022-11-24 09:30,002652.XSHE,-20400,3.12,6.36,63.65,t_2261,2799
2022-11-24 09:30,603958.XSHG,17200,6.56,11.28,0.0,t_2262,2800
2022-11-24 09:30,603709.XSHG,100,16.05,5.0,0.0,t_2263,2801
2022-11-24 09:30,603729.XSHG,100,13.95,5.0,0.0,t_2264,2802
2022-11-24 09:30,600455.XSHG,300,21.1,5.0,0.0,t_2265,2803
2022-11-24 09:30,002719.XSHE,100,7.69,5.0,0.0,t_2266,2804
2022-11-24 09:30,300535.XSHE,100,13.54,5.0,0.0,t_2267,2806
2022-11-29 09:30,600455.XSHG,-300,21.7,5.0,6.51,t_2268,2810
2022-11-29 09:30,603709.XSHG,-300,16.46,5.0,4.94,t_2269,2811
2022-11-29 09:30,603729.XSHG,-100,14.15,5.0,1.42,t_2270,2812
2022-11-29 09:30,300478.XSHE,800,9.97,5.0,0.0,t_2271,2813
2022-11-29 09:30,002719.XSHE,300,7.65,5.0,0.0,t_2272,2814
2022-11-29 09:30,300899.XSHE,100,21.57,5.0,0.0,t_2273,2815
2022-11-29 09:30,603958.XSHG,-9200,6.47,5.95,59.52,t_2274,2819
2022-11-29 09:30,600768.XSHG,500,9.68,5.0,0.0,t_2275,2820
2022-11-29 09:30,300899.XSHE,2500,21.57,5.39,0.0,t_2276,2821
2022-11-29 09:30,300535.XSHE,100,13.3,5.0,0.0,t_2277,2822
2022-11-29 14:00,002652.XSHE,-20000,3.19,6.38,63.8,t_2278,2826
2022-12-02 09:30,600768.XSHG,-200,9.88,5.0,1.98,t_2279,2827
2022-12-02 09:30,600455.XSHG,300,21.43,5.0,0.0,t_2280,2828
2022-12-02 09:30,603709.XSHG,100,16.45,5.0,0.0,t_2281,2829
2022-12-02 09:30,603729.XSHG,100,14.15,5.0,0.0,t_2282,2830
2022-12-02 09:30,300478.XSHE,-900,10.41,5.0,9.37,t_2283,2831
2022-12-02 09:30,002719.XSHE,-1400,8.02,5.0,11.23,t_2284,2832
2022-12-02 09:30,300899.XSHE,3500,21.74,7.61,0.0,t_2285,2833
2022-12-02 09:30,300321.XSHE,-3500,16.22,5.68,56.77,t_2286,2834
2022-12-02 09:30,300535.XSHE,4200,13.6,5.71,0.0,t_2287,2835
2022-12-02 09:30,002856.XSHE,-5600,10.64,5.96,59.58,t_2288,2836
2022-12-02 09:30,603958.XSHG,-500,6.91,5.0,3.46,t_2289,2837
2022-12-02 09:30,300899.XSHE,2900,21.74,6.3,0.0,t_2290,2838
2022-12-07 09:30,600455.XSHG,-200,22.1,5.0,4.42,t_2291,2842
2022-12-07 09:30,603729.XSHG,200,14.25,5.0,0.0,t_2292,2843
2022-12-07 09:30,300478.XSHE,100,10.48,5.0,0.0,t_2293,2844
2022-12-07 09:30,002719.XSHE,-200,8.19,5.0,1.64,t_2294,2845
2022-12-07 09:30,300899.XSHE,100,22.01,5.0,0.0,t_2295,2846
2022-12-07 09:30,300321.XSHE,-3900,16.49,6.43,64.31,t_2296,2847
2022-12-07 09:30,300535.XSHE,500,13.8,5.0,0.0,t_2297,2848
2022-12-07 09:30,603958.XSHG,-9200,6.87,6.32,63.2,t_2298,2849
2022-12-07 09:30,300899.XSHE,2600,22.01,5.72,0.0,t_2299,2850
2022-12-07 09:30,300836.XSHE,2800,22.68,6.35,0.0,t_2300,2851
2022-12-12 09:30,300321.XSHE,-3800,16.44,6.25,62.47,t_2301,2861
2022-12-12 09:30,002856.XSHE,-5800,10.85,6.29,62.93,t_2302,2862
2022-12-12 09:30,300836.XSHE,5600,22.2,12.43,0.0,t_2303,2863
2022-12-12 09:30,600768.XSHG,100,10.06,5.0,0.0,t_2304,2866
2022-12-12 14:00,300535.XSHE,-7200,16.19,11.66,116.57,t_2305,2874
2022-12-15 09:30,600768.XSHG,300,9.95,5.0,0.0,t_2306,2875
2022-12-15 09:30,603709.XSHG,100,16.76,5.0,0.0,t_2307,2876
2022-12-15 09:30,300478.XSHE,1100,10.21,5.0,0.0,t_2308,2877
2022-12-15 09:30,002719.XSHE,-8900,8.53,7.59,75.92,t_2309,2878
2022-12-15 09:30,300899.XSHE,300,21.63,5.0,0.0,t_2310,2879
2022-12-15 09:30,300535.XSHE,-2900,14.88,5.0,43.15,t_2311,2880
2022-12-15 09:30,002856.XSHE,-100,10.76,5.0,1.08,t_2312,2881
2022-12-15 09:30,300836.XSHE,3400,21.73,7.39,0.0,t_2313,2882
2022-12-15 09:30,300555.XSHE,20900,6.71,14.02,0.0,t_2314,2883
2022-12-20 09:30,600455.XSHG,-3500,22.8,7.98,79.8,t_2315,2886
2022-12-20 09:30,603709.XSHG,200,16.03,5.0,0.0,t_2316,2887
2022-12-20 09:30,603729.XSHG,800,13.4,5.0,0.0,t_2317,2888
2022-12-20 09:30,002719.XSHE,-7100,8.08,5.74,57.37,t_2318,2889
2022-12-20 09:30,300899.XSHE,200,20.6,5.0,0.0,t_2319,2890
2022-12-20 09:30,300321.XSHE,4000,15.41,6.16,0.0,t_2320,2891
2022-12-20 09:30,300535.XSHE,-4200,14.17,5.95,59.51,t_2321,2892
2022-12-20 09:30,002856.XSHE,100,10.08,5.0,0.0,t_2322,2893
2022-12-20 09:30,300836.XSHE,100,20.85,5.0,0.0,t_2323,2894
2022-12-20 09:30,300555.XSHE,17200,6.59,11.33,0.0,t_2324,2895
2022-12-23 09:30,600455.XSHG,-2800,22.46,6.29,62.89,t_2325,2900
2022-12-23 09:30,603729.XSHG,100,13.12,5.0,0.0,t_2326,2901
2022-12-23 09:30,300478.XSHE,600,9.54,5.0,0.0,t_2327,2902
2022-12-23 09:30,300899.XSHE,400,19.92,5.0,0.0,t_2328,2903
2022-12-23 09:30,300321.XSHE,3200,14.92,5.0,0.0,t_2329,2904
2022-12-23 09:30,300535.XSHE,-4200,13.51,5.67,56.74,t_2330,2905
2022-12-23 09:30,300836.XSHE,100,20.35,5.0,0.0,t_2331,2906
2022-12-23 09:30,300555.XSHE,8700,6.3,5.48,0.0,t_2332,2907
2022-12-28 09:30,600455.XSHG,-2500,22.44,5.61,56.1,t_2333,2914
2022-12-28 09:30,603709.XSHG,900,15.65,5.0,0.0,t_2334,2915
2022-12-28 09:30,603729.XSHG,600,13.31,5.0,0.0,t_2335,2916
2022-12-28 09:30,300478.XSHE,900,9.63,5.0,0.0,t_2336,2917
2022-12-28 09:30,300899.XSHE,500,19.9,5.0,0.0,t_2337,2918
2022-12-28 09:30,300321.XSHE,1000,14.99,5.0,0.0,t_2338,2919
2022-12-28 09:30,300535.XSHE,-4600,13.3,6.12,61.18,t_2339,2920
2022-12-28 09:30,002856.XSHE,100,10.12,5.0,0.0,t_2340,2921
2022-12-28 09:30,300836.XSHE,2900,20.54,5.96,0.0,t_2341,2922
2022-12-28 09:30,300555.XSHE,100,6.45,5.0,0.0,t_2342,2923
2022-12-30 14:00,002719.XSHE,-19100,15.93,30.43,304.26,t_2343,2930
2023-01-03 09:30,600768.XSHG,-32300,9.2,29.72,297.16,t_2344,2931
2023-01-03 09:30,600455.XSHG,-5700,22.12,12.61,126.08,t_2345,2932
2023-01-03 09:30,603709.XSHG,-20300,15.4,31.26,312.62,t_2346,2933
2023-01-03 09:30,603729.XSHG,-23900,13.26,31.69,316.91,t_2347,2934
2023-01-03 09:30,300478.XSHE,-33000,9.22,30.43,304.26,t_2348,2935
2023-01-03 09:30,002719.XSHE,-4000,15.7,6.28,62.8,t_2349,2936
2023-01-03 09:30,300899.XSHE,-15900,19.71,31.34,313.39,t_2350,2937
2023-01-03 09:30,300321.XSHE,-12200,14.73,17.97,179.71,t_2351,2938
2023-01-03 09:30,002856.XSHE,-6200,10.02,6.21,62.12,t_2352,2939
2023-01-03 09:30,300836.XSHE,-14900,20.09,29.93,299.34,t_2353,2940
2023-01-03 09:30,300555.XSHE,-46900,6.25,29.31,293.12,t_2354,2941
2023-01-03 09:30,511880.XSHG,28600,100.135,0.0,0.0,t_2355,2942
2023-02-01 09:30,511880.XSHG,-28600,100.234,0.0,0.0,t_2356,2943
2023-02-01 09:30,300478.XSHE,6400,9.95,6.37,0.0,t_2357,2944
2023-02-01 09:30,603729.XSHG,4500,13.99,6.3,0.0,t_2358,2945
2023-02-01 09:30,603709.XSHG,3800,16.77,6.37,0.0,t_2359,2946
2023-02-01 09:30,300899.XSHE,2900,21.86,6.34,0.0,t_2360,2947
2023-02-01 09:30,300417.XSHE,5900,10.69,6.31,0.0,t_2361,2948
2023-02-01 09:30,002856.XSHE,6000,10.6,6.36,0.0,t_2362,2949
2023-02-01 09:30,002816.XSHE,4400,14.19,6.24,0.0,t_2363,2950
2023-02-01 09:30,300535.XSHE,4600,13.8,6.35,0.0,t_2364,2951
2023-02-01 09:30,600768.XSHG,5900,10.73,6.33,0.0,t_2365,2952
2023-02-01 09:30,300321.XSHE,3800,16.38,6.22,0.0,t_2366,2953
2023-02-02 14:00,600768.XSHG,-500,11.93,5.0,5.96,t_2367,2954
2023-02-06 09:30,300478.XSHE,6100,10.23,6.24,0.0,t_2368,2955
2023-02-06 09:30,603729.XSHG,4400,14.34,6.31,0.0,t_2369,2956
2023-02-06 09:30,603709.XSHG,3600,17.12,6.16,0.0,t_2370,2957
2023-02-06 09:30,300899.XSHE,2800,22.31,6.25,0.0,t_2371,2958
2023-02-06 09:30,300417.XSHE,6000,10.7,6.42,0.0,t_2372,2959
2023-02-06 09:30,002856.XSHE,6000,10.61,6.37,0.0,t_2373,2960
2023-02-06 09:30,002816.XSHE,4200,14.8,6.22,0.0,t_2374,2961
2023-02-06 09:30,300535.XSHE,4500,14.0,6.3,0.0,t_2375,2962
2023-02-06 09:30,300321.XSHE,3800,16.7,6.35,0.0,t_2376,2963
2023-02-06 09:30,002652.XSHE,22100,2.89,6.39,0.0,t_2377,2964
2023-02-09 09:30,300478.XSHE,6300,10.23,6.44,0.0,t_2378,2965
2023-02-09 09:30,603729.XSHG,4700,14.11,6.63,0.0,t_2379,2966
2023-02-09 09:30,603709.XSHG,3800,17.18,6.53,0.0,t_2380,2967
2023-02-09 09:30,300899.XSHE,2900,22.31,6.47,0.0,t_2381,2968
2023-02-09 09:30,300417.XSHE,5500,11.07,6.09,0.0,t_2382,2969
2023-02-09 09:30,002856.XSHE,6000,10.69,6.41,0.0,t_2383,2970
2023-02-09 09:30,002816.XSHE,4500,14.7,6.62,0.0,t_2384,2971
2023-02-09 09:30,300535.XSHE,4300,14.36,6.17,0.0,t_2385,2972
2023-02-09 09:30,600768.XSHG,100,11.48,5.0,0.0,t_2386,2973
2023-02-09 09:30,002652.XSHE,22000,2.91,6.4,0.0,t_2387,2974
2023-02-09 09:30,600455.XSHG,2700,23.72,6.4,0.0,t_2388,2975
2023-02-14 09:30,300478.XSHE,6100,10.45,6.37,0.0,t_2389,2976
2023-02-14 09:30,603729.XSHG,4300,14.55,6.26,0.0,t_2390,2977
2023-02-14 09:30,603709.XSHG,3300,17.93,5.92,0.0,t_2391,2978
2023-02-14 09:30,300899.XSHE,2800,22.85,6.4,0.0,t_2392,2979
2023-02-14 09:30,300417.XSHE,5700,11.29,6.44,0.0,t_2393,2980
2023-02-14 09:30,002856.XSHE,5400,11.14,6.02,0.0,t_2394,2981
2023-02-14 09:30,002816.XSHE,4500,14.78,6.65,0.0,t_2395,2982
2023-02-14 09:30,300535.XSHE,-100,14.76,5.0,1.48,t_2396,2983
2023-02-14 09:30,300321.XSHE,3700,17.28,6.39,0.0,t_2397,2984
2023-02-14 09:30,002652.XSHE,21800,2.97,6.47,0.0,t_2398,2985
2023-02-14 09:30,600455.XSHG,2600,24.42,6.35,0.0,t_2399,2986
2023-02-17 09:30,300478.XSHE,6800,10.03,6.82,0.0,t_2400,2987
2023-02-17 09:30,603729.XSHG,4800,14.03,6.73,0.0,t_2401,2988
2023-02-17 09:30,603709.XSHG,3000,18.12,5.44,0.0,t_2402,2989
2023-02-17 09:30,300899.XSHE,2800,22.39,6.27,0.0,t_2403,2990
2023-02-17 09:30,300417.XSHE,6200,10.84,6.72,0.0,t_2404,2991
2023-02-17 09:30,002856.XSHE,2000,10.63,5.0,0.0,t_2405,2992
2023-02-17 09:30,002652.XSHE,100,2.86,5.0,0.0,t_2406,2996
2023-02-22 09:30,300478.XSHE,-100,10.13,5.0,1.01,t_2407,3002
2023-02-22 09:30,300417.XSHE,100,10.8,5.0,0.0,t_2408,3004
2023-02-27 09:30,603709.XSHG,-200,18.58,5.0,3.72,t_2409,3019
2023-02-27 09:30,300417.XSHE,100,10.87,5.0,0.0,t_2410,3020
2023-02-27 09:30,002856.XSHE,200,10.65,5.0,0.0,t_2411,3021
2023-02-27 09:30,300321.XSHE,-3700,17.1,6.33,63.27,t_2412,3024
2023-02-27 09:30,002652.XSHE,22400,2.85,6.38,0.0,t_2413,3025
2023-03-02 09:30,603729.XSHG,-300,14.52,5.0,4.36,t_2414,3035
2023-03-02 09:30,603709.XSHG,200,18.43,5.0,0.0,t_2415,3036
2023-03-02 09:30,300417.XSHE,-100,11.05,5.0,1.1,t_2416,3037
2023-03-02 09:30,002856.XSHE,100,10.81,5.0,0.0,t_2417,3038
2023-03-02 09:30,300535.XSHE,-4400,14.72,6.48,64.77,t_2418,3040
2023-03-02 09:30,600768.XSHG,5700,11.37,6.48,0.0,t_2419,3041
2023-03-02 09:30,002652.XSHE,100,2.92,5.0,0.0,t_2420,3043
2023-03-07 09:30,300478.XSHE,-100,10.19,5.0,1.02,t_2421,3051
2023-03-07 09:30,603729.XSHG,-200,14.51,5.0,2.9,t_2422,3052
2023-03-07 09:30,300417.XSHE,100,10.86,5.0,0.0,t_2423,3053
2023-03-07 09:30,002856.XSHE,200,10.7,5.0,0.0,t_2424,3054
2023-03-07 09:30,300321.XSHE,-100,17.14,5.0,1.71,t_2425,3057
2023-03-07 09:30,002652.XSHE,900,2.83,5.0,0.0,t_2426,3058
2023-03-07 09:30,600455.XSHG,-2600,24.35,6.33,63.31,t_2427,3059
2023-03-07 09:30,002856.XSHE,4000,10.7,5.0,0.0,t_2428,3060
2023-03-07 09:30,002816.XSHE,1400,13.95,5.0,0.0,t_2429,3061
2023-03-07 09:30,002652.XSHE,300,2.83,5.0,0.0,t_2430,3062
2023-03-10 09:30,603729.XSHG,-400,14.95,5.0,5.98,t_2431,3066
2023-03-10 09:30,603709.XSHG,300,17.6,5.0,0.0,t_2432,3067
2023-03-10 09:30,300899.XSHE,-300,23.37,5.0,7.01,t_2433,3068
2023-03-10 09:30,300417.XSHE,-6400,11.25,7.2,72.0,t_2434,3069
2023-03-10 09:30,002856.XSHE,-400,11.04,5.0,4.42,t_2435,3070
2023-03-10 09:30,002816.XSHE,4100,14.01,5.74,0.0,t_2436,3071
2023-03-10 09:30,300535.XSHE,-4400,14.67,6.45,64.55,t_2437,3072
2023-03-10 09:30,600768.XSHG,8200,11.0,9.02,0.0,t_2438,3073
2023-03-10 09:30,002652.XSHE,300,2.91,5.0,0.0,t_2439,3074
2023-03-15 09:30,300417.XSHE,-5800,10.95,6.35,63.51,t_2440,3083
2023-03-15 09:30,002856.XSHE,1000,10.31,5.0,0.0,t_2441,3084
2023-03-15 09:30,002816.XSHE,-600,14.01,5.0,8.41,t_2442,3085
2023-03-15 09:30,300535.XSHE,-4500,14.07,6.33,63.32,t_2443,3086
2023-03-15 09:30,600768.XSHG,10500,10.52,11.05,0.0,t_2444,3087
2023-03-15 09:30,300321.XSHE,-3700,16.61,6.15,61.46,t_2445,3088
2023-03-15 09:30,002652.XSHE,22800,2.79,6.36,0.0,t_2446,3089
2023-03-15 09:30,600455.XSHG,-100,24.48,5.0,2.45,t_2447,3090
2023-03-15 09:30,300899.XSHE,100,22.48,5.0,0.0,t_2448,3091
2023-03-15 09:30,603709.XSHG,700,16.82,5.0,0.0,t_2449,3092
2023-03-15 09:30,603030.XSHG,200,2.4,5.0,0.0,t_2450,3093
2023-03-20 09:30,603729.XSHG,-400,14.78,5.0,5.91,t_2451,3096
2023-03-20 09:30,603709.XSHG,100,16.97,5.0,0.0,t_2452,3097
2023-03-20 09:30,300899.XSHE,-2800,22.75,6.37,63.7,t_2453,3098
2023-03-20 09:30,300417.XSHE,-5500,10.79,5.93,59.34,t_2454,3099
2023-03-20 09:30,002856.XSHE,-200,10.45,5.0,2.09,t_2455,3100
2023-03-20 09:30,002816.XSHE,400,13.76,5.0,0.0,t_2456,3101
2023-03-20 09:30,600768.XSHG,-6500,10.81,7.03,70.27,t_2457,3102
2023-03-20 09:30,002652.XSHE,2500,2.74,5.0,0.0,t_2458,3103
2023-03-20 09:30,600455.XSHG,-2600,24.05,6.25,62.53,t_2459,3104
2023-03-20 09:30,603030.XSHG,52400,2.4,12.58,0.0,t_2460,3105
2023-03-20 09:30,603958.XSHG,19200,6.43,12.35,0.0,t_2461,3106
2023-03-23 09:30,603729.XSHG,-200,15.25,5.0,3.05,t_2462,3110
2023-03-23 09:30,603709.XSHG,-300,17.69,5.0,5.31,t_2463,3111
2023-03-23 09:30,300899.XSHE,-2900,23.47,6.81,68.06,t_2464,3112
2023-03-23 09:30,300417.XSHE,-6000,11.31,6.79,67.86,t_2465,3113
2023-03-23 09:30,002856.XSHE,-100,10.73,5.0,1.07,t_2466,3114
2023-03-23 09:30,002816.XSHE,400,13.81,5.0,0.0,t_2467,3115
2023-03-23 09:30,300321.XSHE,-3800,17.13,6.51,65.09,t_2468,3116
2023-03-23 09:30,002652.XSHE,1300,2.77,5.0,0.0,t_2469,3117
2023-03-23 09:30,603030.XSHG,27100,2.43,6.59,0.0,t_2470,3118
2023-03-23 09:30,603958.XSHG,20400,6.62,13.5,0.0,t_2471,3119
2023-03-28 09:30,300478.XSHE,-300,10.24,5.0,3.07,t_2472,3125
2023-03-28 09:30,603709.XSHG,200,17.1,5.0,0.0,t_2473,3126
2023-03-28 09:30,300899.XSHE,-2700,23.18,6.26,62.59,t_2474,3127
2023-03-28 09:30,300417.XSHE,-5800,11.21,6.5,65.02,t_2475,3128
2023-03-28 09:30,002856.XSHE,-100,10.61,5.0,1.06,t_2476,3129
2023-03-28 09:30,600768.XSHG,-300,11.07,5.0,3.32,t_2477,3130
2023-03-28 09:30,002652.XSHE,500,2.72,5.0,0.0,t_2478,3131
2023-03-28 09:30,603030.XSHG,30200,2.32,7.01,0.0,t_2479,3132
2023-03-28 09:30,603958.XSHG,9100,6.54,5.95,0.0,t_2480,3133
2023-03-28 09:30,300169.XSHE,200,4.59,5.0,0.0,t_2481,3135
2023-03-31 09:30,603729.XSHG,-100,14.58,5.0,1.46,t_2482,3140
2023-03-31 09:30,002856.XSHE,100,10.1,5.0,0.0,t_2483,3141
2023-03-31 09:30,002652.XSHE,100,2.61,5.0,0.0,t_2484,3144
2023-04-03 09:30,300478.XSHE,-31200,9.76,30.45,304.51,t_2485,3158
2023-04-03 09:30,603729.XSHG,-21100,14.76,31.14,311.44,t_2486,3159
2023-04-03 09:30,603709.XSHG,-18500,16.72,30.93,309.32,t_2487,3160
2023-04-03 09:30,300899.XSHE,-5600,21.98,12.31,123.09,t_2488,3161
2023-04-03 09:30,002856.XSHE,-30200,10.19,30.77,307.74,t_2489,3162
2023-04-03 09:30,002816.XSHE,-23300,13.07,30.45,304.53,t_2490,3163
2023-04-03 09:30,600768.XSHG,-23100,10.58,24.44,244.4,t_2491,3164
2023-04-03 09:30,002652.XSHE,-117200,2.65,31.06,310.58,t_2492,3165
2023-04-03 09:30,603030.XSHG,-109900,2.22,24.4,243.98,t_2493,3166
2023-04-03 09:30,603958.XSHG,-48700,6.4,31.17,311.68,t_2494,3167
2023-04-03 09:30,300169.XSHE,-200,4.41,5.0,0.88,t_2495,3168
2023-04-03 09:30,511880.XSHG,27500,100.529,0.0,0.0,t_2496,3169
2023-05-04 09:30,511880.XSHG,-27500,100.693,0.0,0.0,t_2497,3170
2023-05-08 09:30,300478.XSHE,6400,9.6,6.14,0.0,t_2498,3171
2023-05-08 09:30,600768.XSHG,6100,9.98,6.09,0.0,t_2499,3172
2023-05-08 09:30,300169.XSHE,15100,4.08,6.16,0.0,t_2500,3173
2023-05-08 09:30,603389.XSHG,12000,5.15,6.18,0.0,t_2501,3174
2023-05-08 09:30,300417.XSHE,6200,9.88,6.13,0.0,t_2502,3175
2023-05-08 09:30,603709.XSHG,3600,16.79,6.04,0.0,t_2503,3176
2023-05-08 09:30,603729.XSHG,4100,14.77,6.06,0.0,t_2504,3177
2023-05-08 09:30,002652.XSHE,23000,2.68,6.16,0.0,t_2505,3178
2023-05-08 09:30,002856.XSHE,6000,10.14,6.08,0.0,t_2506,3179
2023-05-08 09:30,600455.XSHG,2700,22.16,5.98,0.0,t_2507,3180
2023-05-11 09:30,300478.XSHE,6600,9.52,6.28,0.0,t_2508,3181
2023-05-11 09:30,600768.XSHG,6200,10.0,6.2,0.0,t_2509,3182
2023-05-11 09:30,300169.XSHE,15700,4.02,6.31,0.0,t_2510,3183
2023-05-11 09:30,603389.XSHG,12000,5.15,6.18,0.0,t_2511,3184
2023-05-11 09:30,300417.XSHE,6300,9.86,6.21,0.0,t_2512,3185
2023-05-11 09:30,603709.XSHG,3600,17.05,6.14,0.0,t_2513,3186
2023-05-11 09:30,002652.XSHE,24400,2.61,6.37,0.0,t_2514,3187
2023-05-11 09:30,002856.XSHE,6200,10.08,6.25,0.0,t_2515,3188
2023-05-11 09:30,000691.XSHE,14600,4.23,6.18,0.0,t_2516,3189
2023-05-11 09:30,603286.XSHG,3900,15.79,6.16,0.0,t_2517,3190
2023-05-11 14:00,603729.XSHG,-100,15.91,5.0,1.59,t_2518,3191
2023-05-16 09:30,300478.XSHE,6300,9.66,6.09,0.0,t_2519,3192
2023-05-16 09:30,600768.XSHG,5600,10.42,5.84,0.0,t_2520,3193
2023-05-16 09:30,300169.XSHE,15000,4.07,6.11,0.0,t_2521,3194
2023-05-16 09:30,603389.XSHG,11600,5.24,6.08,0.0,t_2522,3195
2023-05-16 09:30,300417.XSHE,6000,10.08,6.05,0.0,t_2523,3196
2023-05-16 09:30,603709.XSHG,3700,17.0,6.29,0.0,t_2524,3197
2023-05-16 09:30,603729.XSHG,100,15.12,5.0,0.0,t_2525,3198
2023-05-16 09:30,002652.XSHE,22400,2.67,5.98,0.0,t_2526,3199
2023-05-16 09:30,002856.XSHE,6100,10.15,6.19,0.0,t_2527,3200
2023-05-16 09:30,000691.XSHE,14700,4.24,6.23,0.0,t_2528,3201
2023-05-16 09:30,000702.XSHE,11800,5.23,6.17,0.0,t_2529,3202
2023-05-19 09:30,300478.XSHE,6100,9.89,6.03,0.0,t_2530,3203
2023-05-19 09:30,600768.XSHG,-400,10.79,5.0,4.32,t_2531,3204
2023-05-19 09:30,300169.XSHE,14900,4.14,6.17,0.0,t_2532,3205
2023-05-19 09:30,603389.XSHG,11400,5.34,6.09,0.0,t_2533,3206
2023-05-19 09:30,300417.XSHE,5800,10.33,5.99,0.0,t_2534,3207
2023-05-19 09:30,603709.XSHG,3500,17.44,6.1,0.0,t_2535,3208
2023-05-19 09:30,603729.XSHG,4400,14.71,6.47,0.0,t_2536,3209
2023-05-19 09:30,002652.XSHE,22600,2.72,6.15,0.0,t_2537,3210
2023-05-19 09:30,002856.XSHE,6300,10.21,6.43,0.0,t_2538,3211
2023-05-19 09:30,000691.XSHE,14500,4.3,6.24,0.0,t_2539,3212
2023-05-19 09:30,000702.XSHE,11900,5.29,6.3,0.0,t_2540,3213
2023-05-24 09:30,300478.XSHE,6600,9.7,6.4,0.0,t_2541,3214
2023-05-24 09:30,600768.XSHG,-200,10.84,5.0,2.17,t_2542,3215
2023-05-24 09:30,300169.XSHE,15400,4.08,6.28,0.0,t_2543,3216
2023-05-24 09:30,603389.XSHG,12700,5.2,6.6,0.0,t_2544,3217
2023-05-24 09:30,300417.XSHE,-500,10.47,5.0,5.24,t_2545,3218
2023-05-24 09:30,603709.XSHG,3700,17.15,6.35,0.0,t_2546,3219
2023-05-24 09:30,603729.XSHG,4600,14.2,6.53,0.0,t_2547,3220
2023-05-24 09:30,002652.XSHE,200,2.66,5.0,0.0,t_2548,3221
2023-05-24 09:30,603286.XSHG,-100,16.6,5.0,1.66,t_2549,3225
2023-05-24 09:30,000702.XSHE,300,5.3,5.0,0.0,t_2550,3226
2023-05-29 09:30,300478.XSHE,-1000,10.14,5.0,10.14,t_2551,3232
2023-05-29 09:30,600768.XSHG,-5800,10.98,6.37,63.68,t_2552,3233
2023-05-29 09:30,300169.XSHE,-200,4.13,5.0,0.83,t_2553,3234
2023-05-29 09:30,603389.XSHG,500,5.2,5.0,0.0,t_2554,3235
2023-05-29 09:30,300417.XSHE,-5800,10.49,6.08,60.84,t_2555,3236
2023-05-29 09:30,603709.XSHG,200,17.12,5.0,0.0,t_2556,3237
2023-05-29 09:30,603729.XSHG,-100,14.47,5.0,1.45,t_2557,3238
2023-05-29 09:30,002652.XSHE,24300,2.68,6.51,0.0,t_2558,3239
2023-05-29 09:30,002856.XSHE,6500,10.05,6.53,0.0,t_2559,3240
2023-05-29 09:30,000691.XSHE,100,4.21,5.0,0.0,t_2560,3242
2023-05-29 09:30,603286.XSHG,-100,17.0,5.0,1.7,t_2561,3243
2023-05-29 09:30,000702.XSHE,300,5.18,5.0,0.0,t_2562,3244
2023-06-01 09:30,600768.XSHG,-5800,10.81,6.27,62.7,t_2563,3249
2023-06-01 09:30,300169.XSHE,-300,4.07,5.0,1.22,t_2564,3250
2023-06-01 09:30,603389.XSHG,-400,5.14,5.0,2.06,t_2565,3251
2023-06-01 09:30,300417.XSHE,-6100,10.38,6.33,63.32,t_2566,3252
2023-06-01 09:30,603729.XSHG,3700,14.69,5.44,0.0,t_2567,3253
2023-06-01 09:30,002652.XSHE,2600,2.57,5.0,0.0,t_2568,3254
2023-06-01 09:30,002856.XSHE,-400,10.02,5.0,4.01,t_2569,3255
2023-06-01 09:30,600455.XSHG,3200,22.2,7.1,0.0,t_2570,3256
2023-06-01 09:30,000691.XSHE,300,4.11,5.0,0.0,t_2571,3257
2023-06-01 09:30,603286.XSHG,-3700,16.82,6.22,62.23,t_2572,3258
2023-06-01 09:30,000702.XSHE,12200,5.06,6.17,0.0,t_2573,3259
2023-06-01 09:30,000691.XSHE,100,4.11,5.0,0.0,t_2574,3261
2023-06-06 09:30,600768.XSHG,-5700,10.9,6.21,62.13,t_2575,3265
2023-06-06 09:30,300169.XSHE,1600,4.1,5.0,0.0,t_2576,3266
2023-06-06 09:30,603389.XSHG,-3700,5.65,5.0,20.91,t_2577,3267
2023-06-06 09:30,300417.XSHE,100,10.51,5.0,0.0,t_2578,3268
2023-06-06 09:30,603709.XSHG,-200,17.52,5.0,3.5,t_2579,3269
2023-06-06 09:30,603729.XSHG,-400,15.61,5.0,6.24,t_2580,3270
2023-06-06 09:30,002652.XSHE,500,2.64,5.0,0.0,t_2581,3271
2023-06-06 09:30,002856.XSHE,1000,9.99,5.0,0.0,t_2582,3272
2023-06-06 09:30,600455.XSHG,2200,23.22,5.11,0.0,t_2583,3273
2023-06-06 09:30,000691.XSHE,5400,4.2,5.0,0.0,t_2584,3274
2023-06-09 09:30,603709.XSHG,-200,17.5,5.0,3.5,t_2585,3284
2023-06-09 09:30,603729.XSHG,-4200,15.6,6.55,65.52,t_2586,3285
2023-06-09 09:30,002652.XSHE,-3200,2.68,5.0,8.58,t_2587,3286
2023-06-09 09:30,002856.XSHE,-400,10.02,5.0,4.01,t_2588,3287
2023-06-09 09:30,000691.XSHE,19600,4.14,8.11,0.0,t_2589,3288
2023-06-14 09:30,603729.XSHG,-4200,15.86,6.66,66.61,t_2590,3302
2023-06-14 09:30,002652.XSHE,1600,2.64,5.0,0.0,t_2591,3303
2023-06-14 09:30,002856.XSHE,300,9.87,5.0,0.0,t_2592,3304
2023-06-14 09:30,600455.XSHG,-2600,22.97,5.97,59.72,t_2593,3305
2023-06-14 09:30,000691.XSHE,5800,4.16,5.0,0.0,t_2594,3306
2023-06-14 09:30,000702.XSHE,10600,5.31,5.63,0.0,t_2595,3307
2023-06-14 09:30,300478.XSHE,1300,9.66,5.0,0.0,t_2596,3308
2023-06-14 09:30,300169.XSHE,700,4.01,5.0,0.0,t_2597,3309
2023-06-14 09:30,603389.XSHG,4500,5.14,5.0,0.0,t_2598,3310
2023-06-14 09:30,300210.XSHE,100,2.93,5.0,0.0,t_2599,3313
2023-06-19 09:30,300478.XSHE,-700,9.85,5.0,6.9,t_2600,3315
2023-06-19 09:30,300169.XSHE,-700,4.02,5.0,2.81,t_2601,3316
2023-06-19 09:30,603389.XSHG,900,5.04,5.0,0.0,t_2602,3317
2023-06-19 09:30,300417.XSHE,500,10.04,5.0,0.0,t_2603,3318
2023-06-19 09:30,603729.XSHG,-3800,15.43,5.86,58.63,t_2604,3320
2023-06-19 09:30,002652.XSHE,400,2.61,5.0,0.0,t_2605,3321
2023-06-19 09:30,002856.XSHE,300,9.7,5.0,0.0,t_2606,3322
2023-06-19 09:30,600455.XSHG,-2700,22.78,6.15,61.51,t_2607,3323
2023-06-19 09:30,000702.XSHE,-12200,5.34,6.51,65.15,t_2608,3324
2023-06-19 09:30,300210.XSHE,21200,2.91,6.17,0.0,t_2609,3325
2023-06-19 09:30,603709.XSHG,300,17.0,5.0,0.0,t_2610,3326
2023-06-19 09:30,000609.XSHE,25100,4.55,11.42,0.0,t_2611,3327
2023-06-26 09:30,603729.XSHG,-4100,14.55,5.97,59.66,t_2612,3333
2023-06-26 09:30,002652.XSHE,3000,2.43,5.0,0.0,t_2613,3334
2023-06-26 09:30,002856.XSHE,200,9.22,5.0,0.0,t_2614,3335
2023-06-26 09:30,600455.XSHG,-2800,22.12,6.19,61.94,t_2615,3336
2023-06-26 09:30,000691.XSHE,200,3.93,5.0,0.0,t_2616,3337
2023-06-26 09:30,000702.XSHE,-12300,5.25,6.46,64.58,t_2617,3338
2023-06-26 09:30,300210.XSHE,-300,2.82,5.0,0.85,t_2618,3339
2023-06-26 09:30,000609.XSHE,31600,4.17,13.18,0.0,t_2619,3340
2023-06-26 09:30,300169.XSHE,1700,3.75,5.0,0.0,t_2620,3341
2023-06-26 09:30,603389.XSHG,100,4.8,5.0,0.0,t_2621,3342
2023-06-26 09:30,300417.XSHE,3900,9.65,5.0,0.0,t_2622,3343
2023-06-29 09:30,300169.XSHE,200,3.96,5.0,0.0,t_2623,3347
2023-06-29 09:30,000702.XSHE,-10800,5.35,5.78,57.78,t_2624,3352
2023-06-29 09:30,300210.XSHE,200,2.96,5.0,0.0,t_2625,3353
2023-06-29 09:30,300478.XSHE,600,9.75,5.0,0.0,t_2626,3354
2023-06-29 09:30,300169.XSHE,400,3.96,5.0,0.0,t_2627,3355
2023-06-29 09:30,002856.XSHE,1500,9.36,5.0,0.0,t_2628,3356
2023-06-29 09:30,603389.XSHG,300,5.08,5.0,0.0,t_2629,3357
2023-06-29 09:30,002652.XSHE,2600,2.53,5.0,0.0,t_2630,3358
2023-06-29 09:30,300417.XSHE,2700,10.13,5.0,0.0,t_2631,3359
2023-06-29 14:00,000609.XSHE,-16900,4.81,8.13,81.29,t_2632,3364
2023-07-04 09:30,300478.XSHE,-400,10.4,5.0,4.16,t_2633,3365
2023-07-04 09:30,300169.XSHE,-2800,4.3,5.0,12.04,t_2634,3366
2023-07-04 09:30,603389.XSHG,-1500,5.46,5.0,8.19,t_2635,3367
2023-07-04 09:30,300417.XSHE,5600,10.66,5.97,0.0,t_2636,3368
2023-07-04 09:30,603709.XSHG,100,17.99,5.0,0.0,t_2637,3369
2023-07-04 09:30,002652.XSHE,-2200,2.7,5.0,5.94,t_2638,3370
2023-07-04 09:30,002856.XSHE,-800,10.08,5.0,8.06,t_2639,3371
2023-07-04 09:30,000702.XSHE,-11800,5.53,6.53,65.25,t_2640,3372
2023-07-04 09:30,000609.XSHE,16500,4.68,7.72,0.0,t_2641,3373
2023-07-04 09:30,300321.XSHE,2800,16.41,5.0,0.0,t_2642,3374
2023-07-05 14:00,000691.XSHE,-32200,4.62,14.88,148.76,t_2643,3378
2023-07-07 09:30,300478.XSHE,-300,10.6,5.0,3.18,t_2644,3379
2023-07-07 09:30,300169.XSHE,700,4.3,5.0,0.0,t_2645,3380
2023-07-07 09:30,603389.XSHG,-300,5.55,5.0,1.67,t_2646,3381
2023-07-07 09:30,300417.XSHE,-6400,10.94,7.0,70.02,t_2647,3382
2023-07-07 09:30,603709.XSHG,-300,18.6,5.0,5.58,t_2648,3383
2023-07-07 09:30,002652.XSHE,200,2.72,5.0,0.0,t_2649,3384
2023-07-07 09:30,002856.XSHE,200,10.09,5.0,0.0,t_2650,3385
2023-07-07 09:30,300210.XSHE,-21200,3.15,6.68,66.78,t_2651,3386
2023-07-07 09:30,000609.XSHE,-300,4.76,5.0,1.43,t_2652,3387
2023-07-07 09:30,300321.XSHE,13200,16.6,21.91,0.0,t_2653,3388
2023-07-07 09:30,600768.XSHG,6000,11.09,6.65,0.0,t_2654,3389
2023-07-07 09:30,603729.XSHG,300,15.3,5.0,0.0,t_2655,3390
2023-07-07 14:00,000691.XSHE,-15400,4.82,7.42,74.23,t_2656,3392
2023-07-12 09:30,300478.XSHE,500,10.38,5.0,0.0,t_2657,3393
2023-07-12 09:30,300169.XSHE,-300,4.32,5.0,1.3,t_2658,3394
2023-07-12 09:30,603389.XSHG,-12800,5.64,7.22,72.19,t_2659,3395
2023-07-12 09:30,603709.XSHG,200,18.28,5.0,0.0,t_2660,3396
2023-07-12 09:30,002652.XSHE,-1300,2.75,5.0,3.58,t_2661,3397
2023-07-12 09:30,002856.XSHE,-200,10.15,5.0,2.03,t_2662,3398
2023-07-12 09:30,000691.XSHE,-13200,4.62,6.1,60.98,t_2663,3399
2023-07-12 09:30,000609.XSHE,-800,4.83,5.0,3.86,t_2664,3400
2023-07-12 09:30,603729.XSHG,13500,15.54,20.98,0.0,t_2665,3401
2023-07-17 09:30,300478.XSHE,-500,10.46,5.0,5.23,t_2666,3404
2023-07-17 09:30,300169.XSHE,-1900,4.38,5.0,8.32,t_2667,3405
2023-07-17 09:30,603389.XSHG,400,5.52,5.0,0.0,t_2668,3406
2023-07-17 09:30,300417.XSHE,100,10.71,5.0,0.0,t_2669,3407
2023-07-17 09:30,603709.XSHG,-1500,15.79,5.0,23.68,t_2670,3408
2023-07-17 09:30,002652.XSHE,-400,2.73,5.0,1.09,t_2671,3409
2023-07-17 09:30,002856.XSHE,-200,10.11,5.0,2.02,t_2672,3410
2023-07-17 09:30,000691.XSHE,-14500,4.66,6.76,67.57,t_2673,3411
2023-07-17 09:30,300321.XSHE,-200,16.69,5.0,3.34,t_2674,3412
2023-07-17 09:30,600768.XSHG,5900,11.0,6.49,0.0,t_2675,3413
2023-07-17 09:30,603729.XSHG,2700,15.91,5.0,0.0,t_2676,3414
2023-07-17 14:00,000609.XSHE,-15600,5.0,7.8,78.0,t_2677,3417
2023-07-20 09:30,300169.XSHE,-1600,4.58,5.0,7.33,t_2678,3418
2023-07-20 09:30,300417.XSHE,100,10.89,5.0,0.0,t_2679,3419
2023-07-20 09:30,603709.XSHG,-4300,16.42,7.06,70.61,t_2680,3420
2023-07-20 09:30,002652.XSHE,-400,2.8,5.0,1.12,t_2681,3421
2023-07-20 09:30,002856.XSHE,-100,10.38,5.0,1.04,t_2682,3422
2023-07-20 09:30,000609.XSHE,-600,5.18,5.0,3.11,t_2683,3423
2023-07-20 09:30,600768.XSHG,6300,11.05,6.96,0.0,t_2684,3424
2023-07-20 09:30,603729.XSHG,4500,16.0,7.2,0.0,t_2685,3425
2023-07-20 09:30,600455.XSHG,800,23.46,5.0,0.0,t_2686,3426
2023-07-25 09:30,300417.XSHE,-900,11.53,5.0,10.38,t_2687,3429
2023-07-25 09:30,603709.XSHG,-4300,16.81,7.23,72.28,t_2688,3430
2023-07-25 09:30,002652.XSHE,1200,2.78,5.0,0.0,t_2689,3431
2023-07-25 09:30,002856.XSHE,-100,10.44,5.0,1.04,t_2690,3432
2023-07-25 09:30,000609.XSHE,-13500,5.32,7.18,71.82,t_2691,3433
2023-07-25 09:30,600768.XSHG,6100,11.09,6.76,0.0,t_2692,3434
2023-07-25 09:30,603729.XSHG,200,15.91,5.0,0.0,t_2693,3435
2023-07-25 09:30,600455.XSHG,3400,23.48,7.98,0.0,t_2694,3436
2023-07-25 09:30,300478.XSHE,100,10.64,5.0,0.0,t_2695,3437
2023-07-25 09:30,300169.XSHE,100,4.47,5.0,0.0,t_2696,3438
2023-07-28 09:30,300169.XSHE,-1000,4.7,5.0,4.7,t_2697,3442
2023-07-28 09:30,603389.XSHG,100,5.71,5.0,0.0,t_2698,3443
2023-07-28 09:30,300417.XSHE,300,10.96,5.0,0.0,t_2699,3444
2023-07-28 09:30,603709.XSHG,-4000,17.05,6.82,68.2,t_2700,3445
2023-07-28 09:30,002652.XSHE,-2900,2.88,5.0,8.35,t_2701,3446
2023-07-28 09:30,002856.XSHE,-700,10.79,5.0,7.55,t_2702,3447
2023-07-28 09:30,000609.XSHE,-12800,5.41,6.92,69.25,t_2703,3448
2023-07-28 09:30,300321.XSHE,100,17.15,5.0,0.0,t_2704,3449
2023-07-28 09:30,600768.XSHG,6500,11.08,7.2,0.0,t_2705,3450
2023-07-28 09:30,603729.XSHG,400,15.75,5.0,0.0,t_2706,3451
2023-07-28 09:30,600455.XSHG,3100,23.11,7.16,0.0,t_2707,3452
2023-07-28 09:30,300478.XSHE,100,10.75,5.0,0.0,t_2708,3453
2023-07-28 09:30,300417.XSHE,100,10.96,5.0,0.0,t_2709,3455
2023-07-31 14:00,000609.XSHE,-400,5.9,5.0,2.36,t_2710,3457
2023-08-01 14:00,300169.XSHE,-20300,6.89,13.99,139.87,t_2711,3458
2023-08-02 09:30,300478.XSHE,1400,10.83,5.0,0.0,t_2712,3459
2023-08-02 09:30,300169.XSHE,-8200,6.51,5.34,53.38,t_2713,3460
2023-08-02 09:30,603389.XSHG,13500,5.85,7.9,0.0,t_2714,3461
2023-08-02 09:30,300417.XSHE,8400,10.88,9.14,0.0,t_2715,3462
2023-08-02 09:30,603709.XSHG,-4100,16.98,6.96,69.62,t_2716,3463
2023-08-02 09:30,002652.XSHE,2300,2.97,5.0,0.0,t_2717,3464
2023-08-02 09:30,002856.XSHE,1500,10.8,5.0,0.0,t_2718,3465
2023-08-02 09:30,000609.XSHE,-12300,5.59,6.88,68.76,t_2719,3466
2023-08-02 09:30,300321.XSHE,5000,17.13,8.57,0.0,t_2720,3467
2023-08-02 09:30,600768.XSHG,1400,11.12,5.0,0.0,t_2721,3468
2023-08-02 09:30,603729.XSHG,100,16.49,5.0,0.0,t_2722,3469
2023-08-02 09:30,600455.XSHG,900,23.05,5.0,0.0,t_2723,3470
2023-08-02 09:30,300535.XSHE,100,14.94,5.0,0.0,t_2724,3472
2023-08-03 14:00,300417.XSHE,-2500,12.33,5.0,30.82,t_2725,3474
2023-08-04 14:00,300169.XSHE,-11300,8.98,10.15,101.47,t_2726,3475
2023-08-07 09:30,300478.XSHE,1800,10.45,5.0,0.0,t_2727,3476
2023-08-07 09:30,300169.XSHE,-6600,8.35,5.51,55.11,t_2728,3477
2023-08-07 09:30,603389.XSHG,3000,5.67,5.0,0.0,t_2729,3478
2023-08-07 09:30,300417.XSHE,-6400,12.52,8.01,80.13,t_2730,3479
2023-08-07 09:30,002652.XSHE,4000,2.92,5.0,0.0,t_2731,3480
2023-08-07 09:30,002856.XSHE,700,10.75,5.0,0.0,t_2732,3481
2023-08-07 09:30,300321.XSHE,1100,16.56,5.0,0.0,t_2733,3482
2023-08-07 09:30,600768.XSHG,1500,10.82,5.0,0.0,t_2734,3483
2023-08-07 09:30,603729.XSHG,1400,15.74,5.0,0.0,t_2735,3484
2023-08-07 09:30,600455.XSHG,6900,22.55,15.56,0.0,t_2736,3485
2023-08-10 09:30,300478.XSHE,-200,10.4,5.0,2.08,t_2737,3491
2023-08-10 09:30,300169.XSHE,-8700,8.21,7.14,71.43,t_2738,3492
2023-08-10 09:30,603389.XSHG,-100,5.61,5.0,0.56,t_2739,3493
2023-08-10 09:30,300417.XSHE,-5400,12.0,6.48,64.8,t_2740,3494
2023-08-10 09:30,002652.XSHE,1900,2.84,5.0,0.0,t_2741,3495
2023-08-10 09:30,002856.XSHE,-700,10.86,5.0,7.6,t_2742,3496
2023-08-10 09:30,300321.XSHE,100,16.29,5.0,0.0,t_2743,3497
2023-08-10 09:30,603729.XSHG,300,15.35,5.0,0.0,t_2744,3498
2023-08-10 09:30,600455.XSHG,1000,22.32,5.0,0.0,t_2745,3499
2023-08-10 09:30,300535.XSHE,7700,14.48,11.15,0.0,t_2746,3500
2023-08-10 09:30,300210.XSHE,200,3.31,5.0,0.0,t_2747,3503
2023-08-11 14:00,002652.XSHE,-9100,3.06,5.0,27.85,t_2748,3505
2023-08-15 09:30,300478.XSHE,200,10.23,5.0,0.0,t_2749,3506
2023-08-15 09:30,300169.XSHE,-7700,7.3,5.62,56.21,t_2750,3507
2023-08-15 09:30,603389.XSHG,500,5.53,5.0,0.0,t_2751,3508
2023-08-15 09:30,300417.XSHE,7200,11.0,7.92,0.0,t_2752,3509
2023-08-15 09:30,002652.XSHE,-23200,3.03,7.03,70.3,t_2753,3510
2023-08-15 09:30,002856.XSHE,1300,10.35,5.0,0.0,t_2754,3511
2023-08-15 09:30,300321.XSHE,-500,16.58,5.0,8.29,t_2755,3512
2023-08-15 09:30,600768.XSHG,-100,10.66,5.0,1.07,t_2756,3513
2023-08-15 09:30,600455.XSHG,-300,22.65,5.0,6.79,t_2757,3514
2023-08-15 09:30,300535.XSHE,4900,14.63,7.17,0.0,t_2758,3515
2023-08-15 09:30,300210.XSHE,-200,3.29,5.0,0.66,t_2759,3516
2023-08-15 09:30,300535.XSHE,100,14.63,5.0,0.0,t_2760,3517
2023-08-17 14:00,002652.XSHE,-3000,3.19,5.0,9.57,t_2761,3522
2023-08-18 09:30,300478.XSHE,-500,10.68,5.0,5.34,t_2762,3523
2023-08-18 09:30,300169.XSHE,-9900,8.05,7.97,79.7,t_2763,3524
2023-08-18 09:30,603389.XSHG,-300,5.71,5.0,1.71,t_2764,3525
2023-08-18 09:30,300417.XSHE,600,11.05,5.0,0.0,t_2765,3526
2023-08-18 09:30,002652.XSHE,-22600,3.2,7.23,72.32,t_2766,3527
2023-08-18 09:30,600768.XSHG,500,10.77,5.0,0.0,t_2767,3528
2023-08-18 09:30,600455.XSHG,200,22.85,5.0,0.0,t_2768,3529
2023-08-18 09:30,300535.XSHE,1600,15.2,5.0,0.0,t_2769,3530
2023-08-18 09:30,300929.XSHE,6100,11.92,7.27,0.0,t_2770,3531
2023-08-18 09:30,002058.XSHE,5200,10.57,5.5,0.0,t_2771,3532
2023-08-23 09:30,300478.XSHE,-100,10.72,5.0,1.07,t_2772,3534
2023-08-23 09:30,603389.XSHG,200,5.59,5.0,0.0,t_2773,3535
2023-08-23 09:30,300417.XSHE,-7100,11.55,8.2,82.0,t_2774,3536
2023-08-23 09:30,002652.XSHE,-20200,3.02,6.1,61.0,t_2775,3537
2023-08-23 09:30,002856.XSHE,100,10.6,5.0,0.0,t_2776,3538
2023-08-23 09:30,600768.XSHG,400,10.64,5.0,0.0,t_2777,3539
2023-08-23 09:30,603729.XSHG,-300,15.91,5.0,4.77,t_2778,3540
2023-08-23 09:30,600455.XSHG,-300,23.5,5.0,7.05,t_2779,3541
2023-08-23 09:30,300535.XSHE,-4600,15.1,6.95,69.46,t_2780,3542
2023-08-23 09:30,002058.XSHE,20900,10.44,21.82,0.0,t_2781,3543
2023-08-23 09:30,603389.XSHG,100,5.59,5.0,0.0,t_2782,3544
2023-08-28 09:30,300478.XSHE,-600,10.97,5.0,6.58,t_2783,3548
2023-08-28 09:30,603389.XSHG,1200,5.57,5.0,0.0,t_2784,3549
2023-08-28 09:30,300321.XSHE,-4600,17.43,8.02,80.18,t_2785,3552
2023-08-28 09:30,600768.XSHG,100,10.65,5.0,0.0,t_2786,3553
2023-08-28 09:30,603729.XSHG,-300,16.2,5.0,4.86,t_2787,3554
2023-08-28 09:30,600455.XSHG,300,22.99,5.0,0.0,t_2788,3555
2023-08-28 09:30,300535.XSHE,-4800,15.0,7.2,72.0,t_2789,3556
2023-08-28 09:30,300929.XSHE,-6100,12.7,7.75,77.47,t_2790,3557
2023-08-28 09:30,002058.XSHE,800,10.94,5.0,0.0,t_2791,3558
2023-08-28 09:30,002856.XSHE,500,10.5,5.0,0.0,t_2792,3559
2023-08-28 09:30,603389.XSHG,300,5.57,5.0,0.0,t_2793,3560
2023-08-28 09:30,002652.XSHE,3200,2.84,5.0,0.0,t_2794,3561
2023-08-28 09:30,002633.XSHE,19200,10.45,20.06,0.0,t_2795,3562
2023-08-31 09:30,603389.XSHG,-2100,5.93,5.0,12.45,t_2796,3566
2023-08-31 09:30,300417.XSHE,-700,12.63,5.0,8.84,t_2797,3567
2023-08-31 09:30,002652.XSHE,-200,2.94,5.0,0.59,t_2798,3568
2023-08-31 09:30,002856.XSHE,-200,10.9,5.0,2.18,t_2799,3569
2023-08-31 09:30,300321.XSHE,100,17.67,5.0,0.0,t_2800,3570
2023-08-31 09:30,600768.XSHG,500,10.8,5.0,0.0,t_2801,3571
2023-08-31 09:30,603729.XSHG,200,16.49,5.0,0.0,t_2802,3572
2023-08-31 09:30,300535.XSHE,-5000,15.76,7.88,78.8,t_2803,3573
2023-08-31 09:30,002058.XSHE,-6900,11.42,7.88,78.8,t_2804,3574
2023-08-31 09:30,002633.XSHE,16300,10.52,17.15,0.0,t_2805,3575
2023-09-05 09:30,300417.XSHE,-5700,12.27,6.99,69.94,t_2806,3582
2023-09-05 09:30,002652.XSHE,22700,3.09,7.01,0.0,t_2807,3583
2023-09-05 09:30,600768.XSHG,-100,11.14,5.0,1.11,t_2808,3586
2023-09-05 09:30,002058.XSHE,-6900,11.97,8.26,82.59,t_2809,3589
2023-09-05 09:30,002633.XSHE,400,10.83,5.0,0.0,t_2810,3590
2023-09-05 09:30,300478.XSHE,1200,11.13,5.0,0.0,t_2811,3591
2023-09-05 09:30,002856.XSHE,600,10.95,5.0,0.0,t_2812,3592
2023-09-05 09:30,002652.XSHE,1200,3.09,5.0,0.0,t_2813,3593
2023-09-05 09:30,600455.XSHG,400,23.7,5.0,0.0,t_2814,3594
2023-09-05 09:30,603729.XSHG,400,16.64,5.0,0.0,t_2815,3595
2023-09-05 09:30,603709.XSHG,2200,17.92,5.0,0.0,t_2816,3596
2023-09-05 14:00,603389.XSHG,-14400,6.17,8.88,88.85,t_2817,3601
2023-09-08 09:30,300478.XSHE,100,10.92,5.0,0.0,t_2818,3602
2023-09-08 09:30,300417.XSHE,100,11.65,5.0,0.0,t_2819,3603
2023-09-08 09:30,002652.XSHE,25000,3.04,7.6,0.0,t_2820,3604
2023-09-08 09:30,002856.XSHE,-300,10.88,5.0,3.26,t_2821,3605
2023-09-08 09:30,300321.XSHE,200,17.64,5.0,0.0,t_2822,3606
2023-09-08 09:30,600768.XSHG,-100,10.99,5.0,1.1,t_2823,3607
2023-09-08 09:30,603729.XSHG,700,15.8,5.0,0.0,t_2824,3608
2023-09-08 09:30,002058.XSHE,-6700,11.98,8.03,80.27,t_2825,3609
2023-09-08 09:30,002633.XSHE,-8000,10.97,8.78,87.76,t_2826,3610
2023-09-08 09:30,603709.XSHG,6700,17.07,11.44,0.0,t_2827,3611
2023-09-08 09:30,603729.XSHG,100,15.8,5.0,0.0,t_2828,3612
2023-09-08 09:30,300736.XSHE,4200,12.35,5.19,0.0,t_2829,3613
2023-09-13 09:30,300478.XSHE,-1000,10.97,5.0,10.97,t_2830,3617
2023-09-13 09:30,603389.XSHG,-9300,5.53,5.14,51.43,t_2831,3618
2023-09-13 09:30,002652.XSHE,21200,2.95,6.25,0.0,t_2832,3619
2023-09-13 09:30,300321.XSHE,-4700,17.78,8.36,83.57,t_2833,3621
2023-09-13 09:30,600768.XSHG,100,10.6,5.0,0.0,t_2834,3622
2023-09-13 09:30,603729.XSHG,-200,15.52,5.0,3.1,t_2835,3623
2023-09-13 09:30,600455.XSHG,-300,23.16,5.0,6.95,t_2836,3624
2023-09-13 09:30,002058.XSHE,-6400,12.24,7.83,78.34,t_2837,3625
2023-09-13 09:30,002633.XSHE,-6700,10.55,7.07,70.69,t_2838,3626
2023-09-13 09:30,603709.XSHG,200,16.26,5.0,0.0,t_2839,3627
2023-09-13 09:30,300736.XSHE,1800,12.34,5.0,0.0,t_2840,3628
2023-09-13 09:30,002856.XSHE,100,10.52,5.0,0.0,t_2841,3629
2023-09-13 09:30,002652.XSHE,4300,2.95,5.0,0.0,t_2842,3630
2023-09-13 09:30,000691.XSHE,42900,4.71,20.21,0.0,t_2843,3631
2023-09-18 09:30,603389.XSHG,-1200,5.67,5.0,6.8,t_2844,3634
2023-09-18 09:30,300417.XSHE,600,11.44,5.0,0.0,t_2845,3635
2023-09-18 09:30,002652.XSHE,-300,2.94,5.0,0.88,t_2846,3636
2023-09-18 09:30,603729.XSHG,-100,15.52,5.0,1.55,t_2847,3640
2023-09-18 09:30,600455.XSHG,100,22.54,5.0,0.0,t_2848,3641
2023-09-18 09:30,002633.XSHE,-6800,10.3,7.0,70.04,t_2849,3642
2023-09-18 09:30,603709.XSHG,-4700,16.9,7.94,79.43,t_2850,3643
2023-09-18 09:30,300736.XSHE,-6000,12.27,7.36,73.62,t_2851,3644
2023-09-18 09:30,000691.XSHE,34700,4.76,16.52,0.0,t_2852,3645
2023-09-18 09:30,300478.XSHE,100,10.82,5.0,0.0,t_2853,3646
2023-09-18 09:30,002856.XSHE,100,10.42,5.0,0.0,t_2854,3647
2023-09-18 09:30,600768.XSHG,100,10.51,5.0,0.0,t_2855,3648
2023-09-18 09:30,600455.XSHG,200,22.54,5.0,0.0,t_2856,3649
2023-09-18 09:30,300321.XSHE,2900,17.3,5.02,0.0,t_2857,3650
2023-09-19 14:00,603389.XSHG,-2100,6.0,5.0,12.6,t_2858,3653
2023-09-21 09:30,300478.XSHE,200,10.78,5.0,0.0,t_2859,3654
2023-09-21 09:30,603389.XSHG,-11600,5.82,6.75,67.51,t_2860,3655
2023-09-21 09:30,300417.XSHE,7000,11.0,7.7,0.0,t_2861,3656
2023-09-21 09:30,002652.XSHE,-300,2.95,5.0,0.89,t_2862,3657
2023-09-21 09:30,002856.XSHE,-200,10.54,5.0,2.11,t_2863,3658
2023-09-21 09:30,300321.XSHE,200,17.52,5.0,0.0,t_2864,3659
2023-09-21 09:30,600768.XSHG,-100,10.59,5.0,1.06,t_2865,3660
2023-09-21 09:30,600455.XSHG,-100,22.8,5.0,2.28,t_2866,3662
2023-09-21 09:30,002633.XSHE,-7200,10.37,7.47,74.66,t_2867,3663
2023-09-21 09:30,000691.XSHE,2100,4.64,5.0,0.0,t_2868,3664
2023-09-21 09:30,603729.XSHG,300,15.24,5.0,0.0,t_2869,3665
2023-09-21 09:30,300321.XSHE,1100,17.52,5.0,0.0,t_2870,3666
2023-09-21 09:30,300417.XSHE,4000,11.0,5.0,0.0,t_2871,3667
2023-09-26 09:30,603389.XSHG,100,5.85,5.0,0.0,t_2872,3670
2023-09-26 09:30,300321.XSHE,-4300,17.75,7.63,76.33,t_2873,3673
2023-09-26 09:30,600768.XSHG,100,10.49,5.0,0.0,t_2874,3674
2023-09-26 09:30,603729.XSHG,-300,15.44,5.0,4.63,t_2875,3675
2023-09-26 09:30,002633.XSHE,-7200,10.47,7.54,75.38,t_2876,3676
2023-09-26 09:30,000691.XSHE,1200,4.56,5.0,0.0,t_2877,3677
2023-09-26 09:30,300478.XSHE,200,10.67,5.0,0.0,t_2878,3678
2023-09-26 09:30,603389.XSHG,12200,5.85,7.14,0.0,t_2879,3679
2023-09-26 09:30,002652.XSHE,2100,2.89,5.0,0.0,t_2880,3680
2023-09-26 09:30,300417.XSHE,6200,11.28,6.99,0.0,t_2881,3681
2023-10-09 09:30,300478.XSHE,-200,11.02,5.0,2.2,t_2882,3683
2023-10-09 09:30,603389.XSHG,400,5.74,5.0,0.0,t_2883,3684
2023-10-09 09:30,300417.XSHE,-5000,11.77,5.89,58.85,t_2884,3685
2023-10-09 09:30,002652.XSHE,-3000,3.03,5.0,9.09,t_2885,3686
2023-10-09 09:30,002856.XSHE,-200,10.79,5.0,2.16,t_2886,3687
2023-10-09 09:30,300321.XSHE,-4100,18.08,7.41,74.13,t_2887,3688
2023-10-09 09:30,600768.XSHG,100,10.71,5.0,0.0,t_2888,3689
2023-10-09 09:30,000691.XSHE,900,4.61,5.0,0.0,t_2889,3690
2023-10-09 09:30,603389.XSHG,14400,5.74,8.27,0.0,t_2890,3691
2023-10-09 09:30,300929.XSHE,4700,11.86,5.57,0.0,t_2891,3692
2023-10-12 09:30,603729.XSHG,-100,15.93,5.0,1.59,t_2892,3700
2023-10-12 09:30,603709.XSHG,-4400,16.57,7.29,72.91,t_2893,3701
2023-10-12 09:30,000691.XSHE,2400,4.49,5.0,0.0,t_2894,3702
2023-10-12 09:30,300929.XSHE,5500,11.65,6.41,0.0,t_2895,3703
2023-10-13 14:00,002652.XSHE,-39600,3.48,13.78,137.81,t_2896,3713
2023-10-17 09:30,300478.XSHE,-200,10.91,5.0,2.18,t_2897,3714
2023-10-17 09:30,603389.XSHG,-400,5.69,5.0,2.28,t_2898,3715
2023-10-17 09:30,300417.XSHE,-6100,11.28,6.88,68.81,t_2899,3716
2023-10-17 09:30,002652.XSHE,-16500,3.25,5.36,53.62,t_2900,3717
2023-10-17 09:30,002856.XSHE,800,10.35,5.0,0.0,t_2901,3718
2023-10-17 09:30,300321.XSHE,-4100,17.26,7.08,70.77,t_2902,3719
2023-10-17 09:30,600768.XSHG,300,10.43,5.0,0.0,t_2903,3720
2023-10-17 09:30,603729.XSHG,900,15.0,5.0,0.0,t_2904,3721
2023-10-17 09:30,600455.XSHG,100,22.6,5.0,0.0,t_2905,3722
2023-10-17 09:30,000691.XSHE,-200,4.42,5.0,0.88,t_2906,3723
2023-10-17 09:30,300929.XSHE,22400,11.38,25.49,0.0,t_2907,3724
2023-10-17 09:30,600539.XSHG,8200,6.5,5.33,0.0,t_2908,3725
2023-10-20 09:30,603389.XSHG,100,5.53,5.0,0.0,t_2909,3727
2023-10-20 09:30,300417.XSHE,-6600,11.15,7.36,73.59,t_2910,3728
2023-10-20 09:30,002652.XSHE,-20500,3.03,6.21,62.11,t_2911,3729
2023-10-20 09:30,300321.XSHE,-4300,17.03,7.32,73.23,t_2912,3730
2023-10-20 09:30,600768.XSHG,100,10.2,5.0,0.0,t_2913,3731
2023-10-20 09:30,603729.XSHG,-400,15.0,5.0,6.0,t_2914,3732
2023-10-20 09:30,300929.XSHE,100,11.09,5.0,0.0,t_2915,3733
2023-10-20 09:30,600539.XSHG,33400,6.36,21.24,0.0,t_2916,3734
2023-10-25 09:30,300478.XSHE,-1200,11.43,5.0,13.72,t_2917,3738
2023-10-25 09:30,603389.XSHG,2400,5.73,5.0,0.0,t_2918,3739
2023-10-25 09:30,300417.XSHE,-6600,11.5,7.59,75.9,t_2919,3740
2023-10-25 09:30,002652.XSHE,-23600,3.09,7.29,72.92,t_2920,3741
2023-10-25 09:30,002856.XSHE,-200,10.57,5.0,2.11,t_2921,3742
2023-10-25 09:30,600768.XSHG,800,10.31,5.0,0.0,t_2922,3743
2023-10-25 09:30,603729.XSHG,-800,16.0,5.0,12.8,t_2923,3744
2023-10-25 09:30,600455.XSHG,200,22.6,5.0,0.0,t_2924,3745
2023-10-25 09:30,000691.XSHE,-1000,4.53,5.0,4.53,t_2925,3746
2023-10-25 09:30,300929.XSHE,600,11.28,5.0,0.0,t_2926,3747
2023-10-25 09:30,600539.XSHG,15600,6.57,10.25,0.0,t_2927,3748
2023-10-25 09:30,603389.XSHG,8000,5.73,5.0,0.0,t_2928,3749
2023-10-30 09:30,300478.XSHE,-200,11.88,5.0,2.38,t_2929,3752
2023-10-30 09:30,603389.XSHG,-11800,6.1,7.2,71.98,t_2930,3753
2023-10-30 09:30,002652.XSHE,-24400,3.14,7.66,76.62,t_2931,3754
2023-10-30 09:30,002856.XSHE,-100,10.94,5.0,1.09,t_2932,3755
2023-10-30 09:30,603729.XSHG,-100,16.58,5.0,1.66,t_2933,3756
2023-10-30 09:30,600455.XSHG,100,23.16,5.0,0.0,t_2934,3757
2023-10-30 09:30,000691.XSHE,1400,4.59,5.0,0.0,t_2935,3758
2023-10-30 09:30,300929.XSHE,-200,11.71,5.0,2.34,t_2936,3759
2023-10-30 09:30,600539.XSHG,200,6.74,5.0,0.0,t_2937,3760
2023-10-30 09:30,002633.XSHE,13900,10.5,14.6,0.0,t_2938,3761
2023-11-02 09:30,600768.XSHG,-200,10.85,5.0,2.17,t_2939,3766
2023-11-02 09:30,603729.XSHG,-300,16.99,5.0,5.1,t_2940,3767
2023-11-02 09:30,600455.XSHG,200,23.17,5.0,0.0,t_2941,3768
2023-11-02 09:30,000691.XSHE,-1400,4.73,5.0,6.62,t_2942,3769
2023-11-02 09:30,600539.XSHG,-1000,6.96,5.0,6.96,t_2943,3770
2023-11-02 09:30,002633.XSHE,1500,10.79,5.0,0.0,t_2944,3771
2023-11-07 09:30,002633.XSHE,-100,10.85,5.0,1.08,t_2945,3785
2023-11-07 09:30,600768.XSHG,100,10.81,5.0,0.0,t_2946,3786
2023-11-09 14:00,603729.XSHG,-10900,27.69,30.18,301.82,t_2947,3796
2023-11-10 09:30,300478.XSHE,1700,12.02,5.0,0.0,t_2948,3797
2023-11-10 09:30,603389.XSHG,3300,6.1,5.0,0.0,t_2949,3798
2023-11-10 09:30,002856.XSHE,2300,10.93,5.0,0.0,t_2950,3799
2023-11-10 09:30,600768.XSHG,1400,10.96,5.0,0.0,t_2951,3800
2023-11-10 09:30,600455.XSHG,300,23.97,5.0,0.0,t_2952,3801
2023-11-10 09:30,000691.XSHE,2600,4.83,5.0,0.0,t_2953,3802
2023-11-10 09:30,300929.XSHE,1500,11.93,5.0,0.0,t_2954,3803
2023-11-10 09:30,600539.XSHG,3100,6.95,5.0,0.0,t_2955,3804
2023-11-10 09:30,002633.XSHE,-7600,10.87,8.26,82.61,t_2956,3805
2023-11-10 09:30,605081.XSHG,17400,13.93,24.24,0.0,t_2957,3806
2023-11-10 09:30,300417.XSHE,100,11.95,5.0,0.0,t_2958,3808
2023-11-15 09:30,603389.XSHG,-100,6.21,5.0,0.62,t_2959,3809
2023-11-15 09:30,002856.XSHE,-400,11.23,5.0,4.49,t_2960,3810
2023-11-15 09:30,603729.XSHG,-4000,20.51,8.2,82.04,t_2961,3811
2023-11-15 09:30,600455.XSHG,-200,24.78,5.0,4.96,t_2962,3812
2023-11-15 09:30,000691.XSHE,-1200,4.97,5.0,5.96,t_2963,3813
2023-11-15 09:30,300929.XSHE,100,12.07,5.0,0.0,t_2964,3814
2023-11-15 09:30,600539.XSHG,-600,7.13,5.0,4.28,t_2965,3815
2023-11-15 09:30,002633.XSHE,7500,10.99,8.24,0.0,t_2966,3816
2023-11-15 09:30,605081.XSHG,1300,14.12,5.0,0.0,t_2967,3817
2023-11-20 09:30,002856.XSHE,-900,11.66,5.0,10.49,t_2968,3824
2023-11-20 09:30,600768.XSHG,100,11.23,5.0,0.0,t_2969,3825
2023-11-20 09:30,603729.XSHG,-4100,20.9,8.57,85.69,t_2970,3826
2023-11-20 09:30,000691.XSHE,-400,5.06,5.0,2.02,t_2971,3827
2023-11-20 09:30,300929.XSHE,200,12.16,5.0,0.0,t_2972,3828
2023-11-20 09:30,600539.XSHG,-12500,7.33,9.16,91.62,t_2973,3829
2023-11-20 09:30,002633.XSHE,300,10.92,5.0,0.0,t_2974,3830
2023-11-20 09:30,605081.XSHG,11200,14.16,15.86,0.0,t_2975,3831
2023-11-20 09:30,300417.XSHE,1900,12.41,5.0,0.0,t_2976,3832
2023-11-20 09:30,603389.XSHG,100,6.33,5.0,0.0,t_2977,3834
2023-11-22 14:00,600455.XSHG,-1200,27.39,5.0,32.87,t_2978,3837
2023-11-23 09:30,300478.XSHE,1000,12.07,5.0,0.0,t_2979,3838
2023-11-23 09:30,603389.XSHG,3300,6.33,5.0,0.0,t_2980,3839
2023-11-23 09:30,600768.XSHG,-300,11.42,5.0,3.43,t_2981,3841
2023-11-23 09:30,603729.XSHG,-4100,22.87,9.38,93.77,t_2982,3842
2023-11-23 09:30,600455.XSHG,-2800,26.41,7.39,73.95,t_2983,3843
2023-11-23 09:30,000691.XSHE,1000,5.03,5.0,0.0,t_2984,3844
2023-11-23 09:30,300929.XSHE,400,12.09,5.0,0.0,t_2985,3845
2023-11-23 09:30,600539.XSHG,-11900,7.44,8.85,88.54,t_2986,3846
2023-11-23 09:30,002633.XSHE,8000,10.88,8.7,0.0,t_2987,3847
2023-11-23 09:30,605081.XSHG,200,14.2,5.0,0.0,t_2988,3848
2023-11-23 09:30,300417.XSHE,11900,12.27,14.6,0.0,t_2989,3849
2023-11-23 09:30,002856.XSHE,800,11.44,5.0,0.0,t_2990,3850
2023-11-23 09:30,603389.XSHG,700,6.33,5.0,0.0,t_2991,3851
2023-11-28 09:30,300478.XSHE,-300,12.3,5.0,3.69,t_2992,3853
2023-11-28 09:30,603389.XSHG,600,6.4,5.0,0.0,t_2993,3854
2023-11-28 09:30,600539.XSHG,-10800,7.31,7.89,78.95,t_2994,3859
2023-11-28 09:30,002633.XSHE,7200,10.95,7.88,0.0,t_2995,3860
2023-11-29 14:00,002856.XSHE,-13200,14.79,19.52,195.23,t_2996,3872
2023-12-01 09:30,300478.XSHE,200,12.43,5.0,0.0,t_2997,3873
2023-12-01 09:30,603389.XSHG,10500,6.33,6.65,0.0,t_2998,3874
2023-12-01 09:30,002856.XSHE,-5500,14.23,7.83,78.27,t_2999,3875
2023-12-01 09:30,600768.XSHG,800,11.43,5.0,0.0,t_3000,3876
2023-12-01 09:30,600455.XSHG,1000,24.98,5.0,0.0,t_3001,3877
2023-12-01 09:30,000691.XSHE,2200,5.03,5.0,0.0,t_3002,3878
2023-12-01 09:30,300929.XSHE,700,12.16,5.0,0.0,t_3003,3879
2023-12-01 09:30,600539.XSHG,-11600,7.31,8.48,84.8,t_3004,3880
2023-12-01 09:30,002633.XSHE,9200,10.98,10.1,0.0,t_3005,3881
2023-12-01 09:30,605081.XSHG,500,14.3,5.0,0.0,t_3006,3882
2023-12-01 09:30,300321.XSHE,6700,18.79,12.59,0.0,t_3007,3883
2023-12-01 09:30,300665.XSHE,100,8.86,5.0,0.0,t_3008,3884
2023-12-06 09:30,300478.XSHE,-500,12.72,5.0,6.36,t_3009,3885
2023-12-06 09:30,603389.XSHG,-500,6.44,5.0,3.22,t_3010,3886
2023-12-06 09:30,002856.XSHE,-6700,14.96,10.02,100.23,t_3011,3887
2023-12-06 09:30,600768.XSHG,200,11.49,5.0,0.0,t_3012,3888
2023-12-06 09:30,600455.XSHG,-200,25.68,5.0,5.14,t_3013,3889
2023-12-06 09:30,000691.XSHE,1200,5.0,5.0,0.0,t_3014,3890
2023-12-06 09:30,300929.XSHE,500,12.12,5.0,0.0,t_3015,3891
2023-12-06 09:30,600539.XSHG,-12100,7.5,9.08,90.75,t_3016,3892
2023-12-06 09:30,002633.XSHE,700,10.89,5.0,0.0,t_3017,3893
2023-12-06 09:30,605081.XSHG,400,14.23,5.0,0.0,t_3018,3894
2023-12-06 09:30,300417.XSHE,200,12.53,5.0,0.0,t_3019,3895
2023-12-06 09:30,300321.XSHE,9200,18.9,17.39,0.0,t_3020,3896
2023-12-06 09:30,300665.XSHE,100,8.77,5.0,0.0,t_3021,3897
2023-12-11 09:30,603389.XSHG,-13600,6.17,8.39,83.91,t_3022,3901
2023-12-11 09:30,002856.XSHE,-5600,13.72,7.68,76.83,t_3023,3902
2023-12-11 09:30,600768.XSHG,-600,11.24,5.0,6.74,t_3024,3903
2023-12-11 09:30,000691.XSHE,-1700,4.91,5.0,8.35,t_3025,3904
2023-12-11 09:30,002633.XSHE,200,10.41,5.0,0.0,t_3026,3905
2023-12-11 09:30,605081.XSHG,400,13.52,5.0,0.0,t_3027,3906
2023-12-11 09:30,300417.XSHE,7400,11.83,8.75,0.0,t_3028,3907
2023-12-11 09:30,300321.XSHE,4400,18.07,7.95,0.0,t_3029,3908
2023-12-11 09:30,300665.XSHE,200,8.48,5.0,0.0,t_3030,3909
2023-12-14 09:30,603389.XSHG,-14200,6.42,9.12,91.16,t_3031,3914
2023-12-14 09:30,002856.XSHE,-6300,14.92,9.4,94.0,t_3032,3915
2023-12-14 09:30,600768.XSHG,500,11.4,5.0,0.0,t_3033,3916
2023-12-14 09:30,600455.XSHG,2800,26.25,7.35,0.0,t_3034,3917
2023-12-14 09:30,000691.XSHE,-100,5.06,5.0,0.51,t_3035,3918
2023-12-14 09:30,300929.XSHE,900,11.7,5.0,0.0,t_3036,3919
2023-12-14 09:30,605081.XSHG,100,13.89,5.0,0.0,t_3037,3920
2023-12-14 09:30,300417.XSHE,-7500,12.55,9.41,94.12,t_3038,3921
2023-12-14 09:30,300321.XSHE,3000,18.75,5.62,0.0,t_3039,3922
2023-12-14 09:30,300665.XSHE,15500,8.51,13.19,0.0,t_3040,3923
2023-12-19 09:30,603389.XSHG,-15200,6.83,10.38,103.82,t_3041,3928
2023-12-19 09:30,600455.XSHG,500,25.53,5.0,0.0,t_3042,3929
2023-12-19 09:30,300929.XSHE,-600,11.94,5.0,7.16,t_3043,3930
2023-12-19 09:30,300417.XSHE,-6900,12.39,8.55,85.49,t_3044,3931
2023-12-19 09:30,300321.XSHE,100,18.71,5.0,0.0,t_3045,3932
2023-12-19 09:30,300665.XSHE,21400,8.46,18.1,0.0,t_3046,3933
2023-12-19 09:30,002652.XSHE,200,3.21,5.0,0.0,t_3047,3936
2023-12-22 09:30,000691.XSHE,-500,5.22,5.0,2.61,t_3048,3941
2023-12-22 09:30,300929.XSHE,200,12.06,5.0,0.0,t_3049,3942
2023-12-22 09:30,002633.XSHE,-900,11.29,5.0,10.16,t_3050,3943
2023-12-22 09:30,605081.XSHG,700,13.83,5.0,0.0,t_3051,3944
2023-12-22 09:30,002652.XSHE,200,3.18,5.0,0.0,t_3052,3947
2023-12-27 09:30,603389.XSHG,-25800,6.58,16.98,169.76,t_3053,3959
2023-12-27 09:30,600768.XSHG,-300,11.22,5.0,3.37,t_3054,3960
2023-12-27 09:30,600455.XSHG,1000,23.58,5.0,0.0,t_3055,3961
2023-12-27 09:30,000691.XSHE,-17300,4.97,8.6,85.98,t_3056,3962
2023-12-27 09:30,605081.XSHG,-300,13.4,5.0,4.02,t_3057,3963
2023-12-27 09:30,300417.XSHE,100,11.83,5.0,0.0,t_3058,3964
2023-12-27 09:30,300321.XSHE,-4900,18.49,9.06,90.6,t_3059,3965
2023-12-27 09:30,300665.XSHE,14400,8.26,11.89,0.0,t_3060,3966
2023-12-27 09:30,002652.XSHE,68000,3.08,20.94,0.0,t_3061,3967
2024-01-02 09:30,300478.XSHE,-34800,12.88,44.82,448.22,t_3062,3973
2024-01-02 09:30,600768.XSHG,-38100,11.85,45.15,451.49,t_3063,3974
2024-01-02 09:30,600455.XSHG,-18100,24.98,45.21,452.14,t_3064,3975
2024-01-02 09:30,000691.XSHE,-68800,5.11,35.16,351.57,t_3065,3976
2024-01-02 09:30,300929.XSHE,-37000,12.25,45.33,453.25,t_3066,3977
2024-01-02 09:30,002633.XSHE,-39900,11.69,46.64,466.43,t_3067,3978
2024-01-02 09:30,605081.XSHG,-31900,13.99,44.63,446.28,t_3068,3979
2024-01-02 09:30,300417.XSHE,-7200,12.72,9.16,91.58,t_3069,3980
2024-01-02 09:30,300321.XSHE,-18500,19.41,35.91,359.08,t_3070,3981
2024-01-02 09:30,300665.XSHE,-51700,8.72,45.08,450.82,t_3071,3982
2024-01-02 09:30,002652.XSHE,-68400,3.21,21.96,219.56,t_3072,3983
2024-01-02 09:30,511880.XSHG,41800,100.094,0.0,0.0,t_3073,3984
2024-02-01 09:30,511880.XSHG,-41800,100.262,0.0,0.0,t_3074,3985
2024-02-01 09:30,002633.XSHE,11200,8.02,8.98,0.0,t_3075,3986
2024-02-01 09:30,600768.XSHG,9900,9.11,9.02,0.0,t_3076,3987
2024-02-01 09:30,300417.XSHE,9900,9.09,9.0,0.0,t_3077,3988
2024-02-01 09:30,600455.XSHG,4600,19.5,8.97,0.0,t_3078,3989
2024-02-01 09:30,002856.XSHE,9700,9.26,8.98,0.0,t_3079,3990
2024-02-01 09:30,605081.XSHG,8100,11.05,8.95,0.0,t_3080,3991
2024-02-01 09:30,000668.XSHE,10100,8.9,8.99,0.0,t_3081,3992
2024-02-01 09:30,300321.XSHE,6100,14.56,8.88,0.0,t_3082,3993
2024-02-01 09:30,300929.XSHE,9200,9.79,9.01,0.0,t_3083,3994
2024-02-01 09:30,600539.XSHG,16400,5.47,8.97,0.0,t_3084,3995
2024-02-06 09:30,600768.XSHG,15100,6.8,10.27,0.0,t_3085,3996
2024-02-06 09:30,300417.XSHE,17800,6.14,10.93,0.0,t_3086,3997
2024-02-06 09:30,600455.XSHG,1000,15.0,5.0,0.0,t_3087,3998
2024-02-06 09:30,002856.XSHE,2900,6.73,5.0,0.0,t_3088,3999
2024-02-06 09:30,605081.XSHG,1500,8.81,5.0,0.0,t_3089,4000
2024-02-06 09:30,300321.XSHE,12100,9.37,11.34,0.0,t_3090,4001
2024-02-06 09:30,300929.XSHE,15100,7.01,10.59,0.0,t_3091,4002
2024-02-06 09:30,600539.XSHG,3900,4.19,5.0,0.0,t_3092,4003
2024-02-06 09:30,300995.XSHE,8200,10.34,8.48,0.0,t_3093,4004
2024-02-06 09:30,300886.XSHE,6500,13.05,8.48,0.0,t_3094,4005
2024-02-06 09:30,300854.XSHE,9100,9.33,8.49,0.0,t_3095,4006
2024-02-06 09:30,301040.XSHE,8900,9.51,8.46,0.0,t_3096,4007
2024-02-06 09:30,300836.XSHE,5900,14.35,8.47,0.0,t_3097,4008
2024-02-06 09:30,300069.XSHE,9900,8.55,8.46,0.0,t_3098,4009
2024-02-19 09:30,002633.XSHE,19000,5.64,10.72,0.0,t_3099,4010
2024-02-19 09:30,600768.XSHG,-100,6.87,5.0,0.69,t_3100,4011
2024-02-19 09:30,300417.XSHE,16000,5.85,9.36,0.0,t_3101,4012
2024-02-19 09:30,002856.XSHE,15000,6.16,9.24,0.0,t_3102,4013
2024-02-19 09:30,605081.XSHG,-100,9.01,5.0,0.9,t_3103,4014
2024-02-19 09:30,000668.XSHE,20400,5.58,11.38,0.0,t_3104,4015
2024-02-19 09:30,300321.XSHE,-1600,10.29,5.0,16.46,t_3105,4016
2024-02-19 09:30,300929.XSHE,12700,6.9,8.76,0.0,t_3106,4017
2024-02-19 09:30,600539.XSHG,24100,3.84,9.25,0.0,t_3107,4018
2024-02-19 09:30,300995.XSHE,7300,10.95,7.99,0.0,t_3108,4019
2024-02-19 09:30,301040.XSHE,-500,10.25,5.0,5.12,t_3109,4020
2024-02-19 09:30,300836.XSHE,-300,15.38,5.0,4.61,t_3110,4021
2024-02-19 09:30,300069.XSHE,500,8.13,5.0,0.0,t_3111,4022
2024-02-19 09:30,300716.XSHE,15400,5.53,8.52,0.0,t_3112,4023
2024-02-19 09:30,600847.XSHG,14600,5.82,8.5,0.0,t_3113,4024
2024-02-19 09:30,002193.XSHE,25600,3.33,8.52,0.0,t_3114,4025
2024-02-21 14:00,300716.XSHE,-3200,7.88,5.0,25.22,t_3115,4026
2024-02-22 09:30,002633.XSHE,11500,6.82,7.84,0.0,t_3116,4027
2024-02-22 09:30,600768.XSHG,11600,7.79,9.04,0.0,t_3117,4028
2024-02-22 09:30,300417.XSHE,9000,7.2,6.48,0.0,t_3118,4029
2024-02-22 09:30,600455.XSHG,5700,16.66,9.5,0.0,t_3119,4030
2024-02-22 09:30,002856.XSHE,11000,7.37,8.11,0.0,t_3120,4031
2024-02-22 09:30,300321.XSHE,-1700,12.8,5.0,21.76,t_3121,4032
2024-02-22 09:30,300929.XSHE,12300,7.7,9.47,0.0,t_3122,4033
2024-02-22 09:30,600539.XSHG,20600,4.38,9.02,0.0,t_3123,4034
2024-02-22 09:30,300995.XSHE,-700,12.86,5.0,9.0,t_3124,4035
2024-02-22 09:30,300886.XSHE,-100,14.95,5.0,1.5,t_3125,4036
2024-02-22 09:30,300854.XSHE,-200,10.75,5.0,2.15,t_3126,4037
2024-02-22 09:30,300836.XSHE,-200,17.61,5.0,3.52,t_3127,4038
2024-02-22 09:30,300069.XSHE,-300,9.47,5.0,2.84,t_3128,4039
2024-02-22 09:30,300716.XSHE,400,7.51,5.0,0.0,t_3129,4040
2024-02-22 09:30,600847.XSHG,12900,6.9,8.9,0.0,t_3130,4041
2024-02-22 09:30,002193.XSHE,23400,3.87,9.06,0.0,t_3131,4042
2024-02-22 09:30,000691.XSHE,31400,3.02,9.48,0.0,t_3132,4043
2024-02-22 14:00,002633.XSHE,1200,6.77,5.0,0.0,t_3133,4044
2024-02-22 14:00,002856.XSHE,200,7.47,5.0,0.0,t_3134,4045
2024-02-22 14:00,000668.XSHE,-5100,7.64,5.0,38.96,t_3135,4046
2024-02-22 14:00,600847.XSHG,600,6.88,5.0,0.0,t_3136,4047
2024-02-27 09:30,002633.XSHE,10900,7.8,8.5,0.0,t_3137,4048
2024-02-27 09:30,600768.XSHG,12300,8.59,10.57,0.0,t_3138,4049
2024-02-27 09:30,300417.XSHE,10300,8.33,8.58,0.0,t_3139,4050
2024-02-27 09:30,600455.XSHG,5500,18.69,10.28,0.0,t_3140,4051
2024-02-27 09:30,002856.XSHE,12400,8.2,10.17,0.0,t_3141,4052
2024-02-27 09:30,605081.XSHG,200,10.77,5.0,0.0,t_3142,4053
2024-02-27 09:30,000668.XSHE,600,8.05,5.0,0.0,t_3143,4054
2024-02-27 09:30,300321.XSHE,-700,14.83,5.0,10.38,t_3144,4055
2024-02-27 09:30,300929.XSHE,11300,8.66,9.79,0.0,t_3145,4056
2024-02-27 09:30,600539.XSHG,7300,4.91,5.0,0.0,t_3146,4057
2024-02-27 09:30,300995.XSHE,-600,14.81,5.0,8.89,t_3147,4058
2024-02-27 09:30,300886.XSHE,-300,17.3,5.0,5.19,t_3148,4059
2024-02-27 09:30,300854.XSHE,-300,12.32,5.0,3.7,t_3149,4060
2024-02-27 09:30,301040.XSHE,-300,12.99,5.0,3.9,t_3150,4061
2024-02-27 09:30,300836.XSHE,-400,21.18,5.0,8.47,t_3151,4062
2024-02-27 09:30,300069.XSHE,-500,11.0,5.0,5.5,t_3152,4063
2024-02-27 09:30,300716.XSHE,-300,8.56,5.0,2.57,t_3153,4064
2024-02-27 09:30,600847.XSHG,5000,7.66,5.0,0.0,t_3154,4065
2024-03-01 09:30,002856.XSHE,-700,8.04,5.0,5.63,t_3155,4075
2024-03-01 09:30,605081.XSHG,-9700,10.16,9.86,98.55,t_3156,4076
2024-03-01 09:30,000668.XSHE,-13600,8.19,11.14,111.38,t_3157,4077
2024-03-01 09:30,300321.XSHE,-6900,14.08,9.72,97.15,t_3158,4078
2024-03-01 09:30,600539.XSHG,13700,4.72,6.47,0.0,t_3159,4079
2024-03-01 09:30,300995.XSHE,200,14.09,5.0,0.0,t_3160,4080
2024-03-01 09:30,300854.XSHE,100,11.59,5.0,0.0,t_3161,4081
2024-03-01 09:30,300716.XSHE,-700,8.8,5.0,6.16,t_3162,4082
2024-03-01 09:30,600847.XSHG,21600,7.42,16.03,0.0,t_3163,4083
2024-03-01 09:30,002193.XSHE,20600,4.35,8.96,0.0,t_3164,4084
2024-03-06 09:30,600768.XSHG,-200,8.01,5.0,1.6,t_3165,4092
2024-03-06 09:30,300417.XSHE,200,7.65,5.0,0.0,t_3166,4093
2024-03-06 09:30,600455.XSHG,-500,17.99,5.0,9.0,t_3167,4094
2024-03-06 09:30,002856.XSHE,1200,7.5,5.0,0.0,t_3168,4095
2024-03-06 09:30,000668.XSHE,-400,8.14,5.0,3.26,t_3169,4096
2024-03-06 09:30,300321.XSHE,-7300,13.61,9.94,99.35,t_3170,4097
2024-03-06 09:30,300929.XSHE,-600,8.11,5.0,4.87,t_3171,4098
2024-03-06 09:30,600539.XSHG,22400,4.48,10.04,0.0,t_3172,4099
2024-03-06 09:30,300995.XSHE,-7200,13.52,9.73,97.34,t_3173,4100
2024-03-06 09:30,300886.XSHE,-6100,15.82,9.65,96.5,t_3174,4101
2024-03-06 09:30,300854.XSHE,-8700,11.1,9.66,96.57,t_3175,4102
2024-03-06 09:30,301040.XSHE,-8100,11.98,9.7,97.04,t_3176,4103
2024-03-06 09:30,300836.XSHE,-5000,19.33,9.66,96.65,t_3177,4104
2024-03-06 09:30,300069.XSHE,-9600,9.8,9.41,94.08,t_3178,4105
2024-03-06 09:30,300716.XSHE,-200,8.58,5.0,1.72,t_3179,4106
2024-03-06 09:30,600847.XSHG,15000,6.97,10.46,0.0,t_3180,4107
2024-03-06 09:30,002193.XSHE,51200,4.02,20.58,0.0,t_3181,4108
2024-03-06 09:30,000691.XSHE,84900,3.25,27.59,0.0,t_3182,4109
2024-03-07 14:00,002193.XSHE,-4500,4.34,5.0,19.53,t_3183,4115
2024-03-11 09:30,002633.XSHE,2600,7.27,5.0,0.0,t_3184,4116
2024-03-11 09:30,300417.XSHE,-300,8.05,5.0,2.42,t_3185,4118
2024-03-11 09:30,002856.XSHE,400,7.74,5.0,0.0,t_3186,4119
2024-03-11 09:30,000668.XSHE,-12000,8.06,9.67,96.72,t_3187,4120
2024-03-11 09:30,300929.XSHE,700,8.32,5.0,0.0,t_3188,4121
2024-03-11 09:30,600539.XSHG,500,4.64,5.0,0.0,t_3189,4122
2024-03-11 09:30,300995.XSHE,-7200,14.8,10.66,106.56,t_3190,4123
2024-03-11 09:30,300716.XSHE,-11400,9.2,10.49,104.88,t_3191,4124
2024-03-11 09:30,002193.XSHE,2400,4.26,5.0,0.0,t_3192,4125
2024-03-11 09:30,002856.XSHE,13200,7.74,10.22,0.0,t_3193,4126
2024-03-11 09:30,002633.XSHE,13100,7.27,9.52,0.0,t_3194,4127
2024-03-11 09:30,600768.XSHG,11100,8.28,9.19,0.0,t_3195,4128
2024-03-14 09:30,002633.XSHE,-700,7.76,5.0,5.43,t_3196,4131
2024-03-14 09:30,600768.XSHG,600,8.74,5.0,0.0,t_3197,4132
2024-03-14 09:30,600455.XSHG,-5700,20.3,11.57,115.71,t_3198,4134
2024-03-14 09:30,002856.XSHE,200,8.15,5.0,0.0,t_3199,4135
2024-03-14 09:30,300929.XSHE,-1300,8.99,5.0,11.69,t_3200,4136
2024-03-14 09:30,600539.XSHG,-1200,4.96,5.0,5.95,t_3201,4137
2024-03-14 09:30,600847.XSHG,-15000,7.81,11.71,117.15,t_3202,4138
2024-03-14 09:30,002193.XSHE,1200,4.45,5.0,0.0,t_3203,4139
2024-03-14 09:30,000691.XSHE,2900,3.58,5.0,0.0,t_3204,4140
2024-03-14 09:30,300417.XSHE,1300,8.31,5.0,0.0,t_3205,4141
2024-03-14 09:30,600768.XSHG,700,8.74,5.0,0.0,t_3206,4142
2024-03-14 09:30,603389.XSHG,47000,4.54,21.34,0.0,t_3207,4143
2024-03-14 09:30,605081.XSHG,200,10.2,5.0,0.0,t_3208,4144
2024-03-18 14:00,000691.XSHE,-6400,4.04,5.0,25.86,t_3209,4146
2024-03-18 14:00,603389.XSHG,-4400,5.35,5.0,23.54,t_3210,4147
2024-03-19 09:30,002633.XSHE,-700,8.39,5.0,5.87,t_3211,4148
2024-03-19 09:30,600768.XSHG,600,9.26,5.0,0.0,t_3212,4149
2024-03-19 09:30,300417.XSHE,-300,8.95,5.0,2.69,t_3213,4150
2024-03-19 09:30,600455.XSHG,-5000,20.46,10.23,102.3,t_3214,4151
2024-03-19 09:30,002856.XSHE,-500,8.79,5.0,4.4,t_3215,4152
2024-03-19 09:30,300929.XSHE,400,9.54,5.0,0.0,t_3216,4153
2024-03-19 09:30,600539.XSHG,-300,5.32,5.0,1.6,t_3217,4154
2024-03-19 09:30,600847.XSHG,600,8.26,5.0,0.0,t_3218,4155
2024-03-19 09:30,002193.XSHE,100,4.76,5.0,0.0,t_3219,4156
2024-03-19 09:30,000691.XSHE,-26600,3.98,10.59,105.87,t_3220,4157
2024-03-19 09:30,603389.XSHG,900,5.25,5.0,0.0,t_3221,4158
2024-03-19 09:30,605081.XSHG,18800,12.0,22.56,0.0,t_3222,4159
2024-03-19 09:30,001211.XSHE,1500,17.27,5.0,0.0,t_3223,4160
2024-03-19 09:30,603813.XSHG,100,12.21,5.0,0.0,t_3224,4161
2024-03-20 14:00,605081.XSHG,-1200,13.04,5.0,15.65,t_3225,4162
2024-03-22 09:30,002633.XSHE,-300,8.61,5.0,2.58,t_3226,4163
2024-03-22 09:30,600768.XSHG,-200,9.5,5.0,1.9,t_3227,4164
2024-03-22 09:30,300417.XSHE,800,9.0,5.0,0.0,t_3228,4165
2024-03-22 09:30,600539.XSHG,300,5.41,5.0,0.0,t_3229,4166
2024-03-22 09:30,600847.XSHG,-14900,8.67,12.92,129.18,t_3230,4167
2024-03-22 09:30,002193.XSHE,-1200,4.91,5.0,5.89,t_3231,4168
2024-03-22 09:30,000691.XSHE,800,4.02,5.0,0.0,t_3232,4169
2024-03-22 09:30,603389.XSHG,2200,5.1,5.0,0.0,t_3233,4170
2024-03-22 09:30,605081.XSHG,900,12.44,5.0,0.0,t_3234,4171
2024-03-22 09:30,001211.XSHE,6800,17.68,12.02,0.0,t_3235,4172
2024-03-27 09:30,600539.XSHG,100,5.2,5.0,0.0,t_3236,4183
2024-03-27 09:30,600847.XSHG,-12800,8.26,10.57,105.73,t_3237,4184
2024-03-27 09:30,002193.XSHE,3800,4.63,5.0,0.0,t_3238,4185
2024-03-27 09:30,000691.XSHE,-31100,4.07,12.66,126.58,t_3239,4186
2024-03-27 09:30,605081.XSHG,900,11.57,5.0,0.0,t_3240,4187
2024-03-27 09:30,001211.XSHE,12000,17.0,20.4,0.0,t_3241,4188
2024-04-01 09:30,002633.XSHE,-67800,8.2,55.6,555.96,t_3242,4202
2024-04-01 09:30,600768.XSHG,-61400,9.43,57.9,579.0,t_3243,4203
2024-04-01 09:30,300417.XSHE,-64700,8.78,56.81,568.07,t_3244,4204
2024-04-01 09:30,600455.XSHG,-5600,20.75,11.62,116.2,t_3245,4205
2024-04-01 09:30,002856.XSHE,-65000,8.74,56.81,568.1,t_3246,4206
2024-04-01 09:30,300929.XSHE,-59800,9.53,56.99,569.89,t_3247,4207
2024-04-01 09:30,600539.XSHG,-107800,5.4,58.21,582.12,t_3248,4208
2024-04-01 09:30,600847.XSHG,-27600,8.46,23.35,233.5,t_3249,4209
2024-04-01 09:30,002193.XSHE,-122600,4.73,57.99,579.9,t_3250,4210
2024-04-01 09:30,000691.XSHE,-55900,4.04,22.58,225.84,t_3251,4211
2024-04-01 09:30,605081.XSHG,-19600,11.7,22.93,229.32,t_3252,4212
2024-04-01 09:30,001211.XSHE,-20300,17.48,35.48,354.84,t_3253,4213
2024-04-01 09:30,603813.XSHG,-100,13.36,5.0,1.34,t_3254,4214
2024-04-01 09:30,511880.XSHG,51200,100.562,0.0,0.0,t_3255,4215
2024-05-06 09:30,511880.XSHG,-51200,100.703,0.0,0.0,t_3256,4216
2024-05-06 09:30,603389.XSHG,-45700,4.68,21.39,213.88,t_3257,4217
2024-05-06 09:30,002193.XSHE,30200,3.76,11.36,0.0,t_3258,4218
2024-05-06 09:30,002633.XSHE,17200,6.62,11.39,0.0,t_3259,4219
2024-05-06 09:30,300417.XSHE,14800,7.66,11.34,0.0,t_3260,4220
2024-05-06 09:30,002856.XSHE,14900,7.6,11.32,0.0,t_3261,4221
2024-05-06 09:30,002629.XSHE,48000,2.37,11.38,0.0,t_3262,4222
2024-05-06 09:30,000668.XSHE,15400,7.38,11.37,0.0,t_3263,4223
2024-05-06 09:30,600539.XSHG,23600,4.82,11.38,0.0,t_3264,4224
2024-05-06 09:30,600847.XSHG,15700,7.25,11.38,0.0,t_3265,4225
2024-05-06 09:30,603021.XSHG,32600,3.49,11.38,0.0,t_3266,4226
2024-05-06 09:30,600455.XSHG,6300,17.86,11.25,0.0,t_3267,4227
2024-05-07 14:00,002193.XSHE,-1200,3.97,5.0,4.76,t_3268,4228
2024-05-07 14:00,002633.XSHE,-1200,7.22,5.0,8.66,t_3269,4229
2024-05-09 09:30,002193.XSHE,28700,3.97,11.39,0.0,t_3270,4230
2024-05-09 09:30,002633.XSHE,16200,7.11,11.52,0.0,t_3271,4231
2024-05-09 09:30,300417.XSHE,14600,7.79,11.37,0.0,t_3272,4232
2024-05-09 09:30,002856.XSHE,14300,7.83,11.2,0.0,t_3273,4233
2024-05-09 09:30,002629.XSHE,44800,2.47,11.07,0.0,t_3274,4234
2024-05-09 09:30,000668.XSHE,14100,7.77,10.96,0.0,t_3275,4235
2024-05-09 09:30,600539.XSHG,24300,4.78,11.62,0.0,t_3276,4236
2024-05-09 09:30,600847.XSHG,14900,7.49,11.16,0.0,t_3277,4237
2024-05-09 09:30,603021.XSHG,32500,3.52,11.44,0.0,t_3278,4238
2024-05-09 09:30,600455.XSHG,6500,17.88,11.62,0.0,t_3279,4239
2024-05-10 14:00,600847.XSHG,-600,7.67,5.0,4.6,t_3280,4240
2024-05-14 09:30,002193.XSHE,28900,3.91,11.3,0.0,t_3281,4241
2024-05-14 09:30,002633.XSHE,17700,6.78,12.0,0.0,t_3282,4242
2024-05-14 09:30,300417.XSHE,16200,7.42,12.02,0.0,t_3283,4243
2024-05-14 09:30,002856.XSHE,15500,7.56,11.72,0.0,t_3284,4244
2024-05-14 09:30,002629.XSHE,50100,2.37,11.87,0.0,t_3285,4245
2024-05-14 09:30,000668.XSHE,-100,7.7,5.0,0.77,t_3286,4246
2024-05-14 09:30,600539.XSHG,25400,4.62,11.73,0.0,t_3287,4247
2024-05-14 09:30,600847.XSHG,17400,7.14,12.42,0.0,t_3288,4248
2024-05-14 09:30,603021.XSHG,36900,3.32,12.25,0.0,t_3289,4249
2024-05-14 09:30,600455.XSHG,7000,17.04,11.93,0.0,t_3290,4250
2024-05-14 09:30,300329.XSHE,25300,4.46,11.28,0.0,t_3291,4251
2024-05-16 14:00,600847.XSHG,-3600,8.05,5.0,28.98,t_3292,4252
2024-05-17 09:30,002193.XSHE,28200,4.08,11.51,0.0,t_3293,4253
2024-05-17 09:30,002633.XSHE,14700,7.25,10.66,0.0,t_3294,4254
2024-05-17 09:30,300417.XSHE,14100,7.84,11.05,0.0,t_3295,4255
2024-05-17 09:30,002856.XSHE,12700,8.16,10.36,0.0,t_3296,4256
2024-05-17 09:30,002629.XSHE,53900,2.38,12.83,0.0,t_3297,4257
2024-05-17 09:30,000668.XSHE,13900,8.11,11.27,0.0,t_3298,4258
2024-05-17 09:30,600539.XSHG,23100,4.86,11.23,0.0,t_3299,4259
2024-05-17 09:30,600847.XSHG,200,7.98,5.0,0.0,t_3300,4260
2024-05-17 09:30,603021.XSHG,28100,3.6,10.12,0.0,t_3301,4261
2024-05-17 09:30,600455.XSHG,5900,18.17,10.72,0.0,t_3302,4262
2024-05-17 09:30,300329.XSHE,-200,4.68,5.0,0.94,t_3303,4263
2024-05-17 09:30,300716.XSHE,16100,7.25,11.67,0.0,t_3304,4264
2024-05-22 09:30,002193.XSHE,32300,3.9,12.6,0.0,t_3305,4265
2024-05-22 09:30,002633.XSHE,14000,7.3,10.22,0.0,t_3306,4266
2024-05-22 09:30,300417.XSHE,15500,7.63,11.83,0.0,t_3307,4267
2024-05-22 09:30,002856.XSHE,16200,7.79,12.62,0.0,t_3308,4268
2024-05-22 09:30,002629.XSHE,55900,2.27,12.69,0.0,t_3309,4269
2024-05-22 09:30,000668.XSHE,17400,7.56,13.15,0.0,t_3310,4270
2024-05-22 09:30,600539.XSHG,20700,4.9,10.14,0.0,t_3311,4271
2024-05-22 09:30,600847.XSHG,-400,7.91,5.0,3.16,t_3312,4272
2024-05-22 09:30,603021.XSHG,7900,3.57,5.0,0.0,t_3313,4273
2024-05-27 09:30,300417.XSHE,-1700,7.61,5.0,12.94,t_3314,4281
2024-05-27 09:30,002856.XSHE,-1900,7.8,5.0,14.82,t_3315,4282
2024-05-27 09:30,002629.XSHE,-4200,2.25,5.0,9.45,t_3316,4283
2024-05-27 09:30,000668.XSHE,-200,7.4,5.0,1.48,t_3317,4284
2024-05-27 09:30,600539.XSHG,-1100,4.82,5.0,5.3,t_3318,4285
2024-05-27 09:30,600847.XSHG,-13200,7.38,9.74,97.42,t_3319,4286
2024-05-27 09:30,603021.XSHG,-8300,3.45,5.0,28.64,t_3320,4287
2024-05-27 09:30,600455.XSHG,7500,16.83,12.62,0.0,t_3321,4288
2024-05-27 09:30,300329.XSHE,9800,4.42,5.0,0.0,t_3322,4289
2024-05-30 09:30,002629.XSHE,-300,2.27,5.0,0.68,t_3323,4299
2024-05-30 09:30,000668.XSHE,100,7.11,5.0,0.0,t_3324,4300
2024-05-30 09:30,600847.XSHG,-15200,7.43,11.29,112.94,t_3325,4302
2024-05-30 09:30,603021.XSHG,3600,3.38,5.0,0.0,t_3326,4303
2024-05-30 09:30,300329.XSHE,23400,4.3,10.06,0.0,t_3327,4304
2024-05-30 14:00,002856.XSHE,-18500,8.22,15.21,152.07,t_3328,4314
2024-06-04 09:30,002193.XSHE,4700,3.43,5.0,0.0,t_3329,4315
2024-06-04 09:30,002633.XSHE,2400,6.43,5.0,0.0,t_3330,4316
2024-06-04 09:30,300417.XSHE,400,7.05,5.0,0.0,t_3331,4317
2024-06-04 09:30,002856.XSHE,-14000,7.98,11.17,111.72,t_3332,4318
2024-06-04 09:30,002629.XSHE,4700,2.06,5.0,0.0,t_3333,4319
2024-06-04 09:30,000668.XSHE,19400,6.51,12.63,0.0,t_3334,4320
2024-06-04 09:30,600539.XSHG,6300,4.26,5.0,0.0,t_3335,4321
2024-06-04 09:30,600847.XSHG,-15200,6.65,10.11,101.08,t_3336,4322
2024-06-04 09:30,603021.XSHG,-100,3.13,5.0,0.31,t_3337,4323
2024-06-04 09:30,600455.XSHG,-600,16.01,5.0,9.61,t_3338,4324
2024-06-04 09:30,300329.XSHE,-6500,4.03,5.0,26.2,t_3339,4325
2024-06-04 09:30,300716.XSHE,16200,6.45,10.45,0.0,t_3340,4326
2024-06-04 09:30,603272.XSHG,10200,9.68,9.87,0.0,t_3341,4327
2024-06-04 09:30,000679.XSHE,100,2.81,5.0,0.0,t_3342,4328
2024-06-06 14:00,300417.XSHE,-13400,7.63,10.22,102.24,t_3343,4329
2024-06-07 09:30,002193.XSHE,11200,2.89,5.0,0.0,t_3344,4330
2024-06-07 09:30,002633.XSHE,-1200,5.91,5.0,7.09,t_3345,4331
2024-06-07 09:30,300417.XSHE,-6600,7.0,5.0,46.2,t_3346,4332
2024-06-07 09:30,002856.XSHE,-16500,8.32,13.73,137.28,t_3347,4333
2024-06-07 09:30,002629.XSHE,16300,1.75,5.0,0.0,t_3348,4334
2024-06-07 09:30,000668.XSHE,200,5.87,5.0,0.0,t_3349,4335
2024-06-07 09:30,600539.XSHG,8500,3.6,5.0,0.0,t_3350,4336
2024-06-07 09:30,603021.XSHG,14000,2.56,5.0,0.0,t_3351,4337
2024-06-07 09:30,600455.XSHG,-7300,14.91,10.88,108.84,t_3352,4338
2024-06-07 09:30,300329.XSHE,1200,3.55,5.0,0.0,t_3353,4339
2024-06-07 09:30,300716.XSHE,-15100,5.48,8.27,82.75,t_3354,4340
2024-06-07 09:30,603272.XSHG,35200,8.3,29.22,0.0,t_3355,4341
2024-06-07 09:30,000679.XSHE,26500,2.22,5.88,0.0,t_3356,4342
2024-06-11 14:00,000668.XSHE,-900,6.12,5.0,5.51,t_3357,4347
2024-06-11 14:00,600539.XSHG,-2800,3.79,5.0,10.61,t_3358,4348
2024-06-11 14:00,300716.XSHE,-1100,6.03,5.0,6.63,t_3359,4349
2024-06-13 09:30,002193.XSHE,1200,3.13,5.0,0.0,t_3360,4350
2024-06-13 09:30,002633.XSHE,3000,6.14,5.0,0.0,t_3361,4351
2024-06-13 09:30,300417.XSHE,-14000,7.74,10.84,108.36,t_3362,4352
2024-06-13 09:30,002856.XSHE,-12100,9.78,11.83,118.34,t_3363,4353
2024-06-13 09:30,002629.XSHE,-8100,1.97,5.0,15.96,t_3364,4354
2024-06-13 09:30,000668.XSHE,700,6.42,5.0,0.0,t_3365,4355
2024-06-13 09:30,600539.XSHG,-1600,4.07,5.0,6.51,t_3366,4356
2024-06-13 09:30,603021.XSHG,-3300,2.86,5.0,9.44,t_3367,4357
2024-06-13 09:30,600455.XSHG,1200,15.51,5.0,0.0,t_3368,4358
2024-06-13 09:30,300329.XSHE,100,3.87,5.0,0.0,t_3369,4359
2024-06-13 09:30,300716.XSHE,-16100,6.24,10.05,100.46,t_3370,4360
2024-06-13 09:30,603272.XSHG,11600,9.02,10.46,0.0,t_3371,4361
2024-06-13 09:30,000679.XSHE,82500,2.8,23.1,0.0,t_3372,4362
2024-06-18 09:30,002193.XSHE,-800,3.0,5.0,2.4,t_3373,4368
2024-06-18 09:30,002633.XSHE,-3500,6.18,5.0,21.63,t_3374,4369
2024-06-18 09:30,300417.XSHE,-13500,7.45,10.06,100.58,t_3375,4370
2024-06-18 09:30,002856.XSHE,-10600,11.55,12.24,122.43,t_3376,4371
2024-06-18 09:30,002629.XSHE,18800,1.75,5.0,0.0,t_3377,4372
2024-06-18 09:30,000668.XSHE,-1100,6.21,5.0,6.83,t_3378,4373
2024-06-18 09:30,600539.XSHG,2500,3.8,5.0,0.0,t_3379,4374
2024-06-18 09:30,603021.XSHG,38900,2.68,10.43,0.0,t_3380,4375
2024-06-18 09:30,600455.XSHG,-6800,14.97,10.18,101.8,t_3381,4376
2024-06-18 09:30,300329.XSHE,1400,3.59,5.0,0.0,t_3382,4377
2024-06-18 09:30,603272.XSHG,600,8.5,5.0,0.0,t_3383,4378
2024-06-18 09:30,000679.XSHE,50800,2.45,12.45,0.0,t_3384,4379
2024-06-18 09:30,000953.XSHE,29900,2.47,7.39,0.0,t_3385,4380
2024-06-19 14:00,000679.XSHE,-300,2.53,5.0,0.76,t_3386,4383
2024-06-21 09:30,002193.XSHE,300,2.95,5.0,0.0,t_3387,4384
2024-06-21 09:30,300417.XSHE,-13800,7.72,10.65,106.54,t_3388,4386
2024-06-21 09:30,002629.XSHE,-1100,1.74,5.0,1.91,t_3389,4387
2024-06-21 09:30,000668.XSHE,800,6.08,5.0,0.0,t_3390,4388
2024-06-21 09:30,603021.XSHG,2300,2.62,5.0,0.0,t_3391,4389
2024-06-21 09:30,600455.XSHG,-6800,15.06,10.24,102.41,t_3392,4390
2024-06-21 09:30,300329.XSHE,-27500,3.6,9.9,99.0,t_3393,4391
2024-06-21 09:30,603272.XSHG,-400,8.49,5.0,3.4,t_3394,4392
2024-06-21 09:30,000679.XSHE,35100,2.49,8.74,0.0,t_3395,4393
2024-06-21 09:30,000953.XSHE,89000,2.41,21.45,0.0,t_3396,4394
2024-06-26 09:30,300417.XSHE,-12600,7.9,9.95,99.54,t_3397,4401
2024-06-26 09:30,002629.XSHE,30600,1.48,5.0,0.0,t_3398,4402
2024-06-26 09:30,000668.XSHE,-17200,5.87,10.1,100.96,t_3399,4403
2024-06-26 09:30,600539.XSHG,1900,3.5,5.0,0.0,t_3400,4404
2024-06-26 09:30,603021.XSHG,1000,2.46,5.0,0.0,t_3401,4405
2024-06-26 09:30,600455.XSHG,-6300,13.95,8.79,87.89,t_3402,4406
2024-06-26 09:30,300329.XSHE,26100,3.45,9.0,0.0,t_3403,4407
2024-06-26 09:30,603272.XSHG,-1300,8.2,5.0,10.66,t_3404,4408
2024-06-26 09:30,000679.XSHE,1000,2.34,5.0,0.0,t_3405,4409
2024-06-26 09:30,000953.XSHE,65500,2.32,15.2,0.0,t_3406,4410
2024-07-01 09:30,002629.XSHE,-2200,1.54,5.0,3.39,t_3407,4417
2024-07-01 09:30,000668.XSHE,-1900,6.25,5.0,11.88,t_3408,4418
2024-07-01 09:30,600539.XSHG,-800,3.64,5.0,2.91,t_3409,4419
2024-07-01 09:30,603021.XSHG,-2700,2.58,5.0,6.97,t_3410,4420
2024-07-01 09:30,600455.XSHG,-100,14.7,5.0,1.47,t_3411,4421
2024-07-01 09:30,300329.XSHE,-2300,3.73,5.0,8.58,t_3412,4422
2024-07-01 09:30,603272.XSHG,-500,8.55,5.0,4.28,t_3413,4423
2024-07-01 09:30,000679.XSHE,4700,2.36,5.0,0.0,t_3414,4424
2024-07-01 09:30,000953.XSHE,12000,2.36,5.0,0.0,t_3415,4425
2024-07-03 14:00,002193.XSHE,-1200,3.13,5.0,3.76,t_3416,4430
2024-07-03 14:00,000668.XSHE,-4700,7.28,5.0,34.22,t_3417,4431
2024-07-04 09:30,002193.XSHE,7400,3.0,5.0,0.0,t_3418,4432
2024-07-04 09:30,002633.XSHE,2600,5.98,5.0,0.0,t_3419,4433
2024-07-04 09:30,002629.XSHE,-1800,1.67,5.0,3.01,t_3420,4434
2024-07-04 09:30,000668.XSHE,-8600,6.47,5.56,55.64,t_3421,4435
2024-07-04 09:30,603021.XSHG,3300,2.73,5.0,0.0,t_3422,4436
2024-07-04 09:30,600455.XSHG,100,15.29,5.0,0.0,t_3423,4437
2024-07-04 09:30,300329.XSHE,-1500,4.14,5.0,6.21,t_3424,4438
2024-07-04 09:30,603272.XSHG,2600,8.78,5.0,0.0,t_3425,4439
2024-07-04 09:30,000953.XSHE,7500,2.5,5.0,0.0,t_3426,4440
2024-07-04 09:30,002633.XSHE,2100,5.98,5.0,0.0,t_3427,4441
2024-07-04 14:00,600539.XSHG,-1200,3.87,5.0,4.64,t_3428,4444
2024-07-05 14:00,000679.XSHE,-39900,3.17,12.65,126.48,t_3429,4445
2024-07-08 14:00,002629.XSHE,-5900,1.63,5.0,9.62,t_3430,4446
2024-07-09 09:30,002193.XSHE,-1100,2.85,5.0,3.14,t_3431,4447
2024-07-09 09:30,002633.XSHE,1400,5.63,5.0,0.0,t_3432,4448
2024-07-09 09:30,002629.XSHE,-4400,1.63,5.0,7.17,t_3433,4449
2024-07-09 09:30,000668.XSHE,1100,5.96,5.0,0.0,t_3434,4450
2024-07-09 09:30,600539.XSHG,1800,3.68,5.0,0.0,t_3435,4451
2024-07-09 09:30,603021.XSHG,5600,2.5,5.0,0.0,t_3436,4452
2024-07-09 09:30,600455.XSHG,6800,14.26,9.7,0.0,t_3437,4453
2024-07-09 09:30,300329.XSHE,-26100,4.15,10.83,108.32,t_3438,4454
2024-07-09 09:30,603272.XSHG,-600,8.39,5.0,5.03,t_3439,4455
2024-07-09 09:30,000679.XSHE,-10200,2.56,5.0,26.11,t_3440,4456
2024-07-09 09:30,000953.XSHE,-2600,2.39,5.0,6.21,t_3441,4457
2024-07-09 09:30,600768.XSHG,24400,6.73,16.42,0.0,t_3442,4458
2024-07-12 09:30,002193.XSHE,100,2.88,5.0,0.0,t_3443,4460
2024-07-12 09:30,002633.XSHE,-3700,6.0,5.0,22.2,t_3444,4461
2024-07-12 09:30,002629.XSHE,14100,1.57,5.0,0.0,t_3445,4462
2024-07-12 14:00,000679.XSHE,-40600,2.68,10.88,108.81,t_3446,4481
2024-07-12 14:00,000953.XSHE,-51700,2.62,13.55,135.45,t_3447,4482
2024-07-16 14:00,002193.XSHE,-20100,3.25,6.53,65.33,t_3448,4483
2024-07-17 09:30,002193.XSHE,4100,3.15,5.0,0.0,t_3449,4484
2024-07-17 09:30,002633.XSHE,-1300,6.0,5.0,7.8,t_3450,4485
2024-07-17 09:30,002629.XSHE,7800,1.52,5.0,0.0,t_3451,4486
2024-07-17 09:30,000668.XSHE,19700,5.66,11.15,0.0,t_3452,4487
2024-07-17 09:30,600539.XSHG,5900,3.53,5.0,0.0,t_3453,4488
2024-07-17 09:30,603021.XSHG,3500,2.46,5.0,0.0,t_3454,4489
2024-07-17 09:30,600455.XSHG,10900,13.86,15.11,0.0,t_3455,4490
2024-07-17 09:30,300329.XSHE,-23200,3.98,9.23,92.34,t_3456,4491
2024-07-17 09:30,603272.XSHG,2600,8.03,5.0,0.0,t_3457,4492
2024-07-17 09:30,000679.XSHE,-33200,2.52,8.37,83.66,t_3458,4493
2024-07-17 09:30,000953.XSHE,-36200,2.55,9.23,92.31,t_3459,4494
2024-07-17 09:30,600768.XSHG,34700,6.52,22.62,0.0,t_3460,4495
2024-07-17 09:30,600455.XSHG,1500,13.86,5.0,0.0,t_3461,4496
2024-07-17 09:30,002620.XSHE,100,2.3,5.0,0.0,t_3462,4498
2024-07-18 14:00,000679.XSHE,-12100,2.96,5.0,35.82,t_3463,4499
2024-07-19 14:00,000953.XSHE,-15700,2.95,5.0,46.31,t_3464,4500
2024-07-22 09:30,002193.XSHE,8000,2.98,5.0,0.0,t_3465,4501
2024-07-22 09:30,002633.XSHE,1100,5.88,5.0,0.0,t_3466,4502
2024-07-22 09:30,002629.XSHE,7000,1.48,5.0,0.0,t_3467,4503
2024-07-22 09:30,000668.XSHE,-700,5.7,5.0,3.99,t_3468,4504
2024-07-22 09:30,600539.XSHG,100,3.51,5.0,0.0,t_3469,4505
2024-07-22 09:30,603021.XSHG,4000,2.4,5.0,0.0,t_3470,4506
2024-07-22 09:30,600455.XSHG,2500,13.85,5.0,0.0,t_3471,4507
2024-07-22 09:30,603272.XSHG,100,7.87,5.0,0.0,t_3472,4508
2024-07-22 09:30,000679.XSHE,-30000,2.79,8.37,83.7,t_3473,4509
2024-07-22 09:30,000953.XSHE,-28900,2.79,8.06,80.63,t_3474,4510
2024-07-22 09:30,600768.XSHG,15300,6.44,9.85,0.0,t_3475,4511
2024-07-22 09:30,002620.XSHE,28300,2.32,6.57,0.0,t_3476,4512
2024-07-23 14:00,002193.XSHE,-6500,3.23,5.0,21.0,t_3477,4516
2024-07-23 14:00,000679.XSHE,-3100,3.19,5.0,9.89,t_3478,4517
2024-07-25 09:30,002193.XSHE,-700,3.16,5.0,2.21,t_3479,4518
2024-07-25 09:30,002633.XSHE,-23000,6.65,15.29,152.95,t_3480,4519
2024-07-25 09:30,002629.XSHE,1900,1.49,5.0,0.0,t_3481,4520
2024-07-25 09:30,000668.XSHE,17600,5.71,10.05,0.0,t_3482,4521
2024-07-25 09:30,600539.XSHG,3700,3.46,5.0,0.0,t_3483,4522
2024-07-25 09:30,603021.XSHG,3400,2.39,5.0,0.0,t_3484,4523
2024-07-25 09:30,600455.XSHG,4500,13.42,6.04,0.0,t_3485,4524
2024-07-25 09:30,603272.XSHG,100,7.78,5.0,0.0,t_3486,4525
2024-07-25 09:30,000679.XSHE,-31300,3.05,9.55,95.47,t_3487,4526
2024-07-25 09:30,000953.XSHE,-31800,2.63,8.36,83.63,t_3488,4527
2024-07-25 09:30,600768.XSHG,2400,6.32,5.0,0.0,t_3489,4528
2024-07-25 09:30,002620.XSHE,69200,2.37,16.4,0.0,t_3490,4529
2024-07-30 09:30,002633.XSHE,-12600,6.69,8.43,84.29,t_3491,4535
2024-07-30 09:30,002629.XSHE,-4400,1.59,5.0,7.0,t_3492,4536
2024-07-30 09:30,000668.XSHE,-1700,6.14,5.0,10.44,t_3493,4537
2024-07-30 09:30,600539.XSHG,-600,3.66,5.0,2.2,t_3494,4538
2024-07-30 09:30,603021.XSHG,-5000,2.58,5.0,12.9,t_3495,4539
2024-07-30 09:30,600455.XSHG,3600,14.02,5.05,0.0,t_3496,4540
2024-07-30 09:30,603272.XSHG,700,8.38,5.0,0.0,t_3497,4541
2024-07-30 09:30,000953.XSHE,-37000,2.95,10.92,109.15,t_3498,4542
2024-07-30 09:30,600768.XSHG,1100,6.56,5.0,0.0,t_3499,4543
2024-07-30 09:30,002620.XSHE,65600,2.47,16.2,0.0,t_3500,4544
2024-08-02 09:30,002633.XSHE,-14800,6.87,10.17,101.68,t_3501,4550
2024-08-02 09:30,002629.XSHE,-11000,1.72,5.0,18.92,t_3502,4551
2024-08-02 09:30,000668.XSHE,600,6.36,5.0,0.0,t_3503,4552
2024-08-02 09:30,603021.XSHG,-4700,2.76,5.0,12.97,t_3504,4553
2024-08-02 09:30,600455.XSHG,-100,14.74,5.0,1.47,t_3505,4554
2024-08-02 09:30,603272.XSHG,1900,8.5,5.0,0.0,t_3506,4555
2024-08-02 09:30,600768.XSHG,500,6.81,5.0,0.0,t_3507,4556
2024-08-02 09:30,002620.XSHE,-40400,2.61,10.54,105.44,t_3508,4557
2024-08-02 09:30,002193.XSHE,100,3.47,5.0,0.0,t_3509,4558
2024-08-02 09:30,300478.XSHE,29600,7.31,21.64,0.0,t_3510,4559
2024-08-07 09:30,002193.XSHE,-37300,3.76,14.02,140.25,t_3511,4562
2024-08-07 09:30,002633.XSHE,-15600,7.08,11.04,110.45,t_3512,4563
2024-08-07 09:30,002629.XSHE,13400,1.69,5.0,0.0,t_3513,4564
2024-08-07 09:30,000668.XSHE,1500,6.41,5.0,0.0,t_3514,4565
2024-08-07 09:30,600539.XSHG,2800,3.84,5.0,0.0,t_3515,4566
2024-08-07 09:30,603021.XSHG,4800,2.76,5.0,0.0,t_3516,4567
2024-08-07 09:30,600455.XSHG,-1000,15.54,5.0,15.54,t_3517,4568
2024-08-07 09:30,603272.XSHG,700,8.61,5.0,0.0,t_3518,4569
2024-08-07 09:30,600768.XSHG,2300,6.78,5.0,0.0,t_3519,4570
2024-08-07 09:30,300478.XSHE,26400,7.13,18.82,0.0,t_3520,4571
2024-08-07 14:00,002620.XSHE,-46000,2.86,13.16,131.56,t_3521,4576
2024-08-09 14:00,600768.XSHG,-5200,7.21,5.0,37.49,t_3522,4577
2024-08-12 09:30,002193.XSHE,8000,3.49,5.0,0.0,t_3523,4578
2024-08-12 09:30,002633.XSHE,-15500,7.15,11.08,110.83,t_3524,4579
2024-08-12 09:30,002629.XSHE,-11600,1.74,5.0,20.18,t_3525,4580
2024-08-12 09:30,000668.XSHE,-18700,6.52,12.19,121.92,t_3526,4581
2024-08-12 09:30,600539.XSHG,-1300,3.85,5.0,5.0,t_3527,4582
2024-08-12 09:30,603021.XSHG,-1400,2.76,5.0,3.86,t_3528,4583
2024-08-12 09:30,600455.XSHG,1800,14.64,5.0,0.0,t_3529,4584
2024-08-12 09:30,603272.XSHG,-900,8.69,5.0,7.82,t_3530,4585
2024-08-12 09:30,600768.XSHG,1000,7.1,5.0,0.0,t_3531,4586
2024-08-12 09:30,002620.XSHE,7700,2.57,5.0,0.0,t_3532,4587
2024-08-12 09:30,300478.XSHE,17900,7.35,13.16,0.0,t_3533,4588
2024-08-12 09:30,603316.XSHG,28500,3.81,10.86,0.0,t_3534,4589
2024-08-12 09:30,300929.XSHE,15400,7.54,11.61,0.0,t_3535,4590
2024-08-12 09:30,300665.XSHE,100,5.16,5.0,0.0,t_3536,4591
2024-08-14 14:00,002629.XSHE,-35200,2.0,7.04,70.4,t_3537,4592
2024-08-15 09:30,002193.XSHE,600,3.52,5.0,0.0,t_3538,4593
2024-08-15 09:30,002629.XSHE,15800,1.88,5.0,0.0,t_3539,4594
2024-08-15 09:30,000668.XSHE,2200,6.39,5.0,0.0,t_3540,4595
2024-08-15 09:30,600539.XSHG,2600,3.83,5.0,0.0,t_3541,4596
2024-08-15 09:30,603021.XSHG,3300,2.75,5.0,0.0,t_3542,4597
2024-08-15 09:30,600455.XSHG,300,14.69,5.0,0.0,t_3543,4598
2024-08-15 09:30,603272.XSHG,-1000,8.95,5.0,8.95,t_3544,4599
2024-08-15 09:30,600768.XSHG,-900,7.29,5.0,6.56,t_3545,4600
2024-08-15 09:30,002620.XSHE,-43700,2.7,11.8,117.99,t_3546,4601
2024-08-15 09:30,300478.XSHE,1800,7.27,5.0,0.0,t_3547,4602
2024-08-15 09:30,603316.XSHG,600,3.78,5.0,0.0,t_3548,4603
2024-08-15 09:30,300929.XSHE,15700,7.56,11.87,0.0,t_3549,4604
2024-08-20 09:30,002193.XSHE,100,3.46,5.0,0.0,t_3550,4609
2024-08-20 09:30,600455.XSHG,-1400,15.28,5.0,21.39,t_3551,4614
2024-08-20 09:30,603272.XSHG,1900,8.65,5.0,0.0,t_3552,4615
2024-08-20 09:30,600768.XSHG,700,7.1,5.0,0.0,t_3553,4616
2024-08-20 09:30,300478.XSHE,-23900,8.49,20.29,202.91,t_3554,4618
2024-08-20 09:30,603316.XSHG,400,3.72,5.0,0.0,t_3555,4619
2024-08-20 09:30,300929.XSHE,13400,7.4,9.92,0.0,t_3556,4620
2024-08-20 09:30,300665.XSHE,18400,5.53,10.18,0.0,t_3557,4621
2024-08-20 09:30,002629.XSHE,100,1.77,5.0,0.0,t_3558,4622
2024-08-23 09:30,002629.XSHE,100,1.64,5.0,0.0,t_3559,4631
2024-08-23 09:30,300478.XSHE,-9600,7.57,7.27,72.67,t_3560,4637
2024-08-23 09:30,603316.XSHG,20700,3.5,7.25,0.0,t_3561,4638
2024-08-23 14:00,002193.XSHE,-37800,3.58,13.53,135.32,t_3562,4651
2024-08-28 09:30,002193.XSHE,35300,3.42,12.07,0.0,t_3563,4652
2024-08-28 09:30,002629.XSHE,8600,1.68,5.0,0.0,t_3564,4653
2024-08-28 09:30,603021.XSHG,-5100,2.69,5.0,13.72,t_3565,4656
2024-08-28 09:30,600455.XSHG,-8500,15.27,12.98,129.8,t_3566,4657
2024-08-28 09:30,600768.XSHG,2300,6.67,5.0,0.0,t_3567,4658
2024-08-28 09:30,002620.XSHE,600,2.53,5.0,0.0,t_3568,4659
2024-08-28 09:30,300478.XSHE,3300,6.91,5.0,0.0,t_3569,4660
2024-08-28 09:30,603316.XSHG,8500,3.57,5.0,0.0,t_3570,4661
2024-08-28 09:30,300929.XSHE,2000,6.77,5.0,0.0,t_3571,4662
2024-08-28 09:30,300665.XSHE,-18500,4.95,9.16,91.58,t_3572,4663
2024-08-28 09:30,002629.XSHE,10600,1.68,5.0,0.0,t_3573,4664
2024-08-28 09:30,600539.XSHG,5200,3.52,5.0,0.0,t_3574,4665
2024-08-28 09:30,000668.XSHE,1800,5.93,5.0,0.0,t_3575,4666
2024-08-28 09:30,002856.XSHE,15800,6.6,10.43,0.0,t_3576,4667
2024-09-02 09:30,002193.XSHE,-5200,3.76,5.0,19.55,t_3577,4668
2024-09-02 09:30,002629.XSHE,3200,1.75,5.0,0.0,t_3578,4669
2024-09-02 09:30,000668.XSHE,2200,6.35,5.0,0.0,t_3579,4670
2024-09-02 09:30,600539.XSHG,-4000,3.81,5.0,15.24,t_3580,4671
2024-09-02 09:30,603021.XSHG,5600,2.75,5.0,0.0,t_3581,4672
2024-09-02 09:30,600455.XSHG,-6600,15.88,10.48,104.81,t_3582,4673
2024-09-02 09:30,603272.XSHG,100,8.67,5.0,0.0,t_3583,4674
2024-09-02 09:30,600768.XSHG,-600,7.08,5.0,4.25,t_3584,4675
2024-09-02 09:30,002620.XSHE,-41400,2.65,10.97,109.71,t_3585,4676
2024-09-02 09:30,300478.XSHE,200,7.24,5.0,0.0,t_3586,4677
2024-09-02 09:30,603316.XSHG,500,3.73,5.0,0.0,t_3587,4678
2024-09-02 09:30,300929.XSHE,-300,7.18,5.0,2.15,t_3588,4679
2024-09-02 09:30,002856.XSHE,31700,6.81,21.59,0.0,t_3589,4680
2024-09-05 09:30,002193.XSHE,-32200,3.8,12.24,122.36,t_3590,4683
2024-09-05 09:30,002629.XSHE,-3400,1.73,5.0,5.88,t_3591,4684
2024-09-05 09:30,000668.XSHE,17600,5.96,10.49,0.0,t_3592,4685
2024-09-05 09:30,600539.XSHG,-600,3.74,5.0,2.24,t_3593,4686
2024-09-05 09:30,603021.XSHG,700,2.68,5.0,0.0,t_3594,4687
2024-09-05 09:30,600455.XSHG,-7300,15.99,11.67,116.73,t_3595,4688
2024-09-05 09:30,603272.XSHG,300,8.44,5.0,0.0,t_3596,4689
2024-09-05 09:30,600768.XSHG,-500,6.97,5.0,3.48,t_3597,4690
2024-09-05 09:30,300478.XSHE,800,6.96,5.0,0.0,t_3598,4691
2024-09-05 09:30,603316.XSHG,400,3.62,5.0,0.0,t_3599,4692
2024-09-05 09:30,300929.XSHE,16000,6.94,11.1,0.0,t_3600,4693
2024-09-05 09:30,002856.XSHE,3600,6.47,5.0,0.0,t_3601,4694
2024-09-10 09:30,002193.XSHE,-28800,3.9,11.23,112.32,t_3602,4697
2024-09-10 09:30,002629.XSHE,-1300,1.77,5.0,2.3,t_3603,4698
2024-09-10 09:30,000668.XSHE,-2200,6.23,5.0,13.71,t_3604,4699
2024-09-10 09:30,600539.XSHG,-1100,3.84,5.0,4.22,t_3605,4700
2024-09-10 09:30,600455.XSHG,-6500,15.64,10.17,101.66,t_3606,4701
2024-09-10 09:30,603272.XSHG,300,8.56,5.0,0.0,t_3607,4702
2024-09-10 09:30,600768.XSHG,-15600,7.11,11.09,110.92,t_3608,4703
2024-09-10 09:30,300478.XSHE,15400,7.1,10.93,0.0,t_3609,4704
2024-09-10 09:30,603316.XSHG,-29700,3.68,10.93,109.3,t_3610,4705
2024-09-10 09:30,300929.XSHE,15900,7.04,11.19,0.0,t_3611,4706
2024-09-10 09:30,002856.XSHE,33600,6.49,21.81,0.0,t_3612,4707
2024-09-10 09:30,002620.XSHE,4800,2.54,5.0,0.0,t_3613,4708
2024-09-12 14:00,000668.XSHE,-3700,6.65,5.0,24.61,t_3614,4711
2024-09-13 09:30,002193.XSHE,1500,3.86,5.0,0.0,t_3615,4712
2024-09-13 09:30,002629.XSHE,-6400,1.84,5.0,11.78,t_3616,4713
2024-09-13 09:30,000668.XSHE,-15700,6.51,10.22,102.21,t_3617,4714
2024-09-13 09:30,600539.XSHG,2500,3.84,5.0,0.0,t_3618,4715
2024-09-13 09:30,603021.XSHG,-600,2.79,5.0,1.67,t_3619,4716
2024-09-13 09:30,600455.XSHG,-7100,16.2,11.5,115.02,t_3620,4717
2024-09-13 09:30,603272.XSHG,600,8.64,5.0,0.0,t_3621,4718
2024-09-13 09:30,600768.XSHG,-16300,7.38,12.03,120.29,t_3622,4719
2024-09-13 09:30,300478.XSHE,16700,7.12,11.89,0.0,t_3623,4720
2024-09-13 09:30,603316.XSHG,-29900,3.74,11.18,111.83,t_3624,4721
2024-09-13 09:30,300929.XSHE,900,7.08,5.0,0.0,t_3625,4722
2024-09-13 09:30,002856.XSHE,-200,6.63,5.0,1.33,t_3626,4723
2024-09-13 09:30,002620.XSHE,83300,2.54,21.16,0.0,t_3627,4724
2024-09-13 09:30,603813.XSHG,14500,8.97,13.01,0.0,t_3628,4725
2024-09-13 09:30,300665.XSHE,100,5.06,5.0,0.0,t_3629,4726
2024-09-20 09:30,002193.XSHE,-28800,3.89,11.2,112.03,t_3630,4727
2024-09-20 09:30,002629.XSHE,7100,1.82,5.0,0.0,t_3631,4728
2024-09-20 09:30,000668.XSHE,-16800,6.54,10.99,109.87,t_3632,4729
2024-09-20 09:30,600539.XSHG,-1800,3.94,5.0,7.09,t_3633,4730
2024-09-20 09:30,603021.XSHG,6100,2.74,5.0,0.0,t_3634,4731
2024-09-20 09:30,603272.XSHG,400,8.69,5.0,0.0,t_3635,4732
2024-09-20 09:30,600768.XSHG,-15500,7.54,11.69,116.87,t_3636,4733
2024-09-20 09:30,300929.XSHE,2200,6.98,5.0,0.0,t_3637,4734
2024-09-20 09:30,002620.XSHE,43700,2.58,11.27,0.0,t_3638,4735
2024-09-20 09:30,603813.XSHG,20700,8.9,18.42,0.0,t_3639,4736
2024-09-20 14:00,002856.XSHE,-21900,7.15,15.66,156.59,t_3640,4741
2024-09-25 09:30,002193.XSHE,-29200,4.15,12.12,121.18,t_3641,4742
2024-09-25 09:30,002629.XSHE,-1300,1.89,5.0,2.46,t_3642,4743
2024-09-25 09:30,000668.XSHE,800,6.64,5.0,0.0,t_3643,4744
2024-09-25 09:30,600539.XSHG,-1300,4.11,5.0,5.34,t_3644,4745
2024-09-25 09:30,603021.XSHG,-5400,2.91,5.0,15.71,t_3645,4746
2024-09-25 09:30,603272.XSHG,600,8.9,5.0,0.0,t_3646,4747
2024-09-25 09:30,600768.XSHG,-14700,7.65,11.25,112.45,t_3647,4748
2024-09-25 09:30,300478.XSHE,1000,7.36,5.0,0.0,t_3648,4749
2024-09-25 09:30,300929.XSHE,-400,7.26,5.0,2.9,t_3649,4750
2024-09-25 09:30,002856.XSHE,-100,7.51,5.0,0.75,t_3650,4751
2024-09-25 09:30,002620.XSHE,-2400,2.72,5.0,6.53,t_3651,4752
2024-09-25 09:30,603813.XSHG,14500,9.43,13.67,0.0,t_3652,4753
2024-09-25 09:30,300665.XSHE,51900,5.17,26.83,0.0,t_3653,4754
2024-09-25 09:30,600193.XSHG,100,2.65,5.0,0.0,t_3654,4756
2024-09-30 09:30,002629.XSHE,-7300,2.16,5.0,15.77,t_3655,4757
2024-09-30 09:30,000668.XSHE,-2900,7.86,5.0,22.79,t_3656,4758
2024-09-30 09:30,600539.XSHG,2600,4.5,5.0,0.0,t_3657,4759
2024-09-30 09:30,603021.XSHG,-5600,3.34,5.0,18.7,t_3658,4760
2024-09-30 09:30,603272.XSHG,1900,9.66,5.0,0.0,t_3659,4761
2024-09-30 09:30,600768.XSHG,400,8.25,5.0,0.0,t_3660,4762
2024-09-30 09:30,300478.XSHE,-200,8.24,5.0,1.65,t_3661,4763
2024-09-30 09:30,300929.XSHE,100,8.08,5.0,0.0,t_3662,4764
2024-09-30 09:30,002856.XSHE,-16300,8.5,13.86,138.55,t_3663,4765
2024-09-30 09:30,002620.XSHE,-2700,3.1,5.0,8.37,t_3664,4766
2024-09-30 09:30,603813.XSHG,12600,10.5,13.23,0.0,t_3665,4767
2024-09-30 09:30,300665.XSHE,6800,5.73,5.0,0.0,t_3666,4768
2024-09-30 09:30,600193.XSHG,100,2.78,5.0,0.0,t_3667,4769
2024-10-10 09:30,002629.XSHE,-500,2.17,5.0,1.08,t_3668,4772
2024-10-10 09:30,000668.XSHE,100,7.49,5.0,0.0,t_3669,4773
2024-10-10 09:30,603021.XSHG,100,3.2,5.0,0.0,t_3670,4775
2024-10-10 09:30,603272.XSHG,-100,9.71,5.0,0.97,t_3671,4776
2024-10-10 09:30,600768.XSHG,100,8.31,5.0,0.0,t_3672,4777
2024-10-10 09:30,300478.XSHE,-2200,8.51,5.0,18.72,t_3673,4778
2024-10-10 09:30,300929.XSHE,-500,8.17,5.0,4.08,t_3674,4779
2024-10-10 09:30,002856.XSHE,-18200,9.38,17.07,170.72,t_3675,4780
2024-10-10 09:30,002620.XSHE,4500,3.0,5.0,0.0,t_3676,4781
2024-10-10 09:30,603813.XSHG,900,10.38,5.0,0.0,t_3677,4782
2024-10-10 09:30,300665.XSHE,28300,6.01,17.01,0.0,t_3678,4783
2024-10-10 09:30,600193.XSHG,200,2.57,5.0,0.0,t_3679,4784
2024-10-15 09:30,002629.XSHE,-700,2.23,5.0,1.56,t_3680,4792
2024-10-15 09:30,000668.XSHE,200,7.45,5.0,0.0,t_3681,4793
2024-10-15 09:30,002856.XSHE,-14400,9.94,14.31,143.14,t_3682,4799
2024-10-15 09:30,002620.XSHE,-900,3.1,5.0,2.79,t_3683,4800
2024-10-15 09:30,603813.XSHG,500,10.55,5.0,0.0,t_3684,4801
2024-10-15 09:30,300665.XSHE,-20600,6.07,12.5,125.04,t_3685,4802
2024-10-15 09:30,600193.XSHG,47100,2.83,13.33,0.0,t_3686,4803
2024-10-15 09:30,603272.XSHG,600,9.86,5.0,0.0,t_3687,4804
2024-10-15 09:30,600539.XSHG,4800,4.48,5.0,0.0,t_3688,4805
2024-10-15 09:30,603021.XSHG,12200,3.23,5.0,0.0,t_3689,4806
2024-10-15 09:30,300478.XSHE,1500,8.54,5.0,0.0,t_3690,4807
2024-10-15 09:30,000668.XSHE,7000,7.45,5.21,0.0,t_3691,4808
2024-10-15 14:00,300929.XSHE,-19800,9.01,17.84,178.4,t_3692,4811
2024-10-15 14:00,600193.XSHG,1500,2.78,5.0,0.0,t_3693,4812
2024-10-18 09:30,002629.XSHE,5500,2.15,5.0,0.0,t_3694,4813
2024-10-18 09:30,000668.XSHE,22500,7.22,16.25,0.0,t_3695,4814
2024-10-18 09:30,600539.XSHG,-3900,4.52,5.0,17.63,t_3696,4815
2024-10-18 09:30,603021.XSHG,-3600,3.23,5.0,11.63,t_3697,4816
2024-10-18 09:30,603272.XSHG,-2100,10.0,5.0,21.0,t_3698,4817
2024-10-18 09:30,600768.XSHG,5900,8.49,5.01,0.0,t_3699,4818
2024-10-18 09:30,300478.XSHE,-800,8.49,5.0,6.79,t_3700,4819
2024-10-18 09:30,300929.XSHE,800,8.2,5.0,0.0,t_3701,4820
2024-10-18 09:30,002620.XSHE,-42200,3.0,12.66,126.6,t_3702,4822
2024-10-18 09:30,603813.XSHG,100,10.35,5.0,0.0,t_3703,4823
2024-10-18 09:30,300665.XSHE,-23400,6.14,14.37,143.68,t_3704,4824
2024-10-18 09:30,600193.XSHG,-49000,2.68,13.13,131.32,t_3705,4825
2024-10-18 09:30,300929.XSHE,3000,8.2,5.0,0.0,t_3706,4826
2024-10-18 09:30,000668.XSHE,11600,7.22,8.38,0.0,t_3707,4827
2024-10-18 09:30,600768.XSHG,24800,8.49,21.06,0.0,t_3708,4828
2024-10-18 09:30,002856.XSHE,200,9.56,5.0,0.0,t_3709,4829
2024-10-18 09:30,603955.XSHG,9500,8.31,7.89,0.0,t_3710,4830
2024-10-18 09:30,002719.XSHE,100,6.52,5.0,0.0,t_3711,4831
2024-10-21 14:00,603021.XSHG,-24200,3.83,9.27,92.69,t_3712,4833
2024-10-23 09:30,002629.XSHE,3200,2.35,5.0,0.0,t_3713,4834
2024-10-23 09:30,000668.XSHE,5100,7.56,5.0,0.0,t_3714,4835
2024-10-23 09:30,600539.XSHG,2900,4.89,5.0,0.0,t_3715,4836
2024-10-23 09:30,603272.XSHG,2000,10.71,5.0,0.0,t_3716,4837
2024-10-23 09:30,600768.XSHG,1200,8.83,5.0,0.0,t_3717,4838
2024-10-23 09:30,002856.XSHE,-13800,9.43,13.01,130.13,t_3718,4841
2024-10-23 09:30,002620.XSHE,1900,3.24,5.0,0.0,t_3719,4842
2024-10-23 09:30,603813.XSHG,2200,11.05,5.0,0.0,t_3720,4843
2024-10-23 09:30,300665.XSHE,-21000,6.62,13.9,139.02,t_3721,4844
2024-10-23 09:30,603955.XSHG,5700,9.56,5.45,0.0,t_3722,4845
2024-10-23 09:30,002719.XSHE,27000,6.81,18.39,0.0,t_3723,4846
2024-10-24 14:00,002629.XSHE,-22800,2.62,5.97,59.74,t_3724,4854
2024-10-28 09:30,002629.XSHE,13700,2.69,5.0,0.0,t_3725,4855
2024-10-28 09:30,000668.XSHE,2600,8.18,5.0,0.0,t_3726,4856
2024-10-28 09:30,603272.XSHG,100,11.77,5.0,0.0,t_3727,4857
2024-10-28 09:30,002620.XSHE,100,3.52,5.0,0.0,t_3728,4861
2024-10-28 14:00,600539.XSHG,-33600,5.78,19.42,194.21,t_3729,4878
2024-10-30 14:00,000668.XSHE,-6000,8.9,5.34,53.4,t_3730,4879
2024-10-31 09:30,002629.XSHE,5100,2.7,5.0,0.0,t_3731,4880
2024-10-31 09:30,000668.XSHE,2900,8.62,5.0,0.0,t_3732,4881
2024-10-31 09:30,600539.XSHG,-29500,5.78,17.05,170.51,t_3733,4882
2024-10-31 09:30,603272.XSHG,-14600,12.36,18.05,180.46,t_3734,4883
2024-10-31 09:30,600768.XSHG,-13300,9.6,12.77,127.68,t_3735,4884
2024-10-31 09:30,300478.XSHE,7000,9.74,6.82,0.0,t_3736,4885
2024-10-31 09:30,300929.XSHE,3100,9.8,5.0,0.0,t_3737,4886
2024-10-31 09:30,002620.XSHE,-43800,3.58,15.68,156.8,t_3738,4887
2024-10-31 09:30,603813.XSHG,5700,11.54,6.58,0.0,t_3739,4888
2024-10-31 09:30,300665.XSHE,26500,6.8,18.02,0.0,t_3740,4889
2024-10-31 09:30,603955.XSHG,1600,9.82,5.0,0.0,t_3741,4890
2024-10-31 09:30,002719.XSHE,63800,7.28,46.45,0.0,t_3742,4891
2024-10-31 09:30,603880.XSHG,4300,4.31,5.0,0.0,t_3743,4892
2024-10-31 14:00,603021.XSHG,-126100,6.19,78.06,780.56,t_3744,4897
2024-11-01 14:00,002620.XSHE,-1700,3.73,5.0,6.34,t_3745,4898
2024-11-04 14:00,002719.XSHE,-12100,8.53,10.32,103.21,t_3746,4899
2024-11-05 09:30,002629.XSHE,-12300,2.87,5.0,35.3,t_3747,4900
2024-11-05 09:30,000668.XSHE,-19300,8.81,17.0,170.03,t_3748,4901
2024-11-05 09:30,600539.XSHG,-27700,5.8,16.07,160.66,t_3749,4902
2024-11-05 09:30,603021.XSHG,-19800,4.9,9.7,97.02,t_3750,4903
2024-11-05 09:30,603272.XSHG,-13200,12.56,16.58,165.79,t_3751,4904
2024-11-05 09:30,600768.XSHG,-16800,9.55,16.04,160.44,t_3752,4905
2024-11-05 09:30,300478.XSHE,-23800,11.06,26.32,263.23,t_3753,4906
2024-11-05 09:30,300929.XSHE,21500,9.48,20.38,0.0,t_3754,4907
2024-11-05 09:30,002620.XSHE,-44600,3.69,16.46,164.57,t_3755,4908
2024-11-05 09:30,603813.XSHG,100,11.75,5.0,0.0,t_3756,4909
2024-11-05 09:30,300665.XSHE,26500,6.74,17.86,0.0,t_3757,4910
2024-11-05 09:30,002719.XSHE,5500,8.0,5.0,0.0,t_3758,4911
2024-11-05 09:30,603880.XSHG,113700,4.29,48.78,0.0,t_3759,4912
2024-11-05 09:30,002856.XSHE,35800,9.42,33.72,0.0,t_3760,4913
2024-11-05 09:30,301273.XSHE,9200,18.34,16.87,0.0,t_3761,4914
2024-11-05 09:30,605303.XSHG,64000,7.91,50.62,0.0,t_3762,4915
2024-11-05 09:30,002193.XSHE,34600,4.87,16.85,0.0,t_3763,4916
2024-11-05 09:30,001211.XSHE,400,17.69,5.0,0.0,t_3764,4917
2024-11-05 09:30,603709.XSHG,100,10.13,5.0,0.0,t_3765,4918
2024-11-06 14:00,002629.XSHE,-22100,3.3,7.29,72.93,t_3766,4919
2024-11-06 14:00,000668.XSHE,-6100,10.18,6.21,62.1,t_3767,4920
2024-11-08 09:30,002629.XSHE,-43700,3.26,14.25,142.46,t_3768,4921
2024-11-08 09:30,000668.XSHE,-14600,9.98,14.57,145.71,t_3769,4922
2024-11-08 09:30,600539.XSHG,-30900,6.8,21.01,210.12,t_3770,4923
2024-11-08 09:30,603021.XSHG,-34500,5.14,17.73,177.33,t_3771,4924
2024-11-08 09:30,603272.XSHG,-13100,13.67,17.91,179.08,t_3772,4925
2024-11-08 09:30,600768.XSHG,18100,10.38,18.79,0.0,t_3773,4926
2024-11-08 09:30,300478.XSHE,-13800,11.8,16.28,162.84,t_3774,4927
2024-11-08 09:30,300929.XSHE,1900,10.23,5.0,0.0,t_3775,4928
2024-11-08 09:30,603813.XSHG,1700,12.65,5.0,0.0,t_3776,4929
2024-11-08 09:30,300665.XSHE,27300,7.26,19.82,0.0,t_3777,4930
2024-11-08 09:30,603880.XSHG,40300,4.7,18.94,0.0,t_3778,4931
2024-11-08 09:30,002856.XSHE,18400,10.28,18.92,0.0,t_3779,4932
2024-11-08 09:30,301273.XSHE,300,19.54,5.0,0.0,t_3780,4933
2024-11-08 09:30,605303.XSHG,25400,8.32,21.13,0.0,t_3781,4934
2024-11-08 09:30,002193.XSHE,24900,5.17,12.87,0.0,t_3782,4935
2024-11-08 14:00,002719.XSHE,-23600,9.1,21.48,214.76,t_3783,4941
2024-11-12 14:00,002629.XSHE,-19300,3.63,7.01,70.06,t_3784,4942
2024-11-13 09:30,002629.XSHE,-53700,3.66,19.65,196.54,t_3785,4943
2024-11-13 09:30,000668.XSHE,-17600,9.88,17.39,173.89,t_3786,4944
2024-11-13 09:30,600539.XSHG,-27400,7.3,20.0,200.02,t_3787,4945
2024-11-13 09:30,603272.XSHG,-13800,14.1,19.46,194.58,t_3788,4946
2024-11-13 09:30,600768.XSHG,1600,10.13,5.0,0.0,t_3789,4947
2024-11-13 09:30,300478.XSHE,4600,10.95,5.04,0.0,t_3790,4948
2024-11-13 09:30,300929.XSHE,1100,10.29,5.0,0.0,t_3791,4949
2024-11-13 09:30,603813.XSHG,600,12.78,5.0,0.0,t_3792,4950
2024-11-13 09:30,300665.XSHE,25700,7.39,18.99,0.0,t_3793,4951
2024-11-13 09:30,002719.XSHE,-17100,8.69,14.86,148.6,t_3794,4952
2024-11-13 09:30,603880.XSHG,44000,4.68,20.59,0.0,t_3795,4953
2024-11-13 09:30,301273.XSHE,-100,20.22,5.0,2.02,t_3796,4954
2024-11-13 09:30,605303.XSHG,-25500,8.9,22.7,226.95,t_3797,4955
2024-11-13 09:30,002193.XSHE,51000,5.14,26.21,0.0,t_3798,4956
2024-11-13 09:30,001211.XSHE,29500,19.0,56.05,0.0,t_3799,4957
2024-11-13 09:30,603709.XSHG,11200,10.89,12.2,0.0,t_3800,4958
2024-11-14 14:00,603955.XSHG,-16800,20.25,34.02,340.2,t_3801,4961
2024-11-18 09:30,002629.XSHE,-47000,3.37,15.84,158.39,t_3802,4962
2024-11-18 09:30,000668.XSHE,-18800,9.34,17.56,175.59,t_3803,4963
2024-11-18 09:30,603272.XSHG,-13500,14.8,19.98,199.8,t_3804,4964
2024-11-18 09:30,600768.XSHG,19100,9.68,18.49,0.0,t_3805,4965
2024-11-18 09:30,300478.XSHE,-200,10.6,5.0,2.12,t_3806,4966
2024-11-18 09:30,300929.XSHE,1200,9.78,5.0,0.0,t_3807,4967
2024-11-18 09:30,300665.XSHE,3100,6.95,5.0,0.0,t_3808,4968
2024-11-18 09:30,002719.XSHE,-21300,8.19,17.44,174.45,t_3809,4969
2024-11-18 09:30,603880.XSHG,-400,4.52,5.0,1.81,t_3810,4970
2024-11-18 09:30,002856.XSHE,-300,10.17,5.0,3.05,t_3811,4971
2024-11-18 09:30,605303.XSHG,-20700,8.45,17.49,174.91,t_3812,4972
2024-11-18 09:30,002193.XSHE,36000,4.98,17.93,0.0,t_3813,4973
2024-11-18 09:30,001211.XSHE,9500,18.49,17.57,0.0,t_3814,4974
2024-11-18 09:30,603709.XSHG,57300,10.63,60.91,0.0,t_3815,4975
2024-11-18 09:30,002620.XSHE,12600,3.68,5.0,0.0,t_3816,4976
2024-11-21 09:30,002629.XSHE,-52900,3.33,17.62,176.16,t_3817,4978
2024-11-21 09:30,000668.XSHE,1000,8.93,5.0,0.0,t_3818,4979
2024-11-21 09:30,600768.XSHG,17300,9.65,16.69,0.0,t_3819,4980
2024-11-21 09:30,300478.XSHE,-17900,10.94,19.58,195.83,t_3820,4981
2024-11-21 09:30,300929.XSHE,600,9.82,5.0,0.0,t_3821,4982
2024-11-21 09:30,603813.XSHG,200,12.4,5.0,0.0,t_3822,4983
2024-11-21 09:30,300665.XSHE,1800,6.93,5.0,0.0,t_3823,4984
2024-11-21 09:30,002719.XSHE,-22300,8.18,18.24,182.41,t_3824,4985
2024-11-21 09:30,603880.XSHG,1100,4.54,5.0,0.0,t_3825,4986
2024-11-21 09:30,002856.XSHE,-17900,10.25,18.35,183.47,t_3826,4987
2024-11-21 09:30,301273.XSHE,-9400,19.62,18.44,184.43,t_3827,4988
2024-11-21 09:30,605303.XSHG,-800,8.7,5.0,6.96,t_3828,4989
2024-11-21 09:30,002193.XSHE,36000,5.05,18.18,0.0,t_3829,4990
2024-11-21 09:30,001211.XSHE,8800,19.09,16.8,0.0,t_3830,4991
2024-11-21 09:30,603709.XSHG,-2000,11.08,5.0,22.16,t_3831,4992
2024-11-21 09:30,002620.XSHE,36800,3.73,13.73,0.0,t_3832,4993
2024-11-21 09:30,600768.XSHG,2600,9.65,5.0,0.0,t_3833,4994
2024-11-21 09:30,600455.XSHG,8300,22.11,18.35,0.0,t_3834,4995
2024-11-21 09:30,300854.XSHE,3800,13.67,5.19,0.0,t_3835,4996
2024-11-26 09:30,002629.XSHE,-55400,3.24,17.95,179.5,t_3836,4998
2024-11-26 09:30,000668.XSHE,20500,8.8,18.04,0.0,t_3837,4999
2024-11-26 09:30,603813.XSHG,-300,12.46,5.0,3.74,t_3838,5003
2024-11-26 09:30,300665.XSHE,-400,6.95,5.0,2.78,t_3839,5004
2024-11-26 09:30,603880.XSHG,-3100,4.61,5.0,14.29,t_3840,5005
2024-11-26 09:30,002856.XSHE,-18100,10.32,18.68,186.79,t_3841,5006
2024-11-26 09:30,605303.XSHG,-20700,8.51,17.62,176.16,t_3842,5007
2024-11-26 09:30,002193.XSHE,-2500,5.12,5.0,12.8,t_3843,5008
2024-11-26 09:30,001211.XSHE,100,19.04,5.0,0.0,t_3844,5009
2024-11-26 09:30,603709.XSHG,-16400,11.03,18.09,180.89,t_3845,5010
2024-11-26 09:30,002620.XSHE,-600,3.78,5.0,2.27,t_3846,5011
2024-11-26 09:30,600455.XSHG,-300,23.19,5.0,6.96,t_3847,5012
2024-11-26 09:30,300854.XSHE,23100,13.69,31.62,0.0,t_3848,5013
2024-11-26 09:30,600768.XSHG,19400,9.61,18.64,0.0,t_3849,5014
2024-11-26 09:30,300929.XSHE,1700,9.64,5.0,0.0,t_3850,5015
2024-11-26 09:30,000668.XSHE,700,8.8,5.0,0.0,t_3851,5016
2024-11-26 09:30,300478.XSHE,5500,10.65,5.86,0.0,t_3852,5017
2024-11-29 09:30,603880.XSHG,-900,4.73,5.0,4.26,t_3853,5024
2024-11-29 09:30,002856.XSHE,400,10.16,5.0,0.0,t_3854,5025
2024-11-29 09:30,605303.XSHG,-21700,8.76,19.01,190.09,t_3855,5026
2024-11-29 09:30,002193.XSHE,-37900,5.3,20.09,200.87,t_3856,5027
2024-11-29 09:30,001211.XSHE,-11500,20.5,23.58,235.75,t_3857,5028
2024-11-29 09:30,603709.XSHG,-16800,11.28,18.95,189.5,t_3858,5029
2024-11-29 09:30,002620.XSHE,400,3.82,5.0,0.0,t_3859,5030
2024-11-29 09:30,600455.XSHG,100,23.18,5.0,0.0,t_3860,5031
2024-11-29 09:30,300854.XSHE,14300,13.68,19.56,0.0,t_3861,5032
2024-11-29 09:30,600768.XSHG,1700,9.65,5.0,0.0,t_3862,5033
2024-11-29 09:30,300929.XSHE,1000,9.75,5.0,0.0,t_3863,5034
2024-11-29 09:30,000668.XSHE,20800,9.02,18.76,0.0,t_3864,5035
2024-11-29 09:30,300665.XSHE,1000,7.04,5.0,0.0,t_3865,5036
2024-11-29 09:30,300478.XSHE,31300,10.65,33.33,0.0,t_3866,5037
2024-11-29 09:30,301336.XSHE,1700,35.26,5.99,0.0,t_3867,5038
2024-11-29 09:30,002856.XSHE,200,10.16,5.0,0.0,t_3868,5039
2024-12-04 09:30,001211.XSHE,-7600,20.53,15.6,156.03,t_3869,5049
2024-12-04 09:30,603709.XSHG,-16100,11.57,18.63,186.28,t_3870,5050
2024-12-04 09:30,002620.XSHE,600,4.0,5.0,0.0,t_3871,5051
2024-12-04 09:30,600455.XSHG,100,24.19,5.0,0.0,t_3872,5052
2024-12-04 09:30,300854.XSHE,15300,14.11,21.59,0.0,t_3873,5053
2024-12-04 09:30,301336.XSHE,-1700,35.93,6.11,61.08,t_3874,5054
2024-12-04 09:30,600768.XSHG,700,10.15,5.0,0.0,t_3875,5055
2024-12-04 09:30,300929.XSHE,2900,10.03,5.0,0.0,t_3876,5056
2024-12-04 09:30,603813.XSHG,7600,12.22,9.29,0.0,t_3877,5057
2024-12-04 09:30,603880.XSHG,3700,4.92,5.0,0.0,t_3878,5058
2024-12-04 09:30,000668.XSHE,3700,9.24,5.0,0.0,t_3879,5059
2024-12-04 09:30,300665.XSHE,100,7.4,5.0,0.0,t_3880,5060
2024-12-05 14:00,002193.XSHE,-58000,7.09,41.12,411.22,t_3881,5065
2024-12-09 09:30,000668.XSHE,44400,9.24,41.03,0.0,t_3882,5066
2024-12-09 09:30,603813.XSHG,-5300,13.43,7.12,71.18,t_3883,5070
2024-12-09 09:30,300665.XSHE,2400,7.52,5.0,0.0,t_3884,5071
2024-12-09 09:30,603880.XSHG,-2700,5.12,5.0,13.82,t_3885,5072
2024-12-09 09:30,002856.XSHE,6100,11.0,6.71,0.0,t_3886,5073
2024-12-09 09:30,001211.XSHE,-9000,20.33,18.3,182.97,t_3887,5074
2024-12-09 09:30,603709.XSHG,-17300,11.74,20.31,203.1,t_3888,5075
2024-12-09 09:30,002620.XSHE,-49800,4.13,20.57,205.67,t_3889,5076
2024-12-09 09:30,600455.XSHG,200,24.25,5.0,0.0,t_3890,5077
2024-12-09 09:30,300854.XSHE,16200,14.07,22.79,0.0,t_3891,5078
2024-12-09 09:30,600768.XSHG,2200,10.19,5.0,0.0,t_3892,5079
2024-12-09 09:30,300929.XSHE,900,10.2,5.0,0.0,t_3893,5080
2024-12-09 09:30,300478.XSHE,3000,11.12,5.0,0.0,t_3894,5081
2024-12-09 09:30,301273.XSHE,14700,19.96,29.34,0.0,t_3895,5082
2024-12-10 14:00,002193.XSHE,-40100,9.33,37.41,374.13,t_3896,5086
2024-12-12 09:30,000668.XSHE,-2500,9.59,5.0,23.98,t_3897,5087
2024-12-12 09:30,600768.XSHG,1200,10.21,5.0,0.0,t_3898,5088
2024-12-12 09:30,300478.XSHE,19100,11.19,21.37,0.0,t_3899,5089
2024-12-12 09:30,300929.XSHE,800,10.26,5.0,0.0,t_3900,5090
2024-12-12 09:30,603813.XSHG,900,13.43,5.0,0.0,t_3901,5091
2024-12-12 09:30,300665.XSHE,500,7.59,5.0,0.0,t_3902,5092
2024-12-12 09:30,603880.XSHG,-48500,5.48,26.58,265.78,t_3903,5093
2024-12-12 09:30,002856.XSHE,12800,11.07,14.17,0.0,t_3904,5094
2024-12-12 09:30,002193.XSHE,-18000,8.0,14.4,144.0,t_3905,5095
2024-12-12 09:30,001211.XSHE,200,20.32,5.0,0.0,t_3906,5096
2024-12-12 09:30,600455.XSHG,-8400,24.49,20.57,205.72,t_3907,5097
2024-12-12 09:30,300854.XSHE,-500,14.38,5.0,7.19,t_3908,5098
2024-12-12 09:30,301273.XSHE,15300,20.73,31.72,0.0,t_3909,5099
2024-12-12 09:30,301336.XSHE,8100,37.58,30.44,0.0,t_3910,5100
2024-12-12 09:30,002629.XSHE,400,4.83,5.0,0.0,t_3911,5101
2024-12-13 14:00,603813.XSHG,-2400,14.35,5.0,34.44,t_3912,5102
2024-12-17 09:30,000668.XSHE,2900,9.5,5.0,0.0,t_3913,5103
2024-12-17 09:30,600768.XSHG,-100,10.4,5.0,1.04,t_3914,5104
2024-12-17 09:30,300478.XSHE,700,11.06,5.0,0.0,t_3915,5105
2024-12-17 09:30,603813.XSHG,-1900,14.49,5.0,27.53,t_3916,5107
2024-12-17 09:30,300665.XSHE,2600,7.58,5.0,0.0,t_3917,5108
2024-12-17 09:30,603880.XSHG,-37100,5.54,20.55,205.53,t_3918,5109
2024-12-17 09:30,002856.XSHE,-500,11.45,5.0,5.73,t_3919,5110
2024-12-17 09:30,002193.XSHE,-26000,7.81,20.31,203.06,t_3920,5111
2024-12-17 09:30,001211.XSHE,-500,21.24,5.0,10.62,t_3921,5112
2024-12-17 09:30,300854.XSHE,-1800,15.0,5.0,27.0,t_3922,5113
2024-12-17 09:30,301273.XSHE,10800,20.65,22.3,0.0,t_3923,5114
2024-12-17 09:30,301336.XSHE,2400,40.09,9.62,0.0,t_3924,5115
2024-12-17 09:30,002629.XSHE,31200,4.49,14.01,0.0,t_3925,5116
2024-12-19 14:00,600768.XSHG,-5200,10.16,5.28,52.83,t_3926,5121
2024-12-20 09:30,000668.XSHE,4400,8.51,5.0,0.0,t_3927,5122
2024-12-20 09:30,600768.XSHG,100,10.2,5.0,0.0,t_3928,5123
2024-12-20 09:30,300478.XSHE,1400,10.05,5.0,0.0,t_3929,5124
2024-12-20 09:30,603813.XSHG,-14400,13.46,19.38,193.82,t_3930,5126
2024-12-20 09:30,300665.XSHE,4400,6.85,5.0,0.0,t_3931,5127
2024-12-20 09:30,603880.XSHG,-34500,4.93,17.01,170.09,t_3932,5128
2024-12-20 09:30,002856.XSHE,-19800,11.51,22.79,227.9,t_3933,5129
2024-12-20 09:30,001211.XSHE,-200,20.0,5.0,4.0,t_3934,5130
2024-12-20 09:30,300854.XSHE,1100,13.74,5.0,0.0,t_3935,5131
2024-12-20 09:30,301273.XSHE,12200,18.55,22.63,0.0,t_3936,5132
2024-12-20 09:30,301336.XSHE,-1300,43.0,5.59,55.9,t_3937,5133
2024-12-20 09:30,002629.XSHE,-31600,4.11,12.99,129.88,t_3938,5134
2024-12-20 09:30,300929.XSHE,1000,9.63,5.0,0.0,t_3939,5135
2024-12-20 09:30,300478.XSHE,3000,10.05,5.0,0.0,t_3940,5136
2024-12-20 09:30,605081.XSHG,32800,11.96,39.23,0.0,t_3941,5137
2024-12-20 09:30,000691.XSHE,18000,4.31,7.76,0.0,t_3942,5138
2024-12-24 14:00,002856.XSHE,-2000,12.01,5.0,24.02,t_3943,5140
2024-12-25 09:30,000668.XSHE,3300,7.13,5.0,0.0,t_3944,5141
2024-12-25 09:30,300665.XSHE,-4100,6.53,5.0,26.77,t_3945,5145
2024-12-25 09:30,603880.XSHG,-38600,4.41,17.02,170.23,t_3946,5146
2024-12-25 09:30,002856.XSHE,-15100,12.57,18.98,189.81,t_3947,5147
2024-12-25 09:30,001211.XSHE,-2900,21.76,6.31,63.1,t_3948,5148
2024-12-25 09:30,300854.XSHE,-14100,12.7,17.91,179.07,t_3949,5149
2024-12-25 09:30,301273.XSHE,-400,17.33,5.0,6.93,t_3950,5150
2024-12-25 09:30,301336.XSHE,-1300,46.5,6.04,60.45,t_3951,5151
2024-12-25 09:30,605081.XSHG,18100,10.72,19.4,0.0,t_3952,5152
2024-12-25 09:30,000691.XSHE,77800,3.8,29.56,0.0,t_3953,5153
2024-12-25 09:30,300929.XSHE,2700,8.68,5.0,0.0,t_3954,5154
2024-12-25 09:30,600768.XSHG,6100,8.88,5.42,0.0,t_3955,5155
2024-12-25 09:30,000668.XSHE,8800,7.13,6.27,0.0,t_3956,5156
2024-12-25 09:30,603813.XSHG,2000,12.02,5.0,0.0,t_3957,5157
2024-12-25 09:30,605303.XSHG,5300,7.77,5.0,0.0,t_3958,5158
2024-12-27 14:00,301336.XSHE,-1500,59.09,8.86,88.64,t_3959,5159
2024-12-30 09:30,000668.XSHE,4400,6.98,5.0,0.0,t_3960,5160
2024-12-30 09:30,600768.XSHG,-100,9.0,5.0,0.9,t_3961,5161
2024-12-30 09:30,300478.XSHE,400,9.38,5.0,0.0,t_3962,5162
2024-12-30 09:30,300929.XSHE,3300,8.52,5.0,0.0,t_3963,5163
2024-12-30 09:30,603813.XSHG,100,12.15,5.0,0.0,t_3964,5164
2024-12-30 09:30,300665.XSHE,-2100,6.71,5.0,14.09,t_3965,5165
2024-12-30 09:30,603880.XSHG,-41300,4.55,18.79,187.91,t_3966,5166
2024-12-30 09:30,001211.XSHE,700,21.06,5.0,0.0,t_3967,5167
2024-12-30 09:30,300854.XSHE,-14100,12.78,18.02,180.2,t_3968,5168
2024-12-30 09:30,301273.XSHE,-11500,17.94,20.63,206.31,t_3969,5169
2024-12-30 09:30,301336.XSHE,-3000,54.65,16.39,163.95,t_3970,5170
2024-12-30 09:30,605081.XSHG,16200,10.98,17.79,0.0,t_3971,5171
2024-12-30 09:30,000691.XSHE,57300,3.61,20.69,0.0,t_3972,5172
2024-12-30 09:30,605303.XSHG,48800,7.75,37.82,0.0,t_3973,5173
2025-01-02 09:30,000668.XSHE,-132000,6.47,85.4,854.04,t_3974,5176
2025-01-02 09:30,600768.XSHG,-102400,8.5,87.04,870.4,t_3975,5177
2025-01-02 09:30,300478.XSHE,-98200,8.98,88.18,881.84,t_3976,5178
2025-01-02 09:30,300929.XSHE,-108100,8.27,89.4,893.99,t_3977,5179
2025-01-02 09:30,603813.XSHG,-60600,11.56,70.05,700.54,t_3978,5180
2025-01-02 09:30,300665.XSHE,-137400,6.25,85.88,858.75,t_3979,5181
2025-01-02 09:30,001211.XSHE,-17500,19.25,33.69,336.88,t_3980,5182
2025-01-02 09:30,300854.XSHE,-43300,12.2,52.83,528.26,t_3981,5183
2025-01-02 09:30,301273.XSHE,-41100,18.29,75.17,751.72,t_3982,5184
2025-01-02 09:30,301336.XSHE,-3400,52.97,18.01,180.1,t_3983,5185
2025-01-02 09:30,605081.XSHG,-67100,10.46,70.19,701.87,t_3984,5186
2025-01-02 09:30,000691.XSHE,-153100,3.43,52.51,525.13,t_3985,5187
2025-01-02 09:30,605303.XSHG,-54100,7.58,41.01,410.08,t_3986,5188
2025-01-02 09:30,511880.XSHG,84700,100.081,0.0,0.0,t_3987,5189
2025-02-05 09:30,511880.XSHG,-84700,100.182,0.0,0.0,t_3988,5190
2025-02-06 09:30,000668.XSHE,29100,6.04,17.58,0.0,t_3989,5191
2025-02-06 09:30,000691.XSHE,58300,3.02,17.61,0.0,t_3990,5192
2025-02-06 09:30,603813.XSHG,18700,9.42,17.62,0.0,t_3991,5193
2025-02-06 09:30,002848.XSHE,28600,6.14,17.56,0.0,t_3992,5194
2025-02-06 09:30,605081.XSHG,19700,8.93,17.59,0.0,t_3993,5195
2025-02-06 09:30,600421.XSHG,29400,5.98,17.58,0.0,t_3994,5196
2025-02-06 09:30,000929.XSHE,28400,6.2,17.61,0.0,t_3995,5197
2025-02-06 09:30,300929.XSHE,19800,8.88,17.58,0.0,t_3996,5198
2025-02-06 09:30,002620.XSHE,56400,3.12,17.6,0.0,t_3997,5199
2025-02-06 09:30,300478.XSHE,18300,9.61,17.59,0.0,t_3998,5200
2025-02-11 09:30,000668.XSHE,26900,6.39,17.19,0.0,t_3999,5201
2025-02-11 09:30,000691.XSHE,53100,3.21,17.05,0.0,t_4000,5202
2025-02-11 09:30,603813.XSHG,15900,10.34,16.44,0.0,t_4001,5203
2025-02-11 09:30,002848.XSHE,23100,6.92,15.99,0.0,t_4002,5204
2025-02-11 09:30,605081.XSHG,17000,9.75,16.57,0.0,t_4003,5205
2025-02-11 09:30,600421.XSHG,-2500,6.67,5.0,16.68,t_4004,5206
2025-02-11 09:30,000929.XSHE,25400,6.65,16.89,0.0,t_4005,5207
2025-02-11 09:30,300929.XSHE,19100,9.2,17.57,0.0,t_4006,5208
2025-02-11 09:30,002620.XSHE,49100,3.39,16.64,0.0,t_4007,5209
2025-02-11 09:30,300478.XSHE,-200,9.94,5.0,1.99,t_4008,5210
2025-02-11 09:30,002856.XSHE,18900,9.45,17.86,0.0,t_4009,5211
2025-02-11 09:30,600768.XSHG,18800,9.48,17.82,0.0,t_4010,5212
2025-02-12 14:00,300478.XSHE,-2600,11.48,5.0,29.85,t_4011,5213
2025-02-14 09:30,000668.XSHE,33200,5.93,19.69,0.0,t_4012,5214
2025-02-14 09:30,000691.XSHE,61000,3.07,18.73,0.0,t_4013,5215
2025-02-14 09:30,603813.XSHG,18600,9.95,18.51,0.0,t_4014,5216
2025-02-14 09:30,002848.XSHE,30100,6.47,19.47,0.0,t_4015,5217
2025-02-14 09:30,605081.XSHG,18300,9.61,17.59,0.0,t_4016,5218
2025-02-14 09:30,600421.XSHG,28800,6.33,18.23,0.0,t_4017,5219
2025-02-14 09:30,000929.XSHE,27500,6.51,17.9,0.0,t_4018,5220
2025-02-14 09:30,300929.XSHE,20400,8.92,18.2,0.0,t_4019,5221
2025-02-14 09:30,002620.XSHE,2100,3.28,5.0,0.0,t_4020,5222
2025-02-14 09:30,300478.XSHE,1100,10.6,5.0,0.0,t_4021,5223
2025-02-14 09:30,002856.XSHE,20600,8.93,18.4,0.0,t_4022,5224
2025-02-14 09:30,600768.XSHG,19300,9.25,17.85,0.0,t_4023,5225
2025-02-18 14:00,603813.XSHG,-2000,10.79,5.0,21.58,t_4024,5226
2025-02-18 14:00,002848.XSHE,-6700,7.35,5.0,49.25,t_4025,5227
2025-02-18 14:00,600421.XSHG,-11400,8.3,9.46,94.62,t_4026,5228
2025-02-18 14:00,300478.XSHE,-4900,15.74,7.71,77.13,t_4027,5229
2025-02-19 09:30,000668.XSHE,36300,5.8,21.05,0.0,t_4028,5230
2025-02-19 09:30,000691.XSHE,53800,3.22,17.32,0.0,t_4029,5231
2025-02-19 09:30,603813.XSHG,17900,10.53,18.85,0.0,t_4030,5232
2025-02-19 09:30,002848.XSHE,25900,7.21,18.67,0.0,t_4031,5233
2025-02-19 09:30,605081.XSHG,20000,9.7,19.4,0.0,t_4032,5234
2025-02-19 09:30,000929.XSHE,29500,6.57,19.38,0.0,t_4033,5235
2025-02-19 09:30,300929.XSHE,22200,8.93,19.82,0.0,t_4034,5236
2025-02-19 09:30,002620.XSHE,100,3.38,5.0,0.0,t_4035,5237
2025-02-19 09:30,300478.XSHE,500,14.83,5.0,0.0,t_4036,5238
2025-02-19 09:30,002856.XSHE,20800,9.05,18.82,0.0,t_4037,5239
2025-02-19 09:30,600768.XSHG,21300,9.19,19.57,0.0,t_4038,5240
2025-02-19 09:30,603316.XSHG,37100,4.9,18.18,0.0,t_4039,5241
2025-02-19 14:00,600421.XSHG,-3200,9.08,5.0,29.06,t_4040,5242
2025-02-20 14:00,603813.XSHG,-6300,11.86,7.47,74.72,t_4041,5243
2025-02-20 14:00,603316.XSHG,-2100,5.32,5.0,11.17,t_4042,5244
2025-02-24 09:30,000668.XSHE,34700,5.77,20.02,0.0,t_4043,5245
2025-02-24 09:30,000691.XSHE,71000,3.11,22.08,0.0,t_4044,5246
2025-02-24 09:30,603813.XSHG,13400,12.12,16.24,0.0,t_4045,5247
2025-02-24 09:30,002848.XSHE,35700,6.76,24.13,0.0,t_4046,5248
2025-02-24 09:30,605081.XSHG,16100,10.14,16.33,0.0,t_4047,5249
2025-02-24 09:30,600421.XSHG,8300,7.48,6.21,0.0,t_4048,5250
2025-02-24 09:30,000929.XSHE,29200,6.6,19.27,0.0,t_4049,5251
2025-02-24 09:30,300929.XSHE,20600,9.05,18.64,0.0,t_4050,5252
2025-02-24 09:30,002620.XSHE,-1400,3.48,5.0,4.87,t_4051,5253
2025-02-24 09:30,300478.XSHE,-300,15.66,5.0,4.7,t_4052,5254
2025-02-24 09:30,002856.XSHE,21800,9.0,19.62,0.0,t_4053,5255
2025-02-24 09:30,600768.XSHG,4100,9.57,5.0,0.0,t_4054,5256
2025-02-24 09:30,603316.XSHG,-300,5.33,5.0,1.6,t_4055,5257
2025-02-24 09:30,600768.XSHG,200,9.57,5.0,0.0,t_4056,5258
2025-02-27 09:30,000668.XSHE,-1200,5.97,5.0,7.16,t_4057,5260
2025-02-27 09:30,000691.XSHE,1100,3.18,5.0,0.0,t_4058,5261
2025-02-27 09:30,603813.XSHG,-17900,13.04,23.34,233.42,t_4059,5262
2025-02-27 09:30,002848.XSHE,400,6.92,5.0,0.0,t_4060,5263
2025-02-27 09:30,605081.XSHG,3000,10.08,5.0,0.0,t_4061,5264
2025-02-27 09:30,600421.XSHG,-23000,7.21,16.58,165.83,t_4062,5265
2025-02-27 09:30,000929.XSHE,-1600,6.86,5.0,10.98,t_4063,5266
2025-02-27 09:30,300929.XSHE,1200,9.18,5.0,0.0,t_4064,5267
2025-02-27 09:30,002620.XSHE,-55100,3.71,20.44,204.42,t_4065,5268
2025-02-27 09:30,300478.XSHE,-11900,14.32,17.04,170.41,t_4066,5269
2025-02-27 09:30,002856.XSHE,23400,8.99,21.04,0.0,t_4067,5270
2025-02-27 09:30,600768.XSHG,35700,9.54,34.06,0.0,t_4068,5271
2025-02-27 09:30,600753.XSHG,35000,5.5,19.25,0.0,t_4069,5272
2025-02-28 14:00,603316.XSHG,-5600,6.48,5.0,36.29,t_4070,5274
2025-03-03 14:00,603813.XSHG,-5100,14.08,7.18,71.81,t_4071,5275
2025-03-04 09:30,000668.XSHE,2400,5.78,5.0,0.0,t_4072,5276
2025-03-04 09:30,000691.XSHE,-100,3.13,5.0,0.31,t_4073,5277
2025-03-04 09:30,603813.XSHG,-13500,14.13,19.08,190.75,t_4074,5278
2025-03-04 09:30,002848.XSHE,-4700,7.05,5.0,33.13,t_4075,5279
2025-03-04 09:30,605081.XSHG,2200,9.69,5.0,0.0,t_4076,5280
2025-03-04 09:30,600421.XSHG,1000,6.8,5.0,0.0,t_4077,5281
2025-03-04 09:30,000929.XSHE,1300,6.68,5.0,0.0,t_4078,5282
2025-03-04 09:30,300929.XSHE,1700,8.88,5.0,0.0,t_4079,5283
2025-03-04 09:30,002620.XSHE,-51200,3.61,18.48,184.83,t_4080,5284
2025-03-04 09:30,002856.XSHE,400,8.81,5.0,0.0,t_4081,5285
2025-03-04 09:30,600768.XSHG,-500,9.44,5.0,4.72,t_4082,5286
2025-03-04 09:30,603316.XSHG,3000,5.81,5.0,0.0,t_4083,5287
2025-03-04 09:30,600753.XSHG,73000,5.18,37.81,0.0,t_4084,5288
2025-03-04 09:30,300736.XSHE,5800,9.68,5.61,0.0,t_4085,5289
2025-03-07 09:30,000668.XSHE,100,5.67,5.0,0.0,t_4086,5290
2025-03-07 09:30,000691.XSHE,-2500,3.18,5.0,7.95,t_4087,5291
2025-03-07 09:30,603813.XSHG,-12800,13.99,17.91,179.07,t_4088,5292
2025-03-07 09:30,002848.XSHE,6200,6.78,5.0,0.0,t_4089,5293
2025-03-07 09:30,605081.XSHG,900,9.67,5.0,0.0,t_4090,5294
2025-03-07 09:30,600421.XSHG,-27400,6.84,18.74,187.42,t_4091,5295
2025-03-07 09:30,000929.XSHE,5800,6.46,5.0,0.0,t_4092,5296
2025-03-07 09:30,300929.XSHE,-3200,9.24,5.0,29.57,t_4093,5297
2025-03-07 09:30,002856.XSHE,-3100,9.15,5.0,28.37,t_4094,5298
2025-03-07 09:30,600768.XSHG,-2600,9.77,5.0,25.4,t_4095,5299
2025-03-07 09:30,603316.XSHG,-100,5.88,5.0,0.59,t_4096,5300
2025-03-07 09:30,600753.XSHG,28200,5.52,15.57,0.0,t_4097,5301
2025-03-07 09:30,300736.XSHE,21500,9.91,21.31,0.0,t_4098,5302
2025-03-07 09:30,000668.XSHE,100,5.67,5.0,0.0,t_4099,5303
2025-03-11 14:00,605081.XSHG,-2700,10.23,5.0,27.62,t_4100,5306
2025-03-11 14:00,000929.XSHE,-15100,7.41,11.19,111.89,t_4101,5307
2025-03-12 09:30,000668.XSHE,1600,5.97,5.0,0.0,t_4102,5308
2025-03-12 09:30,000691.XSHE,10600,3.18,5.0,0.0,t_4103,5309
2025-03-12 09:30,603813.XSHG,-14200,15.39,21.85,218.54,t_4104,5310
2025-03-12 09:30,002848.XSHE,5300,6.77,5.0,0.0,t_4105,5311
2025-03-12 09:30,000929.XSHE,-23300,7.28,16.96,169.62,t_4106,5312
2025-03-12 09:30,300929.XSHE,2500,9.34,5.0,0.0,t_4107,5313
2025-03-12 09:30,002856.XSHE,2000,9.29,5.0,0.0,t_4108,5314
2025-03-12 09:30,600768.XSHG,3600,9.75,5.0,0.0,t_4109,5315
2025-03-12 09:30,603316.XSHG,-32000,6.45,20.64,206.4,t_4110,5316
2025-03-12 09:30,600753.XSHG,31700,5.8,18.39,0.0,t_4111,5317
2025-03-12 09:30,300736.XSHE,40300,9.74,39.25,0.0,t_4112,5318
2025-03-12 09:30,600243.XSHG,300,2.99,5.0,0.0,t_4113,5320
2025-03-17 09:30,002848.XSHE,-5300,7.08,5.0,37.52,t_4114,5323
2025-03-17 09:30,605081.XSHG,-2000,10.61,5.0,21.22,t_4115,5324
2025-03-17 09:30,000929.XSHE,-27500,7.4,20.35,203.5,t_4116,5325
2025-03-17 09:30,300929.XSHE,-1600,9.56,5.0,15.3,t_4117,5326
2025-03-17 09:30,002856.XSHE,-2600,9.6,5.0,24.96,t_4118,5327
2025-03-17 09:30,600768.XSHG,-600,9.88,5.0,5.93,t_4119,5328
2025-03-17 09:30,600753.XSHG,-31400,5.75,18.05,180.55,t_4120,5329
2025-03-17 09:30,300736.XSHE,32700,9.77,31.95,0.0,t_4121,5330
2025-03-17 09:30,600243.XSHG,56600,2.98,16.87,0.0,t_4122,5331
2025-03-17 14:00,603813.XSHG,-12700,15.61,19.82,198.25,t_4123,5336
2025-03-20 09:30,000668.XSHE,2600,5.94,5.0,0.0,t_4124,5337
2025-03-20 09:30,000691.XSHE,15600,3.06,5.0,0.0,t_4125,5338
2025-03-20 09:30,002848.XSHE,4600,6.88,5.0,0.0,t_4126,5339
2025-03-20 09:30,605081.XSHG,-300,10.69,5.0,3.21,t_4127,5340
2025-03-20 09:30,000929.XSHE,-25400,7.28,18.49,184.91,t_4128,5341
2025-03-20 09:30,300929.XSHE,1100,9.49,5.0,0.0,t_4129,5342
2025-03-20 09:30,002856.XSHE,2100,9.44,5.0,0.0,t_4130,5343
2025-03-20 09:30,600753.XSHG,300,5.76,5.0,0.0,t_4131,5344
2025-03-20 09:30,300736.XSHE,-700,9.9,5.0,6.93,t_4132,5345
2025-03-20 09:30,600421.XSHG,40700,6.53,26.58,0.0,t_4133,5347
2025-03-24 14:00,600243.XSHG,100,3.57,5.0,0.0,t_4134,5348
2025-03-25 09:30,600768.XSHG,-1600,9.41,5.0,15.06,t_4135,5355
2025-03-25 09:30,600753.XSHG,2800,5.24,5.0,0.0,t_4136,5356
2025-03-25 09:30,000691.XSHE,100,2.81,5.0,0.0,t_4137,5360
2025-03-25 14:00,605081.XSHG,-26800,11.23,30.1,300.96,t_4138,5369
2025-03-25 14:00,600421.XSHG,9000,7.37,6.63,0.0,t_4139,5370
2025-03-27 14:00,002856.XSHE,1100,8.87,5.0,0.0,t_4140,5371
2025-03-27 14:00,600753.XSHG,-10900,5.82,6.34,63.44,t_4141,5372
2025-03-28 09:30,000668.XSHE,14300,5.19,7.42,0.0,t_4142,5373
2025-03-28 09:30,000691.XSHE,-23200,3.13,7.26,72.62,t_4143,5374
2025-03-28 09:30,002848.XSHE,14500,5.93,8.6,0.0,t_4144,5375
2025-03-28 09:30,605081.XSHG,5500,10.54,5.8,0.0,t_4145,5376
2025-03-28 09:30,000929.XSHE,-27300,6.96,19.0,190.01,t_4146,5377
2025-03-28 09:30,300929.XSHE,2800,8.77,5.0,0.0,t_4147,5378
2025-03-28 09:30,002856.XSHE,-2400,9.08,5.0,21.79,t_4148,5379
2025-03-28 09:30,600768.XSHG,1100,9.46,5.0,0.0,t_4149,5380
2025-03-28 09:30,600753.XSHG,-30900,5.74,17.74,177.37,t_4150,5381
2025-03-28 09:30,300736.XSHE,5300,8.91,5.0,0.0,t_4151,5382
2025-03-28 09:30,600243.XSHG,141200,2.83,39.96,0.0,t_4152,5383
2025-03-28 09:30,300665.XSHE,7200,6.76,5.0,0.0,t_4153,5384
2025-03-28 14:00,600421.XSHG,-700,7.41,5.0,5.19,t_4154,5385
2025-04-01 09:30,000668.XSHE,-180100,5.01,90.23,902.3,t_4155,5386
2025-04-01 09:30,000691.XSHE,-298800,2.86,85.46,854.57,t_4156,5387
2025-04-01 09:30,002848.XSHE,-157700,5.69,89.73,897.31,t_4157,5388
2025-04-01 09:30,000929.XSHE,-26900,6.71,18.05,180.5,t_4158,5389
2025-04-01 09:30,300929.XSHE,-106600,8.41,89.65,896.51,t_4159,5390
2025-04-01 09:30,002856.XSHE,-103000,8.52,87.76,877.56,t_4160,5391
2025-04-01 09:30,600768.XSHG,-98800,9.08,89.71,897.1,t_4161,5392
2025-04-01 09:30,600753.XSHG,-97800,5.2,50.86,508.56,t_4162,5393
2025-04-01 09:30,300736.XSHE,-104900,8.59,90.11,901.09,t_4163,5394
2025-04-01 09:30,600243.XSHG,-198200,2.61,51.73,517.3,t_4164,5395
2025-04-01 09:30,600421.XSHG,-49000,6.7,32.83,328.3,t_4165,5396
2025-04-01 09:30,300665.XSHE,-7200,6.49,5.0,46.73,t_4166,5397
2025-04-01 09:30,511880.XSHG,77700,100.383,0.0,0.0,t_4167,5398
2025-05-06 09:30,511880.XSHG,-77700,100.486,0.0,0.0,t_4168,5399
2025-05-07 09:30,605081.XSHG,-70900,11.36,80.54,805.42,t_4169,5400
2025-05-07 09:30,300736.XSHE,18400,9.68,17.81,0.0,t_4170,5401
2025-05-07 09:30,300929.XSHE,18800,9.48,17.82,0.0,t_4171,5402
2025-05-07 09:30,301372.XSHE,8800,20.15,17.73,0.0,t_4172,5403
2025-05-07 09:30,300948.XSHE,17900,9.94,17.79,0.0,t_4173,5404
2025-05-07 09:30,603616.XSHG,48900,3.65,17.85,0.0,t_4174,5405
2025-05-07 09:30,600768.XSHG,16800,10.6,17.81,0.0,t_4175,5406
2025-05-07 09:30,300635.XSHE,17500,10.2,17.85,0.0,t_4176,5407
2025-05-07 09:30,300405.XSHE,35300,5.06,17.86,0.0,t_4177,5408
2025-05-07 09:30,002193.XSHE,32400,5.5,17.82,0.0,t_4178,5409
2025-05-07 09:30,300665.XSHE,23400,7.63,17.85,0.0,t_4179,5410
2025-05-12 09:30,300736.XSHE,18600,9.67,17.99,0.0,t_4180,5411
2025-05-12 09:30,300929.XSHE,18300,9.65,17.66,0.0,t_4181,5412
2025-05-12 09:30,301372.XSHE,8700,20.39,17.74,0.0,t_4182,5413
2025-05-12 09:30,300948.XSHE,17600,10.08,17.74,0.0,t_4183,5414
2025-05-12 09:30,603616.XSHG,-1700,3.8,5.0,6.46,t_4184,5415
2025-05-12 09:30,600768.XSHG,16700,10.69,17.85,0.0,t_4185,5416
2025-05-12 09:30,300635.XSHE,18100,10.05,18.19,0.0,t_4186,5417
2025-05-12 09:30,300405.XSHE,34100,5.16,17.6,0.0,t_4187,5418
2025-05-12 09:30,002193.XSHE,31700,5.58,17.69,0.0,t_4188,5419
2025-05-12 09:30,300665.XSHE,23700,7.59,17.99,0.0,t_4189,5420
2025-05-12 09:30,603729.XSHG,11400,15.6,17.78,0.0,t_4190,5421
2025-05-15 09:30,300736.XSHE,19100,9.51,18.16,0.0,t_4191,5422
2025-05-15 09:30,300929.XSHE,19400,9.43,18.29,0.0,t_4192,5423
2025-05-15 09:30,301372.XSHE,8800,20.29,17.86,0.0,t_4193,5424
2025-05-15 09:30,300948.XSHE,19100,9.76,18.64,0.0,t_4194,5425
2025-05-15 09:30,603616.XSHG,46400,3.8,17.63,0.0,t_4195,5426
2025-05-15 09:30,600768.XSHG,18200,10.31,18.76,0.0,t_4196,5427
2025-05-15 09:30,300635.XSHE,18400,9.88,18.18,0.0,t_4197,5428
2025-05-15 09:30,300405.XSHE,-1200,5.22,5.0,6.26,t_4198,5429
2025-05-15 09:30,002193.XSHE,29800,5.68,16.93,0.0,t_4199,5430
2025-05-15 09:30,300665.XSHE,27200,7.18,19.53,0.0,t_4200,5431
2025-05-15 09:30,603729.XSHG,11700,15.35,17.96,0.0,t_4201,5432
2025-05-20 09:30,300736.XSHE,17500,9.88,17.29,0.0,t_4202,5433
2025-05-20 09:30,300929.XSHE,17700,9.8,17.35,0.0,t_4203,5434
2025-05-20 09:30,301372.XSHE,9000,20.6,18.54,0.0,t_4204,5435
2025-05-20 09:30,300948.XSHE,17200,10.13,17.42,0.0,t_4205,5436
2025-05-20 09:30,603616.XSHG,-1700,3.96,5.0,6.73,t_4206,5437
2025-05-20 09:30,600768.XSHG,15000,10.9,16.35,0.0,t_4207,5438
2025-05-20 09:30,300635.XSHE,16900,10.25,17.32,0.0,t_4208,5439
2025-05-20 09:30,300405.XSHE,35100,5.28,18.53,0.0,t_4209,5440
2025-05-20 09:30,002193.XSHE,31900,5.78,18.44,0.0,t_4210,5441
2025-05-20 09:30,300665.XSHE,20200,7.69,15.53,0.0,t_4211,5442
2025-05-20 09:30,603729.XSHG,11400,15.79,18.0,0.0,t_4212,5443
2025-05-23 09:30,300736.XSHE,19000,9.7,18.43,0.0,t_4213,5444
2025-05-23 09:30,300929.XSHE,19200,9.62,18.47,0.0,t_4214,5445
2025-05-23 09:30,301372.XSHE,8600,20.46,17.6,0.0,t_4215,5446
2025-05-23 09:30,300948.XSHE,18400,9.96,18.33,0.0,t_4216,5447
2025-05-23 09:30,603616.XSHG,-2000,4.0,5.0,8.0,t_4217,5448
2025-05-23 09:30,600768.XSHG,18100,10.59,19.17,0.0,t_4218,5449
2025-05-23 09:30,300635.XSHE,15600,10.38,16.19,0.0,t_4219,5450
2025-05-23 09:30,300405.XSHE,36300,5.15,18.69,0.0,t_4220,5451
2025-05-23 09:30,002193.XSHE,32900,5.66,18.62,0.0,t_4221,5452
2025-05-23 09:30,300665.XSHE,7700,7.43,5.72,0.0,t_4222,5453
2025-05-28 09:30,300929.XSHE,-700,9.8,5.0,6.86,t_4223,5458
2025-05-28 09:30,301372.XSHE,-600,21.0,5.0,12.6,t_4224,5459
2025-05-28 09:30,300948.XSHE,-1000,10.19,5.0,10.19,t_4225,5460
2025-05-28 09:30,603616.XSHG,-44300,3.99,17.68,176.76,t_4226,5461
2025-05-28 09:30,600768.XSHG,1700,10.49,5.0,0.0,t_4227,5462
2025-05-28 09:30,300405.XSHE,-400,5.22,5.0,2.09,t_4228,5463
2025-05-28 09:30,002193.XSHE,600,5.7,5.0,0.0,t_4229,5464
2025-05-28 09:30,300665.XSHE,19500,7.46,14.55,0.0,t_4230,5465
2025-05-28 09:30,603729.XSHG,2600,15.92,5.0,0.0,t_4231,5466
2025-06-03 09:30,300929.XSHE,-1200,9.9,5.0,11.88,t_4232,5470
2025-06-03 09:30,301372.XSHE,-10300,22.0,22.66,226.6,t_4233,5471
2025-06-03 09:30,300948.XSHE,800,10.05,5.0,0.0,t_4234,5472
2025-06-03 09:30,603616.XSHG,-900,4.05,5.0,3.65,t_4235,5473
2025-06-03 09:30,600768.XSHG,1100,10.33,5.0,0.0,t_4236,5474
2025-06-03 09:30,300635.XSHE,600,10.38,5.0,0.0,t_4237,5475
2025-06-03 09:30,300405.XSHE,2700,5.1,5.0,0.0,t_4238,5476
2025-06-03 09:30,002193.XSHE,1700,5.62,5.0,0.0,t_4239,5477
2025-06-03 09:30,300665.XSHE,1200,7.36,5.0,0.0,t_4240,5478
2025-06-03 09:30,603729.XSHG,11600,15.88,18.42,0.0,t_4241,5479
2025-06-06 09:30,300736.XSHE,-1700,10.21,5.0,17.36,t_4242,5483
2025-06-06 09:30,300929.XSHE,200,10.11,5.0,0.0,t_4243,5484
2025-06-06 09:30,301372.XSHE,600,22.06,5.0,0.0,t_4244,5485
2025-06-06 09:30,603616.XSHG,-44700,4.09,18.28,182.82,t_4245,5486
2025-06-06 09:30,600768.XSHG,-1100,10.73,5.0,11.8,t_4246,5487
2025-06-06 09:30,300405.XSHE,36800,5.19,19.1,0.0,t_4247,5488
2025-06-06 09:30,002193.XSHE,1000,5.72,5.0,0.0,t_4248,5489
2025-06-06 09:30,300665.XSHE,-500,7.58,5.0,3.79,t_4249,5490
2025-06-06 09:30,603729.XSHG,200,16.3,5.0,0.0,t_4250,5491
2025-06-06 09:30,002193.XSHE,100,5.72,5.0,0.0,t_4251,5492
2025-06-11 09:30,301372.XSHE,-800,23.18,5.0,18.54,t_4252,5497
2025-06-11 09:30,300948.XSHE,1200,10.4,5.0,0.0,t_4253,5498
2025-06-11 09:30,600768.XSHG,500,10.9,5.0,0.0,t_4254,5499
2025-06-11 09:30,300405.XSHE,-2300,5.38,5.0,12.37,t_4255,5501
2025-06-11 09:30,002193.XSHE,-1300,5.9,5.0,7.67,t_4256,5502
2025-06-11 09:30,300665.XSHE,900,7.69,5.0,0.0,t_4257,5503
2025-06-11 09:30,603729.XSHG,800,16.9,5.0,0.0,t_4258,5504
2025-06-16 09:30,300948.XSHE,-1000,10.3,5.0,10.3,t_4259,5513
2025-06-16 09:30,600768.XSHG,-1500,10.87,5.0,16.3,t_4260,5514
2025-06-16 09:30,300635.XSHE,-18900,10.9,20.6,206.01,t_4261,5515
2025-06-16 09:30,300405.XSHE,2800,5.18,5.0,0.0,t_4262,5516
2025-06-16 09:30,002193.XSHE,4100,5.63,5.0,0.0,t_4263,5517
2025-06-16 09:30,300665.XSHE,100,7.52,5.0,0.0,t_4264,5518
2025-06-16 09:30,603729.XSHG,6600,16.47,10.87,0.0,t_4265,5519
2025-06-16 09:30,300736.XSHE,1000,10.1,5.0,0.0,t_4266,5520
2025-06-16 09:30,300929.XSHE,300,10.09,5.0,0.0,t_4267,5521
2025-06-16 09:30,301372.XSHE,800,22.1,5.0,0.0,t_4268,5522
2025-06-16 09:30,300649.XSHE,4500,11.98,5.39,0.0,t_4269,5523
2025-06-19 09:30,301372.XSHE,-8800,22.48,19.78,197.82,t_4270,5527
2025-06-19 09:30,300948.XSHE,400,10.25,5.0,0.0,t_4271,5528
2025-06-19 09:30,600768.XSHG,1200,10.7,5.0,0.0,t_4272,5529
2025-06-19 09:30,300635.XSHE,-18600,11.24,20.91,209.06,t_4273,5530
2025-06-19 09:30,300405.XSHE,1100,5.15,5.0,0.0,t_4274,5531
2025-06-19 09:30,002193.XSHE,1500,5.58,5.0,0.0,t_4275,5532
2025-06-19 09:30,300665.XSHE,-800,7.58,5.0,6.06,t_4276,5533
2025-06-19 09:30,603729.XSHG,500,16.34,5.0,0.0,t_4277,5534
2025-06-19 09:30,300649.XSHE,9000,13.68,12.31,0.0,t_4278,5535
2025-06-19 09:30,300736.XSHE,100,10.09,5.0,0.0,t_4279,5536
2025-06-19 09:30,300929.XSHE,700,10.01,5.0,0.0,t_4280,5537
2025-06-19 09:30,002719.XSHE,27800,8.71,24.21,0.0,t_4281,5538
2025-06-24 09:30,300736.XSHE,-1700,10.3,5.0,17.51,t_4282,5540
2025-06-24 09:30,300929.XSHE,700,9.95,5.0,0.0,t_4283,5541
2025-06-24 09:30,301372.XSHE,500,21.91,5.0,0.0,t_4284,5542
2025-06-24 09:30,600768.XSHG,-200,10.76,5.0,2.15,t_4285,5543
2025-06-24 09:30,300405.XSHE,-3800,5.27,5.0,20.03,t_4286,5544
2025-06-24 09:30,002193.XSHE,-2300,5.67,5.0,13.04,t_4287,5545
2025-06-24 09:30,300665.XSHE,-200,7.6,5.0,1.52,t_4288,5546
2025-06-24 09:30,603729.XSHG,600,16.2,5.0,0.0,t_4289,5547
2025-06-24 09:30,300649.XSHE,-13500,12.83,17.32,173.21,t_4290,5548
2025-06-24 09:30,002719.XSHE,23000,8.69,19.99,0.0,t_4291,5549
2025-06-26 14:00,300635.XSHE,-18300,12.31,22.53,225.27,t_4292,5553
2025-06-27 09:30,300736.XSHE,1200,10.58,5.0,0.0,t_4293,5554
2025-06-27 09:30,300929.XSHE,300,10.34,5.0,0.0,t_4294,5555
2025-06-27 09:30,301372.XSHE,9100,22.5,20.48,0.0,t_4295,5556
2025-06-27 09:30,300948.XSHE,200,10.66,5.0,0.0,t_4296,5557
2025-06-27 09:30,600768.XSHG,200,11.13,5.0,0.0,t_4297,5558
2025-06-27 09:30,300405.XSHE,-1200,5.53,5.0,6.64,t_4298,5559
2025-06-27 09:30,002193.XSHE,-2000,5.98,5.0,11.96,t_4299,5560
2025-06-27 09:30,603729.XSHG,600,16.7,5.0,0.0,t_4300,5561
2025-06-27 09:30,002719.XSHE,1000,8.85,5.0,0.0,t_4301,5562
2025-06-27 14:00,300635.XSHE,-15900,12.68,20.16,201.61,t_4302,5566
2025-07-02 09:30,300736.XSHE,4100,10.78,5.0,0.0,t_4303,5567
2025-07-02 09:30,300929.XSHE,3600,10.6,5.0,0.0,t_4304,5568
2025-07-02 09:30,301372.XSHE,1600,22.88,5.0,0.0,t_4305,5569
2025-07-02 09:30,300948.XSHE,3000,10.99,5.0,0.0,t_4306,5570
2025-07-02 09:30,600768.XSHG,3300,11.45,5.0,0.0,t_4307,5571
2025-07-02 09:30,300635.XSHE,-15400,11.88,18.3,182.95,t_4308,5572
2025-07-02 09:30,300405.XSHE,-40600,6.13,24.89,248.88,t_4309,5573
2025-07-02 09:30,002193.XSHE,4800,6.18,5.0,0.0,t_4310,5574
2025-07-02 09:30,603729.XSHG,2600,17.01,5.0,0.0,t_4311,5575
2025-07-02 09:30,002719.XSHE,40500,9.11,36.9,0.0,t_4312,5576
2025-07-02 14:00,300665.XSHE,-40300,9.87,39.78,397.76,t_4313,5581
2025-07-07 09:30,300736.XSHE,-1400,10.55,5.0,14.77,t_4314,5582
2025-07-07 09:30,300929.XSHE,-2700,10.51,5.0,28.38,t_4315,5583
2025-07-07 09:30,301372.XSHE,-900,22.66,5.0,20.39,t_4316,5584
2025-07-07 09:30,300948.XSHE,-1300,10.75,5.0,13.97,t_4317,5585
2025-07-07 09:30,600768.XSHG,-2300,11.34,5.0,26.08,t_4318,5586
2025-07-07 09:30,300405.XSHE,8000,5.57,5.0,0.0,t_4319,5587
2025-07-07 09:30,002193.XSHE,-1000,5.99,5.0,5.99,t_4320,5588
2025-07-07 09:30,300665.XSHE,-15800,9.0,14.22,142.2,t_4321,5589
2025-07-07 09:30,603729.XSHG,-1700,16.88,5.0,28.7,t_4322,5590
2025-07-07 09:30,002719.XSHE,17700,9.03,15.98,0.0,t_4323,5591
2025-07-07 09:30,600847.XSHG,17700,11.22,19.86,0.0,t_4324,5592
2025-07-07 09:30,001211.XSHE,12300,22.29,27.42,0.0,t_4325,5593
2025-07-10 09:30,300948.XSHE,-2100,11.29,5.0,23.71,t_4326,5598
2025-07-10 09:30,600768.XSHG,-1200,11.8,5.0,14.16,t_4327,5599
2025-07-10 09:30,300405.XSHE,-1700,5.79,5.0,9.84,t_4328,5600
2025-07-10 09:30,300665.XSHE,-20600,8.95,18.44,184.37,t_4329,5601
2025-07-10 09:30,603729.XSHG,300,17.22,5.0,0.0,t_4330,5602
2025-07-10 09:30,002719.XSHE,900,9.2,5.0,0.0,t_4331,5603
2025-07-10 09:30,600847.XSHG,-17700,11.07,19.59,195.94,t_4332,5604
2025-07-10 09:30,001211.XSHE,4900,23.61,11.57,0.0,t_4333,5605
2025-07-10 09:30,300736.XSHE,1200,10.69,5.0,0.0,t_4334,5606
2025-07-10 09:30,300929.XSHE,400,10.74,5.0,0.0,t_4335,5607
2025-07-10 09:30,301372.XSHE,7900,23.73,18.75,0.0,t_4336,5608
2025-07-10 09:30,600671.XSHG,6900,13.54,9.34,0.0,t_4337,5609
2025-07-15 09:30,300929.XSHE,-600,10.84,5.0,6.5,t_4338,5611
2025-07-15 09:30,301372.XSHE,-100,23.86,5.0,2.39,t_4339,5612
2025-07-15 09:30,300948.XSHE,800,11.15,5.0,0.0,t_4340,5613
2025-07-15 09:30,600768.XSHG,-1100,11.99,5.0,13.19,t_4341,5614
2025-07-15 09:30,300405.XSHE,-36900,5.9,21.77,217.71,t_4342,5615
2025-07-15 09:30,002193.XSHE,-100,6.17,5.0,0.62,t_4343,5616
2025-07-15 09:30,300665.XSHE,-23600,9.26,21.85,218.54,t_4344,5617
2025-07-15 09:30,603729.XSHG,1000,16.97,5.0,0.0,t_4345,5618
2025-07-15 09:30,002719.XSHE,1400,9.1,5.0,0.0,t_4346,5619
2025-07-15 09:30,001211.XSHE,300,23.29,5.0,0.0,t_4347,5620
2025-07-15 09:30,600671.XSHG,30000,13.78,41.34,0.0,t_4348,5621
2025-07-18 09:30,300736.XSHE,-400,10.78,5.0,4.31,t_4349,5626
2025-07-18 09:30,300929.XSHE,400,10.7,5.0,0.0,t_4350,5627
2025-07-18 09:30,002193.XSHE,-700,6.2,5.0,4.34,t_4351,5632
2025-07-18 09:30,300665.XSHE,-22100,9.17,20.27,202.66,t_4352,5633
2025-07-18 09:30,603729.XSHG,-400,17.12,5.0,6.85,t_4353,5634
2025-07-18 09:30,002719.XSHE,-3700,9.43,5.0,34.89,t_4354,5635
2025-07-18 09:30,001211.XSHE,9000,23.09,20.78,0.0,t_4355,5636
2025-07-18 09:30,600671.XSHG,2900,14.05,5.0,0.0,t_4356,5637
2025-07-23 09:30,300948.XSHE,-1400,11.79,5.0,16.51,t_4357,5648
2025-07-23 09:30,600768.XSHG,-700,12.5,5.0,8.75,t_4358,5649
2025-07-23 09:30,300405.XSHE,-16400,7.24,11.87,118.74,t_4359,5650
2025-07-23 09:30,002193.XSHE,2300,6.32,5.0,0.0,t_4360,5651
2025-07-23 09:30,603729.XSHG,1300,17.31,5.0,0.0,t_4361,5652
2025-07-23 09:30,002719.XSHE,4600,9.34,5.0,0.0,t_4362,5653
2025-07-23 09:30,001211.XSHE,800,23.17,5.0,0.0,t_4363,5654
2025-07-23 09:30,600671.XSHG,-9400,13.96,13.12,131.22,t_4364,5655
2025-07-23 09:30,300736.XSHE,2300,10.87,5.0,0.0,t_4365,5656
2025-07-23 09:30,300929.XSHE,2200,10.9,5.0,0.0,t_4366,5657
2025-07-23 09:30,301372.XSHE,800,24.21,5.0,0.0,t_4367,5658
2025-07-23 09:30,000890.XSHE,26600,4.05,10.77,0.0,t_4368,5659
2025-07-28 09:30,300736.XSHE,-3300,11.35,5.0,37.45,t_4369,5661
2025-07-28 09:30,300929.XSHE,-2000,11.23,5.0,22.46,t_4370,5662
2025-07-28 09:30,301372.XSHE,800,23.94,5.0,0.0,t_4371,5663
2025-07-28 09:30,300948.XSHE,3100,11.48,5.0,0.0,t_4372,5664
2025-07-28 09:30,600768.XSHG,-18600,12.91,24.01,240.13,t_4373,5665
2025-07-28 09:30,300405.XSHE,-24000,6.7,16.08,160.8,t_4374,5666
2025-07-28 09:30,002193.XSHE,-1200,6.42,5.0,7.7,t_4375,5667
2025-07-28 09:30,002719.XSHE,-800,9.49,5.0,7.59,t_4376,5668
2025-07-28 09:30,600671.XSHG,-300,14.22,5.0,4.27,t_4377,5669
2025-07-28 09:30,000890.XSHE,78700,4.05,31.87,0.0,t_4378,5670
2025-07-28 09:30,300163.XSHE,32400,3.29,10.66,0.0,t_4379,5671
2025-07-30 14:00,301372.XSHE,-8400,30.02,25.22,252.17,t_4380,5673
2025-07-31 09:30,300736.XSHE,600,11.42,5.0,0.0,t_4381,5674
2025-07-31 09:30,300929.XSHE,1900,11.15,5.0,0.0,t_4382,5675
2025-07-31 09:30,301372.XSHE,-5500,28.29,15.56,155.59,t_4383,5676
2025-07-31 09:30,300948.XSHE,1800,11.41,5.0,0.0,t_4384,5677
2025-07-31 09:30,600768.XSHG,3200,12.47,5.0,0.0,t_4385,5678
2025-07-31 09:30,300405.XSHE,-29700,6.37,18.92,189.19,t_4386,5679
2025-07-31 09:30,002193.XSHE,3900,6.35,5.0,0.0,t_4387,5680
2025-07-31 09:30,603729.XSHG,1200,17.32,5.0,0.0,t_4388,5681
2025-07-31 09:30,002719.XSHE,500,9.57,5.0,0.0,t_4389,5682
2025-07-31 09:30,001211.XSHE,8900,23.88,21.25,0.0,t_4390,5683
2025-07-31 09:30,600671.XSHG,-14800,14.15,20.94,209.42,t_4391,5684
2025-07-31 09:30,000890.XSHE,58000,3.97,23.03,0.0,t_4392,5685
2025-07-31 09:30,300163.XSHE,66600,3.36,22.38,0.0,t_4393,5686
2025-08-04 14:00,600671.XSHG,-1300,15.53,5.0,20.19,t_4394,5689
2025-08-05 09:30,300736.XSHE,-1000,11.75,5.0,11.75,t_4395,5690
2025-08-05 09:30,300929.XSHE,-1900,11.58,5.0,22.0,t_4396,5691
2025-08-05 09:30,301372.XSHE,-6800,27.8,18.9,189.04,t_4397,5692
2025-08-05 09:30,300948.XSHE,-1800,11.84,5.0,21.31,t_4398,5693
2025-08-05 09:30,600768.XSHG,-200,12.74,5.0,2.55,t_4399,5694
2025-08-05 09:30,300405.XSHE,300,6.41,5.0,0.0,t_4400,5695
2025-08-05 09:30,002193.XSHE,1100,6.42,5.0,0.0,t_4401,5696
2025-08-05 09:30,002719.XSHE,2500,9.52,5.0,0.0,t_4402,5697
2025-08-05 09:30,001211.XSHE,-100,24.4,5.0,2.44,t_4403,5698
2025-08-05 09:30,600671.XSHG,-14000,15.49,21.69,216.86,t_4404,5699
2025-08-05 09:30,000890.XSHE,1600,4.0,5.0,0.0,t_4405,5700
2025-08-05 09:30,300163.XSHE,97900,3.35,32.8,0.0,t_4406,5701
2025-08-05 09:30,300854.XSHE,7000,16.79,11.75,0.0,t_4407,5702
2025-08-07 14:00,000890.XSHE,-11900,4.36,5.19,51.88,t_4408,5704
2025-08-08 09:30,300736.XSHE,-500,11.96,5.0,5.98,t_4409,5705
2025-08-08 09:30,300929.XSHE,300,11.67,5.0,0.0,t_4410,5706
2025-08-08 09:30,301372.XSHE,-7200,26.88,19.35,193.54,t_4411,5707
2025-08-08 09:30,300948.XSHE,1400,11.8,5.0,0.0,t_4412,5708
2025-08-08 09:30,600768.XSHG,-200,12.94,5.0,2.59,t_4413,5709
2025-08-08 09:30,300405.XSHE,-34300,6.52,22.36,223.64,t_4414,5710
2025-08-08 09:30,002193.XSHE,2100,6.42,5.0,0.0,t_4415,5711
2025-08-08 09:30,002719.XSHE,-1800,9.8,5.0,17.64,t_4416,5712
2025-08-08 09:30,001211.XSHE,400,24.35,5.0,0.0,t_4417,5713
2025-08-08 09:30,000890.XSHE,-500,4.38,5.0,2.19,t_4418,5714
2025-08-08 09:30,300163.XSHE,66500,3.38,22.48,0.0,t_4419,5715
2025-08-08 09:30,300854.XSHE,13100,17.45,22.86,0.0,t_4420,5716
2025-08-13 09:30,300736.XSHE,-1300,12.36,5.0,16.07,t_4421,5719
2025-08-13 09:30,300929.XSHE,-1600,12.1,5.0,19.36,t_4422,5720
2025-08-13 09:30,301372.XSHE,-8300,27.6,22.91,229.08,t_4423,5721
2025-08-13 09:30,300948.XSHE,-200,12.05,5.0,2.41,t_4424,5722
2025-08-13 09:30,600768.XSHG,100,13.13,5.0,0.0,t_4425,5723
2025-08-13 09:30,002193.XSHE,2900,6.43,5.0,0.0,t_4426,5724
2025-08-13 09:30,603729.XSHG,800,17.96,5.0,0.0,t_4427,5725
2025-08-13 09:30,002719.XSHE,-1500,10.12,5.0,15.18,t_4428,5726
2025-08-13 09:30,001211.XSHE,-9500,25.24,23.98,239.78,t_4429,5727
2025-08-13 09:30,000890.XSHE,2400,4.39,5.0,0.0,t_4430,5728
2025-08-13 09:30,300163.XSHE,71900,3.38,24.3,0.0,t_4431,5729
2025-08-13 09:30,300854.XSHE,13400,17.42,23.34,0.0,t_4432,5730
2025-08-18 09:30,301372.XSHE,-8300,26.94,22.36,223.6,t_4433,5735
2025-08-18 09:30,300948.XSHE,400,11.52,5.0,0.0,t_4434,5736
2025-08-18 09:30,600768.XSHG,16100,12.79,20.59,0.0,t_4435,5737
2025-08-18 09:30,002193.XSHE,2200,6.05,5.0,0.0,t_4436,5738
2025-08-18 09:30,603729.XSHG,-1000,17.56,5.0,17.56,t_4437,5739
2025-08-18 09:30,002719.XSHE,1600,9.58,5.0,0.0,t_4438,5740
2025-08-18 09:30,001211.XSHE,-9000,24.29,21.86,218.61,t_4439,5741
2025-08-18 09:30,000890.XSHE,-52800,4.27,22.55,225.46,t_4440,5742
2025-08-18 09:30,300163.XSHE,-3100,3.28,5.0,10.17,t_4441,5743
2025-08-18 09:30,300854.XSHE,18700,16.68,31.19,0.0,t_4442,5744
2025-08-18 09:30,300736.XSHE,300,11.82,5.0,0.0,t_4443,5745
2025-08-18 09:30,300929.XSHE,900,11.51,5.0,0.0,t_4444,5746
2025-08-18 09:30,002193.XSHE,1600,6.05,5.0,0.0,t_4445,5747
2025-08-18 09:30,600847.XSHG,10500,11.49,12.06,0.0,t_4446,5748
2025-08-21 09:30,300736.XSHE,-2500,12.8,5.0,32.0,t_4447,5749
2025-08-21 09:30,300929.XSHE,2200,11.83,5.0,0.0,t_4448,5750
2025-08-21 09:30,300948.XSHE,-1600,12.34,5.0,19.74,t_4449,5751
2025-08-21 09:30,600768.XSHG,1900,12.96,5.0,0.0,t_4450,5752
2025-08-21 09:30,002193.XSHE,-700,6.39,5.0,4.47,t_4451,5753
2025-08-21 09:30,603729.XSHG,300,18.24,5.0,0.0,t_4452,5754
2025-08-21 09:30,001211.XSHE,-8900,25.23,22.45,224.55,t_4453,5756
2025-08-21 09:30,000890.XSHE,-49100,4.33,21.26,212.6,t_4454,5757
2025-08-21 09:30,300163.XSHE,800,3.44,5.0,0.0,t_4455,5758
2025-08-21 09:30,300854.XSHE,-3900,18.99,7.41,74.06,t_4456,5759
2025-08-21 09:30,600847.XSHG,43200,11.74,50.72,0.0,t_4457,5760
2025-08-26 09:30,002193.XSHE,100,6.25,5.0,0.0,t_4458,5770
2025-08-26 09:30,002719.XSHE,-800,10.07,5.0,8.06,t_4459,5772
2025-08-26 09:30,000890.XSHE,1200,4.19,5.0,0.0,t_4460,5773
2025-08-26 09:30,300163.XSHE,-1700,3.43,5.0,5.83,t_4461,5774
2025-08-26 09:30,300854.XSHE,-14800,20.39,30.18,301.77,t_4462,5775
2025-08-26 09:30,600847.XSHG,5700,11.47,6.54,0.0,t_4463,5776
2025-08-26 09:30,300736.XSHE,1300,12.5,5.0,0.0,t_4464,5777
2025-08-26 09:30,300929.XSHE,2300,11.46,5.0,0.0,t_4465,5778
2025-08-26 09:30,300948.XSHE,2300,11.93,5.0,0.0,t_4466,5779
2025-08-26 09:30,603729.XSHG,300,18.11,5.0,0.0,t_4467,5780
2025-08-26 09:30,002193.XSHE,2400,6.25,5.0,0.0,t_4468,5781
2025-08-26 09:30,600768.XSHG,1000,12.9,5.0,0.0,t_4469,5782
2025-08-26 09:30,600455.XSHG,5000,28.06,14.03,0.0,t_4470,5783
2025-08-29 09:30,300736.XSHE,-4500,12.74,5.73,57.33,t_4471,5784
2025-08-29 09:30,300929.XSHE,2300,10.85,5.0,0.0,t_4472,5785
2025-08-29 09:30,300948.XSHE,2700,11.23,5.0,0.0,t_4473,5786
2025-08-29 09:30,600768.XSHG,200,12.26,5.0,0.0,t_4474,5787
2025-08-29 09:30,002193.XSHE,100,5.84,5.0,0.0,t_4475,5788
2025-08-29 09:30,002719.XSHE,-21000,9.59,20.14,201.39,t_4476,5790
2025-08-29 09:30,001211.XSHE,-9100,25.0,22.75,227.5,t_4477,5791
2025-08-29 09:30,000890.XSHE,57200,3.95,22.59,0.0,t_4478,5792
2025-08-29 09:30,300163.XSHE,-29800,3.65,10.88,108.77,t_4479,5793
2025-08-29 09:30,300854.XSHE,-11600,20.13,23.35,233.51,t_4480,5794
2025-08-29 09:30,600847.XSHG,22700,10.72,24.33,0.0,t_4481,5795
2025-08-29 09:30,600455.XSHG,11200,26.83,30.05,0.0,t_4482,5796
2025-08-29 09:30,002193.XSHE,100,5.84,5.0,0.0,t_4483,5797
2025-09-03 09:30,000890.XSHE,-2800,4.06,5.0,11.37,t_4484,5809
2025-09-03 09:30,300163.XSHE,-50200,3.51,17.62,176.2,t_4485,5810
2025-09-03 09:30,300854.XSHE,-11300,20.82,23.53,235.27,t_4486,5811
2025-09-03 09:30,600847.XSHG,-21400,10.9,23.33,233.26,t_4487,5812
2025-09-03 09:30,600455.XSHG,8600,26.57,22.85,0.0,t_4488,5813
2025-09-03 09:30,300929.XSHE,600,10.8,5.0,0.0,t_4489,5814
2025-09-03 09:30,002193.XSHE,4400,5.91,5.0,0.0,t_4490,5815
2025-09-03 09:30,300948.XSHE,500,11.19,5.0,0.0,t_4491,5816
2025-09-03 09:30,603729.XSHG,1400,17.18,5.0,0.0,t_4492,5817
2025-09-03 09:30,300736.XSHE,600,12.66,5.0,0.0,t_4493,5818
2025-09-03 09:30,300594.XSHE,20200,17.67,35.69,0.0,t_4494,5819
2025-09-08 09:30,300736.XSHE,-1200,12.91,5.0,15.49,t_4495,5823
2025-09-08 09:30,300929.XSHE,100,10.84,5.0,0.0,t_4496,5824
2025-09-08 09:30,300948.XSHE,200,11.22,5.0,0.0,t_4497,5825
2025-09-08 09:30,600768.XSHG,900,12.41,5.0,0.0,t_4498,5826
2025-09-08 09:30,002193.XSHE,-1900,6.0,5.0,11.4,t_4499,5827
2025-09-08 09:30,603729.XSHG,600,17.1,5.0,0.0,t_4500,5828
2025-09-08 09:30,002719.XSHE,200,9.53,5.0,0.0,t_4501,5829
2025-09-08 09:30,000890.XSHE,-600,4.1,5.0,2.46,t_4502,5830
2025-09-08 09:30,300163.XSHE,800,3.43,5.0,0.0,t_4503,5831
2025-09-08 09:30,300854.XSHE,-10600,20.01,21.21,212.11,t_4504,5832
2025-09-08 09:30,600847.XSHG,-22100,11.49,25.39,253.93,t_4505,5833
2025-09-08 09:30,300594.XSHE,17400,17.62,30.66,0.0,t_4506,5834
2025-09-08 09:30,300163.XSHE,6000,3.43,5.0,0.0,t_4507,5835
2025-09-08 09:30,002719.XSHE,800,9.53,5.0,0.0,t_4508,5836
2025-09-08 09:30,301098.XSHE,14500,9.02,13.08,0.0,t_4509,5837
2025-09-11 09:30,300929.XSHE,-300,11.06,5.0,3.32,t_4510,5839
2025-09-11 09:30,300948.XSHE,-700,11.5,5.0,8.05,t_4511,5840
2025-09-11 09:30,600768.XSHG,400,12.56,5.0,0.0,t_4512,5841
2025-09-11 09:30,002193.XSHE,800,6.07,5.0,0.0,t_4513,5842
2025-09-11 09:30,603729.XSHG,-400,17.5,5.0,7.0,t_4514,5843
2025-09-11 09:30,002719.XSHE,-23600,9.75,23.01,230.1,t_4515,5844
2025-09-11 09:30,000890.XSHE,-3100,4.29,5.0,13.3,t_4516,5845
2025-09-11 09:30,300163.XSHE,-5300,3.56,5.0,18.87,t_4517,5846
2025-09-11 09:30,600847.XSHG,-19100,11.59,22.14,221.37,t_4518,5847
2025-09-11 09:30,300594.XSHE,12300,18.03,22.18,0.0,t_4519,5848
2025-09-11 09:30,301098.XSHE,29400,9.15,26.9,0.0,t_4520,5849
2025-09-16 09:30,300736.XSHE,-21600,14.07,30.39,303.91,t_4521,5852
2025-09-16 09:30,300929.XSHE,400,11.03,5.0,0.0,t_4522,5853
2025-09-16 09:30,300948.XSHE,700,11.43,5.0,0.0,t_4523,5854
2025-09-16 09:30,002193.XSHE,4500,5.94,5.0,0.0,t_4524,5855
2025-09-16 09:30,603729.XSHG,1100,17.24,5.0,0.0,t_4525,5856
2025-09-16 09:30,002719.XSHE,1300,9.58,5.0,0.0,t_4526,5857
2025-09-16 09:30,000890.XSHE,-50100,4.12,20.64,206.41,t_4527,5858
2025-09-16 09:30,300163.XSHE,2700,3.53,5.0,0.0,t_4528,5859
2025-09-16 09:30,600847.XSHG,200,11.39,5.0,0.0,t_4529,5860
2025-09-16 09:30,600455.XSHG,300,26.88,5.0,0.0,t_4530,5861
2025-09-16 09:30,300594.XSHE,12800,17.96,22.99,0.0,t_4531,5862
2025-09-16 09:30,301098.XSHE,20900,9.09,19.0,0.0,t_4532,5863
2025-09-19 09:30,300736.XSHE,-18100,14.54,26.32,263.17,t_4533,5865
2025-09-19 09:30,300929.XSHE,1500,10.75,5.0,0.0,t_4534,5866
2025-09-19 09:30,300948.XSHE,900,11.2,5.0,0.0,t_4535,5867
2025-09-19 09:30,600768.XSHG,2600,12.11,5.0,0.0,t_4536,5868
2025-09-19 09:30,002193.XSHE,2800,5.79,5.0,0.0,t_4537,5869
2025-09-19 09:30,603729.XSHG,300,16.97,5.0,0.0,t_4538,5870
2025-09-19 09:30,002719.XSHE,19900,9.21,18.33,0.0,t_4539,5871
2025-09-19 09:30,000890.XSHE,-54800,4.38,24.0,240.02,t_4540,5872
2025-09-19 09:30,300163.XSHE,-10300,3.64,5.0,37.49,t_4541,5873
2025-09-19 09:30,600847.XSHG,-19700,11.49,22.64,226.35,t_4542,5874
2025-09-19 09:30,600455.XSHG,8800,26.27,23.12,0.0,t_4543,5875
2025-09-19 09:30,300594.XSHE,-500,17.95,5.0,8.97,t_4544,5876
2025-09-19 09:30,301098.XSHE,31600,8.9,28.12,0.0,t_4545,5877
2025-09-24 09:30,300736.XSHE,-13600,13.23,17.99,179.93,t_4546,5880
2025-09-24 09:30,600768.XSHG,-1000,11.77,5.0,11.77,t_4547,5881
2025-09-24 09:30,002193.XSHE,1900,5.51,5.0,0.0,t_4548,5882
2025-09-24 09:30,603729.XSHG,800,16.1,5.0,0.0,t_4549,5883
2025-09-24 09:30,002719.XSHE,8600,8.65,7.44,0.0,t_4550,5884
2025-09-24 09:30,300163.XSHE,28000,3.36,9.41,0.0,t_4551,5885
2025-09-24 09:30,600455.XSHG,-700,25.85,5.0,18.09,t_4552,5886
2025-09-24 09:30,300594.XSHE,-1100,17.56,5.0,19.32,t_4553,5887
2025-09-24 09:30,301098.XSHE,4300,8.58,5.0,0.0,t_4554,5888
2025-09-24 09:30,300163.XSHE,200,3.36,5.0,0.0,t_4555,5890
2025-10-10 09:30,300736.XSHE,-14500,13.33,19.33,193.28,t_4556,5911
2025-10-10 09:30,300929.XSHE,8300,10.68,8.86,0.0,t_4557,5912
2025-10-10 09:30,600768.XSHG,6000,12.32,7.39,0.0,t_4558,5913
2025-10-10 09:30,002193.XSHE,5300,5.74,5.0,0.0,t_4559,5914
2025-10-10 14:00,300948.XSHE,-77700,22.74,176.69,1766.9,t_4560,5930
2025-10-15 09:30,300736.XSHE,19500,12.89,25.14,0.0,t_4561,5931
2025-10-15 09:30,300929.XSHE,-2100,11.01,5.0,23.12,t_4562,5932
2025-10-15 09:30,300948.XSHE,-9000,19.0,17.1,171.0,t_4563,5933
2025-10-15 09:30,603729.XSHG,6000,16.67,10.0,0.0,t_4564,5934
2025-10-15 09:30,002719.XSHE,26200,9.65,25.28,0.0,t_4565,5935
2025-10-15 09:30,300163.XSHE,67300,3.55,23.89,0.0,t_4566,5936
2025-10-15 09:30,600455.XSHG,13500,25.85,34.9,0.0,t_4567,5937
2025-10-15 09:30,300594.XSHE,7500,17.63,13.22,0.0,t_4568,5938
2025-10-15 09:30,301098.XSHE,33200,9.03,29.98,0.0,t_4569,5939
2025-10-15 09:30,600847.XSHG,29700,11.24,33.38,0.0,t_4570,5940
2025-10-15 09:30,300385.XSHE,100,5.18,5.0,0.0,t_4571,5941
2025-10-20 09:30,300948.XSHE,-12800,19.17,24.54,245.38,t_4572,5944
2025-10-20 09:30,600768.XSHG,100,12.45,5.0,0.0,t_4573,5945
2025-10-20 09:30,002193.XSHE,-16700,5.29,8.83,88.34,t_4574,5946
2025-10-20 09:30,603729.XSHG,600,16.54,5.0,0.0,t_4575,5947
2025-10-20 09:30,002719.XSHE,-1400,9.77,5.0,13.68,t_4576,5948
2025-10-20 09:30,300163.XSHE,5000,3.5,5.0,0.0,t_4577,5949
2025-10-20 09:30,600455.XSHG,-100,26.0,5.0,2.6,t_4578,5950
2025-10-20 09:30,300594.XSHE,700,17.44,5.0,0.0,t_4579,5951
2025-10-20 09:30,301098.XSHE,-700,9.09,5.0,6.36,t_4580,5952
2025-10-20 09:30,600847.XSHG,12900,11.36,14.65,0.0,t_4581,5953
2025-10-20 09:30,300385.XSHE,33000,5.1,16.83,0.0,t_4582,5954
2025-10-23 09:30,002193.XSHE,-1100,5.53,5.0,6.08,t_4583,5960
2025-10-23 09:30,603729.XSHG,200,17.15,5.0,0.0,t_4584,5961
2025-10-23 09:30,002719.XSHE,300,9.95,5.0,0.0,t_4585,5962
2025-10-23 09:30,300163.XSHE,-1100,3.65,5.0,4.01,t_4586,5963
2025-10-23 09:30,600455.XSHG,-1200,27.75,5.0,33.3,t_4587,5964
2025-10-23 09:30,300594.XSHE,-700,18.36,5.0,12.85,t_4588,5965
2025-10-23 09:30,301098.XSHE,800,9.38,5.0,0.0,t_4589,5966
2025-10-23 09:30,600847.XSHG,-21000,11.67,24.51,245.07,t_4590,5967
2025-10-23 09:30,300385.XSHE,13100,5.44,7.13,0.0,t_4591,5968
2025-10-23 09:30,300929.XSHE,300,11.41,5.0,0.0,t_4592,5969
2025-10-23 09:30,300736.XSHE,16100,13.18,21.22,0.0,t_4593,5970
2025-10-28 09:30,600768.XSHG,-900,13.35,5.0,12.02,t_4594,5974
2025-10-28 09:30,002193.XSHE,2300,5.48,5.0,0.0,t_4595,5975
2025-10-28 09:30,300163.XSHE,-98100,4.17,40.91,409.08,t_4596,5978
2025-10-28 09:30,300594.XSHE,100,18.68,5.0,0.0,t_4597,5979
2025-10-28 09:30,301098.XSHE,3400,9.35,5.0,0.0,t_4598,5980
2025-10-28 09:30,600847.XSHG,-300,12.09,5.0,3.63,t_4599,5981
2025-10-28 09:30,300385.XSHE,300,5.52,5.0,0.0,t_4600,5982
2025-10-28 09:30,002193.XSHE,3200,5.48,5.0,0.0,t_4601,5983
2025-10-28 09:30,300929.XSHE,4100,11.24,5.0,0.0,t_4602,5984
2025-10-28 09:30,603729.XSHG,200,17.48,5.0,0.0,t_4603,5985
2025-10-28 09:30,300736.XSHE,19700,14.01,27.6,0.0,t_4604,5986
2025-10-28 09:30,002719.XSHE,3500,9.62,5.0,0.0,t_4605,5987
2025-10-29 14:00,300163.XSHE,-29500,4.7,13.87,138.65,t_4606,5989
2025-10-31 09:30,300736.XSHE,-800,14.07,5.0,11.26,t_4607,5990
2025-10-31 09:30,300929.XSHE,1000,11.04,5.0,0.0,t_4608,5991
2025-10-31 09:30,002193.XSHE,1100,5.4,5.0,0.0,t_4609,5992
2025-10-31 09:30,603729.XSHG,3200,16.6,5.31,0.0,t_4610,5993
2025-10-31 09:30,002719.XSHE,8600,9.23,7.94,0.0,t_4611,5994
2025-10-31 09:30,300163.XSHE,-57700,4.8,27.7,276.96,t_4612,5995
2025-10-31 09:30,600455.XSHG,400,27.81,5.0,0.0,t_4613,5996
2025-10-31 09:30,300594.XSHE,1300,18.17,5.0,0.0,t_4614,5997
2025-10-31 09:30,301098.XSHE,4200,8.99,5.0,0.0,t_4615,5998
2025-10-31 09:30,600847.XSHG,-600,12.35,5.0,7.41,t_4616,5999
2025-10-31 09:30,300385.XSHE,500,5.41,5.0,0.0,t_4617,6000
2025-10-31 09:30,002719.XSHE,1600,9.23,5.0,0.0,t_4618,6001
2025-10-31 09:30,300405.XSHE,31000,6.26,19.41,0.0,t_4619,6002
2025-11-05 09:30,300929.XSHE,-500,11.45,5.0,5.73,t_4620,6004
2025-11-05 09:30,600768.XSHG,400,13.45,5.0,0.0,t_4621,6005
2025-11-05 09:30,002193.XSHE,100,5.85,5.0,0.0,t_4622,6006
2025-11-05 09:30,603729.XSHG,-3300,17.91,5.91,59.1,t_4623,6007
2025-11-05 09:30,002719.XSHE,500,9.49,5.0,0.0,t_4624,6008
2025-11-05 09:30,300163.XSHE,-49100,4.77,23.42,234.21,t_4625,6009
2025-11-05 09:30,600455.XSHG,1100,28.01,5.0,0.0,t_4626,6010
2025-11-05 09:30,300594.XSHE,1300,18.42,5.0,0.0,t_4627,6011
2025-11-05 09:30,301098.XSHE,-1600,9.39,5.0,15.02,t_4628,6012
2025-11-05 09:30,600847.XSHG,-20700,12.52,25.92,259.16,t_4629,6013
2025-11-05 09:30,300385.XSHE,-800,5.69,5.0,4.55,t_4630,6014
2025-11-05 09:30,300405.XSHE,50300,6.46,32.49,0.0,t_4631,6015
2025-11-05 09:30,002193.XSHE,31900,5.85,18.66,0.0,t_4632,6016
2025-11-10 09:30,300736.XSHE,-21500,16.1,34.62,346.15,t_4633,6020
2025-11-10 09:30,300929.XSHE,-1000,12.02,5.0,12.02,t_4634,6021
2025-11-10 09:30,600768.XSHG,2400,13.79,5.0,0.0,t_4635,6022
2025-11-10 09:30,002193.XSHE,6400,6.02,5.0,0.0,t_4636,6023
2025-11-10 09:30,603729.XSHG,2100,18.1,5.0,0.0,t_4637,6024
2025-11-10 09:30,002719.XSHE,300,9.85,5.0,0.0,t_4638,6025
2025-11-10 09:30,300163.XSHE,-55300,4.98,27.54,275.39,t_4639,6026
2025-11-10 09:30,600455.XSHG,1300,28.32,5.0,0.0,t_4640,6027
2025-11-10 09:30,300594.XSHE,-1600,19.63,5.0,31.41,t_4641,6028
2025-11-10 09:30,301098.XSHE,1600,9.65,5.0,0.0,t_4642,6029
2025-11-10 09:30,300385.XSHE,-600,6.0,5.0,3.6,t_4643,6030
2025-11-10 09:30,300405.XSHE,200,6.7,5.0,0.0,t_4644,6031
2025-11-10 09:30,002883.XSHE,41800,11.99,50.12,0.0,t_4645,6032
2025-11-13 09:30,300736.XSHE,-21000,18.46,38.77,387.66,t_4646,6034
2025-11-13 09:30,300929.XSHE,600,12.08,5.0,0.0,t_4647,6035
2025-11-13 09:30,600768.XSHG,2000,13.67,5.0,0.0,t_4648,6036
2025-11-13 09:30,002193.XSHE,-2600,6.16,5.0,16.02,t_4649,6037
2025-11-13 09:30,603729.XSHG,1700,17.89,5.0,0.0,t_4650,6038
2025-11-13 09:30,002719.XSHE,-2900,10.18,5.0,29.52,t_4651,6039
2025-11-13 09:30,300163.XSHE,-54900,4.84,26.57,265.72,t_4652,6040
2025-11-13 09:30,600455.XSHG,700,28.25,5.0,0.0,t_4653,6041
2025-11-13 09:30,300594.XSHE,3300,18.92,6.24,0.0,t_4654,6042
2025-11-13 09:30,301098.XSHE,2300,9.6,5.0,0.0,t_4655,6043
2025-11-13 09:30,300385.XSHE,-1700,6.3,5.0,10.71,t_4656,6044
2025-11-13 09:30,300405.XSHE,-3100,7.06,5.0,21.89,t_4657,6045
2025-11-13 09:30,002883.XSHE,26800,12.08,32.37,0.0,t_4658,6046
2025-11-13 09:30,300417.XSHE,16900,14.07,23.78,0.0,t_4659,6047
2025-11-18 09:30,300736.XSHE,-15000,18.91,28.37,283.65,t_4660,6048
2025-11-18 09:30,600768.XSHG,700,13.88,5.0,0.0,t_4661,6049
2025-11-18 09:30,002193.XSHE,-2800,6.38,5.0,17.86,t_4662,6050
2025-11-18 09:30,603729.XSHG,-100,18.34,5.0,1.83,t_4663,6051
2025-11-18 09:30,002719.XSHE,700,10.35,5.0,0.0,t_4664,6052
2025-11-18 09:30,600455.XSHG,500,28.57,5.0,0.0,t_4665,6053
2025-11-18 09:30,300594.XSHE,400,19.24,5.0,0.0,t_4666,6054
2025-11-18 09:30,301098.XSHE,600,9.78,5.0,0.0,t_4667,6055
2025-11-18 09:30,300385.XSHE,1300,6.25,5.0,0.0,t_4668,6056
2025-11-18 09:30,300405.XSHE,-42600,7.9,33.65,336.54,t_4669,6057
2025-11-18 09:30,002883.XSHE,24300,12.16,29.55,0.0,t_4670,6058
2025-11-18 09:30,300417.XSHE,20100,14.45,29.04,0.0,t_4671,6059
2025-11-21 09:30,300736.XSHE,-500,18.46,5.0,9.23,t_4672,6061
2025-11-21 09:30,300929.XSHE,-300,11.68,5.0,3.5,t_4673,6062
2025-11-21 09:30,600768.XSHG,1000,12.82,5.0,0.0,t_4674,6063
2025-11-21 09:30,002193.XSHE,-1000,6.04,5.0,6.04,t_4675,6064
2025-11-21 09:30,603729.XSHG,-1200,17.56,5.0,21.07,t_4676,6065
2025-11-21 09:30,002719.XSHE,2900,9.41,5.0,0.0,t_4677,6066
2025-11-21 09:30,300594.XSHE,-200,18.21,5.0,3.64,t_4678,6068
2025-11-21 09:30,301098.XSHE,-100,9.23,5.0,0.92,t_4679,6069
2025-11-21 09:30,300385.XSHE,-45200,6.32,28.57,285.66,t_4680,6070
2025-11-21 09:30,300405.XSHE,-35800,7.01,25.1,250.96,t_4681,6071
2025-11-21 09:30,002883.XSHE,-1900,11.72,5.0,22.27,t_4682,6072
2025-11-21 09:30,300417.XSHE,42400,13.28,56.31,0.0,t_4683,6073
2025-11-26 09:30,300736.XSHE,-14500,19.5,28.28,282.75,t_4684,6079
2025-11-26 09:30,300929.XSHE,2300,11.54,5.0,0.0,t_4685,6080
2025-11-26 09:30,600768.XSHG,-400,13.13,5.0,5.25,t_4686,6081
2025-11-26 09:30,002193.XSHE,-5800,6.26,5.0,36.31,t_4687,6082
2025-11-26 09:30,603729.XSHG,-1100,17.99,5.0,19.79,t_4688,6083
2025-11-26 09:30,002719.XSHE,3100,9.43,5.0,0.0,t_4689,6084
2025-11-26 09:30,600455.XSHG,600,26.83,5.0,0.0,t_4690,6085
2025-11-26 09:30,300594.XSHE,-100,18.39,5.0,1.84,t_4691,6086
2025-11-26 09:30,301098.XSHE,2900,9.12,5.0,0.0,t_4692,6087
2025-11-26 09:30,002883.XSHE,-21700,11.65,25.28,252.81,t_4693,6088
2025-11-26 09:30,300417.XSHE,20700,13.42,27.78,0.0,t_4694,6089
2025-11-26 09:30,300854.XSHE,12400,17.82,22.1,0.0,t_4695,6090
2025-12-01 09:30,600768.XSHG,-200,13.33,5.0,2.67,t_4696,6092
2025-12-01 09:30,002193.XSHE,500,6.17,5.0,0.0,t_4697,6093
2025-12-01 09:30,002719.XSHE,-2000,9.69,5.0,19.38,t_4698,6095
2025-12-01 09:30,600455.XSHG,-500,27.51,5.0,13.76,t_4699,6096
2025-12-01 09:30,300594.XSHE,500,18.48,5.0,0.0,t_4700,6097
2025-12-01 09:30,301098.XSHE,-1400,9.33,5.0,13.06,t_4701,6098
2025-12-01 09:30,002883.XSHE,-23300,11.85,27.61,276.11,t_4702,6099
2025-12-01 09:30,300417.XSHE,-700,13.7,5.0,9.59,t_4703,6100
2025-12-01 09:30,300854.XSHE,17800,18.12,32.25,0.0,t_4704,6101
2025-12-04 09:30,600768.XSHG,-5300,13.8,7.31,73.14,t_4705,6107
2025-12-04 09:30,002193.XSHE,7400,6.0,5.0,0.0,t_4706,6108
2025-12-04 09:30,603729.XSHG,1600,17.02,5.0,0.0,t_4707,6109
2025-12-04 09:30,002719.XSHE,100,9.41,5.0,0.0,t_4708,6110
2025-12-04 09:30,301098.XSHE,-2500,9.32,5.0,23.3,t_4709,6113
2025-12-04 09:30,300417.XSHE,-21300,13.7,29.18,291.81,t_4710,6114
2025-12-04 09:30,300854.XSHE,18200,17.33,31.54,0.0,t_4711,6115
2025-12-09 09:30,002719.XSHE,-300,9.62,5.0,2.89,t_4712,6126
2025-12-09 09:30,600455.XSHG,100,26.97,5.0,0.0,t_4713,6127
2025-12-09 09:30,301098.XSHE,-1400,9.51,5.0,13.31,t_4714,6129
2025-12-09 09:30,002883.XSHE,400,11.63,5.0,0.0,t_4715,6130
2025-12-09 09:30,300417.XSHE,-21200,14.24,30.19,301.89,t_4716,6131
2025-12-09 09:30,300854.XSHE,17600,17.63,31.03,0.0,t_4717,6132
2025-12-12 09:30,300929.XSHE,-1100,10.91,5.0,12.0,t_4718,6140
2025-12-12 09:30,600768.XSHG,-500,13.05,5.0,6.53,t_4719,6141
2025-12-12 09:30,002193.XSHE,3300,5.52,5.0,0.0,t_4720,6142
2025-12-12 09:30,300417.XSHE,-20800,13.94,29.0,289.95,t_4721,6149
2025-12-12 09:30,300854.XSHE,10800,16.35,17.66,0.0,t_4722,6150
2025-12-12 09:30,002193.XSHE,1700,5.52,5.0,0.0,t_4723,6151
2025-12-12 09:30,603729.XSHG,2800,15.86,5.0,0.0,t_4724,6152
2025-12-12 09:30,002719.XSHE,5000,8.65,5.0,0.0,t_4725,6153
2025-12-12 09:30,300594.XSHE,900,16.48,5.0,0.0,t_4726,6154
2025-12-12 09:30,301098.XSHE,100,8.61,5.0,0.0,t_4727,6155
2025-12-17 09:30,002193.XSHE,100,5.37,5.0,0.0,t_4728,6160
2025-12-17 09:30,002719.XSHE,-2900,8.6,5.0,24.94,t_4729,6162
2025-12-17 09:30,600455.XSHG,-300,24.87,5.0,7.46,t_4730,6163
2025-12-17 09:30,301098.XSHE,3800,8.33,5.0,0.0,t_4731,6164
2025-12-17 09:30,300417.XSHE,-17300,13.06,22.59,225.94,t_4732,6166
2025-12-17 09:30,300854.XSHE,1200,15.69,5.0,0.0,t_4733,6167
2025-12-17 09:30,300929.XSHE,2400,10.39,5.0,0.0,t_4734,6168
2025-12-17 09:30,002193.XSHE,100,5.37,5.0,0.0,t_4735,6169
2025-12-17 09:30,603729.XSHG,100,15.43,5.0,0.0,t_4736,6170
2025-12-17 09:30,301098.XSHE,1000,8.33,5.0,0.0,t_4737,6171
2025-12-17 09:30,600768.XSHG,500,12.63,5.0,0.0,t_4738,6172
2025-12-17 09:30,002883.XSHE,15600,10.62,16.57,0.0,t_4739,6173
2025-12-22 09:30,300929.XSHE,-100,11.05,5.0,1.1,t_4740,6174
2025-12-22 09:30,600768.XSHG,100,13.32,5.0,0.0,t_4741,6175
2025-12-22 09:30,603729.XSHG,-300,16.45,5.0,4.94,t_4742,6176
2025-12-22 09:30,002719.XSHE,-1300,9.21,5.0,11.97,t_4743,6177
2025-12-22 09:30,600455.XSHG,200,26.24,5.0,0.0,t_4744,6178
2025-12-22 09:30,300594.XSHE,-2500,18.06,5.0,45.15,t_4745,6179
2025-12-22 09:30,301098.XSHE,2500,8.69,5.0,0.0,t_4746,6180
2025-12-22 09:30,002883.XSHE,3100,11.13,5.0,0.0,t_4747,6181
2025-12-22 09:30,300417.XSHE,-18800,13.72,25.79,257.94,t_4748,6182
2025-12-22 09:30,300854.XSHE,-100,16.69,5.0,1.67,t_4749,6183
2025-12-22 09:30,002883.XSHE,23300,11.13,25.93,0.0,t_4750,6184
2025-12-25 09:30,600768.XSHG,-19300,13.35,25.77,257.66,t_4751,6187
2025-12-25 09:30,002193.XSHE,12000,5.4,6.48,0.0,t_4752,6188
2025-12-25 09:30,603729.XSHG,800,16.22,5.0,0.0,t_4753,6189
2025-12-25 09:30,002719.XSHE,6300,8.79,5.54,0.0,t_4754,6190
2025-12-25 09:30,600455.XSHG,400,25.92,5.0,0.0,t_4755,6191
2025-12-25 09:30,300594.XSHE,-21300,20.48,43.62,436.22,t_4756,6192
2025-12-25 09:30,301098.XSHE,-600,8.71,5.0,5.23,t_4757,6193
2025-12-25 09:30,002883.XSHE,29500,10.99,32.42,0.0,t_4758,6194
2025-12-25 09:30,300854.XSHE,500,16.51,5.0,0.0,t_4759,6195
2025-12-25 09:30,300929.XSHE,1600,10.87,5.0,0.0,t_4760,6196
2025-12-25 09:30,301372.XSHE,8100,25.21,20.42,0.0,t_4761,6197
2025-12-25 09:30,600543.XSHG,200,5.49,5.0,0.0,t_4762,6198
2025-12-30 09:30,600768.XSHG,-20000,13.47,26.94,269.4,t_4763,6200
2025-12-30 09:30,002193.XSHE,1200,5.37,5.0,0.0,t_4764,6201
2025-12-30 09:30,603729.XSHG,1500,15.92,5.0,0.0,t_4765,6202
2025-12-30 09:30,002719.XSHE,1400,8.7,5.0,0.0,t_4766,6203
2025-12-30 09:30,600455.XSHG,100,25.87,5.0,0.0,t_4767,6204
2025-12-30 09:30,300594.XSHE,-11600,19.92,23.11,231.07,t_4768,6205
2025-12-30 09:30,301098.XSHE,700,8.66,5.0,0.0,t_4769,6206
2025-12-30 09:30,300854.XSHE,-4300,17.49,7.52,75.21,t_4770,6207
2025-12-30 09:30,301372.XSHE,12000,25.69,30.83,0.0,t_4771,6208
2025-12-30 09:30,600543.XSHG,39800,5.41,21.53,0.0,t_4772,6209
2026-01-05 09:30,300929.XSHE,-119200,10.76,128.26,1282.59,t_4773,6212
2026-01-05 09:30,600768.XSHG,-57700,14.0,80.78,807.8,t_4774,6213
2026-01-05 09:30,002193.XSHE,-241100,5.31,128.02,1280.24,t_4775,6214
2026-01-05 09:30,603729.XSHG,-81300,16.09,130.81,1308.12,t_4776,6215
2026-01-05 09:30,002719.XSHE,-148800,8.53,126.93,1269.26,t_4777,6216
2026-01-05 09:30,600455.XSHG,-50000,25.83,129.15,1291.5,t_4778,6217
2026-01-05 09:30,300594.XSHE,-39100,19.59,76.6,765.97,t_4779,6218
2026-01-05 09:30,301098.XSHE,-149500,8.6,128.57,1285.7,t_4780,6219
2026-01-05 09:30,002883.XSHE,-117900,10.95,129.1,1291.01,t_4781,6220
2026-01-05 09:30,300854.XSHE,-74100,16.98,125.82,1258.22,t_4782,6221
2026-01-05 09:30,301372.XSHE,-20100,25.37,50.99,509.94,t_4783,6222
2026-01-05 09:30,600543.XSHG,-40000,5.35,21.4,214.0,t_4784,6223
2026-01-05 09:30,511880.XSHG,125400,100.065,0.0,0.0,t_4785,6224
2026-02-02 09:30,511880.XSHG,-125400,100.135,0.0,0.0,t_4786,6225
2026-02-03 09:30,300929.XSHE,21600,11.88,25.66,0.0,t_4787,6226
2026-02-03 09:30,002719.XSHE,27600,9.3,25.67,0.0,t_4788,6227
2026-02-03 09:30,002883.XSHE,24400,10.55,25.74,0.0,t_4789,6228
2026-02-03 09:30,600543.XSHG,49300,5.22,25.73,0.0,t_4790,6229
2026-02-03 09:30,002193.XSHE,39100,6.58,25.73,0.0,t_4791,6230
2026-02-03 09:30,301098.XSHE,27300,9.43,25.74,0.0,t_4792,6231
2026-02-03 09:30,600455.XSHG,8900,28.82,25.65,0.0,t_4793,6232
2026-02-03 09:30,300417.XSHE,18800,13.64,25.64,0.0,t_4794,6233
2026-02-03 09:30,300621.XSHE,29000,8.86,25.69,0.0,t_4795,6234
2026-02-03 09:30,300665.XSHE,29900,8.61,25.74,0.0,t_4796,6235
2026-02-06 09:30,300929.XSHE,20800,12.18,25.33,0.0,t_4797,6236
2026-02-06 09:30,002719.XSHE,26600,9.54,25.38,0.0,t_4798,6237
2026-02-06 09:30,002883.XSHE,23600,10.77,25.42,0.0,t_4799,6238
2026-02-06 09:30,600543.XSHG,47600,5.34,25.42,0.0,t_4800,6239
2026-02-06 09:30,002193.XSHE,34700,7.01,24.32,0.0,t_4801,6240
2026-02-06 09:30,301098.XSHE,27000,9.52,25.7,0.0,t_4802,6241
2026-02-06 09:30,600455.XSHG,8900,29.05,25.85,0.0,t_4803,6242
2026-02-06 09:30,300417.XSHE,18500,13.85,25.62,0.0,t_4804,6243
2026-02-06 09:30,300621.XSHE,27400,9.17,25.13,0.0,t_4805,6244
2026-02-06 09:30,300665.XSHE,-400,8.8,5.0,3.52,t_4806,6245
2026-02-06 09:30,603880.XSHG,39500,6.54,25.83,0.0,t_4807,6246
2026-02-11 09:30,300929.XSHE,20400,12.5,25.5,0.0,t_4808,6247
2026-02-11 09:30,002719.XSHE,25900,9.8,25.38,0.0,t_4809,6248
2026-02-11 09:30,002883.XSHE,22800,11.08,25.26,0.0,t_4810,6249
2026-02-11 09:30,600543.XSHG,45800,5.5,25.19,0.0,t_4811,6250
2026-02-11 09:30,002193.XSHE,34700,7.23,25.09,0.0,t_4812,6251
2026-02-11 09:30,301098.XSHE,25400,9.85,25.02,0.0,t_4813,6252
2026-02-11 09:30,600455.XSHG,8600,29.68,25.52,0.0,t_4814,6253
2026-02-11 09:30,300417.XSHE,17500,14.32,25.06,0.0,t_4815,6254
2026-02-11 09:30,300621.XSHE,27100,9.4,25.47,0.0,t_4816,6255
2026-02-11 09:30,300665.XSHE,29500,8.86,26.14,0.0,t_4817,6256
2026-02-11 09:30,603880.XSHG,-900,6.78,5.0,6.1,t_4818,6257
2026-02-24 09:30,300929.XSHE,20500,12.44,25.5,0.0,t_4819,6258
2026-02-24 09:30,002719.XSHE,29500,9.46,27.91,0.0,t_4820,6259
2026-02-24 09:30,002883.XSHE,25700,10.74,27.6,0.0,t_4821,6260
2026-02-24 09:30,600543.XSHG,49300,5.4,26.62,0.0,t_4822,6261
2026-02-24 09:30,002193.XSHE,41100,6.93,28.48,0.0,t_4823,6262
2026-02-24 09:30,301098.XSHE,26000,9.81,25.51,0.0,t_4824,6263
2026-02-24 09:30,600455.XSHG,8700,29.52,25.68,0.0,t_4825,6264
2026-02-24 09:30,300417.XSHE,-1200,14.53,5.0,17.44,t_4826,6265
2026-02-24 09:30,300621.XSHE,27500,9.34,25.69,0.0,t_4827,6266
2026-02-24 09:30,300665.XSHE,32100,8.53,27.38,0.0,t_4828,6267
2026-02-24 09:30,603880.XSHG,-400,6.8,5.0,2.72,t_4829,6268
2026-02-24 09:30,603729.XSHG,13700,18.83,25.8,0.0,t_4830,6269
2026-02-27 09:30,300929.XSHE,19200,12.65,24.29,0.0,t_4831,6270
2026-02-27 09:30,002719.XSHE,22600,9.81,22.17,0.0,t_4832,6271
2026-02-27 09:30,002883.XSHE,23700,10.79,25.57,0.0,t_4833,6272
2026-02-27 09:30,600543.XSHG,48200,5.4,26.03,0.0,t_4834,6273
2026-02-27 09:30,002193.XSHE,45400,6.65,30.19,0.0,t_4835,6274
2026-02-27 09:30,301098.XSHE,27700,9.72,26.92,0.0,t_4836,6275
2026-02-27 09:30,600455.XSHG,9100,29.3,26.66,0.0,t_4837,6276
2026-02-27 09:30,300417.XSHE,-700,14.74,5.0,10.32,t_4838,6277
2026-02-27 09:30,300621.XSHE,27800,9.34,25.97,0.0,t_4839,6278
2026-02-27 09:30,300665.XSHE,24800,8.54,21.18,0.0,t_4840,6279
2026-03-04 09:30,300929.XSHE,-800,11.8,5.0,9.44,t_4841,6285
2026-03-04 09:30,002719.XSHE,1000,9.0,5.0,0.0,t_4842,6286
2026-03-04 09:30,600543.XSHG,-5000,5.1,5.0,25.5,t_4843,6287
2026-03-04 09:30,002193.XSHE,-2100,6.22,5.0,13.06,t_4844,6288
2026-03-04 09:30,301098.XSHE,2800,8.8,5.0,0.0,t_4845,6289
2026-03-04 09:30,600455.XSHG,-500,27.47,5.0,13.73,t_4846,6290
2026-03-04 09:30,300417.XSHE,-17100,13.41,22.93,229.31,t_4847,6291
2026-03-04 09:30,300621.XSHE,3800,8.41,5.0,0.0,t_4848,6292
2026-03-04 09:30,300665.XSHE,7500,7.77,5.83,0.0,t_4849,6293
2026-03-04 09:30,603880.XSHG,100,6.26,5.0,0.0,t_4850,6294
2026-03-04 09:30,603729.XSHG,9700,17.12,16.61,0.0,t_4851,6295
2026-03-09 09:30,300929.XSHE,-200,12.34,5.0,2.47,t_4852,6297
2026-03-09 09:30,002719.XSHE,-1800,9.53,5.0,17.15,t_4853,6298
2026-03-09 09:30,002883.XSHE,1900,10.2,5.0,0.0,t_4854,6299
2026-03-09 09:30,600543.XSHG,100,5.19,5.0,0.0,t_4855,6300
2026-03-09 09:30,002193.XSHE,-300,6.5,5.0,1.95,t_4856,6301
2026-03-09 09:30,301098.XSHE,-2000,9.33,5.0,18.66,t_4857,6302
2026-03-09 09:30,300417.XSHE,-17900,14.04,25.13,251.32,t_4858,6303
2026-03-09 09:30,300621.XSHE,-2400,8.93,5.0,21.43,t_4859,6304
2026-03-09 09:30,300665.XSHE,31100,8.1,25.19,0.0,t_4860,6305
2026-03-09 09:30,603729.XSHG,2200,17.98,5.0,0.0,t_4861,6306
2026-03-09 09:30,002883.XSHE,100,10.2,5.0,0.0,t_4862,6307
2026-03-09 09:30,600543.XSHG,100,5.19,5.0,0.0,t_4863,6308
2026-03-09 14:00,603880.XSHG,-38300,6.76,25.89,258.91,t_4864,6310
2026-03-12 09:30,300929.XSHE,-1300,12.8,5.0,16.64,t_4865,6311
2026-03-12 09:30,002719.XSHE,1200,9.67,5.0,0.0,t_4866,6312
2026-03-12 09:30,002883.XSHE,1200,10.39,5.0,0.0,t_4867,6313
2026-03-12 09:30,600543.XSHG,-1300,5.48,5.0,7.12,t_4868,6314
2026-03-12 09:30,002193.XSHE,3200,6.55,5.0,0.0,t_4869,6315
2026-03-12 09:30,301098.XSHE,1500,9.45,5.0,0.0,t_4870,6316
2026-03-12 09:30,600455.XSHG,100,29.22,5.0,0.0,t_4871,6317
2026-03-12 09:30,300417.XSHE,-17900,14.49,25.94,259.37,t_4872,6318
2026-03-12 09:30,300621.XSHE,-2800,9.34,5.0,26.15,t_4873,6319
2026-03-12 09:30,300665.XSHE,1300,8.23,5.0,0.0,t_4874,6320
2026-03-12 09:30,603729.XSHG,26700,18.5,49.4,0.0,t_4875,6321
2026-03-17 09:30,300929.XSHE,-700,12.68,5.0,8.88,t_4876,6323
2026-03-17 09:30,002883.XSHE,-300,10.25,5.0,3.08,t_4877,6324
2026-03-17 09:30,600543.XSHG,2400,5.27,5.0,0.0,t_4878,6325
2026-03-17 09:30,301098.XSHE,-100,9.3,5.0,0.93,t_4879,6327
2026-03-17 09:30,300621.XSHE,-28100,9.23,25.94,259.36,t_4880,6329
2026-03-17 09:30,300665.XSHE,-1000,8.15,5.0,8.15,t_4881,6330
2026-03-17 09:30,603729.XSHG,14500,18.38,26.65,0.0,t_4882,6331
2026-03-17 09:30,002193.XSHE,200,6.36,5.0,0.0,t_4883,6332
2026-03-20 09:30,300929.XSHE,-1200,12.48,5.0,14.98,t_4884,6337
2026-03-20 09:30,002719.XSHE,-800,9.3,5.0,7.44,t_4885,6338
2026-03-20 09:30,002883.XSHE,800,9.89,5.0,0.0,t_4886,6339
2026-03-20 09:30,600543.XSHG,2900,5.0,5.0,0.0,t_4887,6340
2026-03-20 09:30,002193.XSHE,-5000,6.42,5.0,32.1,t_4888,6341
2026-03-20 09:30,301098.XSHE,-300,9.06,5.0,2.72,t_4889,6342
2026-03-20 09:30,600455.XSHG,500,27.65,5.0,0.0,t_4890,6343
2026-03-20 09:30,300621.XSHE,-26300,8.87,23.33,233.28,t_4891,6344
2026-03-20 09:30,300665.XSHE,3900,7.72,5.0,0.0,t_4892,6345
2026-03-20 09:30,603729.XSHG,1300,17.99,5.0,0.0,t_4893,6346
2026-03-20 09:30,600543.XSHG,5700,5.0,5.0,0.0,t_4894,6347
2026-03-20 09:30,300635.XSHE,13200,12.99,17.15,0.0,t_4895,6348
2026-03-25 09:30,300929.XSHE,-700,12.0,5.0,8.4,t_4896,6349
2026-03-25 09:30,002719.XSHE,-500,8.92,5.0,4.46,t_4897,6350
2026-03-25 09:30,002883.XSHE,-1900,9.6,5.0,18.24,t_4898,6351
2026-03-25 09:30,600543.XSHG,1300,4.75,5.0,0.0,t_4899,6352
2026-03-25 09:30,002193.XSHE,-2100,6.2,5.0,13.02,t_4900,6353
2026-03-25 09:30,301098.XSHE,3200,8.45,5.0,0.0,t_4901,6354
2026-03-25 09:30,600455.XSHG,400,26.13,5.0,0.0,t_4902,6355
2026-03-25 09:30,300621.XSHE,-25600,8.17,20.92,209.15,t_4903,6356
2026-03-25 09:30,300665.XSHE,-900,7.42,5.0,6.68,t_4904,6357
2026-03-25 09:30,603729.XSHG,300,17.1,5.0,0.0,t_4905,6358
2026-03-25 09:30,300635.XSHE,15800,13.32,21.05,0.0,t_4906,6359
2026-03-30 09:30,300929.XSHE,-24900,13.01,32.39,323.95,t_4907,6363
2026-03-30 09:30,002719.XSHE,400,8.97,5.0,0.0,t_4908,6364
2026-03-30 09:30,002883.XSHE,3500,9.41,5.0,0.0,t_4909,6365
2026-03-30 09:30,600543.XSHG,-1200,4.82,5.0,5.78,t_4910,6366
2026-03-30 09:30,002193.XSHE,2000,6.19,5.0,0.0,t_4911,6367
2026-03-30 09:30,301098.XSHE,1800,8.42,5.0,0.0,t_4912,6368
2026-03-30 09:30,600455.XSHG,100,26.36,5.0,0.0,t_4913,6369
2026-03-30 09:30,300621.XSHE,1000,8.09,5.0,0.0,t_4914,6370
2026-03-30 09:30,300665.XSHE,-400,7.51,5.0,3.0,t_4915,6371
2026-03-30 09:30,603729.XSHG,1200,16.97,5.0,0.0,t_4916,6372
2026-03-30 09:30,300635.XSHE,5800,13.57,7.87,0.0,t_4917,6373
2026-03-30 09:30,300417.XSHE,12900,12.36,15.94,0.0,t_4918,6374
2026-04-01 09:30,300929.XSHE,-72700,13.29,96.62,966.18,t_4919,6375
2026-04-01 09:30,002719.XSHE,-131700,9.19,121.03,1210.32,t_4920,6376
2026-04-01 09:30,002883.XSHE,-125500,9.91,124.37,1243.7,t_4921,6377
2026-04-01 09:30,600543.XSHG,-245200,4.99,122.35,1223.55,t_4922,6378
2026-04-01 09:30,002193.XSHE,-190900,6.2,118.36,1183.58,t_4923,6379
2026-04-01 09:30,301098.XSHE,-140300,8.75,122.76,1227.62,t_4924,6380
2026-04-01 09:30,600455.XSHG,-44800,27.35,122.53,1225.28,t_4925,6381
2026-04-01 09:30,300621.XSHE,-58400,8.31,48.53,485.3,t_4926,6382
2026-04-01 09:30,300665.XSHE,-157400,7.72,121.51,1215.13,t_4927,6383
2026-04-01 09:30,603729.XSHG,-69600,17.5,121.8,1218.0,t_4928,6384
2026-04-01 09:30,300635.XSHE,-34800,14.14,49.21,492.07,t_4929,6385
2026-04-01 09:30,300417.XSHE,-12900,12.75,16.45,164.47,t_4930,6386
2026-04-01 09:30,511880.XSHG,118000,100.308,0.0,0.0,t_4931,6387
2026-05-06 09:30,511880.XSHG,-118000,100.405,0.0,0.0,t_4932,6388
2026-05-07 09:30,301098.XSHE,25200,9.64,24.29,0.0,t_4933,6389
2026-05-07 09:30,600455.XSHG,8600,28.22,24.27,0.0,t_4934,6390
2026-05-07 09:30,300929.XSHE,17200,14.14,24.32,0.0,t_4935,6391
2026-05-07 09:30,300665.XSHE,27500,8.85,24.34,0.0,t_4936,6392
2026-05-07 09:30,300417.XSHE,16400,14.76,24.21,0.0,t_4937,6393
2026-05-07 09:30,600561.XSHG,34800,6.99,24.33,0.0,t_4938,6394
2026-05-07 09:30,301167.XSHE,13500,17.94,24.22,0.0,t_4939,6395
2026-05-07 09:30,600697.XSHG,19100,12.7,24.26,0.0,t_4940,6396
2026-05-07 09:30,300405.XSHE,33900,7.16,24.27,0.0,t_4941,6397
2026-05-07 09:30,300500.XSHE,20400,11.88,24.24,0.0,t_4942,6398
2026-05-12 09:30,301098.XSHE,23400,10.05,23.52,0.0,t_4943,6399
2026-05-12 09:30,600455.XSHG,8100,29.22,23.67,0.0,t_4944,6400
2026-05-12 09:30,300929.XSHE,16700,14.43,24.1,0.0,t_4945,6401
2026-05-12 09:30,300665.XSHE,24900,9.33,23.23,0.0,t_4946,6402
2026-05-12 09:30,300417.XSHE,-600,15.54,5.0,9.32,t_4947,6403
2026-05-12 09:30,600561.XSHG,34800,7.03,24.46,0.0,t_4948,6404
2026-05-12 09:30,301167.XSHE,13400,18.18,24.36,0.0,t_4949,6405
2026-05-12 09:30,600697.XSHG,19300,12.73,24.57,0.0,t_4950,6406
2026-05-12 09:30,300405.XSHE,33800,7.22,24.4,0.0,t_4951,6407
2026-05-12 09:30,300500.XSHE,-400,12.29,5.0,4.92,t_4952,6408
2026-05-12 09:30,600493.XSHG,32400,7.53,24.4,0.0,t_4953,6409
2026-05-12 09:30,300535.XSHE,12700,19.2,24.38,0.0,t_4954,6410
2026-05-15 09:30,301098.XSHE,17600,11.1,19.54,0.0,t_4955,6411
2026-05-15 09:30,600455.XSHG,8600,29.05,24.98,0.0,t_4956,6412
2026-05-15 09:30,300929.XSHE,17800,14.21,25.29,0.0,t_4957,6413
2026-05-15 09:30,300665.XSHE,-3300,9.99,5.0,32.97,t_4958,6414
2026-05-15 09:30,300417.XSHE,16500,15.14,24.98,0.0,t_4959,6415
2026-05-15 09:30,600561.XSHG,35600,6.99,24.88,0.0,t_4960,6416
2026-05-15 09:30,301167.XSHE,15000,17.55,26.33,0.0,t_4961,6417
2026-05-15 09:30,600697.XSHG,20500,12.47,25.56,0.0,t_4962,6418
2026-05-15 09:30,300405.XSHE,-300,7.28,5.0,2.18,t_4963,6419
2026-05-15 09:30,600493.XSHG,34700,7.3,25.33,0.0,t_4964,6420
2026-05-15 09:30,300535.XSHE,13800,18.44,25.45,0.0,t_4965,6421
2026-05-15 09:30,300605.XSHE,19500,12.53,24.43,0.0,t_4966,6422
2026-05-20 09:30,301098.XSHE,27800,10.4,28.91,0.0,t_4967,6423
2026-05-20 09:30,600455.XSHG,7700,29.58,22.78,0.0,t_4968,6424
2026-05-20 09:30,300929.XSHE,18300,13.97,25.57,0.0,t_4969,6425
2026-05-20 09:30,300665.XSHE,-500,10.07,5.0,5.04,t_4970,6426
2026-05-20 09:30,300417.XSHE,16400,15.06,24.7,0.0,t_4971,6427
2026-05-20 09:30,600561.XSHG,34500,7.0,24.15,0.0,t_4972,6428
2026-05-20 09:30,301167.XSHE,14300,17.39,24.87,0.0,t_4973,6429
2026-05-20 09:30,600697.XSHG,19300,12.5,24.12,0.0,t_4974,6430
2026-05-20 09:30,300405.XSHE,-200,7.28,5.0,1.46,t_4975,6431
2026-05-20 09:30,600493.XSHG,32200,7.38,23.76,0.0,t_4976,6432
2026-05-20 09:30,300535.XSHE,13200,18.45,24.35,0.0,t_4977,6433
2026-05-20 09:30,300605.XSHE,-400,12.84,5.0,5.14,t_4978,6434
2026-05-20 09:30,603879.XSHG,42800,5.7,24.4,0.0,t_4979,6435
2026-05-25 09:30,301098.XSHE,19900,10.57,21.03,0.0,t_4980,6436
2026-05-25 09:30,600455.XSHG,8100,29.26,23.7,0.0,t_4981,6437
2026-05-25 09:30,300929.XSHE,18300,13.63,24.94,0.0,t_4982,6438
2026-05-25 09:30,300665.XSHE,800,9.75,5.0,0.0,t_4983,6439
2026-05-25 09:30,300417.XSHE,15700,14.95,23.47,0.0,t_4984,6440
2026-05-25 09:30,600561.XSHG,38100,6.77,25.79,0.0,t_4985,6441
2026-05-25 09:30,301167.XSHE,14500,17.02,24.68,0.0,t_4986,6442
2026-05-25 09:30,600697.XSHG,21400,12.09,25.87,0.0,t_4987,6443
2026-05-25 09:30,300405.XSHE,-900,7.27,5.0,6.54,t_4988,6444
2026-05-25 09:30,300500.XSHE,100,11.93,5.0,0.0,t_4989,6445
2026-05-25 09:30,600493.XSHG,35200,7.16,25.2,0.0,t_4990,6446
2026-05-25 09:30,300535.XSHE,10000,18.15,18.15,0.0,t_4991,6447
2026-05-28 09:30,301098.XSHE,-25700,10.22,26.27,262.65,t_4992,6453
2026-05-28 09:30,600455.XSHG,-100,27.46,5.0,2.75,t_4993,6454
2026-05-28 09:30,300929.XSHE,500,12.67,5.0,0.0,t_4994,6455
2026-05-28 09:30,300665.XSHE,-25800,9.55,24.64,246.39,t_4995,6456
2026-05-28 09:30,300417.XSHE,1200,13.72,5.0,0.0,t_4996,6457
2026-05-28 09:30,600561.XSHG,1700,6.27,5.0,0.0,t_4997,6458
2026-05-28 09:30,301167.XSHE,1400,15.6,5.0,0.0,t_4998,6459
2026-05-28 09:30,600697.XSHG,-100,11.32,5.0,1.13,t_4999,6460
2026-05-28 09:30,300405.XSHE,-32900,6.75,22.21,222.08,t_5000,6461
2026-05-28 09:30,300500.XSHE,-20100,11.24,22.59,225.92,t_5001,6462
2026-05-28 09:30,600493.XSHG,35700,6.61,23.6,0.0,t_5002,6463
2026-05-28 09:30,300535.XSHE,17400,16.75,29.15,0.0,t_5003,6464
2026-05-28 09:30,300605.XSHE,21600,11.06,23.89,0.0,t_5004,6465
2026-05-28 09:30,603879.XSHG,26900,5.15,13.85,0.0,t_5005,6466
