date,signals_count,buy_count,sell_count,skip_count,executable_count,rejected_count,risk_status,cumulative_drawdown,rolling_20d_return,rolling_20d_winrate,consecutive_losses,rejection_rate,action_tomorrow
2020-01-02,1,1,0,0,0,1,NORMAL,0.0,,,0,0.0,continue
2020-01-03,0,0,0,0,0,0,NORMAL,0.0,,,0,0.0,continue
2020-01-06,0,0,0,0,0,0,NORMAL,0.0,,,0,0.0,continue
2020-01-07,0,0,0,0,0,0,NORMAL,0.0,,,0,0.0,continue
2020-01-08,0,0,0,0,0,0,NORMAL,0.0,,,0,0.0,continue
2020-01-09,0,0,0,0,0,0,NORMAL,0.0,,,0,0.0,continue
2020-01-10,0,0,0,0,0,0,NORMAL,0.0,,,0,0.0,continue
2020-01-13,0,0,0,0,0,0,NORMAL,0.0,,,0,0.0,continue
2020-01-14,0,0,0,0,0,0,NORMAL,0.0,,,0,0.0,continue
2020-01-15,0,0,0,0,0,0,NORMAL,0.0,,,0,0.0,continue
2020-01-16,0,0,0,0,0,0,NORMAL,0.0,,,0,0.0,continue
2020-01-17,0,0,0,0,0,0,NORMAL,0.0,,,0,0.0,continue
2020-01-20,0,0,0,0,0,0,NORMAL,-0.00010872240195642745,,,1,0.0,continue
2020-01-21,0,0,0,0,0,0,NORMAL,0.0,,,0,0.0,continue
2020-01-22,0,0,0,0,0,0,NORMAL,0.0,,,0,0.0,continue
2020-01-23,0,0,0,0,0,0,NORMAL,0.0,,,0,0.0,continue
2020-02-03,11,10,1,0,11,0,NORMAL,-0.002486982977528902,,,1,0.0,continue
2020-02-04,0,0,0,0,0,0,NORMAL,0.0,,,0,0.0,continue
2020-02-05,0,0,0,0,0,0,NORMAL,0.0,,,0,0.0,continue
2020-02-06,13,10,3,0,3,10,NORMAL,0.0,,,0,0.0,continue
2020-02-07,0,0,0,0,0,0,NORMAL,0.0,0.026784562978713566,0.9,0,0.0,continue
2020-02-10,0,0,0,0,0,0,NORMAL,0.0,0.03469430021568165,0.9,0,0.0,continue
2020-02-11,15,10,5,0,5,10,NORMAL,-0.008587216247063708,0.025687360317705688,0.85,1,0.0,continue
2020-02-12,0,0,0,0,0,0,NORMAL,-0.0006802680344349069,0.03374492476713664,0.85,0,0.0,continue
2020-02-13,0,0,0,0,0,0,NORMAL,-0.010541493123563166,0.023493366175614705,0.8,1,0.0,continue
2020-02-14,14,11,3,0,4,10,NORMAL,-0.009636816528371391,0.024226514962677914,0.8,0,0.0,continue
2020-02-17,0,0,0,0,0,0,NORMAL,0.0,0.056279711578103964,0.8,0,0.0,continue
2020-02-18,0,0,0,0,0,0,NORMAL,0.0,0.07824819046390008,0.8,0,0.0,continue
2020-02-19,14,11,2,1,3,11,NORMAL,-0.01155533104994708,0.0657043703684026,0.75,1,0.0833,continue
2020-02-20,0,0,0,0,0,0,NORMAL,0.0,0.09353400371049814,0.75,0,0.0,continue
2020-02-21,1,0,1,0,1,0,NORMAL,0.0,0.09990036275743597,0.75,0,0.0,continue
2020-02-24,23,11,12,0,14,9,NORMAL,-0.0011041783219805951,0.09880534137653751,0.7,1,0.0,continue
2020-02-25,0,0,0,0,0,0,NORMAL,-0.017009639809782522,0.08118076752664694,0.7,2,0.0,continue
2020-02-26,0,0,0,0,0,0,WARNING,-0.022170768270642065,0.07518529046238687,0.65,3,0.0,warn
2020-02-27,5,3,2,0,2,3,NORMAL,-0.019803211781315132,0.07684160142158891,0.65,0,0.0,continue
2020-02-28,0,0,0,0,0,0,NORMAL,-0.07893380489672727,0.014403692790611267,0.6,1,0.0,continue
2020-03-02,0,0,0,0,0,0,NORMAL,-0.04430359507634165,0.04680440619340698,0.65,0,0.0,continue
2020-03-03,8,5,3,0,6,2,NORMAL,-0.038800721123833565,0.04607376498985727,0.65,0,0.0,continue
2020-03-04,0,0,0,0,0,0,NORMAL,-0.019951619186054724,0.05829285851857935,0.65,0,0.0,continue
2020-03-05,0,0,0,0,0,0,NORMAL,0.0,0.07796924976015163,0.65,0,0.0,continue
2020-03-06,9,3,5,1,6,3,NORMAL,0.0,0.07658816875176,0.65,0,0.25,continue
2020-03-09,0,0,0,0,0,0,NORMAL,-0.018877525195389964,0.06541378705311818,0.6,1,0.0,continue
2020-03-10,0,0,0,0,0,0,NORMAL,0.0,0.08989279647394444,0.65,0,0.0,continue
2020-03-11,17,0,1,16,1,16,HALTED,0.0,0.12296969779868205,0.65,0,1.0,halt
2020-03-12,0,0,0,0,0,0,NORMAL,-0.006286703063121514,0.1148905597773211,0.65,1,0.0,continue
2020-03-13,1,0,1,0,1,0,NORMAL,-0.010324529592943967,0.076580866553277,0.6,2,0.0,continue
2020-03-16,16,11,4,1,9,7,WARNING,-0.047407992153192954,0.014977844532480411,0.55,3,0.0833,warn
2020-03-17,0,0,0,0,0,0,WARNING,-0.05611774063699206,0.017454715325634584,0.5,4,0.0,warn
2020-03-18,0,0,0,0,0,0,HALTED,-0.06618550740105611,-0.019034482098518768,0.5,5,0.0,halt
2020-03-19,13,8,5,0,9,4,WARNING,-0.0445457730103048,-0.00247655197043517,0.5,0,0.0,warn
2020-03-20,2,0,2,0,2,0,NORMAL,-0.01644317572035788,0.027998513158678406,0.5,0,0.0,continue
2020-03-23,0,0,0,0,0,0,NORMAL,-0.044140836650371044,0.015214649497166777,0.5,1,0.0,continue
2020-03-24,16,9,7,0,8,8,NORMAL,-0.016238620956605984,0.050364365873273975,0.55,0,0.0,continue
2020-03-25,0,0,0,0,0,0,NORMAL,0.0,0.07441546903118135,0.6,0,0.0,continue
2020-03-26,1,0,1,0,1,0,NORMAL,-0.029529364139657673,0.10962717383284493,0.55,1,0.0,continue
2020-03-27,14,8,6,0,8,6,NORMAL,-0.018344244182374427,0.08174474147015331,0.6,0,0.0,continue
2020-03-30,1,0,1,0,1,0,NORMAL,-0.04388643215512142,0.047566429479922734,0.55,1,0.0,continue
2020-03-31,1,0,1,0,1,0,NORMAL,-0.04698197358669879,0.024092363290097563,0.5,2,0.0,continue
2020-04-01,17,1,16,0,16,1,WARNING,-0.05070213595866684,-0.005318655452036913,0.45,3,0.0,warn
2020-04-02,0,0,0,0,0,0,WARNING,-0.05069274134806371,-0.011685599062128738,0.45,0,0.0,warn
2020-04-03,0,0,0,0,0,0,WARNING,-0.05044848147237997,0.007589493530110403,0.45,0,0.0,warn
2020-04-07,0,0,0,0,0,0,WARNING,-0.05043908686177683,-0.022824636080050142,0.5,0,0.0,warn
2020-04-08,0,0,0,0,0,0,WARNING,-0.050363929976950945,-0.042079422281983137,0.5,0,0.0,warn
2020-04-09,0,0,0,0,0,0,WARNING,-0.050298167702728595,-0.035952405339461646,0.5,0,0.0,warn
2020-04-10,0,0,0,0,0,0,WARNING,-0.050110275490664075,-0.03182763066706229,0.55,0,0.0,warn
2020-04-13,0,0,0,0,0,0,NORMAL,-0.05006330243764819,0.005912100880141047,0.6,0,0.0,continue
2020-04-14,0,0,0,0,0,0,NORMAL,-0.05004451321644172,0.01521431463024503,0.65,0,0.0,continue
2020-04-15,0,0,0,0,0,0,NORMAL,-0.05005390782704486,0.026149531901066725,0.65,1,0.0,continue
2020-04-16,0,0,0,0,0,0,NORMAL,-0.05001632938463211,0.0029483188892449608,0.7,0,0.0,continue
2020-04-17,0,0,0,0,0,0,WARNING,-0.05001632938463211,-0.025708340301764943,0.65,0,0.0,warn
2020-04-20,0,0,0,0,0,0,NORMAL,-0.04992238327859995,0.0026225757534961147,0.65,0,0.0,continue
2020-04-21,0,0,0,0,0,0,WARNING,-0.04980964795136132,-0.02569900013404902,0.7,0,0.0,warn
2020-04-22,0,0,0,0,0,0,WARNING,-0.049753280287741904,-0.04975328028774195,0.7,0,0.0,warn
2020-04-23,0,0,0,0,0,0,WARNING,-0.04973449106653563,-0.020819926106229625,0.7,0,0.0,warn
2020-04-24,0,0,0,0,0,0,WARNING,-0.04961236112869366,-0.03185242561968771,0.75,0,0.0,warn
2020-04-27,0,0,0,0,0,0,WARNING,-0.04957478268628092,-0.005949450695466374,0.75,0,0.0,warn
2020-04-28,0,0,0,0,0,0,WARNING,-0.049537204243867976,-0.0026811986618824335,0.8,0,0.0,warn
2020-04-29,0,0,0,0,0,0,NORMAL,-0.049659334181709945,0.0010984979704025122,0.8,1,0.0,continue
2020-04-30,0,0,0,0,0,0,NORMAL,-0.04950902041205837,0.0012469313019751738,0.85,0,0.0,continue
2020-05-06,11,10,1,0,2,9,NORMAL,-0.042830745109493175,0.008022457143451067,0.85,0,0.0,continue
2020-05-07,0,0,0,0,0,0,NORMAL,-0.04641362550193071,0.004239287131714731,0.8,1,0.0,continue
2020-05-08,0,0,0,0,0,0,NORMAL,-0.04354439075898518,0.007181213343971038,0.8,0,0.0,continue
2020-05-11,10,10,0,0,1,9,NORMAL,-0.04666615953007221,0.003824366816130853,0.75,1,0.0,continue
2020-05-12,0,0,0,0,0,0,NORMAL,-0.048501987106663966,0.0016931316788701967,0.7,2,0.0,continue
2020-05-13,0,0,0,0,0,0,WARNING,-0.05124538578097926,-0.0012443811744133892,0.65,3,0.0,warn
2020-05-14,10,10,0,0,0,10,WARNING,-0.0524296238515131,-0.002510760417992919,0.6,4,0.0,warn
2020-05-15,0,0,0,0,0,0,HALTED,-0.053812958715564636,-0.0039571202192338895,0.55,5,0.0,halt
2020-05-18,0,0,0,0,0,0,HALTED,-0.07013889578401587,-0.021182012935389793,0.55,6,0.0,halt
2020-05-19,10,10,0,0,3,7,WARNING,-0.06211296789987386,-0.01273352257455751,0.55,0,0.0,warn
2020-05-20,0,0,0,0,0,0,WARNING,-0.05382330140613698,-0.004105894148941913,0.6,0,0.0,warn
2020-05-21,2,0,2,0,2,0,NORMAL,-0.04241009926500693,0.00778743824371686,0.6,0,0.0,continue
2020-05-22,12,11,1,0,2,10,WARNING,-0.051887330728078516,-0.002245785642893683,0.55,1,0.0,warn
2020-05-25,1,0,1,0,1,0,WARNING,-0.06854724189401966,-0.01979736257985265,0.5,2,0.0,warn
2020-05-26,0,0,0,0,0,0,WARNING,-0.052053236103767775,-0.0025682941099411938,0.5,0,0.0,warn
2020-05-27,13,3,9,1,10,3,WARNING,-0.05661747407225362,-0.007410042639523162,0.45,1,0.25,warn
2020-05-28,0,0,0,0,0,0,WARNING,-0.04350121864475437,0.006350575347151555,0.45,0,0.0,warn
2020-05-29,1,0,1,0,1,0,WARNING,-0.02627716542154467,0.024603986340026918,0.45,0,0.0,warn
2020-06-01,11,10,0,1,3,8,NORMAL,-0.0006324641474079354,0.05142243042205363,0.5,0,0.0909,continue
2020-06-02,0,0,0,0,0,0,NORMAL,0.0,0.056491252161380956,0.5,0,0.0,continue
2020-06-03,1,0,0,1,0,1,HALTED,0.0,0.09081267321273812,0.5,0,1.0,halt
2020-06-04,16,8,2,6,6,10,HALTED,0.0,0.11817654534227295,0.55,0,0.4286,halt
2020-06-05,2,0,2,0,2,0,NORMAL,-0.011099314994638221,0.10938647038468408,0.5,1,0.0,continue
2020-06-08,0,0,0,0,0,0,NORMAL,-0.029100534728984474,0.09129351159671395,0.5,2,0.0,continue
2020-06-09,15,13,1,1,5,10,NORMAL,-0.01038632582315707,0.11554471579428371,0.55,0,0.0714,continue
2020-06-10,1,0,1,0,1,0,NORMAL,-0.014666847766819013,0.11210762148291065,0.55,1,0.0,continue
2020-06-11,1,1,0,0,1,0,NORMAL,-0.023643683806613205,0.10358691159508226,0.55,2,0.0,continue
2020-06-12,15,6,7,2,11,4,WARNING,-0.03184031118537795,0.11353561288089042,0.55,3,0.25,warn
2020-06-15,0,0,0,0,0,0,WARNING,-0.03432729529695034,0.10117063566365192,0.55,4,0.0,warn
2020-06-16,0,0,0,0,0,0,NORMAL,-0.018525356068268724,0.10938434361526217,0.55,0,0.0,continue
2020-06-17,14,10,4,0,6,8,NORMAL,-0.008019838751235471,0.10789506133836801,0.55,0,0.0,continue
2020-06-18,0,0,0,0,0,0,NORMAL,-0.016858867181477208,0.10899889507447358,0.5,1,0.0,continue
2020-06-19,0,0,0,0,0,0,NORMAL,-0.02219387522380036,0.12270877497071497,0.5,2,0.0,continue
2020-06-22,15,6,4,5,9,6,HALTED,-0.03033591144776364,0.09398800531474683,0.5,3,0.4545,halt
2020-06-23,0,0,0,0,0,0,WARNING,-0.038830017907897474,0.0896513675430255,0.45,4,0.0,warn
2020-06-24,0,0,0,0,0,0,HALTED,-0.044112642940741624,0.06880257946562929,0.45,5,0.0,halt
2020-06-29,15,6,6,3,8,7,HALTED,-0.04749581975525445,0.046180768879807266,0.4,6,0.3333,halt
2020-06-30,0,0,0,0,0,0,WARNING,-0.024915519099989753,0.04349940030920241,0.4,0,0.0,warn
2020-07-01,1,0,1,0,1,0,WARNING,-0.023748506238042824,0.032481461594561445,0.4,0,0.0,warn
2020-07-02,15,10,4,1,6,9,WARNING,-0.012254473178593666,0.01557045167857396,0.4,0,0.0909,warn
2020-07-03,0,0,0,0,0,0,WARNING,-0.006628537960548664,-0.0066285379605486305,0.4,0,0.0,warn
2020-07-06,0,0,0,0,0,0,WARNING,0.0,0.03987947364738398,0.4,0,0.0,warn
2020-07-07,15,8,6,1,9,6,WARNING,0.0,0.06088821731793037,0.45,0,0.1111,warn
2020-07-08,0,0,0,0,0,0,NORMAL,0.0,0.05269613637401194,0.5,0,0.0,continue
2020-07-09,0,0,0,0,0,0,NORMAL,0.0,0.07406136378702244,0.5,0,0.0,continue
2020-07-10,15,10,4,1,9,6,NORMAL,-0.012565358981657174,0.07031647014868136,0.5,1,0.0909,continue
2020-07-13,0,0,0,0,0,0,NORMAL,0.0,0.1059289184581178,0.55,0,0.0,continue
2020-07-14,1,0,0,1,0,1,HALTED,-0.003286896814825378,0.10513268108694951,0.55,1,1.0,halt
2020-07-15,12,5,6,1,8,4,NORMAL,-0.03179854771245347,0.05623573322071729,0.55,2,0.1667,continue
2020-07-16,0,0,0,0,0,0,WARNING,-0.05454640263218495,0.02049631846829003,0.5,3,0.0,warn
2020-07-17,0,0,0,0,0,0,WARNING,-0.060287746553295087,0.02341843029997359,0.45,4,0.0,warn
2020-07-20,11,5,5,1,7,4,NORMAL,-0.029093771086671782,0.0631602839169847,0.5,0,0.1667,continue
2020-07-21,0,0,0,0,0,0,NORMAL,-0.027044258829568624,0.07435048351556461,0.55,0,0.0,continue
2020-07-22,0,0,0,0,0,0,NORMAL,-0.03355031242868714,0.07659723804853802,0.55,1,0.0,continue
2020-07-23,13,4,5,4,7,6,HALTED,-0.031954530422759024,0.08433443476797708,0.6,0,0.5,halt
2020-07-24,0,0,0,0,0,0,NORMAL,-0.05229385092356648,0.06532230124850269,0.6,1,0.0,continue
2020-07-27,0,0,0,0,0,0,NORMAL,-0.0524805123410331,0.04044737024453893,0.6,2,0.0,continue
2020-07-28,11,4,4,3,5,6,HALTED,-0.0562649145200974,0.03505302801377752,0.55,3,0.4286,halt
2020-07-29,0,0,0,0,0,0,NORMAL,-0.04391214361904082,0.03639889411881203,0.55,0,0.0,continue
2020-07-30,0,0,0,0,0,0,NORMAL,-0.03789983957580173,0.03700969874081239,0.55,0,0.0,continue
2020-07-31,9,4,5,0,5,4,NORMAL,-0.026244610349145783,0.013884307924886041,0.55,0,0.0,continue
2020-08-03,0,0,0,0,0,0,NORMAL,-0.01049204258237676,0.028607327008567163,0.55,0,0.0,continue
2020-08-04,0,0,0,0,0,0,NORMAL,-0.012765096940236307,0.014672744904008717,0.5,1,0.0,continue
2020-08-05,10,5,5,0,8,2,NORMAL,0.0,0.01491509243460154,0.5,0,0.0,continue
2020-08-06,1,0,1,0,1,0,NORMAL,0.0,0.03497437931060987,0.5,0,0.0,continue
2020-08-07,0,0,0,0,0,0,WARNING,-0.015629663061839664,-0.005661041878249229,0.5,1,0.0,warn
2020-08-10,17,3,1,13,2,15,HALTED,0.0,0.023688808370863956,0.5,0,0.8125,halt
2020-08-11,1,0,1,0,1,0,NORMAL,-0.01874798199926747,0.03407718468072907,0.5,1,0.0,continue
2020-08-12,1,0,1,0,1,0,NORMAL,-0.023796758879664204,0.053508756315269856,0.5,2,0.0,continue
2020-08-13,9,6,3,0,3,6,NORMAL,-0.010308890120805155,0.07459026598394147,0.55,0,0.0,continue
2020-08-14,1,0,1,0,1,0,NORMAL,-0.000826999475882348,0.05002956111903312,0.6,0,0.0,continue
2020-08-17,0,0,0,0,0,0,NORMAL,-0.00042939293448018384,0.04823465836472507,0.6,0,0.0,continue
2020-08-18,9,6,3,0,7,2,NORMAL,0.0,0.06228281184708906,0.6,0,0.0,continue
2020-08-19,0,0,0,0,0,0,NORMAL,0.0,0.0609709778703591,0.65,0,0.0,continue
2020-08-20,1,0,1,0,1,0,NORMAL,-0.019313297093930145,0.06281053169761419,0.6,1,0.0,continue
2020-08-21,7,5,2,0,4,3,NORMAL,-0.012148990888181832,0.07078568843966648,0.65,0,0.0,continue
2020-08-24,0,0,0,0,0,0,NORMAL,0.0,0.0883984941381526,0.7,0,0.0,continue
2020-08-25,1,1,0,0,1,0,NORMAL,0.0,0.08318557630805601,0.75,0,0.0,continue
2020-08-26,10,4,6,0,8,2,NORMAL,-0.021865661347566765,0.05288003119691176,0.7,1,0.0,continue
2020-08-27,0,0,0,0,0,0,NORMAL,0.0,0.07763531492344633,0.7,0,0.0,continue
2020-08-28,0,0,0,0,0,0,NORMAL,-0.007353427019761609,0.05268163437370865,0.65,1,0.0,continue
2020-08-31,12,3,8,1,10,2,NORMAL,-0.004634696062318796,0.05799517381544539,0.65,0,0.25,continue
2020-09-01,0,0,0,0,0,0,NORMAL,0.0,0.05744810957945545,0.7,0,0.0,continue
2020-09-02,1,0,1,0,1,0,NORMAL,0.0,0.07146020395398889,0.7,0,0.0,continue
2020-09-03,14,6,6,2,8,6,NORMAL,-0.0030838733565078293,0.08511595310857079,0.65,1,0.25,continue
2020-09-04,0,0,0,0,0,0,NORMAL,0.0,0.06932856500553419,0.7,0,0.0,continue
2020-09-07,0,0,0,0,0,0,NORMAL,0.0,0.10069758715050603,0.7,0,0.0,continue
2020-09-08,15,9,6,0,8,7,NORMAL,0.0,0.13879532642077752,0.75,0,0.0,continue
2020-09-09,1,0,1,0,1,0,NORMAL,-0.016710518333886204,0.10450489705987076,0.75,1,0.0,continue
2020-09-10,1,0,0,1,0,1,HALTED,-0.08901975150472702,0.013571037391102658,0.7,2,1.0,halt
2020-09-11,18,6,7,5,10,8,HALTED,-0.08629515616125544,0.016198083848231626,0.7,0,0.4545,halt
2020-09-14,0,0,0,0,0,0,NORMAL,-0.05331964554912617,0.04594296845022261,0.7,0,0.0,continue
2020-09-15,3,0,1,2,1,2,HALTED,-0.04040445288236478,0.05977338223844386,0.7,0,1.0,halt
2020-09-16,15,10,5,0,5,10,NORMAL,-0.057356838076460685,0.06155333252693729,0.65,1,0.0,continue
2020-09-17,0,0,0,0,0,0,NORMAL,-0.04943130233340263,0.06271508262353787,0.7,0,0.0,continue
2020-09-18,0,0,0,0,0,0,NORMAL,-0.04462913369873156,0.05501346969019294,0.7,0,0.0,continue
2020-09-21,15,5,9,1,10,5,NORMAL,-0.05368135096888016,0.03647963355235051,0.65,1,0.1667,continue
2020-09-22,0,0,0,0,0,0,NORMAL,-0.06419808037207232,0.04787336153223953,0.6,2,0.0,continue
2020-09-23,0,0,0,0,0,0,NORMAL,-0.05404763493825123,0.02251955465029365,0.65,0,0.0,continue
2020-09-24,15,10,5,0,5,10,WARNING,-0.08836141578999485,-0.007271693955612779,0.6,1,0.0,warn
2020-09-25,0,0,0,0,0,0,WARNING,-0.09253055017325286,-0.014510798257986401,0.6,2,0.0,warn
2020-09-28,0,0,0,0,0,0,HALTED,-0.11377833818635251,-0.05236814662544631,0.55,3,0.0,halt
2020-09-29,19,11,7,1,9,10,HALTED,-0.10113434163966724,-0.057965408553256714,0.55,0,0.0833,halt
2020-09-30,1,0,1,0,1,0,HALTED,-0.1045410479779844,-0.05863266777725595,0.5,1,0.0,halt
2020-10-09,0,0,0,0,0,0,WARNING,-0.07316736617393818,-0.036445974773213985,0.55,0,0.0,warn
2020-10-12,11,6,4,1,7,4,WARNING,-0.04692998759292682,-0.019015491712871646,0.55,0,0.1429,warn
2020-10-13,0,0,0,0,0,0,WARNING,-0.042058808935040916,-0.04205880893504088,0.55,0,0.0,warn
2020-10-14,0,0,0,0,0,0,WARNING,-0.05037119894285139,-0.03423272722487536,0.5,1,0.0,warn
2020-10-15,14,9,4,1,5,9,NORMAL,-0.050876577922475213,0.04187047265322752,0.5,2,0.1,continue
2020-10-16,0,0,0,0,0,0,NORMAL,-0.042486551638548045,0.047946122665448954,0.55,0,0.0,continue
2020-10-19,1,0,1,0,1,0,NORMAL,-0.047960081629833014,0.0056614293241588065,0.5,1,0.0,continue
2020-10-20,13,9,4,0,6,7,NORMAL,-0.0309235771987857,0.009880074696112295,0.5,0,0.0,continue
2020-10-21,0,0,0,0,0,0,WARNING,-0.05021254224524875,0.0075790035082135,0.45,1,0.0,warn
2020-10-22,0,0,0,0,0,0,NORMAL,-0.045057360799517165,0.004601394454311736,0.5,0,0.0,continue
2020-10-23,14,9,5,0,6,8,WARNING,-0.053283979311166574,-0.009059147518222233,0.45,1,0.0,warn
2020-10-26,0,0,0,0,0,0,WARNING,-0.05561704894216056,-0.0020455033568895775,0.4,2,0.0,warn
2020-10-27,0,0,0,0,0,0,WARNING,-0.058006520995974364,0.006616314036371751,0.4,3,0.0,warn
2020-10-28,11,6,5,0,6,5,WARNING,-0.058084515593365464,-0.004267530590560731,0.4,4,0.0,warn
2020-10-29,0,0,0,0,0,0,WARNING,-0.056340685391359724,0.035124369408281675,0.4,0,0.0,warn
2020-10-30,0,0,0,0,0,0,WARNING,-0.08923590549571005,0.0036305846749682402,0.4,1,0.0,warn
2020-11-02,17,10,6,1,8,9,WARNING,-0.08179710275484958,0.03608717413435092,0.45,0,0.0909,warn
2020-11-03,0,0,0,0,0,0,NORMAL,-0.062616961206533,0.04285109801991527,0.5,0,0.0,continue
2020-11-04,0,0,0,0,0,0,WARNING,-0.06782456372759124,0.041002978603859486,0.45,1,0.0,warn
2020-11-05,15,8,6,1,6,9,NORMAL,-0.050339985178504965,0.024629453217674735,0.5,0,0.1111,continue
2020-11-06,0,0,0,0,0,0,WARNING,-0.06438219778689366,-0.018311572042739588,0.45,1,0.0,warn
2020-11-09,0,0,0,0,0,0,WARNING,-0.049165487668021646,-0.00741870043721593,0.45,0,0.0,warn
2020-11-10,13,6,6,1,6,7,WARNING,-0.05507770906841994,-0.004956157732715294,0.4,1,0.1429,warn
2020-11-11,0,0,0,0,0,0,WARNING,-0.05533185175006689,-0.004694093227453622,0.4,2,0.0,warn
2020-11-12,1,0,1,0,1,0,WARNING,-0.0493371036517144,-0.007154523025122428,0.45,0,0.0,warn
2020-11-13,15,8,6,1,9,6,WARNING,-0.054095085964790596,-0.006444062078258539,0.4,1,0.1111,warn
2020-11-16,0,0,0,0,0,0,WARNING,-0.04653251640152597,-0.016107026066758512,0.45,0,0.0,warn
2020-11-17,0,0,0,0,0,0,WARNING,-0.05441160309049711,-0.004421053164014976,0.4,1,0.0,warn
2020-11-18,9,4,5,0,5,4,WARNING,-0.041869190625099834,0.003338598616862143,0.45,0,0.0,warn
2020-11-19,0,0,0,0,0,0,WARNING,-0.0419753598915842,0.011945101986712059,0.4,1,0.0,warn
2020-11-20,0,0,0,0,0,0,WARNING,-0.038052405494986806,0.018599068764952653,0.45,0,0.0,warn
2020-11-23,9,3,6,0,7,2,NORMAL,-0.027509392562760544,0.032375095064839154,0.5,0,0.0,continue
2020-11-24,0,0,0,0,0,0,NORMAL,-0.03378134198032457,0.02580186228528869,0.5,1,0.0,continue
2020-11-25,0,0,0,0,0,0,NORMAL,-0.04925418545459013,0.007509595705849081,0.5,2,0.0,continue
2020-11-26,14,9,5,0,6,8,WARNING,-0.054274551838624084,0.03838683789583808,0.45,3,0.0,warn
2020-11-27,0,0,0,0,0,0,NORMAL,-0.047922975471196776,0.03689176693439333,0.5,0,0.0,continue
2020-11-30,0,0,0,0,0,0,NORMAL,-0.04614397669966809,0.017573375904121002,0.5,0,0.0,continue
2020-12-01,14,8,3,3,4,10,WARNING,-0.03494910437796535,0.035267459397008594,0.5,0,0.2727,warn
2020-12-02,0,0,0,0,0,0,NORMAL,-0.030564977230076486,0.02082325004717145,0.55,0,0.0,continue
2020-12-03,0,0,0,0,0,0,NORMAL,-0.03658079329224698,0.029714488575233844,0.5,1,0.0,continue
2020-12-04,12,6,5,1,7,5,NORMAL,-0.028067046634969624,0.02218939337961845,0.55,0,0.1429,continue
2020-12-07,0,0,0,0,0,0,NORMAL,-0.025077054667603613,0.03174933503922239,0.55,0,0.0,continue
2020-12-08,0,0,0,0,0,0,NORMAL,-0.028616472589026228,0.028280173530284447,0.55,1,0.0,continue
2020-12-09,10,6,3,1,3,7,NORMAL,-0.04804398852825141,0.0013602246689443653,0.55,2,0.1429,continue
2020-12-10,0,0,0,0,0,0,NORMAL,-0.046739433666324895,0.0077763125968832725,0.55,0,0.0,continue
2020-12-11,0,0,0,0,0,0,WARNING,-0.056446622412573595,-0.010397948730910933,0.55,1,0.0,warn
2020-12-14,15,10,5,0,8,7,WARNING,-0.05553829788874582,-0.0011915277322893658,0.55,0,0.0,warn
2020-12-15,0,0,0,0,0,0,WARNING,-0.07178750412417832,-0.031225708646815842,0.55,1,0.0,warn
2020-12-16,0,0,0,0,0,0,HALTED,-0.09374065420148348,-0.05403336421915117,0.5,2,0.0,halt
2020-12-17,13,8,5,0,7,6,WARNING,-0.08114872040885031,-0.044801104717185236,0.55,0,0.0,warn
2020-12-18,0,0,0,0,0,0,HALTED,-0.08958519574686438,-0.0638317765841353,0.5,1,0.0,halt
2020-12-21,0,0,0,0,0,0,HALTED,-0.08384541977755325,-0.051814439083424535,0.5,0,0.0,halt
2020-12-22,14,8,5,1,7,7,HALTED,-0.11081615593122635,-0.06475124006311983,0.5,1,0.1111,halt
2020-12-23,0,0,0,0,0,0,HALTED,-0.11287849393268519,-0.06196718319042327,0.5,2,0.0,halt
2020-12-24,0,0,0,0,0,0,HALTED,-0.13990454427419655,-0.09661147830819972,0.5,3,0.0,halt
2020-12-25,13,4,7,2,7,6,HALTED,-0.1264608741767718,-0.08420232772573799,0.5,0,0.3333,halt
2020-12-28,0,0,0,0,0,0,HALTED,-0.14671067108491836,-0.11580898708447473,0.45,1,0.0,halt
2020-12-29,0,0,0,0,0,0,HALTED,-0.1409257731773514,-0.11384032282220002,0.45,0,0.0,halt
2020-12-30,14,9,3,2,4,10,HALTED,-0.13749328097843677,-0.10474411033493225,0.45,0,0.1818,halt
2020-12-31,0,0,0,0,0,0,HALTED,-0.1221173169598382,-0.09676621211293157,0.5,0,0.0,halt
2021-01-04,15,1,14,0,14,1,HALTED,-0.12501126555451048,-0.1025047275431954,0.45,1,0.0,halt
2021-01-05,0,0,0,0,0,0,HALTED,-0.12487218381541605,-0.09909135630798671,0.45,0,0.0,halt
2021-01-06,0,0,0,0,0,0,HALTED,-0.12451578685898644,-0.08033123107496076,0.5,0,0.0,halt
2021-01-07,0,0,0,0,0,0,HALTED,-0.12432454946773135,-0.08138920096087232,0.55,0,0.0,halt
2021-01-08,0,0,0,0,0,0,HALTED,-0.12437670511989185,-0.07199389490927244,0.5,1,0.0,halt
2021-01-11,0,0,0,0,0,0,HALTED,-0.1244288607720522,-0.07294161608597582,0.5,2,0.0,halt
2021-01-12,0,0,0,0,0,0,HALTED,-0.12428108642426446,-0.05655341048878626,0.5,0,0.0,halt
2021-01-13,0,0,0,0,0,0,WARNING,-0.12443755338074568,-0.03387209116416312,0.5,1,0.0,warn
2021-01-14,0,0,0,0,0,0,WARNING,-0.12444624598943899,-0.04712136397073341,0.5,2,0.0,warn
2021-01-15,0,0,0,0,0,0,WARNING,-0.12428108642426446,-0.03810998076405736,0.5,0,0.0,warn
2021-01-18,0,0,0,0,0,0,WARNING,-0.12418546772863676,-0.04403192302033654,0.55,0,0.0,warn
2021-01-19,0,0,0,0,0,0,WARNING,-0.12421154555471701,-0.015064814450738706,0.5,1,0.0,warn
2021-01-20,0,0,0,0,0,0,WARNING,-0.1241333120764764,-0.012686895838750156,0.55,0,0.0,warn
2021-01-21,0,0,0,0,0,0,WARNING,-0.1241246194677831,0.018346713380897217,0.6,0,0.0,warn
2021-01-22,0,0,0,0,0,0,WARNING,-0.12392468946783453,0.0029033441479191513,0.65,0,0.0,warn
2021-01-25,0,0,0,0,0,0,WARNING,-0.12388991903306096,0.026744447959841322,0.65,0,0.0,warn
2021-01-26,0,0,0,0,0,0,WARNING,-0.12386384120698087,0.01986083558050078,0.7,0,0.0,warn
2021-01-27,0,0,0,0,0,0,WARNING,-0.1238377633809006,0.015832360834275194,0.7,0,0.0,warn
2021-01-28,0,0,0,0,0,0,WARNING,-0.12387253381567417,-0.0019993751895840406,0.65,1,0.0,warn
2021-01-29,0,0,0,0,0,0,WARNING,-0.12361175555487194,0.0015994605925131467,0.65,0,0.0,warn
2021-02-01,1,0,1,0,1,0,WARNING,-0.12356829251140491,0.0014899438457982583,0.7,0,0.0,warn
2021-02-02,10,10,0,0,2,8,WARNING,-0.12533070233504542,-0.0009308168711977816,0.65,1,0.0,warn
2021-02-03,0,0,0,0,0,0,WARNING,-0.1278508952982181,-0.004027000903523481,0.6,2,0.0,warn
2021-02-04,0,0,0,0,0,0,WARNING,-0.13372935487187443,-0.01068113400667714,0.55,3,0.0,warn
2021-02-05,11,11,0,0,0,11,WARNING,-0.13934703618472855,-0.0170382219608457,0.55,4,0.0,warn
2021-02-08,0,0,0,0,0,0,HALTED,-0.1430695960908367,-0.021454954752381683,0.55,5,0.0,halt
2021-02-09,0,0,0,0,0,0,WARNING,-0.1418957621382689,-0.019939421596864237,0.55,0,0.0,warn
2021-02-10,11,11,0,0,1,10,WARNING,-0.1377365811237438,-0.015179348010818439,0.6,0,0.0,warn
2021-02-18,0,0,0,0,0,0,WARNING,-0.10599860602407309,0.020877110356724238,0.65,0,0.0,warn
2021-02-19,0,0,0,0,0,0,NORMAL,-0.06710614947918704,0.06517283756575543,0.65,0,0.0,continue
2021-02-22,11,10,1,0,3,8,NORMAL,-0.029397221468014715,0.10826167392987252,0.65,0,0.0,continue
2021-02-23,2,0,2,0,2,0,NORMAL,-0.023055273325941563,0.11540345139757213,0.7,0,0.0,continue
2021-02-24,1,0,1,0,1,0,NORMAL,0.0,0.15062545633199886,0.7,0,0.0,continue
2021-02-25,15,11,2,2,4,11,NORMAL,-0.003485895510164609,0.1463528262088598,0.65,1,0.1538,continue
2021-02-26,1,0,1,0,1,0,NORMAL,0.0,0.1779069794302819,0.65,0,0.0,continue
2021-03-01,2,1,1,0,2,0,NORMAL,0.0,0.20780535629927033,0.65,0,0.0,continue
2021-03-02,14,10,4,0,8,6,NORMAL,-0.031455747763275574,0.16977811770829687,0.6,1,0.0,continue
2021-03-03,0,0,0,0,0,0,NORMAL,-0.020381838063208535,0.18319980226427401,0.6,0,0.0,continue
2021-03-04,0,0,0,0,0,0,NORMAL,-0.018217848121253193,0.185460655935495,0.65,0,0.0,continue
2021-03-05,15,7,5,3,7,8,WARNING,-0.0011928030447658047,0.20595787430355528,0.65,0,0.3,warn
2021-03-08,0,0,0,0,0,0,NORMAL,0.0,0.21206189899462546,0.65,0,0.0,continue
2021-03-09,0,0,0,0,0,0,NORMAL,-0.019972082272435767,0.1912869654882956,0.65,1,0.0,continue
2021-03-10,19,9,3,7,5,14,HALTED,-0.05305774025437307,0.15888030554572197,0.65,2,0.4375,halt
2021-03-11,0,0,0,0,0,0,NORMAL,-0.030498782303226685,0.19423273667296126,0.7,0,0.0,continue
2021-03-12,0,0,0,0,0,0,NORMAL,-0.031289303469984854,0.19844256426261464,0.7,1,0.0,continue
2021-03-15,15,9,4,2,5,10,NORMAL,-0.020542478032117818,0.21008043966429746,0.75,0,0.1818,continue
2021-03-16,0,0,0,0,0,0,NORMAL,-6.0281150887191855e-05,0.22942641361127913,0.75,0,0.0,continue
2021-03-17,0,0,0,0,0,0,NORMAL,0.0,0.1968724426571622,0.75,0,0.0,continue
2021-03-18,16,9,3,4,5,11,WARNING,0.0,0.1710773121196354,0.75,0,0.3077,warn
2021-03-19,2,0,2,0,2,0,NORMAL,0.0,0.13752340631291848,0.75,0,0.0,continue
2021-03-22,1,0,1,0,1,0,NORMAL,0.0,0.13059769173515878,0.75,0,0.0,continue
2021-03-23,12,9,3,0,6,6,NORMAL,-0.02086513316801589,0.07311015873981752,0.7,1,0.0,continue
2021-03-24,0,0,0,0,0,0,NORMAL,-0.016051846950498716,0.08215770265681721,0.7,0,0.0,continue
2021-03-25,1,1,0,0,1,0,NORMAL,-0.021176326660361608,0.04764194750924822,0.7,1,0.0,continue
2021-03-26,13,6,6,1,8,5,NORMAL,-0.005662135555248437,0.03787131639107488,0.7,0,0.1429,continue
2021-03-29,1,0,0,1,0,1,HALTED,-0.0021837372527739544,0.07532722563213756,0.7,0,1.0,halt
2021-03-30,0,0,0,0,0,0,NORMAL,-0.03773248729635169,0.025294263060835043,0.7,1,0.0,continue
2021-03-31,13,6,7,0,10,3,NORMAL,-0.04342538775264841,0.01698196102033611,0.65,2,0.0,continue
2021-04-01,15,1,14,0,14,1,WARNING,-0.044735356157917947,-0.0017218332384731916,0.6,3,0.0,warn
2021-04-02,0,0,0,0,0,0,WARNING,-0.044565581484294674,-0.004571002439299199,0.6,0,0.0,warn
2021-04-06,0,0,0,0,0,0,NORMAL,-0.04449012607379534,0.015795155969086094,0.6,0,0.0,continue
2021-04-07,0,0,0,0,0,0,NORMAL,-0.044405238736983633,0.051379893573110014,0.65,0,0.0,continue
2021-04-08,0,0,0,0,0,0,NORMAL,-0.044405238736983633,0.026915731613475602,0.65,0,0.0,continue
2021-04-09,0,0,0,0,0,0,NORMAL,-0.04421660021073546,0.02795663430971085,0.65,0,0.0,continue
2021-04-12,0,0,0,0,0,0,NORMAL,-0.04410341709498647,0.01679806000776307,0.7,0,0.0,continue
2021-04-13,0,0,0,0,0,0,WARNING,-0.044056257463424564,-0.003980316851846966,0.7,0,0.0,warn
2021-04-14,0,0,0,0,0,0,WARNING,-0.04400909783186252,-0.01316218491156984,0.7,0,0.0,warn
2021-04-15,0,0,0,0,0,0,WARNING,-0.04389591471611353,-0.033358439012474816,0.7,0,0.0,warn
2021-04-16,0,0,0,0,0,0,WARNING,-0.043858187010863865,-0.04347015254915865,0.7,0,0.0,warn
2021-04-19,0,0,0,0,0,0,WARNING,-0.04386761893717639,-0.04386761893717639,0.65,1,0.0,warn
2021-04-20,0,0,0,0,0,0,WARNING,-0.0437355719688025,-0.023357802459618715,0.65,0,0.0,warn
2021-04-21,0,0,0,0,0,0,WARNING,-0.04369784426355297,-0.02809700615563171,0.7,0,0.0,warn
2021-04-22,0,0,0,0,0,0,WARNING,-0.043631820779366025,-0.022941306724211907,0.7,0,0.0,warn
2021-04-23,0,0,0,0,0,0,WARNING,-0.04349977381099242,-0.03805310006661866,0.75,0,0.0,warn
2021-04-26,0,0,0,0,0,0,WARNING,-0.043490341884679894,-0.04139700481347042,0.75,0,0.0,warn
2021-04-27,0,0,0,0,0,0,WARNING,-0.04343375032680547,-0.00592482127390459,0.75,0,0.0,warn
2021-04-28,0,0,0,0,0,0,NORMAL,-0.043396022621555945,3.0698212890589716e-05,0.8,0,0.0,continue
2021-04-29,0,0,0,0,0,0,NORMAL,-0.043160224463745726,0.001648895627327951,0.85,0,0.0,continue
2021-04-30,0,0,0,0,0,0,NORMAL,-0.04295272208487265,0.0016880901170879259,0.9,0,0.0,continue
2021-05-06,1,0,1,0,1,0,NORMAL,-0.042933858232247886,0.0016287302559760963,0.9,0,0.0,continue
2021-05-07,0,0,0,0,0,0,NORMAL,-0.042933858232247886,0.0015397536323775718,0.85,0,0.0,continue
2021-05-10,10,10,0,0,0,10,NORMAL,-0.040766317459307054,0.0038080171901182513,0.85,0,0.0,continue
2021-05-11,0,0,0,0,0,0,NORMAL,-0.03902291299060575,0.005433958385628879,0.9,0,0.0,continue
2021-05-12,0,0,0,0,0,0,NORMAL,-0.037431500710250906,0.006979747081487853,0.9,0,0.0,continue
2021-05-13,10,10,0,0,0,10,NORMAL,-0.038042473261825416,0.0062909394496810656,0.85,1,0.0,continue
2021-05-14,0,0,0,0,0,0,NORMAL,-0.02819902659756944,0.016537888800444378,0.85,0,0.0,continue
2021-05-17,0,0,0,0,0,0,NORMAL,-0.03909981022423558,0.005016299549074565,0.8,1,0.0,continue
2021-05-18,10,10,0,0,0,10,NORMAL,-0.036797699292442546,0.007384352009822237,0.8,0,0.0,continue
2021-05-19,0,0,0,0,0,0,NORMAL,-0.03361908004919699,0.010718744695778604,0.8,0,0.0,continue
2021-05-20,0,0,0,0,0,0,NORMAL,-0.028302357255259526,0.016139065995916635,0.85,0,0.0,continue
2021-05-21,10,10,0,0,0,10,NORMAL,-0.013459388885789132,0.03162018949385015,0.85,0,0.0,continue
2021-05-24,1,0,1,0,1,0,NORMAL,-0.010266850041737349,0.0348871610981647,0.85,0,0.0,continue
2021-05-25,0,0,0,0,0,0,NORMAL,0.0,0.04756531050240387,0.85,0,0.0,continue
2021-05-26,12,11,1,0,2,10,NORMAL,0.0,0.059005720618574564,0.85,0,0.0,continue
2021-05-27,0,0,0,0,0,0,NORMAL,0.0,0.06350639032724503,0.85,0,0.0,continue
2021-05-28,0,0,0,0,0,0,NORMAL,0.0,0.06355299629413347,0.85,0,0.0,continue
2021-05-31,10,7,3,0,3,7,NORMAL,0.0,0.06883057429028416,0.85,0,0.0,continue
2021-06-01,0,0,0,0,0,0,NORMAL,0.0,0.08202643703959556,0.85,0,0.0,continue
2021-06-02,0,0,0,0,0,0,NORMAL,-0.00627706669563786,0.07521329196743576,0.8,1,0.0,continue
2021-06-03,10,6,4,0,5,5,NORMAL,0.0,0.09040432334257287,0.8,0,0.0,continue
2021-06-04,1,0,1,0,1,0,NORMAL,-0.007539957900331125,0.07973735700894524,0.8,1,0.0,continue
2021-06-07,0,0,0,0,0,0,NORMAL,-0.00044946917183070215,0.08547853190198507,0.8,0,0.0,continue
2021-06-08,12,9,3,0,4,8,NORMAL,0.0,0.08968424123571839,0.8,0,0.0,continue
2021-06-09,0,0,0,0,0,0,NORMAL,0.0,0.09092154152386644,0.8,0,0.0,continue
2021-06-10,0,0,0,0,0,0,NORMAL,0.0,0.08466312007413745,0.85,0,0.0,continue
2021-06-11,11,5,6,0,7,4,NORMAL,-0.0024313208137368373,0.09430083220792262,0.8,1,0.0,continue
2021-06-15,0,0,0,0,0,0,NORMAL,-0.003112968120005178,0.09093942990142234,0.8,2,0.0,continue
2021-06-16,0,0,0,0,0,0,WARNING,-0.01081170709414627,0.07895373977398501,0.75,3,0.0,warn
2021-06-17,8,5,3,0,5,3,NORMAL,-0.007923950456642789,0.07618273271773468,0.75,0,0.0,continue
2021-06-18,0,0,0,0,0,0,NORMAL,-0.005871599327987024,0.06218390626250625,0.75,0,0.0,continue
2021-06-21,0,0,0,0,0,0,NORMAL,0.0,0.0661963473738465,0.75,0,0.0,continue
2021-06-22,10,4,5,1,5,5,NORMAL,0.0,0.07060857915976038,0.75,0,0.2,continue
2021-06-23,0,0,0,0,0,0,NORMAL,-0.006606000553546555,0.05203641220118249,0.7,1,0.0,continue
2021-06-24,0,0,0,0,0,0,NORMAL,-0.007031616052079564,0.04707349964237806,0.65,2,0.0,continue
2021-06-25,9,3,5,1,6,3,WARNING,-0.013666177645659255,0.03999083707816453,0.6,3,0.25,warn
2021-06-28,0,0,0,0,0,0,NORMAL,0.0,0.05558464453076151,0.6,0,0.0,continue
2021-06-29,1,0,1,0,1,0,NORMAL,-0.013256494580488578,0.028665478158427238,0.55,1,0.0,continue
2021-06-30,10,7,3,0,6,4,NORMAL,-0.008915616572993931,0.03971715305184387,0.55,0,0.0,continue
2021-07-01,1,0,1,0,1,0,NORMAL,-0.012633417353737837,0.02138637504765084,0.55,1,0.0,continue
2021-07-02,1,0,1,0,1,0,NORMAL,-0.008664732898509846,0.03328270895915586,0.55,0,0.0,continue
2021-07-05,12,10,2,0,3,9,NORMAL,0.0,0.05006270621668407,0.6,0,0.0,continue
2021-07-06,0,0,0,0,0,0,NORMAL,0.0,0.052711497779895256,0.6,0,0.0,continue
2021-07-07,0,0,0,0,0,0,NORMAL,0.0,0.058199167693130605,0.6,0,0.0,continue
2021-07-08,12,7,5,0,5,7,NORMAL,-0.008559633665535946,0.04450668472021335,0.55,1,0.0,continue
2021-07-09,0,0,0,0,0,0,NORMAL,-0.003872553730671428,0.05200239343137447,0.55,0,0.0,continue
2021-07-12,0,0,0,0,0,0,NORMAL,0.0,0.07348884687504098,0.6,0,0.0,continue
2021-07-13,13,8,3,2,5,8,NORMAL,0.0,0.09014687015458422,0.65,0,0.2,continue
2021-07-14,0,0,0,0,0,0,NORMAL,-0.009898722574846263,0.07621399625389058,0.65,1,0.0,continue
2021-07-15,0,0,0,0,0,0,NORMAL,-0.03523351175874586,0.046510785414634936,0.6,2,0.0,continue
2021-07-16,15,5,8,2,9,6,WARNING,-0.03558436172440665,0.03883152512108401,0.55,3,0.2857,warn
2021-07-19,0,0,0,0,0,0,WARNING,-0.04421092747093026,0.01274787300614677,0.5,4,0.0,warn
2021-07-20,0,0,0,0,0,0,NORMAL,-0.04217082553602148,0.021658629192360612,0.5,0,0.0,continue
2021-07-21,15,5,7,3,7,8,WARNING,-0.02393869352041215,0.04155199371746532,0.55,0,0.375,warn
2021-07-22,0,0,0,0,0,0,NORMAL,-0.024888450820161136,0.04753767937028863,0.55,1,0.0,continue
2021-07-23,0,0,0,0,0,0,NORMAL,-0.041565491352314424,0.009154062632135807,0.55,2,0.0,continue
2021-07-26,12,7,4,1,5,7,WARNING,-0.05160957383264204,0.011993947979805242,0.5,3,0.125,warn
2021-07-27,0,0,0,0,0,0,WARNING,-0.05636153147429097,0.0025130503870418597,0.5,4,0.0,warn
2021-07-28,0,0,0,0,0,0,HALTED,-0.09446545608497714,-0.03434581168675788,0.45,5,0.0,halt
2021-07-29,14,7,2,5,2,12,HALTED,-0.08131077838916004,-0.02423981039475842,0.5,0,0.4167,halt
2021-07-30,0,0,0,0,0,0,WARNING,-0.06625947711912576,-0.03102430253184052,0.5,0,0.0,warn
2021-08-02,0,0,0,0,0,0,WARNING,-0.05303792530470139,-0.025174035428501496,0.5,0,0.0,warn
2021-08-03,14,6,5,3,6,8,WARNING,-0.04590319731117521,-0.02341107706191825,0.5,0,0.3333,warn
2021-08-04,0,0,0,0,0,0,WARNING,-0.04288162664747741,-0.01186016008428914,0.5,0,0.0,warn
2021-08-05,0,0,0,0,0,0,WARNING,-0.04441540276538045,-0.018085692956845367,0.5,1,0.0,warn
2021-08-06,11,5,3,3,4,7,WARNING,-0.04840385490050881,-0.04110032592899615,0.45,2,0.375,warn
2021-08-09,0,0,0,0,0,0,WARNING,-0.03247731818896963,-0.032477318188969595,0.45,0,0.0,warn
2021-08-10,0,0,0,0,0,0,WARNING,-0.01918652975447452,-0.009380663767833974,0.45,0,0.0,warn
2021-08-11,7,4,3,0,4,3,NORMAL,-0.011750463906495477,0.024340654592034383,0.5,0,0.0,continue
2021-08-12,0,0,0,0,0,0,NORMAL,-0.012202351770315945,0.024244743683230263,0.5,1,0.0,continue
2021-08-13,0,0,0,0,0,0,NORMAL,-0.009557618588377203,0.03625623045768722,0.55,0,0.0,continue
2021-08-16,10,4,4,2,5,5,WARNING,-0.006415343655276628,0.0373297064173832,0.6,0,0.3333,warn
2021-08-17,0,0,0,0,0,0,WARNING,-0.027082210484483386,-0.0032206142618327327,0.55,1,0.0,warn
2021-08-18,0,0,0,0,0,0,NORMAL,-0.0071891025238534296,0.018151101082942267,0.55,0,0.0,continue
2021-08-19,14,6,5,3,5,9,WARNING,-0.014808888535975957,0.02791698605895454,0.55,1,0.3333,warn
2021-08-20,0,0,0,0,0,0,NORMAL,-0.017085769141050318,0.036402523411280585,0.55,2,0.0,continue
2021-08-23,0,0,0,0,0,0,NORMAL,0.0,0.07120116910796237,0.6,0,0.0,continue
2021-08-24,9,2,3,4,3,6,HALTED,0.0,0.1265036330263456,0.65,0,0.6667,halt
2021-08-25,0,0,0,0,0,0,NORMAL,0.0,0.12416095787703774,0.7,0,0.0,continue
2021-08-26,0,0,0,0,0,0,NORMAL,0.0,0.11295367374223897,0.7,0,0.0,continue
2021-08-27,12,7,4,1,5,7,NORMAL,-0.006750153914814019,0.09000681839773672,0.65,1,0.125,continue
2021-08-30,0,0,0,0,0,0,NORMAL,-0.008096879929783895,0.08038889157647922,0.6,2,0.0,continue
2021-08-31,0,0,0,0,0,0,NORMAL,-0.00021029370843273474,0.0855411774300574,0.6,0,0.0,continue
2021-09-01,14,6,5,3,5,9,WARNING,0.0,0.08815492939837277,0.6,0,0.3333,warn
2021-09-02,0,0,0,0,0,0,NORMAL,0.0,0.09426810876644343,0.65,0,0.0,continue
2021-09-03,0,0,0,0,0,0,NORMAL,-0.0004892886939218943,0.0757285969765289,0.65,1,0.0,continue
2021-09-06,14,6,5,3,5,9,WARNING,0.0,0.06706875130165657,0.65,0,0.3333,warn
2021-09-07,0,0,0,0,0,0,NORMAL,0.0,0.07008125889710026,0.65,0,0.0,continue
2021-09-08,0,0,0,0,0,0,NORMAL,0.0,0.09925710551749511,0.65,0,0.0,continue
2021-09-09,17,5,5,7,6,11,HALTED,-0.008175922619742548,0.08735836705423394,0.65,1,0.5833,halt
2021-09-10,0,0,0,0,0,0,NORMAL,-0.026538199939894404,0.06385222713966066,0.6,2,0.0,continue
2021-09-13,0,0,0,0,0,0,NORMAL,-0.018033873648636796,0.09594215372662851,0.6,0,0.0,continue
2021-09-14,14,5,4,5,4,10,HALTED,-0.03115236643903722,0.059634809702025615,0.6,1,0.5,halt
2021-09-15,0,0,0,0,0,0,NORMAL,-0.021937886069314363,0.07798624900805673,0.6,0,0.0,continue
2021-09-16,0,0,0,0,0,0,NORMAL,-0.019829327146825355,0.08281272420869334,0.65,0,0.0,continue
2021-09-17,16,8,5,3,5,11,WARNING,-0.03989553132163278,0.031357153903743606,0.65,1,0.2727,warn
2021-09-22,0,0,0,0,0,0,NORMAL,-0.04429615025474061,0.017309232487000337,0.6,2,0.0,continue
2021-09-23,0,0,0,0,0,0,NORMAL,-0.030461044342268873,0.019378368867086992,0.6,0,0.0,continue
2021-09-24,12,5,6,1,6,6,WARNING,-0.05715833047750642,-0.014849134289628863,0.55,1,0.1667,warn
2021-09-27,0,0,0,0,0,0,WARNING,-0.09460910162574032,-0.04755130075769587,0.5,2,0.0,warn
2021-09-28,0,0,0,0,0,0,WARNING,-0.09684421302280162,-0.04861261673277584,0.5,3,0.0,warn
2021-09-29,10,4,3,3,3,7,HALTED,-0.11385264657218767,-0.07389280377026675,0.5,4,0.4286,halt
2021-09-30,0,0,0,0,0,0,HALTED,-0.09354486832563044,-0.053427884484062216,0.5,0,0.0,halt
2021-10-08,0,0,0,0,0,0,WARNING,-0.053599553207461945,-0.013116723401314867,0.5,0,0.0,warn
2021-10-11,11,3,3,5,4,7,HALTED,-0.05426454752211646,-0.013327395484736049,0.45,1,0.625,halt
2021-10-12,0,0,0,0,0,0,WARNING,-0.06373700024385205,-0.028626376475147097,0.45,2,0.0,warn
2021-10-13,0,0,0,0,0,0,WARNING,-0.0618396866058414,-0.03670135486531656,0.45,0,0.0,warn
2021-10-14,13,4,4,5,4,9,HALTED,-0.0623342390742612,-0.062334239074261166,0.4,1,0.5556,halt
2021-10-15,0,0,0,0,0,0,HALTED,-0.07149469127214743,-0.06384072548394992,0.35,2,0.0,halt
2021-10-18,0,0,0,0,0,0,WARNING,-0.06452164992321448,-0.039018942480305685,0.4,0,0.0,warn
2021-10-19,13,4,3,6,3,10,HALTED,-0.06634646359550384,-0.049199853895550816,0.4,1,0.6,halt
2021-10-20,0,0,0,0,0,0,HALTED,-0.08095207938200608,-0.0514009749499329,0.35,2,0.0,halt
2021-10-21,0,0,0,0,0,0,HALTED,-0.09432234832056818,-0.07400804225035507,0.35,3,0.0,halt
2021-10-22,12,3,3,6,3,9,HALTED,-0.10596294184330184,-0.08787613941330286,0.3,4,0.6667,halt
2021-10-25,0,0,0,0,0,0,HALTED,-0.10878700898741107,-0.07175414750502196,0.25,5,0.0,halt
2021-10-26,0,0,0,0,0,0,HALTED,-0.11710394026824433,-0.0761823759869864,0.25,6,0.0,halt
2021-10-27,12,3,3,6,4,8,HALTED,-0.13966996954509825,-0.11264005903583574,0.25,7,0.6667,halt
2021-10-28,0,0,0,0,0,0,HALTED,-0.1487072764504199,-0.09709896044293298,0.2,8,0.0,halt
2021-10-29,0,0,0,0,0,0,HALTED,-0.10682960239359007,-0.01349748577083465,0.25,0,0.0,halt
2021-11-01,17,4,2,11,4,13,HALTED,-0.0901077907294987,0.007458760039449341,0.3,0,0.7333,halt
2021-11-02,1,0,1,0,1,0,HALTED,-0.10230788734452514,0.013028035555266104,0.3,1,0.0,halt
2021-11-03,0,0,0,0,0,0,WARNING,-0.08716296332023026,0.00704050844040327,0.35,0,0.0,warn
2021-11-04,14,7,4,3,4,10,WARNING,-0.08152831173795669,-0.02951050860674098,0.35,0,0.3,warn
2021-11-05,0,0,0,0,0,0,HALTED,-0.08206956693689661,-0.029400419897476993,0.3,1,0.0,halt
2021-11-08,0,0,0,0,0,0,WARNING,-0.07346983954942297,-0.010395411661152765,0.35,0,0.0,warn
2021-11-09,12,4,7,1,8,4,WARNING,-0.06753555551398789,-0.006071317265105236,0.4,0,0.2,warn
2021-11-10,0,0,0,0,0,0,WARNING,-0.060876461650051575,0.0015546876989198655,0.4,0,0.0,warn
2021-11-11,0,0,0,0,0,0,WARNING,-0.05027282450175447,0.022855945540547484,0.45,0,0.0,warn
2021-11-12,12,7,4,1,6,6,NORMAL,-0.042632335667121546,0.023399060228701307,0.5,0,0.125,continue
2021-11-15,0,0,0,0,0,0,NORMAL,-0.02658207470934799,0.0425900907945882,0.5,0,0.0,continue
2021-11-16,0,0,0,0,0,0,NORMAL,-0.03262106144788011,0.05258813697290865,0.5,1,0.0,continue
2021-11-17,13,1,4,8,4,9,HALTED,-0.012056303799495153,0.09083369162143295,0.55,0,0.8889,halt
2021-11-18,0,0,0,0,0,0,NORMAL,-0.02541099704887902,0.09009911173089691,0.55,1,0.0,continue
2021-11-19,0,0,0,0,0,0,NORMAL,-0.012526981656846693,0.10801012586362169,0.6,0,0.0,continue
2021-11-22,13,7,5,1,8,5,NORMAL,-0.011257777154555474,0.11988519140729581,0.65,0,0.125,continue
2021-11-23,0,0,0,0,0,0,NORMAL,-0.009021205536633844,0.1518588906391929,0.7,0,0.0,continue
2021-11-24,0,0,0,0,0,0,NORMAL,0.0,0.1754262666069093,0.75,0,0.0,continue
2021-11-25,15,7,6,2,6,9,NORMAL,0.0,0.12123687138456174,0.8,0,0.2222,continue
2021-11-26,0,0,0,0,0,0,NORMAL,-0.009381891641703208,0.09030501015551451,0.75,1,0.0,continue
2021-11-29,0,0,0,0,0,0,NORMAL,-0.02123428813833971,0.09190040996937876,0.7,2,0.0,continue
2021-11-30,12,4,3,5,4,8,HALTED,-0.006637453825666502,0.08979853694195006,0.75,0,0.5556,halt
2021-12-01,0,0,0,0,0,0,NORMAL,0.0,0.10259999715737034,0.75,0,0.0,continue
2021-12-02,0,0,0,0,0,0,NORMAL,-0.011421280583893545,0.09064961283663031,0.7,1,0.0,continue
2021-12-03,13,5,5,3,5,8,WARNING,-0.005557424122922129,0.08693584106093977,0.75,0,0.375,warn
2021-12-06,0,0,0,0,0,0,NORMAL,-0.03147747801379454,0.05186790562357202,0.7,1,0.0,continue
2021-12-07,0,0,0,0,0,0,NORMAL,-0.032561785929346616,0.043240102281209,0.65,2,0.0,continue
2021-12-08,16,9,4,3,5,11,NORMAL,-0.028246697026743595,0.03619363730413494,0.65,0,0.25,continue
2021-12-09,0,0,0,0,0,0,NORMAL,-0.0196063586411586,0.03706384031056342,0.65,0,0.0,continue
2021-12-10,0,0,0,0,0,0,NORMAL,0.0,0.04272261441385039,0.65,0,0.0,continue
2021-12-13,15,4,5,6,6,9,HALTED,0.0,0.05399453994718062,0.65,0,0.6,halt
2021-12-14,1,0,1,0,1,0,NORMAL,0.0,0.03438168697884447,0.7,0,0.0,continue
2021-12-15,0,0,0,0,0,0,NORMAL,0.0,0.049740364377610646,0.7,0,0.0,continue
2021-12-16,14,6,5,3,6,8,WARNING,0.0,0.05672381810991989,0.75,0,0.3333,warn
2021-12-17,0,0,0,0,0,0,NORMAL,0.0,0.06321728206605126,0.75,0,0.0,continue
2021-12-20,0,0,0,0,0,0,NORMAL,0.0,0.06169048440344427,0.75,0,0.0,continue
2021-12-21,13,6,4,3,7,6,WARNING,0.0,0.08076461674694957,0.75,0,0.3333,warn
2021-12-22,0,0,0,0,0,0,NORMAL,-0.009207782188143514,0.06993236658812041,0.7,1,0.0,continue
2021-12-23,0,0,0,0,0,0,NORMAL,-0.023506444439347508,0.06447841084203332,0.65,2,0.0,continue
2021-12-24,15,8,6,1,7,8,WARNING,-0.031750830122656865,0.06827268866609981,0.65,3,0.1111,warn
2021-12-27,1,0,1,0,1,0,NORMAL,-0.021504199645241532,0.06371411843211217,0.7,0,0.0,continue
2021-12-28,0,0,0,0,0,0,NORMAL,-0.007354964693209889,0.06002386890475053,0.7,0,0.0,continue
2021-12-29,14,5,7,2,8,6,WARNING,-0.0033793523806452497,0.07656509008651025,0.7,0,0.2857,warn
2021-12-30,0,0,0,0,0,0,NORMAL,-0.004355580729754805,0.06916866902888152,0.7,1,0.0,continue
2021-12-31,0,0,0,0,0,0,NORMAL,-0.004199852279412755,0.09795396610196772,0.7,0,0.0,continue
2022-01-04,14,1,13,0,13,1,NORMAL,0.0,0.10440708739352722,0.75,0,0.0,continue
2022-01-05,0,0,0,0,0,0,NORMAL,-4.7458452115728595e-05,0.09945076614683046,0.75,1,0.0,continue
2022-01-06,0,0,0,0,0,0,NORMAL,0.0,0.08991632412523098,0.75,0,0.0,continue
2022-01-07,0,0,0,0,0,0,NORMAL,0.0,0.06633017745237835,0.75,0,0.0,continue
2022-01-10,0,0,0,0,0,0,NORMAL,0.0,0.06158234989946498,0.75,0,0.0,continue
2022-01-11,0,0,0,0,0,0,NORMAL,0.0,0.05932501285723246,0.75,0,0.0,continue
2022-01-12,0,0,0,0,0,0,NORMAL,0.0,0.058169699975676226,0.75,0,0.0,continue
2022-01-13,0,0,0,0,0,0,NORMAL,0.0,0.03752055775956453,0.75,0,0.0,continue
2022-01-14,0,0,0,0,0,0,NORMAL,0.0,0.030016660928868122,0.75,0,0.0,continue
2022-01-17,0,0,0,0,0,0,NORMAL,0.0,0.029277265270202912,0.75,0,0.0,continue
2022-01-18,0,0,0,0,0,0,NORMAL,0.0,0.0014241636833116633,0.75,0,0.0,continue
2022-01-19,0,0,0,0,0,0,NORMAL,-8.53490637605043e-05,0.010644487377938106,0.7,1,0.0,continue
2022-01-20,0,0,0,0,0,0,NORMAL,-0.00013276521029414104,0.02539459036033942,0.7,2,0.0,continue
2022-01-21,0,0,0,0,0,0,NORMAL,0.0,0.03439037429269809,0.75,0,0.0,continue
2022-01-24,0,0,0,0,0,0,NORMAL,0.0,0.02356813142159342,0.8,0,0.0,continue
2022-01-25,0,0,0,0,0,0,NORMAL,0.0,0.009102488703951916,0.8,0,0.0,continue
2022-01-26,0,0,0,0,0,0,NORMAL,0.0,0.005172374534320845,0.8,0,0.0,continue
2022-01-27,0,0,0,0,0,0,NORMAL,0.0,0.006348710628456322,0.8,0,0.0,continue
2022-01-28,0,0,0,0,0,0,NORMAL,0.0,0.006792150187472146,0.85,0,0.0,continue
2022-02-07,11,10,1,0,3,8,NORMAL,-0.0005320284469608796,0.0014981126358388774,0.8,1,0.0,continue
2022-02-08,0,0,0,0,0,0,NORMAL,0.0,0.007755573970708696,0.8,0,0.0,continue
2022-02-09,0,0,0,0,0,0,NORMAL,0.0,0.008567034393681228,0.85,0,0.0,continue
2022-02-10,12,10,2,0,2,10,NORMAL,-0.0010653920589749537,0.007301313387977348,0.8,1,0.0,continue
2022-02-11,0,0,0,0,0,0,WARNING,-0.009034157886377486,-0.000800565606877246,0.75,2,0.0,warn
2022-02-14,0,0,0,0,0,0,NORMAL,0.0,0.011454506998120673,0.75,0,0.0,continue
2022-02-15,11,10,1,0,1,10,NORMAL,0.0,0.016235550510081742,0.75,0,0.0,continue
2022-02-16,0,0,0,0,0,0,NORMAL,0.0,0.039451934073607475,0.75,0,0.0,continue
2022-02-17,0,0,0,0,0,0,NORMAL,0.0,0.04702007034817646,0.75,0,0.0,continue
2022-02-18,12,10,2,0,2,10,NORMAL,0.0,0.05277228993709948,0.75,0,0.0,continue
2022-02-21,1,0,1,0,1,0,NORMAL,0.0,0.06641357620545763,0.75,0,0.0,continue
2022-02-22,1,0,1,0,1,0,NORMAL,-0.010555893602214412,0.05524669227629797,0.7,1,0.0,continue
2022-02-23,14,9,1,4,1,13,WARNING,-0.0019274054135460352,0.06449949340470029,0.75,0,0.3077,warn
2022-02-24,1,0,0,1,0,1,HALTED,-0.0245935160670024,0.04005849631321112,0.75,1,1.0,halt
2022-02-25,0,0,0,0,0,0,NORMAL,-0.0007178381393149913,0.06550660166013489,0.75,0,0.0,continue
2022-02-28,15,5,5,5,7,8,HALTED,-0.01478062128921511,0.05038237354137043,0.7,1,0.5,halt
2022-03-01,0,0,0,0,0,0,NORMAL,0.0,0.08056053022076926,0.7,0,0.0,continue
2022-03-02,0,0,0,0,0,0,NORMAL,0.0,0.10768947642345195,0.7,0,0.0,continue
2022-03-03,17,6,2,9,4,13,HALTED,0.0,0.11738527775783902,0.7,0,0.6,halt
2022-03-04,1,0,0,1,0,1,HALTED,-0.01964170489677088,0.09602104024800262,0.65,1,1.0,halt
2022-03-07,0,0,0,0,0,0,NORMAL,-0.03786918132772942,0.06901482300120643,0.65,2,0.0,continue
2022-03-08,12,4,5,3,5,7,HALTED,-0.07050062691301502,0.031780488847926947,0.6,3,0.4286,halt
2022-03-09,0,0,0,0,0,0,WARNING,-0.08740869246848293,0.014092283729055355,0.55,4,0.0,warn
2022-03-10,0,0,0,0,0,0,NORMAL,-0.07058901619212829,0.041087724181002594,0.6,0,0.0,continue
2022-03-11,13,6,3,4,5,8,WARNING,-0.05616722856267068,0.04430374842852025,0.65,0,0.4,warn
2022-03-14,0,0,0,0,0,0,NORMAL,-0.07751203416017427,0.01584625358680447,0.6,1,0.0,continue
2022-03-15,0,0,0,0,0,0,HALTED,-0.11793887980988116,-0.05042077265473932,0.55,2,0.0,halt
2022-03-16,13,5,4,4,4,9,HALTED,-0.07474458591961032,-0.011270132462345317,0.55,0,0.4444,halt
2022-03-17,1,0,1,0,1,0,WARNING,-0.0715858624465788,-0.013418389777259176,0.55,0,0.0,warn
2022-03-18,0,0,0,0,0,0,NORMAL,-0.04185130718342392,0.00508810163507456,0.55,0,0.0,continue
2022-03-21,21,5,4,12,7,14,HALTED,-0.025367341424530718,0.03328687813644082,0.55,0,0.7059,halt
2022-03-22,0,0,0,0,0,0,NORMAL,-0.024106990658265576,0.025678605247997366,0.6,0,0.0,continue
2022-03-23,0,0,0,0,0,0,NORMAL,-0.030283392421030647,0.04287057932065386,0.55,1,0.0,continue
2022-03-24,13,7,5,1,6,7,NORMAL,-0.044703311822543404,0.0028162379109848423,0.55,2,0.125,continue
2022-03-25,0,0,0,0,0,0,NORMAL,-0.02358992542853656,0.03961018731458066,0.55,0,0.0,continue
2022-03-28,1,0,1,0,1,0,NORMAL,-0.025905604010468996,0.00808342071853585,0.55,1,0.0,continue
2022-03-29,14,7,6,1,8,6,WARNING,-0.03766689844478402,-0.028663768272710888,0.5,2,0.125,warn
2022-03-30,0,0,0,0,0,0,WARNING,-0.040112870859518535,-0.040112870859518535,0.45,3,0.0,warn
2022-03-31,0,0,0,0,0,0,WARNING,-0.027944881281225235,-0.00846953244127957,0.45,0,0.0,warn
2022-04-01,14,1,13,0,13,1,WARNING,-0.032953761109266545,0.005108889688458573,0.45,1,0.0,warn
2022-04-06,0,0,0,0,0,0,NORMAL,-0.032816355957190464,0.04054254585527084,0.5,0,0.0,continue
2022-04-07,0,0,0,0,0,0,NORMAL,-0.032706431835529556,0.05994168493771701,0.55,0,0.0,continue
2022-04-08,0,0,0,0,0,0,NORMAL,-0.032578187026925325,0.040897761945387856,0.6,0,0.0,continue
2022-04-11,0,0,0,0,0,0,NORMAL,-0.032514064622623115,0.025060757218704044,0.6,0,0.0,continue
2022-04-12,0,0,0,0,0,0,NORMAL,-0.03255986633998162,0.04872927288462625,0.55,1,0.0,continue
2022-04-13,0,0,0,0,0,0,NORMAL,-0.032514064622623115,0.0968468207382791,0.6,0,0.0,continue
2022-04-14,0,0,0,0,0,0,NORMAL,-0.03244994221832072,0.04571131717540533,0.65,0,0.0,continue
2022-04-15,0,0,0,0,0,0,NORMAL,-0.03228505603582945,0.04233111584698146,0.65,0,0.0,continue
2022-04-18,0,0,0,0,0,0,NORMAL,-0.032294216379301306,0.00997453826924155,0.6,1,0.0,continue
2022-04-19,0,0,0,0,0,0,WARNING,-0.03219345260111225,-0.0070037784148938576,0.6,0,0.0,warn
2022-04-20,0,0,0,0,0,0,WARNING,-0.03220261294458392,-0.008295604342712815,0.55,1,0.0,warn
2022-04-21,0,0,0,0,0,0,WARNING,-0.03216597157069688,-0.0019413704323022474,0.55,0,0.0,warn
2022-04-22,0,0,0,0,0,0,NORMAL,-0.03211100950986652,0.013181561779200601,0.6,0,0.0,continue
2022-04-25,0,0,0,0,0,0,WARNING,-0.03207436813597949,-0.008689425609589962,0.65,0,0.0,warn
2022-04-26,0,0,0,0,0,0,WARNING,-0.03198276470126229,-0.00623878005644396,0.65,0,0.0,warn
2022-04-27,0,0,0,0,0,0,NORMAL,-0.03191864229696008,0.0059732499469613565,0.7,0,0.0,continue
2022-04-28,0,0,0,0,0,0,NORMAL,-0.03169879405363827,0.008765693955511855,0.75,0,0.0,continue
2022-04-29,0,0,0,0,0,0,WARNING,-0.03143314409295795,-0.00358854425490851,0.8,0,0.0,warn
2022-05-05,11,10,1,0,1,10,NORMAL,-0.02714473733205224,0.006006976237121542,0.8,0,0.0,continue
2022-05-06,1,0,1,0,1,0,NORMAL,-0.030687797479140726,0.0022007800598782268,0.8,1,0.0,continue
2022-05-09,0,0,0,0,0,0,NORMAL,-0.026613855250919964,0.006298580684425348,0.8,0,0.0,continue
2022-05-10,13,10,3,0,3,10,NORMAL,-0.01834562879096561,0.014711843422488435,0.8,0,0.0,continue
2022-05-11,0,0,0,0,0,0,NORMAL,-0.021210244973136623,0.011683704368350645,0.75,1,0.0,continue
2022-05-12,0,0,0,0,0,0,NORMAL,-0.0174617359998329,0.015606268351747499,0.75,0,0.0,continue
2022-05-13,12,10,2,0,2,10,NORMAL,-0.011912295464596283,0.02129412780557982,0.8,0,0.0,continue
2022-05-16,0,0,0,0,0,0,NORMAL,-0.0030030578994290798,0.030434481484508558,0.8,0,0.0,continue
2022-05-17,0,0,0,0,0,0,NORMAL,-0.009247358699331161,0.023806284567773783,0.75,1,0.0,continue
2022-05-18,14,12,2,0,2,12,NORMAL,0.0,0.045287798749060304,0.75,0,0.0,continue
2022-05-19,2,0,2,0,2,0,NORMAL,0.0,0.05585652289773346,0.8,0,0.0,continue
2022-05-20,0,0,0,0,0,0,NORMAL,0.0,0.058964276326681775,0.8,0,0.0,continue
2022-05-23,17,8,0,9,0,17,HALTED,0.0,0.08439819561795514,0.85,0,0.5294,halt
2022-05-24,0,0,0,0,0,0,NORMAL,-0.03509672387753072,0.04627995466806856,0.8,1,0.0,continue
2022-05-25,0,0,0,0,0,0,NORMAL,-0.006192391067319694,0.07758118714785045,0.8,0,0.0,continue
2022-05-26,21,7,4,10,5,16,HALTED,-0.003027231682845241,0.08091085921030139,0.8,0,0.5882,halt
2022-05-27,0,0,0,0,0,0,NORMAL,0.0,0.0883473215167514,0.8,0,0.0,continue
2022-05-30,0,0,0,0,0,0,NORMAL,0.0,0.09201500621758507,0.8,0,0.0,continue
2022-05-31,15,8,6,1,7,8,NORMAL,-0.009073003063347315,0.08181035993125274,0.75,1,0.1111,continue
2022-06-01,0,0,0,0,0,0,NORMAL,0.0,0.09177720009171297,0.75,0,0.0,continue
2022-06-02,0,0,0,0,0,0,NORMAL,0.0,0.09868548767119889,0.75,0,0.0,continue
2022-06-06,16,7,6,3,8,8,WARNING,0.0,0.11669238257517023,0.8,0,0.3,warn
2022-06-07,0,0,0,0,0,0,NORMAL,-0.009981281327363449,0.09623462439068131,0.75,1,0.0,continue
2022-06-08,0,0,0,0,0,0,NORMAL,-0.01962066200194171,0.08873816867298712,0.7,2,0.0,continue
2022-06-09,18,9,4,5,5,13,WARNING,-0.03313130799542948,0.06963779218255883,0.7,3,0.3571,warn
2022-06-10,0,0,0,0,0,0,NORMAL,-0.02286319974205381,0.07492605150342646,0.7,0,0.0,continue
2022-06-13,0,0,0,0,0,0,NORMAL,-0.016840203918124488,0.07188698665403215,0.7,0,0.0,continue
2022-06-14,16,9,6,1,6,10,NORMAL,-0.02468112432325705,0.07004022582468927,0.65,1,0.1,continue
2022-06-15,0,0,0,0,0,0,NORMAL,-0.025054812496193072,0.04765839150271978,0.65,2,0.0,continue
2022-06-16,0,0,0,0,0,0,NORMAL,-0.010218541899279968,0.05284530415500588,0.65,0,0.0,continue
2022-06-17,19,9,9,1,11,8,NORMAL,-0.02315020778300651,0.03605007719239528,0.6,1,0.1,continue
2022-06-20,0,0,0,0,0,0,NORMAL,-0.01680822789058662,0.018280144384387187,0.6,0,0.0,continue
2022-06-21,0,0,0,0,0,0,NORMAL,-0.011826827785088449,0.06066519531999326,0.6,0,0.0,continue
2022-06-22,14,6,5,3,5,9,WARNING,-0.022082017738123683,0.01912898756059045,0.6,1,0.3333,warn
2022-06-23,0,0,0,0,0,0,NORMAL,-0.013245826380845108,0.025072814593519288,0.6,0,0.0,continue
2022-06-24,0,0,0,0,0,0,NORMAL,-0.007406163231274113,0.024025846160102393,0.6,0,0.0,continue
2022-06-27,14,5,3,6,3,11,HALTED,-0.005721465321735604,0.022086608855733658,0.6,0,0.5455,halt
2022-06-28,0,0,0,0,0,0,NORMAL,0.0,0.054886448921454,0.6,0,0.0,continue
2022-06-29,0,0,0,0,0,0,NORMAL,-0.014564613419905096,0.025492181302710915,0.6,1,0.0,continue
2022-06-30,16,6,5,5,5,11,HALTED,-0.012849711883710807,0.024548829777225833,0.6,0,0.4545,halt
2022-07-01,0,0,0,0,0,0,WARNING,-0.018167182489909905,-0.0015983652225426415,0.55,1,0.0,warn
2022-07-04,0,0,0,0,0,0,NORMAL,-0.017165772173409904,0.009496007943399665,0.55,0,0.0,continue
2022-07-05,15,7,5,3,9,6,WARNING,-0.0206456094127918,0.015812293079569217,0.55,1,0.3,warn
2022-07-06,0,0,0,0,0,0,NORMAL,-0.02439644536776948,0.026062027685528344,0.55,2,0.0,continue
2022-07-07,0,0,0,0,0,0,NORMAL,-0.02376724708905387,0.015934582149014664,0.6,0,0.0,continue
2022-07-08,15,4,8,3,9,6,HALTED,-0.014381306261062713,0.0194186165461554,0.6,0,0.4286,halt
2022-07-11,0,0,0,0,0,0,NORMAL,-0.02217086091899194,0.019492616710462984,0.55,1,0.0,continue
2022-07-12,0,0,0,0,0,0,NORMAL,-0.03266985750040247,0.008932844631529324,0.55,2,0.0,continue
2022-07-13,14,5,4,5,5,9,HALTED,-0.01667687311573337,0.01024027630372859,0.6,0,0.5,halt
2022-07-14,0,0,0,0,0,0,NORMAL,-0.019279449473678927,0.020904755054427016,0.55,1,0.0,continue
2022-07-15,0,0,0,0,0,0,WARNING,-0.04942026430289728,-0.016853911654058362,0.55,2,0.0,warn
2022-07-18,14,7,4,3,6,8,WARNING,-0.012466460705704195,0.01621718412622708,0.55,0,0.3,warn
2022-07-19,0,0,0,0,0,0,NORMAL,0.0,0.04046273702451053,0.55,0,0.0,continue
2022-07-20,0,0,0,0,0,0,NORMAL,0.0,0.03456966830916253,0.6,0,0.0,continue
2022-07-21,17,2,5,10,5,12,HALTED,-0.0017621171086022727,0.026670743882697634,0.55,1,0.8333,halt
2022-07-22,0,0,0,0,0,0,NORMAL,0.0,0.042664716668221025,0.55,0,0.0,continue
2022-07-25,1,0,1,0,1,0,NORMAL,0.0,0.022239996397103834,0.55,0,0.0,continue
2022-07-26,19,5,4,10,6,13,HALTED,0.0,0.04359309279697987,0.55,0,0.6667,halt
2022-07-27,0,0,0,0,0,0,NORMAL,0.0,0.04582687345328096,0.6,0,0.0,continue
2022-07-28,0,0,0,0,0,0,NORMAL,-0.002129057314015162,0.04925224255781324,0.55,1,0.0,continue
2022-07-29,18,4,3,11,4,14,HALTED,-0.00018980896278895002,0.05022018329521272,0.6,0,0.7333,halt
2022-08-01,0,0,0,0,0,0,NORMAL,0.0,0.06085968211291792,0.6,0,0.0,continue
2022-08-02,0,0,0,0,0,0,NORMAL,-0.0410716583848414,0.02119951453100377,0.6,1,0.0,continue
2022-08-03,20,10,3,7,7,13,HALTED,-0.03216401178456933,0.030021314475170424,0.65,0,0.4118,halt
2022-08-04,1,0,1,0,1,0,NORMAL,-0.0117548769117612,0.04172615174534422,0.65,0,0.0,continue
2022-08-05,0,0,0,0,0,0,NORMAL,-0.010209901031804988,0.05166628016051367,0.65,0,0.0,continue
2022-08-08,12,5,5,2,7,5,WARNING,0.0,0.09280271028405607,0.7,0,0.2857,warn
2022-08-09,1,0,1,0,1,0,NORMAL,0.0,0.08580738587859904,0.75,0,0.0,continue
2022-08-10,1,1,0,0,1,0,NORMAL,0.0,0.10838469328246036,0.75,0,0.0,continue
2022-08-11,14,6,2,6,3,11,HALTED,0.0,0.15805917144685067,0.8,0,0.5,halt
2022-08-12,0,0,0,0,0,0,NORMAL,0.0,0.12920255337030895,0.85,0,0.0,continue
2022-08-15,1,0,1,0,1,0,NORMAL,-0.004228054203137268,0.10974288304793434,0.8,1,0.0,continue
2022-08-16,16,6,1,9,1,15,HALTED,0.0,0.12737476782062673,0.8,0,0.6,halt
2022-08-17,0,0,0,0,0,0,NORMAL,-0.005021333408775908,0.12369392352222897,0.75,1,0.0,continue
2022-08-18,1,0,1,0,1,0,NORMAL,-0.00414668039744696,0.10555323152399332,0.8,0,0.0,continue
2022-08-19,14,10,1,3,4,10,NORMAL,-0.014541286965729332,0.09107561397280173,0.75,1,0.2308,continue
2022-08-22,0,0,0,0,0,0,NORMAL,-0.010080056240989572,0.0894567881559043,0.75,0,0.0,continue
2022-08-23,0,0,0,0,0,0,NORMAL,-0.00716585225306296,0.0884360482604869,0.75,0,0.0,continue
2022-08-24,19,3,5,11,6,13,HALTED,-0.03271924614983275,0.06268458554187406,0.7,1,0.7857,halt
2022-08-25,0,0,0,0,0,0,NORMAL,-0.033839772677700934,0.05939472759487874,0.7,2,0.0,continue
2022-08-26,0,0,0,0,0,0,WARNING,-0.040039120217809754,0.045743083281004626,0.65,3,0.0,warn
2022-08-29,17,4,3,10,6,11,HALTED,-0.025960399706104025,0.10652676917075521,0.65,0,0.7143,halt
2022-08-30,0,0,0,0,0,0,NORMAL,-0.015904565336920622,0.10766113012474587,0.7,0,0.0,continue
2022-08-31,0,0,0,0,0,0,NORMAL,-0.034283576976448536,0.06452631830264388,0.65,1,0.0,continue
2022-09-01,17,10,3,4,4,13,WARNING,-0.026908932316880046,0.07098119817096671,0.65,0,0.2857,warn
2022-09-02,0,0,0,0,0,0,NORMAL,-0.012751566194356249,0.057010384278206816,0.65,0,0.0,continue
2022-09-05,0,0,0,0,0,0,NORMAL,-0.0035320319336763634,0.05629100722546476,0.65,0,0.0,continue
2022-09-06,15,5,6,4,8,7,HALTED,-0.004916465100623116,0.03607937793792226,0.6,1,0.4444,halt
2022-09-07,0,0,0,0,0,0,NORMAL,-0.007615813185097789,0.020304537134204104,0.55,2,0.0,continue
2022-09-08,0,0,0,0,0,0,WARNING,-0.015663435350566718,-0.0009454620771880418,0.5,3,0.0,warn
2022-09-09,14,5,6,3,7,7,WARNING,-0.026460008730985942,-0.007708003372788541,0.45,4,0.375,warn
2022-09-13,0,0,0,0,0,0,WARNING,-0.007174362987654105,-0.007174362987654059,0.5,0,0.0,warn
2022-09-14,0,0,0,0,0,0,WARNING,-0.010394632261066067,-0.005400416142286701,0.45,1,0.0,warn
2022-09-15,11,5,4,2,5,6,WARNING,-0.026378675012676222,-0.022324567461503353,0.45,2,0.2857,warn
2022-09-16,0,0,0,0,0,0,WARNING,-0.05996235486913268,-0.04609129464546502,0.4,3,0.0,warn
2022-09-19,0,0,0,0,0,0,HALTED,-0.07104493710578372,-0.0615856678604666,0.4,4,0.0,halt
2022-09-20,15,6,5,4,5,10,HALTED,-0.05915431039947176,-0.05236368860235874,0.4,0,0.4,halt
2022-09-21,0,0,0,0,0,0,WARNING,-0.04766321290244573,-0.015449461485850913,0.4,0,0.0,warn
2022-09-22,0,0,0,0,0,0,WARNING,-0.052731756801217805,-0.019553676076975113,0.4,1,0.0,warn
2022-09-23,15,7,5,3,5,10,WARNING,-0.07242109719638821,-0.03373260063048167,0.4,2,0.3,warn
2022-09-26,0,0,0,0,0,0,HALTED,-0.09590976118856241,-0.07181367314157727,0.4,3,0.0,halt
2022-09-27,0,0,0,0,0,0,HALTED,-0.06862113449139066,-0.05356855371706748,0.4,0,0.0,halt
2022-09-28,17,3,4,10,4,13,HALTED,-0.08000165345909316,-0.04734109868351044,0.35,1,0.7692,halt
2022-09-29,0,0,0,0,0,0,HALTED,-0.08519223808030431,-0.05989501671430797,0.35,2,0.0,halt
2022-09-30,0,0,0,0,0,0,HALTED,-0.08992806043053196,-0.07817332658475429,0.3,3,0.0,halt
2022-10-10,19,10,4,5,8,11,HALTED,-0.10544034192316201,-0.10226952923257715,0.25,4,0.3333,halt
2022-10-11,0,0,0,0,0,0,HALTED,-0.10287652327255388,-0.09844405493236963,0.25,0,0.0,halt
2022-10-12,0,0,0,0,0,0,HALTED,-0.08436037640017996,-0.07733352086292,0.3,0,0.0,halt
2022-10-13,18,4,6,8,7,11,HALTED,-0.07057124888802825,-0.0557815441479782,0.35,0,0.6667,halt
2022-10-14,0,0,0,0,0,0,WARNING,-0.05984033662787927,-0.03428757749682365,0.4,0,0.0,warn
2022-10-17,0,0,0,0,0,0,WARNING,-0.03891741824508855,-0.03197243712698339,0.45,0,0.0,warn
2022-10-18,14,3,3,8,5,9,HALTED,-0.03513724861831197,-0.02500250823596306,0.45,0,0.7273,halt
2022-10-19,0,0,0,0,0,0,WARNING,-0.04174318446002042,-0.01578078566381469,0.45,1,0.0,warn
2022-10-20,0,0,0,0,0,0,WARNING,-0.042158122916313254,0.01893991378434734,0.45,2,0.0,warn
2022-10-21,20,10,5,5,5,15,WARNING,-0.031126984055768143,0.04297081166192118,0.5,0,0.3333,warn
2022-10-24,0,0,0,0,0,0,NORMAL,-0.05202934821162175,0.007572933868544629,0.5,1,0.0,continue
2022-10-25,0,0,0,0,0,0,WARNING,-0.06640317603657696,-0.0196778738236556,0.45,2,0.0,warn
2022-10-26,16,6,6,4,6,10,WARNING,-0.04396984634530285,0.009249661348645244,0.45,0,0.4,warn
2022-10-27,0,0,0,0,0,0,NORMAL,-0.03927802288711243,0.03573073321212972,0.5,0,0.0,continue
2022-10-28,0,0,0,0,0,0,NORMAL,-0.07480407718912543,0.023344665270563558,0.5,1,0.0,continue
2022-10-31,11,7,2,2,3,8,NORMAL,-0.06366888897790715,0.005317111754279624,0.55,0,0.2222,continue
2022-11-01,0,0,0,0,0,0,NORMAL,-0.043502301914442765,0.03967327950303812,0.55,0,0.0,continue
2022-11-02,0,0,0,0,0,0,NORMAL,-0.03507217843206612,0.05478753212922327,0.6,0,0.0,continue
2022-11-03,17,3,7,7,8,9,HALTED,-0.034920613489590774,0.060442965604415644,0.65,0,0.7,halt
2022-11-04,0,0,0,0,0,0,NORMAL,-0.02614235278846689,0.08864471857044531,0.7,0,0.0,continue
2022-11-07,0,0,0,0,0,0,NORMAL,-0.013407724561745922,0.09972852236257923,0.75,0,0.0,continue
2022-11-08,15,4,5,6,5,10,HALTED,-0.009825610969497984,0.08140185670171185,0.75,0,0.6,halt
2022-11-09,0,0,0,0,0,0,NORMAL,-0.0096958624119575,0.06549763648180584,0.75,0,0.0,continue
2022-11-10,0,0,0,0,0,0,NORMAL,-0.011338594767946549,0.051588835119738,0.7,1,0.0,continue
2022-11-11,15,4,3,8,3,12,HALTED,0.0,0.04747574334944793,0.7,0,0.6667,halt
2022-11-14,1,0,1,0,1,0,NORMAL,0.0,0.044690393532965444,0.7,0,0.0,continue
2022-11-15,0,0,0,0,0,0,NORMAL,0.0,0.05330919091298347,0.7,0,0.0,continue
2022-11-16,13,6,2,5,2,11,HALTED,0.0,0.05525287227290998,0.75,0,0.4545,halt
2022-11-17,0,0,0,0,0,0,NORMAL,0.0,0.04864962582698129,0.8,0,0.0,continue
2022-11-18,0,0,0,0,0,0,NORMAL,-0.001323825003446354,0.07035308161110754,0.75,1,0.0,continue
2022-11-21,19,3,4,12,5,14,HALTED,-0.003951276247750837,0.083973049290057,0.75,2,0.8,halt
2022-11-22,0,0,0,0,0,0,WARNING,-0.006813557863368492,0.055495676856867515,0.75,3,0.0,warn
2022-11-23,0,0,0,0,0,0,WARNING,-0.021274164938979847,0.03504824562560316,0.7,4,0.0,warn
2022-11-24,19,8,3,8,4,15,HALTED,-0.012156709030215406,0.08480483248067028,0.7,0,0.5,halt
2022-11-25,0,0,0,0,0,0,NORMAL,-0.019006902833865344,0.06447082916200464,0.7,1,0.0,continue
2022-11-28,0,0,0,0,0,0,NORMAL,-0.020465070154996677,0.04047886991610561,0.65,2,0.0,continue
2022-11-29,18,6,5,7,7,11,HALTED,-0.0071973944114664635,0.045358720572210576,0.65,0,0.5385,halt
2022-11-30,0,0,0,0,0,0,NORMAL,-0.012214526802751213,0.03991265251996823,0.6,1,0.0,continue
2022-12-01,0,0,0,0,0,0,NORMAL,-0.003115916750411229,0.040031395947282444,0.6,0,0.0,continue
2022-12-02,15,6,6,3,6,9,WARNING,0.0,0.038346164623763945,0.6,0,0.3333,warn
2022-12-05,0,0,0,0,0,0,NORMAL,0.0,0.04047797195816494,0.6,0,0.0,continue
2022-12-06,0,0,0,0,0,0,NORMAL,-0.005880759293090522,0.03422365085575363,0.55,1,0.0,continue
2022-12-07,12,6,4,2,5,7,NORMAL,-0.005271139802968073,0.03657735451073596,0.55,0,0.25,continue
2022-12-08,0,0,0,0,0,0,NORMAL,-0.005543902293371159,0.017713447888468625,0.55,1,0.0,continue
2022-12-09,0,0,0,0,0,0,NORMAL,0.0,0.03754212251264355,0.55,0,0.0,continue
2022-12-12,21,2,3,16,4,17,HALTED,-0.017531815888571684,0.017980793096070258,0.5,1,0.8889,halt
2022-12-13,0,0,0,0,0,0,WARNING,-0.018022848976432488,0.016037877030179004,0.45,2,0.0,warn
2022-12-14,0,0,0,0,0,0,WARNING,-0.012751690156463309,0.016220640004082965,0.45,0,0.0,warn
2022-12-15,10,6,3,1,3,7,WARNING,-0.012009198379424976,0.018333016060377627,0.45,0,0.1429,warn
2022-12-16,0,0,0,0,0,0,WARNING,-0.026094692859724794,0.006462879096594154,0.45,1,0.0,warn
2022-12-19,0,0,0,0,0,0,WARNING,-0.042283737466257576,-0.007415035869627329,0.45,2,0.0,warn
2022-12-20,14,7,3,4,4,10,WARNING,-0.04458008947734526,0.004835217173421391,0.45,3,0.3636,warn
2022-12-21,0,0,0,0,0,0,WARNING,-0.04130131506890885,-0.001022539538833911,0.5,0,0.0,warn
2022-12-22,0,0,0,0,0,0,WARNING,-0.05457978331099841,-0.007979730431546761,0.45,1,0.0,warn
2022-12-23,14,6,2,6,2,12,HALTED,-0.041452116581388976,0.007292261937387634,0.5,0,0.5,halt
2022-12-26,0,0,0,0,0,0,NORMAL,-0.03406604539362907,0.001488892571047229,0.55,0,0.0,continue
2022-12-27,0,0,0,0,0,0,NORMAL,-0.029402612953194934,0.011435273353699982,0.55,0,0.0,continue
2022-12-28,17,8,2,7,2,15,HALTED,-0.03649939840001823,-0.005124030808306257,0.55,1,0.4667,halt
2022-12-29,0,0,0,0,0,0,WARNING,-0.03079524605041569,-0.010548431953652071,0.55,0,0.0,warn
2022-12-30,1,0,1,0,1,0,WARNING,-0.0188184269885542,-0.0039900351726139816,0.55,0,0.0,warn
2023-01-03,12,1,11,0,11,1,WARNING,-0.021898227051181808,-0.0012429296864012729,0.5,1,0.0,warn
2023-01-04,0,0,0,0,0,0,WARNING,-0.021871878934272115,-0.0018281298236103583,0.55,0,0.0,warn
2023-01-05,0,0,0,0,0,0,WARNING,-0.021924575168091355,-0.0016081389917486089,0.5,1,0.0,warn
2023-01-06,0,0,0,0,0,0,WARNING,-0.021757703760997223,-0.02175770376099717,0.55,0,0.0,warn
2023-01-09,0,0,0,0,0,0,WARNING,-0.02172257293845097,-0.004265539706682198,0.55,0,0.0,warn
2023-01-10,0,0,0,0,0,0,WARNING,-0.021582049648266526,-0.0036245249373919597,0.6,0,0.0,warn
2023-01-11,0,0,0,0,0,0,WARNING,-0.021634745882085766,-0.008997792791390347,0.6,1,0.0,warn
2023-01-12,0,0,0,0,0,0,WARNING,-0.021661093998995313,-0.009769216073407305,0.55,2,0.0,warn
2023-01-13,0,0,0,0,0,0,NORMAL,-0.02153813612008371,0.0046786445316955305,0.55,0,0.0,continue
2023-01-16,0,0,0,0,0,0,NORMAL,-0.021617180470812496,0.02157899766760707,0.55,1,0.0,continue
2023-01-17,0,0,0,0,0,0,NORMAL,-0.021476657180628054,0.024181443198183494,0.6,0,0.0,continue
2023-01-18,0,0,0,0,0,0,NORMAL,-0.021265872245351248,0.020898581732171406,0.65,0,0.0,continue
2023-01-19,0,0,0,0,0,0,NORMAL,-0.021230741422804997,0.0352743058583902,0.65,0,0.0,continue
2023-01-20,0,0,0,0,0,0,NORMAL,-0.02081795425788795,0.021526480502894074,0.7,0,0.0,continue
2023-01-30,0,0,0,0,0,0,NORMAL,-0.02087943319734375,0.013651670627583545,0.65,1,0.0,continue
2023-01-31,0,0,0,0,0,0,NORMAL,-0.020870650491707186,0.008790423892905297,0.65,0,0.0,continue
2023-02-01,11,10,1,0,2,9,NORMAL,-0.016013811203827513,0.02126162366912121,0.65,0,0.0,continue
2023-02-02,1,0,1,0,1,0,NORMAL,-0.016217398005533692,0.01504104059072775,0.65,1,0.0,continue
2023-02-03,0,0,0,0,0,0,NORMAL,-0.01607337391659891,0.0027977014117073207,0.65,0,0.0,continue
2023-02-06,10,10,0,0,1,9,NORMAL,-0.015823714760814147,0.006210511480879921,0.65,0,0.0,continue
2023-02-07,0,0,0,0,0,0,NORMAL,-0.012804122294938413,0.009270520337820276,0.7,0,0.0,continue
2023-02-08,0,0,0,0,0,0,NORMAL,-0.013910866040185656,0.008193344730323737,0.65,1,0.0,continue
2023-02-09,11,11,0,0,1,10,NORMAL,-0.009203262117976627,0.012833672896058523,0.7,0,0.0,continue
2023-02-10,0,0,0,0,0,0,NORMAL,-0.006435788579639181,0.01562622619713161,0.7,0,0.0,continue
2023-02-13,0,0,0,0,0,0,NORMAL,-0.00034593419229232366,0.021704544002223214,0.7,0,0.0,continue
2023-02-14,11,10,1,0,1,10,NORMAL,-0.0004339915643649227,0.02166956995711722,0.65,1,0.0,continue
2023-02-15,0,0,0,0,0,0,NORMAL,-0.0016414600455837557,0.020462882371961033,0.65,2,0.0,continue
2023-02-16,0,0,0,0,0,0,WARNING,-0.023792303506231405,-0.00230378665675246,0.65,3,0.0,warn
2023-02-17,15,7,0,8,1,14,HALTED,-0.021786094010511327,-0.00017264565191377201,0.65,0,0.5333,halt
2023-02-20,0,0,0,0,0,0,NORMAL,-0.01958857507571963,0.0019295217827592914,0.7,0,0.0,continue
2023-02-21,0,0,0,0,0,0,NORMAL,-0.017742671453998993,0.00359975267178525,0.7,0,0.0,continue
2023-02-22,15,1,1,13,1,14,HALTED,-0.016929199446861717,0.004394847854331196,0.7,0,0.9286,halt
2023-02-23,0,0,0,0,0,0,NORMAL,-0.018449283114723495,0.002419030407537104,0.65,1,0.0,continue
2023-02-24,0,0,0,0,0,0,NORMAL,-0.014630955776098575,0.006381724205477335,0.65,0,0.0,continue
2023-02-27,17,3,2,12,3,14,HALTED,-0.03002608678535403,-0.00935058917215037,0.65,1,0.8,halt
2023-02-28,0,0,0,0,0,0,WARNING,-0.01603456111361294,-2.1087602673386385e-05,0.65,0,0.0,warn
2023-03-01,0,0,0,0,0,0,NORMAL,-0.005822362654068807,0.010566394781113875,0.65,0,0.0,continue
2023-03-02,17,4,3,10,5,12,HALTED,-0.007958522413572512,0.008247415292874205,0.65,1,0.7143,halt
2023-03-03,0,0,0,0,0,0,NORMAL,-0.013945195364070571,0.001908722476773539,0.6,2,0.0,continue
2023-03-06,0,0,0,0,0,0,WARNING,-0.0178160346839489,-0.005076917866251307,0.55,3,0.0,warn
2023-03-07,14,6,4,4,7,7,WARNING,-0.030391355213550963,-0.01671298121619591,0.5,4,0.4,warn
2023-03-08,0,0,0,0,0,0,WARNING,-0.014817714176794948,-0.005666603294253947,0.55,0,0.0,warn
2023-03-09,0,0,0,0,0,0,NORMAL,-8.02727011677461e-05,0.006396683581613605,0.55,0,0.0,continue
2023-03-10,16,4,5,7,6,10,HALTED,-0.01516238009725923,-0.014821573193918192,0.5,1,0.6364,halt
2023-03-13,0,0,0,0,0,0,WARNING,-0.0237918490165691,-0.023367998966631776,0.45,2,0.0,warn
2023-03-14,0,0,0,0,0,0,WARNING,-0.037371570203743994,-0.03578885613558391,0.45,3,0.0,warn
2023-03-15,15,6,5,4,7,8,WARNING,-0.022875926441094003,0.0009387111661061098,0.5,0,0.4,warn
2023-03-16,0,0,0,0,0,0,WARNING,-0.023995874953557015,-0.002258995634303984,0.5,1,0.0,warn
2023-03-17,0,0,0,0,0,0,WARNING,-0.03099409449030491,-0.011633401166725621,0.45,2,0.0,warn
2023-03-20,14,5,6,3,8,6,WARNING,-0.041842071782527385,-0.024534711656671315,0.4,3,0.375,warn
2023-03-21,0,0,0,0,0,0,WARNING,-0.021553407586912834,-0.004703840392217162,0.4,0,0.0,warn
2023-03-22,0,0,0,0,0,0,WARNING,-0.0060209162898524704,0.012661971114757531,0.4,0,0.0,warn
2023-03-23,15,4,6,5,8,7,HALTED,-0.016953738817750415,-0.002357272186768733,0.4,1,0.5556,halt
2023-03-24,0,0,0,0,0,0,WARNING,-0.017327464438717646,0.013091715327220754,0.35,2,0.0,warn
2023-03-27,0,0,0,0,0,0,WARNING,-0.026314997510901623,-0.010447964929463094,0.35,3,0.0,warn
2023-03-28,14,5,5,4,6,8,HALTED,-0.034406995554016474,-0.02875203769042478,0.3,4,0.4444,halt
2023-03-29,0,0,0,0,0,0,HALTED,-0.04966341508998436,-0.0420394646984692,0.25,5,0.0,halt
2023-03-30,0,0,0,0,0,0,HALTED,-0.05971715634293927,-0.04641928700481168,0.25,6,0.0,halt
2023-03-31,19,2,1,16,3,16,HALTED,-0.05174192529252505,-0.03454127923749939,0.3,0,0.8889,halt
2023-04-03,12,1,11,0,11,1,HALTED,-0.052336836906108464,-0.022633339554631204,0.3,1,0.0,halt
2023-04-04,0,0,0,0,0,0,WARNING,-0.052142603992992795,-0.03788627785264087,0.35,0,0.0,warn
2023-04-06,0,0,0,0,0,0,HALTED,-0.05198215071694071,-0.05190604465418425,0.35,0,0.0,halt
2023-04-07,0,0,0,0,0,0,WARNING,-0.05187236689648403,-0.03727516705022926,0.35,0,0.0,warn
2023-04-10,0,0,0,0,0,0,WARNING,-0.05193148126134532,-0.02882544282838495,0.35,1,0.0,warn
2023-04-11,0,0,0,0,0,0,WARNING,-0.05189770162428173,-0.015090071070945066,0.4,0,0.0,warn
2023-04-12,0,0,0,0,0,0,WARNING,-0.05181325253162274,-0.029614791891404812,0.45,0,0.0,warn
2023-04-13,0,0,0,0,0,0,WARNING,-0.05175413816676145,-0.02844072325194691,0.45,0,0.0,warn
2023-04-14,0,0,0,0,0,0,WARNING,-0.05166968907410246,-0.021336912877659153,0.5,0,0.0,warn
2023-04-17,0,0,0,0,0,0,WARNING,-0.05160212979997527,-0.01018627277405637,0.55,0,0.0,warn
2023-04-18,0,0,0,0,0,0,WARNING,-0.0514247867053914,-0.030529391537670425,0.6,0,0.0,warn
2023-04-19,0,0,0,0,0,0,WARNING,-0.051416341796125496,-0.04567040318074811,0.6,0,0.0,warn
2023-04-20,0,0,0,0,0,0,WARNING,-0.051441676523923195,-0.03508272099493692,0.55,1,0.0,warn
2023-04-21,0,0,0,0,0,0,WARNING,-0.05133189270346651,-0.03460402833516274,0.6,0,0.0,warn
2023-04-24,0,0,0,0,0,0,WARNING,-0.051340337612732406,-0.02570167974022064,0.6,1,0.0,warn
2023-04-25,0,0,0,0,0,0,WARNING,-0.051315002884934714,-0.017510490706816317,0.65,0,0.0,warn
2023-04-26,0,0,0,0,0,0,WARNING,-0.051289668157137015,-0.001711239042014423,0.7,0,0.0,warn
2023-04-27,0,0,0,0,0,0,NORMAL,-0.05112076997181904,0.009142340976557861,0.75,0,0.0,continue
2023-04-28,0,0,0,0,0,0,NORMAL,-0.050943426877235166,0.000842068669477225,0.8,0,0.0,continue
2023-05-04,1,0,1,0,1,0,NORMAL,-0.05093498196796927,0.0014792755408603586,0.8,0,0.0,continue
2023-05-05,0,0,0,0,0,0,NORMAL,-0.05093498196796927,0.0012740545467184727,0.8,0,0.0,continue
2023-05-08,10,10,0,0,0,10,NORMAL,-0.05078850731990948,0.001259093800748623,0.8,0,0.0,continue
2023-05-09,0,0,0,0,0,0,WARNING,-0.054458511343064245,-0.002727633238696958,0.75,1,0.0,warn
2023-05-10,0,0,0,0,0,0,NORMAL,-0.050720640958172615,0.0012771653938932204,0.75,0,0.0,continue
2023-05-11,11,10,1,0,1,10,NORMAL,-0.04554248976254379,0.006703086652807055,0.8,0,0.0,continue
2023-05-12,0,0,0,0,0,0,NORMAL,-0.04942960472573458,0.0025139012038002395,0.75,1,0.0,continue
2023-05-15,0,0,0,0,0,0,NORMAL,-0.045366528562203426,0.006736237785640142,0.75,0,0.0,continue
2023-05-16,11,11,0,0,1,10,NORMAL,-0.05057013732067379,0.001159460728778372,0.7,1,0.0,continue
2023-05-17,0,0,0,0,0,0,NORMAL,-0.03940351057027826,0.012862343551155675,0.7,0,0.0,continue
2023-05-18,0,0,0,0,0,0,NORMAL,-0.03551271055577144,0.01677471214365167,0.7,0,0.0,continue
2023-05-19,11,10,1,0,1,10,NORMAL,-0.04090986435111174,0.011075962941326178,0.65,1,0.0,continue
2023-05-22,0,0,0,0,0,0,NORMAL,-0.04050788667005496,0.011526744938361144,0.65,0,0.0,continue
2023-05-23,0,0,0,0,0,0,NORMAL,-0.04286724077514224,0.00892266943857356,0.65,1,0.0,continue
2023-05-24,18,7,3,8,3,15,HALTED,-0.04218864778792387,0.009646968441536341,0.65,0,0.5333,halt
2023-05-25,0,0,0,0,0,0,NORMAL,-0.03184071660490602,0.020527663385897066,0.7,0,0.0,continue
2023-05-26,0,0,0,0,0,0,NORMAL,-0.03472150547121134,0.017463879257794357,0.65,1,0.0,continue
2023-05-29,16,6,6,4,8,8,WARNING,-0.04958427861297274,0.0016192696712316046,0.6,2,0.4,warn
2023-05-30,0,0,0,0,0,0,WARNING,-0.05006886286103049,0.000921508834111906,0.55,3,0.0,warn
2023-05-31,0,0,0,0,0,0,WARNING,-0.056066590965476636,-0.005407015220251443,0.5,4,0.0,warn
2023-06-01,16,6,6,4,6,10,HALTED,-0.056601866165262554,-0.005971017885628149,0.45,5,0.4,halt
2023-06-02,0,0,0,0,0,0,NORMAL,-0.0432300432898336,0.007962887184113754,0.5,0,0.0,continue
2023-06-05,0,0,0,0,0,0,NORMAL,-0.03158650948162204,0.024189316001278716,0.5,0,0.0,continue
2023-06-06,16,6,4,6,5,11,HALTED,-0.05362099744696597,-0.0030553245060768175,0.5,1,0.5,halt
2023-06-07,0,0,0,0,0,0,NORMAL,-0.039112950415761544,0.006736328519414858,0.5,0,0.0,continue
2023-06-08,0,0,0,0,0,0,WARNING,-0.04176188813676674,0.008066437401256898,0.45,1,0.0,warn
2023-06-09,18,1,4,13,4,14,HALTED,-0.05712095784801885,-0.012313028651836144,0.45,2,0.9286,halt
2023-06-12,0,0,0,0,0,0,WARNING,-0.0447640595225461,0.006115330922647377,0.45,0,0.0,warn
2023-06-13,0,0,0,0,0,0,WARNING,-0.040659219444099955,-0.001307217846035602,0.5,0,0.0,warn
2023-06-14,17,8,2,7,3,14,HALTED,-0.04248872151658812,-0.007232869771499506,0.45,1,0.4667,halt
2023-06-15,0,0,0,0,0,0,WARNING,-0.04421854602185386,-0.0034498130548528128,0.4,2,0.0,warn
2023-06-16,0,0,0,0,0,0,WARNING,-0.04773746294105146,-0.007534794888418683,0.4,3,0.0,warn
2023-06-19,15,7,5,3,7,8,WARNING,-0.0646138033976606,-0.022720529010134438,0.35,4,0.3,warn
2023-06-20,0,0,0,0,0,0,HALTED,-0.08032256298267099,-0.03981359701644427,0.35,5,0.0,halt
2023-06-21,0,0,0,0,0,0,HALTED,-0.08799606817308112,-0.058002182627689414,0.3,6,0.0,halt
2023-06-26,16,7,4,5,5,11,HALTED,-0.08762321161004928,-0.05480460451432978,0.3,0,0.4167,halt
2023-06-27,0,0,0,0,0,0,WARNING,-0.0505466819690473,-0.0010126130433427694,0.35,0,0.0,warn
2023-06-28,0,0,0,0,0,0,WARNING,-0.03744478910251744,0.013289462009356434,0.4,0,0.0,warn
2023-06-29,19,8,2,9,6,13,HALTED,-0.025024317500090994,0.0328860840905465,0.45,0,0.5294,halt
2023-06-30,0,0,0,0,0,0,NORMAL,-0.005998704643045229,0.05363924276225229,0.5,0,0.0,continue
2023-07-03,0,0,0,0,0,0,NORMAL,0.0,0.04537969166639866,0.55,0,0.0,continue
2023-07-04,13,4,6,3,6,7,HALTED,0.0,0.05296720062086391,0.55,0,0.4286,halt
2023-07-05,1,0,1,0,1,0,NORMAL,-0.003497779056779609,0.07371457669561532,0.5,1,0.0,continue
2023-07-06,0,0,0,0,0,0,NORMAL,0.0,0.06677678590917702,0.55,0,0.0,continue
2023-07-07,14,6,7,1,8,6,NORMAL,-0.005168261962293523,0.06419714317331038,0.5,1,0.1429,continue
2023-07-10,0,0,0,0,0,0,NORMAL,-0.01257753561315068,0.07347742935530932,0.5,2,0.0,continue
2023-07-11,0,0,0,0,0,0,NORMAL,-0.0038186429344303705,0.06899002386342956,0.55,0,0.0,continue
2023-07-12,11,3,6,2,6,5,WARNING,-0.01669656689453969,0.050656002064124905,0.5,1,0.4,warn
2023-07-13,0,0,0,0,0,0,NORMAL,-0.008569194062819495,0.061364133995688075,0.5,0,0.0,continue
2023-07-14,0,0,0,0,0,0,NORMAL,-0.011450877842845169,0.06019451302767509,0.5,1,0.0,continue
2023-07-17,14,4,8,2,9,5,WARNING,-0.006740932122455296,0.06918223999307771,0.55,0,0.3333,warn
2023-07-18,0,0,0,0,0,0,NORMAL,0.0,0.0997000868022826,0.6,0,0.0,continue
2023-07-19,0,0,0,0,0,0,NORMAL,0.0,0.1261355988239936,0.65,0,0.0,continue
2023-07-20,9,4,5,0,5,4,NORMAL,-0.009166961635064615,0.12520068484417024,0.65,1,0.0,continue
2023-07-21,0,0,0,0,0,0,NORMAL,-0.011898984203824492,0.12163960817397546,0.65,2,0.0,continue
2023-07-24,0,0,0,0,0,0,NORMAL,-0.0056035312865345315,0.08470633364162206,0.65,0,0.0,continue
2023-07-25,14,6,4,4,6,8,WARNING,0.0,0.0984587096137155,0.65,0,0.4,warn
2023-07-26,0,0,0,0,0,0,NORMAL,0.0,0.0846157106815093,0.65,0,0.0,continue
2023-07-27,0,0,0,0,0,0,NORMAL,-0.010876251205573624,0.052284937064669856,0.6,1,0.0,continue
2023-07-28,16,8,5,3,8,8,WARNING,0.0,0.07057486858382367,0.6,0,0.2727,warn
2023-07-31,1,0,1,0,1,0,NORMAL,0.0,0.09403600217921237,0.6,0,0.0,continue
2023-08-01,1,0,1,0,1,0,NORMAL,-0.00827560486656716,0.08879054126784491,0.55,1,0.0,continue
2023-08-02,15,10,3,2,4,11,NORMAL,0.0,0.10181516659143064,0.6,0,0.1667,continue
2023-08-03,1,0,1,0,1,0,NORMAL,-0.0010788463914910853,0.1063443547205638,0.55,1,0.0,continue
2023-08-04,1,0,1,0,1,0,NORMAL,-0.0029230341600530903,0.11258814017726793,0.55,2,0.0,continue
2023-08-07,15,8,2,5,3,12,WARNING,-0.011257098199359371,0.09358794695036754,0.55,3,0.3846,warn
2023-08-08,0,0,0,0,0,0,NORMAL,-0.005476253017498064,0.11438779838281654,0.55,0,0.0,continue
2023-08-09,0,0,0,0,0,0,NORMAL,-0.025145428524569555,0.08339336002100906,0.55,1,0.0,continue
2023-08-10,14,6,5,3,8,6,WARNING,-0.004901523733286947,0.1091149330143093,0.55,0,0.3333,warn
2023-08-11,1,0,1,0,1,0,NORMAL,-0.026836936833323832,0.0795228125677796,0.55,1,0.0,continue
2023-08-14,0,0,0,0,0,0,NORMAL,-0.025819762578804143,0.06961809597560209,0.55,0,0.0,continue
2023-08-15,16,6,6,4,7,9,WARNING,-0.029686183035827755,0.058133926646166456,0.5,1,0.4,warn
2023-08-16,0,0,0,0,0,0,NORMAL,-0.021036803134591216,0.0774430140080884,0.5,0,0.0,continue
2023-08-17,1,0,1,0,1,0,NORMAL,-0.0012476032406785599,0.10226219499844347,0.55,0,0.0,continue
2023-08-18,11,6,4,1,5,6,NORMAL,0.0,0.1014269158982728,0.6,0,0.1429,continue
2023-08-21,0,0,0,0,0,0,NORMAL,0.0,0.07941859425315734,0.6,0,0.0,continue
2023-08-22,0,0,0,0,0,0,NORMAL,-0.01347979852757,0.06472043479519551,0.55,1,0.0,continue
2023-08-23,14,5,6,3,8,6,WARNING,-0.02169941901013595,0.06745920970377184,0.5,2,0.375,warn
2023-08-24,0,0,0,0,0,0,WARNING,-0.028598337814217844,0.0353793300079257,0.5,3,0.0,warn
2023-08-25,0,0,0,0,0,0,WARNING,-0.047698710245784204,-0.025759082455324323,0.45,4,0.0,warn
2023-08-28,17,8,5,4,12,5,WARNING,-0.03233142780478296,-0.001776860045727191,0.45,0,0.3333,warn
2023-08-29,0,0,0,0,0,0,NORMAL,0.0,0.02180030375525921,0.5,0,0.0,continue
2023-08-30,0,0,0,0,0,0,NORMAL,0.0,0.03165458235056007,0.5,0,0.0,continue
2023-08-31,16,4,6,6,6,10,HALTED,-0.003928741478746829,0.029502123930588375,0.5,1,0.6,halt
2023-09-01,0,0,0,0,0,0,NORMAL,0.0,0.04512968562898356,0.55,0,0.0,continue
2023-09-04,0,0,0,0,0,0,NORMAL,0.0,0.06567609386473872,0.6,0,0.0,continue
2023-09-05,21,8,4,9,9,12,HALTED,-0.015238038802598983,0.07061127542692658,0.55,1,0.5294,halt
2023-09-06,0,0,0,0,0,0,NORMAL,-0.01852774348055339,0.045327432136340606,0.55,2,0.0,continue
2023-09-07,0,0,0,0,0,0,NORMAL,-0.01693586813728683,0.07062311323426651,0.55,0,0.0,continue
2023-09-08,15,8,4,3,7,8,WARNING,-0.03197426191295103,0.053144515734243836,0.55,1,0.2727,warn
2023-09-11,0,0,0,0,0,0,NORMAL,-0.037568273493922395,0.05123084747615003,0.5,2,0.0,continue
2023-09-12,0,0,0,0,0,0,WARNING,-0.045415795633355245,0.03344712045607445,0.5,3,0.0,warn
2023-09-13,16,7,7,2,8,8,WARNING,-0.051283006887460895,0.006744408176173389,0.45,4,0.2222,warn
2023-09-14,0,0,0,0,0,0,HALTED,-0.057814185370761474,-0.005762573876895383,0.4,5,0.0,halt
2023-09-15,0,0,0,0,0,0,WARNING,-0.055121722562126094,-0.009004671162672007,0.4,0,0.0,warn
2023-09-18,20,8,6,6,7,13,HALTED,-0.03190962997818412,0.02921393984402343,0.4,0,0.4286,halt
2023-09-19,1,0,1,0,1,0,WARNING,-0.046901119230236786,0.021789394653418448,0.4,1,0.0,warn
2023-09-20,0,0,0,0,0,0,WARNING,-0.05041530270357528,0.025251958667976693,0.4,2,0.0,warn
2023-09-21,15,7,6,2,6,9,WARNING,-0.05644504173648291,0.039174715547227734,0.4,3,0.2222,warn
2023-09-22,0,0,0,0,0,0,WARNING,-0.04481293538047177,0.035279319693973576,0.45,0,0.0,warn
2023-09-25,0,0,0,0,0,0,WARNING,-0.053500906129822626,-0.01826436323538294,0.4,1,0.0,warn
2023-09-26,14,7,3,4,5,9,WARNING,-0.05779259179338152,-0.031005361682546195,0.35,2,0.3636,warn
2023-09-27,0,0,0,0,0,0,WARNING,-0.0508450372130428,-0.020010159373193503,0.35,0,0.0,warn
2023-09-28,0,0,0,0,0,0,WARNING,-0.03460431705099774,-0.009870110006951371,0.4,0,0.0,warn
2023-10-09,11,5,5,1,8,3,WARNING,-0.045610594483781644,-0.045610594483781686,0.35,1,0.1667,warn
2023-10-10,0,0,0,0,0,0,HALTED,-0.050411362138664345,-0.035717589348493006,0.3,2,0.0,halt
2023-10-11,0,0,0,0,0,0,WARNING,-0.03967280966187922,-0.021544232188805523,0.35,0,0.0,warn
2023-10-12,19,2,2,15,2,17,HALTED,-0.03142025081141512,-0.014733914303925677,0.4,0,0.8824,halt
2023-10-13,1,0,1,0,1,0,WARNING,-0.05172611263671738,-0.020404261939149126,0.35,1,0.0,warn
2023-10-16,0,0,0,0,0,0,WARNING,-0.04832994087295223,-0.011181746281471838,0.4,0,0.0,warn
2023-10-17,13,6,6,1,6,7,WARNING,-0.051099542292097476,-0.005954159552130189,0.4,1,0.1429,warn
2023-10-18,0,0,0,0,0,0,WARNING,-0.0695083427967607,-0.019210508551666505,0.4,2,0.0,warn
2023-10-19,0,0,0,0,0,0,WARNING,-0.06706986171090261,-0.009823620984766523,0.45,0,0.0,warn
2023-10-20,11,4,4,3,6,5,HALTED,-0.06453980866935964,-0.009967512569737158,0.5,0,0.4286,halt
2023-10-23,0,0,0,0,0,0,HALTED,-0.0829927352915155,-0.05276687682801784,0.45,1,0.0,halt
2023-10-24,0,0,0,0,0,0,WARNING,-0.04287670699961402,0.004222449854701882,0.45,0,0.0,warn
2023-10-25,14,6,6,2,9,5,NORMAL,-0.02190143657911673,0.0300277228620478,0.5,0,0.25,continue
2023-10-26,0,0,0,0,0,0,NORMAL,-0.016537291284618665,0.04229509908496376,0.55,0,0.0,continue
2023-10-27,0,0,0,0,0,0,NORMAL,-0.007800320021075397,0.038749075160622315,0.6,0,0.0,continue
2023-10-30,11,4,6,1,9,2,NORMAL,-0.002374739369856561,0.05401607575862988,0.6,0,0.2,continue
2023-10-31,0,0,0,0,0,0,NORMAL,-0.0039830337335855,0.057110098680094534,0.6,1,0.0,continue
2023-11-01,0,0,0,0,0,0,NORMAL,0.0,0.060504510320173566,0.65,0,0.0,continue
2023-11-02,14,2,4,8,4,10,HALTED,0.0,0.049890177963550775,0.65,0,0.8,halt
2023-11-03,0,0,0,0,0,0,NORMAL,0.0,0.07395436147316614,0.65,0,0.0,continue
2023-11-06,0,0,0,0,0,0,NORMAL,0.0,0.10226212952480962,0.7,0,0.0,continue
2023-11-07,19,1,1,17,1,18,HALTED,0.0,0.1085823757558988,0.75,0,0.9444,halt
2023-11-08,0,0,0,0,0,0,NORMAL,0.0,0.11275786899286899,0.75,0,0.0,continue
2023-11-09,1,0,1,0,1,0,NORMAL,-0.008470764144308182,0.12695815721504333,0.7,1,0.0,continue
2023-11-10,12,10,1,1,1,11,NORMAL,-0.013652221577566261,0.11706828946395542,0.7,2,0.0909,continue
2023-11-13,0,0,0,0,0,0,NORMAL,-0.003818023116833619,0.13149876123641846,0.7,0,0.0,continue
2023-11-14,0,0,0,0,0,0,NORMAL,-0.006419450079857873,0.15087102592701052,0.7,1,0.0,continue
2023-11-15,13,3,6,4,6,7,HALTED,-0.009202443743689644,0.14464775912866012,0.7,2,0.5714,halt
2023-11-16,0,0,0,0,0,0,WARNING,-0.009992702460611643,0.14064143553980313,0.65,3,0.0,warn
2023-11-17,0,0,0,0,0,0,NORMAL,0.0,0.17721046767601156,0.65,0,0.0,continue
2023-11-20,15,6,4,5,8,7,HALTED,0.0,0.1522118282141749,0.7,0,0.4545,halt
2023-11-21,0,0,0,0,0,0,NORMAL,0.0,0.14281477674248588,0.7,0,0.0,continue
2023-11-22,1,0,1,0,1,0,NORMAL,-0.01729291687136431,0.11692666134765606,0.65,1,0.0,continue
2023-11-23,15,9,4,2,6,9,NORMAL,-0.016647893585468112,0.10781805281304169,0.65,0,0.1818,continue
2023-11-24,0,0,0,0,0,0,NORMAL,-0.026448821349098275,0.09081177628990678,0.6,1,0.0,continue
2023-11-27,0,0,0,0,0,0,NORMAL,-0.015686689794772304,0.10465099932161936,0.6,0,0.0,continue
2023-11-28,19,2,2,15,3,16,HALTED,0.0,0.1222791491626849,0.65,0,0.8824,halt
2023-11-29,1,0,1,0,1,0,NORMAL,0.0,0.1168217206283706,0.65,0,0.0,continue
2023-11-30,0,0,0,0,0,0,NORMAL,-0.004276220200101813,0.09966529794946166,0.6,1,0.0,continue
2023-12-01,12,10,2,0,7,5,NORMAL,-0.002734106590649307,0.07850868632579733,0.6,0,0.0,continue
2023-12-04,0,0,0,0,0,0,NORMAL,0.0,0.08310643407734686,0.6,0,0.0,continue
2023-12-05,0,0,0,0,0,0,NORMAL,-0.014534552121470808,0.054298707383575895,0.55,1,0.0,continue
2023-12-06,15,8,5,2,9,6,NORMAL,0.0,0.08257387062584631,0.55,0,0.2,continue
2023-12-07,0,0,0,0,0,0,NORMAL,-0.017840638347721784,0.06884555282786664,0.55,1,0.0,continue
2023-12-08,0,0,0,0,0,0,NORMAL,-0.050982407624447466,0.022583186887760398,0.55,2,0.0,continue
2023-12-11,13,5,4,4,7,6,HALTED,-0.047862485717627,0.028631122321385316,0.55,0,0.4444,halt
2023-12-12,0,0,0,0,0,0,NORMAL,-0.035690058086797274,0.04470766788276981,0.6,0,0.0,continue
2023-12-13,0,0,0,0,0,0,NORMAL,-0.031234610736388634,0.05037235618446245,0.65,0,0.0,continue
2023-12-14,14,6,4,4,5,9,WARNING,-0.02441414842252237,0.04553295324112927,0.7,0,0.4,warn
2023-12-15,0,0,0,0,0,0,NORMAL,-0.020308847964722494,0.027751441525303733,0.7,0,0.0,continue
2023-12-18,0,0,0,0,0,0,NORMAL,-0.025928494926401556,0.008164717004321531,0.65,1,0.0,continue
2023-12-19,11,4,3,4,5,6,HALTED,-0.024840023727940436,0.027052010527906845,0.65,0,0.5,halt
2023-12-20,0,0,0,0,0,0,NORMAL,-0.021692027979065213,0.029691660570546397,0.7,0,0.0,continue
2023-12-21,0,0,0,0,0,0,NORMAL,-0.008672506535844433,0.053899065660839796,0.7,0,0.0,continue
2023-12-22,19,3,2,14,3,16,HALTED,-0.022781446059876732,0.027540625923023976,0.7,1,0.8235,halt
2023-12-25,1,0,0,1,0,1,HALTED,-0.04064093335368596,-0.017506307543382338,0.65,2,1.0,halt
2023-12-26,0,0,0,0,0,0,WARNING,-0.05066990318593645,-0.029750793499708106,0.6,3,0.0,warn
2023-12-27,15,4,5,6,5,10,HALTED,-0.04762151857332484,-0.022455038226015578,0.6,0,0.6,halt
2023-12-28,0,0,0,0,0,0,WARNING,-0.030363201783545176,-0.006279683381386292,0.65,0,0.0,warn
2023-12-29,0,0,0,0,0,0,WARNING,-0.006621291044370137,-0.003320237515055058,0.65,0,0.0,warn
2024-01-02,12,1,11,0,11,1,NORMAL,-0.001329143412195283,0.01676776022893911,0.65,0,0.0,continue
2024-01-03,0,0,0,0,0,0,WARNING,-0.0013106049193378022,-0.0013106049193377656,0.7,0,0.0,warn
2024-01-04,0,0,0,0,0,0,NORMAL,-0.0012457201943364131,0.016896360001566135,0.7,0,0.0,continue
2024-01-05,0,0,0,0,0,0,NORMAL,-0.0010788737586182608,0.05258441388943291,0.75,0,0.0,continue
2024-01-08,0,0,0,0,0,0,NORMAL,-0.0010788737586182608,0.04913535204446773,0.75,0,0.0,continue
2024-01-09,0,0,0,0,0,0,NORMAL,-0.0010417967729032993,0.035930627496333134,0.75,0,0.0,continue
2024-01-10,0,0,0,0,0,0,NORMAL,-0.000967642801472757,0.031242825425382703,0.75,0,0.0,continue
2024-01-11,0,0,0,0,0,0,NORMAL,-0.0009861812943304442,0.024014254706861582,0.7,1,0.0,continue
2024-01-12,0,0,0,0,0,0,NORMAL,-0.0007822578728973304,0.01993137332235695,0.7,0,0.0,continue
2024-01-15,0,0,0,0,0,0,NORMAL,-0.0006988346550380477,0.025901240453037655,0.7,0,0.0,continue
2024-01-16,0,0,0,0,0,0,NORMAL,-0.0007081039014669946,0.024746626618872725,0.7,1,0.0,continue
2024-01-17,0,0,0,0,0,0,NORMAL,-0.0006710269157518266,0.021487099834103685,0.7,0,0.0,continue
2024-01-18,0,0,0,0,0,0,NORMAL,-0.0005876036978927504,0.008155632615110209,0.7,0,0.0,continue
2024-01-19,0,0,0,0,0,0,NORMAL,-0.00043002650860354493,0.022872487900636784,0.7,0,0.0,continue
2024-01-22,0,0,0,0,0,0,NORMAL,-0.0002817185657428732,0.04206893559575042,0.75,0,0.0,continue
2024-01-23,0,0,0,0,0,0,NORMAL,-0.00035587253717320904,0.052999510726159826,0.75,1,0.0,continue
2024-01-24,0,0,0,0,0,0,NORMAL,-0.00035587253717320904,0.04962905710064658,0.75,0,0.0,continue
2024-01-25,0,0,0,0,0,0,NORMAL,-0.0004578342478899725,0.030841824063054357,0.7,1,0.0,continue
2024-01-26,0,0,0,0,0,0,NORMAL,-0.00019829534788400353,0.006465807691045544,0.7,0,0.0,continue
2024-01-29,0,0,0,0,0,0,NORMAL,-0.00012414137645366767,0.0012066057878756808,0.7,0,0.0,continue
2024-01-30,0,0,0,0,0,0,NORMAL,-3.641172879423545e-06,0.001308678907472327,0.7,0,0.0,continue
2024-01-31,0,0,0,0,0,0,NORMAL,0.0,0.0012993130805727393,0.7,0,0.0,continue
2024-02-01,11,10,1,0,1,10,WARNING,-0.005214711233421142,-0.004088545224258944,0.65,1,0.0,warn
2024-02-02,0,0,0,0,0,0,WARNING,-0.01852913649374255,-0.017418043338319755,0.6,2,0.0,warn
2024-02-05,0,0,0,0,0,0,WARNING,-0.04036749915821109,-0.03931678625339585,0.6,3,0.0,warn
2024-02-06,14,14,0,0,3,11,WARNING,-0.047886500685723414,-0.046914769184867366,0.55,4,0.0,warn
2024-02-07,0,0,0,0,0,0,HALTED,-0.09014630241713442,-0.0892008002692547,0.5,5,0.0,halt
2024-02-08,0,0,0,0,0,0,HALTED,-0.05627539795358051,-0.055487496180460893,0.55,0,0.0,halt
2024-02-19,16,11,5,0,7,9,WARNING,-0.015234287995326936,-0.014494400015171771,0.55,0,0.0,warn
2024-02-20,0,0,0,0,0,0,NORMAL,0.0,0.011198318242429561,0.55,0,0.0,continue
2024-02-21,1,0,1,0,1,0,NORMAL,0.0,0.05153390175709638,0.6,0,0.0,continue
2024-02-22,21,14,7,0,11,10,NORMAL,0.0,0.09239865352444543,0.6,0,0.0,continue
2024-02-23,0,0,0,0,0,0,NORMAL,0.0,0.14315712976391293,0.6,0,0.0,continue
2024-02-26,0,0,0,0,0,0,NORMAL,0.0,0.16682154256339876,0.6,0,0.0,continue
2024-02-27,24,10,8,6,9,15,WARNING,0.0,0.2074285726720937,0.6,0,0.375,warn
2024-02-28,0,0,0,0,0,0,WARNING,-0.1032916588343661,0.08271127247678223,0.6,1,0.0,warn
2024-02-29,0,0,0,0,0,0,NORMAL,-0.0732091943662332,0.11914785046453069,0.65,0,0.0,continue
2024-03-01,19,5,5,9,7,12,HALTED,-0.06471463092670215,0.129112292539598,0.7,0,0.6429,halt
2024-03-04,0,0,0,0,0,0,NORMAL,-0.07269404692887603,0.11939621201764905,0.65,1,0.0,continue
2024-03-05,0,0,0,0,0,0,WARNING,-0.10574398992130236,0.07936993456152042,0.6,2,0.0,warn
2024-03-06,24,6,12,6,14,10,HALTED,-0.07029048485966354,0.12210002499173811,0.6,0,0.5,halt
2024-03-07,1,0,1,0,1,0,NORMAL,-0.0776040058094015,0.11910890191890577,0.55,1,0.0,continue
2024-03-08,0,0,0,0,0,0,NORMAL,-0.07330601221125138,0.13957583215166336,0.6,0,0.0,continue
2024-03-11,15,8,4,3,8,7,WARNING,-0.04540898213603475,0.20059544580100552,0.65,0,0.2727,warn
2024-03-12,0,0,0,0,0,0,NORMAL,-0.021645821241551996,0.24019985955560452,0.7,0,0.0,continue
2024-03-13,0,0,0,0,0,0,NORMAL,-0.019237408910264066,0.30099798592631566,0.75,0,0.0,continue
2024-03-14,15,8,5,2,9,6,NORMAL,-0.015475617296207151,0.25911528401696127,0.8,0,0.2,continue
2024-03-15,0,0,0,0,0,0,NORMAL,0.0,0.25147171889556574,0.8,0,0.0,continue
2024-03-18,2,0,2,0,2,0,NORMAL,0.0,0.25014656153282666,0.8,0,0.0,continue
2024-03-19,14,8,6,0,9,5,NORMAL,-0.004889537689120952,0.19626988307630966,0.75,1,0.0,continue
2024-03-20,1,0,1,0,1,0,NORMAL,0.0,0.18145096278741235,0.75,0,0.0,continue
2024-03-21,0,0,0,0,0,0,NORMAL,0.0,0.1293711522354748,0.75,0,0.0,continue
2024-03-22,13,6,4,3,8,5,WARNING,-0.018270985443673986,0.08608890007886827,0.7,1,0.3333,warn
2024-03-25,0,0,0,0,0,0,NORMAL,-0.037691636520902544,0.028876419244785456,0.65,2,0.0,continue
2024-03-26,1,0,0,1,0,1,HALTED,-0.028873565653790484,0.15790657444781186,0.65,0,1.0,halt
2024-03-27,23,4,2,17,3,20,HALTED,-0.05074492112961023,0.09509089043702867,0.65,1,0.8095,halt
2024-03-28,1,0,0,1,0,1,HALTED,-0.01786080432934453,0.12273653763636361,0.65,0,1.0,halt
2024-03-29,1,0,0,1,0,1,HALTED,-0.009254262687195246,0.14232088770563633,0.65,0,1.0,halt
2024-04-01,14,1,13,0,13,1,NORMAL,-0.006668648694931764,0.18763018907804474,0.7,0,0.0,continue
2024-04-02,0,0,0,0,0,0,NORMAL,-0.010479405247453718,0.13795873870699982,0.7,1,0.0,continue
2024-04-03,0,0,0,0,0,0,NORMAL,-0.014848660814576862,0.14191689179537237,0.65,2,0.0,continue
2024-04-08,0,0,0,0,0,0,WARNING,-0.01811102226673643,0.13285674014103432,0.65,3,0.0,warn
2024-04-09,0,0,0,0,0,0,NORMAL,-0.017893685009439046,0.09999348633196181,0.65,0,0.0,continue
2024-04-10,0,0,0,0,0,0,NORMAL,-0.01969984559724065,0.0713020111404401,0.6,1,0.0,continue
2024-04-11,0,0,0,0,0,0,NORMAL,-0.020032862362454187,0.06830822821023541,0.55,2,0.0,continue
2024-04-12,0,0,0,0,0,0,NORMAL,-0.01918533641333862,0.06514670260241884,0.55,0,0.0,continue
2024-04-15,0,0,0,0,0,0,NORMAL,-0.02311177247377689,0.022878775543290653,0.5,1,0.0,continue
2024-04-16,0,0,0,0,0,0,WARNING,-0.02657518119905283,-0.005582859598996293,0.45,2,0.0,warn
2024-04-17,0,0,0,0,0,0,WARNING,-0.02549337503440978,0.000413837339608758,0.45,0,0.0,warn
2024-04-18,0,0,0,0,0,0,WARNING,-0.02526593386287375,-0.024784989765331944,0.5,0,0.0,warn
2024-04-19,0,0,0,0,0,0,WARNING,-0.026338289087327563,-0.026338289087327604,0.45,1,0.0,warn
2024-04-22,0,0,0,0,0,0,WARNING,-0.02787367164694386,-0.009781402057888244,0.4,2,0.0,warn
2024-04-23,0,0,0,0,0,0,WARNING,-0.024758263722963175,0.013439946371431866,0.45,0,0.0,warn
2024-04-24,0,0,0,0,0,0,WARNING,-0.025229436050215766,0.0037524769944379255,0.45,1,0.0,warn
2024-04-25,0,0,0,0,0,0,WARNING,-0.024844937436262208,0.02728453528441377,0.45,0,0.0,warn
2024-04-26,0,0,0,0,0,0,WARNING,-0.021468202424285297,-0.00367300084432276,0.5,0,0.0,warn
2024-04-29,0,0,0,0,0,0,WARNING,-0.021223165320469924,-0.012080700610166528,0.5,0,0.0,warn
2024-04-30,0,0,0,0,0,0,WARNING,-0.022267820698405424,-0.015703895767488874,0.45,1,0.0,warn
2024-05-06,12,10,2,0,4,8,WARNING,-0.014941145996915945,-0.004508992307105997,0.45,0,0.0,warn
2024-05-07,2,0,2,0,2,0,NORMAL,-0.011020968177235703,0.0038853854073894745,0.5,0,0.0,continue
2024-05-08,0,0,0,0,0,0,NORMAL,-0.01696801525013321,0.0011640898742359962,0.5,1,0.0,continue
2024-05-09,10,10,0,0,0,10,NORMAL,-0.007417642578339986,0.010666912808925177,0.55,0,0.0,continue
2024-05-10,1,0,1,0,1,0,NORMAL,-0.015140194825770663,0.004651280274711178,0.5,1,0.0,continue
2024-05-13,0,0,0,0,0,0,WARNING,-0.032121815993070964,-0.012336080636091706,0.5,2,0.0,warn
2024-05-14,11,10,1,0,1,10,NORMAL,-0.007469517929862439,0.011944987079040459,0.55,0,0.0,continue
2024-05-15,0,0,0,0,0,0,NORMAL,0.0,0.0250019065431919,0.55,0,0.0,continue
2024-05-16,1,0,1,0,1,0,NORMAL,0.0,0.0325458271399377,0.6,0,0.0,continue
2024-05-17,12,11,1,0,2,10,NORMAL,0.0,0.039189281917605845,0.65,0,0.0,continue
2024-05-20,0,0,0,0,0,0,NORMAL,-0.0157879561210644,0.02254395447657842,0.6,1,0.0,continue
2024-05-21,0,0,0,0,0,0,NORMAL,-0.025610781419021497,0.013453514042959247,0.55,2,0.0,continue
2024-05-22,14,8,1,5,1,13,WARNING,-0.01867090359335089,0.022283674221619476,0.6,0,0.3846,warn
2024-05-23,0,0,0,0,0,0,WARNING,-0.05217031812564451,-0.01576800108262877,0.6,1,0.0,warn
2024-05-24,0,0,0,0,0,0,WARNING,-0.057823745199013565,-0.021165645456048043,0.55,2,0.0,warn
2024-05-27,17,2,7,8,7,10,HALTED,-0.044576320563860156,-0.007794167306813038,0.6,0,0.8,halt
2024-05-28,0,0,0,0,0,0,WARNING,-0.0645153493760495,-0.03185328086846917,0.55,1,0.0,warn
2024-05-29,0,0,0,0,0,0,WARNING,-0.03935269512254716,-0.006060977984436056,0.55,0,0.0,warn
2024-05-30,19,3,3,13,4,15,HALTED,-0.07373618938378673,-0.04061208814615269,0.5,1,0.8125,halt
2024-05-31,0,0,0,0,0,0,WARNING,-0.07371226438176545,-0.04772323114059229,0.55,0,0.0,warn
2024-06-03,0,0,0,0,0,0,HALTED,-0.10729041083560428,-0.0858813475961121,0.5,1,0.0,halt
2024-06-04,14,9,5,0,8,6,HALTED,-0.14247410308997965,-0.11659663231891493,0.45,2,0.0,halt
2024-06-05,0,0,0,0,0,0,HALTED,-0.14972796008579353,-0.1324973677279645,0.45,3,0.0,halt
2024-06-06,1,0,1,0,1,0,HALTED,-0.21226001842194608,-0.18999457003490694,0.4,4,0.0,halt
2024-06-07,16,8,5,3,9,7,HALTED,-0.1597621398696919,-0.12085400857984241,0.45,0,0.2727,halt
2024-06-11,4,0,3,1,3,1,HALTED,-0.1679512353753696,-0.15104556511386835,0.45,1,1.0,halt
2024-06-12,0,0,0,0,0,0,HALTED,-0.13093891788671724,-0.12105802030684998,0.45,0,0.0,halt
2024-06-13,18,7,6,5,8,10,HALTED,-0.14824167448150274,-0.14180873237887892,0.4,1,0.4167,halt
2024-06-14,0,0,0,0,0,0,HALTED,-0.15637939910518084,-0.15637939910518084,0.35,2,0.0,halt
2024-06-17,0,0,0,0,0,0,HALTED,-0.1741012080491994,-0.16085278869805064,0.3,3,0.0,halt
2024-06-18,14,7,6,1,6,8,HALTED,-0.14254420164909337,-0.12000689047069324,0.35,0,0.125,halt
2024-06-19,2,0,1,1,1,1,HALTED,-0.14535373669496485,-0.1290931182673487,0.35,1,1.0,halt
2024-06-20,0,0,0,0,0,0,HALTED,-0.1753465264629195,-0.12995605718285919,0.3,2,0.0,halt
2024-06-21,15,5,5,5,6,9,HALTED,-0.18906085345134857,-0.1392914622753424,0.3,3,0.5,halt
2024-06-24,0,0,0,0,0,0,HALTED,-0.23198943367387326,-0.19615707370851254,0.3,4,0.0,halt
2024-06-25,0,0,0,0,0,0,HALTED,-0.21880064904899313,-0.1649255277144721,0.3,0,0.0,halt
2024-06-26,16,6,4,6,6,10,HALTED,-0.1876453909434667,-0.15436747187859634,0.35,0,0.5,halt
2024-06-27,0,0,0,0,0,0,HALTED,-0.19560562938193726,-0.1315709829115258,0.3,1,0.0,halt
2024-06-28,0,0,0,0,0,0,HALTED,-0.19890677061827783,-0.13515725343481255,0.3,2,0.0,halt
2024-07-01,15,2,7,6,7,8,HALTED,-0.1945448660582772,-0.09774114256389455,0.3,0,0.75,halt
2024-07-02,0,0,0,0,0,0,HALTED,-0.15476047227159886,-0.014327694622275011,0.35,0,0.0,halt
2024-07-03,2,0,2,0,2,0,WARNING,-0.1339833862715857,0.018517101674655256,0.4,0,0.0,warn
2024-07-04,13,7,4,2,5,8,HALTED,-0.15291808422232947,0.07533188055370621,0.4,1,0.2222,halt
2024-07-05,1,0,1,0,1,0,WARNING,-0.1356547750351319,0.028691119477550542,0.45,0,0.0,warn
2024-07-08,1,0,1,0,1,0,HALTED,-0.17325819618010604,-0.006378184825658217,0.4,1,0.0,halt
2024-07-09,13,6,6,1,9,4,HALTED,-0.18495649220565938,-0.06215624589653512,0.4,2,0.1429,halt
2024-07-10,0,0,0,0,0,0,HALTED,-0.21667052467222309,-0.08033834027869957,0.35,3,0.0,halt
2024-07-11,0,0,0,0,0,0,HALTED,-0.17028401809372903,-0.016482076153426894,0.4,0,0.0,halt
2024-07-12,23,2,3,18,4,19,HALTED,-0.1710869292839026,0.0036496950893667446,0.4,1,0.9,halt
2024-07-15,0,0,0,0,0,0,HALTED,-0.18120279343640402,-0.045085229887838474,0.4,2,0.0,halt
2024-07-16,1,0,1,0,1,0,HALTED,-0.18093280742423287,-0.04163017175278905,0.4,0,0.0,halt
2024-07-17,15,10,4,1,5,10,HALTED,-0.19213052623196344,-0.02035279096934428,0.4,1,0.0909,halt
2024-07-18,1,0,1,0,1,0,HALTED,-0.18819899003810928,0.0010627966560836644,0.45,0,0.0,halt
2024-07-19,1,0,1,0,1,0,HALTED,-0.18293622091795744,0.06387049203055617,0.5,0,0.0,halt
2024-07-22,15,9,3,3,7,8,HALTED,-0.16668353775231187,0.06671422759534495,0.55,0,0.25,halt
2024-07-23,2,0,2,0,2,0,HALTED,-0.15864030670576587,0.035704954356555296,0.55,0,0.0,halt
2024-07-24,0,0,0,0,0,0,HALTED,-0.17234644828924803,0.028915146527962232,0.5,1,0.0,halt
2024-07-25,16,8,4,4,6,10,HALTED,-0.16141135643455623,0.04680530655921311,0.55,0,0.3333,halt
2024-07-26,0,0,0,0,0,0,HALTED,-0.15100669544914544,0.05405412266238274,0.6,0,0.0,halt
2024-07-29,0,0,0,0,0,0,WARNING,-0.13734161663508987,0.02060818864366487,0.6,0,0.0,warn
2024-07-30,15,4,6,5,7,8,HALTED,-0.11964043749068654,0.016561978781387765,0.6,0,0.5556,halt
2024-07-31,0,0,0,0,0,0,NORMAL,-0.0989751745745888,0.06368086561996544,0.6,0,0.0,continue
2024-08-01,0,0,0,0,0,0,NORMAL,-0.08794676672797072,0.05519554794682913,0.65,0,0.0,continue
2024-08-02,13,5,5,3,6,7,WARNING,-0.09549719703075522,0.09405717575918193,0.6,1,0.375,warn
2024-08-05,0,0,0,0,0,0,WARNING,-0.10598143834203823,0.09689673386558506,0.6,2,0.0,warn
2024-08-06,0,0,0,0,0,0,NORMAL,-0.0740500446868982,0.1820695945670201,0.65,0,0.0,continue
2024-08-07,15,7,4,4,4,11,WARNING,-0.07336569460780491,0.11680903538010012,0.7,0,0.3636,warn
2024-08-08,0,0,0,0,0,0,NORMAL,-0.06873357666327337,0.12347899464561007,0.7,0,0.0,continue
2024-08-09,1,0,1,0,1,0,NORMAL,-0.08126696724874066,0.12205198721559318,0.7,1,0.0,continue
2024-08-12,14,8,6,0,9,5,NORMAL,-0.09775748868979887,0.10154883444039298,0.7,2,0.0,continue
2024-08-13,0,0,0,0,0,0,NORMAL,-0.07207272641346335,0.14861039278849186,0.7,0,0.0,continue
2024-08-14,1,0,1,0,1,0,NORMAL,-0.06192486723698216,0.15554812232502013,0.75,0,0.0,continue
2024-08-15,16,9,3,4,5,11,WARNING,-0.060015816666123524,0.15044162695589436,0.75,0,0.3077,warn
2024-08-16,0,0,0,0,0,0,NORMAL,-0.07975258588675707,0.10431925421355248,0.7,1,0.0,continue
2024-08-19,0,0,0,0,0,0,NORMAL,-0.07118115697111874,0.10394977371950431,0.7,0,0.0,continue
2024-08-20,22,7,2,13,6,16,HALTED,-0.07675020005331605,0.11550273425195301,0.65,1,0.65,halt
2024-08-21,0,0,0,0,0,0,NORMAL,-0.08528667471068216,0.09077714360668332,0.65,2,0.0,continue
2024-08-22,0,0,0,0,0,0,WARNING,-0.09503178617228644,0.06593091956887887,0.6,3,0.0,warn
2024-08-23,21,2,2,17,3,18,HALTED,-0.11906250615994562,0.021189280516632936,0.55,4,0.8947,halt
2024-08-26,0,0,0,0,0,0,NORMAL,-0.09693459418410719,0.02579155639754771,0.55,0,0.0,continue
2024-08-27,0,0,0,0,0,0,WARNING,-0.10273157126960393,-0.004169026855882163,0.5,1,0.0,warn
2024-08-28,16,11,3,2,7,9,WARNING,-0.0949100876620049,-0.007634774682013901,0.5,0,0.1538,warn
2024-08-29,0,0,0,0,0,0,NORMAL,-0.08686959017420053,0.009538507595811208,0.5,0,0.0,continue
2024-08-30,0,0,0,0,0,0,NORMAL,-0.06675850496449645,0.04387261636358275,0.55,0,0.0,continue
2024-09-02,15,7,6,2,9,6,WARNING,-0.07454630522350512,-0.0005359474707670175,0.55,1,0.2222,warn
2024-09-03,0,0,0,0,0,0,NORMAL,-0.07091140172492442,0.002648609994901685,0.55,0,0.0,continue
2024-09-04,0,0,0,0,0,0,WARNING,-0.08394458899623354,-0.016333684917425817,0.5,1,0.0,warn
2024-09-05,14,7,5,2,6,8,NORMAL,-0.06392177007590136,0.018879474836010823,0.5,0,0.2222,continue
2024-09-06,0,0,0,0,0,0,NORMAL,-0.08091310289437657,0.01866946589665952,0.5,1,0.0,continue
2024-09-09,0,0,0,0,0,0,NORMAL,-0.06962457428110157,0.002638301731233028,0.55,0,0.0,continue
2024-09-10,14,5,7,2,7,7,WARNING,-0.04893908201223116,0.013843011898740487,0.55,0,0.2857,warn
2024-09-11,0,0,0,0,0,0,NORMAL,-0.04972232888691351,0.010950703173219,0.5,1,0.0,continue
2024-09-12,1,0,1,0,1,0,WARNING,-0.0511604777264993,0.031070022824035037,0.45,2,0.0,warn
2024-09-13,15,8,7,0,8,7,WARNING,-0.05699022358072194,0.015278472758067707,0.45,3,0.0,warn
2024-09-18,0,0,0,0,0,0,WARNING,-0.07800129610050315,-0.0013551002635032727,0.4,4,0.0,warn
2024-09-19,0,0,0,0,0,0,WARNING,-0.04033536791833326,0.04914250787603991,0.45,0,0.0,warn
2024-09-20,15,6,5,4,5,10,WARNING,-0.05074506503182905,0.04893732228797232,0.45,1,0.4,warn
2024-09-23,0,0,0,0,0,0,NORMAL,-0.04315320375214005,0.08616877240281018,0.5,0,0.0,continue
2024-09-24,0,0,0,0,0,0,NORMAL,-0.016481916924373834,0.08908842786093296,0.55,0,0.0,continue
2024-09-25,15,6,8,1,12,3,NORMAL,-0.001527974496110777,0.11279076977743752,0.55,0,0.1429,continue
2024-09-26,0,0,0,0,0,0,NORMAL,0.0,0.13407912607459926,0.6,0,0.0,continue
2024-09-27,0,0,0,0,0,0,NORMAL,0.0,0.17233707321712766,0.6,0,0.0,continue
2024-09-30,15,7,6,2,10,5,NORMAL,0.0,0.2480242785431126,0.6,0,0.2222,continue
2024-10-08,0,0,0,0,0,0,NORMAL,0.0,0.33811553078735934,0.6,0,0.0,continue
2024-10-09,0,0,0,0,0,0,WARNING,-0.10095017308472617,0.19832587308218486,0.6,1,0.0,warn
2024-10-10,19,7,5,7,9,10,HALTED,-0.07922653313987038,0.24474203725354782,0.6,0,0.5,halt
2024-10-11,1,0,0,1,0,1,HALTED,-0.1133122236922784,0.17302395529361148,0.6,1,1.0,halt
2024-10-14,0,0,0,0,0,0,NORMAL,-0.07274821855529283,0.24936520525117878,0.6,0,0.0,continue
2024-10-15,21,9,5,7,9,12,HALTED,-0.07942509183764529,0.2253191121352085,0.6,1,0.4375,halt
2024-10-16,0,0,0,0,0,0,NORMAL,-0.07412008114028723,0.20557611292224487,0.6,0,0.0,continue
2024-10-17,0,0,0,0,0,0,WARNING,-0.09155178971579393,0.1838534768960154,0.55,1,0.0,warn
2024-10-18,20,11,7,2,11,9,NORMAL,-0.06865248228544064,0.2155345292499824,0.6,0,0.1538,continue
2024-10-21,1,0,1,0,1,0,NORMAL,-0.043783038273964764,0.2557076870992261,0.65,0,0.0,continue
2024-10-22,0,0,0,0,0,0,NORMAL,-0.011853360411665199,0.32720922759116866,0.7,0,0.0,continue
2024-10-23,20,9,2,9,5,15,HALTED,0.0,0.3108973515090556,0.75,0,0.5,halt
2024-10-24,1,0,1,0,1,0,NORMAL,0.0,0.3548893985649957,0.75,0,0.0,continue
2024-10-25,0,0,0,0,0,0,NORMAL,0.0,0.4093077848180089,0.8,0,0.0,continue
2024-10-28,24,4,1,19,5,19,HALTED,0.0,0.4523725186900551,0.8,0,0.8261,halt
2024-10-29,0,0,0,0,0,0,NORMAL,-0.01264664353900315,0.41252803865801746,0.75,1,0.0,continue
2024-10-30,1,0,1,0,1,0,NORMAL,-0.012316500856761085,0.37449476129593817,0.75,0,0.0,continue
2024-10-31,18,9,5,4,8,10,WARNING,0.0,0.33804980522033645,0.75,0,0.3077,warn
2024-11-01,1,0,1,0,1,0,NORMAL,-0.02223682287904764,0.2024698259767861,0.7,1,0.0,continue
2024-11-04,1,0,1,0,1,0,NORMAL,-0.0023410102976085295,0.15396171298541916,0.7,0,0.0,continue
2024-11-05,19,11,8,0,12,7,NORMAL,0.0,0.3319052018168718,0.7,0,0.0,continue
2024-11-06,2,0,2,0,2,0,NORMAL,0.0,0.3358026453120042,0.75,0,0.0,continue
2024-11-07,0,0,0,0,0,0,NORMAL,0.0,0.41898581943870794,0.75,0,0.0,continue
2024-11-08,21,9,7,5,8,13,WARNING,-0.0035310379032119903,0.352118877847156,0.75,1,0.3571,warn
2024-11-11,0,0,0,0,0,0,NORMAL,0.0,0.40350099848780285,0.75,0,0.0,continue
2024-11-12,1,0,1,0,1,0,NORMAL,0.0,0.401940094950584,0.8,0,0.0,continue
2024-11-13,18,9,7,2,8,10,NORMAL,0.0,0.4318438852121633,0.8,0,0.1818,continue
2024-11-14,1,0,1,0,1,0,NORMAL,-0.02606160103043835,0.3602400892602815,0.8,1,0.0,continue
2024-11-15,0,0,0,0,0,0,NORMAL,-0.04716740563896871,0.29615221016029847,0.75,2,0.0,continue
2024-11-18,16,7,8,1,8,8,WARNING,-0.07355156592669691,0.21953900854526753,0.7,3,0.125,warn
2024-11-19,0,0,0,0,0,0,NORMAL,-0.055976088755393796,0.2087569024671707,0.7,0,0.0,continue
2024-11-20,0,0,0,0,0,0,NORMAL,-0.027295154151461967,0.21825588794119577,0.7,0,0.0,continue
2024-11-21,20,12,7,1,8,12,NORMAL,-0.021815592772219377,0.1684674680782008,0.7,0,0.0769,continue
2024-11-22,0,0,0,0,0,0,NORMAL,-0.06250042017048282,0.05719440858086844,0.65,1,0.0,continue
2024-11-25,0,0,0,0,0,0,NORMAL,-0.0333395616003277,0.10404077654411026,0.65,0,0.0,continue
2024-11-26,21,7,10,4,11,10,WARNING,-0.031158907605495036,0.10616147311516033,0.7,0,0.3636,warn
2024-11-27,0,0,0,0,0,0,NORMAL,-0.02363939654208783,0.09798601992808242,0.7,0,0.0,continue
2024-11-28,0,0,0,0,0,0,NORMAL,-0.005956473706704872,0.14329495506466117,0.7,0,0.0,continue
2024-11-29,22,11,5,6,9,13,WARNING,0.0,0.14201768603442644,0.75,0,0.3529,warn
2024-12-02,0,0,0,0,0,0,NORMAL,0.0,0.13270904382511284,0.75,0,0.0,continue
2024-12-03,0,0,0,0,0,0,NORMAL,0.0,0.11074624082872231,0.75,0,0.0,continue
2024-12-04,24,9,3,12,5,19,HALTED,-0.006182579754785432,0.07911511493172818,0.7,1,0.5714,halt
2024-12-05,1,0,1,0,1,0,NORMAL,0.0,0.09495375845526333,0.7,0,0.0,continue
2024-12-06,0,0,0,0,0,0,NORMAL,0.0,0.07843024708292656,0.75,0,0.0,continue
2024-12-09,20,9,5,6,7,13,WARNING,0.0,0.07897721263949475,0.75,0,0.4,warn
2024-12-10,1,0,1,0,1,0,NORMAL,0.0,0.07808350711142098,0.75,0,0.0,continue
2024-12-11,0,0,0,0,0,0,NORMAL,0.0,0.11900956537584695,0.75,0,0.0,continue
2024-12-12,15,10,5,0,7,8,NORMAL,0.0,0.19357186129324355,0.8,0,0.0,continue
2024-12-13,1,0,1,0,1,0,NORMAL,-0.018939982122863443,0.20431335367315895,0.8,1,0.0,continue
2024-12-16,0,0,0,0,0,0,NORMAL,-0.019968479051461867,0.18065286734162989,0.8,2,0.0,continue
2024-12-17,18,6,7,5,10,8,HALTED,-0.08508586699855998,0.06970600440151031,0.75,3,0.4545,halt
2024-12-18,0,0,0,0,0,0,WARNING,-0.0823819871048604,0.06685739332382123,0.75,0,0.0,warn
2024-12-19,1,0,1,0,1,0,WARNING,-0.09136050501807483,0.10226420638723877,0.7,1,0.0,warn
2024-12-20,18,10,6,2,9,9,NORMAL,-0.0689854144741755,0.09533689482479812,0.75,0,0.1667,continue
2024-12-23,0,0,0,0,0,0,HALTED,-0.1436452699125226,0.005232050158318957,0.7,1,0.0,halt
2024-12-24,1,0,1,0,1,0,HALTED,-0.15531932322301217,-0.016107865416612133,0.65,2,0.0,halt
2024-12-25,18,8,7,3,8,10,HALTED,-0.17689407198730464,-0.05829363711257518,0.6,3,0.2727,halt
2024-12-26,0,0,0,0,0,0,HALTED,-0.16103786154874142,-0.05824236011027473,0.6,0,0.0,halt
2024-12-27,1,0,1,0,1,0,HALTED,-0.14118775041559134,-0.06333605134130316,0.6,0,0.0,halt
2024-12-30,16,8,6,2,8,8,HALTED,-0.16517620844966652,-0.09604691844384838,0.55,1,0.2,halt
2024-12-31,0,0,0,0,0,0,HALTED,-0.18318259249237975,-0.1100421223559871,0.5,2,0.0,halt
2025-01-02,14,1,13,0,13,1,HALTED,-0.18487510719306416,-0.12163131488025059,0.5,3,0.0,halt
2025-01-03,0,0,0,0,0,0,HALTED,-0.18481234516867495,-0.13452466756474257,0.5,0,0.0,halt
2025-01-06,0,0,0,0,0,0,HALTED,-0.18479665466257741,-0.1389456234810107,0.5,0,0.0,halt
2025-01-07,0,0,0,0,0,0,HALTED,-0.1847338926381882,-0.13997284808362465,0.5,0,0.0,halt
2025-01-08,0,0,0,0,0,0,HALTED,-0.18447499928758262,-0.14898509181451314,0.5,0,0.0,halt
2025-01-09,0,0,0,0,0,0,HALTED,-0.18456914232416652,-0.18456914232416655,0.45,1,0.0,halt
2025-01-10,0,0,0,0,0,0,HALTED,-0.18449853504672856,-0.16875476515912702,0.45,0,0.0,halt
2025-01-13,0,0,0,0,0,0,HALTED,-0.18462405909550714,-0.16801049407541602,0.45,1,0.0,halt
2025-01-14,0,0,0,0,0,0,HALTED,-0.18468682111989634,-0.10886371794759409,0.45,2,0.0,halt
2025-01-15,0,0,0,0,0,0,HALTED,-0.18453776131197183,-0.11132712389200361,0.5,0,0.0,halt
2025-01-16,0,0,0,0,0,0,HALTED,-0.1846083685894098,-0.10262360824761407,0.45,1,0.0,halt
2025-01-17,0,0,0,0,0,0,HALTED,-0.1845456065650206,-0.12412285896206254,0.5,0,0.0,halt
2025-01-20,0,0,0,0,0,0,HALTED,-0.18459267808331245,-0.04781594207648854,0.45,1,0.0,halt
2025-01-21,0,0,0,0,0,0,HALTED,-0.18449068979367997,-0.034535378128899286,0.5,0,0.0,halt
2025-01-22,0,0,0,0,0,0,HALTED,-0.18442008251624198,-0.009143428898766515,0.55,0,0.0,halt
2025-01-23,0,0,0,0,0,0,HALTED,-0.18446715403453404,-0.02792651946015534,0.55,1,0.0,halt
2025-01-24,0,0,0,0,0,0,HALTED,-0.1844514635284367,-0.050376218007814,0.55,0,0.0,halt
2025-01-27,0,0,0,0,0,0,HALTED,-0.18394152208027406,-0.022478173023505854,0.55,0,0.0,halt
2025-02-05,1,0,1,0,1,0,HALTED,-0.18400428410466327,-0.0010059673125610846,0.55,1,0.0,halt
2025-02-06,10,10,0,0,0,10,HALTED,-0.1837070462693223,0.001432983993065795,0.6,0,0.0,halt
2025-02-07,0,0,0,0,0,0,HALTED,-0.17982295133021575,0.00612054636608983,0.65,0,0.0,halt
2025-02-10,0,0,0,0,0,0,HALTED,-0.1719801991296394,0.015721789669095543,0.65,0,0.0,halt
2025-02-11,12,10,2,0,2,10,HALTED,-0.17404142497753017,0.013115309914279116,0.6,1,0.0,halt
2025-02-12,1,0,1,0,1,0,HALTED,-0.17638896643833557,0.009915125645667988,0.55,2,0.0,halt
2025-02-13,0,0,0,0,0,0,HALTED,-0.1811165881721777,0.004234024404998982,0.5,3,0.0,halt
2025-02-14,12,12,0,0,2,10,HALTED,-0.18187069297575914,0.003222363397127559,0.5,4,0.0,halt
2025-02-17,0,0,0,0,0,0,HALTED,-0.1510219909260083,0.04121052202279141,0.5,0,0.0,halt
2025-02-18,4,0,4,0,4,0,HALTED,-0.1508185654595607,0.04154017932944032,0.55,0,0.0,halt
2025-02-19,13,12,1,0,4,9,WARNING,-0.13608672890751447,0.0594154212246647,0.6,0,0.0,warn
2025-02-20,2,0,2,0,2,0,WARNING,-0.13522109832071824,0.060568772558106554,0.6,0,0.0,warn
2025-02-21,0,0,0,0,0,0,WARNING,-0.1411790446855556,0.05318085502831105,0.6,1,0.0,warn
2025-02-24,15,11,3,1,5,10,WARNING,-0.1317409097974536,0.06481640140491507,0.6,0,0.0833,warn
2025-02-25,0,0,0,0,0,0,WARNING,-0.13131632136799626,0.0652038765961247,0.65,0,0.0,warn
2025-02-26,0,0,0,0,0,0,WARNING,-0.12270173335095653,0.07567418942303039,0.65,0,0.0,warn
2025-02-27,14,7,6,1,8,6,WARNING,-0.12473121510056111,0.07324774131353928,0.6,1,0.125,warn
2025-02-28,1,0,1,0,1,0,WARNING,-0.13442934556490366,0.06133554991092449,0.6,2,0.0,warn
2025-03-03,1,0,1,0,1,0,WARNING,-0.13392519219068452,0.06129012962047753,0.6,0,0.0,warn
2025-03-04,14,9,5,0,9,5,WARNING,-0.13001069064389412,0.06616896683278006,0.6,0,0.0,warn
2025-03-05,0,0,0,0,0,0,WARNING,-0.13905801800264952,0.05469730941889761,0.6,1,0.0,warn
2025-03-06,0,0,0,0,0,0,WARNING,-0.1275693997985173,0.06371008749445828,0.6,0,0.0,warn
2025-03-07,15,7,7,1,10,5,WARNING,-0.13854107417986516,0.04038445084842812,0.55,1,0.125,warn
2025-03-10,0,0,0,0,0,0,WARNING,-0.10438458373727384,0.08433454575898236,0.55,0,0.0,warn
2025-03-11,3,0,2,1,2,1,HALTED,-0.1006058671263072,0.09201321524835349,0.6,0,1.0,halt
2025-03-12,13,9,3,1,5,8,NORMAL,-0.0959085936470268,0.10405387787128206,0.65,0,0.1,continue
2025-03-13,0,0,0,0,0,0,WARNING,-0.10816015576334054,0.09009643900977449,0.65,1,0.0,warn
2025-03-14,0,0,0,0,0,0,NORMAL,-0.0908324277901375,0.07089649259763697,0.7,0,0.0,continue
2025-03-17,16,2,8,6,8,8,HALTED,-0.0832306156296779,0.07959188352540947,0.7,0,0.75,halt
2025-03-18,0,0,0,0,0,0,NORMAL,-0.083381778002469,0.06100722453122631,0.65,1,0.0,continue
2025-03-19,0,0,0,0,0,0,NORMAL,-0.08918893249052699,0.05322998253172351,0.6,2,0.0,continue
2025-03-20,11,7,3,1,4,7,NORMAL,-0.08709138043492491,0.06297897590403734,0.6,0,0.125,continue
2025-03-21,0,0,0,0,0,0,WARNING,-0.10751673293830728,0.02789971004334113,0.6,1,0.0,warn
2025-03-24,1,1,0,0,1,0,WARNING,-0.14679181103113245,-0.017814873289097477,0.55,2,0.0,warn
2025-03-25,22,3,2,17,4,18,HALTED,-0.14833907184417294,-0.029223058414490688,0.5,3,0.85,halt
2025-03-26,0,0,0,0,0,0,WARNING,-0.11969676616835392,0.005751889041473834,0.5,0,0.0,warn
2025-03-27,2,1,1,0,2,0,WARNING,-0.13634618819077812,-0.0022145420666155324,0.5,1,0.0,warn
2025-03-28,13,8,5,0,6,7,HALTED,-0.16453711487053066,-0.03534558724468295,0.5,2,0.0,halt
2025-03-31,0,0,0,0,0,0,HALTED,-0.18651058495898068,-0.06494320528708919,0.45,3,0.0,halt
2025-04-01,13,1,12,0,12,1,HALTED,-0.18363955115838312,-0.05178227347248909,0.45,0,0.0,halt
2025-04-02,0,0,0,0,0,0,HALTED,-0.1835819760781583,-0.06420290194624678,0.5,0,0.0,halt
2025-04-03,0,0,0,0,0,0,HALTED,-0.18354599165301777,-0.05224267359039381,0.5,0,0.0,halt
2025-04-07,0,0,0,0,0,0,HALTED,-0.1836107636182706,-0.08846004483888426,0.5,1,0.0,halt
2025-04-08,0,0,0,0,0,0,HALTED,-0.17711748756606602,-0.08507017962780483,0.5,0,0.0,halt
2025-04-09,0,0,0,0,0,0,HALTED,-0.17005476840621284,-0.08201181234349453,0.5,0,0.0,halt
2025-04-10,0,0,0,0,0,0,HALTED,-0.16740636102787151,-0.06643144018222324,0.5,0,0.0,halt
2025-04-11,0,0,0,0,0,0,HALTED,-0.1747110696577945,-0.09225872592857431,0.5,1,0.0,halt
2025-04-14,0,0,0,0,0,0,HALTED,-0.17472636188067917,-0.09980235794397152,0.45,2,0.0,halt
2025-04-15,0,0,0,0,0,0,HALTED,-0.17170642110176212,-0.09635924857222733,0.45,0,0.0,halt
2025-04-16,0,0,0,0,0,0,HALTED,-0.17475694632644864,-0.09394705102771672,0.45,1,0.0,halt
2025-04-17,0,0,0,0,0,0,HALTED,-0.17708419849941087,-0.09857812286552847,0.45,2,0.0,halt
2025-04-18,0,0,0,0,0,0,HALTED,-0.1763114457053186,-0.07708235583340728,0.45,0,0.0,halt
2025-04-21,0,0,0,0,0,0,HALTED,-0.17698974054121713,-0.03539338921087942,0.45,1,0.0,halt
2025-04-22,0,0,0,0,0,0,HALTED,-0.1766910744437509,-0.03329024693074856,0.5,0,0.0,halt
2025-04-23,0,0,0,0,0,0,HALTED,-0.17826716447770513,-0.06653434414231918,0.5,1,0.0,halt
2025-04-24,0,0,0,0,0,0,HALTED,-0.17801977502826408,-0.04825265200901063,0.5,0,0.0,halt
2025-04-25,0,0,0,0,0,0,HALTED,-0.1777139120457698,-0.015771852238770867,0.55,0,0.0,halt
2025-04-28,0,0,0,0,0,0,HALTED,-0.17772830581582588,0.01079581243563199,0.55,1,0.0,halt
2025-04-29,0,0,0,0,0,0,HALTED,-0.17600648117565273,0.009350122232846259,0.6,0,0.0,halt
2025-04-30,0,0,0,0,0,0,HALTED,-0.1731340719086116,0.012797248301008812,0.6,0,0.0,halt
2025-05-06,1,0,1,0,1,0,HALTED,-0.17251425060576628,0.013511772781404696,0.6,0,0.0,halt
2025-05-07,11,10,1,0,1,10,HALTED,-0.17311437541438746,0.012857087938106027,0.55,1,0.0,halt
2025-05-08,0,0,0,0,0,0,HALTED,-0.17074264519521537,0.007746965422797736,0.6,0,0.0,halt
2025-05-09,0,0,0,0,0,0,HALTED,-0.17212153872691946,-0.0024902490453950765,0.55,1,0.0,halt
2025-05-12,11,10,1,0,1,10,HALTED,-0.1702179015051437,-0.003376845973436904,0.55,0,0.0,halt
2025-05-13,0,0,0,0,0,0,HALTED,-0.1735243931619431,0.001437892175967237,0.5,1,0.0,halt
2025-05-14,0,0,0,0,0,0,HALTED,-0.17567280691003717,-0.0011468257140926363,0.5,2,0.0,halt
2025-05-15,11,10,1,0,1,10,HALTED,-0.17234604912139537,-0.0007722238055787312,0.55,0,0.0,halt
2025-05-16,0,0,0,0,0,0,HALTED,-0.17032008430518233,0.005376430618247108,0.55,0,0.0,halt
2025-05-19,0,0,0,0,0,0,HALTED,-0.16083399704452042,0.019747101009918833,0.6,0,0.0,halt
2025-05-20,11,10,1,0,1,10,WARNING,-0.1454217797640296,0.037501633087204445,0.65,0,0.0,warn
2025-05-21,0,0,0,0,0,0,HALTED,-0.1561543082321975,0.025316127070786676,0.6,1,0.0,halt
2025-05-22,0,0,0,0,0,0,HALTED,-0.1674948206556355,0.011169870145525396,0.6,2,0.0,halt
2025-05-23,13,9,1,3,1,12,HALTED,-0.17752435331880181,0.0009039570122948426,0.55,3,0.25,halt
2025-05-26,0,0,0,0,0,0,HALTED,-0.16760506359640953,0.012670270056938104,0.6,0,0.0,halt
2025-05-27,0,0,0,0,0,0,HALTED,-0.16000887649164808,0.021531478901911427,0.6,0,0.0,halt
2025-05-28,12,4,5,3,6,6,HALTED,-0.1652810097302686,0.015137692533496505,0.55,1,0.4286,halt
2025-05-29,0,0,0,0,0,0,WARNING,-0.1490240152310025,0.032745968661438196,0.6,0,0.0,warn
2025-05-30,0,0,0,0,0,0,HALTED,-0.15312494296098159,0.02419875855063469,0.55,1,0.0,halt
2025-06-03,14,7,3,4,9,5,WARNING,-0.14739885392653304,0.030351455233663005,0.55,0,0.3636,warn
2025-06-04,0,0,0,0,0,0,WARNING,-0.1394941362679927,0.040658874875522555,0.55,0,0.0,warn
2025-06-05,0,0,0,0,0,0,WARNING,-0.14017964651371997,0.03685586688428022,0.55,1,0.0,warn
2025-06-06,12,6,4,2,8,4,WARNING,-0.13088669419277935,0.049807847966875096,0.55,0,0.25,warn
2025-06-09,0,0,0,0,0,0,WARNING,-0.11775372206452926,0.06322645371089508,0.6,0,0.0,warn
2025-06-10,0,0,0,0,0,0,WARNING,-0.12496709416515737,0.058752247005277036,0.55,1,0.0,warn
2025-06-11,15,4,3,8,4,11,HALTED,-0.12340847116567677,0.06340241615522757,0.6,0,0.6667,halt
2025-06-12,0,0,0,0,0,0,WARNING,-0.11927845949877605,0.06411808892627757,0.65,0,0.0,warn
2025-06-13,0,0,0,0,0,0,WARNING,-0.13926116189212862,0.03743482495540862,0.6,1,0.0,warn
2025-06-16,15,8,3,4,6,9,WARNING,-0.12847125007542182,0.03856536949199496,0.6,0,0.3333,warn
2025-06-17,0,0,0,0,0,0,WARNING,-0.13209294121421145,0.015596978994079302,0.55,1,0.0,warn
2025-06-18,0,0,0,0,0,0,WARNING,-0.1398934568694491,0.019269934682824452,0.5,2,0.0,warn
2025-06-19,15,9,3,3,7,8,HALTED,-0.16258977857040996,0.005891905788608431,0.5,3,0.25,halt
2025-06-20,0,0,0,0,0,0,HALTED,-0.16705258827985892,0.012732006207354596,0.5,4,0.0,halt
2025-06-23,0,0,0,0,0,0,WARNING,-0.14612632516860016,0.025803542871860152,0.55,0,0.0,warn
2025-06-24,13,4,6,3,8,5,HALTED,-0.11625561866232688,0.05208776212607935,0.55,0,0.4286,halt
2025-06-25,0,0,0,0,0,0,WARNING,-0.11458792348946921,0.060730721154934386,0.55,0,0.0,warn
2025-06-26,1,0,1,0,1,0,WARNING,-0.10222871375694345,0.05499015520016348,0.6,0,0.0,warn
2025-06-27,13,7,3,3,7,6,WARNING,-0.09328761223595503,0.0706566219274889,0.6,0,0.3,warn
2025-06-30,0,0,0,0,0,0,NORMAL,-0.08403651207074103,0.07431651030214792,0.65,0,0.0,continue
2025-07-01,0,0,0,0,0,0,NORMAL,-0.048502424832486714,0.10574211666713773,0.65,0,0.0,continue
2025-07-02,15,8,3,4,3,12,WARNING,-0.05343589970789348,0.10088589605271614,0.6,1,0.3333,warn
2025-07-03,0,0,0,0,0,0,NORMAL,-0.06376014157112074,0.07723567476545812,0.6,2,0.0,continue
2025-07-04,0,0,0,0,0,0,WARNING,-0.07753360867967134,0.045588306112184895,0.55,3,0.0,warn
2025-07-07,13,4,8,1,10,3,NORMAL,-0.05913366154352418,0.07523537935847502,0.55,0,0.2,continue
2025-07-08,0,0,0,0,0,0,NORMAL,-0.05555105773397341,0.07741052839278395,0.6,0,0.0,continue
2025-07-09,0,0,0,0,0,0,NORMAL,-0.05709482199090308,0.07060533284161963,0.55,1,0.0,continue
2025-07-10,15,7,5,3,8,7,WARNING,-0.051459921287344584,0.10200683031544622,0.55,0,0.3,warn
2025-07-11,0,0,0,0,0,0,NORMAL,-0.05968798934013353,0.07892253782934966,0.55,1,0.0,continue
2025-07-14,0,0,0,0,0,0,NORMAL,-0.04839323317414578,0.09643856124083428,0.55,0,0.0,continue
2025-07-15,16,5,6,5,9,7,HALTED,-0.06794244689759908,0.08365360145961476,0.55,1,0.5,halt
2025-07-16,0,0,0,0,0,0,NORMAL,-0.05900015515817261,0.12370236326396133,0.6,0,0.0,continue
2025-07-17,0,0,0,0,0,0,NORMAL,-0.05583454460983846,0.13352348792385493,0.65,0,0.0,continue
2025-07-18,19,3,5,11,6,13,HALTED,-0.053304158736037915,0.108707141546307,0.7,0,0.7857,halt
2025-07-21,0,0,0,0,0,0,NORMAL,-0.02605149097626352,0.10207038323630013,0.7,0,0.0,continue
2025-07-22,0,0,0,0,0,0,NORMAL,-0.024076839857676873,0.10222481264147953,0.7,0,0.0,continue
2025-07-23,16,8,4,4,5,11,WARNING,-0.03206593613041147,0.0781521738349924,0.65,1,0.3333,warn
2025-07-24,0,0,0,0,0,0,NORMAL,-0.022229081770631976,0.07836942720122475,0.65,0,0.0,continue
2025-07-25,0,0,0,0,0,0,NORMAL,-0.010180736716759196,0.08063178972444573,0.65,0,0.0,continue
2025-07-28,12,4,7,1,9,3,NORMAL,-0.006071659927001974,0.04459366583043023,0.65,0,0.2,continue
2025-07-29,0,0,0,0,0,0,NORMAL,0.0,0.05964457769281295,0.65,0,0.0,continue
2025-07-30,1,0,1,0,1,0,NORMAL,0.0,0.07641747821333489,0.7,0,0.0,continue
2025-07-31,15,10,3,2,5,10,NORMAL,-0.016166087541710297,0.07482832660234218,0.7,1,0.1667,continue
2025-08-01,0,0,0,0,0,0,NORMAL,-0.006417996296061653,0.06424998581179686,0.75,0,0.0,continue
2025-08-04,1,0,1,0,1,0,NORMAL,0.0,0.07407480852443493,0.75,0,0.0,continue
2025-08-05,14,6,7,1,11,3,NORMAL,0.0,0.08823930868071428,0.75,0,0.1429,continue
2025-08-06,0,0,0,0,0,0,NORMAL,0.0,0.08958369712066427,0.8,0,0.0,continue
2025-08-07,1,0,1,0,1,0,NORMAL,-0.003458102098679543,0.09531708400399985,0.75,1,0.0,continue
2025-08-08,14,6,6,2,8,6,NORMAL,0.0,0.08888778330072866,0.8,0,0.25,continue
2025-08-11,0,0,0,0,0,0,NORMAL,0.0,0.12655585362731703,0.8,0,0.0,continue
2025-08-12,0,0,0,0,0,0,NORMAL,-0.003994066784593288,0.11139344867366274,0.8,1,0.0,continue
2025-08-13,14,6,6,2,9,5,NORMAL,-0.013343966476867211,0.09726904635906286,0.75,2,0.25,continue
2025-08-14,0,0,0,0,0,0,WARNING,-0.04215623873972738,0.06237945710149684,0.7,3,0.0,warn
2025-08-15,0,0,0,0,0,0,WARNING,-0.04266098829009274,0.03210817617562167,0.65,4,0.0,warn
2025-08-18,16,9,5,2,11,5,NORMAL,-0.030059010709229568,0.04357855727297877,0.65,0,0.1818,continue
2025-08-19,0,0,0,0,0,0,NORMAL,-0.00043792183901183253,0.084324962917947,0.65,0,0.0,continue
2025-08-20,0,0,0,0,0,0,NORMAL,0.0,0.07789598768574502,0.7,0,0.0,continue
2025-08-21,17,5,6,6,9,8,HALTED,0.0,0.07552945076372408,0.7,0,0.5455,halt
2025-08-22,0,0,0,0,0,0,NORMAL,-0.011225675222585548,0.05905939032414853,0.65,1,0.0,continue
2025-08-25,0,0,0,0,0,0,NORMAL,-0.012945159496117662,0.04763317297119496,0.6,2,0.0,continue
2025-08-26,18,10,3,5,8,10,WARNING,0.0,0.05974214724722193,0.6,0,0.3333,warn
2025-08-27,0,0,0,0,0,0,NORMAL,-0.0377154170704952,0.03653016760574901,0.55,1,0.0,continue
2025-08-28,0,0,0,0,0,0,NORMAL,-0.047999358454402015,0.015391986057834872,0.55,2,0.0,continue
2025-08-29,18,8,5,5,9,9,WARNING,-0.056931250087816784,-0.007116226414700777,0.5,3,0.3846,warn
2025-09-01,0,0,0,0,0,0,WARNING,-0.042433492818839326,-0.003345591982388374,0.5,0,0.0,warn
2025-09-02,0,0,0,0,0,0,WARNING,-0.045748727882183524,-0.013914575139015395,0.45,1,0.0,warn
2025-09-03,21,7,4,10,7,14,HALTED,-0.0754638286480665,-0.04130571924779636,0.4,2,0.5882,halt
2025-09-04,0,0,0,0,0,0,WARNING,-0.06181157513654581,-0.033019986110417454,0.45,0,0.0,warn
2025-09-05,0,0,0,0,0,0,WARNING,-0.04661540349083234,-0.030292517801551733,0.45,0,0.0,warn
2025-09-08,15,10,5,0,13,2,WARNING,-0.028263898376064973,-0.007663357977423124,0.45,0,0.0,warn
2025-09-09,0,0,0,0,0,0,WARNING,-0.03153993273181142,-0.0016368152278821713,0.45,1,0.0,warn
2025-09-10,0,0,0,0,0,0,NORMAL,-0.025813767423976425,0.034474830750196084,0.5,0,0.0,continue
2025-09-11,14,4,7,3,9,5,HALTED,-0.022064743574715894,0.03900338489047561,0.55,0,0.4286,halt
2025-09-12,0,0,0,0,0,0,NORMAL,-0.032791340736452325,0.014255751039830677,0.55,1,0.0,continue
2025-09-15,0,0,0,0,0,0,WARNING,-0.02411731690815824,-0.006974374153122631,0.55,0,0.0,warn
2025-09-16,13,10,2,1,6,7,NORMAL,0.0,0.015240710038417538,0.55,0,0.0909,continue
2025-09-17,0,0,0,0,0,0,WARNING,-0.008712212095816995,-0.0036669361589726224,0.5,1,0.0,warn
2025-09-18,0,0,0,0,0,0,WARNING,-0.03648128445201442,-0.02058272221134383,0.45,2,0.0,warn
2025-09-19,15,8,5,2,6,9,WARNING,-0.046262269529900674,-0.028836239252776563,0.45,3,0.2,warn
2025-09-22,0,0,0,0,0,0,HALTED,-0.05587613896435713,-0.05410289822010428,0.45,4,0.0,halt
2025-09-23,0,0,0,0,0,0,HALTED,-0.07111368053828292,-0.032894262498648574,0.4,5,0.0,halt
2025-09-24,12,6,4,2,6,6,WARNING,-0.04763535359505347,0.0022612624844546847,0.45,0,0.25,warn
2025-09-25,0,0,0,0,0,0,WARNING,-0.05877085635310866,-7.613690977725796e-05,0.45,1,0.0,warn
2025-09-26,0,0,0,0,0,0,WARNING,-0.05389977723419727,-0.0101187036330187,0.5,0,0.0,warn
2025-09-29,19,0,0,19,0,19,HALTED,-0.02222257086613773,0.02657853982548919,0.5,0,1.0,halt
2025-09-30,0,0,0,0,0,0,NORMAL,0.0,0.08931168756539298,0.55,0,0.0,continue
2025-10-09,0,0,0,0,0,0,NORMAL,0.0,0.09398661387434437,0.6,0,0.0,continue
2025-10-10,20,3,2,15,2,18,HALTED,0.0,0.12292248372491188,0.6,0,0.8333,halt
2025-10-13,0,0,0,0,0,0,NORMAL,-0.010666722461896788,0.0899640854796726,0.55,1,0.0,continue
2025-10-14,0,0,0,0,0,0,NORMAL,-0.01094401900928023,0.09334459913807192,0.5,2,0.0,continue
2025-10-15,11,9,2,0,3,8,WARNING,-0.011159019830116069,0.0866817592932767,0.5,3,0.0,warn
2025-10-16,0,0,0,0,0,0,WARNING,-0.02276958747856398,0.06980538389507251,0.45,4,0.0,warn
2025-10-17,0,0,0,0,0,0,HALTED,-0.03250955782183191,0.07088889691313804,0.4,5,0.0,halt
2025-10-20,16,6,5,5,8,8,HALTED,-0.013262132275017255,0.08248551141228022,0.45,0,0.4545,halt
2025-10-21,0,0,0,0,0,0,WARNING,0.0,0.08094295050930622,0.45,0,0.0,warn
2025-10-22,0,0,0,0,0,0,WARNING,0.0,0.09965744097702145,0.45,0,0.0,warn
2025-10-23,14,6,5,3,8,6,WARNING,-0.0012735356605313806,0.1299092821223764,0.45,1,0.3333,warn
2025-10-24,0,0,0,0,0,0,NORMAL,0.0,0.15150366519239022,0.5,0,0.0,continue
2025-10-27,0,0,0,0,0,0,NORMAL,0.0,0.17479310094339673,0.55,0,0.0,continue
2025-10-28,17,9,3,5,6,11,WARNING,0.0,0.21982468629711538,0.6,0,0.3571,warn
2025-10-29,1,0,1,0,1,0,NORMAL,-0.023608319494899475,0.16166469329398736,0.6,1,0.0,continue
2025-10-30,0,0,0,0,0,0,NORMAL,-0.025220541203491282,0.1734672886291566,0.55,2,0.0,continue
2025-10-31,13,10,3,0,8,5,NORMAL,-0.009729903549063413,0.18597765023457535,0.6,0,0.0,continue
2025-11-03,0,0,0,0,0,0,NORMAL,0.0,0.16117538601224068,0.6,0,0.0,continue
2025-11-04,0,0,0,0,0,0,NORMAL,0.0,0.1330041461811431,0.6,0,0.0,continue
2025-11-05,17,7,6,4,9,8,WARNING,0.0,0.12998495536306365,0.6,0,0.3636,warn
2025-11-06,0,0,0,0,0,0,NORMAL,0.0,0.0880658101066778,0.6,0,0.0,continue
2025-11-07,0,0,0,0,0,0,NORMAL,0.0,0.10545476141187748,0.6,0,0.0,continue
2025-11-10,14,8,5,1,12,2,NORMAL,0.0,0.11735778747934145,0.65,0,0.1111,continue
2025-11-11,0,0,0,0,0,0,NORMAL,0.0,0.12957613471925988,0.7,0,0.0,continue
2025-11-12,0,0,0,0,0,0,NORMAL,0.0,0.1436021356748547,0.75,0,0.0,continue
2025-11-13,14,8,6,0,8,6,NORMAL,0.0,0.16335803156622153,0.8,0,0.0,continue
2025-11-14,0,0,0,0,0,0,NORMAL,0.0,0.14954480663484726,0.85,0,0.0,continue
2025-11-17,0,0,0,0,0,0,NORMAL,0.0,0.13265076714605728,0.85,0,0.0,continue
2025-11-18,13,8,4,1,10,3,NORMAL,-0.00985195010550123,0.11209467251771521,0.8,1,0.1111,continue
2025-11-19,0,0,0,0,0,0,NORMAL,-0.03737121963579822,0.0825648149600875,0.75,2,0.0,continue
2025-11-20,0,0,0,0,0,0,WARNING,-0.049942750487511865,0.059142230413283814,0.75,3,0.0,warn
2025-11-21,18,3,9,6,10,8,HALTED,-0.10322983814632342,-0.010103963374287317,0.7,4,0.6667,halt
2025-11-24,0,0,0,0,0,0,WARNING,-0.07729751174486749,-0.00298772804613634,0.7,0,0.0,warn
2025-11-25,0,0,0,0,0,0,NORMAL,-0.05674431803408776,0.04386460485797361,0.7,0,0.0,continue
2025-11-26,12,6,6,0,8,4,NORMAL,-0.0718223769490555,0.028877185825801455,0.7,1,0.0,continue
2025-11-27,0,0,0,0,0,0,NORMAL,-0.06253085851391861,0.022921080070847477,0.75,0,0.0,continue
2025-11-28,0,0,0,0,0,0,NORMAL,-0.04194351494654587,0.03312312525045358,0.75,0,0.0,continue
2025-12-01,15,3,6,6,8,7,HALTED,-0.03716532286792437,0.03504175882746208,0.75,0,0.6667,halt
2025-12-02,0,0,0,0,0,0,NORMAL,-0.0394175872194161,0.015952981695598778,0.7,1,0.0,continue
2025-12-03,0,0,0,0,0,0,WARNING,-0.05503580848613933,-0.004924582754700535,0.65,2,0.0,warn
2025-12-04,16,4,3,9,4,12,HALTED,-0.07696526828499951,-0.032991569352080585,0.6,3,0.6923,halt
2025-12-05,0,0,0,0,0,0,WARNING,-0.05732408078580014,-0.022661315896795542,0.6,0,0.0,warn
2025-12-08,0,0,0,0,0,0,WARNING,-0.045968864598619916,-0.02137480331616437,0.6,0,0.0,warn
2025-12-09,18,3,3,12,4,14,HALTED,-0.056943505026825735,-0.03314446444192021,0.55,1,0.8,halt
2025-12-10,0,0,0,0,0,0,HALTED,-0.07960175811719934,-0.06306057413319643,0.5,2,0.0,halt
2025-12-11,0,0,0,0,0,0,HALTED,-0.11156171096641458,-0.10258075723374316,0.45,3,0.0,halt
2025-12-12,18,7,3,8,7,11,HALTED,-0.13398318747552498,-0.13398318747552496,0.4,4,0.5333,halt
2025-12-15,0,0,0,0,0,0,HALTED,-0.11912114160478995,-0.1103564174175079,0.4,0,0.0,halt
2025-12-16,0,0,0,0,0,0,HALTED,-0.13680348484537755,-0.10329242927056481,0.4,1,0.0,halt
2025-12-17,16,9,3,4,6,10,HALTED,-0.13248989131367658,-0.08688649117568747,0.45,0,0.3077,halt
2025-12-18,0,0,0,0,0,0,WARNING,-0.1142576151857588,-0.012297216732367944,0.5,0,0.0,warn
2025-12-19,0,0,0,0,0,0,WARNING,-0.08687112708544459,-0.010375625364012153,0.55,0,0.0,warn
2025-12-22,12,5,6,1,8,4,WARNING,-0.09224817331179772,-0.03763969404744383,0.5,1,0.1667,warn
2025-12-23,0,0,0,0,0,0,WARNING,-0.09757187435119251,-0.027741993302421775,0.45,2,0.0,warn
2025-12-24,0,0,0,0,0,0,WARNING,-0.08599224482068675,-0.02502630248668991,0.5,0,0.0,warn
2025-12-25,13,9,3,1,6,7,WARNING,-0.08274089283033882,-0.042583478657332696,0.5,0,0.1,warn
2025-12-26,0,0,0,0,0,0,HALTED,-0.09074468592773535,-0.05564752115015614,0.45,1,0.0,halt
2025-12-29,0,0,0,0,0,0,WARNING,-0.0802985771030251,-0.042558545044845686,0.45,0,0.0,warn
2025-12-30,13,7,3,3,5,8,WARNING,-0.08954743367072993,-0.0365216221889868,0.45,1,0.3,warn
2025-12-31,0,0,0,0,0,0,WARNING,-0.0896556102350929,-0.013748498852816371,0.45,2,0.0,warn
2026-01-05,13,1,12,0,12,1,WARNING,-0.0903074822119441,-0.034989120602166635,0.45,3,0.0,warn
2026-01-06,0,0,0,0,0,0,WARNING,-0.09036954586436088,-0.046540075704196715,0.4,4,0.0,warn
2026-01-07,0,0,0,0,0,0,WARNING,-0.09022768608740815,-0.03529394181366541,0.4,0,0.0,warn
2026-01-08,0,0,0,0,0,0,WARNING,-0.09019222114316996,-0.011506392063837856,0.45,0,0.0,warn
2026-01-09,0,0,0,0,0,0,NORMAL,-0.09013902372681261,0.02411274649464379,0.5,0,0.0,continue
2026-01-12,0,0,0,0,0,0,NORMAL,-0.09015675619893164,0.05060690582765637,0.5,1,0.0,continue
2026-01-13,0,0,0,0,0,0,NORMAL,-0.09005036136621708,0.033002018338292416,0.55,0,0.0,continue
2026-01-14,0,0,0,0,0,0,NORMAL,-0.0900148964219789,0.05420386621349782,0.55,0,0.0,continue
2026-01-15,0,0,0,0,0,0,NORMAL,-0.08984643793684728,0.04915614578993721,0.6,0,0.0,continue
2026-01-16,0,0,0,0,0,0,NORMAL,-0.08966024697959678,0.027770341159998324,0.6,0,0.0,continue
2026-01-19,0,0,0,0,0,0,WARNING,-0.089713444395954,-0.003112723072086432,0.55,1,0.0,warn
2026-01-20,0,0,0,0,0,0,NORMAL,-0.08974004310413272,0.0027630131209051,0.5,2,0.0,continue
2026-01-21,0,0,0,0,0,0,WARNING,-0.08984643793684728,0.008560722117111563,0.5,3,0.0,warn
2026-01-22,0,0,0,0,0,0,WARNING,-0.0897843742844305,-0.004148902941200738,0.55,0,0.0,warn
2026-01-23,0,0,0,0,0,0,WARNING,-0.08973117686807315,-0.007620839066186935,0.55,0,0.0,warn
2026-01-26,0,0,0,0,0,0,NORMAL,-0.08966911321565636,0.0011829160582650378,0.55,0,0.0,continue
2026-01-27,0,0,0,0,0,0,WARNING,-0.08962478203535845,-0.010140470265835533,0.6,0,0.0,warn
2026-01-28,0,0,0,0,0,0,WARNING,-0.08964251450747762,-0.00010443249902736262,0.55,1,0.0,warn
2026-01-29,0,0,0,0,0,0,NORMAL,-0.08965138074353707,4.646034625244155e-06,0.55,2,0.0,continue
2026-01-30,0,0,0,0,0,0,NORMAL,-0.0895804508550607,0.0007992056026262517,0.6,0,0.0,continue
2026-02-02,1,0,1,0,1,0,NORMAL,-0.08959818332717985,0.0008479955059486066,0.6,1,0.0,continue
2026-02-03,10,10,0,0,0,10,NORMAL,-0.08792844553256464,0.0025272703067378277,0.65,0,0.0,continue
2026-02-04,0,0,0,0,0,0,NORMAL,-0.0855701257258151,0.005080298855174137,0.65,0,0.0,continue
2026-02-05,0,0,0,0,0,0,NORMAL,-0.08502167761485854,0.005624316511424476,0.65,0,0.0,continue
2026-02-06,11,10,1,0,1,10,NORMAL,-0.08245085944166347,0.008469477363018063,0.65,0,0.0,continue
2026-02-09,0,0,0,0,0,0,NORMAL,-0.07579319288603592,0.01566808521577867,0.7,0,0.0,continue
2026-02-10,0,0,0,0,0,0,NORMAL,-0.0757014195654195,0.015729352931470375,0.7,0,0.0,continue
2026-02-11,11,10,1,0,1,10,NORMAL,-0.07811578826619994,0.012888648860590157,0.65,1,0.0,continue
2026-02-12,0,0,0,0,0,0,NORMAL,-0.08820371246668617,0.0015999900126058009,0.6,2,0.0,continue
2026-02-13,0,0,0,0,0,0,NORMAL,-0.08691280546528808,0.0030766563709243577,0.6,0,0.0,continue
2026-02-24,12,10,2,0,3,9,NORMAL,-0.0758142668120318,0.015298680543512022,0.65,0,0.0,continue
2026-02-25,0,0,0,0,0,0,NORMAL,-0.07777289895973305,0.01326538672193478,0.65,1,0.0,continue
2026-02-26,0,0,0,0,0,0,NORMAL,-0.08190679919840888,0.008654625193704746,0.65,2,0.0,continue
2026-02-27,15,9,1,5,1,14,WARNING,-0.08559330803426152,0.004545765743766417,0.6,3,0.3571,warn
2026-03-02,0,0,0,0,0,0,WARNING,-0.1206501508806417,-0.0340327216342432,0.55,4,0.0,warn
2026-03-03,0,0,0,0,0,0,HALTED,-0.1442786699793506,-0.0600344636645358,0.5,5,0.0,halt
2026-03-04,12,6,5,1,7,5,HALTED,-0.15064209698694728,-0.0670061854288676,0.45,6,0.1429,halt
2026-03-05,0,0,0,0,0,0,HALTED,-0.13588151083507555,-0.050782885933629895,0.5,0,0.0,halt
2026-03-06,0,0,0,0,0,0,WARNING,-0.10618251888468318,-0.01823562339496665,0.55,0,0.0,warn
2026-03-09,14,6,7,1,12,2,WARNING,-0.11321760852411851,-0.025943956574316696,0.5,1,0.1429,warn
2026-03-10,0,0,0,0,0,0,NORMAL,-0.08671123929517047,0.0013345512547038307,0.55,0,0.0,continue
2026-03-11,0,0,0,0,0,0,WARNING,-0.09537186917879704,-0.010718966788745732,0.5,1,0.0,warn
2026-03-12,12,7,4,1,6,6,WARNING,-0.11242357981503964,-0.029948143611479794,0.45,2,0.125,warn
2026-03-13,0,0,0,0,0,0,WARNING,-0.11150641223797009,-0.03166648140352035,0.45,0,0.0,warn
2026-03-16,0,0,0,0,0,0,WARNING,-0.11074613603104524,-0.03781939591438144,0.45,0,0.0,warn
2026-03-17,14,3,5,6,6,8,HALTED,-0.12618286035496773,-0.0546159453861903,0.4,1,0.6667,halt
2026-03-18,0,0,0,0,0,0,WARNING,-0.10964124959113315,-0.034196768882333806,0.4,0,0.0,warn
2026-03-19,0,0,0,0,0,0,HALTED,-0.13810808926234025,-0.05473193681305788,0.4,1,0.0,halt
2026-03-20,12,7,5,0,7,5,HALTED,-0.17631025409711978,-0.09790680360749837,0.4,2,0.0,halt
2026-03-23,0,0,0,0,0,0,HALTED,-0.22876535297127032,-0.1654982117410918,0.35,3,0.0,halt
2026-03-24,0,0,0,0,0,0,HALTED,-0.1756076720578552,-0.10608533731850334,0.35,0,0.0,halt
2026-03-25,14,5,6,3,9,5,HALTED,-0.15482638275834326,-0.07942503385959943,0.4,0,0.375,halt
2026-03-26,0,0,0,0,0,0,HALTED,-0.16882004656142732,-0.09101720192822493,0.4,1,0.0,halt
2026-03-27,0,0,0,0,0,0,HALTED,-0.15347127685469578,-0.03732430955315846,0.45,0,0.0,halt
2026-03-30,12,9,3,0,10,2,WARNING,-0.14150270166868675,0.0032440097182069305,0.5,0,0.0,warn
2026-03-31,0,0,0,0,0,0,HALTED,-0.15722528150338366,-0.007750777961896715,0.5,1,0.0,halt
2026-04-01,13,1,12,0,12,1,WARNING,-0.14027569095797243,-0.005085159243778503,0.55,0,0.0,warn
2026-04-02,0,0,0,0,0,0,WARNING,-0.14015054552076822,-0.038003314271387145,0.55,0,0.0,warn
2026-04-03,0,0,0,0,0,0,WARNING,-0.13981682435489032,-0.0299952007239368,0.55,0,0.0,warn
2026-04-07,0,0,0,0,0,0,HALTED,-0.13994196979209453,-0.05828466612886296,0.55,1,0.0,halt
2026-04-08,0,0,0,0,0,0,WARNING,-0.1401672315790621,-0.04951798520746942,0.5,2,0.0,warn
2026-04-09,0,0,0,0,0,0,WARNING,-0.14006711522929874,-0.031144963729994646,0.55,0,0.0,warn
2026-04-10,0,0,0,0,0,0,WARNING,-0.1400087140252701,-0.03207935564182596,0.6,0,0.0,warn
2026-04-13,0,0,0,0,0,0,WARNING,-0.1399586558503884,-0.0328505964415613,0.6,0,0.0,warn
2026-04-14,0,0,0,0,0,0,WARNING,-0.13990025464635977,-0.015698243567257575,0.6,0,0.0,warn
2026-04-15,0,0,0,0,0,0,WARNING,-0.13989191161721284,-0.033975812572390796,0.65,0,0.0,warn
2026-04-16,0,0,0,0,0,0,WARNING,-0.13995031282124146,-0.0021374183188753726,0.6,1,0.0,warn
2026-04-17,0,0,0,0,0,0,WARNING,-0.1398501964714781,0.0442643092341477,0.65,0,0.0,warn
2026-04-20,0,0,0,0,0,0,WARNING,-0.13984185344233116,0.11530018765563388,0.7,0,0.0,warn
2026-04-21,0,0,0,0,0,0,WARNING,-0.13981682435489032,0.04341482385250517,0.75,0,0.0,warn
2026-04-22,0,0,0,0,0,0,WARNING,-0.1398001382965964,0.01777888490034396,0.75,0,0.0,warn
2026-04-23,0,0,0,0,0,0,WARNING,-0.13978345223830252,0.03493418507388335,0.75,0,0.0,warn
2026-04-24,0,0,0,0,0,0,WARNING,-0.13969167891768608,0.01627776773576106,0.8,0,0.0,warn
2026-04-27,0,0,0,0,0,0,WARNING,-0.13970002194683304,0.0020998082642282867,0.75,1,0.0,warn
2026-04-28,0,0,0,0,0,0,WARNING,-0.13961659165536355,0.020893709150924034,0.75,0,0.0,warn
2026-04-29,0,0,0,0,0,0,WARNING,-0.13950813227645323,0.0008927962992864025,0.8,0,0.0,warn
2026-04-30,0,0,0,0,0,0,WARNING,-0.1394831031890124,0.0007762316162194249,0.8,0,0.0,warn
2026-05-06,1,0,1,0,1,0,WARNING,-0.1394997892473063,0.00036856697103648806,0.75,1,0.0,warn
2026-05-07,10,10,0,0,0,10,WARNING,-0.13888889214911207,0.0012244262665950245,0.75,0,0.0,warn
2026-05-08,0,0,0,0,0,0,WARNING,-0.13676601545303488,0.003955671673543604,0.8,0,0.0,warn
2026-05-11,0,0,0,0,0,0,WARNING,-0.13474650747401562,0.006187236061686141,0.85,0,0.0,warn
2026-05-12,12,10,2,0,2,10,WARNING,-0.1384074237144419,0.001861984344426526,0.8,1,0.0,warn
2026-05-13,0,0,0,0,0,0,WARNING,-0.1389837997619497,0.001133499098700419,0.75,2,0.0,warn
2026-05-14,0,0,0,0,0,0,WARNING,-0.13372620662299894,0.007178293048816453,0.75,0,0.0,warn
2026-05-15,12,10,2,0,2,10,WARNING,-0.1421280555395054,-0.0025998405927062374,0.7,1,0.0,warn
2026-05-18,0,0,0,0,0,0,WARNING,-0.13477388745738136,0.006018751522183008,0.7,0,0.0,warn
2026-05-19,0,0,0,0,0,0,WARNING,-0.13515674765086205,0.005456548151685281,0.7,1,0.0,warn
2026-05-20,13,10,3,0,3,10,WARNING,-0.14515836038667776,-0.00618084821450926,0.65,2,0.0,warn
2026-05-21,0,0,0,0,0,0,HALTED,-0.17118613669786573,-0.03646817704781247,0.6,3,0.0,halt
2026-05-22,0,0,0,0,0,0,WARNING,-0.14989819079305988,-0.011739193350330135,0.6,0,0.0,warn
2026-05-25,17,11,1,5,2,15,HALTED,-0.16673833847197234,-0.03133500082485863,0.55,1,0.3125,halt
2026-05-26,0,0,0,0,0,0,HALTED,-0.18219507263215634,-0.04940483855950473,0.5,2,0.0,halt
2026-05-27,0,0,0,0,0,0,HALTED,-0.2012866100585729,-0.07158734125637023,0.45,3,0.0,halt
2026-05-28,15,8,6,1,9,6,HALTED,-0.20194974795291806,-0.07244811521584604,0.45,4,0.1111,halt
