date,value,daily_return,cumulative_drawdown,rolling_20d_return,rolling_20d_winrate,rolling_20d_max_drawdown,rolling_valid,consecutive_losses,rejection_rate,risk_status,alerts
2020-01-02,1000069.3,0.0,0.0,,,,False,0,0.0,NORMAL,
2020-01-03,1000415.8,0.00034647598921394747,0.0,,,,False,0,0.0,NORMAL,
2020-01-06,1000455.4000000001,3.9583541163677276e-05,0.0,,,,False,0,0.0,NORMAL,
2020-01-07,1000574.2000000001,0.00011874592310654741,0.0,,,,False,0,0.0,NORMAL,
2020-01-08,1000693.0000000001,0.0001187318241865986,0.0,,,,False,0,0.0,NORMAL,
2020-01-09,1000742.5000000001,4.9465720255862684e-05,0.0,,,,False,0,0.0,NORMAL,
2020-01-10,1000940.5,0.000197853094077531,0.0,,,,False,0,0.0,NORMAL,
2020-01-13,1001019.7000000001,7.912558238983221e-05,0.0,,,,False,0,0.0,NORMAL,
2020-01-14,1001168.2000000002,0.00014834872880135767,0.0,,,,False,0,0.0,NORMAL,
2020-01-15,1001247.4000000001,7.910758651738381e-05,0.0,,,,False,0,0.0,NORMAL,
2020-01-16,1001267.2000000001,1.9775332250480898e-05,0.0,,,,False,0,0.0,NORMAL,
2020-01-17,1001633.5000000001,0.00036583641209863514,0.0,,,,False,0,0.0,NORMAL,
2020-01-20,1001524.6000000001,-0.00010872240195642745,-0.00010872240195642745,,,,False,1,0.0,NORMAL,
2020-01-21,1001643.4000000001,0.00011861915323901834,0.0,,,,False,0,0.0,NORMAL,
2020-01-22,1001940.4000000001,0.00029651271101072493,0.0,,,,False,0,0.0,NORMAL,
2020-01-23,1002821.5000000001,0.0008793936246107818,0.0,,,,False,0,0.0,NORMAL,
2020-02-03,1000327.5000000001,-0.002486982977528902,-0.002486982977528902,,,,False,1,0.0,NORMAL,
2020-02-04,1005811.5000000001,0.005482204578000704,0.0,,,,False,0,0.0,NORMAL,
2020-02-05,1012309.5000000001,0.0064604550653875,0.0,,,,False,0,0.0,NORMAL,
2020-02-06,1020243.5000000001,0.007837523998342403,0.0,,,,False,0,0.0,NORMAL,
2020-02-07,1027211.5000000001,0.006829742115485175,0.0,0.026784562978713566,0.9,0.0,True,0,0.0,NORMAL,
2020-02-10,1035165.5000000001,0.007743293372397018,0.0,0.03469430021568165,0.9,0.0,True,0,0.0,NORMAL,
2020-02-11,1026276.3100000003,-0.008587216247063708,-0.008587216247063708,0.025687360317705688,0.85,-0.008587216247063708,True,1,0.0,NORMAL,
2020-02-12,1034461.3100000003,0.007975434997617745,-0.0006802680344349069,0.03374492476713664,0.85,-0.0006802680344349069,True,0,0.0,NORMAL,
2020-02-13,1024253.3100000003,-0.009867937931869098,-0.010541493123563166,0.023493366175614705,0.8,-0.010541493123563166,True,1,0.0,NORMAL,
2020-02-14,1025189.8000000003,0.0009143148387775192,-0.009636816528371391,0.024226514962677914,0.8,-0.009636816528371391,True,0,0.0,NORMAL,
2020-02-17,1057356.8000000003,0.031376628991041454,0.0,0.056279711578103964,0.8,0.0,True,0,0.0,NORMAL,
2020-02-18,1079507.8000000003,0.02094940894123913,0.0,0.07824819046390008,0.8,0.0,True,0,0.0,NORMAL,
2020-02-19,1067033.7300000002,-0.01155533104994708,-0.01155533104994708,0.0657043703684026,0.75,-0.01155533104994708,True,1,0.0833,NORMAL,
2020-02-20,1094919.7300000002,0.026134131673606977,0.0,0.09353400371049814,0.75,0.0,True,0,0.0,NORMAL,
2020-02-21,1101697.0500000003,0.006189787081469491,0.0,0.09990036275743597,0.75,0.0,True,0,0.0,NORMAL,
2020-02-24,1100480.5800000003,-0.0011041783219805951,-0.0011041783219805951,0.09880534137653751,0.7,-0.0011041783219805951,True,1,0.0,NORMAL,
2020-02-25,1082957.5800000003,-0.015923043367107845,-0.017009639809782522,0.08118076752664694,0.7,-0.017009639809782522,True,2,0.0,NORMAL,
2020-02-26,1077271.5800000003,-0.0052504364944746945,-0.022170768270642065,0.07518529046238687,0.65,-0.022170768270642065,True,3,0.0,WARNING,WARN: consecutive_losses=3 >= 3
2020-02-27,1079879.9100000001,0.002421237177722484,-0.019803211781315132,0.07684160142158891,0.65,-0.019803211781315132,True,0,0.0,NORMAL,
2020-02-28,1014735.9100000003,-0.060325226348548214,-0.07893380489672727,0.014403692790611267,0.6,-0.07893380489672727,True,1,0.0,NORMAL,
2020-03-02,1052887.9100000001,0.03759795984750345,-0.04430359507634165,0.04680440619340698,0.65,-0.04430359507634165,True,0,0.0,NORMAL,
2020-03-03,1058950.4100000001,0.005757972850120388,-0.038800721123833565,0.04607376498985727,0.65,-0.038800721123833565,True,0,0.0,NORMAL,
2020-03-04,1079716.4100000004,0.01960998343633507,-0.019951619186054724,0.05829285851857935,0.65,-0.019951619186054724,True,0,0.0,NORMAL,
2020-03-05,1107302.4100000001,0.025549301413321818,0.0,0.07796924976015163,0.65,0.0,True,0,0.0,NORMAL,
2020-03-06,1114446.9300000002,0.006452184999759928,0.0,0.07658816875176,0.65,0.0,True,0,0.25,NORMAL,
2020-03-09,1093408.9300000002,-0.018877525195389964,-0.018877525195389964,0.06541378705311818,0.6,-0.018877525195389964,True,1,0.0,NORMAL,
2020-03-10,1127451.9300000002,0.03113473748563586,0.0,0.08989279647394444,0.65,0.0,True,0,0.0,NORMAL,
2020-03-11,1150205.4300000002,0.020181348219431402,0.0,0.12296969779868205,0.65,0.0,True,0,1.0,HALTED,HALT: rejection_rate=100.00% > 40%
2020-03-12,1142974.4300000002,-0.006286703063121514,-0.006286703063121514,0.1148905597773211,0.65,-0.006286703063121514,True,1,0.0,NORMAL,
2020-03-13,1138330.1000000003,-0.004063371741395686,-0.010324529592943967,0.076580866553277,0.6,-0.010324529592943967,True,2,0.0,NORMAL,
2020-03-16,1095676.5000000002,-0.03747032605041374,-0.047407992153192954,0.014977844532480411,0.55,-0.047407992153192954,True,3,0.0833,WARNING,WARN: consecutive_losses=3 >= 3
2020-03-17,1085658.5000000002,-0.009143209697387867,-0.05611774063699206,0.017454715325634584,0.5,-0.05611774063699206,True,4,0.0,WARNING,WARN: consecutive_losses=4 >= 3
2020-03-18,1074078.5000000002,-0.010666337526947928,-0.06618550740105611,-0.019034482098518768,0.5,-0.06618550740105611,True,5,0.0,HALTED,WARN: rolling_20d_return=-0.0190 < 0.0; HALT: consecutive_losses=5 >= 5
2020-03-19,1098968.6400000001,0.023173483129957345,-0.0445457730103048,-0.00247655197043517,0.5,-0.0445457730103048,True,0,0.0,WARNING,WARN: rolling_20d_return=-0.0025 < 0.0
2020-03-20,1131292.4000000004,0.029412813817872217,-0.01644317572035788,0.027998513158678406,0.5,-0.01644317572035788,True,0,0.0,NORMAL,
2020-03-23,1099434.4000000004,-0.0281607124736275,-0.044140836650371044,0.015214649497166777,0.5,-0.044140836650371044,True,1,0.0,NORMAL,
2020-03-24,1131527.6800000002,0.029190718427584025,-0.016238620956605984,0.050364365873273975,0.55,-0.016238620956605984,True,0,0.0,NORMAL,
2020-03-25,1160239.6800000002,0.02537454496915179,0.0,0.07441546903118135,0.6,0.0,True,0,0.0,NORMAL,
2020-03-26,1125978.5400000003,-0.029529364139657673,-0.029529364139657673,0.10962717383284493,0.55,-0.029529364139657673,True,1,0.0,NORMAL,
2020-03-27,1138955.9600000002,0.011525459446145326,-0.018344244182374427,0.08174474147015331,0.6,-0.018344244182374427,True,0,0.0,NORMAL,
2020-03-30,1109320.9000000004,-0.026019495960142143,-0.04388643215512142,0.047566429479922734,0.55,-0.04388643215512142,True,1,0.0,NORMAL,
2020-03-31,1105729.3300000003,-0.0032376294361713223,-0.04698197358669879,0.024092363290097563,0.5,-0.04698197358669879,True,2,0.0,NORMAL,
2020-04-01,1101413.05,-0.003903559291495198,-0.05070213595866684,-0.005318655452036913,0.45,-0.05070213595866684,True,3,0.0,WARNING,WARN: rolling_20d_return=-0.0053 < 0.0; WARN: rolling_20d_winrate=0.4500 < 0.5; WARN: consecutive_losses=3 >= 3
2020-04-02,1101423.95,9.89637811165109e-06,-0.05069274134806371,-0.011685599062128738,0.45,-0.05069274134806371,True,0,0.0,WARNING,WARN: rolling_20d_return=-0.0117 < 0.0; WARN: rolling_20d_winrate=0.4500 < 0.5
2020-04-03,1101707.35,0.00025730328453466055,-0.05044848147237997,0.007589493530110403,0.45,-0.05044848147237997,True,0,0.0,WARNING,WARN: rolling_20d_winrate=0.4500 < 0.5
2020-04-07,1101718.25,9.893734483941554e-06,-0.05043908686177683,-0.022824636080050142,0.5,-0.05043908686177683,True,0,0.0,WARNING,WARN: rolling_20d_return=-0.0228 < 0.0
2020-04-08,1101805.4500000002,7.914909279226904e-05,-0.050363929976950945,-0.042079422281983137,0.5,-0.050363929976950945,True,0,0.0,WARNING,WARN: rolling_20d_return=-0.0421 < 0.0
2020-04-09,1101881.75,6.924997512021176e-05,-0.050298167702728595,-0.035952405339461646,0.5,-0.050298167702728595,True,0,0.0,WARNING,WARN: rolling_20d_return=-0.0360 < 0.0
2020-04-10,1102099.7500000002,0.00019784337112419988,-0.050110275490664075,-0.03182763066706229,0.55,-0.050110275490664075,True,0,0.0,WARNING,WARN: rolling_20d_return=-0.0318 < 0.0
2020-04-13,1102154.25,4.945105921652478e-05,-0.05006330243764819,0.005912100880141047,0.6,-0.05006330243764819,True,0,0.0,NORMAL,
2020-04-14,1102176.05,1.9779445572202407e-05,-0.05004451321644172,0.01521431463024503,0.65,-0.05004451321644172,True,0,0.0,NORMAL,
2020-04-15,1102165.1500000001,-9.889527176631053e-06,-0.05005390782704486,0.026149531901066725,0.65,-0.05005390782704486,True,1,0.0,NORMAL,
2020-04-16,1102208.75,3.9558499921595504e-05,-0.05001632938463211,0.0029483188892449608,0.7,-0.05001632938463211,True,0,0.0,NORMAL,
2020-04-17,1102208.75,0.0,-0.05001632938463211,-0.025708340301764943,0.65,-0.05001632938463211,True,0,0.0,WARNING,WARN: rolling_20d_return=-0.0257 < 0.0
2020-04-20,1102317.75,9.889233777176963e-05,-0.04992238327859995,0.0026225757534961147,0.65,-0.04992238327859995,True,0,0.0,NORMAL,
2020-04-21,1102448.55,0.00011865907085325132,-0.04980964795136132,-0.02569900013404902,0.7,-0.04980964795136132,True,0,0.0,WARNING,WARN: rolling_20d_return=-0.0257 < 0.0
2020-04-22,1102513.9500000002,5.932249627444264e-05,-0.049753280287741904,-0.04975328028774195,0.7,-0.049753280287741904,True,0,0.0,WARNING,WARN: rolling_20d_return=-0.0498 < 0.0
2020-04-23,1102535.75,1.9772992441332585e-05,-0.04973449106653563,-0.020819926106229625,0.7,-0.03197683780503698,True,0,0.0,WARNING,WARN: rolling_20d_return=-0.0208 < 0.0
2020-04-24,1102677.4500000002,0.0001285219096071817,-0.04961236112869366,-0.03185242561968771,0.75,-0.0318524256196877,True,0,0.0,WARNING,WARN: rolling_20d_return=-0.0319 < 0.0
2020-04-27,1102721.05,3.954012118399655e-05,-0.04957478268628092,-0.005949450695466374,0.75,-0.00594945069546632,True,0,0.0,WARNING,WARN: rolling_20d_return=-0.0059 < 0.0
2020-04-28,1102764.6500000001,3.953855782483986e-05,-0.049537204243867976,-0.0026811986618824335,0.8,-0.00268119866188244,True,0,0.0,WARNING,WARN: rolling_20d_return=-0.0027 < 0.0
2020-04-29,1102622.95,-0.00012849523241444696,-0.049659334181709945,0.0010984979704025122,0.8,-0.00012849523241444696,True,1,0.0,NORMAL,
2020-04-30,1102797.35,0.0001581683022289167,-0.04950902041205837,0.0012469313019751738,0.85,0.0,True,0,0.0,NORMAL,
2020-05-06,1110545.7500000002,0.0070261322263787986,-0.042830745109493175,0.008022457143451067,0.85,0.0,True,0,0.0,NORMAL,
2020-05-07,1106388.7500000002,-0.003743204636098962,-0.04641362550193071,0.004239287131714731,0.8,-0.003743204636098962,True,1,0.0,NORMAL,
2020-05-08,1109717.7500000002,0.003008888150751713,-0.04354439075898518,0.007181213343971038,0.8,-0.0007455793694226463,True,0,0.0,NORMAL,
2020-05-11,1106095.7500000002,-0.0032638930034236176,-0.04666615953007221,0.003824366816130853,0.75,-0.004007038881558908,True,1,0.0,NORMAL,
2020-05-12,1103965.7500000002,-0.0019256922377651297,-0.048501987106663966,0.0016931316788701967,0.7,-0.0059250147956533975,True,2,0.0,NORMAL,
2020-05-13,1100782.7500000002,-0.0028832416223057637,-0.05124538578097926,-0.0012443811744133892,0.65,-0.008791173168687556,True,3,0.0,WARNING,WARN: rolling_20d_return=-0.0012 < 0.0; WARN: consecutive_losses=3 >= 3
2020-05-14,1099408.7500000002,-0.001248202699397315,-0.0524296238515131,-0.002510760417992919,0.6,-0.010028402702004845,True,4,0.0,WARNING,WARN: rolling_20d_return=-0.0025 < 0.0; WARN: consecutive_losses=4 >= 3
2020-05-15,1097803.7500000002,-0.001459875592221728,-0.053812958715564636,-0.0039571202192338895,0.55,-0.011473638073892947,True,5,0.0,HALTED,WARN: rolling_20d_return=-0.0040 < 0.0; HALT: consecutive_losses=5 >= 5
2020-05-18,1078861.7500000002,-0.01725445007816743,-0.07013889578401587,-0.021182012935389793,0.55,-0.028530116836699426,True,6,0.0,HALTED,WARN: rolling_20d_return=-0.0212 < 0.0; HALT: consecutive_losses=6 >= 5
2020-05-19,1088173.7500000002,0.008631319073087907,-0.06211296789987386,-0.01273352257455751,0.55,-0.02014505030522155,True,0,0.0,WARNING,WARN: rolling_20d_return=-0.0127 < 0.0
2020-05-20,1097791.7500000002,0.008838662024332049,-0.05382330140613698,-0.004105894148941913,0.6,-0.01148444357200052,True,0,0.0,WARNING,WARN: rolling_20d_return=-0.0041 < 0.0
2020-05-21,1111033.8000000003,0.012062442626299609,-0.04241009926500693,0.00778743824371686,0.6,0.0,True,0,0.0,NORMAL,
2020-05-22,1100037.9400000002,-0.009896962630659931,-0.051887330728078516,-0.002245785642893683,0.55,-0.009896962630659931,True,1,0.0,WARNING,WARN: rolling_20d_return=-0.0022 < 0.0
2020-05-25,1080708.4500000002,-0.017571657573919666,-0.06854724189401966,-0.01979736257985265,0.5,-0.02729471416621176,True,2,0.0,WARNING,WARN: rolling_20d_return=-0.0198 < 0.0
2020-05-26,1099845.4500000002,0.017707828600766466,-0.052053236103767775,-0.0025682941099411938,0.5,-0.010070215685607486,True,0,0.0,WARNING,WARN: rolling_20d_return=-0.0026 < 0.0
2020-05-27,1094549.8400000003,-0.0048148673979602034,-0.05661747407225362,-0.007410042639523162,0.45,-0.01483659633037263,True,1,0.25,WARNING,WARN: rolling_20d_return=-0.0074 < 0.0; WARN: rolling_20d_winrate=0.4500 < 0.5
2020-05-28,1109767.8400000003,0.013903432665980743,-0.04350121864475437,0.006350575347151555,0.45,-0.00113944328246356,True,0,0.0,WARNING,WARN: rolling_20d_winrate=0.4500 < 0.5
2020-05-29,1129751.87,0.018007396934479367,-0.02627716542154467,0.024603986340026918,0.45,0.0,True,0,0.0,WARNING,WARN: rolling_20d_winrate=0.4500 < 0.5
2020-06-01,1159505.87,0.02633675658354962,-0.0006324641474079354,0.05142243042205363,0.5,0.0,True,0,0.0909,NORMAL,
2020-06-02,1173281.87,0.011880923034913138,0.0,0.056491252161380956,0.5,0.0,True,0,0.0,NORMAL,
2020-06-03,1206862.87,0.028621425813048655,0.0,0.09081267321273812,0.5,0.0,True,0,1.0,HALTED,HALT: rejection_rate=100.00% > 40%
2020-06-04,1240860.3600000003,0.028170135021222602,0.0,0.11817654534227295,0.55,0.0,True,0,0.4286,HALTED,HALT: rejection_rate=42.86% > 40%
2020-06-05,1227087.6600000001,-0.011099314994638221,-0.011099314994638221,0.10938647038468408,0.5,-0.011099314994638221,True,1,0.0,NORMAL,
2020-06-08,1204750.6600000001,-0.018203263489749377,-0.029100534728984474,0.09129351159671395,0.5,-0.029100534728984474,True,2,0.0,NORMAL,
2020-06-09,1227972.3800000004,0.019275125360794742,-0.01038632582315707,0.11554471579428371,0.55,-0.01038632582315707,True,0,0.0714,NORMAL,
2020-06-10,1222660.85,-0.004325447450210777,-0.014666847766819013,0.11210762148291065,0.55,-0.014666847766819013,True,1,0.0,NORMAL,
2020-06-11,1211521.85,-0.0091104577365015,-0.023643683806613205,0.10358691159508226,0.55,-0.023643683806613205,True,2,0.0,NORMAL,
2020-06-12,1201350.9800000002,-0.008395118915931957,-0.03184031118537795,0.11353561288089042,0.55,-0.03184031118537795,True,3,0.25,WARNING,WARN: consecutive_losses=3 >= 3
2020-06-15,1198264.9800000002,-0.0025687746972995348,-0.03432729529695034,0.10117063566365192,0.55,-0.03432729529695034,True,4,0.0,WARNING,WARN: consecutive_losses=4 >= 3
2020-06-16,1217872.9800000002,0.01636365939693906,-0.018525356068268724,0.10938434361526217,0.55,-0.018525356068268724,True,0,0.0,NORMAL,
2020-06-17,1230908.8600000003,0.010703809193632096,-0.008019838751235471,0.10789506133836801,0.55,-0.008019838751235471,True,0,0.0,NORMAL,
2020-06-18,1219940.8600000003,-0.008910489116147882,-0.016858867181477208,0.10899889507447358,0.5,-0.016858867181477208,True,1,0.0,NORMAL,
2020-06-19,1213320.8600000003,-0.005426492559647521,-0.02219387522380036,0.12270877497071497,0.5,-0.02219387522380036,True,2,0.0,NORMAL,
2020-06-22,1203217.7300000002,-0.008326841096262137,-0.03033591144776364,0.09398800531474683,0.5,-0.03033591144776364,True,3,0.4545,HALTED,WARN: consecutive_losses=3 >= 3; HALT: rejection_rate=45.45% > 40%
2020-06-23,1192677.7300000002,-0.00875984432177541,-0.038830017907897474,0.0896513675430255,0.45,-0.038830017907897474,True,4,0.0,WARNING,WARN: rolling_20d_winrate=0.4500 < 0.5; WARN: consecutive_losses=4 >= 3
2020-06-24,1186122.7300000002,-0.005496036217595845,-0.044112642940741624,0.06880257946562929,0.45,-0.044112642940741624,True,5,0.0,HALTED,WARN: rolling_20d_winrate=0.4500 < 0.5; HALT: consecutive_losses=5 >= 5
2020-06-29,1181924.6800000002,-0.0035393049081860572,-0.04749581975525445,0.046180768879807266,0.4,-0.04749581975525445,True,6,0.3333,HALTED,WARN: rolling_20d_winrate=0.4000 < 0.5; HALT: consecutive_losses=6 >= 5; WARN: rejection_rate=33.33% > 25%
2020-06-30,1209943.6800000002,0.023706248354167538,-0.024915519099989753,0.04349940030920241,0.4,-0.024915519099989753,True,0,0.0,WARNING,WARN: rolling_20d_winrate=0.4000 < 0.5
2020-07-01,1211391.7800000003,0.0011968325666200372,-0.023748506238042824,0.032481461594561445,0.4,-0.023748506238042824,True,0,0.0,WARNING,WARN: rolling_20d_winrate=0.4000 < 0.5
2020-07-02,1225654.2700000003,0.011773639408383626,-0.012254473178593666,0.01557045167857396,0.4,-0.012254473178593666,True,0,0.0909,WARNING,WARN: rolling_20d_winrate=0.4000 < 0.5
2020-07-03,1232635.2700000003,0.0056957334306027415,-0.006628537960548664,-0.0066285379605486305,0.4,-0.006628537960548664,True,0,0.0,WARNING,WARN: rolling_20d_return=-0.0066 < 0.0; WARN: rolling_20d_winrate=0.4000 < 0.5
2020-07-06,1276023.2700000003,0.035199382214659486,0.0,0.03987947364738398,0.4,0.0,True,0,0.0,WARNING,WARN: rolling_20d_winrate=0.4000 < 0.5
2020-07-07,1278105.7800000003,0.0016320313656975935,0.0,0.06088821731793037,0.45,0.0,True,0,0.1111,WARNING,WARN: rolling_20d_winrate=0.4500 < 0.5
2020-07-08,1292681.7800000003,0.011404376874033069,0.0,0.05269613637401194,0.5,0.0,True,0,0.0,NORMAL,
2020-07-09,1313212.7800000003,0.015882485788575124,0.0,0.07406136378702244,0.5,0.0,True,0,0.0,NORMAL,
2020-07-10,1296711.7900000003,-0.012565358981657174,-0.012565358981657174,0.07031647014868136,0.5,-0.012565358981657174,True,1,0.0909,NORMAL,
2020-07-13,1328608.7900000003,0.024598372781047973,0.0,0.1059289184581178,0.55,0.0,True,0,0.0,NORMAL,
2020-07-14,1324241.7900000003,-0.003286896814825378,-0.003286896814825378,0.10513268108694951,0.55,-0.003286896814825378,True,1,1.0,HALTED,HALT: rejection_rate=100.00% > 40%
2020-07-15,1286360.9600000002,-0.028605674799010886,-0.03179854771245347,0.05623573322071729,0.55,-0.03179854771245347,True,2,0.1667,NORMAL,
2020-07-16,1256137.9600000002,-0.02349496054357868,-0.05454640263218495,0.02049631846829003,0.5,-0.05454640263218495,True,3,0.0,WARNING,WARN: consecutive_losses=3 >= 3
2020-07-17,1248509.9600000002,-0.0060725813906618974,-0.060287746553295087,0.02341843029997359,0.45,-0.060287746553295087,True,4,0.0,WARNING,WARN: rolling_20d_winrate=0.4500 < 0.5; WARN: consecutive_losses=4 >= 3
2020-07-20,1289954.5500000003,0.03319524179046203,-0.029093771086671782,0.0631602839169847,0.5,-0.029093771086671782,True,0,0.1667,NORMAL,
2020-07-21,1292677.5500000003,0.002110927086539599,-0.027044258829568624,0.07435048351556461,0.55,-0.027044258829568624,True,0,0.0,NORMAL,
2020-07-22,1284033.5500000003,-0.0066868957382295365,-0.03355031242868714,0.07659723804853802,0.55,-0.03355031242868714,True,1,0.0,NORMAL,
2020-07-23,1286153.7200000002,0.0016511795972931744,-0.031954530422759024,0.08433443476797708,0.6,-0.031954530422759024,True,0,0.5,HALTED,HALT: rejection_rate=50.00% > 40%
2020-07-24,1259130.7200000002,-0.02101070780248569,-0.05229385092356648,0.06532230124850269,0.6,-0.05229385092356648,True,1,0.0,NORMAL,
2020-07-27,1258882.7200000002,-0.00019696128135131193,-0.0524805123410331,0.04044737024453893,0.6,-0.0524805123410331,True,2,0.0,NORMAL,
2020-07-28,1253854.7300000002,-0.003994009862968005,-0.0562649145200974,0.03505302801377752,0.55,-0.0562649145200974,True,3,0.4286,HALTED,WARN: consecutive_losses=3 >= 3; HALT: rejection_rate=42.86% > 40%
2020-07-29,1270266.7300000002,0.0130892356246086,-0.04391214361904082,0.03639889411881203,0.55,-0.04391214361904082,True,0,0.0,NORMAL,
2020-07-30,1278254.7300000002,0.006288443057939492,-0.03789983957580173,0.03700969874081239,0.55,-0.03789983957580173,True,0,0.0,NORMAL,
2020-07-31,1293739.9700000002,0.012114361587380934,-0.026244610349145783,0.013884307924886041,0.55,-0.026244610349145783,True,0,0.0,NORMAL,
2020-08-03,1314668.9700000002,0.016177130246659996,-0.01049204258237676,0.028607327008567163,0.55,-0.01049204258237676,True,0,0.0,NORMAL,
2020-08-04,1311648.9700000002,-0.0022971562187247786,-0.012765096940236307,0.014672744904008717,0.5,-0.012765096940236307,True,1,0.0,NORMAL,
2020-08-05,1332799.4700000002,0.01612512225736738,0.0,0.01491509243460154,0.5,0.0,True,0,0.0,NORMAL,
2020-08-06,1342063.4800000002,0.006950790579170929,0.0,0.03497437931060987,0.5,0.0,True,0,0.0,NORMAL,
2020-08-07,1321087.4800000002,-0.015629663061839664,-0.015629663061839664,-0.005661041878249229,0.5,-0.015629663061839664,True,1,0.0,WARNING,WARN: rolling_20d_return=-0.0057 < 0.0
2020-08-10,1355611.5000000002,0.026133030948109516,0.0,0.023688808370863956,0.5,0.0,True,0,0.8125,HALTED,HALT: rejection_rate=81.25% > 40%
2020-08-11,1330196.5200000003,-0.01874798199926747,-0.01874798199926747,0.03407718468072907,0.5,-0.01874798199926747,True,1,0.0,NORMAL,
2020-08-12,1323352.3400000003,-0.005145239742470484,-0.023796758879664204,0.053508756315269856,0.5,-0.023796758879664204,True,2,0.0,NORMAL,
2020-08-13,1341636.6500000004,0.013816660497233905,-0.010308890120805155,0.07459026598394147,0.55,-0.010308890120805155,True,0,0.0,NORMAL,
2020-08-14,1354490.4100000001,0.009580656580900479,-0.000826999475882348,0.05002956111903312,0.6,-0.000826999475882348,True,0,0.0,NORMAL,
2020-08-17,1355029.4100000001,0.0003979356339628864,-0.00042939293448018384,0.04823465836472507,0.6,-0.00042939293448018384,True,0,0.0,NORMAL,
2020-08-18,1364006.7700000003,0.006625214134651219,0.0,0.06228281184708906,0.6,0.0,True,0,0.0,NORMAL,
2020-08-19,1364571.7700000003,0.00041422081798025084,0.0,0.0609709778703591,0.65,0.0,True,0,0.0,NORMAL,
2020-08-20,1338217.3900000001,-0.019313297093930145,-0.019313297093930145,0.06281053169761419,0.6,-0.019313297093930145,True,1,0.0,NORMAL,
2020-08-21,1347993.6,0.007305397518410639,-0.012148990888181832,0.07078568843966648,0.65,-0.012148990888181832,True,0,0.0,NORMAL,
2020-08-24,1364693.6,0.012388782854755392,0.0,0.0883984941381526,0.7,0.0,True,0,0.0,NORMAL,
2020-08-25,1375934.6,0.008237013788296508,0.0,0.08318557630805601,0.75,0.0,True,0,0.0,NORMAL,
2020-08-26,1345848.8800000004,-0.021865661347566765,-0.021865661347566765,0.05288003119691176,0.7,-0.021865661347566765,True,1,0.0,NORMAL,
2020-08-27,1394179.8800000004,0.03591116411227387,0.0,0.07763531492344633,0.7,0.0,True,0,0.0,NORMAL,
2020-08-28,1383927.8800000004,-0.007353427019761609,-0.007353427019761609,0.05268163437370865,0.65,-0.007353427019761609,True,1,0.0,NORMAL,
2020-08-31,1387718.2800000003,0.0027388710457946015,-0.004634696062318796,0.05799517381544539,0.65,-0.004634696062318796,True,0,0.25,NORMAL,
2020-09-01,1409366.2800000003,0.015599708032958964,0.0,0.05744810957945545,0.7,0.0,True,0,0.0,NORMAL,
2020-09-02,1437967.6100000003,0.02029375216781834,0.0,0.07146020395398889,0.7,0.0,True,0,0.0,NORMAL,
2020-09-03,1433533.1,-0.0030838733565078293,-0.0030838733565078293,0.08511595310857079,0.65,-0.0030838733565078293,True,1,0.25,NORMAL,
2020-09-04,1449594.1,0.011203787341917671,0.0,0.06932856500553419,0.7,0.0,True,0,0.0,NORMAL,
2020-09-07,1464144.1,0.010037292508295942,0.0,0.10069758715050603,0.7,0.0,True,0,0.0,NORMAL,
2020-09-08,1507027.4600000002,0.029289029679524098,0.0,0.13879532642077752,0.75,0.0,True,0,0.0,NORMAL,
2020-09-09,1481844.2500000002,-0.016710518333886204,-0.016710518333886204,0.10450489705987076,0.75,-0.016710518333886204,True,1,0.0,NORMAL,
2020-09-10,1372872.2500000002,-0.07353809281913398,-0.08901975150472702,0.013571037391102658,0.7,-0.08901975150472702,True,2,1.0,HALTED,WARN: rolling_20d_max_drawdown=-0.0890 < -0.08; HALT: rejection_rate=100.00% > 40%
2020-09-11,1376978.29,0.0029908390966455938,-0.08629515616125544,0.016198083848231626,0.7,-0.08629515616125544,True,0,0.4545,HALTED,WARN: rolling_20d_max_drawdown=-0.0863 < -0.08; HALT: rejection_rate=45.45% > 40%
2020-09-14,1426673.2900000003,0.036089893617712906,-0.05331964554912617,0.04594296845022261,0.7,-0.05331964554912617,True,0,0.0,NORMAL,
2020-09-15,1446136.8400000003,0.013642611897500403,-0.04040445288236478,0.05977338223844386,0.7,-0.04040445288236478,True,0,1.0,HALTED,HALT: rejection_rate=100.00% > 40%
2020-09-16,1420589.1300000004,-0.01766617742758006,-0.057356838076460685,0.06155333252693729,0.65,-0.057356838076460685,True,1,0.0,NORMAL,
2020-09-17,1432533.1300000004,0.00840777938375468,-0.04943130233340263,0.06271508262353787,0.7,-0.04943130233340263,True,0,0.0,NORMAL,
2020-09-18,1439770.1300000004,0.005051890143720444,-0.04462913369873156,0.05501346969019294,0.7,-0.04462913369873156,True,0,0.0,NORMAL,
2020-09-21,1426128.1900000002,-0.009475081970203239,-0.05368135096888016,0.03647963355235051,0.65,-0.05368135096888016,True,1,0.1667,NORMAL,
2020-09-22,1410279.1900000002,-0.01111330672174708,-0.06419808037207232,0.04787336153223953,0.6,-0.06419808037207232,True,2,0.0,NORMAL,
2020-09-23,1425576.1900000002,0.01084678842917621,-0.05404763493825123,0.02251955465029365,0.65,-0.05404763493825123,True,0,0.0,NORMAL,
2020-09-24,1373864.3800000004,-0.03627432217424999,-0.08836141578999485,-0.007271693955612779,0.6,-0.08836141578999485,True,1,0.0,WARNING,WARN: rolling_20d_return=-0.0073 < 0.0; WARN: rolling_20d_max_drawdown=-0.0884 < -0.08
2020-09-25,1367581.3800000004,-0.00457323160237985,-0.09253055017325286,-0.014510798257986401,0.6,-0.09253055017325286,True,2,0.0,WARNING,WARN: rolling_20d_return=-0.0145 < 0.0; WARN: rolling_20d_max_drawdown=-0.0925 < -0.08
2020-09-28,1335560.3800000004,-0.0234143287326711,-0.11377833818635251,-0.05236814662544631,0.55,-0.11377833818635251,True,3,0.0,HALTED,HALT: rolling_20d_return=-0.0524 < -0.05; WARN: rolling_20d_max_drawdown=-0.1138 < -0.08; WARN: cumulative_drawdown=-0.1138 < -0.1; WARN: consecutive_losses=3 >= 3
2020-09-29,1354615.2300000002,0.014267307031075491,-0.10113434163966724,-0.057965408553256714,0.55,-0.10113434163966724,True,0,0.0833,HALTED,HALT: rolling_20d_return=-0.0580 < -0.05; WARN: rolling_20d_max_drawdown=-0.1011 < -0.08; WARN: cumulative_drawdown=-0.1011 < -0.1
2020-09-30,1349481.2300000002,-0.003790006111181844,-0.1045410479779844,-0.05863266777725595,0.5,-0.1045410479779844,True,1,0.0,HALTED,HALT: rolling_20d_return=-0.0586 < -0.05; WARN: rolling_20d_max_drawdown=-0.1045 < -0.08; WARN: cumulative_drawdown=-0.1045 < -0.1
2020-10-09,1396762.2300000002,0.0350364265533356,-0.07316736617393818,-0.036445974773213985,0.55,-0.07316736617393818,True,0,0.0,WARNING,WARN: rolling_20d_return=-0.0364 < 0.0
2020-10-12,1436302.6800000002,0.028308647778942268,-0.04692998759292682,-0.019015491712871646,0.55,-0.04692998759292682,True,0,0.1429,WARNING,WARN: rolling_20d_return=-0.0190 < 0.0
2020-10-13,1443643.6800000002,0.005111039686982969,-0.042058808935040916,-0.04205880893504088,0.55,-0.042058808935040916,True,0,0.0,WARNING,WARN: rolling_20d_return=-0.0421 < 0.0
2020-10-14,1431116.6800000002,-0.008677348970211263,-0.05037119894285139,-0.03423272722487536,0.5,-0.034232727224875394,True,1,0.0,WARNING,WARN: rolling_20d_return=-0.0342 < 0.0
2020-10-15,1430355.0600000003,-0.0005321858173016884,-0.050876577922475213,0.04187047265322752,0.5,-0.010913061311680591,True,2,0.1,NORMAL,
2020-10-16,1442999.0600000003,0.008839763184394228,-0.042486551638548045,0.047946122665448954,0.55,-0.0021697670048983933,True,0,0.0,NORMAL,
2020-10-19,1434750.3000000003,-0.005716400120177492,-0.047960081629833014,0.0056614293241588065,0.5,-0.007873763868708326,True,1,0.0,NORMAL,
2020-10-20,1460424.7800000003,0.017894737502407197,-0.0309235771987857,0.009880074696112295,0.5,0.0,True,0,0.0,NORMAL,
2020-10-21,1431355.7800000003,-0.019904482858747435,-0.05021254224524875,0.0075790035082135,0.45,-0.019904482858747435,True,1,0.0,WARNING,WARN: rolling_20d_winrate=0.4500 < 0.5
2020-10-22,1439124.7800000003,0.0054277211218583254,-0.045057360799517165,0.004601394454311736,0.5,-0.0145847977189212,True,0,0.0,NORMAL,
2020-10-23,1426727.0400000003,-0.00861477765673661,-0.053283979311166574,-0.009059147518222233,0.45,-0.023073930586140823,True,1,0.0,WARNING,WARN: rolling_20d_return=-0.0091 < 0.0; WARN: rolling_20d_winrate=0.4500 < 0.5
2020-10-26,1423211.0400000003,-0.0024643816942026974,-0.05561704894216056,-0.0020455033568895775,0.4,-0.025481449308193734,True,2,0.0,WARNING,WARN: rolling_20d_return=-0.0020 < 0.0; WARN: rolling_20d_winrate=0.4000 < 0.5
2020-10-27,1419610.0400000003,-0.002530193976010753,-0.058006520995974364,0.006616314036371751,0.4,-0.02794717027466487,True,3,0.0,WARNING,WARN: rolling_20d_winrate=0.4000 < 0.5; WARN: consecutive_losses=3 >= 3
2020-10-28,1419492.5000000002,-8.279738568208296e-05,-0.058084515593365464,-0.004267530590560731,0.4,-0.028027653707711,True,4,0.0,WARNING,WARN: rolling_20d_return=-0.0043 < 0.0; WARN: rolling_20d_winrate=0.4000 < 0.5; WARN: consecutive_losses=4 >= 3
2020-10-29,1422120.5000000002,0.0018513658930920732,-0.056340685391359724,0.035124369408281675,0.4,-0.026228177256756777,True,0,0.0,WARNING,WARN: rolling_20d_winrate=0.4000 < 0.5
2020-10-30,1372546.5000000002,-0.034859212000670825,-0.08923590549571005,0.0036305846749682402,0.4,-0.06017309566604315,True,1,0.0,WARNING,WARN: rolling_20d_winrate=0.4000 < 0.5
2020-11-02,1383756.9800000002,0.008167650422043975,-0.08179710275484958,0.03608717413435092,0.45,-0.05249691805421162,True,0,0.0909,WARNING,WARN: rolling_20d_winrate=0.4500 < 0.5
2020-11-03,1412661.9800000002,0.02088878352035485,-0.062616961206533,0.04285109801991527,0.5,-0.03270473129057701,True,0,0.0,NORMAL,
2020-11-04,1404813.9800000002,-0.005555469115124057,-0.06782456372759124,0.041002978603859486,0.45,-0.03807851028109783,True,1,0.0,WARNING,WARN: rolling_20d_winrate=0.4500 < 0.5
2020-11-05,1431163.7200000002,0.01875674671176036,-0.050339985178504965,0.024629453217674735,0.5,-0.020035992541841182,True,0,0.1111,NORMAL,
2020-11-06,1410001.7200000002,-0.014786568234136061,-0.06438219778689366,-0.018311572042739588,0.45,-0.03452629720511867,True,1,0.0,WARNING,WARN: rolling_20d_return=-0.0183 < 0.0; WARN: rolling_20d_winrate=0.4500 < 0.5
2020-11-09,1432933.7200000002,0.016263809947692828,-0.049165487668021646,-0.00741870043721593,0.45,-0.01882401639336745,True,0,0.0,WARNING,WARN: rolling_20d_return=-0.0074 < 0.0; WARN: rolling_20d_winrate=0.4500 < 0.5
2020-11-10,1424023.8400000003,-0.006217928907416518,-0.05507770906841994,-0.004956157732715294,0.4,-0.024924898905097966,True,1,0.1429,WARNING,WARN: rolling_20d_return=-0.0050 < 0.0; WARN: rolling_20d_winrate=0.4000 < 0.5
2020-11-11,1423640.8400000003,-0.0002689561714079168,-0.05533185175006689,-0.004694093227453622,0.4,-0.025187151371123637,True,2,0.0,WARNING,WARN: rolling_20d_return=-0.0047 < 0.0; WARN: rolling_20d_winrate=0.4000 < 0.5
2020-11-12,1432675.0900000003,0.0063458772368457745,-0.0493371036517144,-0.007154523025122428,0.45,-0.019001108704824864,True,0,0.0,WARNING,WARN: rolling_20d_return=-0.0072 < 0.0; WARN: rolling_20d_winrate=0.4500 < 0.5
2020-11-13,1425504.6800000002,-0.005004910080484576,-0.054095085964790596,-0.006444062078258539,0.4,-0.02391091994481228,True,1,0.1111,WARNING,WARN: rolling_20d_return=-0.0064 < 0.0; WARN: rolling_20d_winrate=0.4000 < 0.5
2020-11-16,1436901.6800000002,0.007995063194040163,-0.04653251640152597,-0.016107026066758512,0.45,-0.01610702606675853,True,0,0.0,WARNING,WARN: rolling_20d_return=-0.0161 < 0.0; WARN: rolling_20d_winrate=0.4500 < 0.5
2020-11-17,1425027.6800000002,-0.008263613415776644,-0.05441160309049711,-0.004421053164014976,0.4,-0.009795606465757674,True,1,0.0,WARNING,WARN: rolling_20d_return=-0.0044 < 0.0; WARN: rolling_20d_winrate=0.4000 < 0.5
2020-11-18,1443929.4400000002,0.013264135332444915,-0.041869190625099834,0.003338598616862143,0.45,0.0,True,0,0.0,WARNING,WARN: rolling_20d_winrate=0.4500 < 0.5
2020-11-19,1443769.4400000002,-0.00011080873868739734,-0.0419753598915842,0.011945101986712059,0.4,-0.00011080873868739734,True,1,0.0,WARNING,WARN: rolling_20d_winrate=0.4000 < 0.5
2020-11-20,1449681.4400000002,0.00409483663818234,-0.038052405494986806,0.018599068764952653,0.45,0.0,True,0,0.0,WARNING,WARN: rolling_20d_winrate=0.4500 < 0.5
2020-11-23,1465570.0500000003,0.010960069958542134,-0.027509392562760544,0.032375095064839154,0.5,0.0,True,0,0.0,NORMAL,
2020-11-24,1456118.0500000003,-0.0064493676027290526,-0.03378134198032457,0.02580186228528869,0.5,-0.0064493676027290526,True,1,0.0,NORMAL,
2020-11-25,1432800.0500000003,-0.016013811517548316,-0.04925418545459013,0.007509595705849081,0.5,-0.022359900163079885,True,2,0.0,NORMAL,
2020-11-26,1425234.2200000002,-0.00528045068116802,-0.054274551838624084,0.03838683789583808,0.45,-0.02752228049420092,True,3,0.0,WARNING,WARN: rolling_20d_winrate=0.4500 < 0.5; WARN: consecutive_losses=3 >= 3
2020-11-27,1434806.2200000002,0.006716089093061489,-0.047922975471196776,0.03689176693439333,0.5,-0.02099103348898271,True,0,0.0,NORMAL,
2020-11-30,1437487.2200000002,0.0018685450081196327,-0.04614397669966809,0.017573375904121002,0.5,-0.01916171117170419,True,0,0.0,NORMAL,
2020-12-01,1454358.2000000002,0.011736438255082351,-0.03494910437796535,0.035267459397008594,0.5,-0.007650163156650268,True,0,0.2727,WARNING,WARN: rejection_rate=27.27% > 25%
2020-12-02,1460965.2000000002,0.004542897341246468,-0.030564977230076486,0.02082325004717145,0.55,-0.003142019721268248,True,0,0.0,NORMAL,
2020-12-03,1451899.2000000002,-0.0062054866193938085,-0.03658079329224698,0.029714488575233844,0.5,-0.009328008579323855,True,1,0.0,NORMAL,
2020-12-04,1464729.6500000004,0.008837011550113247,-0.028067046634969624,0.02218939337961845,0.55,-0.000573428748765647,True,0,0.1429,NORMAL,
2020-12-07,1469235.6500000004,0.003076335622754683,-0.025077054667603613,0.03174933503922239,0.55,0.0,True,0,0.0,NORMAL,
2020-12-08,1463901.6500000004,-0.00363045914384122,-0.028616472589026228,0.028280173530284447,0.55,-0.00363045914384122,True,1,0.0,NORMAL,
2020-12-09,1434623.8500000003,-0.01999984083630211,-0.04804398852825141,0.0013602246689443653,0.55,-0.023557691375103808,True,2,0.1429,NORMAL,
2020-12-10,1436589.85,0.0013703940583448175,-0.046739433666324895,0.0077763125968832725,0.55,-0.022219580637047754,True,0,0.0,NORMAL,
2020-12-11,1421960.8500000003,-0.01018314308708207,-0.056446622412573595,-0.010397948730910933,0.55,-0.032176458555167806,True,1,0.0,WARNING,WARN: rolling_20d_return=-0.0104 < 0.0
2020-12-14,1423329.7200000002,0.0009626636345155907,-0.05553829788874582,-0.0011915277322893658,0.55,-0.031244770027190776,True,0,0.0,WARNING,WARN: rolling_20d_return=-0.0012 < 0.0
2020-12-15,1398841.7200000002,-0.017204727517387886,-0.07178750412417832,-0.031225708646815842,0.55,-0.047911939789917396,True,1,0.0,WARNING,WARN: rolling_20d_return=-0.0312 < 0.0
2020-12-16,1365757.7200000002,-0.023650996054078225,-0.09374065420148348,-0.05403336421915117,0.5,-0.07042977074508106,True,2,0.0,HALTED,HALT: rolling_20d_return=-0.0540 < -0.05
2020-12-17,1384734.1100000003,0.013894404345743057,-0.08114872040885031,-0.044801104717185236,0.55,-0.05751394611204814,True,0,0.0,WARNING,WARN: rolling_20d_return=-0.0448 < 0.0
2020-12-18,1372020.1100000003,-0.00918154605146543,-0.08958519574686438,-0.0638317765841353,0.5,-0.0661674252186843,True,1,0.0,HALTED,HALT: rolling_20d_return=-0.0638 < -0.05
2020-12-21,1380670.1100000003,0.006304572314176938,-0.08384541977755325,-0.051814439083424535,0.5,-0.06028001022164144,True,0,0.0,HALTED,HALT: rolling_20d_return=-0.0518 < -0.05
2020-12-22,1340024.4700000002,-0.029439067091848698,-0.11081615593122635,-0.06475124006311983,0.5,-0.08794449004827791,True,1,0.1111,HALTED,HALT: rolling_20d_return=-0.0648 < -0.05; WARN: rolling_20d_max_drawdown=-0.0879 < -0.08; WARN: cumulative_drawdown=-0.1108 < -0.1
2020-12-23,1336916.4700000002,-0.0023193606307801225,-0.11287849393268519,-0.06196718319042327,0.5,-0.09005987569114603,True,2,0.0,HALTED,HALT: rolling_20d_return=-0.0620 < -0.05; WARN: rolling_20d_max_drawdown=-0.0901 < -0.08; WARN: cumulative_drawdown=-0.1129 < -0.1
2020-12-24,1296187.4700000002,-0.030464880128225208,-0.13990454427419655,-0.09661147830819972,0.5,-0.1177810925020776,True,3,0.0,HALTED,HALT: rolling_20d_return=-0.0966 < -0.05; WARN: rolling_20d_max_drawdown=-0.1178 < -0.08; WARN: cumulative_drawdown=-0.1399 < -0.1; WARN: consecutive_losses=3 >= 3
2020-12-25,1316447.4500000002,0.015630439630773454,-0.1264608741767718,-0.08420232772573799,0.5,-0.10399162312730442,True,0,0.3333,HALTED,HALT: rolling_20d_return=-0.0842 < -0.05; WARN: rolling_20d_max_drawdown=-0.1040 < -0.08; WARN: cumulative_drawdown=-0.1265 < -0.1; WARN: rejection_rate=33.33% > 25%
2020-12-28,1285930.4500000002,-0.023181327898808262,-0.14671067108491836,-0.11580898708447473,0.45,-0.12476228711166935,True,1,0.0,HALTED,HALT: rolling_20d_return=-0.1158 < -0.05; WARN: rolling_20d_winrate=0.4500 < 0.5; HALT: rolling_20d_max_drawdown=-0.1248 < -0.12; WARN: cumulative_drawdown=-0.1467 < -0.1
2020-12-29,1294648.4500000002,0.0067795268398846914,-0.1409257731773514,-0.11384032282220002,0.45,-0.11882858954586362,True,0,0.0,HALTED,HALT: rolling_20d_return=-0.1138 < -0.05; WARN: rolling_20d_winrate=0.4500 < 0.5; WARN: rolling_20d_max_drawdown=-0.1188 < -0.08; WARN: cumulative_drawdown=-0.1409 < -0.1
2020-12-30,1299821.3100000003,0.003995571152925801,-0.13749328097843677,-0.10474411033493225,0.45,-0.11530780647747013,True,0,0.1818,HALTED,HALT: rolling_20d_return=-0.1047 < -0.05; WARN: rolling_20d_winrate=0.4500 < 0.5; WARN: rolling_20d_max_drawdown=-0.1153 < -0.08; WARN: cumulative_drawdown=-0.1375 < -0.1
2020-12-31,1322993.3100000003,0.017827065783372942,-0.1221173169598382,-0.09676621211293157,0.5,-0.09953634054550749,True,0,0.0,HALTED,HALT: rolling_20d_return=-0.0968 < -0.05; WARN: rolling_20d_max_drawdown=-0.0995 < -0.08; WARN: cumulative_drawdown=-0.1221 < -0.1
2021-01-04,1318632.0500000007,-0.0032965094887740156,-0.12501126555451048,-0.1025047275431954,0.45,-0.1025047275431954,True,1,0.0,HALTED,HALT: rolling_20d_return=-0.1025 < -0.05; WARN: rolling_20d_winrate=0.4500 < 0.5; WARN: rolling_20d_max_drawdown=-0.1025 < -0.08; WARN: cumulative_drawdown=-0.1250 < -0.1
2021-01-05,1318841.6500000006,0.00015895260546705214,-0.12487218381541605,-0.09909135630798671,0.45,-0.09909135630798677,True,0,0.0,HALTED,HALT: rolling_20d_return=-0.0991 < -0.05; WARN: rolling_20d_winrate=0.4500 < 0.5; WARN: rolling_20d_max_drawdown=-0.0991 < -0.08; WARN: cumulative_drawdown=-0.1249 < -0.1
2021-01-06,1319378.7500000005,0.00040725131785143427,-0.12451578685898644,-0.08033123107496076,0.5,-0.08158981493569624,True,0,0.0,HALTED,HALT: rolling_20d_return=-0.0803 < -0.05; WARN: rolling_20d_max_drawdown=-0.0816 < -0.08; WARN: cumulative_drawdown=-0.1245 < -0.1
2021-01-07,1319666.9500000007,0.00021843613897842918,-0.12432454946773135,-0.08138920096087232,0.55,-0.08138920096087233,True,0,0.0,HALTED,HALT: rolling_20d_return=-0.0814 < -0.05; WARN: rolling_20d_max_drawdown=-0.0814 < -0.08; WARN: cumulative_drawdown=-0.1243 < -0.1
2021-01-08,1319588.3500000006,-5.956048228690814e-05,-0.12437670511989185,-0.07199389490927244,0.5,-0.0728863934633499,True,1,0.0,HALTED,HALT: rolling_20d_return=-0.0720 < -0.05; WARN: cumulative_drawdown=-0.1244 < -0.1
2021-01-11,1319509.7500000007,-5.9564029949082433e-05,-0.1244288607720522,-0.07294161608597582,0.5,-0.07294161608597584,True,2,0.0,HALTED,HALT: rolling_20d_return=-0.0729 < -0.05; WARN: cumulative_drawdown=-0.1244 < -0.1
2021-01-12,1319732.4500000004,0.00016877480442999417,-0.12428108642426446,-0.05655341048878626,0.5,-0.05655341048878623,True,0,0.0,HALTED,HALT: rolling_20d_return=-0.0566 < -0.05; WARN: cumulative_drawdown=-0.1243 < -0.1
2021-01-13,1319496.6500000006,-0.00017867257867290728,-0.12443755338074568,-0.03387209116416312,0.5,-0.04711190367080632,True,1,0.0,WARNING,WARN: rolling_20d_return=-0.0339 < 0.0; WARN: cumulative_drawdown=-0.1244 < -0.1
2021-01-14,1319483.5500000007,-9.928028237025305e-06,-0.12444624598943899,-0.04712136397073341,0.5,-0.047121363970733396,True,2,0.0,WARNING,WARN: rolling_20d_return=-0.0471 < 0.0; WARN: cumulative_drawdown=-0.1244 < -0.1
2021-01-15,1319732.4500000004,0.00018863440927298708,-0.12428108642426446,-0.03810998076405736,0.5,-0.04413629262967089,True,0,0.0,WARNING,WARN: rolling_20d_return=-0.0381 < 0.0; WARN: cumulative_drawdown=-0.1243 < -0.1
2021-01-18,1319876.5500000007,0.00010918879807822102,-0.12418546772863676,-0.04403192302033654,0.55,-0.04403192302033653,True,0,0.0,WARNING,WARN: rolling_20d_return=-0.0440 < 0.0; WARN: cumulative_drawdown=-0.1242 < -0.1
2021-01-19,1319837.2500000007,-2.977551195984696e-05,-0.12421154555471701,-0.015064814450738706,0.5,-0.015064814450738727,True,1,0.0,WARNING,WARN: rolling_20d_return=-0.0151 < 0.0; WARN: cumulative_drawdown=-0.1242 < -0.1
2021-01-20,1319955.1500000006,8.932919570189947e-05,-0.1241333120764764,-0.012686895838750156,0.55,-0.012686895838750193,True,0,0.0,WARNING,WARN: rolling_20d_return=-0.0127 < 0.0; WARN: cumulative_drawdown=-0.1241 < -0.1
2021-01-21,1319968.2500000005,9.924579634285526e-06,-0.1241246194677831,0.018346713380897217,0.6,-0.0022865270573437916,True,0,0.0,WARNING,WARN: cumulative_drawdown=-0.1241 < -0.1
2021-01-22,1320269.5500000007,0.00022826306617623515,-0.12392468946783453,0.0029033441479191513,0.65,-0.0020587859208445604,True,0,0.0,WARNING,WARN: cumulative_drawdown=-0.1239 < -0.1
2021-01-25,1320321.9500000007,3.968886505025193e-05,-0.12388991903306096,0.026744447959841322,0.65,-0.002019178766670888,True,0,0.0,WARNING,WARN: cumulative_drawdown=-0.1239 < -0.1
2021-01-26,1320361.2500000005,2.9765467429980783e-05,-0.12386384120698087,0.01986083558050078,0.7,-0.001989473401040722,True,0,0.0,WARNING,WARN: cumulative_drawdown=-0.1239 < -0.1
2021-01-27,1320400.5500000005,2.976458147347671e-05,-0.1238377633809006,0.015832360834275194,0.7,-0.00195976803541038,True,0,0.0,WARNING,WARN: cumulative_drawdown=-0.1238 < -0.1
2021-01-28,1320348.1500000006,-3.9684927425929085e-05,-0.12387253381567417,-0.0019993751895840406,0.65,-0.0019993751895840523,True,1,0.0,WARNING,WARN: rolling_20d_return=-0.0020 < 0.0; WARN: cumulative_drawdown=-0.1239 < -0.1
2021-01-29,1320741.1500000006,0.00029764876786474826,-0.12361175555487194,0.0015994605925131467,0.65,0.0,True,0,0.0,WARNING,WARN: cumulative_drawdown=-0.1236 < -0.1
2021-02-01,1320806.6500000006,4.959336657300333e-05,-0.12356829251140491,0.0014899438457982583,0.7,0.0,True,0,0.0,WARNING,WARN: cumulative_drawdown=-0.1236 < -0.1
2021-02-02,1318150.6500000006,-0.002010892358847526,-0.12533070233504542,-0.0009308168711977816,0.65,-0.002010892358847526,True,1,0.0,WARNING,WARN: rolling_20d_return=-0.0009 < 0.0; WARN: cumulative_drawdown=-0.1253 < -0.1
2021-02-03,1314352.6500000006,-0.002881309507376868,-0.1278508952982181,-0.004027000903523481,0.6,-0.0048864078629525355,True,2,0.0,WARNING,WARN: rolling_20d_return=-0.0040 < 0.0; WARN: cumulative_drawdown=-0.1279 < -0.1
2021-02-04,1305493.6500000006,-0.006740200204260246,-0.13372935487187443,-0.01068113400667714,0.55,-0.01159367269993681,True,3,0.0,WARNING,WARN: rolling_20d_return=-0.0107 < 0.0; WARN: cumulative_drawdown=-0.1337 < -0.1; WARN: consecutive_losses=3 >= 3
2021-02-05,1297027.6500000006,-0.006484903239475731,-0.13934703618472855,-0.0170382219608457,0.55,-0.0180033920937633,True,4,0.0,WARNING,WARN: rolling_20d_return=-0.0170 < 0.0; WARN: cumulative_drawdown=-0.1393 < -0.1; WARN: consecutive_losses=4 >= 3
2021-02-08,1291417.6500000006,-0.004325274021721894,-0.1430695960908367,-0.021454954752381683,0.55,-0.022250796511359167,True,5,0.0,HALTED,WARN: rolling_20d_return=-0.0215 < 0.0; WARN: cumulative_drawdown=-0.1431 < -0.1; HALT: consecutive_losses=5 >= 5
2021-02-09,1293186.6500000006,0.0013698124692658484,-0.1418957621382689,-0.019939421596864237,0.55,-0.020911463460605673,True,0,0.0,WARNING,WARN: rolling_20d_return=-0.0199 < 0.0; WARN: cumulative_drawdown=-0.1419 < -0.1
2021-02-10,1299454.6500000006,0.00484694146819409,-0.1377365811237438,-0.015179348010818439,0.6,-0.016165878631819418,True,0,0.0,WARNING,WARN: rolling_20d_return=-0.0152 < 0.0; WARN: cumulative_drawdown=-0.1377 < -0.1
2021-02-18,1347284.6500000006,0.036807748542821386,-0.10599860602407309,0.020877110356724238,0.65,0.0,True,0,0.0,WARNING,WARN: cumulative_drawdown=-0.1060 < -0.1
2021-02-19,1405896.6500000006,0.04350379854769367,-0.06710614947918704,0.06517283756575543,0.65,0.0,True,0,0.0,NORMAL,
2021-02-22,1462725.0400000005,0.040421456299792644,-0.029397221468014715,0.10826167392987252,0.65,0.0,True,0,0.0,NORMAL,
2021-02-23,1472282.5300000007,0.006534030483268558,-0.023055273325941563,0.11540345139757213,0.7,0.0,True,0,0.0,NORMAL,
2021-02-24,1518789.0700000005,0.031588053958637806,0.0,0.15062545633199886,0.7,0.0,True,0,0.0,NORMAL,
2021-02-25,1513494.7300000004,-0.003485895510164609,-0.003485895510164609,0.1463528262088598,0.65,-0.003485895510164609,True,1,0.1538,NORMAL,
2021-02-26,1555216.4400000004,0.02756647193611302,0.0,0.1779069794302819,0.65,0.0,True,0,0.0,NORMAL,
2021-03-01,1594739.3900000006,0.025413150853780955,0.0,0.20780535629927033,0.65,0.0,True,0,0.0,NORMAL,
2021-03-02,1544575.6700000006,-0.031455747763275574,-0.031455747763275574,0.16977811770829687,0.6,-0.031455747763275574,True,1,0.0,NORMAL,
2021-03-03,1562235.6700000006,0.011433560908025952,-0.020381838063208535,0.18319980226427401,0.6,-0.020381838063208535,True,0,0.0,NORMAL,
2021-03-04,1565686.6700000006,0.0022090137014986982,-0.018217848121253193,0.185460655935495,0.65,-0.018217848121253193,True,0,0.0,NORMAL,
2021-03-05,1592837.1800000006,0.01734096005300984,-0.0011928030447658047,0.20595787430355528,0.65,-0.0011928030447658047,True,0,0.3,WARNING,WARN: rejection_rate=30.00% > 25%
2021-03-08,1597680.1800000006,0.0030404865361065955,0.0,0.21206189899462546,0.65,0.0,True,0,0.0,NORMAL,
2021-03-09,1565771.1800000006,-0.019972082272435767,-0.019972082272435767,0.1912869654882956,0.65,-0.019972082272435767,True,1,0.0,NORMAL,
2021-03-10,1512910.8800000006,-0.03375991375700249,-0.05305774025437307,0.15888030554572197,0.65,-0.05305774025437307,True,2,0.4375,HALTED,HALT: rejection_rate=43.75% > 40%
2021-03-11,1548952.8800000006,0.02382294983561754,-0.030498782303226685,0.19423273667296126,0.7,-0.030498782303226685,True,0,0.0,NORMAL,
2021-03-12,1547689.8800000006,-0.0008153895552975113,-0.031289303469984854,0.19844256426261464,0.7,-0.031289303469984854,True,1,0.0,NORMAL,
2021-03-15,1564859.8700000006,0.011093947322314975,-0.020542478032117818,0.21008043966429746,0.75,-0.020542478032117818,True,0,0.1818,NORMAL,
2021-03-16,1597583.8700000006,0.0209117765924945,-6.0281150887191855e-05,0.22942641361127913,0.75,-6.0281150887191855e-05,True,0,0.0,NORMAL,
2021-03-17,1612527.8700000006,0.009354125489511856,0.0,0.1968724426571622,0.75,0.0,True,0,0.0,NORMAL,
2021-03-18,1646413.6700000006,0.021014086410797994,0.0,0.1710773121196354,0.75,0.0,True,0,0.3077,WARNING,WARN: rejection_rate=30.77% > 25%
2021-03-19,1663883.9700000007,0.01061112423829671,0.0,0.13752340631291848,0.75,0.0,True,0,0.0,NORMAL,
2021-03-22,1664559.2300000004,0.0004058335870618287,0.0,0.13059769173515878,0.75,0.0,True,0,0.0,NORMAL,
2021-03-23,1629827.9800000004,-0.02086513316801589,-0.02086513316801589,0.07311015873981752,0.7,-0.02086513316801589,True,1,0.0,NORMAL,
2021-03-24,1637839.9800000004,0.004915856212015699,-0.016051846950498716,0.08215770265681721,0.7,-0.016051846950498716,True,0,0.0,NORMAL,
2021-03-25,1629309.9800000004,-0.00520807899682605,-0.021176326660361608,0.04764194750924822,0.7,-0.021176326660361608,True,1,0.0,NORMAL,
2021-03-26,1655134.2700000005,0.015849832332089458,-0.005662135555248437,0.03787131639107488,0.7,-0.005662135555248437,True,0,0.1429,NORMAL,
2021-03-29,1660924.2700000007,0.0034982056168773733,-0.0021837372527739544,0.07532722563213756,0.7,-0.0021837372527739544,True,0,1.0,HALTED,HALT: rejection_rate=100.00% > 40%
2021-03-30,1601751.2700000005,-0.03562654906596085,-0.03773248729635169,0.025294263060835043,0.7,-0.03773248729635169,True,1,0.0,NORMAL,
2021-03-31,1592275.1000000006,-0.005916130786023927,-0.04342538775264841,0.01698196102033611,0.65,-0.04342538775264841,True,2,0.0,NORMAL,
2021-04-01,1590094.5800000008,-0.0013694367261032877,-0.044735356157917947,-0.0017218332384731916,0.6,-0.044735356157917947,True,3,0.0,WARNING,WARN: rolling_20d_return=-0.0017 < 0.0; WARN: consecutive_losses=3 >= 3
2021-04-02,1590377.1800000006,0.00017772527719694522,-0.044565581484294674,-0.004571002439299199,0.6,-0.044565581484294674,True,0,0.0,WARNING,WARN: rolling_20d_return=-0.0046 < 0.0
2021-04-06,1590502.7800000007,7.897497623808528e-05,-0.04449012607379534,0.015795155969086094,0.6,-0.04449012607379534,True,0,0.0,NORMAL,
2021-04-07,1590644.0800000008,8.883983214417676e-05,-0.044405238736983633,0.051379893573110014,0.65,-0.044405238736983633,True,0,0.0,NORMAL,
2021-04-08,1590644.0800000008,0.0,-0.044405238736983633,0.026915731613475602,0.65,-0.044405238736983633,True,0,0.0,NORMAL,
2021-04-09,1590958.0800000008,0.00019740431184328794,-0.04421660021073546,0.02795663430971085,0.65,-0.04421660021073546,True,0,0.0,NORMAL,
2021-04-12,1591146.480000001,0.00011841921064327453,-0.04410341709498647,0.01679806000776307,0.7,-0.04410341709498647,True,0,0.0,NORMAL,
2021-04-13,1591224.9800000007,4.9335495497414625e-05,-0.044056257463424564,-0.003980316851846966,0.7,-0.044056257463424564,True,0,0.0,WARNING,WARN: rolling_20d_return=-0.0040 < 0.0
2021-04-14,1591303.4800000007,4.9333061626521205e-05,-0.04400909783186252,-0.01316218491156984,0.7,-0.04400909783186252,True,0,0.0,WARNING,WARN: rolling_20d_return=-0.0132 < 0.0
2021-04-15,1591491.8800000008,0.00011839350718955231,-0.04389591471611353,-0.033358439012474816,0.7,-0.04389591471611353,True,0,0.0,WARNING,WARN: rolling_20d_return=-0.0334 < 0.0
2021-04-16,1591554.6800000009,3.945983060877856e-05,-0.043858187010863865,-0.04347015254915865,0.7,-0.043858187010863865,True,0,0.0,WARNING,WARN: rolling_20d_return=-0.0435 < 0.0
2021-04-19,1591538.9800000007,-9.864568398106345e-06,-0.04386761893717639,-0.04386761893717639,0.65,-0.04386761893717639,True,1,0.0,WARNING,WARN: rolling_20d_return=-0.0439 < 0.0
2021-04-20,1591758.780000001,0.00013810531992140043,-0.0437355719688025,-0.023357802459618715,0.65,-0.041642771587653254,True,0,0.0,WARNING,WARN: rolling_20d_return=-0.0234 < 0.0
2021-04-21,1591821.5800000008,3.94532141357585e-05,-0.04369784426355297,-0.02809700615563171,0.7,-0.041604961314702156,True,0,0.0,WARNING,WARN: rolling_20d_return=-0.0281 < 0.0
2021-04-22,1591931.480000001,6.904040087215028e-05,-0.043631820779366025,-0.022941306724211907,0.7,-0.04153879333703744,True,0,0.0,WARNING,WARN: rolling_20d_return=-0.0229 < 0.0
2021-04-23,1592151.2800000007,0.0001380712692482302,-0.04349977381099242,-0.03805310006661866,0.75,-0.0414064573817083,True,0,0.0,WARNING,WARN: rolling_20d_return=-0.0381 < 0.0
2021-04-26,1592166.980000001,9.860872014741122e-06,-0.043490341884679894,-0.04139700481347042,0.75,-0.041397004813470376,True,0,0.0,WARNING,WARN: rolling_20d_return=-0.0414 < 0.0
2021-04-27,1592261.1800000009,5.91646486726872e-05,-0.04343375032680547,-0.00592482127390459,0.75,-0.00592482127390454,True,0,0.0,WARNING,WARN: rolling_20d_return=-0.0059 < 0.0
2021-04-28,1592323.9800000007,3.9440765615986254e-05,-0.043396022621555945,3.0698212890589716e-05,0.8,0.0,True,0,0.0,NORMAL,
2021-04-29,1592716.4800000007,0.00024649506314663414,-0.043160224463745726,0.001648895627327951,0.85,0.0,True,0,0.0,NORMAL,
2021-04-30,1593061.8800000008,0.0002168622001074162,-0.04295272208487265,0.0016880901170879259,0.9,0.0,True,0,0.0,NORMAL,
2021-05-06,1593093.2800000007,1.971047100813614e-05,-0.042933858232247886,0.0016287302559760963,0.9,0.0,True,0,0.0,NORMAL,
2021-05-07,1593093.2800000007,0.0,-0.042933858232247886,0.0015397536323775718,0.85,0.0,True,0,0.0,NORMAL,
2021-05-10,1596701.2800000007,0.002264776360113702,-0.040766317459307054,0.0038080171901182513,0.85,0.0,True,0,0.0,NORMAL,
2021-05-11,1599603.2800000007,0.0018174971338408388,-0.03902291299060575,0.005433958385628879,0.9,0.0,True,0,0.0,NORMAL,
2021-05-12,1602252.2800000007,0.001656035614030498,-0.037431500710250906,0.006979747081487853,0.9,0.0,True,0,0.0,NORMAL,
2021-05-13,1601235.2800000007,-0.0006347315043296425,-0.038042473261825416,0.0062909394496810656,0.85,-0.0006347315043296425,True,1,0.0,NORMAL,
2021-05-14,1617620.2800000007,0.010232724824799009,-0.02819902659756944,0.016537888800444378,0.85,0.0,True,0,0.0,NORMAL,
2021-05-17,1599475.2800000007,-0.011217094780735558,-0.03909981022423558,0.005016299549074565,0.8,-0.011217094780735558,True,1,0.0,NORMAL,
2021-05-18,1603307.2800000007,0.0023957856979196315,-0.036797699292442546,0.007384352009822237,0.8,-0.008848182838063821,True,0,0.0,NORMAL,
2021-05-19,1608598.2800000007,0.0033000536241561866,-0.03361908004919699,0.010718744695778604,0.8,-0.005577328691749584,True,0,0.0,NORMAL,
2021-05-20,1617448.2800000007,0.005501684360871004,-0.028302357255259526,0.016139065995916635,0.85,-0.00010632903291741614,True,0,0.0,NORMAL,
2021-05-21,1642155.2800000007,0.015275295232314932,-0.013459388885789132,0.03162018949385015,0.85,0.0,True,0,0.0,NORMAL,
2021-05-24,1647469.4500000007,0.0032360947011051983,-0.010266850041737349,0.0348871610981647,0.85,0.0,True,0,0.0,NORMAL,
2021-05-25,1667882.4500000007,0.012390518076071147,0.0,0.04756531050240387,0.85,0.0,True,0,0.0,NORMAL,
2021-05-26,1686113.9400000006,0.010930920221625921,0.0,0.059005720618574564,0.85,0.0,True,0,0.0,NORMAL,
2021-05-27,1693379.9400000006,0.004309317316954273,0.0,0.06350639032724503,0.85,0.0,True,0,0.0,NORMAL,
2021-05-28,1693520.9400000006,8.326542476935208e-05,0.0,0.06355299629413347,0.85,0.0,True,0,0.0,NORMAL,
2021-05-31,1702344.0700000008,0.005209932627110072,0.0,0.06883057429028416,0.85,0.0,True,0,0.0,NORMAL,
2021-06-01,1723735.0700000008,0.012565614893586107,0.0,0.08202643703959556,0.85,0.0,True,0,0.0,NORMAL,
2021-06-02,1712915.0700000008,-0.00627706669563786,-0.00627706669563786,0.07521329196743576,0.8,-0.00627706669563786,True,1,0.0,NORMAL,
2021-06-03,1737115.8000000007,0.014128388747259938,0.0,0.09040432334257287,0.8,0.0,True,0,0.0,NORMAL,
2021-06-04,1724018.0200000007,-0.007539957900331125,-0.007539957900331125,0.07973735700894524,0.8,-0.007539957900331125,True,1,0.0,NORMAL,
2021-06-07,1736335.0200000007,0.007144356878589932,-0.00044946917183070215,0.08547853190198507,0.8,-0.00044946917183070215,True,0,0.0,NORMAL,
2021-06-08,1745949.0600000008,0.005536972928185272,0.0,0.08968424123571839,0.8,0.0,True,0,0.0,NORMAL,
2021-06-09,1746822.0600000008,0.000500014588054476,0.0,0.09092154152386644,0.8,0.0,True,0,0.0,NORMAL,
2021-06-10,1754573.0600000008,0.0044372006614113845,0.0,0.08466312007413745,0.85,0.0,True,0,0.0,NORMAL,
2021-06-11,1750307.1300000008,-0.0024313208137368373,-0.0024313208137368373,0.09430083220792262,0.8,-0.0024313208137368373,True,1,0.0,NORMAL,
2021-06-15,1749111.1300000008,-0.0006833086488083948,-0.003112968120005178,0.09093942990142234,0.8,-0.003112968120005178,True,2,0.0,NORMAL,
2021-06-16,1735603.1300000008,-0.0077227797412734965,-0.01081170709414627,0.07895373977398501,0.75,-0.01081170709414627,True,3,0.0,WARNING,WARN: consecutive_losses=3 >= 3
2021-06-17,1740669.9100000006,0.002919319464467544,-0.007923950456642789,0.07618273271773468,0.75,-0.007923950456642789,True,0,0.0,NORMAL,
2021-06-18,1744270.9100000006,0.002068743751651339,-0.005871599327987024,0.06218390626250625,0.75,-0.005871599327987024,True,0,0.0,NORMAL,
2021-06-21,1756525.9100000006,0.007025858156403007,0.0,0.0661963473738465,0.75,0.0,True,0,0.0,NORMAL,
2021-06-22,1785649.2600000007,0.01658008563050464,0.0,0.07060857915976038,0.75,0.0,True,0,0.2,NORMAL,
2021-06-23,1773853.2600000007,-0.006606000553546555,-0.006606000553546555,0.05203641220118249,0.7,-0.006606000553546555,True,1,0.0,NORMAL,
2021-06-24,1773093.2600000007,-0.0004284458118029446,-0.007031616052079564,0.04707349964237806,0.65,-0.007031616052079564,True,2,0.0,NORMAL,
2021-06-25,1761246.2600000007,-0.006681543643113276,-0.013666177645659255,0.03999083707816453,0.6,-0.013666177645659255,True,3,0.25,WARNING,WARN: consecutive_losses=3 >= 3
2021-06-28,1796968.2600000007,0.02028222901662825,0.0,0.05558464453076151,0.6,0.0,True,0,0.0,NORMAL,
2021-06-29,1773146.7600000007,-0.013256494580488578,-0.013256494580488578,0.028665478158427238,0.55,-0.013256494580488578,True,1,0.0,NORMAL,
2021-06-30,1780947.1800000006,0.004399195924425298,-0.008915616572993931,0.03971715305184387,0.55,-0.008915616572993931,True,0,0.0,NORMAL,
2021-07-01,1774266.4100000006,-0.0037512454468189315,-0.012633417353737837,0.02138637504765084,0.55,-0.012633417353737837,True,1,0.0,NORMAL,
2021-07-02,1781398.0100000007,0.004019464021753132,-0.008664732898509846,0.03328270895915586,0.55,-0.008664732898509846,True,0,0.0,NORMAL,
2021-07-05,1823260.6500000008,0.02349988029906922,0.0,0.05006270621668407,0.6,0.0,True,0,0.0,NORMAL,
2021-07-06,1837980.6500000008,0.008073447973552214,0.0,0.052711497779895256,0.6,0.0,True,0,0.0,NORMAL,
2021-07-07,1848485.6500000008,0.005715511749266781,0.0,0.058199167693130605,0.6,0.0,True,0,0.0,NORMAL,
2021-07-08,1832663.2900000007,-0.008559633665535946,-0.008559633665535946,0.04450668472021335,0.55,-0.008559633665535946,True,1,0.0,NORMAL,
2021-07-09,1841327.2900000007,0.004727545996733528,-0.003872553730671428,0.05200239343137447,0.55,-0.003872553730671428,True,0,0.0,NORMAL,
2021-07-12,1877651.2900000007,0.01972707415855439,0.0,0.07348884687504098,0.6,0.0,True,0,0.0,NORMAL,
2021-07-13,1892062.3200000008,0.007675030010497861,0.0,0.09014687015458422,0.65,0.0,True,0,0.2,NORMAL,
2021-07-14,1873333.3200000008,-0.009898722574846263,-0.009898722574846263,0.07621399625389058,0.65,-0.009898722574846263,True,1,0.0,NORMAL,
2021-07-15,1825398.3200000008,-0.02558807847393649,-0.03523351175874586,0.046510785414634936,0.6,-0.03523351175874586,True,2,0.0,NORMAL,
2021-07-16,1824734.4900000007,-0.00036366309354337207,-0.03558436172440665,0.03883152512108401,0.55,-0.03558436172440665,True,3,0.2857,WARNING,WARN: consecutive_losses=3 >= 3; WARN: rejection_rate=28.57% > 25%
2021-07-19,1808412.4900000007,-0.008944862986614559,-0.04421092747093026,0.01274787300614677,0.5,-0.04421092747093026,True,4,0.0,WARNING,WARN: consecutive_losses=4 >= 3
2021-07-20,1812272.4900000007,0.0021344687792993504,-0.04217082553602148,0.021658629192360612,0.5,-0.04217082553602148,True,0,0.0,NORMAL,
2021-07-21,1846768.8200000008,0.0190348472375697,-0.02393869352041215,0.04155199371746532,0.55,-0.02393869352041215,True,0,0.375,WARNING,WARN: rejection_rate=37.50% > 25%
2021-07-22,1844971.8200000008,-0.000973050866215079,-0.024888450820161136,0.04753767937028863,0.55,-0.024888450820161136,True,1,0.0,NORMAL,
2021-07-23,1813417.8200000008,-0.017102700246120824,-0.041565491352314424,0.009154062632135807,0.55,-0.041565491352314424,True,2,0.0,NORMAL,
2021-07-26,1794413.7900000007,-0.010479675334832664,-0.05160957383264204,0.011993947979805242,0.5,-0.05160957383264204,True,3,0.125,WARNING,WARN: consecutive_losses=3 >= 3
2021-07-27,1785422.7900000007,-0.005010549991370718,-0.05636153147429097,0.0025130503870418597,0.5,-0.05636153147429097,True,4,0.0,WARNING,WARN: consecutive_losses=4 >= 3
2021-07-28,1713327.7900000007,-0.04037979150025298,-0.09446545608497714,-0.03434581168675788,0.45,-0.09446545608497714,True,5,0.0,HALTED,WARN: rolling_20d_return=-0.0343 < 0.0; WARN: rolling_20d_winrate=0.4500 < 0.5; WARN: rolling_20d_max_drawdown=-0.0945 < -0.08; HALT: consecutive_losses=5 >= 5
2021-07-29,1738217.2600000007,0.014526975016263504,-0.08131077838916004,-0.02423981039475842,0.5,-0.08131077838916004,True,0,0.4167,HALTED,WARN: rolling_20d_return=-0.0242 < 0.0; WARN: rolling_20d_max_drawdown=-0.0813 < -0.08; HALT: rejection_rate=41.67% > 40%
2021-07-30,1766695.2600000007,0.016383452549539167,-0.06625947711912576,-0.03102430253184052,0.5,-0.06625947711912576,True,0,0.0,WARNING,WARN: rolling_20d_return=-0.0310 < 0.0
2021-08-02,1791711.2600000007,0.014159770825445011,-0.05303792530470139,-0.025174035428501496,0.5,-0.05303792530470139,True,0,0.0,WARNING,WARN: rolling_20d_return=-0.0252 < 0.0
2021-08-03,1805210.6100000008,0.007534333405930645,-0.04590319731117521,-0.02341107706191825,0.5,-0.04590319731117521,True,0,0.3333,WARNING,WARN: rolling_20d_return=-0.0234 < 0.0; WARN: rejection_rate=33.33% > 25%
2021-08-04,1810927.6100000008,0.003166943495861681,-0.04288162664747741,-0.01186016008428914,0.5,-0.04288162664747741,True,0,0.0,WARNING,WARN: rolling_20d_return=-0.0119 < 0.0
2021-08-05,1808025.6100000006,-0.0016024936524106734,-0.04441540276538045,-0.018085692956845367,0.5,-0.04441540276538045,True,1,0.0,WARNING,WARN: rolling_20d_return=-0.0181 < 0.0
2021-08-06,1800479.2100000007,-0.004173834683680119,-0.04840385490050881,-0.04110032592899615,0.45,-0.04840385490050881,True,2,0.375,WARNING,WARN: rolling_20d_return=-0.0411 < 0.0; WARN: rolling_20d_winrate=0.4500 < 0.5; WARN: rejection_rate=37.50% > 25%
2021-08-09,1830613.2100000007,0.016736655348550226,-0.03247731818896963,-0.032477318188969595,0.45,-0.03247731818896963,True,0,0.0,WARNING,WARN: rolling_20d_return=-0.0325 < 0.0; WARN: rolling_20d_winrate=0.4500 < 0.5
2021-08-10,1855760.2100000007,0.013736926983062682,-0.01918652975447452,-0.009380663767833974,0.45,-0.009380663767833957,True,0,0.0,WARNING,WARN: rolling_20d_return=-0.0094 < 0.0; WARN: rolling_20d_winrate=0.4500 < 0.5
2021-08-11,1869829.7100000007,0.007581529081281463,-0.011750463906495477,0.024340654592034383,0.5,0.0,True,0,0.0,NORMAL,
2021-08-12,1868974.7100000007,-0.00045726089142096246,-0.012202351770315945,0.024244743683230263,0.5,-0.00045726089142096246,True,1,0.0,NORMAL,
2021-08-13,1873978.7100000007,0.0026774038049985163,-0.009557618588377203,0.03625623045768722,0.55,0.0,True,0,0.0,NORMAL,
2021-08-16,1879924.0900000008,0.0031725974090709486,-0.006415343655276628,0.0373297064173832,0.6,0.0,True,0,0.3333,WARNING,WARN: rejection_rate=33.33% > 25%
2021-08-17,1840821.0900000008,-0.020800307952859937,-0.027082210484483386,-0.0032206142618327327,0.55,-0.020800307952859937,True,1,0.0,WARNING,WARN: rolling_20d_return=-0.0032 < 0.0
2021-08-18,1878460.0900000008,0.02044685396341259,-0.0071891025238534296,0.018151101082942267,0.55,-0.0007787548485534857,True,0,0.0,NORMAL,
2021-08-19,1864042.9800000007,-0.007674962101537167,-0.014808888535975957,0.02791698605895454,0.55,-0.008447740036141616,True,1,0.3333,WARNING,WARN: rejection_rate=33.33% > 25%
2021-08-20,1859734.9800000007,-0.0023111055089513003,-0.017085769141050318,0.036402523411280585,0.55,-0.010739321926557202,True,2,0.0,NORMAL,
2021-08-23,1912546.9800000007,0.028397594586299594,0.0,0.07120116910796237,0.6,0.0,True,0,0.0,NORMAL,
2021-08-24,1930069.9800000007,0.009162127876199931,0.0,0.1265036330263456,0.65,0.0,True,0,0.6667,HALTED,HALT: rejection_rate=66.67% > 40%
2021-08-25,1954035.9800000007,0.012417166345439967,0.0,0.12416095787703774,0.7,0.0,True,0,0.0,NORMAL,
2021-08-26,1966249.9800000007,0.0062506525596319855,0.0,0.11295367374223897,0.7,0.0,True,0,0.0,NORMAL,
2021-08-27,1952977.4900000007,-0.006750153914814019,-0.006750153914814019,0.09000681839773672,0.65,-0.006750153914814019,True,1,0.125,NORMAL,
2021-08-30,1950329.4900000007,-0.0013558784028790823,-0.008096879929783895,0.08038889157647922,0.6,-0.008096879929783895,True,2,0.0,NORMAL,
2021-08-31,1965836.4900000007,0.007950964223998887,-0.00021029370843273474,0.0855411774300574,0.6,-0.00021029370843273474,True,0,0.0,NORMAL,
2021-09-01,1967411.9800000007,0.0008014349148641503,0.0,0.08815492939837277,0.6,0.0,True,0,0.3333,WARNING,WARN: rejection_rate=33.33% > 25%
2021-09-02,1970206.9800000007,0.0014206480535917032,0.0,0.09426810876644343,0.65,0.0,True,0,0.0,NORMAL,
2021-09-03,1969242.9800000007,-0.0004892886939218943,-0.0004892886939218943,0.0757285969765289,0.65,-0.0004892886939218943,True,1,0.0,NORMAL,
2021-09-06,1980223.7300000007,0.005576127533027944,0.0,0.06706875130165657,0.65,0.0,True,0,0.3333,WARNING,WARN: rejection_rate=33.33% > 25%
2021-09-07,2000869.7300000007,0.010426094631236437,0.0,0.07008125889710026,0.65,0.0,True,0,0.0,NORMAL,
2021-09-08,2054483.7300000007,0.026795347641148024,0.0,0.09925710551749511,0.65,0.0,True,0,0.0,NORMAL,
2021-09-09,2037686.4300000006,-0.008175922619742548,-0.008175922619742548,0.08735836705423394,0.65,-0.008175922619742548,True,1,0.5833,HALTED,HALT: rejection_rate=58.33% > 40%
2021-09-10,1999961.4300000006,-0.01851364343629652,-0.026538199939894404,0.06385222713966066,0.6,-0.026538199939894404,True,2,0.0,NORMAL,
2021-09-13,2017433.4300000006,0.008736168477009077,-0.018033873648636796,0.09594215372662851,0.6,-0.018033873648636796,True,0,0.0,NORMAL,
2021-09-14,1990481.7000000007,-0.01335941478871993,-0.03115236643903722,0.059634809702025615,0.6,-0.03115236643903722,True,1,0.5,HALTED,HALT: rejection_rate=50.00% > 40%
2021-09-15,2009412.7000000007,0.009510763148437885,-0.021937886069314363,0.07798624900805673,0.6,-0.021937886069314363,True,0,0.0,NORMAL,
2021-09-16,2013744.7000000007,0.0021558537974802282,-0.019829327146825355,0.08281272420869334,0.65,-0.019829327146825355,True,0,0.0,NORMAL,
2021-09-17,1972519.0100000007,-0.020472153197969897,-0.03989553132163278,0.031357153903743606,0.65,-0.03989553132163278,True,1,0.2727,WARNING,WARN: rejection_rate=27.27% > 25%
2021-09-22,1963478.0100000007,-0.004583479274047654,-0.04429615025474061,0.017309232487000337,0.6,-0.04429615025474061,True,2,0.0,NORMAL,
2021-09-23,1991902.0100000007,0.014476352602492344,-0.030461044342268873,0.019378368867086992,0.6,-0.030461044342268873,True,0,0.0,NORMAL,
2021-09-24,1937052.8700000006,-0.027536063382957332,-0.05715833047750642,-0.014849134289628863,0.55,-0.05715833047750642,True,1,0.1667,WARNING,WARN: rolling_20d_return=-0.0148 < 0.0
2021-09-27,1860110.8700000006,-0.03972116672272346,-0.09460910162574032,-0.04755130075769587,0.5,-0.09460910162574032,True,2,0.0,WARNING,WARN: rolling_20d_return=-0.0476 < 0.0; WARN: rolling_20d_max_drawdown=-0.0946 < -0.08
2021-09-28,1855518.8700000006,-0.002468670052984529,-0.09684421302280162,-0.04861261673277584,0.5,-0.09684421302280162,True,3,0.0,WARNING,WARN: rolling_20d_return=-0.0486 < 0.0; WARN: rolling_20d_max_drawdown=-0.0968 < -0.08; WARN: consecutive_losses=3 >= 3
2021-09-29,1820575.3200000008,-0.018832225618918015,-0.11385264657218767,-0.07389280377026675,0.5,-0.11385264657218767,True,4,0.4286,HALTED,HALT: rolling_20d_return=-0.0739 < -0.05; WARN: rolling_20d_max_drawdown=-0.1139 < -0.08; WARN: cumulative_drawdown=-0.1139 < -0.1; WARN: consecutive_losses=4 >= 3; HALT: rejection_rate=42.86% > 40%
2021-09-30,1862297.3200000005,0.022916931555460034,-0.09354486832563044,-0.053427884484062216,0.5,-0.09354486832563044,True,0,0.0,HALTED,HALT: rolling_20d_return=-0.0534 < -0.05; WARN: rolling_20d_max_drawdown=-0.0935 < -0.08
2021-10-08,1944364.3200000008,0.04406761429480026,-0.053599553207461945,-0.013116723401314867,0.5,-0.053599553207461945,True,0,0.0,WARNING,WARN: rolling_20d_return=-0.0131 < 0.0
2021-10-11,1942998.1000000006,-0.0007026563828327215,-0.05426454752211646,-0.013327395484736049,0.45,-0.05426454752211646,True,1,0.625,HALTED,WARN: rolling_20d_return=-0.0133 < 0.0; WARN: rolling_20d_winrate=0.4500 < 0.5; HALT: rejection_rate=62.50% > 40%
2021-10-12,1923537.1000000006,-0.010015964503516496,-0.06373700024385205,-0.028626376475147097,0.45,-0.06373700024385205,True,2,0.0,WARNING,WARN: rolling_20d_return=-0.0286 < 0.0; WARN: rolling_20d_winrate=0.4500 < 0.5
2021-10-13,1927435.1000000006,0.0020264750807249825,-0.0618396866058414,-0.03670135486531656,0.45,-0.0618396866058414,True,0,0.0,WARNING,WARN: rolling_20d_return=-0.0367 < 0.0; WARN: rolling_20d_winrate=0.4500 < 0.5
2021-10-14,1926419.0500000007,-0.0005271513422163026,-0.0623342390742612,-0.062334239074261166,0.4,-0.0623342390742612,True,1,0.5556,HALTED,HALT: rolling_20d_return=-0.0623 < -0.05; WARN: rolling_20d_winrate=0.4000 < 0.5; HALT: rejection_rate=55.56% > 40%
2021-10-15,1907599.0500000007,-0.009769421663474514,-0.07149469127214743,-0.06384072548394992,0.35,-0.06384072548394988,True,2,0.0,HALTED,HALT: rolling_20d_return=-0.0638 < -0.05; WARN: rolling_20d_winrate=0.3500 < 0.5
2021-10-18,1921925.0500000007,0.0075099638993844095,-0.06452164992321448,-0.039018942480305685,0.4,-0.04734152739800681,True,0,0.0,WARNING,WARN: rolling_20d_return=-0.0390 < 0.0; WARN: rolling_20d_winrate=0.4000 < 0.5
2021-10-19,1918176.0000000007,-0.0019506744032500357,-0.06634646359550384,-0.049199853895550816,0.4,-0.049199853895550795,True,1,0.6,HALTED,WARN: rolling_20d_return=-0.0492 < 0.0; WARN: rolling_20d_winrate=0.4000 < 0.5; HALT: rejection_rate=60.00% > 40%
2021-10-20,1888169.0000000007,-0.01564350716514021,-0.08095207938200608,-0.0514009749499329,0.35,-0.06235929509833094,True,2,0.0,HALTED,HALT: rolling_20d_return=-0.0514 < -0.05; WARN: rolling_20d_winrate=0.3500 < 0.5
2021-10-21,1860700.0000000005,-0.014547956247560586,-0.09432234832056818,-0.07400804225035507,0.35,-0.07600005104917229,True,3,0.0,HALTED,HALT: rolling_20d_return=-0.0740 < -0.05; WARN: rolling_20d_winrate=0.3500 < 0.5; WARN: consecutive_losses=3 >= 3
2021-10-22,1836784.5900000008,-0.012852910195087696,-0.10596294184330184,-0.08787613941330286,0.3,-0.0878761394133029,True,4,0.6667,HALTED,HALT: rolling_20d_return=-0.0879 < -0.05; HALT: rolling_20d_winrate=0.3000 < 0.35; WARN: rolling_20d_max_drawdown=-0.0879 < -0.08; WARN: cumulative_drawdown=-0.1060 < -0.1; WARN: consecutive_losses=4 >= 3; HALT: rejection_rate=66.67% > 40%
2021-10-25,1830982.5900000008,-0.0031587808562788507,-0.10878700898741107,-0.07175414750502196,0.25,-0.0807868154116677,True,5,0.0,HALTED,HALT: rolling_20d_return=-0.0718 < -0.05; HALT: rolling_20d_winrate=0.2500 < 0.35; WARN: rolling_20d_max_drawdown=-0.0808 < -0.08; WARN: cumulative_drawdown=-0.1088 < -0.1; HALT: consecutive_losses=5 >= 5
2021-10-26,1813895.5900000008,-0.009332147718564594,-0.11710394026824433,-0.0761823759869864,0.25,-0.0893650486350982,True,6,0.0,HALTED,HALT: rolling_20d_return=-0.0762 < -0.05; HALT: rolling_20d_winrate=0.2500 < 0.35; WARN: rolling_20d_max_drawdown=-0.0894 < -0.08; WARN: cumulative_drawdown=-0.1171 < -0.1; HALT: consecutive_losses=6 >= 5
2021-10-27,1767534.0500000007,-0.02555910067568995,-0.13966996954509825,-0.11264005903583574,0.25,-0.11264005903583575,True,7,0.6667,HALTED,HALT: rolling_20d_return=-0.1126 < -0.05; HALT: rolling_20d_winrate=0.2500 < 0.35; WARN: rolling_20d_max_drawdown=-0.1126 < -0.08; WARN: cumulative_drawdown=-0.1397 < -0.1; HALT: consecutive_losses=7 >= 5; HALT: rejection_rate=66.67% > 40%
2021-10-28,1748967.0500000007,-0.010504465246369648,-0.1487072764504199,-0.09709896044293298,0.2,-0.10049416562015494,True,8,0.0,HALTED,HALT: rolling_20d_return=-0.0971 < -0.05; HALT: rolling_20d_winrate=0.2000 < 0.35; WARN: rolling_20d_max_drawdown=-0.1005 < -0.08; WARN: cumulative_drawdown=-0.1487 < -0.1; HALT: consecutive_losses=8 >= 5
2021-10-29,1835004.0500000007,0.049193036541197256,-0.10682960239359007,-0.01349748577083465,0.25,-0.0562447422404871,True,0,0.0,HALTED,WARN: rolling_20d_return=-0.0135 < 0.0; HALT: rolling_20d_winrate=0.2500 < 0.35; WARN: cumulative_drawdown=-0.1068 < -0.1
2021-11-01,1869358.7400000007,0.018721860586629186,-0.0901077907294987,0.007458760039449341,0.3,-0.03857588787681521,True,0,0.7333,HALTED,HALT: rolling_20d_winrate=0.3000 < 0.35; HALT: rejection_rate=73.33% > 40%
2021-11-02,1844293.8400000008,-0.013408287806758748,-0.10230788734452514,0.013028035555266104,0.3,-0.05146693907652036,True,1,0.0,HALTED,HALT: rolling_20d_winrate=0.3000 < 0.35; WARN: cumulative_drawdown=-0.1023 < -0.1
2021-11-03,1875408.8400000008,0.016870955877616545,-0.08716296332023026,0.00704050844040327,0.35,-0.03546427965721977,True,0,0.0,WARNING,WARN: rolling_20d_winrate=0.3500 < 0.5
2021-11-04,1886985.1400000006,0.006172680725979626,-0.08152831173795669,-0.02951050860674098,0.35,-0.029510508606741016,True,0,0.3,WARNING,WARN: rolling_20d_return=-0.0295 < 0.0; WARN: rolling_20d_winrate=0.3500 < 0.5; WARN: rejection_rate=30.00% > 25%
2021-11-05,1885873.1400000006,-0.0005892998182275032,-0.08206956693689661,-0.029400419897476993,0.3,-0.02940041989747697,True,1,0.0,HALTED,WARN: rolling_20d_return=-0.0294 < 0.0; HALT: rolling_20d_winrate=0.3000 < 0.35
2021-11-08,1903541.1400000006,0.009368604719615443,-0.07346983954942297,-0.010395411661152765,0.35,-0.012396765006510442,True,0,0.0,WARNING,WARN: rolling_20d_return=-0.0104 < 0.0; WARN: rolling_20d_winrate=0.3500 < 0.5
2021-11-09,1915733.0300000007,0.006404847126130474,-0.06753555551398789,-0.006071317265105236,0.4,-0.006071317265105232,True,0,0.2,WARNING,WARN: rolling_20d_return=-0.0061 < 0.0; WARN: rolling_20d_winrate=0.4000 < 0.5
2021-11-10,1929414.0300000007,0.007141391720953934,-0.060876461650051575,0.0015546876989198655,0.4,0.0,True,0,0.0,WARNING,WARN: rolling_20d_winrate=0.4000 < 0.5
2021-11-11,1951199.0300000007,0.011290992840971511,-0.05027282450175447,0.022855945540547484,0.45,0.0,True,0,0.0,WARNING,WARN: rolling_20d_winrate=0.4500 < 0.5
2021-11-12,1966896.2900000007,0.008044930198637914,-0.042632335667121546,0.023399060228701307,0.5,0.0,True,0,0.125,NORMAL,
2021-11-15,1999871.2900000007,0.01676499171189142,-0.02658207470934799,0.0425900907945882,0.5,0.0,True,0,0.0,NORMAL,
2021-11-16,1987464.2900000007,-0.006203899251936356,-0.03262106144788011,0.05258813697290865,0.5,-0.006203899251936356,True,1,0.0,NORMAL,
2021-11-17,2029714.2500000007,0.02125822346221876,-0.012056303799495153,0.09083369162143295,0.55,0.0,True,0,0.8889,HALTED,HALT: rejection_rate=88.89% > 40%
2021-11-18,2002277.2500000007,-0.01351766634145668,-0.02541099704887902,0.09009911173089691,0.55,-0.01351766634145668,True,1,0.0,NORMAL,
2021-11-19,2028747.2500000007,0.013219947437349144,-0.012526981656846693,0.10801012586362169,0.6,-0.000476421742617218,True,0,0.0,NORMAL,
2021-11-22,2031354.8100000008,0.0012853055007222092,-0.011257777154555474,0.11988519140729581,0.65,0.0,True,0,0.125,NORMAL,
2021-11-23,2035949.8100000005,0.0022620371278219806,-0.009021205536633844,0.1518588906391929,0.7,0.0,True,0,0.0,NORMAL,
2021-11-24,2055781.8100000005,0.009740908102248353,0.0,0.1754262666069093,0.75,0.0,True,0,0.0,NORMAL,
2021-11-25,2057474.2000000007,0.0008232342516933399,0.0,0.12123687138456174,0.8,0.0,True,0,0.2222,NORMAL,
2021-11-26,2038171.2000000007,-0.009381891641703208,-0.009381891641703208,0.09030501015551451,0.75,-0.009381891641703208,True,1,0.0,NORMAL,
2021-11-29,2013785.2000000007,-0.011964647523230626,-0.02123428813833971,0.09190040996937876,0.7,-0.02123428813833971,True,2,0.0,NORMAL,
2021-11-30,2043817.8100000005,0.014913512126318071,-0.006637453825666502,0.08979853694195006,0.75,-0.006637453825666502,True,0,0.5556,HALTED,HALT: rejection_rate=55.56% > 40%
2021-12-01,2080589.8100000005,0.0179918189478934,0.0,0.10259999715737034,0.75,0.0,True,0,0.0,NORMAL,
2021-12-02,2056826.8100000008,-0.011421280583893545,-0.011421280583893545,0.09064961283663031,0.7,-0.011421280583893545,True,1,0.0,NORMAL,
2021-12-03,2069027.0900000005,0.005931602962720907,-0.005557424122922129,0.08693584106093977,0.75,-0.005557424122922129,True,0,0.375,WARNING,WARN: rejection_rate=37.50% > 25%
2021-12-06,2015098.0900000005,-0.02606490763733789,-0.03147747801379454,0.05186790562357202,0.7,-0.03147747801379454,True,1,0.0,NORMAL,
2021-12-07,2012842.0900000005,-0.0011195484781586981,-0.032561785929346616,0.043240102281209,0.65,-0.032561785929346616,True,2,0.0,NORMAL,
2021-12-08,2021820.0200000005,0.00446032505212564,-0.028246697026743595,0.03619363730413494,0.65,-0.028246697026743595,True,0,0.25,NORMAL,
2021-12-09,2039797.0200000005,0.00889149371465814,-0.0196063586411586,0.03706384031056342,0.65,-0.0196063586411586,True,0,0.0,NORMAL,
2021-12-10,2085311.0200000005,0.02231300445766902,0.0,0.04272261441385039,0.65,0.0,True,0,0.0,NORMAL,
2021-12-13,2094776.5100000007,0.004539126254653476,0.0,0.05399453994718062,0.65,0.0,True,0,0.6,HALTED,HALT: rejection_rate=60.00% > 40%
2021-12-14,2099499.250000001,0.0022545316779402982,0.0,0.03438168697884447,0.7,0.0,True,0,0.0,NORMAL,
2021-12-15,2101871.250000001,0.0011297932114050523,0.0,0.049740364377610646,0.7,0.0,True,0,0.0,NORMAL,
2021-12-16,2143825.540000001,0.0199604471491772,0.0,0.05672381810991989,0.75,0.0,True,0,0.3333,WARNING,WARN: rejection_rate=33.33% > 25%
2021-12-17,2159771.540000001,0.007438105248060434,0.0,0.06321728206605126,0.75,0.0,True,0,0.0,NORMAL,
2021-12-20,2161548.540000001,0.0008227722085827648,0.0,0.06169048440344427,0.75,0.0,True,0,0.0,NORMAL,
2021-12-21,2221816.2400000007,0.027881724090267106,0.0,0.08076461674694957,0.75,0.0,True,0,0.3333,WARNING,WARN: rejection_rate=33.33% > 25%
2021-12-22,2201358.2400000007,-0.009207782188143514,-0.009207782188143514,0.06993236658812041,0.7,-0.009207782188143514,True,1,0.0,NORMAL,
2021-12-23,2169589.2400000007,-0.014431544772103967,-0.023506444439347508,0.06447841084203332,0.65,-0.023506444439347508,True,2,0.0,NORMAL,
2021-12-24,2151271.7300000004,-0.008442846997157968,-0.031750830122656865,0.06827268866609981,0.65,-0.031750830122656865,True,3,0.1111,WARNING,WARN: consecutive_losses=3 >= 3
2021-12-27,2174037.860000001,0.010582638019419494,-0.021504199645241532,0.06371411843211217,0.7,-0.021504199645241532,True,0,0.0,NORMAL,
2021-12-28,2205474.8600000003,0.014460189759528624,-0.007354964693209889,0.06002386890475053,0.7,-0.007354964693209889,True,0,0.0,NORMAL,
2021-12-29,2214307.9400000004,0.0040050694570148366,-0.0033793523806452497,0.07656509008651025,0.7,-0.0033793523806452497,True,0,0.2857,WARNING,WARN: rejection_rate=28.57% > 25%
2021-12-30,2212138.9400000004,-0.0009795385550575226,-0.004355580729754805,0.06916866902888152,0.7,-0.004355580729754805,True,1,0.0,NORMAL,
2021-12-31,2212484.9400000004,0.00015640970544101535,-0.004199852279412755,0.09795396610196772,0.7,-0.004199852279412755,True,0,0.0,NORMAL,
2022-01-04,2222997.0700000008,0.004751277538639586,0.0,0.10440708739352722,0.75,0.0,True,0,0.0,NORMAL,
2022-01-05,2222891.5700000008,-4.7458452115728595e-05,-4.7458452115728595e-05,0.09945076614683046,0.75,-4.7458452115728595e-05,True,1,0.0,NORMAL,
2022-01-06,2223208.0700000008,0.00014238211358190534,0.0,0.08991632412523098,0.75,0.0,True,0,0.0,NORMAL,
2022-01-07,2223630.0700000008,0.0001898157917355886,0.0,0.06633017745237835,0.75,0.0,True,0,0.0,NORMAL,
2022-01-10,2223777.770000001,6.642291898858257e-05,0.0,0.06158234989946498,0.75,0.0,True,0,0.0,NORMAL,
2022-01-11,2224052.0700000008,0.0001233486563721759,0.0,0.05932501285723246,0.75,0.0,True,0,0.0,NORMAL,
2022-01-12,2224136.4700000007,3.794875180233835e-05,0.0,0.058169699975676226,0.75,0.0,True,0,0.0,NORMAL,
2022-01-13,2224263.0700000008,5.69209676239395e-05,0.0,0.03752055775956453,0.75,0.0,True,0,0.0,NORMAL,
2022-01-14,2224600.6700000004,0.00015178060749784753,0.0,0.030016660928868122,0.75,0.0,True,0,0.0,NORMAL,
2022-01-17,2224832.770000001,0.00010433333187864173,0.0,0.029277265270202912,0.75,0.0,True,0,0.0,NORMAL,
2022-01-18,2224980.4700000007,6.638701208977632e-05,0.0,0.0014241636833116633,0.75,0.0,True,0,0.0,NORMAL,
2022-01-19,2224790.5700000008,-8.53490637605043e-05,-8.53490637605043e-05,0.010644487377938106,0.7,-8.53490637605043e-05,True,1,0.0,NORMAL,
2022-01-20,2224685.0700000008,-4.742019380278116e-05,-0.00013276521029414104,0.02539459036033942,0.7,-0.00013276521029414104,True,2,0.0,NORMAL,
2022-01-21,2225254.7700000005,0.00025608118995454956,0.0,0.03439037429269809,0.75,0.0,True,0,0.0,NORMAL,
2022-01-24,2225275.8700000006,9.482060339586702e-06,0.0,0.02356813142159342,0.8,0.0,True,0,0.0,NORMAL,
2022-01-25,2225550.1700000004,0.0001232656156019944,0.0,0.009102488703951916,0.8,0.0,True,0,0.0,NORMAL,
2022-01-26,2225761.170000001,9.480801774082928e-05,0.0,0.005172374534320845,0.8,0.0,True,0,0.0,NORMAL,
2022-01-27,2226183.1700000004,0.00018959806006478862,0.0,0.006348710628456322,0.8,0.0,True,0,0.0,NORMAL,
2022-01-28,2227512.4700000007,0.0005971206762830208,0.0,0.006792150187472146,0.85,0.0,True,0,0.0,NORMAL,
2022-02-07,2226327.3700000006,-0.0005320284469608796,-0.0005320284469608796,0.0014981126358388774,0.8,-0.0005320284469608796,True,1,0.0,NORMAL,
2022-02-08,2240131.3700000006,0.0062003459985312025,0.0,0.007755573970708696,0.8,0.0,True,0,0.0,NORMAL,
2022-02-09,2242254.3700000006,0.0009477122763563637,0.0,0.008567034393681228,0.85,0.0,True,0,0.0,NORMAL,
2022-02-10,2239865.4900000007,-0.0010653920589749537,-0.0010653920589749537,0.007301313387977348,0.8,-0.0010653920589749537,True,1,0.0,NORMAL,
2022-02-11,2221997.4900000007,-0.007977264741910906,-0.009034157886377486,-0.000800565606877246,0.75,-0.009034157886377486,True,2,0.0,WARNING,WARN: rolling_20d_return=-0.0008 < 0.0
2022-02-14,2249527.4900000007,0.012389752969522928,0.0,0.011454506998120673,0.75,0.0,True,0,0.0,NORMAL,
2022-02-15,2260246.5500000007,0.004765027343586742,0.0,0.016235550510081742,0.75,0.0,True,0,0.0,NORMAL,
2022-02-16,2312014.5500000007,0.022903696059175485,0.0,0.039451934073607475,0.75,0.0,True,0,0.0,NORMAL,
2022-02-17,2329201.5500000007,0.007433776746776958,0.0,0.04702007034817646,0.75,0.0,True,0,0.0,NORMAL,
2022-02-18,2342242.290000001,0.005598802731348097,0.0,0.05277228993709948,0.75,0.0,True,0,0.0,NORMAL,
2022-02-21,2372749.380000001,0.013024737077904882,0.0,0.06641357620545763,0.75,0.0,True,0,0.0,NORMAL,
2022-02-22,2347702.8900000006,-0.010555893602214412,-0.010555893602214412,0.05524669227629797,0.7,-0.010555893602214412,True,1,0.0,NORMAL,
2022-02-23,2368176.130000001,0.008720541294729257,-0.0019274054135460352,0.06449949340470029,0.75,-0.0019274054135460352,True,0,0.3077,WARNING,WARN: rejection_rate=30.77% > 25%
2022-02-24,2314395.130000001,-0.022709881802583654,-0.0245935160670024,0.04005849631321112,0.75,-0.0245935160670024,True,1,1.0,HALTED,HALT: rejection_rate=100.00% > 40%
2022-02-25,2371046.130000001,0.024477669895546308,-0.0007178381393149913,0.06550660166013489,0.75,-0.0007178381393149913,True,0,0.0,NORMAL,
2022-02-28,2337678.670000001,-0.014072885203629485,-0.01478062128921511,0.05038237354137043,0.7,-0.01478062128921511,True,1,0.5,HALTED,HALT: rejection_rate=50.00% > 40%
2022-03-01,2405069.670000001,0.02882817081100371,0.0,0.08056053022076926,0.7,0.0,True,0,0.0,NORMAL,
2022-03-02,2465919.670000001,0.025300722369510392,0.0,0.10768947642345195,0.7,0.0,True,0,0.0,NORMAL,
2022-03-03,2488989.6400000006,0.00935552373447742,0.0,0.11738527775783902,0.7,0.0,True,0,0.6,HALTED,HALT: rejection_rate=60.00% > 40%
2022-03-04,2440101.6400000006,-0.01964170489677088,-0.01964170489677088,0.09602104024800262,0.65,-0.01964170489677088,True,1,1.0,HALTED,HALT: rejection_rate=100.00% > 40%
2022-03-07,2394733.6400000006,-0.01859266813164389,-0.03786918132772942,0.06901482300120643,0.65,-0.03786918132772942,True,2,0.0,NORMAL,
2022-03-08,2313514.310000001,-0.033915809526106455,-0.07050062691301502,0.031780488847926947,0.6,-0.07050062691301502,True,3,0.4286,HALTED,WARN: consecutive_losses=3 >= 3; HALT: rejection_rate=42.86% > 40%
2022-03-09,2271430.3100000005,-0.018190507756141974,-0.08740869246848293,0.014092283729055355,0.55,-0.08740869246848293,True,4,0.0,WARNING,WARN: rolling_20d_max_drawdown=-0.0874 < -0.08; WARN: consecutive_losses=4 >= 3
2022-03-10,2313294.310000001,0.018430677716896566,-0.07058901619212829,0.041087724181002594,0.6,-0.07058901619212829,True,0,0.0,NORMAL,
2022-03-11,2349189.990000001,0.015517126309795036,-0.05616722856267068,0.04430374842852025,0.65,-0.05616722856267068,True,0,0.4,WARNING,WARN: rejection_rate=40.00% > 25%
2022-03-14,2296062.9900000007,-0.022615029106266726,-0.07751203416017427,0.01584625358680447,0.6,-0.07751203416017427,True,1,0.0,NORMAL,
2022-03-15,2195440.990000001,-0.04382371060299156,-0.11793887980988116,-0.05042077265473932,0.55,-0.11793887980988116,True,2,0.0,HALTED,HALT: rolling_20d_return=-0.0504 < -0.05; WARN: rolling_20d_max_drawdown=-0.1179 < -0.08; WARN: cumulative_drawdown=-0.1179 < -0.1
2022-03-16,2302951.1400000006,0.04896972885615996,-0.07474458591961032,-0.011270132462345317,0.55,-0.07474458591961032,True,0,0.4444,HALTED,WARN: rolling_20d_return=-0.0113 < 0.0; HALT: rejection_rate=44.44% > 40%
2022-03-17,2310813.170000001,0.0034138935314104225,-0.0715858624465788,-0.013418389777259176,0.55,-0.0715858624465788,True,0,0.0,WARNING,WARN: rolling_20d_return=-0.0134 < 0.0
2022-03-18,2384822.170000001,0.03202725385194164,-0.04185130718342392,0.00508810163507456,0.55,-0.04185130718342392,True,0,0.0,NORMAL,
2022-03-21,2425850.590000001,0.017203974583983303,-0.025367341424530718,0.03328687813644082,0.55,-0.025367341424530718,True,0,0.7059,HALTED,HALT: rejection_rate=70.59% > 40%
2022-03-22,2428987.590000001,0.0012931546620931831,-0.024106990658265576,0.025678605247997366,0.6,-0.024106990658265576,True,0,0.0,NORMAL,
2022-03-23,2413614.590000001,-0.006328974286772702,-0.030283392421030647,0.04287057932065386,0.55,-0.030283392421030647,True,1,0.0,NORMAL,
2022-03-24,2377723.5600000005,-0.0148702407371511,-0.044703311822543404,0.0028162379109848423,0.55,-0.044703311822543404,True,2,0.125,NORMAL,
2022-03-25,2430274.5600000005,0.02210139180351142,-0.02358992542853656,0.03961018731458066,0.55,-0.02358992542853656,True,0,0.0,NORMAL,
2022-03-28,2424510.860000001,-0.0023716250397649388,-0.025905604010468996,0.00808342071853585,0.55,-0.025905604010468996,True,1,0.0,NORMAL,
2022-03-29,2395237.120000001,-0.012074080790052533,-0.03766689844478402,-0.028663768272710888,0.5,-0.03766689844478402,True,2,0.125,WARNING,WARN: rolling_20d_return=-0.0287 < 0.0
2022-03-30,2389149.120000001,-0.002541710776426176,-0.040112870859518535,-0.040112870859518535,0.45,-0.040112870859518535,True,3,0.0,WARNING,WARN: rolling_20d_return=-0.0401 < 0.0; WARN: rolling_20d_winrate=0.4500 < 0.5; WARN: consecutive_losses=3 >= 3
2022-03-31,2419435.120000001,0.012676479566080825,-0.027944881281225235,-0.00846953244127957,0.45,-0.008469532441279596,True,0,0.0,WARNING,WARN: rolling_20d_return=-0.0085 < 0.0; WARN: rolling_20d_winrate=0.4500 < 0.5
2022-04-01,2406968.070000001,-0.005152876345780997,-0.032953761109266545,0.005108889688458573,0.45,-0.009590064589245129,True,1,0.0,WARNING,WARN: rolling_20d_winrate=0.4500 < 0.5
2022-04-06,2407310.070000001,0.00014208746857202796,-0.032816355957190464,0.04054254585527084,0.5,-0.00944933974867403,True,0,0.0,NORMAL,
2022-04-07,2407583.6700000013,0.0001136538260732208,-0.032706431835529556,0.05994168493771701,0.55,-0.009336759876217111,True,0,0.0,NORMAL,
2022-04-08,2407902.870000001,0.0001325810620736269,-0.032578187026925325,0.040897761945387856,0.6,-0.009205416691684199,True,0,0.0,NORMAL,
2022-04-11,2408062.470000001,6.628174333298297e-05,-0.032514064622623115,0.025060757218704044,0.6,-0.009139745099417647,True,0,0.0,NORMAL,
2022-04-12,2407948.4700000016,-4.734096453882041e-05,-0.03255986633998162,0.04872927288462625,0.55,-0.009186653379607822,True,1,0.0,NORMAL,
2022-04-13,2408062.470000001,4.73432058118479e-05,-0.032514064622623115,0.0968468207382791,0.6,-0.009139745099417647,True,0,0.0,NORMAL,
2022-04-14,2408222.0700000017,6.627735035485135e-05,-0.03244994221832072,0.04571131717540533,0.65,-0.009074073507150905,True,0,0.0,NORMAL,
2022-04-15,2408632.4700000016,0.0001704161776077015,-0.03228505603582945,0.04233111584698146,0.65,-0.008905203698465623,True,0,0.0,NORMAL,
2022-04-18,2408609.6700000013,-9.465952271364747e-06,-0.032294216379301306,0.00997453826924155,0.6,-0.008914585354503811,True,1,0.0,NORMAL,
2022-04-19,2408860.470000001,0.00010412646063976551,-0.03219345260111225,-0.0070037784148938576,0.6,-0.008811387138085082,True,0,0.0,WARNING,WARN: rolling_20d_return=-0.0070 < 0.0
2022-04-20,2408837.6700000013,-9.46505631345834e-06,-0.03220261294458392,-0.008295604342712815,0.55,-0.008820768794123078,True,1,0.0,WARNING,WARN: rolling_20d_return=-0.0083 < 0.0
2022-04-21,2408928.8700000015,3.786058360677588e-05,-0.03216597157069688,-0.0019413704323022474,0.55,-0.008783242169970708,True,0,0.0,WARNING,WARN: rolling_20d_return=-0.0019 < 0.0
2022-04-22,2409065.6700000013,5.678872535568626e-05,-0.03211100950986652,0.013181561779200601,0.6,-0.008726952233742345,True,0,0.0,NORMAL,
2022-04-25,2409156.8700000015,3.7857000386455306e-05,-0.03207436813597949,-0.008689425609589962,0.65,-0.008689425609589975,True,0,0.0,WARNING,WARN: rolling_20d_return=-0.0087 < 0.0
2022-04-26,2409384.870000001,9.463891822018805e-05,-0.03198276470126229,-0.00623878005644396,0.65,-0.0062387800564439435,True,0,0.0,WARNING,WARN: rolling_20d_return=-0.0062 < 0.0
2022-04-27,2409544.470000001,6.624097378020518e-05,-0.03191864229696008,0.0059732499469613565,0.7,-0.004087999681512394,True,0,0.0,NORMAL,
2022-04-28,2410091.6700000013,0.0002270968669858938,-0.03169879405363827,0.008765693955511855,0.75,-0.0038618311864464117,True,0,0.0,NORMAL,
2022-04-29,2410752.870000001,0.00027434641106399086,-0.03143314409295795,-0.00358854425490851,0.8,-0.0035885442549085573,True,0,0.0,WARNING,WARN: rolling_20d_return=-0.0036 < 0.0
2022-05-05,2421426.6700000013,0.0044275795054846395,-0.02714473733205224,0.006006976237121542,0.8,0.0,True,0,0.0,NORMAL,
2022-05-06,2412608.030000001,-0.003641919084008489,-0.030687797479140726,0.0022007800598782268,0.8,-0.003641919084008489,True,1,0.0,NORMAL,
2022-05-09,2422748.030000001,0.004202920604554232,-0.026613855250919964,0.006298580684425348,0.8,0.0,True,0,0.0,NORMAL,
2022-05-10,2443327.5600000015,0.008494292326387837,-0.01834562879096561,0.014711843422488435,0.8,0.0,True,0,0.0,NORMAL,
2022-05-11,2436197.5600000015,-0.0029181515064644037,-0.021210244973136623,0.011683704368350645,0.75,-0.0029181515064644037,True,1,0.0,NORMAL,
2022-05-12,2445527.5600000015,0.0038297386686488573,-0.0174617359998329,0.015606268351747499,0.75,0.0,True,0,0.0,NORMAL,
2022-05-13,2459340.0600000015,0.005648065565043148,-0.011912295464596283,0.02129412780557982,0.8,0.0,True,0,0.0,NORMAL,
2022-05-16,2481515.0600000015,0.009016646522644773,-0.0030030578994290798,0.030434481484508558,0.8,0.0,True,0,0.0,NORMAL,
2022-05-17,2465973.0600000015,-0.006263109279699471,-0.009247358699331161,0.023806284567773783,0.75,-0.006263109279699471,True,1,0.0,NORMAL,
2022-05-18,2517690.3000000017,0.020972345902270397,0.0,0.045287798749060304,0.75,0.0,True,0,0.0,NORMAL,
2022-05-19,2543411.0400000014,0.010216006313405482,0.0,0.05585652289773346,0.8,0.0,True,0,0.0,NORMAL,
2022-05-20,2550873.0400000014,0.00293385531581242,0.0,0.058964276326681775,0.8,0.0,True,0,0.0,NORMAL,
2022-05-23,2612238.1200000015,0.02405650106365154,0.0,0.08439819561795514,0.85,0.0,True,0,0.5294,HALTED,HALT: rejection_rate=52.94% > 40%
2022-05-24,2520557.1200000015,-0.03509672387753072,-0.03509672387753072,0.04627995466806856,0.8,-0.03509672387753072,True,1,0.0,NORMAL,
2022-05-25,2596062.1200000015,0.029955679004806664,-0.006192391067319694,0.07758118714785045,0.8,-0.006192391067319694,True,0,0.0,NORMAL,
2022-05-26,2604330.2700000014,0.003184881415703528,-0.003027231682845241,0.08091085921030139,0.8,-0.003027231682845241,True,0,0.5882,HALTED,HALT: rejection_rate=58.82% > 40%
2022-05-27,2622421.2700000014,0.006946507594829741,0.0,0.0883473215167514,0.8,0.0,True,0,0.0,NORMAL,
2022-05-30,2631856.2700000014,0.003597820116826613,0.0,0.09201500621758507,0.8,0.0,True,0,0.0,NORMAL,
2022-05-31,2607977.4300000016,-0.009073003063347315,-0.009073003063347315,0.08181035993125274,0.75,-0.009073003063347315,True,1,0.1111,NORMAL,
2022-06-01,2643658.4300000016,0.013681483432162977,0.0,0.09177720009171297,0.75,0.0,True,0,0.0,NORMAL,
2022-06-02,2650697.4300000016,0.0026625981329970816,0.0,0.09868548767119889,0.75,0.0,True,0,0.0,NORMAL,
2022-06-06,2705464.2700000014,0.02066129441261797,0.0,0.11669238257517023,0.8,0.0,True,0,0.3,WARNING,WARN: rejection_rate=30.00% > 25%
2022-06-07,2678460.2700000014,-0.009981281327363449,-0.009981281327363449,0.09623462439068131,0.75,-0.009981281327363449,True,1,0.0,NORMAL,
2022-06-08,2652381.2700000014,-0.009736564059619217,-0.01962066200194171,0.08873816867298712,0.7,-0.01962066200194171,True,2,0.0,NORMAL,
2022-06-09,2615828.7000000016,-0.01378103910377855,-0.03313130799542948,0.06963779218255883,0.7,-0.03313130799542948,True,3,0.3571,WARNING,WARN: consecutive_losses=3 >= 3; WARN: rejection_rate=35.71% > 25%
2022-06-10,2643608.7000000016,0.01061996146766032,-0.02286319974205381,0.07492605150342646,0.7,-0.02286319974205381,True,0,0.0,NORMAL,
2022-06-13,2659903.7000000016,0.006163922822617429,-0.016840203918124488,0.07188698665403215,0.7,-0.016840203918124488,True,0,0.0,NORMAL,
2022-06-14,2638690.3700000015,-0.007975224817349615,-0.02468112432325705,0.07004022582468927,0.65,-0.02468112432325705,True,1,0.1,NORMAL,
2022-06-15,2637679.3700000015,-0.00038314461275727453,-0.025054812496193072,0.04765839150271978,0.65,-0.025054812496193072,True,2,0.0,NORMAL,
2022-06-16,2677818.3700000015,0.015217543290714662,-0.010218541899279968,0.05284530415500588,0.65,-0.010218541899279968,True,0,0.0,NORMAL,
2022-06-17,2642832.2100000014,-0.013065172900430931,-0.02315020778300651,0.03605007719239528,0.6,-0.02315020778300651,True,1,0.1,NORMAL,
2022-06-20,2659990.210000002,0.006492277464712925,-0.01680822789058662,0.018280144384387187,0.6,-0.01680822789058662,True,0,0.0,NORMAL,
2022-06-21,2673467.2100000014,0.005066560000609749,-0.011826827785088449,0.06066519531999326,0.6,-0.011826827785088449,True,0,0.0,NORMAL,
2022-06-22,2645722.1600000015,-0.01037792791930289,-0.022082017738123683,0.01912898756059045,0.6,-0.022082017738123683,True,1,0.3333,WARNING,WARN: rejection_rate=33.33% > 25%
2022-06-23,2669628.1600000015,0.009035718247905512,-0.013245826380845108,0.025072814593519288,0.6,-0.013245826380845108,True,0,0.0,NORMAL,
2022-06-24,2685427.1600000015,0.005918052647451842,-0.007406163231274113,0.024025846160102393,0.6,-0.007406163231274113,True,0,0.0,NORMAL,
2022-06-27,2689985.0500000017,0.0016972681545382627,-0.005721465321735604,0.022086608855733658,0.6,-0.005721465321735604,True,0,0.5455,HALTED,HALT: rejection_rate=54.55% > 40%
2022-06-28,2751120.0500000017,0.02272689210670519,0.0,0.054886448921454,0.6,0.0,True,0,0.0,NORMAL,
2022-06-29,2711051.0500000017,-0.014564613419905096,-0.014564613419905096,0.025492181302710915,0.6,-0.014564613419905096,True,1,0.0,NORMAL,
2022-06-30,2715768.9500000016,0.001740247569296013,-0.012849711883710807,0.024548829777225833,0.6,-0.012849711883710807,True,0,0.4545,HALTED,HALT: rejection_rate=45.45% > 40%
2022-07-01,2701139.9500000016,-0.00538668799494154,-0.018167182489909905,-0.0015983652225426415,0.55,-0.018167182489909905,True,1,0.0,WARNING,WARN: rolling_20d_return=-0.0016 < 0.0
2022-07-04,2703894.9500000016,0.0010199397480311963,-0.017165772173409904,0.009496007943399665,0.55,-0.017165772173409904,True,0,0.0,NORMAL,
2022-07-05,2694321.5000000014,-0.003540614623360342,-0.0206456094127918,0.015812293079569217,0.55,-0.0206456094127918,True,1,0.3,WARNING,WARN: rejection_rate=30.00% > 25%
2022-07-06,2684002.5000000014,-0.0038299067130630085,-0.02439644536776948,0.026062027685528344,0.55,-0.02439644536776948,True,2,0.0,NORMAL,
2022-07-07,2685733.5000000014,0.000644932335197154,-0.02376724708905387,0.015934582149014664,0.6,-0.02376724708905387,True,0,0.0,NORMAL,
2022-07-08,2711555.3500000015,0.00961444983279245,-0.014381306261062713,0.0194186165461554,0.6,-0.014381306261062713,True,0,0.4286,HALTED,HALT: rejection_rate=42.86% > 40%
2022-07-11,2690125.3500000015,-0.007903213187221123,-0.02217086091899194,0.019492616710462984,0.55,-0.02217086091899194,True,1,0.0,NORMAL,
2022-07-12,2661241.3500000015,-0.010737046138017318,-0.03266985750040247,0.008932844631529324,0.55,-0.03266985750040247,True,2,0.0,NORMAL,
2022-07-13,2705239.9700000016,0.01653311902732914,-0.01667687311573337,0.01024027630372859,0.6,-0.01667687311573337,True,0,0.5,HALTED,HALT: rejection_rate=50.00% > 40%
2022-07-14,2698079.9700000016,-0.002646715293061412,-0.019279449473678927,0.020904755054427016,0.55,-0.019279449473678927,True,1,0.0,NORMAL,
2022-07-15,2615158.9700000016,-0.030733336640129297,-0.04942026430289728,-0.016853911654058362,0.55,-0.04942026430289728,True,2,0.0,WARNING,WARN: rolling_20d_return=-0.0169 < 0.0
2022-07-18,2716823.3200000017,0.03887501722314037,-0.012466460705704195,0.01621718412622708,0.55,-0.012466460705704195,True,0,0.3,WARNING,WARN: rejection_rate=30.00% > 25%
2022-07-19,2752775.3200000017,0.013233101959681345,0.0,0.04046273702451053,0.55,0.0,True,0,0.0,NORMAL,
2022-07-20,2761916.3200000017,0.0033206487771039717,0.0,0.03456966830916253,0.6,0.0,True,0,0.0,NORMAL,
2022-07-21,2757049.500000002,-0.0017621171086022727,-0.0017621171086022727,0.026670743882697634,0.55,-0.0017621171086022727,True,1,0.8333,HALTED,HALT: rejection_rate=83.33% > 40%
2022-07-22,2804752.500000002,0.017302192071633086,0.0,0.042664716668221025,0.55,0.0,True,0,0.0,NORMAL,
2022-07-25,2812304.9500000016,0.0026927331377723045,0.0,0.022239996397103834,0.55,0.0,True,0,0.0,NORMAL,
2022-07-26,2829234.1500000013,0.006019688583202796,0.0,0.04359309279697987,0.55,0.0,True,0,0.6667,HALTED,HALT: rejection_rate=66.67% > 40%
2022-07-27,2840224.1500000013,0.003884443427914934,0.0,0.04582687345328096,0.6,0.0,True,0,0.0,NORMAL,
2022-07-28,2834177.1500000013,-0.002129057314015162,-0.002129057314015162,0.04925224255781324,0.55,-0.002129057314015162,True,1,0.0,NORMAL,
2022-07-29,2839685.0500000017,0.0019433859312571094,-0.00018980896278895002,0.05022018329521272,0.6,-0.00018980896278895002,True,0,0.7333,HALTED,HALT: rejection_rate=73.33% > 40%
2022-08-01,2858297.0500000017,0.0065542479790144294,0.0,0.06085968211291792,0.6,0.0,True,0,0.0,NORMAL,
2022-08-02,2740902.0500000017,-0.0410716583848414,-0.0410716583848414,0.02119951453100377,0.6,-0.0410716583848414,True,1,0.0,NORMAL,
2022-08-03,2766362.750000002,0.009289168140831654,-0.03216401178456933,0.030021314475170424,0.65,-0.03216401178456933,True,0,0.4118,HALTED,HALT: rejection_rate=41.18% > 40%
2022-08-04,2824698.1200000015,0.021087389931056442,-0.0117548769117612,0.04172615174534422,0.65,-0.0117548769117612,True,0,0.0,NORMAL,
2022-08-05,2829114.1200000015,0.001563352900875651,-0.010209901031804988,0.05166628016051367,0.65,-0.010209901031804988,True,0,0.0,NORMAL,
2022-08-08,2908211.7600000016,0.027958447996435043,0.0,0.09280271028405607,0.7,0.0,True,0,0.2857,WARNING,WARN: rejection_rate=28.57% > 25%
2022-08-09,2937369.5400000014,0.01002601681247578,0.0,0.08580738587859904,0.75,0.0,True,0,0.0,NORMAL,
2022-08-10,2990510.5400000014,0.018091356663281793,0.0,0.10838469328246036,0.75,0.0,True,0,0.0,NORMAL,
2022-08-11,3028508.8300000015,0.012706288605824482,0.0,0.15805917144685067,0.8,0.0,True,0,0.5,HALTED,HALT: rejection_rate=50.00% > 40%
2022-08-12,3067843.830000002,0.012988240156460249,0.0,0.12920255337030895,0.85,0.0,True,0,0.0,NORMAL,
2022-08-15,3054872.8200000017,-0.004228054203137268,-0.004228054203137268,0.10974288304793434,0.8,-0.004228054203137268,True,1,0.0,NORMAL,
2022-08-16,3113714.7700000014,0.019261669295941326,0.0,0.12737476782062673,0.8,0.0,True,0,0.6,HALTED,HALT: rejection_rate=60.00% > 40%
2022-08-17,3098079.7700000014,-0.005021333408775908,-0.005021333408775908,0.12369392352222897,0.75,-0.005021333408775908,True,1,0.0,NORMAL,
2022-08-18,3100803.1900000013,0.0008790671003283832,-0.00414668039744696,0.10555323152399332,0.8,-0.00414668039744696,True,0,0.0,NORMAL,
2022-08-19,3068437.3500000015,-0.010437889158647259,-0.014541286965729332,0.09107561397280173,0.75,-0.014541286965729332,True,1,0.2308,NORMAL,
2022-08-22,3082328.3500000015,0.004527060003359689,-0.010080056240989572,0.0894567881559043,0.75,-0.010080056240989572,True,0,0.0,NORMAL,
2022-08-23,3091402.3500000015,0.0029438784482516264,-0.00716585225306296,0.0884360482604869,0.75,-0.00716585225306296,True,0,0.0,NORMAL,
2022-08-24,3011836.3700000015,-0.02573782736498209,-0.03271924614983275,0.06268458554187406,0.7,-0.03271924614983275,True,1,0.7857,HALTED,HALT: rejection_rate=78.57% > 40%
2022-08-25,3008347.3700000015,-0.0011584294667375964,-0.033839772677700934,0.05939472759487874,0.7,-0.033839772677700934,True,2,0.0,NORMAL,
2022-08-26,2989044.3700000015,-0.00641647975645844,-0.040039120217809754,0.045743083281004626,0.65,-0.040039120217809754,True,3,0.0,WARNING,WARN: consecutive_losses=3 >= 3
2022-08-29,3032881.4900000016,0.014665931506396505,-0.025960399706104025,0.10652676917075521,0.65,-0.025960399706104025,True,0,0.7143,HALTED,HALT: rejection_rate=71.43% > 40%
2022-08-30,3064192.4900000016,0.010323845525530239,-0.015904565336920622,0.10766113012474587,0.7,-0.015904565336920622,True,0,0.0,NORMAL,
2022-08-31,3006965.4900000016,-0.018676046033909564,-0.034283576976448536,0.06452631830264388,0.65,-0.034283576976448536,True,1,0.0,NORMAL,
2022-09-01,3029928.0300000017,0.007636449462544389,-0.026908932316880046,0.07098119817096671,0.65,-0.026908932316880046,True,0,0.2857,WARNING,WARN: rejection_rate=28.57% > 25%
2022-09-02,3074010.0300000017,0.014548860422932216,-0.012751566194356249,0.057010384278206816,0.65,-0.012751566194356249,True,0,0.0,NORMAL,
2022-09-05,3102717.0300000017,0.009338616243877378,-0.0035320319336763634,0.05629100722546476,0.65,-0.0035320319336763634,True,0,0.0,NORMAL,
2022-09-06,3098406.3000000017,-0.001389340361470211,-0.004916465100623116,0.03607937793792226,0.6,-0.004916465100623116,True,1,0.4444,HALTED,HALT: rejection_rate=44.44% > 40%
2022-09-07,3090001.3000000017,-0.0027126849051397795,-0.007615813185097789,0.020304537134204104,0.55,-0.007615813185097789,True,2,0.0,NORMAL,
2022-09-08,3064943.3000000017,-0.008109381701554619,-0.015663435350566718,-0.0009454620771880418,0.5,-0.015663435350566718,True,3,0.0,WARNING,WARN: rolling_20d_return=-0.0009 < 0.0; WARN: consecutive_losses=3 >= 3
2022-09-09,3031325.8500000015,-0.010968375826071616,-0.026460008730985942,-0.007708003372788541,0.45,-0.026460008730985942,True,4,0.375,WARNING,WARN: rolling_20d_return=-0.0077 < 0.0; WARN: rolling_20d_winrate=0.4500 < 0.5; WARN: consecutive_losses=4 >= 3; WARN: rejection_rate=37.50% > 25%
2022-09-13,3091375.8500000015,0.01980981358371617,-0.007174362987654105,-0.007174362987654059,0.5,-0.007174362987654105,True,0,0.0,WARNING,WARN: rolling_20d_return=-0.0072 < 0.0
2022-09-14,3081348.8500000015,-0.003243539603895138,-0.010394632261066067,-0.005400416142286701,0.45,-0.006886925167004404,True,1,0.0,WARNING,WARN: rolling_20d_return=-0.0054 < 0.0; WARN: rolling_20d_winrate=0.4500 < 0.5
2022-09-15,3031579.1000000015,-0.0161519361885948,-0.026378675012676222,-0.022324567461503353,0.45,-0.022927624179766123,True,2,0.2857,WARNING,WARN: rolling_20d_return=-0.0223 < 0.0; WARN: rolling_20d_winrate=0.4500 < 0.5; WARN: rejection_rate=28.57% > 25%
2022-09-16,2927009.1000000015,-0.034493574652233204,-0.05996235486913268,-0.04609129464546502,0.4,-0.05663034311575622,True,3,0.0,WARNING,WARN: rolling_20d_return=-0.0461 < 0.0; WARN: rolling_20d_winrate=0.4000 < 0.5; WARN: consecutive_losses=3 >= 3
2022-09-19,2892501.1000000015,-0.011789508956429271,-0.07104493710578372,-0.0615856678604666,0.4,-0.06775220813481662,True,4,0.0,HALTED,HALT: rolling_20d_return=-0.0616 < -0.05; WARN: rolling_20d_winrate=0.4000 < 0.5; WARN: consecutive_losses=4 >= 3
2022-09-20,2929525.1200000015,0.01280000204667165,-0.05915431039947176,-0.05236368860235874,0.4,-0.055819434490937146,True,0,0.4,HALTED,HALT: rolling_20d_return=-0.0524 < -0.05; WARN: rolling_20d_winrate=0.4000 < 0.5; WARN: rejection_rate=40.00% > 25%
2022-09-21,2965305.1200000015,0.012213583613169352,-0.04766321290244573,-0.015449461485850913,0.4,-0.04428760620816268,True,0,0.0,WARNING,WARN: rolling_20d_return=-0.0154 < 0.0; WARN: rolling_20d_winrate=0.4000 < 0.5
2022-09-22,2949523.1200000015,-0.005322217903835809,-0.052731756801217805,-0.019553676076975113,0.4,-0.04937411582131938,True,1,0.0,WARNING,WARN: rolling_20d_return=-0.0196 < 0.0; WARN: rolling_20d_winrate=0.4000 < 0.5
2022-09-23,2888216.1300000018,-0.020785390554931376,-0.07242109719638821,-0.03373260063048167,0.4,-0.06913324609560022,True,2,0.3,WARNING,WARN: rolling_20d_return=-0.0337 < 0.0; WARN: rolling_20d_winrate=0.4000 < 0.5; WARN: rejection_rate=30.00% > 25%
2022-09-26,2815079.1300000018,-0.025322550913113265,-0.09590976118856241,-0.07181367314157727,0.4,-0.09270516686466886,True,3,0.0,HALTED,HALT: rolling_20d_return=-0.0718 < -0.05; WARN: rolling_20d_winrate=0.4000 < 0.5; WARN: rolling_20d_max_drawdown=-0.0927 < -0.08; WARN: consecutive_losses=3 >= 3
2022-09-27,2900048.1300000018,0.030183520986850537,-0.06862113449139066,-0.05356855371706748,0.4,-0.06531981422746753,True,0,0.0,HALTED,HALT: rolling_20d_return=-0.0536 < -0.05; WARN: rolling_20d_winrate=0.4000 < 0.5
2022-09-28,2864612.4400000013,-0.012219000654999607,-0.08000165345909316,-0.04734109868351044,0.35,-0.07674067202963726,True,1,0.7692,HALTED,WARN: rolling_20d_return=-0.0473 < 0.0; WARN: rolling_20d_winrate=0.3500 < 0.5; HALT: rejection_rate=76.92% > 40%
2022-09-29,2848450.4400000013,-0.005641949945591939,-0.08519223808030431,-0.05989501671430797,0.35,-0.08194965494484689,True,2,0.0,HALTED,HALT: rolling_20d_return=-0.0599 < -0.05; WARN: rolling_20d_winrate=0.3500 < 0.5; WARN: rolling_20d_max_drawdown=-0.0819 < -0.08
2022-09-30,2833704.4400000013,-0.005176849768184836,-0.08992806043053196,-0.07817332658475429,0.3,-0.08670226366082767,True,3,0.0,HALTED,HALT: rolling_20d_return=-0.0782 < -0.05; HALT: rolling_20d_winrate=0.3000 < 0.35; WARN: rolling_20d_max_drawdown=-0.0867 < -0.08; WARN: consecutive_losses=3 >= 3
2022-10-10,2785403.6200000015,-0.017045115686094563,-0.10544034192316201,-0.10226952923257715,0.25,-0.10226952923257716,True,4,0.3333,HALTED,HALT: rolling_20d_return=-0.1023 < -0.05; HALT: rolling_20d_winrate=0.2500 < 0.35; WARN: rolling_20d_max_drawdown=-0.1023 < -0.08; WARN: cumulative_drawdown=-0.1054 < -0.1; WARN: consecutive_losses=4 >= 3; WARN: rejection_rate=33.33% > 25%
2022-10-11,2793386.6200000015,0.0028660119282820475,-0.10287652327255388,-0.09844405493236963,0.25,-0.09844405493236959,True,0,0.0,HALTED,HALT: rolling_20d_return=-0.0984 < -0.05; HALT: rolling_20d_winrate=0.2500 < 0.35; WARN: rolling_20d_max_drawdown=-0.0984 < -0.08; WARN: cumulative_drawdown=-0.1029 < -0.1
2022-10-12,2851040.6200000015,0.02063946307582728,-0.08436037640017996,-0.07733352086292,0.3,-0.07774377547783452,True,0,0.0,HALTED,HALT: rolling_20d_return=-0.0773 < -0.05; HALT: rolling_20d_winrate=0.3000 < 0.35
2022-10-13,2893976.0300000017,0.015059557446782406,-0.07057124888802825,-0.0557815441479782,0.35,-0.06385500488399032,True,0,0.6667,HALTED,HALT: rolling_20d_return=-0.0558 < -0.05; WARN: rolling_20d_winrate=0.3500 < 0.5; HALT: rejection_rate=66.67% > 40%
2022-10-14,2927389.0300000017,0.011545707239323603,-0.05984033662787927,-0.03428757749682365,0.4,-0.05304654883682285,True,0,0.0,WARNING,WARN: rolling_20d_return=-0.0343 < 0.0; WARN: rolling_20d_winrate=0.4000 < 0.5
2022-10-17,2992537.0300000017,0.02225464375672678,-0.03891741824508855,-0.03197243712698339,0.45,-0.031972437126983375,True,0,0.0,WARNING,WARN: rolling_20d_return=-0.0320 < 0.0; WARN: rolling_20d_winrate=0.4500 < 0.5
2022-10-18,3004307.4000000013,0.003933241220410108,-0.03513724861831197,-0.02500250823596306,0.45,-0.02500250823596301,True,0,0.7273,HALTED,WARN: rolling_20d_return=-0.0250 < 0.0; WARN: rolling_20d_winrate=0.4500 < 0.5; HALT: rejection_rate=72.73% > 40%
2022-10-19,2983738.4000000013,-0.006846503124147679,-0.04174318446002042,-0.01578078566381469,0.45,-0.015780785663814665,True,1,0.0,WARNING,WARN: rolling_20d_return=-0.0158 < 0.0; WARN: rolling_20d_winrate=0.4500 < 0.5
2022-10-20,2982446.4000000013,-0.0004330138325799606,-0.042158122916313254,0.01893991378434734,0.45,-0.007276552326170082,True,2,0.0,WARNING,WARN: rolling_20d_winrate=0.4500 < 0.5
2022-10-21,3016794.2200000016,0.011516659612055486,-0.031126984055768143,0.04297081166192118,0.5,0.0,True,0,0.3333,WARNING,WARN: rejection_rate=33.33% > 25%
2022-10-24,2951710.2200000016,-0.021573894423597764,-0.05202934821162175,0.007572933868544629,0.5,-0.021573894423597764,True,1,0.0,NORMAL,
2022-10-25,2906954.2200000016,-0.015162735046531761,-0.06640317603657696,-0.0196778738236556,0.45,-0.03640951022506266,True,2,0.0,WARNING,WARN: rolling_20d_return=-0.0197 < 0.0; WARN: rolling_20d_winrate=0.4500 < 0.5
2022-10-26,2976805.2100000014,0.024028926743813572,-0.04396984634530285,0.009249661348645244,0.45,-0.013255464935225255,True,0,0.4,WARNING,WARN: rolling_20d_winrate=0.4500 < 0.5; WARN: rejection_rate=40.00% > 25%
2022-10-27,2991414.2100000014,0.004907610330338005,-0.03927802288711243,0.03573073321212972,0.5,-0.008412907261536795,True,0,0.0,NORMAL,
2022-10-28,2880796.2100000014,-0.0369784965352558,-0.07480407718912543,0.023344665270563558,0.5,-0.045080307134770424,True,1,0.0,NORMAL,
2022-10-31,2915468.0100000016,0.012035492090570426,-0.06366888897790715,0.005317111754279624,0.55,-0.03358737872416101,True,0,0.2222,NORMAL,
2022-11-01,2978261.0100000016,0.02153787995087621,-0.043502301914442765,0.03967327950303812,0.55,-0.012772899704110392,True,0,0.0,NORMAL,
2022-11-02,3004510.0100000016,0.00881353243112832,-0.03507217843206612,0.05478753212922327,0.6,-0.004071941638763799,True,0,0.0,NORMAL,
2022-11-03,3004981.9400000013,0.000157073865099122,-0.034920613489590774,0.060442965604415644,0.65,-0.003915507369276336,True,0,0.7,HALTED,HALT: rejection_rate=70.00% > 40%
2022-11-04,3032314.9400000013,0.009095894932400156,-0.02614235278846689,0.08864471857044531,0.7,0.0,True,0,0.0,NORMAL,
2022-11-07,3071966.9400000013,0.013076478131259011,-0.013407724561745922,0.09972852236257923,0.75,0.0,True,0,0.0,NORMAL,
2022-11-08,3083120.6200000015,0.0036307942819202876,-0.009825610969497984,0.08140185670171185,0.75,0.0,True,0,0.6,HALTED,HALT: rejection_rate=60.00% > 40%
2022-11-09,3083524.6200000015,0.00013103606695738027,-0.0096958624119575,0.06549763648180584,0.75,0.0,True,0,0.0,NORMAL,
2022-11-10,3078409.6200000015,-0.0016588160077671108,-0.011338594767946549,0.051588835119738,0.7,-0.0016588160077671108,True,1,0.0,NORMAL,
2022-11-11,3134609.950000001,0.018256287153884214,0.0,0.04747574334944793,0.7,0.0,True,0,0.6667,HALTED,HALT: rejection_rate=66.67% > 40%
2022-11-14,3138571.0800000015,0.0012636755651210616,0.0,0.044690393532965444,0.7,0.0,True,0,0.0,NORMAL,
2022-11-15,3142799.0800000015,0.0013471098446494313,0.0,0.05330919091298347,0.7,0.0,True,0,0.0,NORMAL,
2022-11-16,3147235.1300000018,0.0014114965313023692,0.0,0.05525287227290998,0.75,0.0,True,0,0.4545,HALTED,HALT: rejection_rate=45.45% > 40%
2022-11-17,3163560.1300000018,0.0051870925830698866,0.0,0.04864962582698129,0.8,0.0,True,0,0.0,NORMAL,
2022-11-18,3159372.1300000018,-0.001323825003446354,-0.001323825003446354,0.07035308161110754,0.75,-0.001323825003446354,True,1,0.0,NORMAL,
2022-11-21,3151060.030000001,-0.002630934140702366,-0.003951276247750837,0.083973049290057,0.75,-0.003951276247750837,True,2,0.8,HALTED,HALT: rejection_rate=80.00% > 40%
2022-11-22,3142005.030000001,-0.0028736361458654904,-0.006813557863368492,0.055495676856867515,0.75,-0.006813557863368492,True,3,0.0,WARNING,WARN: consecutive_losses=3 >= 3
2022-11-23,3096258.030000001,-0.01455981119164535,-0.021274164938979847,0.03504824562560316,0.7,-0.021274164938979847,True,4,0.0,WARNING,WARN: consecutive_losses=4 >= 3
2022-11-24,3125101.6500000013,0.009315638335219789,-0.012156709030215406,0.08480483248067028,0.7,-0.012156709030215406,True,0,0.5,HALTED,HALT: rejection_rate=50.00% > 40%
2022-11-25,3103430.6500000013,-0.006934494434765023,-0.019006902833865344,0.06447082916200464,0.7,-0.019006902833865344,True,1,0.0,NORMAL,
2022-11-28,3098817.6500000013,-0.0014864195531483838,-0.020465070154996677,0.04047886991610561,0.65,-0.020465070154996677,True,2,0.0,NORMAL,
2022-11-29,3140790.7400000016,0.01354487250968133,-0.0071973944114664635,0.045358720572210576,0.65,-0.0071973944114664635,True,0,0.5385,HALTED,HALT: rejection_rate=53.85% > 40%
2022-11-30,3124918.7400000016,-0.0050535044560147905,-0.012214526802751213,0.03991265251996823,0.6,-0.012214526802751213,True,1,0.0,NORMAL,
2022-12-01,3153702.7400000016,0.00921111951858306,-0.003115916750411229,0.040031395947282444,0.6,-0.003115916750411229,True,0,0.0,NORMAL,
2022-12-02,3189765.0900000017,0.011434923635193365,0.0,0.038346164623763945,0.6,0.0,True,0,0.3333,WARNING,WARN: rejection_rate=33.33% > 25%
2022-12-05,3207919.0900000017,0.005691328197462964,0.0,0.04047797195816494,0.6,0.0,True,0,0.0,NORMAL,
2022-12-06,3189054.0900000017,-0.005880759293090522,-0.005880759293090522,0.03422365085575363,0.55,-0.005880759293090522,True,1,0.0,NORMAL,
2022-12-07,3191009.7000000016,0.000613225722991694,-0.005271139802968073,0.03657735451073596,0.55,-0.005271139802968073,True,0,0.25,NORMAL,
2022-12-08,3190134.7000000016,-0.00027420787846555263,-0.005543902293371159,0.017713447888468625,0.55,-0.005543902293371159,True,1,0.0,NORMAL,
2022-12-09,3256399.7000000016,0.020771850166702983,0.0,0.03754212251264355,0.55,0.0,True,0,0.0,NORMAL,
2022-12-12,3199309.1000000015,-0.017531815888571684,-0.017531815888571684,0.017980793096070258,0.5,-0.017531815888571684,True,1,0.8889,HALTED,HALT: rejection_rate=88.89% > 40%
2022-12-13,3197710.1000000015,-0.0004997954089525139,-0.018022848976432488,0.016037877030179004,0.45,-0.018022848976432488,True,2,0.0,WARNING,WARN: rolling_20d_winrate=0.4500 < 0.5
2022-12-14,3214875.1000000015,0.005367903738365773,-0.012751690156463309,0.016220640004082965,0.45,-0.012751690156463309,True,0,0.0,WARNING,WARN: rolling_20d_winrate=0.4500 < 0.5
2022-12-15,3217292.9500000016,0.0007520820948845235,-0.012009198379424976,0.018333016060377627,0.45,-0.012009198379424976,True,0,0.1429,WARNING,WARN: rolling_20d_winrate=0.4500 < 0.5
2022-12-16,3171424.9500000016,-0.01425670609199575,-0.026094692859724794,0.006462879096594154,0.45,-0.026094692859724794,True,1,0.0,WARNING,WARN: rolling_20d_winrate=0.4500 < 0.5
2022-12-19,3118706.9500000016,-0.01662281177424677,-0.042283737466257576,-0.007415035869627329,0.45,-0.042283737466257576,True,2,0.0,WARNING,WARN: rolling_20d_return=-0.0074 < 0.0; WARN: rolling_20d_winrate=0.4500 < 0.5
2022-12-20,3111229.1100000013,-0.0023977373058409073,-0.04458008947734526,0.004835217173421391,0.45,-0.04458008947734526,True,3,0.3636,WARNING,WARN: rolling_20d_winrate=0.4500 < 0.5; WARN: consecutive_losses=3 >= 3; WARN: rejection_rate=36.36% > 25%
2022-12-21,3121906.1100000013,0.0034317626965119246,-0.04130131506890885,-0.001022539538833911,0.5,-0.04130131506890885,True,0,0.0,WARNING,WARN: rolling_20d_return=-0.0010 < 0.0
2022-12-22,3078666.1100000013,-0.013850512628004685,-0.05457978331099841,-0.007979730431546761,0.45,-0.05457978331099841,True,1,0.0,WARNING,WARN: rolling_20d_return=-0.0080 < 0.0; WARN: rolling_20d_winrate=0.4500 < 0.5
2022-12-23,3121415.0400000014,0.013885536291559772,-0.041452116581388976,0.007292261937387634,0.5,-0.041452116581388976,True,0,0.5,HALTED,HALT: rejection_rate=50.00% > 40%
2022-12-26,3145467.0400000014,0.007705479627598638,-0.03406604539362907,0.001488892571047229,0.55,-0.03406604539362907,True,0,0.0,NORMAL,
2022-12-27,3160653.0400000014,0.004827899897498209,-0.029402612953194934,0.011435273353699982,0.55,-0.029402612953194934,True,0,0.0,NORMAL,
2022-12-28,3137543.0700000017,-0.00731177060801325,-0.03649939840001823,-0.005124030808306257,0.55,-0.03649939840001823,True,1,0.4667,HALTED,WARN: rolling_20d_return=-0.0051 < 0.0; HALT: rejection_rate=46.67% > 40%
2022-12-29,3156118.0700000017,0.0059202374550989,-0.03079524605041569,-0.010548431953652071,0.55,-0.03079524605041569,True,0,0.0,WARNING,WARN: rolling_20d_return=-0.0105 < 0.0
2022-12-30,3195119.3800000018,0.012357367226125363,-0.0188184269885542,-0.0039900351726139816,0.55,-0.0188184269885542,True,0,0.0,WARNING,WARN: rolling_20d_return=-0.0040 < 0.0
2023-01-03,3185090.320000001,-0.003138868632821011,-0.021898227051181808,-0.0012429296864012729,0.5,-0.021898227051181808,True,1,0.0,WARNING,WARN: rolling_20d_return=-0.0012 < 0.0
2023-01-04,3185176.1200000015,2.6938011604104012e-05,-0.021871878934272115,-0.0018281298236103583,0.55,-0.021871878934272115,True,0,0.0,WARNING,WARN: rolling_20d_return=-0.0018 < 0.0
2023-01-05,3185004.5200000014,-5.3874571934217894e-05,-0.021924575168091355,-0.0016081389917486089,0.5,-0.021924575168091355,True,1,0.0,WARNING,WARN: rolling_20d_return=-0.0016 < 0.0
2023-01-06,3185547.9200000013,0.00017061200277351777,-0.021757703760997223,-0.02175770376099717,0.55,-0.021757703760997223,True,0,0.0,WARNING,WARN: rolling_20d_return=-0.0218 < 0.0
2023-01-09,3185662.3200000017,3.591218932295091e-05,-0.02172257293845097,-0.004265539706682198,0.55,-0.009831442299962107,True,0,0.0,WARNING,WARN: rolling_20d_return=-0.0043 < 0.0
2023-01-10,3186119.9200000013,0.0001436435987351061,-0.021582049648266526,-0.0036245249373919597,0.6,-0.009689210924979725,True,0,0.0,WARNING,WARN: rolling_20d_return=-0.0036 < 0.0
2023-01-11,3185948.320000001,-5.385861308073208e-05,-0.021634745882085766,-0.008997792791390347,0.6,-0.00974254769059819,True,1,0.0,WARNING,WARN: rolling_20d_return=-0.0090 < 0.0
2023-01-12,3185862.5200000014,-2.693075699351385e-05,-0.021661093998995313,-0.009769216073407305,0.55,-0.00976921607340735,True,2,0.0,WARNING,WARN: rolling_20d_return=-0.0098 < 0.0
2023-01-13,3186262.920000002,0.0001256802506344098,-0.02153813612008371,0.0046786445316955305,0.55,-0.0027718713909212237,True,0,0.0,NORMAL,
2023-01-16,3186005.520000002,-8.0784293846004e-05,-0.021617180470812496,0.02157899766760707,0.55,-0.0028524317610942804,True,1,0.0,NORMAL,
2023-01-17,3186463.1200000015,0.00014362812528950897,-0.021476657180628054,0.024181443198183494,0.6,-0.0027092133252311335,True,0,0.0,NORMAL,
2023-01-18,3187149.5200000014,0.00021541124882057524,-0.021265872245351248,0.020898581732171406,0.65,-0.0024943856714362677,True,0,0.0,NORMAL,
2023-01-19,3187263.920000002,3.589414280142479e-05,-0.021230741422804997,0.0352743058583902,0.65,-0.002458581062470335,True,0,0.0,NORMAL,
2023-01-20,3188608.1200000015,0.0004217410398821695,-0.02081795425788795,0.021526480502894074,0.7,-0.0020378769071220863,True,0,0.0,NORMAL,
2023-01-30,3188407.9200000013,-6.278601586205149e-05,-0.02087943319734375,0.013651670627583545,0.65,-0.0021005349728123227,True,1,0.0,NORMAL,
2023-01-31,3188436.5200000014,8.969994027644092e-06,-0.020870650491707186,0.008790423892905297,0.65,-0.0020915838205708393,True,0,0.0,NORMAL,
2023-02-01,3204252.330000001,0.004960365339184982,-0.016013811203827513,0.02126162366912121,0.65,0.0,True,0,0.0,NORMAL,
2023-02-02,3203589.370000001,-0.00020690006020841764,-0.016217398005533692,0.01504104059072775,0.65,-0.00020690006020841764,True,1,0.0,NORMAL,
2023-02-03,3204058.370000001,0.00014639828824254084,-0.01607337391659891,0.0027977014117073207,0.65,-6.053206178052859e-05,True,0,0.0,NORMAL,
2023-02-06,3204871.360000001,0.00025373757469960125,-0.015823714760814147,0.006210511480879921,0.65,0.0,True,0,0.0,NORMAL,
2023-02-07,3214704.360000001,0.0030681418676348987,-0.012804122294938413,0.009270520337820276,0.7,0.0,True,0,0.0,NORMAL,
2023-02-08,3211100.360000001,-0.0011210984266061715,-0.013910866040185656,0.008193344730323737,0.65,-0.0011210984266061715,True,1,0.0,NORMAL,
2023-02-09,3226430.200000001,0.004774014599780467,-0.009203262117976627,0.012833672896058523,0.7,0.0,True,0,0.0,NORMAL,
2023-02-10,3235442.200000001,0.00279317990514718,-0.006435788579639181,0.01562622619713161,0.7,0.0,True,0,0.0,NORMAL,
2023-02-13,3255273.200000001,0.006129301274490391,-0.00034593419229232366,0.021704544002223214,0.7,0.0,True,0,0.0,NORMAL,
2023-02-14,3254986.450000001,-8.808784466999572e-05,-0.0004339915643649227,0.02166956995711722,0.65,-8.808784466999572e-05,True,1,0.0,NORMAL,
2023-02-15,3251054.4500000007,-0.001207992739877754,-0.0016414600455837557,0.020462882371961033,0.65,-0.001295974175070917,True,2,0.0,NORMAL,
2023-02-16,3178922.4500000007,-0.022187262966327736,-0.023792303506231405,-0.00230378665675246,0.65,-0.023454483021578786,True,3,0.0,WARNING,WARN: rolling_20d_return=-0.0023 < 0.0; WARN: consecutive_losses=3 >= 3
2023-02-17,3185455.4700000007,0.002055105181946171,-0.021786094010511327,-0.00017264565191377201,0.65,-0.02144757926923013,True,0,0.5333,HALTED,WARN: rolling_20d_return=-0.0002 < 0.0; HALT: rejection_rate=53.33% > 40%
2023-02-20,3192611.4700000007,0.0022464605352025212,-0.01958857507571963,0.0019295217827592914,0.7,-0.01924929987443156,True,0,0.0,NORMAL,
2023-02-21,3198622.4700000007,0.0018827846909915409,-0.017742671453998993,0.00359975267178525,0.7,-0.017402757470555905,True,0,0.0,NORMAL,
2023-02-22,3201271.460000001,0.0008281658822962695,-0.016929199446861717,0.004394847854331196,0.7,-0.016589003958254626,True,0,0.9286,HALTED,HALT: rejection_rate=92.86% > 40%
2023-02-23,3196321.460000001,-0.0015462606223341018,-0.018449283114723495,0.002419030407537104,0.65,-0.018109613657004336,True,1,0.0,NORMAL,
2023-02-24,3208755.460000001,0.003890096836505298,-0.014630955776098575,0.006381724205477335,0.65,-0.014289964971296483,True,0,0.0,NORMAL,
2023-02-27,3158622.7600000007,-0.015623720979971523,-0.03002608678535403,-0.00935058917215037,0.65,-0.0296904235257429,True,1,0.8,HALTED,WARN: rolling_20d_return=-0.0094 < 0.0; HALT: rejection_rate=80.00% > 40%
2023-02-28,3204184.7600000007,0.014424641200267926,-0.01603456111361294,-2.1087602673386385e-05,0.65,-0.01569405603191781,True,0,0.0,WARNING,WARN: rolling_20d_return=-0.0000 < 0.0
2023-03-01,3237439.7600000007,0.010378614995971704,-0.005822362654068807,0.010566394781113875,0.65,-0.00547832360122659,True,0,0.0,NORMAL,
2023-03-02,3230483.5700000008,-0.0021486700960267266,-0.007958522413572512,0.008247415292874205,0.65,-0.007615222587155003,True,1,0.7143,HALTED,HALT: rejection_rate=71.43% > 40%
2023-03-03,3210988.5700000008,-0.006034700247678398,-0.013945195364070571,0.001908722476773539,0.6,-0.01360396724920057,True,2,0.0,NORMAL,
2023-03-06,3198383.5700000008,-0.003925582332421693,-0.0178160346839489,-0.005076917866251307,0.55,-0.01747614608813796,True,3,0.0,WARNING,WARN: rolling_20d_return=-0.0051 < 0.0; WARN: consecutive_losses=3 >= 3
2023-03-07,3157433.3000000007,-0.012803426826007616,-0.030391355213550963,-0.01671298121619591,0.5,-0.030055818356505483,True,4,0.4,WARNING,WARN: rolling_20d_return=-0.0167 < 0.0; WARN: consecutive_losses=4 >= 3; WARN: rejection_rate=40.00% > 25%
2023-03-08,3208147.3000000007,0.016061780307441487,-0.014817714176794948,-0.005666603294253947,0.55,-0.014476788000466553,True,0,0.0,WARNING,WARN: rolling_20d_return=-0.0057 < 0.0
2023-03-09,3256138.3000000007,0.01495910116097225,-8.02727011677461e-05,0.006396683581613605,0.55,0.0,True,0,0.0,NORMAL,
2023-03-10,3207024.9300000006,-0.015083318174783946,-0.01516238009725923,-0.014821573193918192,0.5,-0.015083318174783946,True,1,0.6364,HALTED,WARN: rolling_20d_return=-0.0148 < 0.0; HALT: rejection_rate=63.64% > 40%
2023-03-13,3178923.9300000006,-0.008762326646459838,-0.0237918490165691,-0.023367998966631776,0.45,-0.023713479860483843,True,2,0.0,WARNING,WARN: rolling_20d_return=-0.0234 < 0.0; WARN: rolling_20d_winrate=0.4500 < 0.5
2023-03-14,3134702.9300000006,-0.013910682033841555,-0.037371570203743994,-0.03578885613558391,0.45,-0.0372942912160703,True,3,0.0,WARNING,WARN: rolling_20d_return=-0.0358 < 0.0; WARN: rolling_20d_winrate=0.4500 < 0.5; WARN: consecutive_losses=3 >= 3
2023-03-15,3181906.540000001,0.015058399808239668,-0.022875926441094003,0.0009387111661061098,0.5,-0.02279748375552714,True,0,0.4,WARNING,WARN: rejection_rate=40.00% > 25%
2023-03-16,3178259.540000001,-0.001146168171237361,-0.023995874953557015,-0.002258995634303984,0.5,-0.023917522176499617,True,1,0.0,WARNING,WARN: rolling_20d_return=-0.0023 < 0.0
2023-03-17,3155470.540000001,-0.007170276597360577,-0.03099409449030491,-0.011633401166725621,0.45,-0.030916303524331185,True,2,0.0,WARNING,WARN: rolling_20d_return=-0.0116 < 0.0; WARN: rolling_20d_winrate=0.4500 < 0.5
2023-03-20,3120145.190000001,-0.011194954778440139,-0.041842071782527385,-0.024534711656671315,0.4,-0.041765151682899904,True,3,0.375,WARNING,WARN: rolling_20d_return=-0.0245 < 0.0; WARN: rolling_20d_winrate=0.4000 < 0.5; WARN: consecutive_losses=3 >= 3; WARN: rejection_rate=37.50% > 25%
2023-03-21,3186213.190000001,0.021174655657610595,-0.021553407586912834,-0.004703840392217162,0.4,-0.021474858730662592,True,0,0.0,WARNING,WARN: rolling_20d_return=-0.0047 < 0.0; WARN: rolling_20d_winrate=0.4000 < 0.5
2023-03-22,3236793.190000001,0.015874643968817412,-0.0060209162898524704,0.012661971114757531,0.4,-0.0059411204984751,True,0,0.0,WARNING,WARN: rolling_20d_winrate=0.4000 < 0.5
2023-03-23,3201191.5500000007,-0.010999046868360509,-0.016953738817750415,-0.002357272186768733,0.4,-0.016874820704022304,True,1,0.5556,HALTED,WARN: rolling_20d_return=-0.0024 < 0.0; WARN: rolling_20d_winrate=0.4000 < 0.5; HALT: rejection_rate=55.56% > 40%
2023-03-24,3199974.5500000007,-0.00038017093978646787,-0.017327464438717646,0.013091715327220754,0.35,-0.017248576327362996,True,2,0.0,WARNING,WARN: rolling_20d_winrate=0.3500 < 0.5
2023-03-27,3170707.5500000007,-0.009146010239362682,-0.026314997510901623,-0.010447964929463094,0.35,-0.026236830911021188,True,3,0.0,WARNING,WARN: rolling_20d_return=-0.0104 < 0.0; WARN: rolling_20d_winrate=0.3500 < 0.5; WARN: consecutive_losses=3 >= 3
2023-03-28,3144356.770000001,-0.008310693933283058,-0.034406995554016474,-0.02875203769042478,0.3,-0.034329478572823445,True,4,0.4444,HALTED,WARN: rolling_20d_return=-0.0288 < 0.0; HALT: rolling_20d_winrate=0.3000 < 0.35; WARN: consecutive_losses=4 >= 3; HALT: rejection_rate=44.44% > 40%
2023-03-29,3094675.770000001,-0.01580005184971424,-0.04966341508998436,-0.0420394646984692,0.25,-0.04958712288111342,True,5,0.0,HALTED,WARN: rolling_20d_return=-0.0420 < 0.0; HALT: rolling_20d_winrate=0.2500 < 0.35; HALT: consecutive_losses=5 >= 5
2023-03-30,3061936.770000001,-0.010579137342067984,-0.05971715634293927,-0.04641928700481168,0.25,-0.059641671239824105,True,6,0.0,HALTED,WARN: rolling_20d_return=-0.0464 < 0.0; HALT: rolling_20d_winrate=0.2500 < 0.35; HALT: consecutive_losses=6 >= 5
2023-03-31,3087907.3100000005,0.008481736218217061,-0.05174192529252505,-0.03454127923749939,0.3,-0.051665799944676856,True,0,0.8889,HALTED,WARN: rolling_20d_return=-0.0345 < 0.0; HALT: rolling_20d_winrate=0.3000 < 0.35; HALT: rejection_rate=88.89% > 40%
2023-04-03,3085970.040000001,-0.0006273731059626763,-0.052336836906108464,-0.022633339554631204,0.3,-0.05226075931725619,True,1,0.0,HALTED,WARN: rolling_20d_return=-0.0226 < 0.0; HALT: rolling_20d_winrate=0.3000 < 0.35
2023-04-04,3086602.540000001,0.00020495986409511604,-0.052142603992992795,-0.03788627785264087,0.35,-0.05206651081128825,True,0,0.0,WARNING,WARN: rolling_20d_return=-0.0379 < 0.0; WARN: rolling_20d_winrate=0.3500 < 0.5
2023-04-06,3087125.040000001,0.00016927997473882719,-0.05198215071694071,-0.05190604465418425,0.35,-0.051906044654184295,True,0,0.0,HALTED,HALT: rolling_20d_return=-0.0519 < -0.05; WARN: rolling_20d_winrate=0.3500 < 0.5
2023-04-07,3087482.540000001,0.0001158035373908923,-0.05187236689648403,-0.03727516705022926,0.35,-0.04612919060176343,True,0,0.0,WARNING,WARN: rolling_20d_return=-0.0373 < 0.0; WARN: rolling_20d_winrate=0.3500 < 0.5
2023-04-10,3087290.040000001,-6.234853072237938e-05,-0.05193148126134532,-0.02882544282838495,0.35,-0.046188663045228374,True,1,0.0,WARNING,WARN: rolling_20d_return=-0.0288 < 0.0; WARN: rolling_20d_winrate=0.3500 < 0.5
2023-04-11,3087400.040000001,3.562995331659864e-05,-0.05189770162428173,-0.015090071070945066,0.4,-0.046154678791819836,True,0,0.0,WARNING,WARN: rolling_20d_return=-0.0151 < 0.0; WARN: rolling_20d_winrate=0.4000 < 0.5
2023-04-12,3087675.040000001,8.907170967063922e-05,-0.05181325253162274,-0.029614791891404812,0.45,-0.04606971815829848,True,0,0.0,WARNING,WARN: rolling_20d_return=-0.0296 < 0.0; WARN: rolling_20d_winrate=0.4500 < 0.5
2023-04-13,3087867.540000001,6.234464362545093e-05,-0.05175413816676145,-0.02844072325194691,0.45,-0.04601024571483354,True,0,0.0,WARNING,WARN: rolling_20d_return=-0.0284 < 0.0; WARN: rolling_20d_winrate=0.4500 < 0.5
2023-04-14,3088142.540000001,8.905822430453085e-05,-0.05166968907410246,-0.021336912877659153,0.5,-0.04592528508131218,True,0,0.0,WARNING,WARN: rolling_20d_return=-0.0213 < 0.0
2023-04-17,3088362.540000001,7.124023491480414e-05,-0.05160212979997527,-0.01018627277405637,0.55,-0.0458573165744951,True,0,0.0,WARNING,WARN: rolling_20d_return=-0.0102 < 0.0
2023-04-18,3088940.040000001,0.00018699229527631813,-0.0514247867053914,-0.030529391537670425,0.6,-0.045678899244100256,True,0,0.0,WARNING,WARN: rolling_20d_return=-0.0305 < 0.0
2023-04-19,3088967.540000001,8.90273027119037e-06,-0.051416341796125496,-0.04567040318074811,0.6,-0.04567040318074812,True,0,0.0,WARNING,WARN: rolling_20d_return=-0.0457 < 0.0
2023-04-20,3088885.040000001,-2.67079530398691e-05,-0.051441676523923195,-0.03508272099493692,0.55,-0.03508272099493695,True,1,0.0,WARNING,WARN: rolling_20d_return=-0.0351 < 0.0
2023-04-21,3089242.540000001,0.00011573755428593092,-0.05133189270346651,-0.03460402833516274,0.6,-0.034604028335162774,True,0,0.0,WARNING,WARN: rolling_20d_return=-0.0346 < 0.0
2023-04-24,3089215.040000001,-8.90185851189269e-06,-0.051340337612732406,-0.02570167974022064,0.6,-0.02570167974022068,True,1,0.0,WARNING,WARN: rolling_20d_return=-0.0257 < 0.0
2023-04-25,3089297.540000001,2.6705813267049217e-05,-0.051315002884934714,-0.017510490706816317,0.65,-0.017510490706816314,True,0,0.0,WARNING,WARN: rolling_20d_return=-0.0175 < 0.0
2023-04-26,3089380.040000001,2.6705100085633052e-05,-0.051289668157137015,-0.001711239042014423,0.7,-0.0017112390420144013,True,0,0.0,WARNING,WARN: rolling_20d_return=-0.0017 < 0.0
2023-04-27,3089930.040000001,0.00017802924628204688,-0.05112076997181904,0.009142340976557861,0.75,0.0,True,0,0.0,NORMAL,
2023-04-28,3090507.540000001,0.0001868974353865953,-0.050943426877235166,0.000842068669477225,0.8,0.0,True,0,0.0,NORMAL,
2023-05-04,3090535.040000001,8.898214822022403e-06,-0.05093498196796927,0.0014792755408603586,0.8,0.0,True,0,0.0,NORMAL,
2023-05-05,3090535.040000001,0.0,-0.05093498196796927,0.0012740545467184727,0.8,0.0,True,0,0.0,NORMAL,
2023-05-08,3091012.0200000005,0.00015433573598942776,-0.05078850731990948,0.001259093800748623,0.8,0.0,True,0,0.0,NORMAL,
2023-05-09,3079061.0200000005,-0.0038663712475631197,-0.054458511343064245,-0.002727633238696958,0.75,-0.0038663712475631197,True,1,0.0,WARNING,WARN: rolling_20d_return=-0.0027 < 0.0
2023-05-10,3091233.0200000005,0.00395315322461521,-0.050720640958172615,0.0012771653938932204,0.75,0.0,True,0,0.0,NORMAL,
2023-05-11,3108095.150000001,0.005454823331306273,-0.04554248976254379,0.006703086652807055,0.8,0.0,True,0,0.0,NORMAL,
2023-05-12,3095437.150000001,-0.004072590892206115,-0.04942960472573458,0.0025139012038002395,0.75,-0.004072590892206115,True,1,0.0,NORMAL,
2023-05-15,3108668.150000001,0.004274355885403778,-0.045366528562203426,0.006736237785640142,0.75,0.0,True,0,0.0,NORMAL,
2023-05-16,3091723.1200000006,-0.005450897034474476,-0.05057013732067379,0.001159460728778372,0.7,-0.005450897034474476,True,1,0.0,NORMAL,
2023-05-17,3128086.1200000006,0.01176140248936651,-0.03940351057027826,0.012862343551155675,0.7,0.0,True,0,0.0,NORMAL,
2023-05-18,3140756.1200000006,0.0040503999934630944,-0.03551271055577144,0.01677471214365167,0.7,0.0,True,0,0.0,NORMAL,
2023-05-19,3123180.8300000005,-0.005595878612822709,-0.04090986435111174,0.011075962941326178,0.65,-0.005595878612822709,True,1,0.0,NORMAL,
2023-05-22,3124489.8300000005,0.0004191239864904011,-0.04050788667005496,0.011526744938361144,0.65,-0.005179099993284431,True,0,0.0,NORMAL,
2023-05-23,3116806.8300000005,-0.0024589614362739015,-0.04286724077514224,0.00892266943857356,0.65,-0.00762532622240024,True,1,0.0,NORMAL,
2023-05-24,3119016.6000000006,0.0007089852276793227,-0.04218864778792387,0.009646968441536341,0.65,-0.006921747238368834,True,0,0.5333,HALTED,HALT: rejection_rate=53.33% > 40%
2023-05-25,3152713.6000000006,0.010803725764075765,-0.03184071660490602,0.020527663385897066,0.7,0.0,True,0,0.0,NORMAL,
2023-05-26,3143332.6000000006,-0.0029755319354095463,-0.03472150547121134,0.017463879257794357,0.65,-0.0029755319354095463,True,1,0.0,NORMAL,
2023-05-29,3094933.4700000007,-0.01539739383608336,-0.04958427861297274,0.0016192696712316046,0.6,-0.01832711033441156,True,2,0.4,WARNING,WARN: rejection_rate=40.00% > 25%
2023-05-30,3093355.4700000007,-0.0005098655642507235,-0.05006886286103049,0.000921508834111906,0.55,-0.018827631536210546,True,3,0.0,WARNING,WARN: consecutive_losses=3 >= 3
2023-05-31,3073824.4700000007,-0.006313855678539265,-0.056066590965476636,-0.005407015220251443,0.5,-0.02502261226646146,True,4,0.0,WARNING,WARN: rolling_20d_return=-0.0054 < 0.0; WARN: consecutive_losses=4 >= 3
2023-06-01,3072081.4000000004,-0.0005670688150908947,-0.056601866165262554,-0.005971017885628149,0.45,-0.025575491538463935,True,5,0.4,HALTED,WARN: rolling_20d_return=-0.0060 < 0.0; WARN: rolling_20d_winrate=0.4500 < 0.5; HALT: consecutive_losses=5 >= 5; WARN: rejection_rate=40.00% > 25%
2023-06-02,3115625.4000000004,0.014174103589833262,-0.0432300432898336,0.007962887184113754,0.5,-0.011763897615057764,True,0,0.0,NORMAL,
2023-06-05,3153541.4000000004,0.012169627324260482,-0.03158650948162204,0.024189316001278716,0.5,0.0,True,0,0.0,NORMAL,
2023-06-06,3081788.3000000007,-0.022753181550113667,-0.05362099744696597,-0.0030553245060768175,0.5,-0.022753181550113667,True,1,0.5,HALTED,WARN: rolling_20d_return=-0.0031 < 0.0; HALT: rejection_rate=50.00% > 40%
2023-06-07,3129032.3000000007,0.015330060147220362,-0.039112950415761544,0.006736328519414858,0.5,-0.007771929044597171,True,0,0.0,NORMAL,
2023-06-08,3120406.3000000007,-0.0027567628496516314,-0.04176188813676674,0.008066437401256898,0.45,-0.010507266528988528,True,1,0.0,WARNING,WARN: rolling_20d_winrate=0.4500 < 0.5
2023-06-09,3070391.0300000003,-0.016028447962049195,-0.05712095784801885,-0.012313028651836144,0.45,-0.02636729931625445,True,2,0.9286,HALTED,WARN: rolling_20d_return=-0.0123 < 0.0; WARN: rolling_20d_winrate=0.4500 < 0.5; HALT: rejection_rate=92.86% > 40%
2023-06-12,3110630.0300000003,0.013105496859141096,-0.0447640595225461,0.006115330922647377,0.45,-0.01360735901548656,True,0,0.0,WARNING,WARN: rolling_20d_winrate=0.4500 < 0.5
2023-06-13,3123997.0300000003,0.004297200204165713,-0.040659219444099955,-0.001307217846035602,0.5,-0.009368632357260352,True,0,0.0,WARNING,WARN: rolling_20d_return=-0.0013 < 0.0
2023-06-14,3118039.4400000004,-0.0019070408655285599,-0.04248872151658812,-0.007232869771499506,0.45,-0.011257806858029502,True,1,0.4667,HALTED,WARN: rolling_20d_return=-0.0072 < 0.0; WARN: rolling_20d_winrate=0.4500 < 0.5; HALT: rejection_rate=46.67% > 40%
2023-06-15,3112406.4400000004,-0.0018065839475077323,-0.04421854602185386,-0.0034498130548528128,0.4,-0.013044052632383377,True,2,0.0,WARNING,WARN: rolling_20d_return=-0.0034 < 0.0; WARN: rolling_20d_winrate=0.4000 < 0.5
2023-06-16,3100947.4400000004,-0.003681717096048676,-0.04773746294105146,-0.007534794888418683,0.4,-0.016677745216853647,True,3,0.0,WARNING,WARN: rolling_20d_return=-0.0075 < 0.0; WARN: rolling_20d_winrate=0.4000 < 0.5; WARN: consecutive_losses=3 >= 3
2023-06-19,3045991.3300000005,-0.01772236100847935,-0.0646138033976606,-0.022720529010134438,0.35,-0.03410453720379248,True,4,0.3,WARNING,WARN: rolling_20d_return=-0.0227 < 0.0; WARN: rolling_20d_winrate=0.3500 < 0.5; WARN: consecutive_losses=4 >= 3; WARN: rejection_rate=30.00% > 25%
2023-06-20,2994837.3300000005,-0.016793875772456644,-0.08032256298267099,-0.03981359701644427,0.35,-0.05032566561517151,True,5,0.0,HALTED,WARN: rolling_20d_return=-0.0398 < 0.0; WARN: rolling_20d_winrate=0.3500 < 0.5; HALT: consecutive_losses=5 >= 5
2023-06-21,2969849.3300000005,-0.008343691909303133,-0.08799606817308112,-0.058002182627689414,0.3,-0.05824945567545104,True,6,0.0,HALTED,HALT: rolling_20d_return=-0.0580 < -0.05; HALT: rolling_20d_winrate=0.3000 < 0.35; HALT: consecutive_losses=6 >= 5
2023-06-26,2971063.5000000005,0.000408832188129869,-0.08762321161004928,-0.05480460451432978,0.3,-0.057864437739742335,True,0,0.4167,HALTED,HALT: rolling_20d_return=-0.0548 < -0.05; HALT: rolling_20d_winrate=0.3000 < 0.35; HALT: rejection_rate=41.67% > 40%
2023-06-27,3091799.5000000005,0.04063730041448121,-0.0505466819690473,-0.0010126130433427694,0.35,-0.019578591865006083,True,0,0.0,WARNING,WARN: rolling_20d_return=-0.0010 < 0.0; WARN: rolling_20d_winrate=0.3500 < 0.5
2023-06-28,3134464.5000000005,0.013799407109031487,-0.03744478910251744,0.013289462009356434,0.4,-0.00604935771574139,True,0,0.0,WARNING,WARN: rolling_20d_winrate=0.4000 < 0.5
2023-06-29,3174910.5200000005,0.012903645901875748,-0.025024317500090994,0.0328860840905465,0.45,0.0,True,0,0.5294,HALTED,WARN: rolling_20d_winrate=0.4500 < 0.5; HALT: rejection_rate=52.94% > 40%
2023-06-30,3236865.5200000005,0.01951393578172401,-0.005998704643045229,0.05363924276225229,0.5,0.0,True,0,0.0,NORMAL,
2023-07-03,3257011.5200000005,0.006223922456932964,0.0,0.04537969166639866,0.55,0.0,True,0,0.0,NORMAL,
2023-07-04,3320575.6600000006,0.019516093084006078,0.0,0.05296720062086391,0.55,0.0,True,0,0.4286,HALTED,HALT: rejection_rate=42.86% > 40%
2023-07-05,3308961.0200000005,-0.003497779056779609,-0.003497779056779609,0.07371457669561532,0.5,-0.003497779056779609,True,1,0.0,NORMAL,
2023-07-06,3337979.0200000005,0.008769520047111342,0.0,0.06677678590917702,0.55,0.0,True,0,0.0,NORMAL,
2023-07-07,3320727.4700000007,-0.005168261962293523,-0.005168261962293523,0.06419714317331038,0.5,-0.005168261962293523,True,1,0.1429,NORMAL,
2023-07-10,3295995.4700000007,-0.00744776565479491,-0.01257753561315068,0.07347742935530932,0.5,-0.01257753561315068,True,2,0.0,NORMAL,
2023-07-11,3325232.4700000007,0.008870461220627828,-0.0038186429344303705,0.06899002386342956,0.55,-0.0038186429344303705,True,0,0.0,NORMAL,
2023-07-12,3282246.2300000004,-0.01292728865961068,-0.01669656689453969,0.050656002064124905,0.5,-0.01669656689453969,True,1,0.4,WARNING,WARN: rejection_rate=40.00% > 25%
2023-07-13,3309375.2300000004,0.00826537623900325,-0.008569194062819495,0.061364133995688075,0.5,-0.008569194062819495,True,0,0.0,NORMAL,
2023-07-14,3299756.2300000004,-0.002906590921694908,-0.011450877842845169,0.06019451302767509,0.5,-0.011450877842845169,True,1,0.0,NORMAL,
2023-07-17,3315477.9300000006,0.004764503467578932,-0.006740932122455296,0.06918223999307771,0.55,-0.006740932122455296,True,0,0.3333,WARNING,WARN: rejection_rate=33.33% > 25%
2023-07-18,3349676.9300000006,0.010314953295436352,0.0,0.0997000868022826,0.6,0.0,True,0,0.0,NORMAL,
2023-07-19,3372592.9300000006,0.006841256777560335,0.0,0.1261355988239936,0.65,0.0,True,0,0.0,NORMAL,
2023-07-20,3341676.5000000005,-0.009166961635064615,-0.009166961635064615,0.12520068484417024,0.65,-0.009166961635064615,True,1,0.0,NORMAL,
2023-07-21,3332462.5000000005,-0.002757298619420521,-0.011898984203824492,0.12163960817397546,0.65,-0.011898984203824492,True,2,0.0,NORMAL,
2023-07-24,3353694.5000000005,0.0063712644928487555,-0.0056035312865345315,0.08470633364162206,0.65,-0.0056035312865345315,True,0,0.0,NORMAL,
2023-07-25,3443079.8300000005,0.02665279440330658,0.0,0.0984587096137155,0.65,0.0,True,0,0.4,WARNING,WARN: rejection_rate=40.00% > 25%
2023-07-26,3443557.8300000005,0.00013882919467481528,0.0,0.0846157106815093,0.65,0.0,True,0,0.0,NORMAL,
2023-07-27,3406104.8300000005,-0.010876251205573624,-0.010876251205573624,0.052284937064669856,0.6,-0.010876251205573624,True,1,0.0,NORMAL,
2023-07-28,3486874.6800000006,0.023713260169975475,0.0,0.07057486858382367,0.6,0.0,True,0,0.2727,WARNING,WARN: rejection_rate=27.27% > 25%
2023-07-31,3632829.3200000003,0.04185829815942787,0.0,0.09403600217921237,0.6,0.0,True,0,0.0,NORMAL,
2023-08-01,3602765.4600000004,-0.00827560486656716,-0.00827560486656716,0.08879054126784491,0.55,-0.00827560486656716,True,1,0.0,NORMAL,
2023-08-02,3677835.9100000006,0.020836896221382167,0.0,0.10181516659143064,0.6,0.0,True,0,0.1667,NORMAL,
2023-08-03,3673868.090000001,-0.0010788463914910853,-0.0010788463914910853,0.1063443547205638,0.55,-0.0010788463914910853,True,1,0.0,NORMAL,
2023-08-04,3667085.4700000007,-0.0018461795126672907,-0.0029230341600530903,0.11258814017726793,0.55,-0.0029230341600530903,True,2,0.0,NORMAL,
2023-08-07,3636434.1500000004,-0.008358496209252601,-0.011257098199359371,0.09358794695036754,0.55,-0.011257098199359371,True,3,0.3846,WARNING,WARN: consecutive_losses=3 >= 3; WARN: rejection_rate=38.46% > 25%
2023-08-08,3657695.1500000004,0.0058466616259227455,-0.005476253017498064,0.11438779838281654,0.55,-0.005476253017498064,True,0,0.0,NORMAL,
2023-08-09,3585355.1500000004,-0.01977748200256656,-0.025145428524569555,0.08339336002100906,0.55,-0.025145428524569555,True,1,0.0,NORMAL,
2023-08-10,3659808.9100000006,0.02076607668838615,-0.004901523733286947,0.1091149330143093,0.55,-0.004901523733286947,True,0,0.3333,WARNING,WARN: rejection_rate=33.33% > 25%
2023-08-11,3579134.0600000005,-0.022043459640629183,-0.026836936833323832,0.0795228125677796,0.55,-0.026836936833323832,True,1,0.0,NORMAL,
2023-08-14,3582875.0600000005,0.0010452248888380559,-0.025819762578804143,0.06961809597560209,0.55,-0.025819762578804143,True,0,0.0,NORMAL,
2023-08-15,3568655.0000000005,-0.003968896420295508,-0.029686183035827755,0.058133926646166456,0.5,-0.029686183035827755,True,1,0.4,WARNING,WARN: rejection_rate=40.00% > 25%
2023-08-16,3600466.0000000005,0.008914002614430365,-0.021036803134591216,0.0774430140080884,0.5,-0.021036803134591216,True,0,0.0,NORMAL,
2023-08-17,3673247.4300000006,0.02021444724099607,-0.0012476032406785599,0.10226219499844347,0.55,-0.0012476032406785599,True,0,0.0,NORMAL,
2023-08-18,3693849.3900000006,0.005608650218262035,0.0,0.1014269158982728,0.6,0.0,True,0,0.1429,NORMAL,
2023-08-21,3716524.3900000006,0.006138582710325392,0.0,0.07941859425315734,0.6,0.0,True,0,0.0,NORMAL,
2023-08-22,3666426.3900000006,-0.01347979852757,-0.01347979852757,0.06472043479519551,0.55,-0.01347979852757,True,1,0.0,NORMAL,
2023-08-23,3635877.9700000007,-0.008331933264314062,-0.02169941901013595,0.06745920970377184,0.5,-0.02169941901013595,True,2,0.375,WARNING,WARN: rejection_rate=37.50% > 25%
2023-08-24,3610237.9700000007,-0.007051941845011921,-0.028598337814217844,0.0353793300079257,0.5,-0.028598337814217844,True,3,0.0,WARNING,WARN: consecutive_losses=3 >= 3
2023-08-25,3539250.9700000007,-0.019662692761496823,-0.047698710245784204,-0.025759082455324323,0.45,-0.047698710245784204,True,4,0.0,WARNING,WARN: rolling_20d_return=-0.0258 < 0.0; WARN: rolling_20d_winrate=0.4500 < 0.5; WARN: consecutive_losses=4 >= 3
2023-08-28,3596363.8500000006,0.016136996354344398,-0.03233142780478296,-0.001776860045727191,0.45,-0.03233142780478296,True,0,0.3333,WARNING,WARN: rolling_20d_return=-0.0018 < 0.0; WARN: rolling_20d_winrate=0.4500 < 0.5; WARN: rejection_rate=33.33% > 25%
2023-08-29,3758013.8500000006,0.04494817730970129,0.0,0.02180030375525921,0.5,0.0,True,0,0.0,NORMAL,
2023-08-30,3790162.8500000006,0.008554784863286227,0.0,0.03165458235056007,0.5,0.0,True,0,0.0,NORMAL,
2023-08-31,3775272.2800000003,-0.003928741478746829,-0.003928741478746829,0.029502123930588375,0.5,-0.003928741478746829,True,1,0.6,HALTED,HALT: rejection_rate=60.00% > 40%
2023-09-01,3800545.2800000003,0.006694351592569105,0.0,0.04512968562898356,0.55,0.0,True,0,0.0,NORMAL,
2023-09-04,3897918.2800000003,0.02562079723465365,0.0,0.06567609386473872,0.6,0.0,True,0,0.0,NORMAL,
2023-09-05,3838521.6500000004,-0.015238038802598983,-0.015238038802598983,0.07061127542692658,0.55,-0.015238038802598983,True,1,0.5294,HALTED,HALT: rejection_rate=52.94% > 40%
2023-09-06,3825698.6500000004,-0.0033406090076370937,-0.01852774348055339,0.045327432136340606,0.55,-0.01852774348055339,True,2,0.0,NORMAL,
2023-09-07,3831903.6500000004,0.001621925971613054,-0.01693586813728683,0.07062311323426651,0.55,-0.01693586813728683,True,0,0.0,NORMAL,
2023-09-08,3773285.2200000007,-0.015297469705429492,-0.03197426191295103,0.053144515734243836,0.55,-0.03197426191295103,True,1,0.2727,WARNING,WARN: rejection_rate=27.27% > 25%
2023-09-11,3751480.2200000007,-0.005778783931949887,-0.037568273493922395,0.05123084747615003,0.5,-0.037568273493922395,True,2,0.0,NORMAL,
2023-09-12,3720891.2200000007,-0.008153848136243137,-0.045415795633355245,0.03344712045607445,0.5,-0.045415795633355245,True,3,0.0,WARNING,WARN: consecutive_losses=3 >= 3
2023-09-13,3698021.3100000005,-0.00614635275470379,-0.051283006887460895,0.006744408176173389,0.45,-0.051283006887460895,True,4,0.2222,WARNING,WARN: rolling_20d_winrate=0.4500 < 0.5; WARN: consecutive_losses=4 >= 3
2023-09-14,3672563.3100000005,-0.006884222092273448,-0.057814185370761474,-0.005762573876895383,0.4,-0.057814185370761474,True,5,0.0,HALTED,WARN: rolling_20d_return=-0.0058 < 0.0; WARN: rolling_20d_winrate=0.4000 < 0.5; HALT: consecutive_losses=5 >= 5
2023-09-15,3683058.3100000005,0.0028576770811338304,-0.055121722562126094,-0.009004671162672007,0.4,-0.055121722562126094,True,0,0.0,WARNING,WARN: rolling_20d_return=-0.0090 < 0.0; WARN: rolling_20d_winrate=0.4000 < 0.5
2023-09-18,3773537.1500000004,0.024566225235787765,-0.03190962997818412,0.02921393984402343,0.4,-0.03190962997818412,True,0,0.4286,HALTED,WARN: rolling_20d_winrate=0.4000 < 0.5; HALT: rejection_rate=42.86% > 40%
2023-09-19,3715101.5500000007,-0.015485629974518635,-0.046901119230236786,0.021789394653418448,0.4,-0.046901119230236786,True,1,0.0,WARNING,WARN: rolling_20d_winrate=0.4000 < 0.5
2023-09-20,3701403.5500000007,-0.0036871132095971904,-0.05041530270357528,0.025251958667976693,0.4,-0.05041530270357528,True,2,0.0,WARNING,WARN: rolling_20d_winrate=0.4000 < 0.5
2023-09-21,3677900.1200000006,-0.006349869632561455,-0.05644504173648291,0.039174715547227734,0.4,-0.05644504173648291,True,3,0.2222,WARNING,WARN: rolling_20d_winrate=0.4000 < 0.5; WARN: consecutive_losses=3 >= 3
2023-09-22,3723241.1200000006,0.01232795848735555,-0.04481293538047177,0.035279319693973576,0.45,-0.04481293538047177,True,0,0.0,WARNING,WARN: rolling_20d_winrate=0.4500 < 0.5
2023-09-25,3689376.1200000006,-0.009095569937194934,-0.053500906129822626,-0.01826436323538294,0.4,-0.053500906129822626,True,1,0.0,WARNING,WARN: rolling_20d_return=-0.0183 < 0.0; WARN: rolling_20d_winrate=0.4000 < 0.5
2023-09-26,3672647.4800000004,-0.004534273399048327,-0.05779259179338152,-0.031005361682546195,0.35,-0.05779259179338152,True,2,0.3636,WARNING,WARN: rolling_20d_return=-0.0310 < 0.0; WARN: rolling_20d_winrate=0.3500 < 0.5; WARN: rejection_rate=36.36% > 25%
2023-09-27,3699728.4800000004,0.007373699803064136,-0.0508450372130428,-0.020010159373193503,0.35,-0.0508450372130428,True,0,0.0,WARNING,WARN: rolling_20d_return=-0.0200 < 0.0; WARN: rolling_20d_winrate=0.3500 < 0.5
2023-09-28,3763033.4800000004,0.017110715108477365,-0.03460431705099774,-0.009870110006951371,0.4,-0.03460431705099774,True,0,0.0,WARNING,WARN: rolling_20d_return=-0.0099 < 0.0; WARN: rolling_20d_winrate=0.4000 < 0.5
2023-10-09,3720131.9100000006,-0.01140079412740166,-0.045610594483781644,-0.045610594483781686,0.35,-0.045610594483781644,True,1,0.1667,WARNING,WARN: rolling_20d_return=-0.0456 < 0.0; WARN: rolling_20d_winrate=0.3500 < 0.5
2023-10-10,3701418.9100000006,-0.005030197974888476,-0.050411362138664345,-0.035717589348493006,0.3,-0.03571758934849299,True,2,0.0,HALTED,WARN: rolling_20d_return=-0.0357 < 0.0; HALT: rolling_20d_winrate=0.3000 < 0.35
2023-10-11,3743276.9100000006,0.011308636233233053,-0.03967280966187922,-0.021544232188805523,0.35,-0.02312864521006413,True,0,0.0,WARNING,WARN: rolling_20d_return=-0.0215 < 0.0; WARN: rolling_20d_winrate=0.3500 < 0.5
2023-10-12,3775444.7100000004,0.008593486609036308,-0.03142025081141512,-0.014733914303925677,0.4,-0.014733914303925658,True,0,0.8824,HALTED,WARN: rolling_20d_return=-0.0147 < 0.0; WARN: rolling_20d_winrate=0.4000 < 0.5; HALT: rejection_rate=88.24% > 40%
2023-10-13,3696294.1200000006,-0.020964573998489264,-0.05172611263671738,-0.020404261939149126,0.35,-0.020964573998489264,True,1,0.0,WARNING,WARN: rolling_20d_return=-0.0204 < 0.0; WARN: rolling_20d_winrate=0.3500 < 0.5
2023-10-16,3709532.1200000006,0.0035814249543540105,-0.04832994087295223,-0.011181746281471838,0.4,-0.017458232092610843,True,0,0.0,WARNING,WARN: rolling_20d_return=-0.0112 < 0.0; WARN: rolling_20d_winrate=0.4000 < 0.5
2023-10-17,3698736.4400000004,-0.0029102538138961217,-0.051099542292097476,-0.005954159552130189,0.4,-0.02031767801997556,True,1,0.1429,WARNING,WARN: rolling_20d_return=-0.0060 < 0.0; WARN: rolling_20d_winrate=0.4000 < 0.5
2023-10-18,3626980.4400000004,-0.019400138713316917,-0.0695083427967607,-0.019210508551666505,0.4,-0.03932365096137244,True,2,0.0,WARNING,WARN: rolling_20d_return=-0.0192 < 0.0; WARN: rolling_20d_winrate=0.4000 < 0.5
2023-10-19,3636485.440000001,0.002620637237293859,-0.06706986171090261,-0.009823620984766523,0.45,-0.0368060667480943,True,0,0.0,WARNING,WARN: rolling_20d_return=-0.0098 < 0.0; WARN: rolling_20d_winrate=0.4500 < 0.5
2023-10-20,3646347.380000001,0.002711942660768619,-0.06453980866935964,-0.009967512569737158,0.5,-0.03419394002991494,True,0,0.4286,HALTED,WARN: rolling_20d_return=-0.0100 < 0.0; HALT: rejection_rate=42.86% > 40%
2023-10-23,3574419.380000001,-0.01972604157094873,-0.0829927352915155,-0.05276687682801784,0.45,-0.05324547051835904,True,1,0.0,HALTED,HALT: rolling_20d_return=-0.0528 < -0.05; WARN: rolling_20d_winrate=0.4500 < 0.5
2023-10-24,3730788.380000001,0.04374668537075802,-0.04287670699961402,0.004222449854701882,0.45,-0.01182809799378564,True,0,0.0,WARNING,WARN: rolling_20d_winrate=0.4500 < 0.5
2023-10-25,3812548.2700000005,0.02191490957736918,-0.02190143657911673,0.0300277228620478,0.5,0.0,True,0,0.25,NORMAL,
2023-10-26,3833457.2700000005,0.005484258432746347,-0.016537291284618665,0.04229509908496376,0.55,0.0,True,0,0.0,NORMAL,
2023-10-27,3867513.2700000005,0.00888388668539926,-0.007800320021075397,0.038749075160622315,0.6,0.0,True,0,0.0,NORMAL,
2023-10-30,3888661.7400000007,0.00546823463129325,-0.002374739369856561,0.05401607575862988,0.6,0.0,True,0,0.2,NORMAL,
2023-10-31,3882392.7400000007,-0.0016121227350569193,-0.0039830337335855,0.057110098680094534,0.6,-0.0016121227350569193,True,1,0.0,NORMAL,
2023-11-01,3923578.7400000007,0.01060840640249085,0.0,0.060504510320173566,0.65,0.0,True,0,0.0,NORMAL,
2023-11-02,3950771.8900000006,0.006930700720434606,0.0,0.049890177963550775,0.65,0.0,True,0,0.8,HALTED,HALT: rejection_rate=80.00% > 40%
2023-11-03,3995251.8900000006,0.011258559400148003,0.0,0.07395436147316614,0.65,0.0,True,0,0.0,NORMAL,
2023-11-06,4079933.8900000006,0.02119565983110016,0.0,0.10226212952480962,0.7,0.0,True,0,0.0,NORMAL,
2023-11-07,4149730.8100000005,0.017107365433315862,0.0,0.1085823757558988,0.75,0.0,True,0,0.9444,HALTED,HALT: rejection_rate=94.44% > 40%
2023-11-08,4201155.8100000005,0.012392370096893103,0.0,0.11275786899286899,0.75,0.0,True,0,0.0,NORMAL,
2023-11-09,4165568.8100000005,-0.008470764144308182,-0.008470764144308182,0.12695815721504333,0.7,-0.008470764144308182,True,1,0.0,NORMAL,
2023-11-10,4143800.7000000007,-0.005225723302839851,-0.013652221577566261,0.11706828946395542,0.7,-0.013652221577566261,True,2,0.0909,NORMAL,
2023-11-13,4185115.7000000007,0.009970315415989962,-0.003818023116833619,0.13149876123641846,0.7,-0.003818023116833619,True,0,0.0,NORMAL,
2023-11-14,4174186.7000000007,-0.0026113973384296156,-0.006419450079857873,0.15087102592701052,0.7,-0.006419450079857873,True,1,0.0,NORMAL,
2023-11-15,4162494.9100000006,-0.0028009743790329347,-0.009202443743689644,0.14464775912866012,0.7,-0.009202443743689644,True,2,0.5714,HALTED,HALT: rejection_rate=57.14% > 40%
2023-11-16,4159174.9100000006,-0.0007975985729193359,-0.009992702460611643,0.14064143553980313,0.65,-0.009992702460611643,True,3,0.0,WARNING,WARN: consecutive_losses=3 >= 3
2023-11-17,4207843.91,0.011701599729067303,0.0,0.17721046767601156,0.65,0.0,True,0,0.0,NORMAL,
2023-11-20,4298658.500000001,0.021582214536090237,0.0,0.1522118282141749,0.7,0.0,True,0,0.4545,HALTED,HALT: rejection_rate=45.45% > 40%
2023-11-21,4357036.500000001,0.013580515874894455,0.0,0.14281477674248588,0.7,0.0,True,0,0.0,NORMAL,
2023-11-22,4281690.630000001,-0.01729291687136431,-0.01729291687136431,0.11692666134765606,0.65,-0.01729291687136431,True,1,0.0,NORMAL,
2023-11-23,4284501.0200000005,0.0006563739052766791,-0.016647893585468112,0.10781805281304169,0.65,-0.016647893585468112,True,0,0.1818,NORMAL,
2023-11-24,4241798.0200000005,-0.009966854903444507,-0.026448821349098275,0.09081177628990678,0.6,-0.026448821349098275,True,1,0.0,NORMAL,
2023-11-27,4288689.0200000005,0.011054510322959695,-0.015686689794772304,0.10465099932161936,0.6,-0.015686689794772304,True,0,0.0,NORMAL,
2023-11-28,4403350.61,0.026735813547049826,0.0,0.1222791491626849,0.65,0.0,True,0,0.8824,HALTED,HALT: rejection_rate=88.24% > 40%
2023-11-29,4412307.86,0.0020341895963628476,0.0,0.1168217206283706,0.65,0.0,True,0,0.0,NORMAL,
2023-11-30,4393439.86,-0.004276220200101813,-0.004276220200101813,0.09966529794946166,0.6,-0.004276220200101813,True,1,0.0,NORMAL,
2023-12-01,4400244.140000001,0.0015487363471046263,-0.002734106590649307,0.07850868632579733,0.6,-0.002734106590649307,True,0,0.0,NORMAL,
2023-12-04,4494600.140000001,0.021443355640716786,0.0,0.08310643407734686,0.6,0.0,True,0,0.0,NORMAL,
2023-12-05,4429273.140000001,-0.014534552121470808,-0.014534552121470808,0.054298707383575895,0.55,-0.014534552121470808,True,1,0.0,NORMAL,
2023-12-06,4509535.950000001,0.01812098903433183,0.0,0.08257387062584631,0.55,0.0,True,0,0.2,NORMAL,
2023-12-07,4429082.950000001,-0.017840638347721784,-0.017840638347721784,0.06884555282786664,0.55,-0.017840638347721784,True,1,0.0,NORMAL,
2023-12-08,4279628.950000001,-0.033743779849505856,-0.050982407624447466,0.022583186887760398,0.55,-0.050982407624447466,True,2,0.0,NORMAL,
2023-12-11,4293698.350000001,0.0032875279993606543,-0.047862485717627,0.028631122321385316,0.55,-0.047862485717627,True,0,0.4444,HALTED,HALT: rejection_rate=44.44% > 40%
2023-12-12,4348590.350000001,0.012784316811636288,-0.035690058086797274,0.04470766788276981,0.6,-0.035690058086797274,True,0,0.0,NORMAL,
2023-12-13,4368682.350000001,0.00462034783294775,-0.031234610736388634,0.05037235618446245,0.65,-0.031234610736388634,True,0,0.0,NORMAL,
2023-12-14,4399439.470000001,0.0070403653861444305,-0.02441414842252237,0.04553295324112927,0.7,-0.02441414842252237,True,0,0.4,WARNING,WARN: rejection_rate=40.00% > 25%
2023-12-15,4417952.470000001,0.004208036075104813,-0.020308847964722494,0.027751441525303733,0.7,-0.020308847964722494,True,0,0.0,NORMAL,
2023-12-18,4392610.470000001,-0.00573614138497058,-0.025928494926401556,0.008164717004321531,0.65,-0.025928494926401556,True,1,0.0,NORMAL,
2023-12-19,4397518.970000001,0.0011174448618932512,-0.024840023727940436,0.027052010527906845,0.65,-0.024840023727940436,True,0,0.5,HALTED,HALT: rejection_rate=50.00% > 40%
2023-12-20,4411714.970000001,0.00322818391389452,-0.021692027979065213,0.029691660570546397,0.7,-0.021692027979065213,True,0,0.0,NORMAL,
2023-12-21,4470426.970000001,0.013308203362920337,-0.008672506535844433,0.053899065660839796,0.7,-0.008672506535844433,True,0,0.0,NORMAL,
2023-12-22,4406802.200000001,-0.014232369844529537,-0.022781446059876732,0.027540625923023976,0.7,-0.022781446059876732,True,1,0.8235,HALTED,HALT: rejection_rate=82.35% > 40%
2023-12-25,4326264.2,-0.018275837295352378,-0.04064093335368596,-0.017506307543382338,0.65,-0.04064093335368596,True,2,1.0,HALTED,WARN: rolling_20d_return=-0.0175 < 0.0; HALT: rejection_rate=100.00% > 40%
2023-12-26,4281038.200000001,-0.010453822954224356,-0.05066990318593645,-0.029750793499708106,0.6,-0.05066990318593645,True,3,0.0,WARNING,WARN: rolling_20d_return=-0.0298 < 0.0; WARN: consecutive_losses=3 >= 3
2023-12-27,4294785.0,0.0032110902444175524,-0.04762151857332484,-0.022455038226015578,0.6,-0.04762151857332484,True,0,0.6,HALTED,WARN: rolling_20d_return=-0.0225 < 0.0; HALT: rejection_rate=60.00% > 40%
2023-12-28,4372612.0,0.018121279644964766,-0.030363201783545176,-0.006279683381386292,0.65,-0.030363201783545176,True,0,0.0,WARNING,WARN: rolling_20d_return=-0.0063 < 0.0
2023-12-29,4479677.000000001,0.02448536481169629,-0.006621291044370137,-0.003320237515055058,0.65,-0.006621291044370137,True,0,0.0,WARNING,WARN: rolling_20d_return=-0.0033 < 0.0
2024-01-02,4503542.130000001,0.005327422044044667,-0.001329143412195283,0.01676776022893911,0.65,-0.001329143412195283,True,0,0.0,NORMAL,
2024-01-03,4503625.73,1.856316596723554e-05,-0.0013106049193378022,-0.0013106049193377656,0.7,-0.0013106049193378022,True,0,0.0,WARNING,WARN: rolling_20d_return=-0.0013 < 0.0
2024-01-04,4503918.33,6.496987483896168e-05,-0.0012457201943364131,0.016896360001566135,0.7,0.0,True,0,0.0,NORMAL,
2024-01-05,4504670.73,0.00016705453893085413,-0.0010788737586182608,0.05258441388943291,0.75,0.0,True,0,0.0,NORMAL,
2024-01-08,4504670.73,0.0,-0.0010788737586182608,0.04913535204446773,0.75,0.0,True,0,0.0,NORMAL,
2024-01-09,4504837.93,3.711703030495526e-05,-0.0010417967729032993,0.035930627496333134,0.75,0.0,True,0,0.0,NORMAL,
2024-01-10,4505172.330000001,7.423130536491994e-05,-0.000967642801472757,0.031242825425382703,0.75,0.0,True,0,0.0,NORMAL,
2024-01-11,4505088.73,-1.8556448871858977e-05,-0.0009861812943304442,0.024014254706861582,0.7,-1.8556448871858977e-05,True,1,0.0,NORMAL,
2024-01-12,4506008.33,0.0002041247254190324,-0.0007822578728973304,0.01993137332235695,0.7,0.0,True,0,0.0,NORMAL,
2024-01-15,4506384.530000001,8.34885274171514e-05,-0.0006988346550380477,0.025901240453037655,0.7,0.0,True,0,0.0,NORMAL,
2024-01-16,4506342.73,-9.275728629563941e-06,-0.0007081039014669946,0.024746626618872725,0.7,-9.275728629563941e-06,True,1,0.0,NORMAL,
2024-01-17,4506509.930000001,3.710325867739453e-05,-0.0006710269157518266,0.021487099834103685,0.7,0.0,True,0,0.0,NORMAL,
2024-01-18,4506886.130000001,8.347923467244778e-05,-0.0005876036978927504,0.008155632615110209,0.7,0.0,True,0,0.0,NORMAL,
2024-01-19,4507596.73,0.00015766983666827796,-0.00043002650860354493,0.022872487900636784,0.7,0.0,True,0,0.0,NORMAL,
2024-01-22,4508265.530000001,0.00014837174664485681,-0.0002817185657428732,0.04206893559575042,0.75,0.0,True,0,0.0,NORMAL,
2024-01-23,4507931.130000001,-7.417486786772572e-05,-0.00035587253717320904,0.052999510726159826,0.75,-7.417486786772572e-05,True,1,0.0,NORMAL,
2024-01-24,4507931.130000001,0.0,-0.00035587253717320904,0.04962905710064658,0.75,-7.417486786772572e-05,True,0,0.0,NORMAL,
2024-01-25,4507471.33,-0.00010199800900701537,-0.0004578342478899725,0.030841824063054357,0.7,-0.00017616531118590023,True,1,0.0,NORMAL,
2024-01-26,4508641.73,0.0002596577802304896,-0.00019829534788400353,0.006465807691045544,0.7,0.0,True,0,0.0,NORMAL,
2024-01-29,4508976.130000001,7.416867873428756e-05,-0.00012414137645366767,0.0012066057878756808,0.7,0.0,True,0,0.0,NORMAL,
2024-01-30,4509519.530000001,0.00012051516449264778,-3.641172879423545e-06,0.001308678907472327,0.7,0.0,True,0,0.0,NORMAL,
2024-01-31,4509770.33,5.561568107875172e-05,0.0,0.0012993130805727393,0.7,0.0,True,0,0.0,NORMAL,
2024-02-01,4486253.18,-0.005214711233421142,-0.005214711233421142,-0.004088545224258944,0.65,-0.005214711233421142,True,1,0.0,WARNING,WARN: rolling_20d_return=-0.0041 < 0.0
2024-02-02,4426208.18,-0.013384220103244375,-0.01852913649374255,-0.017418043338319755,0.6,-0.01852913649374255,True,2,0.0,WARNING,WARN: rolling_20d_return=-0.0174 < 0.0
2024-02-05,4327722.18,-0.02225064795754817,-0.04036749915821109,-0.03931678625339585,0.6,-0.04036749915821109,True,3,0.0,WARNING,WARN: rolling_20d_return=-0.0393 < 0.0; WARN: consecutive_losses=3 >= 3
2024-02-06,4293813.21,-0.007835292698941164,-0.047886500685723414,-0.046914769184867366,0.55,-0.047886500685723414,True,4,0.0,WARNING,WARN: rolling_20d_return=-0.0469 < 0.0; WARN: consecutive_losses=4 >= 3
2024-02-07,4103231.21,-0.04438525633955093,-0.09014630241713442,-0.0892008002692547,0.5,-0.09014630241713442,True,5,0.0,HALTED,HALT: rolling_20d_return=-0.0892 < -0.05; WARN: rolling_20d_max_drawdown=-0.0901 < -0.08; HALT: consecutive_losses=5 >= 5
2024-02-08,4255981.21,0.03722675915208785,-0.05627539795358051,-0.055487496180460893,0.55,-0.05627539795358051,True,0,0.0,HALTED,HALT: rolling_20d_return=-0.0555 < -0.05
2024-02-19,4441067.1899999995,0.04348843917945763,-0.015234287995326936,-0.014494400015171771,0.55,-0.015234287995326936,True,0,0.0,WARNING,WARN: rolling_20d_return=-0.0145 < 0.0
2024-02-20,4556806.1899999995,0.026061078350854677,0.0,0.011198318242429561,0.55,0.0,True,0,0.0,NORMAL,
2024-02-21,4738747.97,0.03992747824107048,0.0,0.05153390175709638,0.6,0.0,True,0,0.0,NORMAL,
2024-02-22,4923316.34,0.038948762662302995,0.0,0.09239865352444543,0.6,0.0,True,0,0.0,NORMAL,
2024-02-23,5152891.34,0.04663015417774272,0.0,0.14315712976391293,0.6,0.0,True,0,0.0,NORMAL,
2024-02-26,5260341.34,0.020852370622664828,0.0,0.16682154256339876,0.6,0.0,True,0,0.0,NORMAL,
2024-02-27,5443004.85,0.034724649636519556,0.0,0.2074285726720937,0.6,0.0,True,0,0.375,WARNING,WARN: rejection_rate=37.50% > 25%
2024-02-28,4880787.85,-0.1032916588343661,-0.1032916588343661,0.08271127247678223,0.6,-0.1032916588343661,True,1,0.0,WARNING,WARN: rolling_20d_max_drawdown=-0.1033 < -0.08; WARN: cumulative_drawdown=-0.1033 < -0.1
2024-02-29,5044526.85,0.033547657679896904,-0.0732091943662332,0.11914785046453069,0.65,-0.0732091943662332,True,0,0.0,NORMAL,
2024-03-01,5090762.8,0.009165567232534443,-0.06471463092670215,0.129112292539598,0.7,-0.06471463092670215,True,0,0.6429,HALTED,HALT: rejection_rate=64.29% > 40%
2024-03-04,5047330.8,-0.008531530873919327,-0.07269404692887603,0.11939621201764905,0.65,-0.07269404692887603,True,1,0.0,NORMAL,
2024-03-05,4867439.8,-0.035640818311333984,-0.10574398992130236,0.07936993456152042,0.6,-0.10574398992130236,True,2,0.0,WARNING,WARN: rolling_20d_max_drawdown=-0.1057 < -0.08; WARN: cumulative_drawdown=-0.1057 < -0.1
2024-03-06,5060413.399999999,0.03964581133597166,-0.07029048485966354,0.12210002499173811,0.6,-0.07029048485966354,True,0,0.5,HALTED,HALT: rejection_rate=50.00% > 40%
2024-03-07,5020605.869999999,-0.007866458103996062,-0.0776040058094015,0.11910890191890577,0.55,-0.0776040058094015,True,1,0.0,NORMAL,
2024-03-08,5043999.869999999,0.004659596990034194,-0.07330601221125138,0.13957583215166336,0.6,-0.07330601221125138,True,0,0.0,NORMAL,
2024-03-11,5195843.539999999,0.030103821156521948,-0.04540898213603475,0.20059544580100552,0.65,-0.04540898213603475,True,0,0.2727,WARNING,WARN: rejection_rate=27.27% > 25%
2024-03-12,5325186.539999999,0.024893551740782408,-0.021645821241551996,0.24019985955560452,0.7,-0.021645821241551996,True,0,0.0,NORMAL,
2024-03-13,5338295.539999999,0.0024616978018576607,-0.019237408910264066,0.30099798592631566,0.75,-0.019237408910264066,True,0,0.0,NORMAL,
2024-03-14,5358770.99,0.0038355782003034475,-0.015475617296207151,0.25911528401696127,0.8,-0.015475617296207151,True,0,0.2,NORMAL,
2024-03-15,5557869.989999999,0.037153854936428074,0.0,0.25147171889556574,0.8,0.0,True,0,0.0,NORMAL,
2024-03-18,5696675.59,0.02497460362508418,0.0,0.25014656153282666,0.8,0.0,True,0,0.0,NORMAL,
2024-03-19,5668821.4799999995,-0.004889537689120952,-0.004889537689120952,0.19626988307630966,0.75,-0.004889537689120952,True,1,0.0,NORMAL,
2024-03-20,5816656.829999999,0.026078674469036136,0.0,0.18145096278741235,0.75,0.0,True,0,0.0,NORMAL,
2024-03-21,5819526.83,0.000493410576535754,0.0,0.1293711522354748,0.75,0.0,True,0,0.0,NORMAL,
2024-03-22,5713198.34,-0.018270985443673986,-0.018270985443673986,0.08608890007886827,0.7,-0.018270985443673986,True,1,0.3333,WARNING,WARN: rejection_rate=33.33% > 25%
2024-03-25,5600179.34,-0.019782089343672253,-0.037691636520902544,0.028876419244785456,0.65,-0.037691636520902544,True,2,0.0,NORMAL,
2024-03-26,5651496.34,0.009163456540304296,-0.028873565653790484,0.15790657444781186,0.65,-0.028873565653790484,True,0,1.0,HALTED,HALT: rejection_rate=100.00% > 40%
2024-03-27,5524215.399999999,-0.022521635393999106,-0.05074492112961023,0.09509089043702867,0.65,-0.05074492112961023,True,1,0.8095,HALTED,HALT: rejection_rate=80.95% > 40%
2024-03-28,5715585.399999999,0.03464202355324523,-0.01786080432934453,0.12273653763636361,0.65,-0.01786080432934453,True,0,1.0,HALTED,HALT: rejection_rate=100.00% > 40%
2024-03-29,5765671.399999999,0.008763056886526444,-0.009254262687195246,0.14232088770563633,0.65,-0.009254262687195246,True,0,1.0,HALTED,HALT: rejection_rate=100.00% > 40%
2024-04-01,5780718.45,0.0026097654472644325,-0.006668648694931764,0.18763018907804474,0.7,-0.006668648694931764,True,0,0.0,NORMAL,
2024-04-02,5758541.65,-0.0038363397546199145,-0.010479405247453718,0.13795873870699982,0.7,-0.010479405247453718,True,1,0.0,NORMAL,
2024-04-03,5733114.65,-0.004415527670968569,-0.014848660814576862,0.14191689179537237,0.65,-0.014848660814576862,True,2,0.0,NORMAL,
2024-04-08,5714129.25,-0.003311533286710108,-0.01811102226673643,0.13285674014103432,0.65,-0.01811102226673643,True,3,0.0,WARNING,WARN: consecutive_losses=3 >= 3
2024-04-09,5715394.050000001,0.0002213460607319558,-0.017893685009439046,0.09999348633196181,0.65,-0.017893685009439046,True,0,0.0,NORMAL,
2024-04-10,5704883.050000001,-0.0018390682966120243,-0.01969984559724065,0.0713020111404401,0.6,-0.01969984559724065,True,1,0.0,NORMAL,
2024-04-11,5702945.050000001,-0.00033970897966085383,-0.020032862362454187,0.06830822821023541,0.55,-0.020032862362454187,True,2,0.0,NORMAL,
2024-04-12,5707877.25,0.0008648513981384503,-0.01918533641333862,0.06514670260241884,0.55,-0.01918533641333862,True,0,0.0,NORMAL,
2024-04-15,5685027.25,-0.004003239558103671,-0.02311177247377689,0.022878775543290653,0.5,-0.02311177247377689,True,1,0.0,NORMAL,
2024-04-16,5664871.850000001,-0.003545348001629973,-0.02657518119905283,-0.005582859598996293,0.45,-0.02657518119905283,True,2,0.0,WARNING,WARN: rolling_20d_return=-0.0056 < 0.0; WARN: rolling_20d_winrate=0.4500 < 0.5
2024-04-17,5671167.45,0.0011113402327008733,-0.02549337503440978,0.000413837339608758,0.45,-0.02549337503440978,True,0,0.0,WARNING,WARN: rolling_20d_winrate=0.4500 < 0.5
2024-04-18,5672491.050000001,0.00023339109833559203,-0.02526593386287375,-0.024784989765331944,0.5,-0.02526593386287375,True,0,0.0,WARNING,WARN: rolling_20d_return=-0.0248 < 0.0
2024-04-19,5666250.450000001,-0.0011001515815524515,-0.026338289087327563,-0.026338289087327604,0.45,-0.026338289087327563,True,1,0.0,WARNING,WARN: rolling_20d_return=-0.0263 < 0.0; WARN: rolling_20d_winrate=0.4500 < 0.5
2024-04-22,5657315.25,-0.001576915824467504,-0.02787367164694386,-0.009781402057888244,0.4,-0.021347381137374055,True,2,0.0,WARNING,WARN: rolling_20d_return=-0.0098 < 0.0; WARN: rolling_20d_winrate=0.4000 < 0.5
2024-04-23,5675445.45,0.003204735673869365,-0.024758263722963175,0.013439946371431866,0.45,-0.01821105817737932,True,0,0.0,WARNING,WARN: rolling_20d_winrate=0.4500 < 0.5
2024-04-24,5672703.45,-0.0004831338833500725,-0.025229436050215766,0.0037524769944379255,0.45,-0.018685393681472238,True,1,0.0,WARNING,WARN: rolling_20d_winrate=0.4500 < 0.5
2024-04-25,5674941.050000001,0.0003944503744507495,-0.024844937436262208,0.02728453528441377,0.45,-0.018298313767555908,True,0,0.0,WARNING,WARN: rolling_20d_winrate=0.4500 < 0.5
2024-04-26,5694592.050000001,0.0034627672475998667,-0.021468202424285297,-0.00367300084432276,0.5,-0.014898909321556637,True,0,0.0,WARNING,WARN: rolling_20d_return=-0.0037 < 0.0
2024-04-29,5696018.05,0.0002504130212451423,-0.021223165320469924,-0.012080700610166528,0.5,-0.014652227181207964,True,0,0.0,WARNING,WARN: rolling_20d_return=-0.0121 < 0.0
2024-04-30,5689938.65,-0.001067307011079335,-0.022267820698405424,-0.015703895767488874,0.45,-0.015703895767488867,True,1,0.0,WARNING,WARN: rolling_20d_return=-0.0157 < 0.0; WARN: rolling_20d_winrate=0.4500 < 0.5
2024-05-06,5732576.430000001,0.00749353949536877,-0.014941145996915945,-0.004508992307105997,0.45,-0.004508992307106043,True,0,0.0,WARNING,WARN: rolling_20d_return=-0.0045 < 0.0; WARN: rolling_20d_winrate=0.4500 < 0.5
2024-05-07,5755390.010000001,0.00397963817466278,-0.011020968177235703,0.0038853854073894745,0.5,0.0,True,0,0.0,NORMAL,
2024-05-08,5720781.010000001,-0.006013319677705038,-0.01696801525013321,0.0011640898742359962,0.5,-0.006013319677705038,True,1,0.0,NORMAL,
2024-05-09,5776359.66,0.00971522068452668,-0.007417642578339986,0.010666912808925177,0.55,0.0,True,0,0.0,NORMAL,
2024-05-10,5731418.0600000005,-0.007780263460949318,-0.015140194825770663,0.004651280274711178,0.5,-0.007780263460949318,True,1,0.0,NORMAL,
2024-05-13,5632593.0600000005,-0.01724267868186185,-0.032121815993070964,-0.012336080636091706,0.5,-0.024888789559893786,True,2,0.0,WARNING,WARN: rolling_20d_return=-0.0123 < 0.0
2024-05-14,5776057.77,0.025470455342995968,-0.007469517929862439,0.011944987079040459,0.55,-5.226301992431615e-05,True,0,0.0,NORMAL,
2024-05-15,5827163.77,0.008847903195400348,0.0,0.0250019065431919,0.55,0.0,True,0,0.0,NORMAL,
2024-05-16,5849239.79,0.0037884674039289075,0.0,0.0325458271399377,0.6,0.0,True,0,0.0,NORMAL,
2024-05-17,5893416.43,0.007552543849463156,0.0,0.039189281917605845,0.65,0.0,True,0,0.0,NORMAL,
2024-05-20,5800371.43,-0.0157879561210644,-0.0157879561210644,0.02254395447657842,0.6,-0.0157879561210644,True,1,0.0,NORMAL,
2024-05-21,5742481.43,-0.009980395341682456,-0.025610781419021497,0.013453514042959247,0.55,-0.025610781419021497,True,2,0.0,NORMAL,
2024-05-22,5783381.02,0.007122285112901071,-0.01867090359335089,0.022283674221619476,0.6,-0.01867090359335089,True,0,0.3846,WARNING,WARN: rejection_rate=38.46% > 25%
2024-05-23,5585955.02,-0.03413677904278906,-0.05217031812564451,-0.01576800108262877,0.6,-0.05217031812564451,True,1,0.0,WARNING,WARN: rolling_20d_return=-0.0158 < 0.0
2024-05-24,5552637.02,-0.005964602271358784,-0.057823745199013565,-0.021165645456048043,0.55,-0.057823745199013565,True,2,0.0,WARNING,WARN: rolling_20d_return=-0.0212 < 0.0
2024-05-27,5630709.609999999,0.014060452667586735,-0.044576320563860156,-0.007794167306813038,0.6,-0.044576320563860156,True,0,0.8,HALTED,WARN: rolling_20d_return=-0.0078 < 0.0; HALT: rejection_rate=80.00% > 40%
2024-05-28,5513200.609999999,-0.02086930567175884,-0.0645153493760495,-0.03185328086846917,0.55,-0.0645153493760495,True,1,0.0,WARNING,WARN: rolling_20d_return=-0.0319 < 0.0
2024-05-29,5661494.609999999,0.02689798730178984,-0.03935269512254716,-0.006060977984436056,0.55,-0.03935269512254716,True,0,0.0,WARNING,WARN: rolling_20d_return=-0.0061 < 0.0
2024-05-30,5458858.359999999,-0.03579200616778473,-0.07373618938378673,-0.04061208814615269,0.5,-0.07373618938378673,True,1,0.8125,HALTED,WARN: rolling_20d_return=-0.0406 < 0.0; HALT: rejection_rate=81.25% > 40%
2024-05-31,5458999.359999999,2.582957657102501e-05,-0.07371226438176545,-0.04772323114059229,0.55,-0.07371226438176545,True,0,0.0,WARNING,WARN: rolling_20d_return=-0.0477 < 0.0
2024-06-03,5261109.359999999,-0.03625023322955657,-0.10729041083560428,-0.0858813475961121,0.5,-0.10729041083560428,True,1,0.0,HALTED,HALT: rolling_20d_return=-0.0859 < -0.05; WARN: rolling_20d_max_drawdown=-0.1073 < -0.08; WARN: cumulative_drawdown=-0.1073 < -0.1
2024-06-04,5053757.21,-0.03941224859845899,-0.14247410308997965,-0.11659663231891493,0.45,-0.14247410308997965,True,2,0.0,HALTED,HALT: rolling_20d_return=-0.1166 < -0.05; WARN: rolling_20d_winrate=0.4500 < 0.5; HALT: rolling_20d_max_drawdown=-0.1425 < -0.12; WARN: cumulative_drawdown=-0.1425 < -0.1
2024-06-05,5011007.21,-0.008459052982483898,-0.14972796008579353,-0.1324973677279645,0.45,-0.14972796008579353,True,3,0.0,HALTED,HALT: rolling_20d_return=-0.1325 < -0.05; WARN: rolling_20d_winrate=0.4500 < 0.5; HALT: rolling_20d_max_drawdown=-0.1497 < -0.12; WARN: cumulative_drawdown=-0.1497 < -0.1; WARN: consecutive_losses=3 >= 3
2024-06-06,4642479.75,-0.07354359005202868,-0.21226001842194608,-0.18999457003490694,0.4,-0.21226001842194608,True,4,0.0,HALTED,HALT: rolling_20d_return=-0.1900 < -0.05; WARN: rolling_20d_winrate=0.4000 < 0.5; HALT: rolling_20d_max_drawdown=-0.2123 < -0.12; HALT: cumulative_drawdown=-0.2123 < -0.15; WARN: consecutive_losses=4 >= 3
2024-06-07,4951871.609999999,0.06664366387381644,-0.1597621398696919,-0.12085400857984241,0.45,-0.1597621398696919,True,0,0.2727,HALTED,HALT: rolling_20d_return=-0.1209 < -0.05; WARN: rolling_20d_winrate=0.4500 < 0.5; HALT: rolling_20d_max_drawdown=-0.1598 < -0.12; HALT: cumulative_drawdown=-0.1598 < -0.15; WARN: rejection_rate=27.27% > 25%
2024-06-11,4903609.859999999,-0.009746163430921426,-0.1679512353753696,-0.15104556511386835,0.45,-0.1679512353753696,True,1,1.0,HALTED,HALT: rolling_20d_return=-0.1510 < -0.05; WARN: rolling_20d_winrate=0.4500 < 0.5; HALT: rolling_20d_max_drawdown=-0.1680 < -0.12; HALT: cumulative_drawdown=-0.1680 < -0.15; HALT: rejection_rate=100.00% > 40%
2024-06-12,5121738.859999999,0.044483351291735924,-0.13093891788671724,-0.12105802030684998,0.45,-0.13093891788671724,True,0,0.0,HALTED,HALT: rolling_20d_return=-0.1211 < -0.05; WARN: rolling_20d_winrate=0.4500 < 0.5; HALT: rolling_20d_max_drawdown=-0.1309 < -0.12; WARN: cumulative_drawdown=-0.1309 < -0.1
2024-06-13,5019766.51,-0.01990971285092025,-0.14824167448150274,-0.14180873237887892,0.4,-0.14824167448150274,True,1,0.4167,HALTED,HALT: rolling_20d_return=-0.1418 < -0.05; WARN: rolling_20d_winrate=0.4000 < 0.5; HALT: rolling_20d_max_drawdown=-0.1482 < -0.12; WARN: cumulative_drawdown=-0.1482 < -0.1; HALT: rejection_rate=41.67% > 40%
2024-06-14,4971807.51,-0.009554030033958692,-0.15637939910518084,-0.15637939910518084,0.35,-0.15637939910518084,True,2,0.0,HALTED,HALT: rolling_20d_return=-0.1564 < -0.05; WARN: rolling_20d_winrate=0.3500 < 0.5; HALT: rolling_20d_max_drawdown=-0.1564 < -0.12; HALT: cumulative_drawdown=-0.1564 < -0.15
2024-06-17,4867365.51,-0.02100684706516323,-0.1741012080491994,-0.16085278869805064,0.3,-0.16085278869805067,True,3,0.0,HALTED,HALT: rolling_20d_return=-0.1609 < -0.05; HALT: rolling_20d_winrate=0.3000 < 0.35; HALT: rolling_20d_max_drawdown=-0.1609 < -0.12; HALT: cumulative_drawdown=-0.1741 < -0.15; WARN: consecutive_losses=3 >= 3
2024-06-18,5053344.09,0.0382092899368061,-0.14254420164909337,-0.12000689047069324,0.35,-0.12623012861774058,True,0,0.125,HALTED,HALT: rolling_20d_return=-0.1200 < -0.05; WARN: rolling_20d_winrate=0.3500 < 0.5; HALT: rolling_20d_max_drawdown=-0.1262 < -0.12; WARN: cumulative_drawdown=-0.1425 < -0.1
2024-06-19,5036786.33,-0.0032765946084624877,-0.14535373669496485,-0.1290931182673487,0.35,-0.12909311826734865,True,1,1.0,HALTED,HALT: rolling_20d_return=-0.1291 < -0.05; WARN: rolling_20d_winrate=0.3500 < 0.5; HALT: rolling_20d_max_drawdown=-0.1291 < -0.12; WARN: cumulative_drawdown=-0.1454 < -0.1; HALT: rejection_rate=100.00% > 40%
2024-06-20,4860026.33,-0.035093805537706815,-0.1753465264629195,-0.12995605718285919,0.3,-0.14156478725323726,True,2,0.0,HALTED,HALT: rolling_20d_return=-0.1300 < -0.05; HALT: rolling_20d_winrate=0.3000 < 0.35; HALT: rolling_20d_max_drawdown=-0.1416 < -0.12; HALT: cumulative_drawdown=-0.1753 < -0.15
2024-06-21,4779202.09,-0.016630411959105626,-0.18906085345134857,-0.1392914622753424,0.3,-0.1558409184814184,True,3,0.5,HALTED,HALT: rolling_20d_return=-0.1393 < -0.05; HALT: rolling_20d_winrate=0.3000 < 0.35; HALT: rolling_20d_max_drawdown=-0.1558 < -0.12; HALT: cumulative_drawdown=-0.1891 < -0.15; WARN: consecutive_losses=3 >= 3; HALT: rejection_rate=50.00% > 40%
2024-06-24,4526206.09,-0.05293687005397171,-0.23198943367387326,-0.19615707370851254,0.3,-0.20052805808464766,True,4,0.0,HALTED,HALT: rolling_20d_return=-0.1962 < -0.05; HALT: rolling_20d_winrate=0.3000 < 0.35; HALT: rolling_20d_max_drawdown=-0.2005 < -0.12; HALT: cumulative_drawdown=-0.2320 < -0.15; WARN: consecutive_losses=4 >= 3
2024-06-25,4603933.09,0.017172660381445423,-0.21880064904899313,-0.1649255277144721,0.3,-0.18679899794164065,True,0,0.0,HALTED,HALT: rolling_20d_return=-0.1649 < -0.05; HALT: rolling_20d_winrate=0.3000 < 0.35; HALT: rolling_20d_max_drawdown=-0.1868 < -0.12; HALT: cumulative_drawdown=-0.2188 < -0.15
2024-06-26,4787544.0,0.03988131591199996,-0.1876453909434667,-0.15436747187859634,0.35,-0.15436747187859629,True,0,0.5,HALTED,HALT: rolling_20d_return=-0.1544 < -0.05; WARN: rolling_20d_winrate=0.3500 < 0.5; HALT: rolling_20d_max_drawdown=-0.1544 < -0.12; HALT: cumulative_drawdown=-0.1876 < -0.15; HALT: rejection_rate=50.00% > 40%
2024-06-27,4740631.0,-0.00979896999380058,-0.19560562938193726,-0.1315709829115258,0.3,-0.1315934134859469,True,1,0.0,HALTED,HALT: rolling_20d_return=-0.1316 < -0.05; HALT: rolling_20d_winrate=0.3000 < 0.35; HALT: rolling_20d_max_drawdown=-0.1316 < -0.12; HALT: cumulative_drawdown=-0.1956 < -0.15
2024-06-28,4721176.0,-0.004103884061003694,-0.19890677061827783,-0.13515725343481255,0.3,-0.13515725343481255,True,2,0.0,HALTED,HALT: rolling_20d_return=-0.1352 < -0.05; HALT: rolling_20d_winrate=0.3000 < 0.35; HALT: rolling_20d_max_drawdown=-0.1352 < -0.12; HALT: cumulative_drawdown=-0.1989 < -0.15
2024-07-01,4746882.52,0.005444939989527938,-0.1945448660582772,-0.09774114256389455,0.3,-0.09774114256389453,True,0,0.75,HALTED,HALT: rolling_20d_return=-0.0977 < -0.05; HALT: rolling_20d_winrate=0.3000 < 0.35; WARN: rolling_20d_max_drawdown=-0.0977 < -0.08; HALT: cumulative_drawdown=-0.1945 < -0.15; HALT: rejection_rate=75.00% > 40%
2024-07-02,4981348.52,0.04939368080253227,-0.15476047227159886,-0.014327694622275011,0.35,-0.027410679036455183,True,0,0.0,HALTED,WARN: rolling_20d_return=-0.0143 < 0.0; WARN: rolling_20d_winrate=0.3500 < 0.5; HALT: cumulative_drawdown=-0.1548 < -0.15
2024-07-03,5103796.54,0.024581299523286616,-0.1339833862715857,0.018517101674655256,0.4,-0.0035031696247003444,True,0,0.0,WARNING,WARN: rolling_20d_winrate=0.4000 < 0.5; WARN: cumulative_drawdown=-0.1340 < -0.1
2024-07-04,4992206.4799999995,-0.02186412783609915,-0.15291808422232947,0.07533188055370621,0.4,-0.025290703712293503,True,1,0.2222,HALTED,WARN: rolling_20d_winrate=0.4000 < 0.5; HALT: cumulative_drawdown=-0.1529 < -0.15
2024-07-05,5093946.35,0.020379739982229285,-0.1356547750351319,0.028691119477550542,0.45,-0.005426381695688362,True,0,0.0,WARNING,WARN: rolling_20d_winrate=0.4500 < 0.5; WARN: cumulative_drawdown=-0.1357 < -0.1
2024-07-08,4872333.7299999995,-0.04350509502323285,-0.17325819618010604,-0.006378184825658217,0.4,-0.04869540146761796,True,1,0.0,HALTED,WARN: rolling_20d_return=-0.0064 < 0.0; WARN: rolling_20d_winrate=0.4000 < 0.5; HALT: cumulative_drawdown=-0.1733 < -0.15
2024-07-09,4803390.8,-0.014149878440284858,-0.18495649220565938,-0.06215624589653512,0.4,-0.06215624589653515,True,2,0.1429,HALTED,HALT: rolling_20d_return=-0.0622 < -0.05; WARN: rolling_20d_winrate=0.4000 < 0.5; HALT: cumulative_drawdown=-0.1850 < -0.15
2024-07-10,4616486.8,-0.03891084606316022,-0.21667052467222309,-0.08033834027869957,0.35,-0.09547985233753073,True,3,0.0,HALTED,HALT: rolling_20d_return=-0.0803 < -0.05; WARN: rolling_20d_winrate=0.3500 < 0.5; WARN: rolling_20d_max_drawdown=-0.0955 < -0.08; HALT: cumulative_drawdown=-0.2167 < -0.15; WARN: consecutive_losses=3 >= 3
2024-07-11,4889861.8,0.059217108559695225,-0.17028401809372903,-0.016482076153426894,0.4,-0.04191678455897073,True,0,0.0,HALTED,WARN: rolling_20d_return=-0.0165 < 0.0; WARN: rolling_20d_winrate=0.4000 < 0.5; HALT: cumulative_drawdown=-0.1703 < -0.15
2024-07-12,4885129.91,-0.0009676940154013483,-0.1710869292839026,0.0036496950893667446,0.4,-0.042843915952809494,True,1,0.9,HALTED,WARN: rolling_20d_winrate=0.4000 < 0.5; HALT: cumulative_drawdown=-0.1711 < -0.15; HALT: rejection_rate=90.00% > 40%
2024-07-15,4825512.91,-0.012203769622986341,-0.18120279343640402,-0.045085229887838474,0.4,-0.054524828295761156,True,2,0.0,HALTED,WARN: rolling_20d_return=-0.0451 < 0.0; WARN: rolling_20d_winrate=0.4000 < 0.5; HALT: cumulative_drawdown=-0.1812 < -0.15
2024-07-16,4827104.05,0.00032973489651272423,-0.18093280742423287,-0.04163017175278905,0.4,-0.05421307213786391,True,0,0.0,HALTED,WARN: rolling_20d_return=-0.0416 < 0.0; WARN: rolling_20d_winrate=0.4000 < 0.5; HALT: cumulative_drawdown=-0.1809 < -0.15
2024-07-17,4761111.23,-0.01367130671235466,-0.19213052623196344,-0.02035279096934428,0.4,-0.06714321531320282,True,1,0.0909,HALTED,WARN: rolling_20d_return=-0.0204 < 0.0; WARN: rolling_20d_winrate=0.4000 < 0.5; HALT: cumulative_drawdown=-0.1921 < -0.15
2024-07-18,4784281.41,0.004866548769960096,-0.18819899003810928,0.0010627966560836644,0.45,-0.06260342227513636,True,0,0.0,HALTED,WARN: rolling_20d_winrate=0.4500 < 0.5; HALT: cumulative_drawdown=-0.1882 < -0.15
2024-07-19,4815297.1,0.0064828314520068075,-0.18293622091795744,0.06387049203055617,0.5,-0.05652643825805807,True,0,0.0,HALTED,HALT: cumulative_drawdown=-0.1829 < -0.15
2024-07-22,4911080.93,0.019891572214723797,-0.16668353775231187,0.06671422759534495,0.55,-0.03775926577198556,True,0,0.25,HALTED,HALT: cumulative_drawdown=-0.1667 < -0.15
2024-07-23,4958483.04,0.009652072664988711,-0.15864030670576587,0.035704954356555296,0.55,-0.028471648284004676,True,0,0.0,HALTED,HALT: cumulative_drawdown=-0.1586 < -0.15
2024-07-24,4877707.04,-0.016290466126107794,-0.17234644828924803,0.028915146527962232,0.5,-0.044298297988187435,True,1,0.0,HALTED,HALT: cumulative_drawdown=-0.1723 < -0.15
2024-07-25,4942152.09,0.013212160851710317,-0.16141135643455623,0.04680530655921311,0.55,-0.03167141337495405,True,0,0.3333,HALTED,HALT: cumulative_drawdown=-0.1614 < -0.15; WARN: rejection_rate=33.33% > 25%
2024-07-26,5003471.09,0.012407347828099722,-0.15100669544914544,0.05405412266238274,0.6,-0.01965702378880491,True,0,0.0,HALTED,HALT: cumulative_drawdown=-0.1510 < -0.15
2024-07-29,5084005.09,0.016095626126621628,-0.13734161663508987,0.02060818864366487,0.6,-0.0038777897678499906,True,0,0.0,WARNING,WARN: cumulative_drawdown=-0.1373 < -0.1
2024-07-30,5188325.51,0.02051933822906537,-0.11964043749068654,0.016561978781387765,0.6,0.0,True,0,0.5556,HALTED,WARN: cumulative_drawdown=-0.1196 < -0.1; HALT: rejection_rate=55.56% > 40%
2024-07-31,5310114.51,0.023473662121866367,-0.0989751745745888,0.06368086561996544,0.6,0.0,True,0,0.0,NORMAL,
2024-08-01,5375109.51,0.012239849042351442,-0.08794676672797072,0.05519554794682913,0.65,0.0,True,0,0.0,NORMAL,
2024-08-02,5330611.68,-0.008278497380791052,-0.09549719703075522,0.09405717575918193,0.6,-0.008278497380791052,True,1,0.375,WARNING,WARN: rejection_rate=37.50% > 25%
2024-08-05,5268823.68,-0.011591165087455781,-0.10598143834203823,0.09689673386558506,0.6,-0.01977370503843001,True,2,0.0,WARNING,WARN: cumulative_drawdown=-0.1060 < -0.1
2024-08-06,5457008.68,0.03571670099994692,-0.0740500446868982,0.1820695945670201,0.65,0.0,True,0,0.0,NORMAL,
2024-08-07,5461041.84,0.0007390789050385291,-0.07336569460780491,0.11680903538010012,0.7,0.0,True,0,0.3636,WARNING,WARN: rejection_rate=36.36% > 25%
2024-08-08,5488340.84,0.0049988630008372175,-0.06873357666327337,0.12347899464561007,0.7,0.0,True,0,0.0,NORMAL,
2024-08-09,5414476.35,-0.013458437103917224,-0.08126696724874066,0.12205198721559318,0.7,-0.013458437103917224,True,1,0.0,NORMAL,
2024-08-12,5317290.84,-0.017949198355996104,-0.09775748868979887,0.10154883444039298,0.7,-0.03116606730277342,True,2,0.0,NORMAL,
2024-08-13,5468661.84,0.028467692393519706,-0.07207272641346335,0.14861039278849186,0.7,-0.0035856009263448003,True,0,0.0,NORMAL,
2024-08-14,5528467.4,0.010936050125198549,-0.06192486723698216,0.15554812232502013,0.75,0.0,True,0,0.0,NORMAL,
2024-08-15,5539718.2299999995,0.0020350721431402746,-0.060015816666123524,0.15044162695589436,0.75,0.0,True,0,0.3077,WARNING,WARN: rejection_rate=30.77% > 25%
2024-08-16,5423401.2299999995,-0.020996916299838596,-0.07975258588675707,0.10431925421355248,0.7,-0.020996916299838596,True,1,0.0,NORMAL,
2024-08-19,5473916.2299999995,0.009314265690056644,-0.07118115697111874,0.10394977371950431,0.7,-0.011878221466870528,True,0,0.0,NORMAL,
2024-08-20,5441095.54,-0.005995833443727999,-0.07675020005331605,0.11550273425195301,0.65,-0.017802835073075455,True,1,0.65,HALTED,HALT: rejection_rate=65.00% > 40%
2024-08-21,5390786.54,-0.009246115902607363,-0.08528667471068216,0.09077714360668332,0.65,-0.026884343899202162,True,2,0.0,NORMAL,
2024-08-22,5333354.54,-0.010653732915197195,-0.09503178617228644,0.06593091956887887,0.6,-0.037251658194896946,True,3,0.0,WARNING,WARN: consecutive_losses=3 >= 3
2024-08-23,5191731.5,-0.026554214413804945,-0.11906250615994562,0.021189280516632936,0.55,-0.06281668408972482,True,4,0.8947,HALTED,WARN: cumulative_drawdown=-0.1191 < -0.1; WARN: consecutive_losses=4 >= 3; HALT: rejection_rate=89.47% > 40%
2024-08-26,5322140.5,0.025118594827178563,-0.09693459418410719,0.02579155639754771,0.55,-0.03927595609858293,True,0,0.0,NORMAL,
2024-08-27,5287976.5,-0.006419221739824418,-0.10273157126960393,-0.004169026855882163,0.5,-0.04544305676716694,True,1,0.0,WARNING,WARN: rolling_20d_return=-0.0042 < 0.0; WARN: cumulative_drawdown=-0.1027 < -0.1
2024-08-28,5334071.76,0.00871699410918331,-0.0949100876620049,-0.007634774682013901,0.5,-0.0371221895161263,True,0,0.1538,WARNING,WARN: rolling_20d_return=-0.0076 < 0.0
2024-08-29,5381457.76,0.008883645014929458,-0.08686959017420053,0.009538507595811208,0.5,-0.028568324855035045,True,0,0.0,NORMAL,
2024-08-30,5499980.76,0.0220243297050426,-0.06675850496449645,0.04387261636358275,0.55,-0.007173193355720502,True,0,0.0,NORMAL,
2024-09-02,5454084.01,-0.008344892828316004,-0.07454630522350512,-0.0005359474707670175,0.55,-0.01545822665424623,True,1,0.2222,WARNING,WARN: rolling_20d_return=-0.0005 < 0.0
2024-09-03,5475506.01,0.003927698942796446,-0.07091140172492442,0.002648609994901685,0.55,-0.011591242971937175,True,0,0.0,NORMAL,
2024-09-04,5398696.01,-0.014027927256352333,-0.08394458899623354,-0.016333684917425817,0.5,-0.025456569115068467,True,1,0.0,WARNING,WARN: rolling_20d_return=-0.0163 < 0.0
2024-09-05,5516698.82,0.021857650399545375,-0.06392177007590136,0.018879474836010823,0.5,-0.004155339503612122,True,0,0.2222,NORMAL,
2024-09-06,5416561.82,-0.018151616259522392,-0.08091310289437657,0.01866946589665952,0.5,-0.022231529635036912,True,1,0.0,NORMAL,
2024-09-09,5483089.82,0.0122823300482519,-0.06962457428110157,0.002638301731233028,0.55,-0.01022225457124003,True,0,0.0,NORMAL,
2024-09-10,5604998.039999999,0.022233489510846423,-0.04893908201223116,0.013843011898740487,0.55,0.0,True,0,0.2857,WARNING,WARN: rejection_rate=28.57% > 25%
2024-09-11,5600382.04,-0.0008235506894127423,-0.04972232888691351,0.010950703173219,0.5,-0.0008235506894127423,True,1,0.0,NORMAL,
2024-09-12,5591906.43,-0.0015133985395039827,-0.0511604777264993,0.031070022824035037,0.45,-0.0023357028685061605,True,2,0.0,WARNING,WARN: rolling_20d_winrate=0.4500 < 0.5
2024-09-13,5557549.31,-0.0061440799180182476,-0.05699022358072194,0.015278472758067707,0.45,-0.008465432041435562,True,3,0.0,WARNING,WARN: rolling_20d_winrate=0.4500 < 0.5; WARN: consecutive_losses=3 >= 3
2024-09-18,5433722.31,-0.02228086393712987,-0.07800129610050315,-0.0013551002635032727,0.4,-0.03055767883908119,True,4,0.0,WARNING,WARN: rolling_20d_return=-0.0014 < 0.0; WARN: rolling_20d_winrate=0.4000 < 0.5; WARN: consecutive_losses=4 >= 3
2024-09-19,5655703.31,0.04085247411180275,-0.04033536791833326,0.04914250787603991,0.45,0.0,True,0,0.0,WARNING,WARN: rolling_20d_winrate=0.4500 < 0.5
2024-09-20,5594354.63,-0.010847223879570817,-0.05074506503182905,0.04893732228797232,0.45,-0.010847223879570817,True,1,0.4,WARNING,WARN: rolling_20d_winrate=0.4500 < 0.5; WARN: rejection_rate=40.00% > 25%
2024-09-23,5639096.63,0.00799770535819607,-0.04315320375214005,0.08616877240281018,0.5,-0.0029362714219179405,True,0,0.0,NORMAL,
2024-09-24,5796281.63,0.02787414550830281,-0.016481916924373834,0.08908842786093296,0.55,0.0,True,0,0.0,NORMAL,
2024-09-25,5884411.4399999995,0.015204542433525542,-0.001527974496110777,0.11279076977743752,0.55,0.0,True,0,0.1429,NORMAL,
2024-09-26,6049259.4399999995,0.02801435652160992,0.0,0.13407912607459926,0.6,0.0,True,0,0.0,NORMAL,
2024-09-27,6308882.4399999995,0.04291814602681349,0.0,0.17233707321712766,0.6,0.0,True,0,0.0,NORMAL,
2024-09-30,6864109.52,0.08800720021024835,0.0,0.2480242785431126,0.6,0.0,True,0,0.2222,NORMAL,
2024-10-08,7298194.52,0.06323981264215027,0.0,0.33811553078735934,0.6,0.0,True,0,0.0,NORMAL,
2024-10-09,6561440.52,-0.10095017308472617,-0.10095017308472617,0.19832587308218486,0.6,-0.10095017308472617,True,1,0.0,WARNING,WARN: rolling_20d_max_drawdown=-0.1010 < -0.08; WARN: cumulative_drawdown=-0.1010 < -0.1
2024-10-10,6719983.869999999,0.02416288763370511,-0.07922653313987038,0.24474203725354782,0.6,-0.07922653313987038,True,0,0.5,HALTED,HALT: rejection_rate=50.00% > 40%
2024-10-11,6471219.869999999,-0.03701854123646878,-0.1133122236922784,0.17302395529361148,0.6,-0.1133122236922784,True,1,1.0,HALTED,WARN: rolling_20d_max_drawdown=-0.1133 < -0.08; WARN: cumulative_drawdown=-0.1133 < -0.1; HALT: rejection_rate=100.00% > 40%
2024-10-14,6767263.869999999,0.04574778881682474,-0.07274821855529283,0.24936520525117878,0.6,-0.07274821855529283,True,0,0.0,NORMAL,
2024-10-15,6718534.75,-0.007200712272506553,-0.07942509183764529,0.2253191121352085,0.6,-0.07942509183764529,True,1,0.4375,HALTED,HALT: rejection_rate=43.75% > 40%
2024-10-16,6757251.75,0.005762714853860062,-0.07412008114028723,0.20557611292224487,0.6,-0.07412008114028723,True,0,0.0,NORMAL,
2024-10-17,6630031.75,-0.0188271807395662,-0.09155178971579393,0.1838534768960154,0.55,-0.09155178971579393,True,1,0.0,WARNING,WARN: rolling_20d_max_drawdown=-0.0916 < -0.08
2024-10-18,6797155.35,0.025207058774643066,-0.06865248228544064,0.2155345292499824,0.6,-0.06865248228544064,True,0,0.1538,NORMAL,
2024-10-21,6978657.39,0.02670264701247413,-0.043783038273964764,0.2557076870992261,0.65,-0.043783038273964764,True,0,0.0,NORMAL,
2024-10-22,7211686.39,0.03339166647354213,-0.011853360411665199,0.32720922759116866,0.7,-0.011853360411665199,True,0,0.0,NORMAL,
2024-10-23,7414046.489999999,0.028060024945150124,0.0,0.3108973515090556,0.75,0.0,True,0,0.5,HALTED,HALT: rejection_rate=50.00% > 40%
2024-10-24,7579731.779999999,0.022347484632511395,0.0,0.3548893985649957,0.75,0.0,True,0,0.0,NORMAL,
2024-10-25,7947222.779999999,0.0484833778643286,0.0,0.4093077848180089,0.8,0.0,True,0,0.0,NORMAL,
2024-10-28,8418360.149999999,0.059283272036322505,0.0,0.4523725186900551,0.8,0.0,True,0,0.8261,HALTED,HALT: rejection_rate=82.61% > 40%
2024-10-29,8311896.149999999,-0.01264664353900315,-0.01264664353900315,0.41252803865801746,0.75,-0.01264664353900315,True,1,0.0,NORMAL,
2024-10-30,8314675.41,0.0003343713576114288,-0.012316500856761085,0.37449476129593817,0.75,-0.012316500856761085,True,0,0.0,NORMAL,
2024-10-31,8441598.92,0.015264998781233214,0.0,0.33804980522033645,0.75,0.0,True,0,0.3077,WARNING,WARN: rejection_rate=30.77% > 25%
2024-11-01,8253884.58,-0.02223682287904764,-0.02223682287904764,0.2024698259767861,0.7,-0.02223682287904764,True,1,0.0,NORMAL,
2024-11-04,8421837.049999999,0.020348293990803394,-0.0023410102976085295,0.15396171298541916,0.7,-0.0023410102976085295,True,0,0.0,NORMAL,
2024-11-05,8739216.76,0.03768533018576997,0.0,0.3319052018168718,0.7,0.0,True,0,0.0,NORMAL,
2024-11-06,8976572.229999999,0.027159810371839184,0.0,0.3358026453120042,0.75,0.0,True,0,0.0,NORMAL,
2024-11-07,9182569.229999999,0.02294829192278443,0.0,0.41898581943870794,0.75,0.0,True,0,0.0,NORMAL,
2024-11-08,9150145.23,-0.0035310379032119903,-0.0035310379032119903,0.352118877847156,0.75,-0.0035310379032119903,True,1,0.3571,WARNING,WARN: rejection_rate=35.71% > 25%
2024-11-11,9429470.23,0.03052683787839726,0.0,0.40350099848780285,0.75,0.0,True,0,0.0,NORMAL,
2024-11-12,9473262.16,0.0046441559209418806,0.0,0.401940094950584,0.8,0.0,True,0,0.0,NORMAL,
2024-11-13,9493170.419999998,0.002101521066740743,0.0,0.4318438852121633,0.8,0.0,True,0,0.1818,NORMAL,
2024-11-14,9245763.2,-0.02606160103043835,-0.02606160103043835,0.3602400892602815,0.8,-0.02606160103043835,True,1,0.0,NORMAL,
2024-11-15,9045402.2,-0.021670574474587454,-0.04716740563896871,0.29615221016029847,0.75,-0.04716740563896871,True,2,0.0,NORMAL,
2024-11-18,8794932.87,-0.02769023692500927,-0.07355156592669691,0.21953900854526753,0.7,-0.07355156592669691,True,3,0.125,WARNING,WARN: consecutive_losses=3 >= 3
2024-11-19,8961779.87,0.018970809950025237,-0.055976088755393796,0.2087569024671707,0.7,-0.055976088755393796,True,0,0.0,NORMAL,
2024-11-20,9234052.87,0.030381576422273807,-0.027295154151461967,0.21825588794119577,0.7,-0.027295154151461967,True,0,0.0,NORMAL,
2024-11-21,9286071.28,0.005633323821330921,-0.021815592772219377,0.1684674680782008,0.7,-0.021815592772219377,True,0,0.0769,NORMAL,
2024-11-22,8899843.28,-0.04159218558141415,-0.06250042017048282,0.05719440858086844,0.65,-0.06250042017048282,True,1,0.0,NORMAL,
2024-11-25,9176672.28,0.031104929748830366,-0.0333395616003277,0.10404077654411026,0.65,-0.0333395616003277,True,0,0.0,NORMAL,
2024-11-26,9197373.6,0.002255863494778774,-0.031158907605495036,0.10616147311516033,0.7,-0.031158907605495036,True,0,0.3636,WARNING,WARN: rejection_rate=36.36% > 25%
2024-11-27,9268757.6,0.007761346130377916,-0.02363939654208783,0.09798601992808242,0.7,-0.02363939654208783,True,0,0.0,NORMAL,
2024-11-28,9436624.6,0.01811105730071094,-0.005956473706704872,0.14329495506466117,0.7,-0.005956473706704872,True,0,0.0,NORMAL,
2024-11-29,9617886.86,0.019208378809516254,0.0,0.14201768603442644,0.75,0.0,True,0,0.3529,WARNING,WARN: rejection_rate=35.29% > 25%
2024-12-02,9898989.86,0.029227106129630642,0.0,0.13270904382511284,0.75,0.0,True,0,0.0,NORMAL,
2024-12-03,9970693.86,0.007243567375469562,0.0,0.11074624082872231,0.75,0.0,True,0,0.0,NORMAL,
2024-12-04,9909049.25,-0.006182579754785432,-0.006182579754785432,0.07911511493172818,0.7,-0.006182579754785432,True,1,0.5714,HALTED,HALT: rejection_rate=57.14% > 40%
2024-12-05,10018985.91,0.01109457196410646,0.0,0.09495375845526333,0.7,0.0,True,0,0.0,NORMAL,
2024-12-06,10169025.91,0.014975567522282303,0.0,0.07843024708292656,0.75,0.0,True,0,0.0,NORMAL,
2024-12-09,10221434.0,0.005153698148065771,0.0,0.07897721263949475,0.75,0.0,True,0,0.4,WARNING,WARN: rejection_rate=40.00% > 25%
2024-12-10,10234430.459999999,0.0012714908690893108,0.0,0.07808350711142098,0.75,0.0,True,0,0.0,NORMAL,
2024-12-11,10346097.459999999,0.010910914919636867,0.0,0.11900956537584695,0.75,0.0,True,0,0.0,NORMAL,
2024-12-12,10796337.54,0.0435178657209363,0.0,0.19357186129324355,0.8,0.0,True,0,0.0,NORMAL,
2024-12-13,10591855.1,-0.018939982122863443,-0.018939982122863443,0.20431335367315895,0.8,-0.018939982122863443,True,1,0.0,NORMAL,
2024-12-16,10580751.099999998,-0.001048352710187837,-0.019968479051461867,0.18065286734162989,0.8,-0.019968479051461867,True,2,0.0,NORMAL,
2024-12-17,9877721.799999999,-0.06644417710572542,-0.08508586699855998,0.06970600440151031,0.75,-0.08508586699855998,True,3,0.4545,HALTED,WARN: rolling_20d_max_drawdown=-0.0851 < -0.08; WARN: consecutive_losses=3 >= 3; HALT: rejection_rate=45.45% > 40%
2024-12-18,9906913.799999999,0.0029553373329465507,-0.0823819871048604,0.06685739332382123,0.75,-0.0823819871048604,True,0,0.0,WARNING,WARN: rolling_20d_max_drawdown=-0.0824 < -0.08
2024-12-19,9809978.69,-0.00978459204924135,-0.09136050501807483,0.10226420638723877,0.7,-0.09136050501807483,True,1,0.0,WARNING,WARN: rolling_20d_max_drawdown=-0.0914 < -0.08
2024-12-20,10051547.719999999,0.024624827192157677,-0.0689854144741755,0.09533689482479812,0.75,-0.0689854144741755,True,0,0.1667,NORMAL,
2024-12-23,9245494.719999999,-0.08019192889033014,-0.1436452699125226,0.005232050158318957,0.7,-0.1436452699125226,True,1,0.0,HALTED,HALT: rolling_20d_max_drawdown=-0.1436 < -0.12; WARN: cumulative_drawdown=-0.1436 < -0.1
2024-12-24,9119457.7,-0.013632263477188981,-0.15531932322301217,-0.016107865416612133,0.65,-0.15531932322301217,True,2,0.0,HALTED,WARN: rolling_20d_return=-0.0161 < 0.0; HALT: rolling_20d_max_drawdown=-0.1553 < -0.12; HALT: cumulative_drawdown=-0.1553 < -0.15
2024-12-25,8886529.43,-0.02554189927324292,-0.17689407198730464,-0.05829363711257518,0.6,-0.17689407198730464,True,3,0.2727,HALTED,HALT: rolling_20d_return=-0.0583 < -0.05; HALT: rolling_20d_max_drawdown=-0.1769 < -0.12; HALT: cumulative_drawdown=-0.1769 < -0.15; WARN: consecutive_losses=3 >= 3; WARN: rejection_rate=27.27% > 25%
2024-12-26,9057718.43,0.019263875886359385,-0.16103786154874142,-0.05824236011027473,0.6,-0.16103786154874142,True,0,0.0,HALTED,HALT: rolling_20d_return=-0.0582 < -0.05; HALT: rolling_20d_max_drawdown=-0.1610 < -0.12; HALT: cumulative_drawdown=-0.1610 < -0.15
2024-12-27,9272026.93,0.023660318175732914,-0.14118775041559134,-0.06333605134130316,0.6,-0.14118775041559134,True,0,0.0,HALTED,HALT: rolling_20d_return=-0.0633 < -0.05; HALT: rolling_20d_max_drawdown=-0.1412 < -0.12; WARN: cumulative_drawdown=-0.1412 < -0.1
2024-12-30,9013039.44,-0.02793213306596816,-0.16517620844966652,-0.09604691844384838,0.55,-0.16517620844966652,True,1,0.2,HALTED,HALT: rolling_20d_return=-0.0960 < -0.05; HALT: rolling_20d_max_drawdown=-0.1652 < -0.12; HALT: cumulative_drawdown=-0.1652 < -0.15
2024-12-31,8818636.439999998,-0.021569083470026607,-0.18318259249237975,-0.1100421223559871,0.5,-0.18318259249237975,True,2,0.0,HALTED,HALT: rolling_20d_return=-0.1100 < -0.05; HALT: rolling_20d_max_drawdown=-0.1832 < -0.12; HALT: cumulative_drawdown=-0.1832 < -0.15
2025-01-02,8800363.479999997,-0.002072084513782371,-0.18487510719306416,-0.12163131488025059,0.5,-0.18487510719306416,True,3,0.0,HALTED,HALT: rolling_20d_return=-0.1216 < -0.05; HALT: rolling_20d_max_drawdown=-0.1849 < -0.12; HALT: cumulative_drawdown=-0.1849 < -0.15; WARN: consecutive_losses=3 >= 3
2025-01-03,8801041.079999996,7.699681968131931e-05,-0.18481234516867495,-0.13452466756474257,0.5,-0.18481234516867495,True,0,0.0,HALTED,HALT: rolling_20d_return=-0.1345 < -0.05; HALT: rolling_20d_max_drawdown=-0.1848 < -0.12; HALT: cumulative_drawdown=-0.1848 < -0.15
2025-01-06,8801210.479999999,1.9247722907144442e-05,-0.18479665466257741,-0.1389456234810107,0.5,-0.18479665466257741,True,0,0.0,HALTED,HALT: rolling_20d_return=-0.1389 < -0.05; HALT: rolling_20d_max_drawdown=-0.1848 < -0.12; HALT: cumulative_drawdown=-0.1848 < -0.15
2025-01-07,8801888.079999998,7.698940975669379e-05,-0.1847338926381882,-0.13997284808362465,0.5,-0.1847338926381882,True,0,0.0,HALTED,HALT: rolling_20d_return=-0.1400 < -0.05; HALT: rolling_20d_max_drawdown=-0.1847 < -0.12; HALT: cumulative_drawdown=-0.1847 < -0.15
2025-01-08,8804683.179999998,0.00031755686673076033,-0.18447499928758262,-0.14898509181451314,0.5,-0.18447499928758262,True,0,0.0,HALTED,HALT: rolling_20d_return=-0.1490 < -0.05; HALT: rolling_20d_max_drawdown=-0.1845 < -0.12; HALT: cumulative_drawdown=-0.1845 < -0.15
2025-01-09,8803666.779999997,-0.00011543856595648372,-0.18456914232416652,-0.18456914232416655,0.45,-0.18456914232416652,True,1,0.0,HALTED,HALT: rolling_20d_return=-0.1846 < -0.05; WARN: rolling_20d_winrate=0.4500 < 0.5; HALT: rolling_20d_max_drawdown=-0.1846 < -0.12; HALT: cumulative_drawdown=-0.1846 < -0.15
2025-01-10,8804429.079999998,8.658892016818761e-05,-0.18449853504672856,-0.16875476515912702,0.45,-0.168754765159127,True,0,0.0,HALTED,HALT: rolling_20d_return=-0.1688 < -0.05; WARN: rolling_20d_winrate=0.4500 < 0.5; HALT: rolling_20d_max_drawdown=-0.1688 < -0.12; HALT: cumulative_drawdown=-0.1845 < -0.15
2025-01-13,8803073.879999997,-0.00015392253009108433,-0.18462405909550714,-0.16801049407541602,0.45,-0.16801049407541596,True,1,0.0,HALTED,HALT: rolling_20d_return=-0.1680 < -0.05; WARN: rolling_20d_winrate=0.4500 < 0.5; HALT: rolling_20d_max_drawdown=-0.1680 < -0.12; HALT: cumulative_drawdown=-0.1846 < -0.15
2025-01-14,8802396.279999997,-7.697311294172936e-05,-0.18468682111989634,-0.10886371794759409,0.45,-0.12427453709586542,True,2,0.0,HALTED,HALT: rolling_20d_return=-0.1089 < -0.05; WARN: rolling_20d_winrate=0.4500 < 0.5; HALT: rolling_20d_max_drawdown=-0.1243 < -0.12; HALT: cumulative_drawdown=-0.1847 < -0.15
2025-01-15,8804005.579999998,0.00018282521586278157,-0.18453776131197183,-0.11132712389200361,0.5,-0.12411443239907344,True,0,0.0,HALTED,HALT: rolling_20d_return=-0.1113 < -0.05; HALT: rolling_20d_max_drawdown=-0.1241 < -0.12; HALT: cumulative_drawdown=-0.1845 < -0.15
2025-01-16,8803243.279999997,-8.65855880114907e-05,-0.1846083685894098,-0.10262360824761407,0.45,-0.12419027146597494,True,1,0.0,HALTED,HALT: rolling_20d_return=-0.1026 < -0.05; WARN: rolling_20d_winrate=0.4500 < 0.5; HALT: rolling_20d_max_drawdown=-0.1242 < -0.12; HALT: cumulative_drawdown=-0.1846 < -0.15
2025-01-17,8803920.879999997,7.697163175520325e-05,-0.1845456065650206,-0.12412285896206254,0.5,-0.1241228589620626,True,0,0.0,HALTED,HALT: rolling_20d_return=-0.1241 < -0.05; HALT: rolling_20d_max_drawdown=-0.1241 < -0.12; HALT: cumulative_drawdown=-0.1845 < -0.15
2025-01-20,8803412.679999998,-5.772428068427338e-05,-0.18459267808331245,-0.04781594207648854,0.45,-0.05054064807380816,True,1,0.0,HALTED,WARN: rolling_20d_return=-0.0478 < 0.0; WARN: rolling_20d_winrate=0.4500 < 0.5; HALT: cumulative_drawdown=-0.1846 < -0.15
2025-01-21,8804513.779999997,0.00012507649476675763,-0.18449068979367997,-0.034535378128899286,0.5,-0.05042189302614571,True,0,0.0,HALTED,WARN: rolling_20d_return=-0.0345 < 0.0; HALT: cumulative_drawdown=-0.1845 < -0.15
2025-01-22,8805276.079999998,8.658059025727883e-05,-0.18442008251624198,-0.009143428898766515,0.55,-0.05033967799314853,True,0,0.0,HALTED,WARN: rolling_20d_return=-0.0091 < 0.0; HALT: cumulative_drawdown=-0.1844 < -0.15
2025-01-23,8804767.879999997,-5.7715396471829616e-05,-0.18446715403453404,-0.02792651946015534,0.55,-0.05039448801514672,True,1,0.0,HALTED,WARN: rolling_20d_return=-0.0279 < 0.0; HALT: cumulative_drawdown=-0.1845 < -0.15
2025-01-24,8804937.279999997,1.9239575910361487e-05,-0.1844514635284367,-0.050376218007814,0.55,-0.050376218007813986,True,0,0.0,HALTED,HALT: rolling_20d_return=-0.0504 < -0.05; HALT: cumulative_drawdown=-0.1845 < -0.15
2025-01-27,8810442.779999997,0.0006252741870751863,-0.18394152208027406,-0.022478173023505854,0.55,-0.022478173023505823,True,0,0.0,HALTED,WARN: rolling_20d_return=-0.0225 < 0.0; HALT: cumulative_drawdown=-0.1839 < -0.15
2025-02-05,8809765.179999998,-7.690873397847862e-05,-0.18400428410466327,-0.0010059673125610846,0.55,-0.0010059673125610538,True,1,0.0,HALTED,WARN: rolling_20d_return=-0.0010 < 0.0; HALT: cumulative_drawdown=-0.1840 < -0.15
2025-02-06,8812974.259999998,0.0003642639655464773,-0.1837070462693223,0.001432983993065795,0.6,0.0,True,0,0.0,HALTED,HALT: cumulative_drawdown=-0.1837 < -0.15
2025-02-07,8854908.259999998,0.0047582120136590534,-0.17982295133021575,0.00612054636608983,0.65,0.0,True,0,0.0,HALTED,HALT: cumulative_drawdown=-0.1798 < -0.15
2025-02-10,8939581.259999998,0.009562267333981394,-0.1719801991296394,0.015721789669095543,0.65,0.0,True,0,0.0,HALTED,HALT: cumulative_drawdown=-0.1720 < -0.15
2025-02-11,8917327.569999997,-0.0024893436675356476,-0.17404142497753017,0.013115309914279116,0.6,-0.0024893436675356476,True,1,0.0,HALTED,HALT: cumulative_drawdown=-0.1740 < -0.15
2025-02-12,8891982.719999997,-0.0028422024200687335,-0.17638896643833557,0.009915125645667988,0.55,-0.005324470869008128,True,2,0.0,HALTED,HALT: cumulative_drawdown=-0.1764 < -0.15
2025-02-13,8840941.719999997,-0.005740114618666288,-0.1811165881721777,0.004234024404998982,0.5,-0.01103402241460256,True,3,0.0,HALTED,HALT: cumulative_drawdown=-0.1811 < -0.15; WARN: consecutive_losses=3 >= 3
2025-02-14,8832800.149999997,-0.0009208939791541009,-0.18187069297575914,0.003222363397127559,0.5,-0.011944755228949201,True,4,0.0,HALTED,HALT: cumulative_drawdown=-0.1819 < -0.15; WARN: consecutive_losses=4 >= 3
2025-02-17,9165853.149999997,0.03770638917942688,-0.1510219909260083,0.04121052202279141,0.5,0.0,True,0,0.0,HALTED,HALT: cumulative_drawdown=-0.1510 < -0.15
2025-02-18,9168049.399999997,0.00023961217401786552,-0.1508185654595607,0.04154017932944032,0.55,0.0,True,0,0.0,HALTED,HALT: cumulative_drawdown=-0.1508 < -0.15
2025-02-19,9327099.279999997,0.017348279122492608,-0.13608672890751447,0.0594154212246647,0.6,0.0,True,0,0.0,WARNING,WARN: cumulative_drawdown=-0.1361 < -0.1
2025-02-20,9336444.919999998,0.0010019878334564696,-0.13522109832071824,0.060568772558106554,0.6,0.0,True,0,0.0,WARNING,WARN: cumulative_drawdown=-0.1352 < -0.1
2025-02-21,9272120.919999998,-0.006889560271727069,-0.1411790446855556,0.05318085502831105,0.6,-0.006889560271727069,True,1,0.0,WARNING,WARN: cumulative_drawdown=-0.1412 < -0.1
2025-02-24,9374018.209999997,0.010989642054840579,-0.1317409097974536,0.06481640140491507,0.6,0.0,True,0,0.0833,WARNING,WARN: cumulative_drawdown=-0.1317 < -0.1
2025-02-25,9378602.209999997,0.0004890112113404996,-0.13131632136799626,0.0652038765961247,0.65,0.0,True,0,0.0,WARNING,WARN: cumulative_drawdown=-0.1313 < -0.1
2025-02-26,9471608.209999997,0.009916829599706418,-0.12270173335095653,0.07567418942303039,0.65,0.0,True,0,0.0,WARNING,WARN: cumulative_drawdown=-0.1227 < -0.1
2025-02-27,9449697.239999996,-0.002313331539291011,-0.12473121510056111,0.07324774131353928,0.6,-0.002313331539291011,True,1,0.125,WARNING,WARN: cumulative_drawdown=-0.1247 < -0.1
2025-02-28,9344992.949999997,-0.011080174035289955,-0.13442934556490366,0.06133554991092449,0.6,-0.013367873458524296,True,2,0.0,WARNING,WARN: cumulative_drawdown=-0.1344 < -0.1
2025-03-03,9350435.959999997,0.0005824520177941684,-0.13392519219068452,0.06129012962047753,0.6,-0.012793207585599662,True,0,0.0,WARNING,WARN: cumulative_drawdown=-0.1339 < -0.1
2025-03-04,9392698.239999998,0.004519819202098594,-0.13001069064389412,0.06616896683278006,0.6,-0.008331211368802894,True,0,0.0,WARNING,WARN: cumulative_drawdown=-0.1300 < -0.1
2025-03-05,9295020.239999998,-0.010399354637416737,-0.13905801800264952,0.05469730941889761,0.6,-0.01864392678463617,True,1,0.0,WARNING,WARN: cumulative_drawdown=-0.1391 < -0.1
2025-03-06,9419055.239999998,0.013344242056217408,-0.1275693997985173,0.06371008749445828,0.6,-0.005548473800311344,True,0,0.0,WARNING,WARN: cumulative_drawdown=-0.1276 < -0.1
2025-03-07,9300601.339999996,-0.012575985274718727,-0.13854107417986516,0.04038445084842812,0.55,-0.018054681550220192,True,1,0.125,WARNING,WARN: cumulative_drawdown=-0.1385 < -0.1
2025-03-10,9669366.339999996,0.039649586786825994,-0.10438458373727384,0.08433454575898236,0.55,0.0,True,0,0.0,WARNING,WARN: cumulative_drawdown=-0.1044 < -0.1
2025-03-11,9710162.639999997,0.004219128592867106,-0.1006058671263072,0.09201321524835349,0.6,0.0,True,0,1.0,HALTED,WARN: cumulative_drawdown=-0.1006 < -0.1; HALT: rejection_rate=100.00% > 40%
2025-03-12,9760875.989999998,0.005222708607484406,-0.0959085936470268,0.10405387787128206,0.65,0.0,True,0,0.1,NORMAL,
2025-03-13,9628603.989999998,-0.01355124275070316,-0.10816015576334054,0.09009643900977449,0.65,-0.01355124275070316,True,1,0.0,WARNING,WARN: cumulative_drawdown=-0.1082 < -0.1
2025-03-14,9815679.989999998,0.019429192455551393,-0.0908324277901375,0.07089649259763697,0.7,0.0,True,0,0.0,NORMAL,
2025-03-17,9897751.719999997,0.008361288273824277,-0.0832306156296779,0.07959188352540947,0.7,0.0,True,0,0.75,HALTED,HALT: rejection_rate=75.00% > 40%
2025-03-18,9896119.719999997,-0.0001648859302766993,-0.083381778002469,0.06100722453122631,0.65,-0.0001648859302766993,True,1,0.0,NORMAL,
2025-03-19,9833423.719999997,-0.006335412441837357,-0.08918893249052699,0.05322998253172351,0.6,-0.006499253751739897,True,2,0.0,NORMAL,
2025-03-20,9856069.599999998,0.0023029496790565257,-0.08709138043492491,0.06297897590403734,0.6,-0.004211271527025048,True,0,0.125,NORMAL,
2025-03-21,9635550.599999998,-0.02237392885293749,-0.10751673293830728,0.02789971004334113,0.6,-0.026490977690436478,True,1,0.0,WARNING,WARN: cumulative_drawdown=-0.1075 < -0.1
2025-03-24,9211523.599999998,-0.044006514791173436,-0.14679181103113245,-0.017814873289097477,0.55,-0.06933171688004308,True,2,0.0,WARNING,WARN: rolling_20d_return=-0.0178 < 0.0; WARN: cumulative_drawdown=-0.1468 < -0.1
2025-03-25,9194818.849999998,-0.0018134622159574128,-0.14833907184417294,-0.029223058414490688,0.5,-0.07101944864707108,True,3,0.85,HALTED,WARN: rolling_20d_return=-0.0292 < 0.0; WARN: cumulative_drawdown=-0.1483 < -0.1; WARN: consecutive_losses=3 >= 3; HALT: rejection_rate=85.00% > 40%
2025-03-26,9504050.849999998,0.033631113896278673,-0.11969676616835392,0.005751889041473834,0.5,-0.03977679791709297,True,0,0.0,WARNING,WARN: cumulative_drawdown=-0.1197 < -0.1
2025-03-27,9324298.069999997,-0.01891328054079185,-0.13634618819077812,-0.0022145420666155324,0.5,-0.057937768719864446,True,1,0.0,WARNING,WARN: rolling_20d_return=-0.0022 < 0.0; WARN: cumulative_drawdown=-0.1363 < -0.1
2025-03-28,9019939.309999997,-0.03264146616883086,-0.16453711487053066,-0.03534558724468295,0.5,-0.0886880611711283,True,2,0.0,HALTED,WARN: rolling_20d_return=-0.0353 < 0.0; WARN: rolling_20d_max_drawdown=-0.0887 < -0.08; HALT: cumulative_drawdown=-0.1645 < -0.15
2025-03-31,8782706.309999997,-0.026300953016057498,-0.18651058495898068,-0.06494320528708919,0.45,-0.11265643365723872,True,3,0.0,HALTED,HALT: rolling_20d_return=-0.0649 < -0.05; WARN: rolling_20d_winrate=0.4500 < 0.5; WARN: rolling_20d_max_drawdown=-0.1127 < -0.08; HALT: cumulative_drawdown=-0.1865 < -0.15; WARN: consecutive_losses=3 >= 3
2025-04-01,8813702.959999997,0.0035292823084278205,-0.18363955115838312,-0.05178227347248909,0.45,-0.10952474770704797,True,0,0.0,HALTED,HALT: rolling_20d_return=-0.0518 < -0.05; WARN: rolling_20d_winrate=0.4500 < 0.5; WARN: rolling_20d_max_drawdown=-0.1095 < -0.08; HALT: cumulative_drawdown=-0.1836 < -0.15
2025-04-02,8814324.559999997,7.052654290945468e-05,-0.1835819760781583,-0.06420290194624678,0.5,-0.10946194556595733,True,0,0.0,HALTED,HALT: rolling_20d_return=-0.0642 < -0.05; WARN: rolling_20d_max_drawdown=-0.1095 < -0.08; HALT: cumulative_drawdown=-0.1836 < -0.15
2025-04-03,8814713.059999997,4.407598079188499e-05,-0.18354599165301777,-0.05224267359039381,0.5,-0.10942269422777565,True,0,0.0,HALTED,HALT: rolling_20d_return=-0.0522 < -0.05; WARN: rolling_20d_max_drawdown=-0.1094 < -0.08; HALT: cumulative_drawdown=-0.1835 < -0.15
2025-04-07,8814013.759999998,-7.933326873363733e-05,-0.1836107636182706,-0.08846004483888426,0.5,-0.10949334663650255,True,1,0.0,HALTED,HALT: rolling_20d_return=-0.0885 < -0.05; WARN: rolling_20d_max_drawdown=-0.1095 < -0.08; HALT: cumulative_drawdown=-0.1836 < -0.15
2025-04-08,8884117.359999998,0.007953652207595334,-0.17711748756606602,-0.08507017962780483,0.5,-0.10241056642709964,True,0,0.0,HALTED,HALT: rolling_20d_return=-0.0851 < -0.05; WARN: rolling_20d_max_drawdown=-0.1024 < -0.08; HALT: cumulative_drawdown=-0.1771 < -0.15
2025-04-09,8960368.859999998,0.008582901025521799,-0.17005476840621284,-0.08201181234349453,0.5,-0.09470664515718927,True,0,0.0,HALTED,HALT: rolling_20d_return=-0.0820 < -0.05; WARN: rolling_20d_max_drawdown=-0.0947 < -0.08; HALT: cumulative_drawdown=-0.1701 < -0.15
2025-04-10,8988961.959999997,0.0031910628286344494,-0.16740636102787151,-0.06643144018222324,0.5,-0.09181779718354059,True,0,0.0,HALTED,HALT: rolling_20d_return=-0.0664 < -0.05; WARN: rolling_20d_max_drawdown=-0.0918 < -0.08; HALT: cumulative_drawdown=-0.1674 < -0.15
2025-04-11,8910097.859999998,-0.008773437951004484,-0.1747110696577945,-0.09225872592857431,0.5,-0.09978567738815737,True,1,0.0,HALTED,HALT: rolling_20d_return=-0.0923 < -0.05; WARN: rolling_20d_max_drawdown=-0.0998 < -0.08; HALT: cumulative_drawdown=-0.1747 < -0.15
2025-04-14,8909932.759999998,-1.852953835005663e-05,-0.17472636188067917,-0.09980235794397152,0.45,-0.09980235794397148,True,2,0.0,HALTED,HALT: rolling_20d_return=-0.0998 < -0.05; WARN: rolling_20d_winrate=0.4500 < 0.5; WARN: rolling_20d_max_drawdown=-0.0998 < -0.08; HALT: cumulative_drawdown=-0.1747 < -0.15
2025-04-15,8942537.059999997,0.003659320544636623,-0.17170642110176212,-0.09635924857222733,0.45,-0.0963592485722273,True,0,0.0,HALTED,HALT: rolling_20d_return=-0.0964 < -0.05; WARN: rolling_20d_winrate=0.4500 < 0.5; WARN: rolling_20d_max_drawdown=-0.0964 < -0.08; HALT: cumulative_drawdown=-0.1717 < -0.15
2025-04-16,8909602.559999997,-0.003682903384020196,-0.17475694632644864,-0.09394705102771672,0.45,-0.09602885109496398,True,1,0.0,HALTED,HALT: rolling_20d_return=-0.0939 < -0.05; WARN: rolling_20d_winrate=0.4500 < 0.5; WARN: rolling_20d_max_drawdown=-0.0960 < -0.08; HALT: cumulative_drawdown=-0.1748 < -0.15
2025-04-17,8884476.759999998,-0.002820080899321158,-0.17708419849941087,-0.09857812286552847,0.45,-0.09857812286552847,True,2,0.0,HALTED,HALT: rolling_20d_return=-0.0986 < -0.05; WARN: rolling_20d_winrate=0.4500 < 0.5; WARN: rolling_20d_max_drawdown=-0.0986 < -0.08; HALT: cumulative_drawdown=-0.1771 < -0.15
2025-04-18,8892819.659999996,0.0009390423572899877,-0.1763114457053186,-0.07708235583340728,0.45,-0.07708235583340733,True,0,0.0,HALTED,HALT: rolling_20d_return=-0.0771 < -0.05; WARN: rolling_20d_winrate=0.4500 < 0.5; HALT: cumulative_drawdown=-0.1763 < -0.15
2025-04-21,8885496.559999997,-0.0008234845954359127,-0.17698974054121713,-0.03539338921087942,0.45,-0.06508322606459972,True,1,0.0,HALTED,WARN: rolling_20d_return=-0.0354 < 0.0; WARN: rolling_20d_winrate=0.4500 < 0.5; HALT: cumulative_drawdown=-0.1770 < -0.15
2025-04-22,8888721.059999997,0.0003628947440614395,-0.1766910744437509,-0.03329024693074856,0.5,-0.06474394968120369,True,0,0.0,HALTED,WARN: rolling_20d_return=-0.0333 < 0.0; HALT: cumulative_drawdown=-0.1767 < -0.15
2025-04-23,8871705.059999997,-0.0019143361441021534,-0.17826716447770513,-0.06653434414231918,0.5,-0.06653434414231918,True,1,0.0,HALTED,HALT: rolling_20d_return=-0.0665 < -0.05; HALT: cumulative_drawdown=-0.1783 < -0.15
2025-04-24,8874375.959999997,0.000301058250013597,-0.17801977502826408,-0.04825265200901063,0.5,-0.048252652009010646,True,0,0.0,HALTED,WARN: rolling_20d_return=-0.0483 < 0.0; HALT: cumulative_drawdown=-0.1780 < -0.15
2025-04-25,8877678.159999996,0.00037210503756922823,-0.1777139120457698,-0.015771852238770867,0.55,-0.01577185223877082,True,0,0.0,HALTED,WARN: rolling_20d_return=-0.0158 < 0.0; HALT: cumulative_drawdown=-0.1777 < -0.15
2025-04-28,8877522.759999998,-1.750457689474406e-05,-0.17772830581582588,0.01079581243563199,0.55,-0.012397338034791204,True,1,0.0,HALTED,HALT: cumulative_drawdown=-0.1777 < -0.15
2025-04-29,8896112.159999996,0.0020939850567049984,-0.17600648117565273,0.009350122232846259,0.6,-0.01032931281867398,True,0,0.0,HALTED,HALT: cumulative_drawdown=-0.1760 < -0.15
2025-04-30,8927123.659999996,0.0034859609953478837,-0.1731340719086116,0.012797248301008812,0.6,-0.006879359404920739,True,0,0.0,HALTED,HALT: cumulative_drawdown=-0.1731 < -0.15
2025-05-06,8933815.459999997,0.0007496031482105343,-0.17251425060576628,0.013511772781404696,0.6,-0.006134913046177805,True,0,0.0,HALTED,HALT: cumulative_drawdown=-0.1725 < -0.15
2025-05-07,8927336.309999995,-0.0007252388443674252,-0.17311437541438746,0.012857087938106027,0.55,-0.006855702613297326,True,1,0.0,HALTED,HALT: cumulative_drawdown=-0.1731 < -0.15
2025-05-08,8952942.309999995,0.0028682687770278494,-0.17074264519521537,0.007746965422797736,0.6,-0.004007097834019786,True,0,0.0,HALTED,HALT: cumulative_drawdown=-0.1707 < -0.15
2025-05-09,8938055.309999995,-0.0016628053085265561,-0.17212153872691946,-0.0024902490453950765,0.55,-0.005663240118996149,True,1,0.0,HALTED,WARN: rolling_20d_return=-0.0025 < 0.0; HALT: cumulative_drawdown=-0.1721 < -0.15
2025-05-12,8958607.619999994,0.0022994162921552417,-0.1702179015051437,-0.003376845973436904,0.55,-0.0033768459734369134,True,0,0.0,HALTED,WARN: rolling_20d_return=-0.0034 < 0.0; HALT: cumulative_drawdown=-0.1702 < -0.15
2025-05-13,8922909.619999994,-0.003984771017351469,-0.1735243931619431,0.001437892175967237,0.5,-0.003984771017351469,True,1,0.0,HALTED,HALT: cumulative_drawdown=-0.1735 < -0.15
2025-05-14,8899714.619999994,-0.0025994883942352448,-0.17567280691003717,-0.0011468257140926363,0.5,-0.0065739010455734236,True,2,0.0,HALTED,WARN: rolling_20d_return=-0.0011 < 0.0; HALT: cumulative_drawdown=-0.1757 < -0.15
2025-05-15,8935631.419999994,0.00403572491181754,-0.17234604912139537,-0.0007722238055787312,0.55,-0.002564706589973328,True,0,0.0,HALTED,WARN: rolling_20d_return=-0.0008 < 0.0; HALT: cumulative_drawdown=-0.1723 < -0.15
2025-05-16,8957504.419999994,0.0024478404459525047,-0.17032008430518233,0.005376430618247108,0.55,-0.00012314413654376078,True,0,0.0,HALTED,HALT: cumulative_drawdown=-0.1703 < -0.15
2025-05-19,9059919.419999994,0.011433430026708272,-0.16083399704452042,0.019747101009918833,0.6,0.0,True,0,0.0,HALTED,HALT: cumulative_drawdown=-0.1608 < -0.15
2025-05-20,9226314.919999994,0.018366112576308113,-0.1454217797640296,0.037501633087204445,0.65,0.0,True,0,0.0,WARNING,WARN: cumulative_drawdown=-0.1454 < -0.1
2025-05-21,9110442.919999994,-0.012558860282215478,-0.1561543082321975,0.025316127070786676,0.6,-0.012558860282215478,True,1,0.0,HALTED,HALT: cumulative_drawdown=-0.1562 < -0.15
2025-05-22,8988006.919999994,-0.013439083157111759,-0.1674948206556355,0.011169870145525396,0.6,-0.025829163871635995,True,2,0.0,HALTED,HALT: cumulative_drawdown=-0.1675 < -0.15
2025-05-23,8879724.699999996,-0.01204741173029703,-0.17752435331880181,0.0009039570122948426,0.55,-0.03756540103012211,True,3,0.25,HALTED,HALT: cumulative_drawdown=-0.1775 < -0.15; WARN: consecutive_losses=3 >= 3
2025-05-26,8986816.699999996,0.0120602838058707,-0.16760506359640953,0.012670270056938104,0.6,-0.025958166621956033,True,0,0.0,HALTED,HALT: cumulative_drawdown=-0.1676 < -0.15
2025-05-27,9068827.699999996,0.009125700761205027,-0.16000887649164808,0.021531478901911427,0.6,-0.01706935232165248,True,0,0.0,HALTED,HALT: cumulative_drawdown=-0.1600 < -0.15
2025-05-28,9011907.969999995,-0.006276415418058993,-0.1652810097302686,0.015137692533496505,0.55,-0.02323863339362357,True,1,0.4286,HALTED,HALT: cumulative_drawdown=-0.1653 < -0.15; HALT: rejection_rate=42.86% > 40%
2025-05-29,9187423.969999995,0.019476008918897125,-0.1490240152310025,0.032745968661438196,0.6,-0.004215220305963638,True,0,0.0,WARNING,WARN: cumulative_drawdown=-0.1490 < -0.1
2025-05-30,9143148.969999995,-0.004819087498799734,-0.15312494296098159,0.02419875855063469,0.55,-0.009013994289282215,True,1,0.0,HALTED,HALT: cumulative_drawdown=-0.1531 < -0.15
2025-06-03,9204969.759999994,0.006761433090813913,-0.14739885392653304,0.030351455233663005,0.55,-0.0023135087177362642,True,0,0.3636,WARNING,WARN: cumulative_drawdown=-0.1474 < -0.1; WARN: rejection_rate=36.36% > 25%
2025-06-04,9290311.759999994,0.009271296074306719,-0.1394941362679927,0.040658874875522555,0.55,0.0,True,0,0.0,WARNING,WARN: cumulative_drawdown=-0.1395 < -0.1
2025-06-05,9282910.759999994,-0.0007966363445267207,-0.14017964651371997,0.03685586688428022,0.55,-0.0007966363445267207,True,1,0.0,WARNING,WARN: cumulative_drawdown=-0.1402 < -0.1
2025-06-06,9383240.609999996,0.01080801621322508,-0.13088669419277935,0.049807847966875096,0.55,0.0,True,0,0.25,WARNING,WARN: cumulative_drawdown=-0.1309 < -0.1
2025-06-09,9525028.609999996,0.015110770989810531,-0.11775372206452926,0.06322645371089508,0.6,0.0,True,0,0.0,WARNING,WARN: cumulative_drawdown=-0.1178 < -0.1
2025-06-10,9447150.609999996,-0.008176143420528794,-0.12496709416515737,0.058752247005277036,0.55,-0.008176143420528794,True,1,0.0,WARNING,WARN: cumulative_drawdown=-0.1250 < -0.1
2025-06-11,9463978.029999996,0.0017812164423617602,-0.12340847116567677,0.06340241615522757,0.6,-0.006409490459262789,True,0,0.6667,HALTED,WARN: cumulative_drawdown=-0.1234 < -0.1; HALT: rejection_rate=66.67% > 40%
2025-06-12,9508567.029999994,0.004711443735251165,-0.11927845949877605,0.06411808892627757,0.65,-0.0017282446776820698,True,0,0.0,WARNING,WARN: cumulative_drawdown=-0.1193 < -0.1
2025-06-13,9292827.029999994,-0.022689012899559918,-0.13926116189212862,0.03743482495540862,0.6,-0.024378045411456464,True,1,0.0,WARNING,WARN: cumulative_drawdown=-0.1393 < -0.1
2025-06-16,9409318.559999995,0.012535639544772768,-0.12847125007542182,0.03856536949199496,0.6,-0.012148000256767816,True,0,0.3333,WARNING,WARN: cumulative_drawdown=-0.1285 < -0.1; WARN: rejection_rate=33.33% > 25%
2025-06-17,9370217.559999995,-0.004155561292846697,-0.13209294121421145,0.015596978994079302,0.55,-0.016253079789962,True,1,0.0,WARNING,WARN: cumulative_drawdown=-0.1321 < -0.1
2025-06-18,9286000.559999995,-0.008987731550600203,-0.1398934568694491,0.019269934682824452,0.5,-0.025094733022539537,True,2,0.0,WARNING,WARN: cumulative_drawdown=-0.1399 < -0.1
2025-06-19,9040963.409999995,-0.02638780263007011,-0.16258977857040996,0.005891905788608431,0.5,-0.05082034079055657,True,3,0.25,HALTED,HALT: cumulative_drawdown=-0.1626 < -0.15; WARN: consecutive_losses=3 >= 3
2025-06-20,8992781.409999995,-0.005329299303070626,-0.16705258827985892,0.012732006207354596,0.5,-0.05587880328687027,True,4,0.0,HALTED,HALT: cumulative_drawdown=-0.1671 < -0.15; WARN: consecutive_losses=4 >= 3
2025-06-23,9218708.409999995,0.0251231504135938,-0.14612632516860016,0.025803542871860152,0.55,-0.032159504453184135,True,0,0.0,WARNING,WARN: cumulative_drawdown=-0.1461 < -0.1
2025-06-24,9541202.639999995,0.034982582771592476,-0.11625561866232688,0.05208776212607935,0.55,0.0,True,0,0.4286,HALTED,WARN: cumulative_drawdown=-0.1163 < -0.1; HALT: rejection_rate=42.86% > 40%
2025-06-25,9559207.639999995,0.0018870786712480944,-0.11458792348946921,0.060730721154934386,0.55,0.0,True,0,0.0,WARNING,WARN: cumulative_drawdown=-0.1146 < -0.1
2025-06-26,9692641.839999996,0.013958709238792222,-0.10222871375694345,0.05499015520016348,0.6,0.0,True,0,0.0,WARNING,WARN: cumulative_drawdown=-0.1022 < -0.1
2025-06-27,9789172.989999995,0.009959219745604316,-0.09328761223595503,0.0706566219274889,0.6,0.0,True,0,0.3,WARNING,WARN: rejection_rate=30.00% > 25%
2025-06-30,9889050.989999995,0.01020290479104099,-0.08403651207074103,0.07431651030214792,0.65,0.0,True,0,0.0,NORMAL,
2025-07-01,10272688.989999995,0.03879421800817312,-0.048502424832486714,0.10574211666713773,0.65,0.0,True,0,0.0,NORMAL,
2025-07-02,10219425.529999994,-0.005184957906527736,-0.05343589970789348,0.10088589605271614,0.6,-0.005184957906527736,True,1,0.3333,WARNING,WARN: rejection_rate=33.33% > 25%
2025-07-03,10107961.529999994,-0.0109070710161533,-0.06376014157112074,0.07723567476545812,0.6,-0.016035476218578773,True,2,0.0,NORMAL,
2025-07-04,9959258.529999994,-0.014711472689983624,-0.07753360867967134,0.045588306112184895,0.55,-0.030511043438101893,True,3,0.0,WARNING,WARN: consecutive_losses=3 >= 3
2025-07-07,10157910.569999995,0.019946468846210492,-0.05913366154352418,0.07523537935847502,0.55,-0.011173162169294875,True,0,0.2,NORMAL,
2025-07-08,10196589.569999995,0.003807771266881711,-0.05555105773397341,0.07741052839278395,0.6,-0.0074079357482816155,True,0,0.0,NORMAL,
2025-07-09,10179922.569999995,-0.0016345661346453518,-0.05709482199090308,0.07060533284161963,0.55,-0.009030393122025198,True,1,0.0,NORMAL,
2025-07-10,10240758.859999996,0.005976105376212208,-0.051459921287344584,0.10200683031544622,0.55,-0.0031082543266988337,True,0,0.3,WARNING,WARN: rejection_rate=30.00% > 25%
2025-07-11,10151925.859999996,-0.00867445481476751,-0.05968798934013353,0.07892253782934966,0.55,-0.01175574672975659,True,1,0.0,NORMAL,
2025-07-14,10273867.859999996,0.012011711046912635,-0.04839323317414578,0.09643856124083428,0.55,0.0,True,0,0.0,NORMAL,
2025-07-15,10062807.949999994,-0.020543374012209858,-0.06794244689759908,0.08365360145961476,0.55,-0.020543374012209858,True,1,0.5,HALTED,HALT: rejection_rate=50.00% > 40%
2025-07-16,10159351.949999996,0.00959414116613464,-0.05900015515817261,0.12370236326396133,0.6,-0.01114632887637706,True,0,0.0,NORMAL,
2025-07-17,10193528.949999996,0.0033640925295436797,-0.05583454460983846,0.13352348792385493,0.65,-0.007819733628538238,True,0,0.0,NORMAL,
2025-07-18,10220847.849999994,0.002680023781165454,-0.053304158736037915,0.108707141546307,0.7,-0.005160666919459646,True,0,0.7857,HALTED,HALT: rejection_rate=78.57% > 40%
2025-07-21,10515076.849999994,0.028787142154747973,-0.02605149097626352,0.10207038323630013,0.7,0.0,True,0,0.0,NORMAL,
2025-07-22,10536395.849999994,0.002027469727907886,-0.024076839857676873,0.10222481264147953,0.7,0.0,True,0,0.0,NORMAL,
2025-07-23,10450142.869999995,-0.008186193953599288,-0.03206593613041147,0.0781521738349924,0.65,-0.008186193953599288,True,1,0.3333,WARNING,WARN: rejection_rate=33.33% > 25%
2025-07-24,10556344.869999995,0.01016273187086102,-0.022229081770631976,0.07836942720122475,0.65,0.0,True,0,0.0,NORMAL,
2025-07-25,10686422.869999995,0.012322257523971937,-0.010180736716759196,0.08063178972444573,0.65,0.0,True,0,0.0,NORMAL,
2025-07-28,10730785.849999994,0.00415134049435184,-0.006071659927001974,0.04459366583043023,0.65,0.0,True,0,0.2,NORMAL,
2025-07-29,10828958.849999994,0.009148724182208898,0.0,0.05964457769281295,0.65,0.0,True,0,0.0,NORMAL,
2025-07-30,10880386.459999995,0.004749081671872942,0.0,0.07641747821333489,0.7,0.0,True,0,0.0,NORMAL,
2025-07-31,10704493.179999996,-0.016166087541710297,-0.016166087541710297,0.07482832660234218,0.7,-0.016166087541710297,True,1,0.1667,NORMAL,
2025-08-01,10810556.179999996,0.009908269192806385,-0.006417996296061653,0.06424998581179686,0.75,-0.006417996296061653,True,0,0.0,NORMAL,
2025-08-04,10951899.989999995,0.013074610375874178,0.0,0.07407480852443493,0.75,0.0,True,0,0.0,NORMAL,
2025-08-05,11078191.899999995,0.01153150687235231,0.0,0.08823930868071428,0.75,0.0,True,0,0.1429,NORMAL,
2025-08-06,11158163.899999995,0.007218867548232311,0.0,0.08958369712066427,0.8,0.0,True,0,0.0,NORMAL,
2025-08-07,11119577.829999994,-0.003458102098679543,-0.003458102098679543,0.09531708400399985,0.75,-0.003458102098679543,True,1,0.0,NORMAL,
2025-08-08,11187089.199999996,0.006071396867051838,0.0,0.08888778330072866,0.8,0.0,True,0,0.25,NORMAL,
2025-08-11,11336315.199999996,0.013339126678278392,0.0,0.12655585362731703,0.8,0.0,True,0,0.0,NORMAL,
2025-08-12,11291037.199999996,-0.003994066784593288,-0.003994066784593288,0.11139344867366274,0.8,-0.003994066784593288,True,1,0.0,NORMAL,
2025-08-13,11185043.789999995,-0.009387393569122259,-0.013343966476867211,0.09726904635906286,0.75,-0.013343966476867211,True,2,0.25,NORMAL,
2025-08-14,10858418.789999995,-0.0292019419979401,-0.04215623873972738,0.06237945710149684,0.7,-0.04215623873972738,True,3,0.0,WARNING,WARN: consecutive_losses=3 >= 3
2025-08-15,10852696.789999995,-0.000526964386865392,-0.04266098829009274,0.03210817617562167,0.65,-0.04266098829009274,True,4,0.0,WARNING,WARN: consecutive_losses=4 >= 3
2025-08-18,10995556.779999994,0.01316354752780285,-0.030059010709229568,0.04357855727297877,0.65,-0.030059010709229568,True,0,0.1818,NORMAL,
2025-08-19,11331350.779999994,0.030539062888637114,-0.00043792183901183253,0.084324962917947,0.65,-0.00043792183901183253,True,0,0.0,NORMAL,
2025-08-20,11378641.779999994,0.004173465363323615,0.0,0.07789598768574502,0.7,0.0,True,0,0.0,NORMAL,
2025-08-21,11493562.519999996,0.010099688716978148,0.0,0.07552945076372408,0.7,0.0,True,0,0.5455,HALTED,HALT: rejection_rate=54.55% > 40%
2025-08-22,11364539.519999994,-0.011225675222585548,-0.011225675222585548,0.05905939032414853,0.65,-0.011225675222585548,True,1,0.0,NORMAL,
2025-08-25,11344776.519999996,-0.0017390057877152024,-0.012945159496117662,0.04763317297119496,0.6,-0.012945159496117662,True,2,0.0,NORMAL,
2025-08-26,11530404.109999996,0.016362384016357857,0.0,0.05974214724722193,0.6,0.0,True,0,0.3333,WARNING,WARN: rejection_rate=33.33% > 25%
2025-08-27,11095530.109999994,-0.0377154170704952,-0.0377154170704952,0.03653016760574901,0.55,-0.0377154170704952,True,1,0.0,NORMAL,
2025-08-28,10976952.109999996,-0.01068700628310928,-0.047999358454402015,0.015391986057834872,0.55,-0.047999358454402015,True,2,0.0,NORMAL,
2025-08-29,10873963.789999995,-0.009382232788114108,-0.056931250087816784,-0.007116226414700777,0.5,-0.056931250087816784,True,3,0.3846,WARNING,WARN: rolling_20d_return=-0.0071 < 0.0; WARN: consecutive_losses=3 >= 3; WARN: rejection_rate=38.46% > 25%
2025-09-01,11041128.789999995,0.01537295904495559,-0.042433492818839326,-0.003345591982388374,0.5,-0.042433492818839326,True,0,0.0,WARNING,WARN: rolling_20d_return=-0.0033 < 0.0
2025-09-02,11002902.789999995,-0.00346214601125036,-0.045748727882183524,-0.013914575139015395,0.45,-0.045748727882183524,True,1,0.0,WARNING,WARN: rolling_20d_return=-0.0139 < 0.0; WARN: rolling_20d_winrate=0.4500 < 0.5
2025-09-03,10660275.669999994,-0.031139702543895798,-0.0754638286480665,-0.04130571924779636,0.4,-0.0754638286480665,True,2,0.5882,HALTED,WARN: rolling_20d_return=-0.0413 < 0.0; WARN: rolling_20d_winrate=0.4000 < 0.5; HALT: rejection_rate=58.82% > 40%
2025-09-04,10817691.669999994,0.01476659749456555,-0.06181157513654581,-0.033019986110417454,0.45,-0.06181157513654581,True,0,0.0,WARNING,WARN: rolling_20d_return=-0.0330 < 0.0; WARN: rolling_20d_winrate=0.4500 < 0.5
2025-09-05,10992909.669999994,0.016197355715537796,-0.04661540349083234,-0.030292517801551733,0.45,-0.04661540349083234,True,0,0.0,WARNING,WARN: rolling_20d_return=-0.0303 < 0.0; WARN: rolling_20d_winrate=0.4500 < 0.5
2025-09-08,11204509.939999994,0.019248795482916005,-0.028263898376064973,-0.007663357977423124,0.45,-0.028263898376064973,True,0,0.0,WARNING,WARN: rolling_20d_return=-0.0077 < 0.0; WARN: rolling_20d_winrate=0.4500 < 0.5
2025-09-09,11166735.939999994,-0.003371321030752731,-0.03153993273181142,-0.0016368152278821713,0.45,-0.03153993273181142,True,1,0.0,WARNING,WARN: rolling_20d_return=-0.0016 < 0.0; WARN: rolling_20d_winrate=0.4500 < 0.5
2025-09-10,11232760.939999994,0.005912649887555238,-0.025813767423976425,0.034474830750196084,0.5,-0.025813767423976425,True,0,0.0,NORMAL,
2025-09-11,11275988.699999996,0.0038483646390147126,-0.022064743574715894,0.03900338489047561,0.55,-0.022064743574715894,True,0,0.4286,HALTED,HALT: rejection_rate=42.86% > 40%
2025-09-12,11152306.699999996,-0.01096861688057563,-0.032791340736452325,0.014255751039830677,0.55,-0.032791340736452325,True,1,0.0,NORMAL,
2025-09-15,11252321.699999996,0.00896809984610628,-0.02411731690815824,-0.006974374153122631,0.55,-0.02411731690815824,True,0,0.0,WARNING,WARN: rolling_20d_return=-0.0070 < 0.0
2025-09-16,11552060.359999996,0.02663793908416254,0.0,0.015240710038417538,0.55,0.0,True,0,0.0909,NORMAL,
2025-09-17,11451416.359999996,-0.008712212095816995,-0.008712212095816995,-0.0036669361589726224,0.5,-0.008712212095816995,True,1,0.0,WARNING,WARN: rolling_20d_return=-0.0037 < 0.0
2025-09-18,11130626.359999996,-0.02801312867467864,-0.03648128445201442,-0.02058272221134383,0.45,-0.03648128445201442,True,2,0.0,WARNING,WARN: rolling_20d_return=-0.0206 < 0.0; WARN: rolling_20d_winrate=0.4500 < 0.5
2025-09-19,11017635.829999994,-0.01015131820488144,-0.046262269529900674,-0.028836239252776563,0.45,-0.046262269529900674,True,3,0.2,WARNING,WARN: rolling_20d_return=-0.0288 < 0.0; WARN: rolling_20d_winrate=0.4500 < 0.5; WARN: consecutive_losses=3 >= 3
2025-09-22,10906575.829999994,-0.010080202478429535,-0.05587613896435713,-0.05410289822010428,0.45,-0.05587613896435713,True,4,0.0,HALTED,HALT: rolling_20d_return=-0.0541 < -0.05; WARN: rolling_20d_winrate=0.4500 < 0.5; WARN: consecutive_losses=4 >= 3
2025-09-23,10730550.829999994,-0.01613934590871497,-0.07111368053828292,-0.032894262498648574,0.4,-0.07111368053828292,True,5,0.0,HALTED,WARN: rolling_20d_return=-0.0329 < 0.0; WARN: rolling_20d_winrate=0.4000 < 0.5; HALT: consecutive_losses=5 >= 5
2025-09-24,11001773.879999995,0.025275780740139402,-0.04763535359505347,0.0022612624844546847,0.45,-0.04763535359505347,True,0,0.25,WARNING,WARN: rolling_20d_winrate=0.4500 < 0.5
2025-09-25,10873135.879999995,-0.011692478086088427,-0.05877085635310866,-7.613690977725796e-05,0.45,-0.05877085635310866,True,1,0.0,WARNING,WARN: rolling_20d_return=-0.0001 < 0.0; WARN: rolling_20d_winrate=0.4500 < 0.5
2025-09-26,10929406.879999995,0.005175231931342334,-0.05389977723419727,-0.0101187036330187,0.5,-0.05389977723419727,True,0,0.0,WARNING,WARN: rolling_20d_return=-0.0101 < 0.0
2025-09-29,11295343.879999995,0.03348187179943292,-0.02222257086613773,0.02657853982548919,0.5,-0.02222257086613773,True,0,1.0,HALTED,HALT: rejection_rate=100.00% > 40%
2025-09-30,11612362.879999995,0.02806634338608557,0.0,0.08931168756539298,0.55,0.0,True,0,0.0,NORMAL,
2025-10-09,11834409.879999995,0.019121603612855757,0.0,0.09398661387434437,0.6,0.0,True,0,0.0,NORMAL,
2025-10-10,12344185.429999994,0.043075705098022096,0.0,0.12292248372491188,0.6,0.0,True,0,0.8333,HALTED,HALT: rejection_rate=83.33% > 40%
2025-10-13,12212513.429999994,-0.010666722461896788,-0.010666722461896788,0.0899640854796726,0.55,-0.010666722461896788,True,1,0.0,NORMAL,
2025-10-14,12209090.429999994,-0.00028028628337811387,-0.01094401900928023,0.09334459913807192,0.5,-0.01094401900928023,True,2,0.0,NORMAL,
2025-10-15,12206436.419999994,-0.00021737982982568323,-0.011159019830116069,0.0866817592932767,0.5,-0.011159019830116069,True,3,0.0,WARNING,WARN: consecutive_losses=3 >= 3
2025-10-16,12063113.419999994,-0.011741592309870898,-0.02276958747856398,0.06980538389507251,0.45,-0.02276958747856398,True,4,0.0,WARNING,WARN: rolling_20d_winrate=0.4500 < 0.5; WARN: consecutive_losses=4 >= 3
2025-10-17,11942881.419999994,-0.009966912837001251,-0.03250955782183191,0.07088889691313804,0.4,-0.03250955782183191,True,5,0.0,HALTED,WARN: rolling_20d_winrate=0.4000 < 0.5; HALT: consecutive_losses=5 >= 5
2025-10-20,12180475.209999993,0.01989417642564178,-0.013262132275017255,0.08248551141228022,0.45,-0.013262132275017255,True,0,0.4545,HALTED,WARN: rolling_20d_winrate=0.4500 < 0.5; HALT: rejection_rate=45.45% > 40%
2025-10-21,12487118.209999993,0.025174961954542673,0.0,0.08094295050930622,0.45,0.0,True,0,0.0,WARNING,WARN: rolling_20d_winrate=0.4500 < 0.5
2025-10-22,12592635.209999993,0.008450068160282119,0.0,0.09965744097702145,0.45,0.0,True,0,0.0,WARNING,WARN: rolling_20d_winrate=0.4500 < 0.5
2025-10-23,12576598.039999995,-0.0012735356605313806,-0.0012735356605313806,0.1299092821223764,0.45,-0.0012735356605313806,True,1,0.3333,WARNING,WARN: rolling_20d_winrate=0.4500 < 0.5; WARN: rejection_rate=33.33% > 25%
2025-10-24,12686848.039999995,0.008766281600902627,0.0,0.15150366519239022,0.5,0.0,True,0,0.0,NORMAL,
2025-10-27,12812970.039999995,0.00994116108290677,0.0,0.17479310094339673,0.55,0.0,True,0,0.0,NORMAL,
2025-10-28,13089390.799999993,0.021573511772606784,0.0,0.21982468629711538,0.6,0.0,True,0,0.3571,WARNING,WARN: rejection_rate=35.71% > 25%
2025-10-29,12780372.279999996,-0.023608319494899475,-0.023608319494899475,0.16166469329398736,0.6,-0.023608319494899475,True,1,0.0,NORMAL,
2025-10-30,12759269.279999994,-0.0016512038567942145,-0.025220541203491282,0.1734672886291566,0.55,-0.025220541203491282,True,2,0.0,NORMAL,
2025-10-31,12962032.289999995,0.015891428070871606,-0.009729903549063413,0.18597765023457535,0.6,-0.009729903549063413,True,0,0.0,NORMAL,
2025-11-03,13115875.289999995,0.011868740684953197,0.0,0.16117538601224068,0.6,0.0,True,0,0.0,NORMAL,
2025-11-04,13156855.289999995,0.003124457887400362,0.0,0.1330041461811431,0.6,0.0,True,0,0.0,NORMAL,
2025-11-05,13372705.119999994,0.01640588311129766,0.0,0.12998495536306365,0.6,0.0,True,0,0.3636,WARNING,WARN: rejection_rate=36.36% > 25%
2025-11-06,13431286.119999994,0.00438063947977042,0.0,0.0880658101066778,0.6,0.0,True,0,0.0,NORMAL,
2025-11-07,13500381.119999994,0.005144332373138369,0.0,0.10545476141187748,0.6,0.0,True,0,0.0,NORMAL,
2025-11-10,13641922.269999994,0.010484233648064629,0.0,0.11735778747934145,0.65,0.0,True,0,0.1111,NORMAL,
2025-11-11,13788099.269999994,0.010715278764009559,0.0,0.12957613471925988,0.7,0.0,True,0,0.0,NORMAL,
2025-11-12,13795402.269999994,0.0005296596620746554,0.0,0.1436021356748547,0.75,0.0,True,0,0.0,NORMAL,
2025-11-13,13893847.019999994,0.007136055047418348,0.0,0.16335803156622153,0.8,0.0,True,0,0.0,NORMAL,
2025-11-14,14002002.019999994,0.007784381089291715,0.0,0.14954480663484726,0.85,0.0,True,0,0.0,NORMAL,
2025-11-17,14143544.019999994,0.01010869729898811,0.0,0.13265076714605728,0.85,0.0,True,0,0.0,NORMAL,
2025-11-18,14004202.529999994,-0.00985195010550123,-0.00985195010550123,0.11209467251771521,0.8,-0.00985195010550123,True,1,0.1111,NORMAL,
2025-11-19,13614982.529999994,-0.02779308562313403,-0.03737121963579822,0.0825648149600875,0.75,-0.03737121963579822,True,2,0.0,NORMAL,
2025-11-20,13437176.529999994,-0.013059583411746036,-0.049942750487511865,0.059142230413283814,0.75,-0.049942750487511865,True,3,0.0,WARNING,WARN: consecutive_losses=3 >= 3
2025-11-21,12683508.259999994,-0.05608829119103639,-0.10322983814632342,-0.010103963374287317,0.7,-0.10322983814632342,True,4,0.6667,HALTED,WARN: rolling_20d_return=-0.0101 < 0.0; WARN: rolling_20d_max_drawdown=-0.1032 < -0.08; WARN: cumulative_drawdown=-0.1032 < -0.1; WARN: consecutive_losses=4 >= 3; HALT: rejection_rate=66.67% > 40%
2025-11-24,13050283.259999994,0.028917472396552856,-0.07729751174486749,-0.00298772804613634,0.7,-0.07729751174486749,True,0,0.0,WARNING,WARN: rolling_20d_return=-0.0030 < 0.0
2025-11-25,13340978.259999994,0.02227499543178499,-0.05674431803408776,0.04386460485797361,0.7,-0.05674431803408776,True,0,0.0,NORMAL,
2025-11-26,13127721.069999995,-0.015985123867520608,-0.0718223769490555,0.028877185825801455,0.7,-0.0718223769490555,True,1,0.0,NORMAL,
2025-11-27,13259136.069999995,0.010010496056342555,-0.06253085851391861,0.022921080070847477,0.75,-0.06253085851391861,True,0,0.0,NORMAL,
2025-11-28,13550314.069999995,0.021960555986661665,-0.04194351494654587,0.03312312525045358,0.75,-0.04194351494654587,True,0,0.0,NORMAL,
2025-12-01,13617894.639999993,0.0049873803404763785,-0.03716532286792437,0.03504175882746208,0.75,-0.03716532286792437,True,0,0.6667,HALTED,HALT: rejection_rate=66.67% > 40%
2025-12-02,13586039.639999993,-0.0023392015316693634,-0.0394175872194161,0.015952981695598778,0.7,-0.0394175872194161,True,1,0.0,NORMAL,
2025-12-03,13365142.639999993,-0.016259116405757824,-0.05503580848613933,-0.004924582754700535,0.65,-0.05503580848613933,True,2,0.0,WARNING,WARN: rolling_20d_return=-0.0049 < 0.0
2025-12-04,13054982.359999994,-0.023206656924987332,-0.07696526828499951,-0.032991569352080585,0.6,-0.07696526828499951,True,3,0.6923,HALTED,WARN: rolling_20d_return=-0.0330 < 0.0; WARN: consecutive_losses=3 >= 3; HALT: rejection_rate=69.23% > 40%
2025-12-05,13332778.359999994,0.0212789257265607,-0.05732408078580014,-0.022661315896795542,0.6,-0.05732408078580014,True,0,0.0,WARNING,WARN: rolling_20d_return=-0.0227 < 0.0
2025-12-08,13493381.359999994,0.01204572637926909,-0.045968864598619916,-0.02137480331616437,0.6,-0.045968864598619916,True,0,0.0,WARNING,WARN: rolling_20d_return=-0.0214 < 0.0
2025-12-09,13338161.049999993,-0.011503440528268046,-0.056943505026825735,-0.03314446444192021,0.55,-0.056943505026825735,True,1,0.8,HALTED,WARN: rolling_20d_return=-0.0331 < 0.0; HALT: rejection_rate=80.00% > 40%
2025-12-10,13017693.049999993,-0.024026400550921534,-0.07960175811719934,-0.06306057413319643,0.5,-0.07960175811719934,True,2,0.0,HALTED,HALT: rolling_20d_return=-0.0631 < -0.05
2025-12-11,12565666.049999993,-0.03472404812924977,-0.11156171096641458,-0.10258075723374316,0.45,-0.11156171096641458,True,3,0.0,HALTED,HALT: rolling_20d_return=-0.1026 < -0.05; WARN: rolling_20d_winrate=0.4500 < 0.5; WARN: rolling_20d_max_drawdown=-0.1116 < -0.08; WARN: cumulative_drawdown=-0.1116 < -0.1; WARN: consecutive_losses=3 >= 3
2025-12-12,12248546.909999995,-0.025236954311705497,-0.13398318747552498,-0.13398318747552496,0.4,-0.13398318747552498,True,4,0.5333,HALTED,HALT: rolling_20d_return=-0.1340 < -0.05; WARN: rolling_20d_winrate=0.4000 < 0.5; HALT: rolling_20d_max_drawdown=-0.1340 < -0.12; WARN: cumulative_drawdown=-0.1340 < -0.1; WARN: consecutive_losses=4 >= 3; HALT: rejection_rate=53.33% > 40%
2025-12-15,12458748.909999995,0.01716138261497666,-0.11912114160478995,-0.1103564174175079,0.4,-0.11035641741750787,True,0,0.0,HALTED,HALT: rolling_20d_return=-0.1104 < -0.05; WARN: rolling_20d_winrate=0.4000 < 0.5; WARN: rolling_20d_max_drawdown=-0.1104 < -0.08; WARN: cumulative_drawdown=-0.1191 < -0.1
2025-12-16,12208657.909999995,-0.0200735243808682,-0.13680348484537755,-0.10329242927056481,0.4,-0.10348418512951568,True,1,0.0,HALTED,HALT: rolling_20d_return=-0.1033 < -0.05; WARN: rolling_20d_winrate=0.4000 < 0.5; WARN: rolling_20d_max_drawdown=-0.1035 < -0.08; WARN: cumulative_drawdown=-0.1368 < -0.1
2025-12-17,12269667.409999995,0.00499723232887275,-0.13248989131367658,-0.08688649117568747,0.45,-0.09900408731609919,True,0,0.3077,HALTED,HALT: rolling_20d_return=-0.0869 < -0.05; WARN: rolling_20d_winrate=0.4500 < 0.5; WARN: rolling_20d_max_drawdown=-0.0990 < -0.08; WARN: cumulative_drawdown=-0.1325 < -0.1; WARN: rejection_rate=30.77% > 25%
2025-12-18,12527536.409999995,0.02101678809890415,-0.1142576151857588,-0.012297216732367944,0.5,-0.08006804714124291,True,0,0.0,WARNING,WARN: rolling_20d_return=-0.0123 < 0.0; WARN: rolling_20d_max_drawdown=-0.0801 < -0.08; WARN: cumulative_drawdown=-0.1143 < -0.1
2025-12-19,12914878.409999995,0.03091924759370946,-0.08687112708544459,-0.010375625364012153,0.55,-0.05162444332143834,True,0,0.0,WARNING,WARN: rolling_20d_return=-0.0104 < 0.0
2025-12-22,12838827.919999994,-0.0058885951215084074,-0.09224817331179772,-0.03763969404744383,0.5,-0.05720904299785354,True,1,0.1667,WARNING,WARN: rolling_20d_return=-0.0376 < 0.0
2025-12-23,12763531.919999994,-0.005864709806002294,-0.09757187435119251,-0.027741993302421775,0.45,-0.06273823836839432,True,2,0.0,WARNING,WARN: rolling_20d_return=-0.0277 < 0.0; WARN: rolling_20d_winrate=0.4500 < 0.5
2025-12-24,12927308.919999994,0.012831636339105114,-0.08599224482068675,-0.02502630248668991,0.5,-0.050711636288588526,True,0,0.0,WARNING,WARN: rolling_20d_return=-0.0250 < 0.0
2025-12-25,12973294.559999995,0.0035572477059673,-0.08274089283033882,-0.042583478657332696,0.5,-0.047334782434474656,True,0,0.1,WARNING,WARN: rolling_20d_return=-0.0426 < 0.0
2025-12-26,12860092.559999995,-0.008725771196857805,-0.09074468592773535,-0.05564752115015614,0.45,-0.05564752115015619,True,1,0.0,HALTED,HALT: rolling_20d_return=-0.0556 < -0.05; WARN: rolling_20d_winrate=0.4500 < 0.5
2025-12-29,13007837.559999995,0.01148864203820319,-0.0802985771030251,-0.042558545044845686,0.45,-0.042558545044845644,True,0,0.0,WARNING,WARN: rolling_20d_return=-0.0426 < 0.0; WARN: rolling_20d_winrate=0.4500 < 0.5
2025-12-30,12877025.949999996,-0.010056368662094474,-0.08954743367072993,-0.0365216221889868,0.45,-0.04567835100452527,True,1,0.3,WARNING,WARN: rolling_20d_return=-0.0365 < 0.0; WARN: rolling_20d_winrate=0.4500 < 0.5; WARN: rejection_rate=30.00% > 25%
2025-12-31,12875495.949999996,-0.0001188162550841175,-0.0896556102350929,-0.013748498852816371,0.45,-0.045791739929004614,True,2,0.0,WARNING,WARN: rolling_20d_return=-0.0137 < 0.0; WARN: rolling_20d_winrate=0.4500 < 0.5
2026-01-05,12866276.169999996,-0.0007160718341105403,-0.0903074822119441,-0.034989120602166635,0.45,-0.04647502158791708,True,3,0.0,WARNING,WARN: rolling_20d_return=-0.0350 < 0.0; WARN: rolling_20d_winrate=0.4500 < 0.5; WARN: consecutive_losses=3 >= 3
2026-01-06,12865398.369999997,-6.822486851678412e-05,-0.09036954586436088,-0.046540075704196715,0.4,-0.046540075704196715,True,4,0.0,WARNING,WARN: rolling_20d_return=-0.0465 < 0.0; WARN: rolling_20d_winrate=0.4000 < 0.5; WARN: consecutive_losses=4 >= 3
2026-01-07,12867404.769999996,0.0001559531964962007,-0.09022768608740815,-0.03529394181366541,0.4,-0.03529394181366537,True,0,0.0,WARNING,WARN: rolling_20d_return=-0.0353 < 0.0; WARN: rolling_20d_winrate=0.4000 < 0.5
2026-01-08,12867906.369999995,3.898221972227797e-05,-0.09019222114316996,-0.011506392063837856,0.45,-0.01150639206383791,True,0,0.0,WARNING,WARN: rolling_20d_return=-0.0115 < 0.0; WARN: rolling_20d_winrate=0.4500 < 0.5
2026-01-09,12868658.769999996,5.847105025216101e-05,-0.09013902372681261,0.02411274649464379,0.5,-0.010699610089534295,True,0,0.0,NORMAL,
2026-01-12,12868407.969999997,-1.9489210529348934e-05,-0.09015675619893164,0.05060690582765637,0.5,-0.010718890773110027,True,1,0.0,NORMAL,
2026-01-13,12869912.769999996,0.0001169375421969065,-0.09005036136621708,0.033002018338292416,0.55,-0.010603206671655204,True,0,0.0,NORMAL,
2026-01-14,12870414.369999995,3.8974623135664626e-05,-0.0900148964219789,0.05420386621349782,0.55,-0.010564645304503597,True,0,0.0,NORMAL,
2026-01-15,12872796.969999997,0.00018512224482493416,-0.08984643793684728,0.04915614578993721,0.6,-0.010381478810533213,True,0,0.0,NORMAL,
2026-01-16,12875430.369999995,0.00020457092628242628,-0.08966024697959678,0.027770341159998324,0.6,-0.010179031632987239,True,0,0.0,NORMAL,
2026-01-19,12874677.969999997,-5.843688159361388e-05,-0.089713444395954,-0.003112723072086432,0.55,-0.010236873683714577,True,1,0.0,WARNING,WARN: rolling_20d_return=-0.0031 < 0.0
2026-01-20,12874301.769999996,-2.922014833129979e-05,-0.08974004310413272,0.0027630131209051,0.5,-0.01026579470907839,True,2,0.0,NORMAL,
2026-01-21,12872796.969999997,-0.0001168840086928367,-0.08984643793684728,0.008560722117111563,0.5,-0.010381478810533213,True,3,0.0,WARNING,WARN: consecutive_losses=3 >= 3
2026-01-22,12873674.769999996,6.819030876076053e-05,-0.0897843742844305,-0.004148902941200738,0.55,-0.010313996418017935,True,0,0.0,WARNING,WARN: rolling_20d_return=-0.0041 < 0.0
2026-01-23,12874427.169999996,5.844485070833996e-05,-0.08973117686807315,-0.007620839066186935,0.55,-0.010256154367290453,True,0,0.0,WARNING,WARN: rolling_20d_return=-0.0076 < 0.0
2026-01-26,12875304.969999995,6.818167429183435e-05,-0.08966911321565636,0.0011829160582650378,0.55,-0.010188671974775175,True,0,0.0,NORMAL,
2026-01-27,12875931.969999997,4.869787562025126e-05,-0.08962478203535845,-0.010140470265835533,0.6,-0.010140470265835488,True,0,0.0,WARNING,WARN: rolling_20d_return=-0.0101 < 0.0
2026-01-28,12875681.169999996,-1.9478201701056758e-05,-0.08964251450747762,-0.00010443249902736262,0.55,-0.00010443249902741167,True,1,0.0,WARNING,WARN: rolling_20d_return=-0.0001 < 0.0
2026-01-29,12875555.769999998,-9.739290554249559e-06,-0.08965138074353707,4.646034625244155e-06,0.55,-2.921730255144048e-05,True,2,0.0,NORMAL,
2026-01-30,12876558.969999997,7.7915083272499e-05,-0.0895804508550607,0.0007992056026262517,0.6,0.0,True,0,0.0,NORMAL,
2026-02-02,12876308.169999996,-1.9477253246388473e-05,-0.08959818332717985,0.0008479955059486066,0.6,-1.9477253246388473e-05,True,1,0.0,NORMAL,
2026-02-03,12899924.179999994,0.0018340668527194717,-0.08792844553256464,0.0025272703067378277,0.65,0.0,True,0,0.0,NORMAL,
2026-02-04,12933279.179999994,0.002585674112078387,-0.0855701257258151,0.005080298855174137,0.65,0.0,True,0,0.0,NORMAL,
2026-02-05,12941036.179999994,0.0005997705525444324,-0.08502167761485854,0.005624316511424476,0.65,0.0,True,0,0.0,NORMAL,
2026-02-06,12977396.659999995,0.0028097039135239065,-0.08245085944166347,0.008469477363018063,0.65,0.0,True,0,0.0,NORMAL,
2026-02-09,13071559.659999995,0.007255923700801794,-0.07579319288603592,0.01566808521577867,0.7,0.0,True,0,0.0,NORMAL,
2026-02-10,13072857.659999995,9.929955060924999e-05,-0.0757014195654195,0.015729352931470375,0.7,0.0,True,0,0.0,NORMAL,
2026-02-11,13038709.929999996,-0.0026121090650656252,-0.07811578826619994,0.012888648860590157,0.65,-0.0026121090650656252,True,1,0.0,NORMAL,
2026-02-12,12896030.929999996,-0.010942723687081829,-0.08820371246668617,0.0015999900126058009,0.6,-0.013526249164407918,True,2,0.0,NORMAL,
2026-02-13,12914288.929999996,0.0014157844455480076,-0.08691280546528808,0.0030766563709243577,0.6,-0.012129614972033487,True,0,0.0,NORMAL,
2026-02-24,13071261.599999998,0.012154960358316981,-0.0758142668120318,0.015298680543512022,0.65,-0.0001220896028632195,True,0,0.0,NORMAL,
2026-02-25,13043559.599999998,-0.0021193057600499715,-0.07777289895973305,0.01326538672193478,0.65,-0.0022411366177146007,True,1,0.0,NORMAL,
2026-02-26,12985091.599999998,-0.004482518713679969,-0.08190679919840888,0.008654625193704746,0.65,-0.0067136093945657505,True,2,0.0,NORMAL,
2026-02-27,12932951.299999997,-0.004015397165161373,-0.08559330803426152,0.004545765743766417,0.6,-0.010702048751596183,True,3,0.3571,WARNING,WARN: consecutive_losses=3 >= 3; WARN: rejection_rate=35.71% > 25%
2026-03-02,12437123.299999997,-0.03833834895829231,-0.1206501508806417,-0.0340327216342432,0.55,-0.04863009883028114,True,4,0.0,WARNING,WARN: rolling_20d_return=-0.0340 < 0.0; WARN: cumulative_drawdown=-0.1207 < -0.1; WARN: consecutive_losses=4 >= 3
2026-03-03,12102932.299999997,-0.026870441977527075,-0.1442786699793506,-0.0600344636645358,0.5,-0.07419382855882774,True,5,0.0,HALTED,HALT: rolling_20d_return=-0.0600 < -0.05; WARN: cumulative_drawdown=-0.1443 < -0.1; HALT: consecutive_losses=5 >= 5
2026-03-04,12012930.889999997,-0.0074363309460138164,-0.15064209698694728,-0.0670061854288676,0.45,-0.0810784296415263,True,6,0.1429,HALTED,HALT: rolling_20d_return=-0.0670 < -0.05; WARN: rolling_20d_winrate=0.4500 < 0.5; WARN: rolling_20d_max_drawdown=-0.0811 < -0.08; HALT: cumulative_drawdown=-0.1506 < -0.15; HALT: consecutive_losses=6 >= 5
2026-03-05,12221697.889999997,0.01737852335218088,-0.13588151083507555,-0.050782885933629895,0.5,-0.06510892967222884,True,0,0.0,HALTED,HALT: rolling_20d_return=-0.0508 < -0.05; WARN: cumulative_drawdown=-0.1359 < -0.1
2026-03-06,12641746.889999997,0.034369119886664135,-0.10618251888468318,-0.01823562339496665,0.55,-0.03297754639516192,True,0,0.0,WARNING,WARN: rolling_20d_return=-0.0182 < 0.0; WARN: cumulative_drawdown=-0.1062 < -0.1
2026-03-09,12542245.789999997,-0.007870834692846761,-0.11321760852411851,-0.025943956574316696,0.5,-0.04058882027175668,True,1,0.1429,WARNING,WARN: rolling_20d_return=-0.0259 < 0.0; WARN: cumulative_drawdown=-0.1132 < -0.1
2026-03-10,12917139.789999997,0.029890500176523817,-0.08671123929517047,0.0013345512547038307,0.55,-0.011911540234730697,True,0,0.0,NORMAL,
2026-03-11,12794647.789999997,-0.009482904264520623,-0.09537186917879704,-0.010718966788745732,0.5,-0.021281488503562384,True,1,0.0,WARNING,WARN: rolling_20d_return=-0.0107 < 0.0
2026-03-12,12553476.169999998,-0.01884941453319984,-0.11242357981503964,-0.029948143611479794,0.45,-0.03972975943807505,True,2,0.125,WARNING,WARN: rolling_20d_return=-0.0299 < 0.0; WARN: rolling_20d_winrate=0.4500 < 0.5; WARN: cumulative_drawdown=-0.1124 < -0.1
2026-03-13,12566448.169999998,0.0010333392778488066,-0.11150641223797009,-0.03166648140352035,0.45,-0.03873747448115309,True,0,0.0,WARNING,WARN: rolling_20d_return=-0.0317 < 0.0; WARN: rolling_20d_winrate=0.4500 < 0.5; WARN: cumulative_drawdown=-0.1115 < -0.1
2026-03-16,12577201.169999998,0.000855691270479334,-0.11074613603104524,-0.03781939591438144,0.45,-0.037914930529427696,True,0,0.0,WARNING,WARN: rolling_20d_return=-0.0378 < 0.0; WARN: rolling_20d_winrate=0.4500 < 0.5; WARN: cumulative_drawdown=-0.1107 < -0.1
2026-03-17,12358871.179999996,-0.017359187234818007,-0.12618286035496773,-0.0546159453861903,0.4,-0.05461594538619025,True,1,0.6667,HALTED,HALT: rolling_20d_return=-0.0546 < -0.05; WARN: rolling_20d_winrate=0.4000 < 0.5; WARN: cumulative_drawdown=-0.1262 < -0.1; HALT: rejection_rate=66.67% > 40%
2026-03-18,12592828.179999996,0.01893028874502761,-0.10964124959113315,-0.034196768882333806,0.4,-0.03660193136980763,True,0,0.0,WARNING,WARN: rolling_20d_return=-0.0342 < 0.0; WARN: rolling_20d_winrate=0.4000 < 0.5; WARN: cumulative_drawdown=-0.1096 < -0.1
2026-03-19,12190206.179999996,-0.03197232537798353,-0.13810808926234025,-0.05473193681305788,0.4,-0.06740400788857305,True,1,0.0,HALTED,HALT: rolling_20d_return=-0.0547 < -0.05; WARN: rolling_20d_winrate=0.4000 < 0.5; WARN: cumulative_drawdown=-0.1381 < -0.1
2026-03-20,11649892.179999996,-0.04432361454939724,-0.17631025409711978,-0.09790680360749837,0.4,-0.10874003317323265,True,2,0.0,HALTED,HALT: rolling_20d_return=-0.0979 < -0.05; WARN: rolling_20d_winrate=0.4000 < 0.5; WARN: rolling_20d_max_drawdown=-0.1087 < -0.08; HALT: cumulative_drawdown=-0.1763 < -0.15
2026-03-23,10907991.179999996,-0.06368307865317946,-0.22876535297127032,-0.1654982117410918,0.35,-0.16549821174109178,True,3,0.0,HALTED,HALT: rolling_20d_return=-0.1655 < -0.05; WARN: rolling_20d_winrate=0.3500 < 0.5; HALT: rolling_20d_max_drawdown=-0.1655 < -0.12; HALT: cumulative_drawdown=-0.2288 < -0.15; WARN: consecutive_losses=3 >= 3
2026-03-24,11659829.179999996,0.06892543160270508,-0.1756076720578552,-0.10608533731850334,0.35,-0.10608533731850331,True,0,0.0,HALTED,HALT: rolling_20d_return=-0.1061 < -0.05; WARN: rolling_20d_winrate=0.3500 < 0.5; WARN: rolling_20d_max_drawdown=-0.1061 < -0.08; HALT: cumulative_drawdown=-0.1756 < -0.15
2026-03-25,11953750.259999998,0.025208009093663414,-0.15482638275834326,-0.07942503385959943,0.4,-0.07942503385959943,True,0,0.375,HALTED,HALT: rolling_20d_return=-0.0794 < -0.05; WARN: rolling_20d_winrate=0.4000 < 0.5; HALT: cumulative_drawdown=-0.1548 < -0.15; WARN: rejection_rate=37.50% > 25%
2026-03-26,11755830.259999998,-0.016557146978575077,-0.16882004656142732,-0.09101720192822493,0.4,-0.09101720192822495,True,1,0.0,HALTED,HALT: rolling_20d_return=-0.0910 < -0.05; WARN: rolling_20d_winrate=0.4000 < 0.5; WARN: rolling_20d_max_drawdown=-0.0910 < -0.08; HALT: cumulative_drawdown=-0.1688 < -0.15
2026-03-27,11972916.259999998,0.018466241447756326,-0.15347127685469578,-0.03732430955315846,0.45,-0.07309849899828323,True,0,0.0,HALTED,WARN: rolling_20d_return=-0.0373 < 0.0; WARN: rolling_20d_winrate=0.4500 < 0.5; HALT: cumulative_drawdown=-0.1535 < -0.15
2026-03-30,12142194.329999996,0.01413841593175884,-0.14150270166868675,0.0032440097182069305,0.5,-0.05999358004934938,True,0,0.0,WARNING,WARN: cumulative_drawdown=-0.1415 < -0.1
2026-03-31,11919821.329999996,-0.01831407025421904,-0.15722528150338366,-0.007750777961896715,0.5,-0.07720892366374252,True,1,0.0,HALTED,WARN: rolling_20d_return=-0.0078 < 0.0; HALT: cumulative_drawdown=-0.1572 < -0.15
2026-04-01,12159548.609999996,0.020111650448706803,-0.14027569095797243,-0.005085159243778503,0.55,-0.058650072099281796,True,0,0.0,WARNING,WARN: rolling_20d_return=-0.0051 < 0.0; WARN: cumulative_drawdown=-0.1403 < -0.1
2026-04-02,12161318.609999996,0.0001455646140140724,-0.14015054552076822,-0.038003314271387145,0.55,-0.05851304486037475,True,0,0.0,WARNING,WARN: rolling_20d_return=-0.0380 < 0.0; WARN: cumulative_drawdown=-0.1402 < -0.1
2026-04-03,12166038.609999996,0.0003881158081097262,-0.13981682435489032,-0.0299952007239368,0.55,-0.05814763888995597,True,0,0.0,WARNING,WARN: rolling_20d_return=-0.0300 < 0.0; WARN: cumulative_drawdown=-0.1398 < -0.1
2026-04-07,12164268.609999996,-0.00014548696225122375,-0.13994196979209453,-0.05828466612886296,0.55,-0.058284666128863016,True,1,0.0,HALTED,HALT: rolling_20d_return=-0.0583 < -0.05; WARN: cumulative_drawdown=-0.1399 < -0.1
2026-04-08,12161082.609999996,-0.00026191463721714057,-0.1401672315790621,-0.04951798520746942,0.5,-0.04951798520746945,True,2,0.0,WARNING,WARN: rolling_20d_return=-0.0495 < 0.0; WARN: cumulative_drawdown=-0.1402 < -0.1
2026-04-09,12162498.609999996,0.00011643700198497381,-0.14006711522929874,-0.031144963729994646,0.55,-0.03417259124391551,True,0,0.0,WARNING,WARN: rolling_20d_return=-0.0311 < 0.0; WARN: cumulative_drawdown=-0.1401 < -0.1
2026-04-10,12163324.609999996,6.791367682631129e-05,-0.1400087140252701,-0.03207935564182596,0.6,-0.034106998353407254,True,0,0.0,WARNING,WARN: rolling_20d_return=-0.0321 < 0.0; WARN: cumulative_drawdown=-0.1400 < -0.1
2026-04-13,12164032.609999996,5.820776989030799e-05,-0.1399586558503884,-0.0328505964415613,0.6,-0.03405077587582875,True,0,0.0,WARNING,WARN: rolling_20d_return=-0.0329 < 0.0; WARN: cumulative_drawdown=-0.1400 < -0.1
2026-04-14,12164858.609999996,6.790511226687679e-05,-0.13990025464635977,-0.015698243567257575,0.6,-0.033985182985320495,True,0,0.0,WARNING,WARN: rolling_20d_return=-0.0157 < 0.0; WARN: cumulative_drawdown=-0.1399 < -0.1
2026-04-15,12164976.609999996,9.700071639385872e-06,-0.13989191161721284,-0.033975812572390796,0.65,-0.03397581257239074,True,0,0.0,WARNING,WARN: rolling_20d_return=-0.0340 < 0.0; WARN: cumulative_drawdown=-0.1399 < -0.1
2026-04-16,12164150.609999996,-6.789984284236123e-05,-0.13995031282124146,-0.0021374183188753726,0.6,-0.002137418318875416,True,1,0.0,WARNING,WARN: rolling_20d_return=-0.0021 < 0.0; WARN: cumulative_drawdown=-0.1400 < -0.1
2026-04-17,12165566.609999996,0.00011640763464700315,-0.1398501964714781,0.0442643092341477,0.65,-3.8796523266993e-05,True,0,0.0,WARNING,WARN: cumulative_drawdown=-0.1399 < -0.1
2026-04-20,12165684.609999996,9.69950712390206e-06,-0.13984185344233116,0.11530018765563388,0.7,-2.909739245024475e-05,True,0,0.0,WARNING,WARN: cumulative_drawdown=-0.1398 < -0.1
2026-04-21,12166038.609999996,2.9098239133128418e-05,-0.13981682435489032,0.04341482385250517,0.75,0.0,True,0,0.0,WARNING,WARN: cumulative_drawdown=-0.1398 < -0.1
2026-04-22,12166274.609999996,1.93982616334965e-05,-0.1398001382965964,0.01777888490034396,0.75,0.0,True,0,0.0,WARNING,WARN: cumulative_drawdown=-0.1398 < -0.1
2026-04-23,12166510.609999996,1.939788534824138e-05,-0.13978345223830252,0.03493418507388335,0.75,0.0,True,0,0.0,WARNING,WARN: cumulative_drawdown=-0.1398 < -0.1
2026-04-24,12167808.609999996,0.00010668629992671338,-0.13969167891768608,0.01627776773576106,0.8,0.0,True,0,0.0,WARNING,WARN: cumulative_drawdown=-0.1397 < -0.1
2026-04-27,12167690.609999996,-9.697719924935608e-06,-0.13970002194683304,0.0020998082642282867,0.75,-9.697719924935608e-06,True,1,0.0,WARNING,WARN: cumulative_drawdown=-0.1397 < -0.1
2026-04-28,12168870.609999996,9.697813971619389e-05,-0.13961659165536355,0.020893709150924034,0.75,0.0,True,0,0.0,WARNING,WARN: cumulative_drawdown=-0.1396 < -0.1
2026-04-29,12170404.609999996,0.00012605935662915235,-0.13950813227645323,0.0008927962992864025,0.8,0.0,True,0,0.0,WARNING,WARN: cumulative_drawdown=-0.1395 < -0.1
2026-04-30,12170758.609999996,2.908695407785626e-05,-0.1394831031890124,0.0007762316162194249,0.8,0.0,True,0,0.0,WARNING,WARN: cumulative_drawdown=-0.1395 < -0.1
2026-05-06,12170522.609999996,-1.9390738701044706e-05,-0.1394997892473063,0.00036856697103648806,0.75,-1.9390738701044706e-05,True,1,0.0,WARNING,WARN: cumulative_drawdown=-0.1395 < -0.1
2026-05-07,12179162.859999996,0.0007099325375642191,-0.13888889214911207,0.0012244262665950245,0.75,0.0,True,0,0.0,WARNING,WARN: cumulative_drawdown=-0.1389 < -0.1
2026-05-08,12209187.859999996,0.002465276172520121,-0.13676601545303488,0.003955671673543604,0.8,0.0,True,0,0.0,WARNING,WARN: cumulative_drawdown=-0.1368 < -0.1
2026-05-11,12237750.859999996,0.0023394676474410487,-0.13474650747401562,0.006187236061686141,0.85,0.0,True,0,0.0,WARNING,WARN: cumulative_drawdown=-0.1347 < -0.1
2026-05-12,12185972.529999994,-0.004231033185129082,-0.1384074237144419,0.001861984344426526,0.8,-0.004231033185129082,True,1,0.0,WARNING,WARN: cumulative_drawdown=-0.1384 < -0.1
2026-05-13,12177820.529999994,-0.0006689658933606675,-0.1389837997619497,0.001133499098700419,0.75,-0.004897168661595221,True,2,0.0,WARNING,WARN: cumulative_drawdown=-0.1390 < -0.1
2026-05-14,12252181.529999994,0.006106265059237167,-0.13372620662299894,0.007178293048816453,0.75,0.0,True,0,0.0,WARNING,WARN: cumulative_drawdown=-0.1337 < -0.1
2026-05-15,12133349.609999996,-0.009698837689356218,-0.1421280555395054,-0.0025998405927062374,0.7,-0.009698837689356218,True,1,0.0,WARNING,WARN: rolling_20d_return=-0.0026 < 0.0; WARN: cumulative_drawdown=-0.1421 < -0.1
2026-05-18,12237363.609999996,0.008572570917619841,-0.13477388745738136,0.006018751522183008,0.7,-0.001209410745646867,True,0,0.0,WARNING,WARN: cumulative_drawdown=-0.1348 < -0.1
2026-05-19,12231948.609999996,-0.0004424972708643739,-0.13515674765086205,0.005456548151685281,0.7,-0.001651372855556938,True,1,0.0,WARNING,WARN: cumulative_drawdown=-0.1352 < -0.1
2026-05-20,12090490.359999994,-0.011564653720369245,-0.14515836038667776,-0.00618084821450926,0.65,-0.013196929020688449,True,2,0.0,WARNING,WARN: rolling_20d_return=-0.0062 < 0.0; WARN: cumulative_drawdown=-0.1452 < -0.1
2026-05-21,11722365.359999994,-0.030447483024997852,-0.17118613669786573,-0.03646817704781247,0.6,-0.04324259877334679,True,3,0.0,HALTED,WARN: rolling_20d_return=-0.0365 < 0.0; HALT: cumulative_drawdown=-0.1712 < -0.15; WARN: consecutive_losses=3 >= 3
2026-05-22,12023452.359999994,0.025684833286922917,-0.14989819079305988,-0.011739193350330135,0.6,-0.018668444426810583,True,0,0.0,WARNING,WARN: rolling_20d_return=-0.0117 < 0.0; WARN: cumulative_drawdown=-0.1499 < -0.1
2026-05-25,11785272.989999995,-0.019809565744393177,-0.16673833847197234,-0.03133500082485863,0.55,-0.03810819639398531,True,1,0.3125,HALTED,WARN: rolling_20d_return=-0.0313 < 0.0; HALT: cumulative_drawdown=-0.1667 < -0.15; WARN: rejection_rate=31.25% > 25%
2026-05-26,11566659.989999995,-0.01854967637877348,-0.18219507263215634,-0.04940483855950473,0.5,-0.05595097806227162,True,2,0.0,HALTED,WARN: rolling_20d_return=-0.0494 < 0.0; HALT: cumulative_drawdown=-0.1822 < -0.15
2026-05-27,11296637.989999995,-0.023344854973989783,-0.2012866100585729,-0.07158734125637023,0.45,-0.07798966556774478,True,3,0.0,HALTED,HALT: rolling_20d_return=-0.0716 < -0.05; WARN: rolling_20d_winrate=0.4500 < 0.5; HALT: cumulative_drawdown=-0.2013 < -0.15; WARN: consecutive_losses=3 >= 3
2026-05-28,11287258.869999994,-0.0008302576402203579,-0.20194974795291806,-0.07244811521584604,0.45,-0.0787551716922693,True,4,0.1111,HALTED,HALT: rolling_20d_return=-0.0724 < -0.05; WARN: rolling_20d_winrate=0.4500 < 0.5; HALT: cumulative_drawdown=-0.2019 < -0.15; WARN: consecutive_losses=4 >= 3
