date,time,code,name,side,quantity,price,gross_amount,commission,stamp_tax,transfer_fee,net_amount,source_file,source_line_no,raw_text,parse_status
2020-01-02,09:30:00,511880.XSHG,银华日利,buy,9900,100.106,991049.4,0.0,0,0,991049.4,母版交易记录-20200101-20210319.txt,20,"2020-01-02	09:30:00	银华日利(511880.XSHG)	买	市价单	9900股	100.106	991,049.40	0.00	0.00",parsed
2020-02-03,09:30:00,511880.XSHG,银华日利,sell,-9900,100.311,-993078.9,0.0,0,0,-993078.9,母版交易记录-20200101-20210319.txt,22,"2020-02-03	09:30:00	银华日利(511880.XSHG)	卖	市价单	-9900股	100.311	-993,078.90	2,029.50	0.00",parsed
2020-02-03,09:30:00,600671.XSHG,天目药业,buy,1700,11.24,19108.0,5.0,0,0,19113.0,母版交易记录-20200101-20210319.txt,23,"2020-02-03	09:30:00	天目药业(600671.XSHG)	买	市价单	1700股	11.24	19,108.00	0.00	5.00",parsed
2020-02-03,09:30:00,300539.XSHE,横河模具,buy,3100,6.38,19778.0,5.0,0,0,19783.0,母版交易记录-20200101-20210319.txt,24,"2020-02-03	09:30:00	横河模具(300539.XSHE)	买	市价单	3100股	6.38	19,778.00	0.00	5.00",parsed
2020-02-03,09:30:00,600791.XSHG,京能置业,buy,6300,3.15,19845.0,5.0,0,0,19850.0,母版交易记录-20200101-20210319.txt,25,"2020-02-03	09:30:00	京能置业(600791.XSHG)	买	市价单	6300股	3.15	19,845.00	0.00	5.00",parsed
2020-02-03,09:30:00,002076.XSHE,雪莱特,buy,9600,2.08,19968.0,5.0,0,0,19973.0,母版交易记录-20200101-20210319.txt,26,"2020-02-03	09:30:00	雪莱特(002076.XSHE)	买	市价单	9600股	2.08	19,968.00	0.00	5.00",parsed
2020-02-03,09:30:00,300218.XSHE,安利股份,buy,2800,6.95,19460.0,5.0,0,0,19465.0,母版交易记录-20200101-20210319.txt,27,"2020-02-03	09:30:00	安利股份(300218.XSHE)	买	市价单	2800股	6.95	19,460.00	0.00	5.00",parsed
2020-02-03,09:30:00,600889.XSHG,南京化纤,buy,4800,4.13,19824.0,5.0,0,0,19829.0,母版交易记录-20200101-20210319.txt,28,"2020-02-03	09:30:00	南京化纤(600889.XSHG)	买	市价单	4800股	4.13	19,824.00	0.00	5.00",parsed
2020-02-03,09:30:00,600766.XSHG,园城黄金,buy,2900,6.76,19604.0,5.0,0,0,19609.0,母版交易记录-20200101-20210319.txt,29,"2020-02-03	09:30:00	园城黄金(600766.XSHG)	买	市价单	2900股	6.76	19,604.00	0.00	5.00",parsed
2020-02-03,09:30:00,603139.XSHG,康惠制药,buy,1200,15.64,18768.0,5.0,0,0,18773.0,母版交易记录-20200101-20210319.txt,30,"2020-02-03	09:30:00	康惠制药(603139.XSHG)	买	市价单	1200股	15.64	18,768.00	0.00	5.00",parsed
2020-02-03,09:30:00,603356.XSHG,华菱精工,buy,1600,11.99,19184.0,5.0,0,0,19189.0,母版交易记录-20200101-20210319.txt,31,"2020-02-03	09:30:00	华菱精工(603356.XSHG)	买	市价单	1600股	11.99	19,184.00	0.00	5.00",parsed
2020-02-03,09:30:00,300412.XSHE,迦南科技,buy,3200,6.09,19488.0,5.0,0,0,19493.0,母版交易记录-20200101-20210319.txt,32,"2020-02-03	09:30:00	迦南科技(300412.XSHE)	买	市价单	3200股	6.09	19,488.00	0.00	5.00",parsed
2020-02-06,09:30:00,002076.XSHE,雪莱特,sell,-400,2.22,-888.0,5.89,0,0,-893.89,母版交易记录-20200101-20210319.txt,34,2020-02-06	09:30:00	雪莱特(002076.XSHE)	卖	市价单	-400股	2.22	-888.00	56.00	5.89,parsed
2020-02-06,09:30:00,600889.XSHG,南京化纤,sell,-100,4.39,-439.0,5.44,0,0,-444.44,母版交易记录-20200101-20210319.txt,35,2020-02-06	09:30:00	南京化纤(600889.XSHG)	卖	市价单	-100股	4.39	-439.00	26.00	5.44,parsed
2020-02-06,09:30:00,300412.XSHE,迦南科技,sell,-100,6.72,-672.0,5.67,0,0,-677.67,母版交易记录-20200101-20210319.txt,36,2020-02-06	09:30:00	迦南科技(300412.XSHE)	卖	市价单	-100股	6.72	-672.00	63.00	5.67,parsed
2020-02-06,09:30:00,300029.XSHE,天龙光电,buy,3800,5.33,20254.0,5.0,0,0,20259.0,母版交易记录-20200101-20210319.txt,37,"2020-02-06	09:30:00	天龙光电(300029.XSHE)	买	市价单	3800股	5.33	20,254.00	0.00	5.00",parsed
2020-02-06,09:30:00,000679.XSHE,大连友谊,buy,6600,3.03,19998.0,5.0,0,0,20003.0,母版交易记录-20200101-20210319.txt,38,"2020-02-06	09:30:00	大连友谊(000679.XSHE)	买	市价单	6600股	3.03	19,998.00	0.00	5.00",parsed
2020-02-06,09:30:00,002473.XSHE,圣莱达,buy,2900,6.86,19894.0,5.0,0,0,19899.0,母版交易记录-20200101-20210319.txt,39,"2020-02-06	09:30:00	圣莱达(002473.XSHE)	买	市价单	2900股	6.86	19,894.00	0.00	5.00",parsed
2020-02-06,09:30:00,600561.XSHG,江西长运,buy,4300,4.62,19866.0,5.0,0,0,19871.0,母版交易记录-20200101-20210319.txt,40,"2020-02-06	09:30:00	江西长运(600561.XSHG)	买	市价单	4300股	4.62	19,866.00	0.00	5.00",parsed
2020-02-06,09:30:00,300106.XSHE,西部牧业,buy,3800,5.25,19950.0,5.0,0,0,19955.0,母版交易记录-20200101-20210319.txt,41,"2020-02-06	09:30:00	西部牧业(300106.XSHE)	买	市价单	3800股	5.25	19,950.00	0.00	5.00",parsed
2020-02-06,09:30:00,000929.XSHE,兰州黄河,buy,3300,6.05,19965.0,5.0,0,0,19970.0,母版交易记录-20200101-20210319.txt,42,"2020-02-06	09:30:00	兰州黄河(000929.XSHE)	买	市价单	3300股	6.05	19,965.00	0.00	5.00",parsed
2020-02-06,09:30:00,300665.XSHE,飞鹿股份,buy,2100,9.29,19509.0,5.0,0,0,19514.0,母版交易记录-20200101-20210319.txt,43,"2020-02-06	09:30:00	飞鹿股份(300665.XSHE)	买	市价单	2100股	9.29	19,509.00	0.00	5.00",parsed
2020-02-06,09:30:00,603991.XSHG,至正股份,buy,1300,15.22,19786.0,5.0,0,0,19791.0,母版交易记录-20200101-20210319.txt,44,"2020-02-06	09:30:00	至正股份(603991.XSHG)	买	市价单	1300股	15.22	19,786.00	0.00	5.00",parsed
2020-02-06,09:30:00,000691.XSHE,亚太实业,buy,5700,3.5,19950.0,5.0,0,0,19955.0,母版交易记录-20200101-20210319.txt,45,"2020-02-06	09:30:00	亚太实业(000691.XSHE)	买	市价单	5700股	3.5	19,950.00	0.00	5.00",parsed
2020-02-06,09:30:00,600241.XSHG,时代万恒,buy,5100,3.94,20094.0,5.0,0,0,20099.0,母版交易记录-20200101-20210319.txt,46,"2020-02-06	09:30:00	时代万恒(600241.XSHG)	买	市价单	5100股	3.94	20,094.00	0.00	5.00",parsed
2020-02-11,09:30:00,600889.XSHG,南京化纤,sell,-100,4.56,-456.0,5.46,0,0,-461.46,母版交易记录-20200101-20210319.txt,48,2020-02-11	09:30:00	南京化纤(600889.XSHG)	卖	市价单	-100股	4.56	-456.00	43.00	5.46,parsed
2020-02-11,09:30:00,600766.XSHG,园城黄金,sell,-100,7.45,-745.0,5.74,0,0,-750.74,母版交易记录-20200101-20210319.txt,49,2020-02-11	09:30:00	园城黄金(600766.XSHG)	卖	市价单	-100股	7.45	-745.00	69.00	5.74,parsed
2020-02-11,09:30:00,300412.XSHE,迦南科技,sell,-100,7.04,-704.0,5.7,0,0,-709.7,母版交易记录-20200101-20210319.txt,50,2020-02-11	09:30:00	迦南科技(300412.XSHE)	卖	市价单	-100股	7.04	-704.00	95.00	5.70,parsed
2020-02-11,09:30:00,300029.XSHE,天龙光电,buy,3700,5.45,20165.0,5.0,0,0,20170.0,母版交易记录-20200101-20210319.txt,51,"2020-02-11	09:30:00	天龙光电(300029.XSHE)	买	市价单	3700股	5.45	20,165.00	0.00	5.00",parsed
2020-02-11,09:30:00,000679.XSHE,大连友谊,buy,5900,3.29,19411.0,5.0,0,0,19416.0,母版交易记录-20200101-20210319.txt,52,"2020-02-11	09:30:00	大连友谊(000679.XSHE)	买	市价单	5900股	3.29	19,411.00	0.00	5.00",parsed
2020-02-11,09:30:00,002473.XSHE,圣莱达,buy,2800,7.2,20160.0,5.0,0,0,20165.0,母版交易记录-20200101-20210319.txt,53,"2020-02-11	09:30:00	圣莱达(002473.XSHE)	买	市价单	2800股	7.2	20,160.00	0.00	5.00",parsed
2020-02-11,09:30:00,600561.XSHG,江西长运,buy,4200,4.86,20412.0,5.0,0,0,20417.0,母版交易记录-20200101-20210319.txt,54,"2020-02-11	09:30:00	江西长运(600561.XSHG)	买	市价单	4200股	4.86	20,412.00	0.00	5.00",parsed
2020-02-11,09:30:00,300106.XSHE,西部牧业,sell,-100,5.69,-569.0,5.57,0,0,-574.57,母版交易记录-20200101-20210319.txt,55,2020-02-11	09:30:00	西部牧业(300106.XSHE)	卖	市价单	-100股	5.69	-569.00	44.00	5.57,parsed
2020-02-11,09:30:00,000929.XSHE,兰州黄河,buy,3200,6.3,20160.0,5.0,0,0,20165.0,母版交易记录-20200101-20210319.txt,56,"2020-02-11	09:30:00	兰州黄河(000929.XSHE)	买	市价单	3200股	6.3	20,160.00	0.00	5.00",parsed
2020-02-11,09:30:00,300665.XSHE,飞鹿股份,buy,2200,9.54,20988.0,5.0,0,0,20993.0,母版交易记录-20200101-20210319.txt,57,"2020-02-11	09:30:00	飞鹿股份(300665.XSHE)	买	市价单	2200股	9.54	20,988.00	0.00	5.00",parsed
2020-02-11,09:30:00,603991.XSHG,至正股份,buy,1300,15.67,20371.0,5.0,0,0,20376.0,母版交易记录-20200101-20210319.txt,58,"2020-02-11	09:30:00	至正股份(603991.XSHG)	买	市价单	1300股	15.67	20,371.00	0.00	5.00",parsed
2020-02-11,09:30:00,000691.XSHE,亚太实业,buy,5600,3.65,20440.0,5.0,0,0,20445.0,母版交易记录-20200101-20210319.txt,59,"2020-02-11	09:30:00	亚太实业(000691.XSHE)	买	市价单	5600股	3.65	20,440.00	0.00	5.00",parsed
2020-02-11,09:30:00,600241.XSHG,时代万恒,buy,5100,4.05,20655.0,5.0,0,0,20660.0,母版交易记录-20200101-20210319.txt,60,"2020-02-11	09:30:00	时代万恒(600241.XSHG)	买	市价单	5100股	4.05	20,655.00	0.00	5.00",parsed
2020-02-11,09:30:00,300736.XSHE,百邦科技,buy,2200,9.19,20218.0,5.0,0,0,20223.0,母版交易记录-20200101-20210319.txt,61,"2020-02-11	09:30:00	百邦科技(300736.XSHE)	买	市价单	2200股	9.19	20,218.00	0.00	5.00",parsed
2020-02-11,14:00:00,002076.XSHE,雪莱特,sell,-700,2.45,-1715.0,6.72,0,0,-1721.72,母版交易记录-20200101-20210319.txt,62,"2020-02-11	14:00:00	雪莱特(002076.XSHE)	卖	市价单	-700股	2.45	-1,715.00	259.00	6.72",parsed
2020-02-14,09:30:00,002076.XSHE,雪莱特,buy,600,2.23,1338.0,5.0,0,0,1343.0,母版交易记录-20200101-20210319.txt,64,"2020-02-14	09:30:00	雪莱特(002076.XSHE)	买	市价单	600股	2.23	1,338.00	0.00	5.00",parsed
2020-02-14,09:30:00,600766.XSHG,园城黄金,sell,-100,7.66,-766.0,5.77,0,0,-771.77,母版交易记录-20200101-20210319.txt,65,2020-02-14	09:30:00	园城黄金(600766.XSHG)	卖	市价单	-100股	7.66	-766.00	90.00	5.77,parsed
2020-02-14,09:30:00,300029.XSHE,天龙光电,buy,3700,5.43,20091.0,5.0,0,0,20096.0,母版交易记录-20200101-20210319.txt,66,"2020-02-14	09:30:00	天龙光电(300029.XSHE)	买	市价单	3700股	5.43	20,091.00	0.00	5.00",parsed
2020-02-14,09:30:00,000679.XSHE,大连友谊,sell,-100,3.3,-330.0,5.33,0,0,-335.33,母版交易记录-20200101-20210319.txt,67,2020-02-14	09:30:00	大连友谊(000679.XSHE)	卖	市价单	-100股	3.3	-330.00	14.73	5.33,parsed
2020-02-14,09:30:00,002473.XSHE,圣莱达,buy,2700,7.27,19629.0,5.0,0,0,19634.0,母版交易记录-20200101-20210319.txt,68,"2020-02-14	09:30:00	圣莱达(002473.XSHE)	买	市价单	2700股	7.27	19,629.00	0.00	5.00",parsed
2020-02-14,09:30:00,600561.XSHG,江西长运,buy,4300,4.78,20554.0,5.0,0,0,20559.0,母版交易记录-20200101-20210319.txt,69,"2020-02-14	09:30:00	江西长运(600561.XSHG)	买	市价单	4300股	4.78	20,554.00	0.00	5.00",parsed
2020-02-14,09:30:00,300106.XSHE,西部牧业,buy,3700,5.47,20239.0,5.0,0,0,20244.0,母版交易记录-20200101-20210319.txt,70,"2020-02-14	09:30:00	西部牧业(300106.XSHE)	买	市价单	3700股	5.47	20,239.00	0.00	5.00",parsed
2020-02-14,09:30:00,000929.XSHE,兰州黄河,buy,3300,6.21,20493.0,5.0,0,0,20498.0,母版交易记录-20200101-20210319.txt,71,"2020-02-14	09:30:00	兰州黄河(000929.XSHE)	买	市价单	3300股	6.21	20,493.00	0.00	5.00",parsed
2020-02-14,09:30:00,300665.XSHE,飞鹿股份,buy,2200,9.36,20592.0,5.0,0,0,20597.0,母版交易记录-20200101-20210319.txt,72,"2020-02-14	09:30:00	飞鹿股份(300665.XSHE)	买	市价单	2200股	9.36	20,592.00	0.00	5.00",parsed
2020-02-14,09:30:00,603991.XSHG,至正股份,buy,1300,15.48,20124.0,5.0,0,0,20129.0,母版交易记录-20200101-20210319.txt,73,"2020-02-14	09:30:00	至正股份(603991.XSHG)	买	市价单	1300股	15.48	20,124.00	0.00	5.00",parsed
2020-02-14,09:30:00,000691.XSHE,亚太实业,buy,6000,3.53,21180.0,5.0,0,0,21185.0,母版交易记录-20200101-20210319.txt,74,"2020-02-14	09:30:00	亚太实业(000691.XSHE)	买	市价单	6000股	3.53	21,180.00	0.00	5.00",parsed
2020-02-14,09:30:00,600241.XSHG,时代万恒,sell,-100,4.07,-407.0,5.41,0,0,-412.41,母版交易记录-20200101-20210319.txt,75,2020-02-14	09:30:00	时代万恒(600241.XSHG)	卖	市价单	-100股	4.07	-407.00	7.50	5.41,parsed
2020-02-14,09:30:00,300736.XSHE,百邦科技,buy,2300,9.01,20723.0,5.0,0,0,20728.0,母版交易记录-20200101-20210319.txt,76,"2020-02-14	09:30:00	百邦科技(300736.XSHE)	买	市价单	2300股	9.01	20,723.00	0.00	5.00",parsed
2020-02-14,09:30:00,002633.XSHE,申科股份,buy,2600,7.77,20202.0,5.0,0,0,20207.0,母版交易记录-20200101-20210319.txt,77,"2020-02-14	09:30:00	申科股份(002633.XSHE)	买	市价单	2600股	7.77	20,202.00	0.00	5.00",parsed
2020-02-19,09:30:00,002076.XSHE,雪莱特,buy,100,2.32,232.0,5.0,0,0,237.0,母版交易记录-20200101-20210319.txt,79,2020-02-19	09:30:00	雪莱特(002076.XSHE)	买	市价单	100股	2.32	232.00	0.00	5.00,parsed
2020-02-19,09:30:00,000679.XSHE,大连友谊,buy,6500,3.41,22165.0,5.0,0,0,22170.0,母版交易记录-20200101-20210319.txt,80,"2020-02-19	09:30:00	大连友谊(000679.XSHE)	买	市价单	6500股	3.41	22,165.00	0.00	5.00",parsed
2020-02-19,09:30:00,002473.XSHE,圣莱达,buy,2700,7.7,20790.0,5.0,0,0,20795.0,母版交易记录-20200101-20210319.txt,81,"2020-02-19	09:30:00	圣莱达(002473.XSHE)	买	市价单	2700股	7.7	20,790.00	0.00	5.00",parsed
2020-02-19,09:30:00,600561.XSHG,江西长运,buy,4200,5.05,21210.0,5.0,0,0,21215.0,母版交易记录-20200101-20210319.txt,82,"2020-02-19	09:30:00	江西长运(600561.XSHG)	买	市价单	4200股	5.05	21,210.00	0.00	5.00",parsed
2020-02-19,09:30:00,300106.XSHE,西部牧业,buy,3500,5.89,20615.0,5.0,0,0,20620.0,母版交易记录-20200101-20210319.txt,83,"2020-02-19	09:30:00	西部牧业(300106.XSHE)	买	市价单	3500股	5.89	20,615.00	0.00	5.00",parsed
2020-02-19,09:30:00,000929.XSHE,兰州黄河,buy,3500,6.48,22680.0,5.0,0,0,22685.0,母版交易记录-20200101-20210319.txt,84,"2020-02-19	09:30:00	兰州黄河(000929.XSHE)	买	市价单	3500股	6.48	22,680.00	0.00	5.00",parsed
2020-02-19,09:30:00,300665.XSHE,飞鹿股份,buy,2200,9.85,21670.0,5.0,0,0,21675.0,母版交易记录-20200101-20210319.txt,85,"2020-02-19	09:30:00	飞鹿股份(300665.XSHE)	买	市价单	2200股	9.85	21,670.00	0.00	5.00",parsed
2020-02-19,09:30:00,603991.XSHG,至正股份,buy,1400,16.0,22400.0,5.0,0,0,22405.0,母版交易记录-20200101-20210319.txt,86,"2020-02-19	09:30:00	至正股份(603991.XSHG)	买	市价单	1400股	16	22,400.00	0.00	5.00",parsed
2020-02-19,09:30:00,000691.XSHE,亚太实业,buy,5600,3.75,21000.0,5.0,0,0,21005.0,母版交易记录-20200101-20210319.txt,87,"2020-02-19	09:30:00	亚太实业(000691.XSHE)	买	市价单	5600股	3.75	21,000.00	0.00	5.00",parsed
2020-02-19,09:30:00,600241.XSHG,时代万恒,buy,5200,4.22,21944.0,5.0,0,0,21949.0,母版交易记录-20200101-20210319.txt,88,"2020-02-19	09:30:00	时代万恒(600241.XSHG)	买	市价单	5200股	4.22	21,944.00	0.00	5.00",parsed
2020-02-19,09:30:00,002633.XSHE,申科股份,buy,1500,8.1,12150.0,5.0,0,0,12155.0,母版交易记录-20200101-20210319.txt,89,"2020-02-19	09:30:00	申科股份(002633.XSHE)	买	市价单	1500股	8.1	12,150.00	0.00	5.00",parsed
2020-02-19,14:00:00,300412.XSHE,迦南科技,sell,-500,8.74,-4370.0,9.37,0,0,-4379.37,母版交易记录-20200101-20210319.txt,90,"2020-02-19	14:00:00	迦南科技(300412.XSHE)	卖	市价单	-500股	8.74	-4,370.00	1,325.00	9.37",parsed
2020-02-19,14:00:00,300029.XSHE,天龙光电,sell,-900,6.33,-5697.0,10.7,0,0,-5707.7,母版交易记录-20200101-20210319.txt,91,"2020-02-19	14:00:00	天龙光电(300029.XSHE)	卖	市价单	-900股	6.33	-5,697.00	834.59	10.70",parsed
2020-02-21,14:00:00,300029.XSHE,天龙光电,sell,-400,6.71,-2684.0,7.68,0,0,-2691.68,母版交易记录-20200101-20210319.txt,93,"2020-02-21	14:00:00	天龙光电(300029.XSHE)	卖	市价单	-400股	6.71	-2,684.00	522.93	7.68",parsed
2020-02-24,09:30:00,600671.XSHG,天目药业,sell,-1700,12.63,-21471.0,26.47,0,0,-21497.47,母版交易记录-20200101-20210319.txt,95,"2020-02-24	09:30:00	天目药业(600671.XSHG)	卖	市价单	-1700股	12.63	-21,471.00	2,363.00	26.47",parsed
2020-02-24,09:30:00,300539.XSHE,横河模具,sell,-3100,7.16,-22196.0,27.2,0,0,-22223.2,母版交易记录-20200101-20210319.txt,96,"2020-02-24	09:30:00	横河模具(300539.XSHE)	卖	市价单	-3100股	7.16	-22,196.00	2,418.00	27.20",parsed
2020-02-24,09:30:00,600791.XSHG,京能置业,sell,-6300,3.48,-21924.0,26.92,0,0,-21950.92,母版交易记录-20200101-20210319.txt,97,"2020-02-24	09:30:00	京能置业(600791.XSHG)	卖	市价单	-6300股	3.48	-21,924.00	2,079.00	26.92",parsed
2020-02-24,09:30:00,002076.XSHE,雪莱特,sell,-9200,2.33,-21436.0,26.44,0,0,-21462.44,母版交易记录-20200101-20210319.txt,98,"2020-02-24	09:30:00	雪莱特(002076.XSHE)	卖	市价单	-9200股	2.33	-21,436.00	2,186.00	26.44",parsed
2020-02-24,09:30:00,300218.XSHE,安利股份,sell,-2800,7.8,-21840.0,26.84,0,0,-21866.84,母版交易记录-20200101-20210319.txt,99,"2020-02-24	09:30:00	安利股份(300218.XSHE)	卖	市价单	-2800股	7.8	-21,840.00	2,380.00	26.84",parsed
2020-02-24,09:30:00,600889.XSHG,南京化纤,sell,-4600,4.71,-21666.0,26.67,0,0,-21692.67,母版交易记录-20200101-20210319.txt,100,"2020-02-24	09:30:00	南京化纤(600889.XSHG)	卖	市价单	-4600股	4.71	-21,666.00	2,668.00	26.67",parsed
2020-02-24,09:30:00,600766.XSHG,园城黄金,sell,-2700,8.9,-24030.0,29.03,0,0,-24059.03,母版交易记录-20200101-20210319.txt,101,"2020-02-24	09:30:00	园城黄金(600766.XSHG)	卖	市价单	-2700股	8.9	-24,030.00	5,778.00	29.03",parsed
2020-02-24,09:30:00,603139.XSHG,康惠制药,sell,-1200,17.85,-21420.0,26.42,0,0,-21446.42,母版交易记录-20200101-20210319.txt,102,"2020-02-24	09:30:00	康惠制药(603139.XSHG)	卖	市价单	-1200股	17.85	-21,420.00	2,652.00	26.42",parsed
2020-02-24,09:30:00,603356.XSHG,华菱精工,sell,-1600,13.7,-21920.0,26.92,0,0,-21946.92,母版交易记录-20200101-20210319.txt,103,"2020-02-24	09:30:00	华菱精工(603356.XSHG)	卖	市价单	-1600股	13.7	-21,920.00	2,736.00	26.92",parsed
2020-02-24,09:30:00,300412.XSHE,迦南科技,sell,-2500,7.9,-19750.0,24.75,0,0,-19774.75,母版交易记录-20200101-20210319.txt,104,"2020-02-24	09:30:00	迦南科技(300412.XSHE)	卖	市价单	-2500股	7.9	-19,750.00	4,525.00	24.75",parsed
2020-02-24,09:30:00,300029.XSHE,天龙光电,buy,700,6.22,4354.0,5.0,0,0,4359.0,母版交易记录-20200101-20210319.txt,105,"2020-02-24	09:30:00	天龙光电(300029.XSHE)	买	市价单	700股	6.22	4,354.00	0.00	5.00",parsed
2020-02-24,09:30:00,000679.XSHE,大连友谊,buy,6400,3.47,22208.0,5.0,0,0,22213.0,母版交易记录-20200101-20210319.txt,106,"2020-02-24	09:30:00	大连友谊(000679.XSHE)	买	市价单	6400股	3.47	22,208.00	0.00	5.00",parsed
2020-02-24,09:30:00,002473.XSHE,圣莱达,sell,-100,8.07,-807.0,5.81,0,0,-812.81,母版交易记录-20200101-20210319.txt,107,2020-02-24	09:30:00	圣莱达(002473.XSHE)	卖	市价单	-100股	8.07	-807.00	82.02	5.81,parsed
2020-02-24,09:30:00,600561.XSHG,江西长运,buy,4200,5.18,21756.0,5.0,0,0,21761.0,母版交易记录-20200101-20210319.txt,108,"2020-02-24	09:30:00	江西长运(600561.XSHG)	买	市价单	4200股	5.18	21,756.00	0.00	5.00",parsed
2020-02-24,09:30:00,300106.XSHE,西部牧业,buy,3800,5.97,22686.0,5.0,0,0,22691.0,母版交易记录-20200101-20210319.txt,109,"2020-02-24	09:30:00	西部牧业(300106.XSHE)	买	市价单	3800股	5.97	22,686.00	0.00	5.00",parsed
2020-02-24,09:30:00,000929.XSHE,兰州黄河,buy,3300,6.62,21846.0,5.0,0,0,21851.0,母版交易记录-20200101-20210319.txt,110,"2020-02-24	09:30:00	兰州黄河(000929.XSHE)	买	市价单	3300股	6.62	21,846.00	0.00	5.00",parsed
2020-02-24,09:30:00,300665.XSHE,飞鹿股份,buy,2000,10.24,20480.0,5.0,0,0,20485.0,母版交易记录-20200101-20210319.txt,111,"2020-02-24	09:30:00	飞鹿股份(300665.XSHE)	买	市价单	2000股	10.24	20,480.00	0.00	5.00",parsed
2020-02-24,09:30:00,603991.XSHG,至正股份,buy,1200,16.7,20040.0,5.0,0,0,20045.0,母版交易记录-20200101-20210319.txt,112,"2020-02-24	09:30:00	至正股份(603991.XSHG)	买	市价单	1200股	16.7	20,040.00	0.00	5.00",parsed
2020-02-24,09:30:00,000691.XSHE,亚太实业,buy,5300,3.9,20670.0,5.0,0,0,20675.0,母版交易记录-20200101-20210319.txt,113,"2020-02-24	09:30:00	亚太实业(000691.XSHE)	买	市价单	5300股	3.9	20,670.00	0.00	5.00",parsed
2020-02-24,09:30:00,600241.XSHG,时代万恒,buy,5000,4.33,21650.0,5.0,0,0,21655.0,母版交易记录-20200101-20210319.txt,114,"2020-02-24	09:30:00	时代万恒(600241.XSHG)	买	市价单	5000股	4.33	21,650.00	0.00	5.00",parsed
2020-02-24,09:30:00,300736.XSHE,百邦科技,sell,-100,10.01,-1001.0,6.0,0,0,-1007.0,母版交易记录-20200101-20210319.txt,115,"2020-02-24	09:30:00	百邦科技(300736.XSHE)	卖	市价单	-100股	10.01	-1,001.00	91.20	6.00",parsed
2020-02-24,09:30:00,002633.XSHE,申科股份,buy,3900,8.18,31902.0,5.0,0,0,31907.0,母版交易记录-20200101-20210319.txt,116,"2020-02-24	09:30:00	申科股份(002633.XSHE)	买	市价单	3900股	8.18	31,902.00	0.00	5.00",parsed
2020-02-24,09:30:00,603269.XSHG,海鸥股份,buy,1500,13.9,20850.0,5.0,0,0,20855.0,母版交易记录-20200101-20210319.txt,117,"2020-02-24	09:30:00	海鸥股份(603269.XSHG)	买	市价单	1500股	13.9	20,850.00	0.00	5.00",parsed
2020-02-27,09:30:00,600561.XSHG,江西长运,buy,400,4.99,1996.0,5.0,0,0,2001.0,母版交易记录-20200101-20210319.txt,119,"2020-02-27	09:30:00	江西长运(600561.XSHG)	买	市价单	400股	4.99	1,996.00	0.00	5.00",parsed
2020-02-27,09:30:00,300106.XSHE,西部牧业,sell,-3800,5.95,-22610.0,27.61,0,0,-22637.61,母版交易记录-20200101-20210319.txt,120,"2020-02-27	09:30:00	西部牧业(300106.XSHE)	卖	市价单	-3800股	5.95	-22,610.00	1,163.27	27.61",parsed
2020-02-27,09:30:00,000929.XSHE,兰州黄河,buy,200,6.42,1284.0,5.0,0,0,1289.0,母版交易记录-20200101-20210319.txt,121,"2020-02-27	09:30:00	兰州黄河(000929.XSHE)	买	市价单	200股	6.42	1,284.00	0.00	5.00",parsed
2020-02-27,09:30:00,300736.XSHE,百邦科技,sell,-200,10.31,-2062.0,7.06,0,0,-2069.06,母版交易记录-20200101-20210319.txt,122,"2020-02-27	09:30:00	百邦科技(300736.XSHE)	卖	市价单	-200股	10.31	-2,062.00	242.40	7.06",parsed
2020-02-27,09:30:00,002633.XSHE,申科股份,buy,2600,8.07,20982.0,5.0,0,0,20987.0,母版交易记录-20200101-20210319.txt,123,"2020-02-27	09:30:00	申科股份(002633.XSHE)	买	市价单	2600股	8.07	20,982.00	0.00	5.00",parsed
2020-03-03,09:30:00,300029.XSHE,天龙光电,buy,500,5.72,2860.0,5.0,0,0,2865.0,母版交易记录-20200101-20210319.txt,125,"2020-03-03	09:30:00	天龙光电(300029.XSHE)	买	市价单	500股	5.72	2,860.00	0.00	5.00",parsed
2020-03-03,09:30:00,002473.XSHE,圣莱达,sell,-2800,7.75,-21700.0,26.7,0,0,-21726.7,母版交易记录-20200101-20210319.txt,126,"2020-03-03	09:30:00	圣莱达(002473.XSHE)	卖	市价单	-2800股	7.75	-21,700.00	1,400.50	26.70",parsed
2020-03-03,09:30:00,300106.XSHE,西部牧业,buy,4000,5.66,22640.0,5.0,0,0,22645.0,母版交易记录-20200101-20210319.txt,127,"2020-03-03	09:30:00	西部牧业(300106.XSHE)	买	市价单	4000股	5.66	22,640.00	0.00	5.00",parsed
2020-03-03,09:30:00,000691.XSHE,亚太实业,sell,-400,3.81,-1524.0,6.52,0,0,-1530.52,母版交易记录-20200101-20210319.txt,128,"2020-03-03	09:30:00	亚太实业(000691.XSHE)	卖	市价单	-400股	3.81	-1,524.00	59.60	6.52",parsed
2020-03-03,09:30:00,600241.XSHG,时代万恒,buy,300,4.06,1218.0,5.0,0,0,1223.0,母版交易记录-20200101-20210319.txt,129,"2020-03-03	09:30:00	时代万恒(600241.XSHG)	买	市价单	300股	4.06	1,218.00	0.00	5.00",parsed
2020-03-03,09:30:00,300736.XSHE,百邦科技,sell,-2000,9.64,-19280.0,24.28,0,0,-19304.28,母版交易记录-20200101-20210319.txt,130,"2020-03-03	09:30:00	百邦科技(300736.XSHE)	卖	市价单	-2000股	9.64	-19,280.00	1,084.00	24.28",parsed
2020-03-03,09:30:00,002633.XSHE,申科股份,buy,2300,8.15,18745.0,5.0,0,0,18750.0,母版交易记录-20200101-20210319.txt,131,"2020-03-03	09:30:00	申科股份(002633.XSHE)	买	市价单	2300股	8.15	18,745.00	0.00	5.00",parsed
2020-03-03,09:30:00,600241.XSHG,时代万恒,buy,200,4.06,812.0,5.0,0,0,817.0,母版交易记录-20200101-20210319.txt,132,2020-03-03	09:30:00	时代万恒(600241.XSHG)	买	市价单	200股	4.06	812.00	0.00	5.00,parsed
2020-03-06,09:30:00,600561.XSHG,江西长运,sell,-100,5.12,-512.0,5.51,0,0,-517.51,母版交易记录-20200101-20210319.txt,134,2020-03-06	09:30:00	江西长运(600561.XSHG)	卖	市价单	-100股	5.12	-512.00	22.21	5.51,parsed
2020-03-06,09:30:00,300106.XSHE,西部牧业,sell,-100,5.96,-596.0,5.6,0,0,-601.6,母版交易记录-20200101-20210319.txt,135,2020-03-06	09:30:00	西部牧业(300106.XSHE)	卖	市价单	-100股	5.96	-596.00	31.18	5.60,parsed
2020-03-06,09:30:00,000929.XSHE,兰州黄河,sell,-200,6.63,-1326.0,6.33,0,0,-1332.33,母版交易记录-20200101-20210319.txt,136,"2020-03-06	09:30:00	兰州黄河(000929.XSHE)	卖	市价单	-200股	6.63	-1,326.00	59.00	6.33",parsed
2020-03-06,09:30:00,000691.XSHE,亚太实业,sell,-5300,3.9,-20670.0,25.67,0,0,-20695.67,母版交易记录-20200101-20210319.txt,137,"2020-03-06	09:30:00	亚太实业(000691.XSHE)	卖	市价单	-5300股	3.9	-20,670.00	1,266.74	25.67",parsed
2020-03-06,09:30:00,600241.XSHG,时代万恒,buy,5500,4.16,22880.0,5.0,0,0,22885.0,母版交易记录-20200101-20210319.txt,138,"2020-03-06	09:30:00	时代万恒(600241.XSHG)	买	市价单	5500股	4.16	22,880.00	0.00	5.00",parsed
2020-03-06,09:30:00,300736.XSHE,百邦科技,sell,-2200,10.17,-22374.0,27.37,0,0,-22401.37,母版交易记录-20200101-20210319.txt,139,"2020-03-06	09:30:00	百邦科技(300736.XSHE)	卖	市价单	-2200股	10.17	-22,374.00	2,358.40	27.37",parsed
2020-03-06,09:30:00,002633.XSHE,申科股份,buy,400,8.22,3288.0,5.0,0,0,3293.0,母版交易记录-20200101-20210319.txt,140,"2020-03-06	09:30:00	申科股份(002633.XSHE)	买	市价单	400股	8.22	3,288.00	0.00	5.00",parsed
2020-03-06,09:30:00,000679.XSHE,大连友谊,buy,5400,3.56,19224.0,5.0,0,0,19229.0,母版交易记录-20200101-20210319.txt,141,"2020-03-06	09:30:00	大连友谊(000679.XSHE)	买	市价单	5400股	3.56	19,224.00	0.00	5.00",parsed
2020-03-11,14:00:00,603991.XSHG,至正股份,sell,-2100,21.19,-44499.0,49.5,0,0,-44548.5,母版交易记录-20200101-20210319.txt,143,"2020-03-11	14:00:00	至正股份(603991.XSHG)	卖	市价单	-2100股	21.19	-44,499.00	11,312.22	49.50",parsed
2020-03-13,14:00:00,603991.XSHG,至正股份,sell,-700,24.76,-17332.0,22.33,0,0,-17354.33,母版交易记录-20200101-20210319.txt,145,"2020-03-13	14:00:00	至正股份(603991.XSHG)	卖	市价单	-700股	24.76	-17,332.00	6,269.74	22.33",parsed
2020-03-16,09:30:00,300029.XSHE,天龙光电,buy,8100,5.9,47790.0,5.0,0,0,47795.0,母版交易记录-20200101-20210319.txt,147,"2020-03-16	09:30:00	天龙光电(300029.XSHE)	买	市价单	8100股	5.9	47,790.00	0.00	5.00",parsed
2020-03-16,09:30:00,000679.XSHE,大连友谊,sell,-5700,3.64,-20748.0,25.75,0,0,-20773.75,母版交易记录-20200101-20210319.txt,148,"2020-03-16	09:30:00	大连友谊(000679.XSHE)	卖	市价单	-5700股	3.64	-20,748.00	1,681.64	25.75",parsed
2020-03-16,09:30:00,002473.XSHE,圣莱达,buy,3500,7.76,27160.0,5.0,0,0,27165.0,母版交易记录-20200101-20210319.txt,149,"2020-03-16	09:30:00	圣莱达(002473.XSHE)	买	市价单	3500股	7.76	27,160.00	0.00	5.00",parsed
2020-03-16,09:30:00,600561.XSHG,江西长运,buy,600,5.14,3084.0,5.0,0,0,3089.0,母版交易记录-20200101-20210319.txt,150,"2020-03-16	09:30:00	江西长运(600561.XSHG)	买	市价单	600股	5.14	3,084.00	0.00	5.00",parsed
2020-03-16,09:30:00,300106.XSHE,西部牧业,buy,600,5.9,3540.0,5.0,0,0,3545.0,母版交易记录-20200101-20210319.txt,151,"2020-03-16	09:30:00	西部牧业(300106.XSHE)	买	市价单	600股	5.9	3,540.00	0.00	5.00",parsed
2020-03-16,09:30:00,000929.XSHE,兰州黄河,buy,100,6.59,659.0,5.0,0,0,664.0,母版交易记录-20200101-20210319.txt,152,2020-03-16	09:30:00	兰州黄河(000929.XSHE)	买	市价单	100股	6.59	659.00	0.00	5.00,parsed
2020-03-16,09:30:00,603991.XSHG,至正股份,sell,-500,21.56,-10780.0,15.78,0,0,-10795.78,母版交易记录-20200101-20210319.txt,153,"2020-03-16	09:30:00	至正股份(603991.XSHG)	卖	市价单	-500股	21.56	-10,780.00	2,878.38	15.78",parsed
2020-03-16,09:30:00,000691.XSHE,亚太实业,sell,-5900,4.11,-24249.0,29.25,0,0,-24278.25,母版交易记录-20200101-20210319.txt,154,"2020-03-16	09:30:00	亚太实业(000691.XSHE)	卖	市价单	-5900股	4.11	-24,249.00	2,649.14	29.25",parsed
2020-03-16,09:30:00,600241.XSHG,时代万恒,buy,1000,4.15,4150.0,5.0,0,0,4155.0,母版交易记录-20200101-20210319.txt,155,"2020-03-16	09:30:00	时代万恒(600241.XSHG)	买	市价单	1000股	4.15	4,150.00	0.00	5.00",parsed
2020-03-16,09:30:00,002633.XSHE,申科股份,buy,100,8.46,846.0,5.0,0,0,851.0,母版交易记录-20200101-20210319.txt,156,2020-03-16	09:30:00	申科股份(002633.XSHE)	买	市价单	100股	8.46	846.00	0.00	5.00,parsed
2020-03-16,09:30:00,603269.XSHG,海鸥股份,sell,-1500,13.88,-20820.0,25.82,0,0,-20845.82,母版交易记录-20200101-20210319.txt,157,"2020-03-16	09:30:00	海鸥股份(603269.XSHG)	卖	市价单	-1500股	13.88	-20,820.00	-30.00	25.82",parsed
2020-03-16,09:30:00,000929.XSHE,兰州黄河,buy,500,6.59,3295.0,5.0,0,0,3300.0,母版交易记录-20200101-20210319.txt,158,"2020-03-16	09:30:00	兰州黄河(000929.XSHE)	买	市价单	500股	6.59	3,295.00	0.00	5.00",parsed
2020-03-16,09:30:00,300736.XSHE,百邦科技,buy,2300,9.68,22264.0,5.0,0,0,22269.0,母版交易记录-20200101-20210319.txt,159,"2020-03-16	09:30:00	百邦科技(300736.XSHE)	买	市价单	2300股	9.68	22,264.00	0.00	5.00",parsed
2020-03-16,09:30:00,300665.XSHE,飞鹿股份,buy,100,10.49,1049.0,5.0,0,0,1054.0,母版交易记录-20200101-20210319.txt,160,"2020-03-16	09:30:00	飞鹿股份(300665.XSHE)	买	市价单	100股	10.49	1,049.00	0.00	5.00",parsed
2020-03-16,09:30:00,002209.XSHE,达意隆,buy,3500,6.47,22645.0,5.0,0,0,22650.0,母版交易记录-20200101-20210319.txt,161,"2020-03-16	09:30:00	达意隆(002209.XSHE)	买	市价单	3500股	6.47	22,645.00	0.00	5.00",parsed
2020-03-19,09:30:00,300029.XSHE,天龙光电,sell,-100,5.63,-563.0,5.56,0,0,-568.56,母版交易记录-20200101-20210319.txt,163,2020-03-19	09:30:00	天龙光电(300029.XSHE)	卖	市价单	-100股	5.63	-563.00	-2.05	5.56,parsed
2020-03-19,09:30:00,000679.XSHE,大连友谊,buy,600,3.33,1998.0,5.0,0,0,2003.0,母版交易记录-20200101-20210319.txt,164,"2020-03-19	09:30:00	大连友谊(000679.XSHE)	买	市价单	600股	3.33	1,998.00	0.00	5.00",parsed
2020-03-19,09:30:00,002473.XSHE,圣莱达,sell,-3600,7.97,-28692.0,33.69,0,0,-28725.69,母版交易记录-20200101-20210319.txt,165,"2020-03-19	09:30:00	圣莱达(002473.XSHE)	卖	市价单	-3600股	7.97	-28,692.00	2,043.22	33.69",parsed
2020-03-19,09:30:00,600561.XSHG,江西长运,sell,-100,4.88,-488.0,5.49,0,0,-493.49,母版交易记录-20200101-20210319.txt,166,2020-03-19	09:30:00	江西长运(600561.XSHG)	卖	市价单	-100股	4.88	-488.00	-2.44	5.49,parsed
2020-03-19,09:30:00,300106.XSHE,西部牧业,sell,-400,5.75,-2300.0,7.3,0,0,-2307.3,母版交易记录-20200101-20210319.txt,167,"2020-03-19	09:30:00	西部牧业(300106.XSHE)	卖	市价单	-400股	5.75	-2,300.00	36.79	7.30",parsed
2020-03-19,09:30:00,300665.XSHE,飞鹿股份,buy,200,9.74,1948.0,5.0,0,0,1953.0,母版交易记录-20200101-20210319.txt,168,"2020-03-19	09:30:00	飞鹿股份(300665.XSHE)	买	市价单	200股	9.74	1,948.00	0.00	5.00",parsed
2020-03-19,09:30:00,603991.XSHG,至正股份,sell,-900,18.69,-16821.0,21.82,0,0,-16842.82,母版交易记录-20200101-20210319.txt,169,"2020-03-19	09:30:00	至正股份(603991.XSHG)	卖	市价单	-900股	18.69	-16,821.00	2,598.09	21.82",parsed
2020-03-19,09:30:00,000691.XSHE,亚太实业,buy,500,3.74,1870.0,5.0,0,0,1875.0,母版交易记录-20200101-20210319.txt,170,"2020-03-19	09:30:00	亚太实业(000691.XSHE)	买	市价单	500股	3.74	1,870.00	0.00	5.00",parsed
2020-03-19,09:30:00,600241.XSHG,时代万恒,buy,200,3.89,778.0,5.0,0,0,783.0,母版交易记录-20200101-20210319.txt,171,2020-03-19	09:30:00	时代万恒(600241.XSHG)	买	市价单	200股	3.89	778.00	0.00	5.00,parsed
2020-03-19,09:30:00,002633.XSHE,申科股份,buy,100,7.9,790.0,5.0,0,0,795.0,母版交易记录-20200101-20210319.txt,172,2020-03-19	09:30:00	申科股份(002633.XSHE)	买	市价单	100股	7.9	790.00	0.00	5.00,parsed
2020-03-19,09:30:00,002209.XSHE,达意隆,buy,3500,6.1,21350.0,5.0,0,0,21355.0,母版交易记录-20200101-20210319.txt,173,"2020-03-19	09:30:00	达意隆(002209.XSHE)	买	市价单	3500股	6.1	21,350.00	0.00	5.00",parsed
2020-03-19,09:30:00,000679.XSHE,大连友谊,buy,100,3.33,333.0,5.0,0,0,338.0,母版交易记录-20200101-20210319.txt,174,2020-03-19	09:30:00	大连友谊(000679.XSHE)	买	市价单	100股	3.33	333.00	0.00	5.00,parsed
2020-03-19,09:30:00,603389.XSHG,亚振家居,buy,4700,4.47,21009.0,5.0,0,0,21014.0,母版交易记录-20200101-20210319.txt,175,"2020-03-19	09:30:00	亚振家居(603389.XSHG)	买	市价单	4700股	4.47	21,009.00	0.00	5.00",parsed
2020-03-20,14:00:00,000679.XSHE,大连友谊,sell,-1500,3.68,-5520.0,10.52,0,0,-5530.52,母版交易记录-20200101-20210319.txt,177,"2020-03-20	14:00:00	大连友谊(000679.XSHE)	卖	市价单	-1500股	3.68	-5,520.00	503.15	10.52",parsed
2020-03-20,14:00:00,603991.XSHG,至正股份,sell,-300,22.41,-6723.0,11.72,0,0,-6734.72,母版交易记录-20200101-20210319.txt,178,"2020-03-20	14:00:00	至正股份(603991.XSHG)	卖	市价单	-300股	22.41	-6,723.00	1,982.03	11.72",parsed
2020-03-24,09:30:00,300029.XSHE,天龙光电,buy,400,5.71,2284.0,5.0,0,0,2289.0,母版交易记录-20200101-20210319.txt,180,"2020-03-24	09:30:00	天龙光电(300029.XSHE)	买	市价单	400股	5.71	2,284.00	0.00	5.00",parsed
2020-03-24,09:30:00,000679.XSHE,大连友谊,sell,-5500,3.6,-19800.0,24.8,0,0,-19824.8,母版交易记录-20200101-20210319.txt,181,"2020-03-24	09:30:00	大连友谊(000679.XSHE)	卖	市价单	-5500股	3.6	-19,800.00	1,404.88	24.80",parsed
2020-03-24,09:30:00,002473.XSHE,圣莱达,sell,-300,8.61,-2583.0,7.58,0,0,-2590.58,母版交易记录-20200101-20210319.txt,182,"2020-03-24	09:30:00	圣莱达(002473.XSHE)	卖	市价单	-300股	8.61	-2,583.00	362.27	7.58",parsed
2020-03-24,09:30:00,600561.XSHG,江西长运,buy,900,4.88,4392.0,5.0,0,0,4397.0,母版交易记录-20200101-20210319.txt,183,"2020-03-24	09:30:00	江西长运(600561.XSHG)	买	市价单	900股	4.88	4,392.00	0.00	5.00",parsed
2020-03-24,09:30:00,300106.XSHE,西部牧业,sell,-4100,6.19,-25379.0,30.38,0,0,-25409.38,母版交易记录-20200101-20210319.txt,184,"2020-03-24	09:30:00	西部牧业(300106.XSHE)	卖	市价单	-4100股	6.19	-25,379.00	2,181.13	30.38",parsed
2020-03-24,09:30:00,000929.XSHE,兰州黄河,sell,-800,6.84,-5472.0,10.47,0,0,-5482.47,母版交易记录-20200101-20210319.txt,185,"2020-03-24	09:30:00	兰州黄河(000929.XSHE)	卖	市价单	-800股	6.84	-5,472.00	396.88	10.47",parsed
2020-03-24,09:30:00,300665.XSHE,飞鹿股份,sell,-2300,10.28,-23644.0,28.64,0,0,-23672.64,母版交易记录-20200101-20210319.txt,186,"2020-03-24	09:30:00	飞鹿股份(300665.XSHE)	卖	市价单	-2300股	10.28	-23,644.00	1,431.02	28.64",parsed
2020-03-24,09:30:00,603991.XSHG,至正股份,sell,-900,20.86,-18774.0,23.77,0,0,-18797.77,母版交易记录-20200101-20210319.txt,187,"2020-03-24	09:30:00	至正股份(603991.XSHG)	卖	市价单	-900股	20.86	-18,774.00	4,551.09	23.77",parsed
2020-03-24,09:30:00,000691.XSHE,亚太实业,sell,-5800,3.98,-23084.0,28.08,0,0,-23112.08,母版交易记录-20200101-20210319.txt,188,"2020-03-24	09:30:00	亚太实业(000691.XSHE)	卖	市价单	-5800股	3.98	-23,084.00	1,836.84	28.08",parsed
2020-03-24,09:30:00,600241.XSHG,时代万恒,buy,1600,3.83,6128.0,5.0,0,0,6133.0,母版交易记录-20200101-20210319.txt,189,"2020-03-24	09:30:00	时代万恒(600241.XSHG)	买	市价单	1600股	3.83	6,128.00	0.00	5.00",parsed
2020-03-24,09:30:00,002633.XSHE,申科股份,buy,400,8.02,3208.0,5.0,0,0,3213.0,母版交易记录-20200101-20210319.txt,190,"2020-03-24	09:30:00	申科股份(002633.XSHE)	买	市价单	400股	8.02	3,208.00	0.00	5.00",parsed
2020-03-24,09:30:00,300736.XSHE,百邦科技,buy,2500,9.23,23075.0,5.0,0,0,23080.0,母版交易记录-20200101-20210319.txt,191,"2020-03-24	09:30:00	百邦科技(300736.XSHE)	买	市价单	2500股	9.23	23,075.00	0.00	5.00",parsed
2020-03-24,09:30:00,002209.XSHE,达意隆,buy,3900,6.15,23985.0,5.0,0,0,23990.0,母版交易记录-20200101-20210319.txt,192,"2020-03-24	09:30:00	达意隆(002209.XSHE)	买	市价单	3900股	6.15	23,985.00	0.00	5.00",parsed
2020-03-24,09:30:00,603389.XSHG,亚振家居,buy,5500,4.35,23925.0,5.0,0,0,23930.0,母版交易记录-20200101-20210319.txt,193,"2020-03-24	09:30:00	亚振家居(603389.XSHG)	买	市价单	5500股	4.35	23,925.00	0.00	5.00",parsed
2020-03-24,09:30:00,600599.XSHG,熊猫金控,buy,3000,7.3,21900.0,5.0,0,0,21905.0,母版交易记录-20200101-20210319.txt,194,"2020-03-24	09:30:00	熊猫金控(600599.XSHG)	买	市价单	3000股	7.3	21,900.00	0.00	5.00",parsed
2020-03-24,09:30:00,600506.XSHG,香梨股份,buy,2700,8.25,22275.0,5.0,0,0,22280.0,母版交易记录-20200101-20210319.txt,195,"2020-03-24	09:30:00	香梨股份(600506.XSHG)	买	市价单	2700股	8.25	22,275.00	0.00	5.00",parsed
2020-03-26,14:00:00,300029.XSHE,天龙光电,sell,-1600,6.35,-10160.0,15.16,0,0,-10175.16,母版交易记录-20200101-20210319.txt,197,"2020-03-26	14:00:00	天龙光电(300029.XSHE)	卖	市价单	-1600股	6.35	-10,160.00	1,117.17	15.16",parsed
2020-03-27,09:30:00,300029.XSHE,天龙光电,buy,500,6.13,3065.0,5.0,0,0,3070.0,母版交易记录-20200101-20210319.txt,199,"2020-03-27	09:30:00	天龙光电(300029.XSHE)	买	市价单	500股	6.13	3,065.00	0.00	5.00",parsed
2020-03-27,09:30:00,000679.XSHE,大连友谊,buy,800,3.48,2784.0,5.0,0,0,2789.0,母版交易记录-20200101-20210319.txt,200,"2020-03-27	09:30:00	大连友谊(000679.XSHE)	买	市价单	800股	3.48	2,784.00	0.00	5.00",parsed
2020-03-27,09:30:00,002473.XSHE,圣莱达,sell,-2400,8.4,-20160.0,25.16,0,0,-20185.16,母版交易记录-20200101-20210319.txt,201,"2020-03-27	09:30:00	圣莱达(002473.XSHE)	卖	市价单	-2400股	8.4	-20,160.00	2,394.15	25.16",parsed
2020-03-27,09:30:00,600561.XSHG,江西长运,sell,-600,5.08,-3048.0,8.05,0,0,-3056.05,母版交易记录-20200101-20210319.txt,202,"2020-03-27	09:30:00	江西长运(600561.XSHG)	卖	市价单	-600股	5.08	-3,048.00	105.91	8.05",parsed
2020-03-27,09:30:00,300106.XSHE,西部牧业,sell,-3600,6.27,-22572.0,27.57,0,0,-22599.57,母版交易记录-20200101-20210319.txt,203,"2020-03-27	09:30:00	西部牧业(300106.XSHE)	卖	市价单	-3600股	6.27	-22,572.00	2,203.14	27.57",parsed
2020-03-27,09:30:00,000929.XSHE,兰州黄河,buy,800,6.55,5240.0,5.0,0,0,5245.0,母版交易记录-20200101-20210319.txt,204,"2020-03-27	09:30:00	兰州黄河(000929.XSHE)	买	市价单	800股	6.55	5,240.00	0.00	5.00",parsed
2020-03-27,09:30:00,300665.XSHE,飞鹿股份,sell,-2100,10.32,-21672.0,26.67,0,0,-21698.67,母版交易记录-20200101-20210319.txt,205,"2020-03-27	09:30:00	飞鹿股份(300665.XSHE)	卖	市价单	-2100股	10.32	-21,672.00	1,390.58	26.67",parsed
2020-03-27,09:30:00,603991.XSHG,至正股份,sell,-1100,19.87,-21857.0,26.86,0,0,-21883.86,母版交易记录-20200101-20210319.txt,206,"2020-03-27	09:30:00	至正股份(603991.XSHG)	卖	市价单	-1100股	19.87	-21,857.00	4,473.45	26.86",parsed
2020-03-27,09:30:00,000691.XSHE,亚太实业,buy,200,3.92,784.0,5.0,0,0,789.0,母版交易记录-20200101-20210319.txt,207,2020-03-27	09:30:00	亚太实业(000691.XSHE)	买	市价单	200股	3.92	784.00	0.00	5.00,parsed
2020-03-27,09:30:00,300736.XSHE,百邦科技,buy,2200,9.59,21098.0,5.0,0,0,21103.0,母版交易记录-20200101-20210319.txt,208,"2020-03-27	09:30:00	百邦科技(300736.XSHE)	买	市价单	2200股	9.59	21,098.00	0.00	5.00",parsed
2020-03-27,09:30:00,002209.XSHE,达意隆,sell,-200,6.36,-1272.0,6.27,0,0,-1278.27,母版交易记录-20200101-20210319.txt,209,"2020-03-27	09:30:00	达意隆(002209.XSHE)	卖	市价单	-200股	6.36	-1,272.00	24.66	6.27",parsed
2020-03-27,09:30:00,603389.XSHG,亚振家居,buy,4900,4.48,21952.0,5.0,0,0,21957.0,母版交易记录-20200101-20210319.txt,210,"2020-03-27	09:30:00	亚振家居(603389.XSHG)	买	市价单	4900股	4.48	21,952.00	0.00	5.00",parsed
2020-03-27,09:30:00,600599.XSHG,熊猫金控,buy,3100,7.37,22847.0,5.0,0,0,22852.0,母版交易记录-20200101-20210319.txt,211,"2020-03-27	09:30:00	熊猫金控(600599.XSHG)	买	市价单	3100股	7.37	22,847.00	0.00	5.00",parsed
2020-03-27,09:30:00,600506.XSHG,香梨股份,sell,-100,8.79,-879.0,5.88,0,0,-884.88,母版交易记录-20200101-20210319.txt,212,2020-03-27	09:30:00	香梨股份(600506.XSHG)	卖	市价单	-100股	8.79	-879.00	54.00	5.88,parsed
2020-03-27,09:30:00,603269.XSHG,海鸥股份,buy,1600,13.68,21888.0,5.0,0,0,21893.0,母版交易记录-20200101-20210319.txt,213,"2020-03-27	09:30:00	海鸥股份(603269.XSHG)	买	市价单	1600股	13.68	21,888.00	0.00	5.00",parsed
2020-03-30,14:00:00,300029.XSHE,天龙光电,sell,-800,6.32,-5056.0,10.06,0,0,-5066.06,母版交易记录-20200101-20210319.txt,215,"2020-03-30	14:00:00	天龙光电(300029.XSHE)	卖	市价单	-800股	6.32	-5,056.00	524.19	10.06",parsed
2020-03-31,14:00:00,300106.XSHE,西部牧业,sell,-1700,7.98,-13566.0,18.57,0,0,-13584.57,母版交易记录-20200101-20210319.txt,217,"2020-03-31	14:00:00	西部牧业(300106.XSHE)	卖	市价单	-1700股	7.98	-13,566.00	3,947.37	18.57",parsed
2020-04-01,09:30:00,300029.XSHE,天龙光电,sell,-17600,6.19,-108944.0,119.84,0,0,-109063.84,母版交易记录-20200101-20210319.txt,219,"2020-04-01	09:30:00	天龙光电(300029.XSHE)	卖	市价单	-17600股	6.19	-108,944.00	9,244.17	119.84",parsed
2020-04-01,09:30:00,000679.XSHE,大连友谊,sell,-19500,3.13,-61035.0,67.14,0,0,-61102.14,母版交易记录-20200101-20210319.txt,220,"2020-04-01	09:30:00	大连友谊(000679.XSHE)	卖	市价单	-19500股	3.13	-61,035.00	-4,292.40	67.14",parsed
2020-04-01,09:30:00,002473.XSHE,圣莱达,sell,-5400,7.4,-39960.0,44.96,0,0,-40004.96,母版交易记录-20200101-20210319.txt,221,"2020-04-01	09:30:00	圣莱达(002473.XSHE)	卖	市价单	-5400股	7.4	-39,960.00	-13.16	44.96",parsed
2020-04-01,09:30:00,600561.XSHG,江西长运,sell,-22300,4.93,-109939.0,120.93,0,0,-110059.93,母版交易记录-20200101-20210319.txt,222,"2020-04-01	09:30:00	江西长运(600561.XSHG)	卖	市价单	-22300股	4.93	-109,939.00	591.32	120.93",parsed
2020-04-01,09:30:00,300106.XSHE,西部牧业,sell,-5600,7.6,-42560.0,47.56,0,0,-42607.56,母版交易记录-20200101-20210319.txt,223,"2020-04-01	09:30:00	西部牧业(300106.XSHE)	卖	市价单	-5600股	7.6	-42,560.00	10,875.11	47.56",parsed
2020-04-01,09:30:00,000929.XSHE,兰州黄河,sell,-17200,6.57,-113004.0,124.3,0,0,-113128.3,母版交易记录-20200101-20210319.txt,224,"2020-04-01	09:30:00	兰州黄河(000929.XSHE)	卖	市价单	-17200股	6.57	-113,004.00	3,724.12	124.30",parsed
2020-04-01,09:30:00,300665.XSHE,飞鹿股份,sell,-6600,9.93,-65538.0,72.09,0,0,-65610.09,母版交易记录-20200101-20210319.txt,225,"2020-04-01	09:30:00	飞鹿股份(300665.XSHE)	卖	市价单	-6600股	9.93	-65,538.00	1,796.40	72.09",parsed
2020-04-01,09:30:00,000691.XSHE,亚太实业,sell,-11500,3.68,-42320.0,47.32,0,0,-42367.32,母版交易记录-20200101-20210319.txt,226,"2020-04-01	09:30:00	亚太实业(000691.XSHE)	卖	市价单	-11500股	3.68	-42,320.00	140.68	47.32",parsed
2020-04-01,09:30:00,600241.XSHG,时代万恒,sell,-29100,3.73,-108543.0,119.4,0,0,-108662.4,母版交易记录-20200101-20210319.txt,227,"2020-04-01	09:30:00	时代万恒(600241.XSHG)	卖	市价单	-29100股	3.73	-108,543.00	-11,366.50	119.40",parsed
2020-04-01,09:30:00,002633.XSHE,申科股份,sell,-13900,7.92,-110088.0,121.1,0,0,-110209.1,母版交易记录-20200101-20210319.txt,228,"2020-04-01	09:30:00	申科股份(002633.XSHE)	卖	市价单	-13900股	7.92	-110,088.00	-2,025.00	121.10",parsed
2020-04-01,09:30:00,300736.XSHE,百邦科技,sell,-7000,9.08,-63560.0,69.92,0,0,-63629.92,母版交易记录-20200101-20210319.txt,229,"2020-04-01	09:30:00	百邦科技(300736.XSHE)	卖	市价单	-7000股	9.08	-63,560.00	-2,877.00	69.92",parsed
2020-04-01,09:30:00,002209.XSHE,达意隆,sell,-10700,6.26,-66982.0,73.68,0,0,-67055.68,母版交易记录-20200101-20210319.txt,230,"2020-04-01	09:30:00	达意隆(002209.XSHE)	卖	市价单	-10700股	6.26	-66,982.00	249.34	73.68",parsed
2020-04-01,09:30:00,603389.XSHG,亚振家居,sell,-15100,4.2,-63420.0,69.76,0,0,-63489.76,母版交易记录-20200101-20210319.txt,231,"2020-04-01	09:30:00	亚振家居(603389.XSHG)	卖	市价单	-15100股	4.2	-63,420.00	-3,466.00	69.76",parsed
2020-04-01,09:30:00,600599.XSHG,熊猫金控,sell,-6100,6.75,-41175.0,46.18,0,0,-41221.18,母版交易记录-20200101-20210319.txt,232,"2020-04-01	09:30:00	熊猫金控(600599.XSHG)	卖	市价单	-6100股	6.75	-41,175.00	-3,572.00	46.18",parsed
2020-04-01,09:30:00,600506.XSHG,香梨股份,sell,-2600,9.17,-23842.0,28.84,0,0,-23870.84,母版交易记录-20200101-20210319.txt,233,"2020-04-01	09:30:00	香梨股份(600506.XSHG)	卖	市价单	-2600股	9.17	-23,842.00	2,392.00	28.84",parsed
2020-04-01,09:30:00,603269.XSHG,海鸥股份,sell,-1600,13.33,-21328.0,26.33,0,0,-21354.33,母版交易记录-20200101-20210319.txt,234,"2020-04-01	09:30:00	海鸥股份(603269.XSHG)	卖	市价单	-1600股	13.33	-21,328.00	-560.00	26.33",parsed
2020-04-01,09:30:00,511880.XSHG,银华日利,buy,10900,100.715,1097793.5,0.0,0,0,1097793.5,母版交易记录-20200101-20210319.txt,235,"2020-04-01	09:30:00	银华日利(511880.XSHG)	买	市价单	10900股	100.715	1,097,793.50	0.00	0.00",parsed
2020-05-06,09:30:00,511880.XSHG,银华日利,sell,-10900,100.831,-1099057.9,0.0,0,0,-1099057.9,母版交易记录-20200101-20210319.txt,237,"2020-05-06	09:30:00	银华日利(511880.XSHG)	卖	市价单	-10900股	100.831	-1,099,057.90	1,264.40	0.00",parsed
2020-05-06,09:30:00,002071.XSHE,长城影视,buy,12300,1.78,21894.0,5.0,0,0,21899.0,母版交易记录-20200101-20210319.txt,238,"2020-05-06	09:30:00	长城影视(002071.XSHE)	买	市价单	12300股	1.78	21,894.00	0.00	5.00",parsed
2020-05-06,09:30:00,600599.XSHG,熊猫金控,buy,3600,6.02,21672.0,5.0,0,0,21677.0,母版交易记录-20200101-20210319.txt,239,"2020-05-06	09:30:00	熊猫金控(600599.XSHG)	买	市价单	3600股	6.02	21,672.00	0.00	5.00",parsed
2020-05-06,09:30:00,600561.XSHG,江西长运,buy,4700,4.6,21620.0,5.0,0,0,21625.0,母版交易记录-20200101-20210319.txt,240,"2020-05-06	09:30:00	江西长运(600561.XSHG)	买	市价单	4700股	4.6	21,620.00	0.00	5.00",parsed
2020-05-06,09:30:00,300029.XSHE,天龙光电,buy,4000,5.5,22000.0,5.0,0,0,22005.0,母版交易记录-20200101-20210319.txt,241,"2020-05-06	09:30:00	天龙光电(300029.XSHE)	买	市价单	4000股	5.5	22,000.00	0.00	5.00",parsed
2020-05-06,09:30:00,002633.XSHE,申科股份,buy,2900,7.4,21460.0,5.0,0,0,21465.0,母版交易记录-20200101-20210319.txt,242,"2020-05-06	09:30:00	申科股份(002633.XSHE)	买	市价单	2900股	7.4	21,460.00	0.00	5.00",parsed
2020-05-06,09:30:00,002209.XSHE,达意隆,buy,3900,5.63,21957.0,5.0,0,0,21962.0,母版交易记录-20200101-20210319.txt,243,"2020-05-06	09:30:00	达意隆(002209.XSHE)	买	市价单	3900股	5.63	21,957.00	0.00	5.00",parsed
2020-05-06,09:30:00,000929.XSHE,兰州黄河,buy,3600,6.07,21852.0,5.0,0,0,21857.0,母版交易记录-20200101-20210319.txt,244,"2020-05-06	09:30:00	兰州黄河(000929.XSHE)	买	市价单	3600股	6.07	21,852.00	0.00	5.00",parsed
2020-05-06,09:30:00,300736.XSHE,百邦科技,buy,2500,8.7,21750.0,5.0,0,0,21755.0,母版交易记录-20200101-20210319.txt,245,"2020-05-06	09:30:00	百邦科技(300736.XSHE)	买	市价单	2500股	8.7	21,750.00	0.00	5.00",parsed
2020-05-06,09:30:00,300665.XSHE,飞鹿股份,buy,2300,9.48,21804.0,5.0,0,0,21809.0,母版交易记录-20200101-20210319.txt,246,"2020-05-06	09:30:00	飞鹿股份(300665.XSHE)	买	市价单	2300股	9.48	21,804.00	0.00	5.00",parsed
2020-05-06,09:30:00,600520.XSHG,文一科技,buy,2900,7.43,21547.0,5.0,0,0,21552.0,母版交易记录-20200101-20210319.txt,247,"2020-05-06	09:30:00	文一科技(600520.XSHG)	买	市价单	2900股	7.43	21,547.00	0.00	5.00",parsed
2020-05-11,09:30:00,002071.XSHE,长城影视,buy,11300,1.88,21244.0,5.0,0,0,21249.0,母版交易记录-20200101-20210319.txt,249,"2020-05-11	09:30:00	长城影视(002071.XSHE)	买	市价单	11300股	1.88	21,244.00	0.00	5.00",parsed
2020-05-11,09:30:00,600599.XSHG,熊猫金控,buy,3200,6.44,20608.0,5.0,0,0,20613.0,母版交易记录-20200101-20210319.txt,250,"2020-05-11	09:30:00	熊猫金控(600599.XSHG)	买	市价单	3200股	6.44	20,608.00	0.00	5.00",parsed
2020-05-11,09:30:00,600561.XSHG,江西长运,buy,4900,4.62,22638.0,5.0,0,0,22643.0,母版交易记录-20200101-20210319.txt,251,"2020-05-11	09:30:00	江西长运(600561.XSHG)	买	市价单	4900股	4.62	22,638.00	0.00	5.00",parsed
2020-05-11,09:30:00,300029.XSHE,天龙光电,buy,3800,5.65,21470.0,5.0,0,0,21475.0,母版交易记录-20200101-20210319.txt,252,"2020-05-11	09:30:00	天龙光电(300029.XSHE)	买	市价单	3800股	5.65	21,470.00	0.00	5.00",parsed
2020-05-11,09:30:00,002633.XSHE,申科股份,buy,2800,7.75,21700.0,5.0,0,0,21705.0,母版交易记录-20200101-20210319.txt,253,"2020-05-11	09:30:00	申科股份(002633.XSHE)	买	市价单	2800股	7.75	21,700.00	0.00	5.00",parsed
2020-05-11,09:30:00,002209.XSHE,达意隆,buy,3600,5.89,21204.0,5.0,0,0,21209.0,母版交易记录-20200101-20210319.txt,254,"2020-05-11	09:30:00	达意隆(002209.XSHE)	买	市价单	3600股	5.89	21,204.00	0.00	5.00",parsed
2020-05-11,09:30:00,000929.XSHE,兰州黄河,buy,3500,6.24,21840.0,5.0,0,0,21845.0,母版交易记录-20200101-20210319.txt,255,"2020-05-11	09:30:00	兰州黄河(000929.XSHE)	买	市价单	3500股	6.24	21,840.00	0.00	5.00",parsed
2020-05-11,09:30:00,300736.XSHE,百邦科技,buy,2500,8.8,22000.0,5.0,0,0,22005.0,母版交易记录-20200101-20210319.txt,256,"2020-05-11	09:30:00	百邦科技(300736.XSHE)	买	市价单	2500股	8.8	22,000.00	0.00	5.00",parsed
2020-05-11,09:30:00,300665.XSHE,飞鹿股份,buy,2200,9.78,21516.0,5.0,0,0,21521.0,母版交易记录-20200101-20210319.txt,257,"2020-05-11	09:30:00	飞鹿股份(300665.XSHE)	买	市价单	2200股	9.78	21,516.00	0.00	5.00",parsed
2020-05-11,09:30:00,300156.XSHE,神雾环保,buy,25800,0.86,22188.0,5.0,0,0,22193.0,母版交易记录-20200101-20210319.txt,258,"2020-05-11	09:30:00	神雾环保(300156.XSHE)	买	市价单	25800股	0.86	22,188.00	0.00	5.00",parsed
2020-05-14,09:30:00,002071.XSHE,长城影视,buy,14200,1.74,24708.0,5.0,0,0,24713.0,母版交易记录-20200101-20210319.txt,260,"2020-05-14	09:30:00	长城影视(002071.XSHE)	买	市价单	14200股	1.74	24,708.00	0.00	5.00",parsed
2020-05-14,09:30:00,600599.XSHG,熊猫金控,buy,3800,6.17,23446.0,5.0,0,0,23451.0,母版交易记录-20200101-20210319.txt,261,"2020-05-14	09:30:00	熊猫金控(600599.XSHG)	买	市价单	3800股	6.17	23,446.00	0.00	5.00",parsed
2020-05-14,09:30:00,600561.XSHG,江西长运,buy,5000,4.5,22500.0,5.0,0,0,22505.0,母版交易记录-20200101-20210319.txt,262,"2020-05-14	09:30:00	江西长运(600561.XSHG)	买	市价单	5000股	4.5	22,500.00	0.00	5.00",parsed
2020-05-14,09:30:00,300029.XSHE,天龙光电,buy,4200,5.47,22974.0,5.0,0,0,22979.0,母版交易记录-20200101-20210319.txt,263,"2020-05-14	09:30:00	天龙光电(300029.XSHE)	买	市价单	4200股	5.47	22,974.00	0.00	5.00",parsed
2020-05-14,09:30:00,002633.XSHE,申科股份,buy,2700,7.79,21033.0,5.0,0,0,21038.0,母版交易记录-20200101-20210319.txt,264,"2020-05-14	09:30:00	申科股份(002633.XSHE)	买	市价单	2700股	7.79	21,033.00	0.00	5.00",parsed
2020-05-14,09:30:00,002209.XSHE,达意隆,buy,3700,5.85,21645.0,5.0,0,0,21650.0,母版交易记录-20200101-20210319.txt,265,"2020-05-14	09:30:00	达意隆(002209.XSHE)	买	市价单	3700股	5.85	21,645.00	0.00	5.00",parsed
2020-05-14,09:30:00,000929.XSHE,兰州黄河,buy,3400,6.26,21284.0,5.0,0,0,21289.0,母版交易记录-20200101-20210319.txt,266,"2020-05-14	09:30:00	兰州黄河(000929.XSHE)	买	市价单	3400股	6.26	21,284.00	0.00	5.00",parsed
2020-05-14,09:30:00,300736.XSHE,百邦科技,buy,2600,8.67,22542.0,5.0,0,0,22547.0,母版交易记录-20200101-20210319.txt,267,"2020-05-14	09:30:00	百邦科技(300736.XSHE)	买	市价单	2600股	8.67	22,542.00	0.00	5.00",parsed
2020-05-14,09:30:00,300665.XSHE,飞鹿股份,buy,2300,9.68,22264.0,5.0,0,0,22269.0,母版交易记录-20200101-20210319.txt,268,"2020-05-14	09:30:00	飞鹿股份(300665.XSHE)	买	市价单	2300股	9.68	22,264.00	0.00	5.00",parsed
2020-05-14,09:30:00,300156.XSHE,神雾环保,buy,32000,0.76,24320.0,5.0,0,0,24325.0,母版交易记录-20200101-20210319.txt,269,"2020-05-14	09:30:00	神雾环保(300156.XSHE)	买	市价单	32000股	0.76	24,320.00	0.00	5.00",parsed
2020-05-19,09:30:00,002071.XSHE,长城影视,buy,16900,1.58,26702.0,5.0,0,0,26707.0,母版交易记录-20200101-20210319.txt,271,"2020-05-19	09:30:00	长城影视(002071.XSHE)	买	市价单	16900股	1.58	26,702.00	0.00	5.00",parsed
2020-05-19,09:30:00,600599.XSHG,熊猫金控,buy,3400,6.16,20944.0,5.0,0,0,20949.0,母版交易记录-20200101-20210319.txt,272,"2020-05-19	09:30:00	熊猫金控(600599.XSHG)	买	市价单	3400股	6.16	20,944.00	0.00	5.00",parsed
2020-05-19,09:30:00,600561.XSHG,江西长运,buy,4500,4.52,20340.0,5.0,0,0,20345.0,母版交易记录-20200101-20210319.txt,273,"2020-05-19	09:30:00	江西长运(600561.XSHG)	买	市价单	4500股	4.52	20,340.00	0.00	5.00",parsed
2020-05-19,09:30:00,300029.XSHE,天龙光电,buy,4000,5.38,21520.0,5.0,0,0,21525.0,母版交易记录-20200101-20210319.txt,274,"2020-05-19	09:30:00	天龙光电(300029.XSHE)	买	市价单	4000股	5.38	21,520.00	0.00	5.00",parsed
2020-05-19,09:30:00,002633.XSHE,申科股份,buy,2800,7.69,21532.0,5.0,0,0,21537.0,母版交易记录-20200101-20210319.txt,275,"2020-05-19	09:30:00	申科股份(002633.XSHE)	买	市价单	2800股	7.69	21,532.00	0.00	5.00",parsed
2020-05-19,09:30:00,002209.XSHE,达意隆,buy,3900,5.72,22308.0,5.0,0,0,22313.0,母版交易记录-20200101-20210319.txt,276,"2020-05-19	09:30:00	达意隆(002209.XSHE)	买	市价单	3900股	5.72	22,308.00	0.00	5.00",parsed
2020-05-19,09:30:00,000929.XSHE,兰州黄河,buy,3300,6.25,20625.0,5.0,0,0,20630.0,母版交易记录-20200101-20210319.txt,277,"2020-05-19	09:30:00	兰州黄河(000929.XSHE)	买	市价单	3300股	6.25	20,625.00	0.00	5.00",parsed
2020-05-19,09:30:00,300736.XSHE,百邦科技,buy,2300,8.71,20033.0,5.0,0,0,20038.0,母版交易记录-20200101-20210319.txt,278,"2020-05-19	09:30:00	百邦科技(300736.XSHE)	买	市价单	2300股	8.71	20,033.00	0.00	5.00",parsed
2020-05-19,09:30:00,300665.XSHE,飞鹿股份,buy,2200,9.57,21054.0,5.0,0,0,21059.0,母版交易记录-20200101-20210319.txt,279,"2020-05-19	09:30:00	飞鹿股份(300665.XSHE)	买	市价单	2200股	9.57	21,054.00	0.00	5.00",parsed
2020-05-19,09:30:00,300156.XSHE,神雾环保,buy,46700,0.62,28954.0,5.0,0,0,28959.0,母版交易记录-20200101-20210319.txt,280,"2020-05-19	09:30:00	神雾环保(300156.XSHE)	买	市价单	46700股	0.62	28,954.00	0.00	5.00",parsed
2020-05-21,14:00:00,600599.XSHG,熊猫金控,sell,-2900,8.02,-23258.0,28.26,0,0,-23286.26,母版交易记录-20200101-20210319.txt,282,"2020-05-21	14:00:00	熊猫金控(600599.XSHG)	卖	市价单	-2900股	8.02	-23,258.00	5,304.93	28.26",parsed
2020-05-21,14:00:00,600520.XSHG,文一科技,sell,-200,8.44,-1688.0,6.69,0,0,-1694.69,母版交易记录-20200101-20210319.txt,283,"2020-05-21	14:00:00	文一科技(600520.XSHG)	卖	市价单	-200股	8.44	-1,688.00	202.00	6.69",parsed
2020-05-22,09:30:00,600561.XSHG,江西长运,buy,5000,4.6,23000.0,5.0,0,0,23005.0,母版交易记录-20200101-20210319.txt,285,"2020-05-22	09:30:00	江西长运(600561.XSHG)	买	市价单	5000股	4.6	23,000.00	0.00	5.00",parsed
2020-05-22,09:30:00,300029.XSHE,天龙光电,buy,4700,5.36,25192.0,5.0,0,0,25197.0,母版交易记录-20200101-20210319.txt,286,"2020-05-22	09:30:00	天龙光电(300029.XSHE)	买	市价单	4700股	5.36	25,192.00	0.00	5.00",parsed
2020-05-22,09:30:00,002633.XSHE,申科股份,buy,3400,7.55,25670.0,5.0,0,0,25675.0,母版交易记录-20200101-20210319.txt,287,"2020-05-22	09:30:00	申科股份(002633.XSHE)	买	市价单	3400股	7.55	25,670.00	0.00	5.00",parsed
2020-05-22,09:30:00,002209.XSHE,达意隆,buy,4100,5.76,23616.0,5.0,0,0,23621.0,母版交易记录-20200101-20210319.txt,288,"2020-05-22	09:30:00	达意隆(002209.XSHE)	买	市价单	4100股	5.76	23,616.00	0.00	5.00",parsed
2020-05-22,09:30:00,000929.XSHE,兰州黄河,buy,3800,6.28,23864.0,5.0,0,0,23869.0,母版交易记录-20200101-20210319.txt,289,"2020-05-22	09:30:00	兰州黄河(000929.XSHE)	买	市价单	3800股	6.28	23,864.00	0.00	5.00",parsed
2020-05-22,09:30:00,300736.XSHE,百邦科技,buy,3000,8.59,25770.0,5.0,0,0,25775.0,母版交易记录-20200101-20210319.txt,290,"2020-05-22	09:30:00	百邦科技(300736.XSHE)	买	市价单	3000股	8.59	25,770.00	0.00	5.00",parsed
2020-05-22,09:30:00,300665.XSHE,飞鹿股份,buy,2700,9.45,25515.0,5.0,0,0,25520.0,母版交易记录-20200101-20210319.txt,291,"2020-05-22	09:30:00	飞鹿股份(300665.XSHE)	买	市价单	2700股	9.45	25,515.00	0.00	5.00",parsed
2020-05-22,09:30:00,600520.XSHG,文一科技,sell,-100,8.55,-855.0,5.86,0,0,-860.86,母版交易记录-20200101-20210319.txt,292,2020-05-22	09:30:00	文一科技(600520.XSHG)	卖	市价单	-100股	8.55	-855.00	112.00	5.86,parsed
2020-05-22,09:30:00,000502.XSHE,绿景控股,buy,3500,6.19,21665.0,5.0,0,0,21670.0,母版交易记录-20200101-20210319.txt,293,"2020-05-22	09:30:00	绿景控股(000502.XSHE)	买	市价单	3500股	6.19	21,665.00	0.00	5.00",parsed
2020-05-22,09:30:00,603269.XSHG,海鸥股份,buy,1700,12.86,21862.0,5.0,0,0,21867.0,母版交易记录-20200101-20210319.txt,294,"2020-05-22	09:30:00	海鸥股份(603269.XSHG)	买	市价单	1700股	12.86	21,862.00	0.00	5.00",parsed
2020-05-22,09:30:00,002473.XSHE,圣莱达,buy,2900,7.55,21895.0,5.0,0,0,21900.0,母版交易记录-20200101-20210319.txt,295,"2020-05-22	09:30:00	圣莱达(002473.XSHE)	买	市价单	2900股	7.55	21,895.00	0.00	5.00",parsed
2020-05-22,14:00:00,600599.XSHG,熊猫金控,buy,700,7.39,5173.0,5.0,0,0,5178.0,母版交易记录-20200101-20210319.txt,296,"2020-05-22	14:00:00	熊猫金控(600599.XSHG)	买	市价单	700股	7.39	5,173.00	0.00	5.00",parsed
2020-05-25,14:00:00,002071.XSHE,长城影视,sell,-10100,1.93,-19493.0,24.49,0,0,-19517.49,母版交易记录-20200101-20210319.txt,298,"2020-05-25	14:00:00	长城影视(002071.XSHE)	卖	市价单	-10100股	1.93	-19,493.00	2,035.33	24.49",parsed
2020-05-27,09:30:00,002071.XSHE,长城影视,buy,1100,1.91,2101.0,5.0,0,0,2106.0,母版交易记录-20200101-20210319.txt,300,"2020-05-27	09:30:00	长城影视(002071.XSHE)	买	市价单	1100股	1.91	2,101.00	0.00	5.00",parsed
2020-05-27,09:30:00,300029.XSHE,天龙光电,sell,-200,5.33,-1066.0,6.07,0,0,-1072.07,母版交易记录-20200101-20210319.txt,301,"2020-05-27	09:30:00	天龙光电(300029.XSHE)	卖	市价单	-200股	5.33	-1,066.00	-27.29	6.07",parsed
2020-05-27,09:30:00,002633.XSHE,申科股份,sell,-300,7.67,-2301.0,7.3,0,0,-2308.3,母版交易记录-20200101-20210319.txt,302,"2020-05-27	09:30:00	申科股份(002633.XSHE)	卖	市价单	-300股	7.67	-2,301.00	12.06	7.30",parsed
2020-05-27,09:30:00,002209.XSHE,达意隆,sell,-500,5.85,-2925.0,7.93,0,0,-2932.93,母版交易记录-20200101-20210319.txt,303,"2020-05-27	09:30:00	达意隆(002209.XSHE)	卖	市价单	-500股	5.85	-2,925.00	41.41	7.93",parsed
2020-05-27,09:30:00,000929.XSHE,兰州黄河,sell,-200,6.31,-1262.0,6.26,0,0,-1268.26,母版交易记录-20200101-20210319.txt,304,"2020-05-27	09:30:00	兰州黄河(000929.XSHE)	卖	市价单	-200股	6.31	-1,262.00	18.08	6.26",parsed
2020-05-27,09:30:00,300736.XSHE,百邦科技,sell,-400,8.75,-3500.0,8.5,0,0,-3508.5,母版交易记录-20200101-20210319.txt,305,"2020-05-27	09:30:00	百邦科技(300736.XSHE)	卖	市价单	-400股	8.75	-3,500.00	24.19	8.50",parsed
2020-05-27,09:30:00,300665.XSHE,飞鹿股份,sell,-200,9.5,-1900.0,6.9,0,0,-1906.9,母版交易记录-20200101-20210319.txt,306,"2020-05-27	09:30:00	飞鹿股份(300665.XSHE)	卖	市价单	-200股	9.5	-1,900.00	-17.15	6.90",parsed
2020-05-27,09:30:00,000502.XSHE,绿景控股,buy,3200,6.46,20672.0,5.0,0,0,20677.0,母版交易记录-20200101-20210319.txt,307,"2020-05-27	09:30:00	绿景控股(000502.XSHE)	买	市价单	3200股	6.46	20,672.00	0.00	5.00",parsed
2020-05-27,09:30:00,603269.XSHG,海鸥股份,buy,700,12.95,9065.0,5.0,0,0,9070.0,母版交易记录-20200101-20210319.txt,308,"2020-05-27	09:30:00	海鸥股份(603269.XSHG)	买	市价单	700股	12.95	9,065.00	0.00	5.00",parsed
2020-05-27,09:30:00,002473.XSHE,圣莱达,sell,-100,7.96,-796.0,5.8,0,0,-801.8,母版交易记录-20200101-20210319.txt,309,2020-05-27	09:30:00	圣莱达(002473.XSHE)	卖	市价单	-100股	7.96	-796.00	41.00	5.80,parsed
2020-05-27,09:30:00,603269.XSHG,海鸥股份,buy,100,12.95,1295.0,5.0,0,0,1300.0,母版交易记录-20200101-20210319.txt,310,"2020-05-27	09:30:00	海鸥股份(603269.XSHG)	买	市价单	100股	12.95	1,295.00	0.00	5.00",parsed
2020-05-27,14:00:00,600599.XSHG,熊猫金控,sell,-3000,7.52,-22560.0,27.56,0,0,-22587.56,母版交易记录-20200101-20210319.txt,311,"2020-05-27	14:00:00	熊猫金控(600599.XSHG)	卖	市价单	-3000股	7.52	-22,560.00	3,774.42	27.56",parsed
2020-05-27,14:00:00,600520.XSHG,文一科技,sell,-2600,10.06,-26156.0,31.16,0,0,-26187.16,母版交易记录-20200101-20210319.txt,312,"2020-05-27	14:00:00	文一科技(600520.XSHG)	卖	市价单	-2600股	10.06	-26,156.00	6,838.00	31.16",parsed
2020-05-29,14:00:00,600599.XSHG,熊猫金控,sell,-600,8.28,-4968.0,9.97,0,0,-4977.97,母版交易记录-20200101-20210319.txt,314,"2020-05-29	14:00:00	熊猫金控(600599.XSHG)	卖	市价单	-600股	8.28	-4,968.00	1,210.88	9.97",parsed
2020-06-01,09:30:00,600561.XSHG,江西长运,buy,900,4.53,4077.0,5.0,0,0,4082.0,母版交易记录-20200101-20210319.txt,316,"2020-06-01	09:30:00	江西长运(600561.XSHG)	买	市价单	900股	4.53	4,077.00	0.00	5.00",parsed
2020-06-01,09:30:00,300029.XSHE,天龙光电,buy,400,5.41,2164.0,5.0,0,0,2169.0,母版交易记录-20200101-20210319.txt,317,"2020-06-01	09:30:00	天龙光电(300029.XSHE)	买	市价单	400股	5.41	2,164.00	0.00	5.00",parsed
2020-06-01,09:30:00,002633.XSHE,申科股份,buy,300,7.76,2328.0,5.0,0,0,2333.0,母版交易记录-20200101-20210319.txt,318,"2020-06-01	09:30:00	申科股份(002633.XSHE)	买	市价单	300股	7.76	2,328.00	0.00	5.00",parsed
2020-06-01,09:30:00,002209.XSHE,达意隆,buy,600,5.86,3516.0,5.0,0,0,3521.0,母版交易记录-20200101-20210319.txt,319,"2020-06-01	09:30:00	达意隆(002209.XSHE)	买	市价单	600股	5.86	3,516.00	0.00	5.00",parsed
2020-06-01,09:30:00,000929.XSHE,兰州黄河,buy,200,6.44,1288.0,5.0,0,0,1293.0,母版交易记录-20200101-20210319.txt,320,"2020-06-01	09:30:00	兰州黄河(000929.XSHE)	买	市价单	200股	6.44	1,288.00	0.00	5.00",parsed
2020-06-01,09:30:00,300736.XSHE,百邦科技,buy,400,8.8,3520.0,5.0,0,0,3525.0,母版交易记录-20200101-20210319.txt,321,"2020-06-01	09:30:00	百邦科技(300736.XSHE)	买	市价单	400股	8.8	3,520.00	0.00	5.00",parsed
2020-06-01,09:30:00,300665.XSHE,飞鹿股份,buy,200,9.63,1926.0,5.0,0,0,1931.0,母版交易记录-20200101-20210319.txt,322,"2020-06-01	09:30:00	飞鹿股份(300665.XSHE)	买	市价单	200股	9.63	1,926.00	0.00	5.00",parsed
2020-06-01,09:30:00,000502.XSHE,绿景控股,buy,3700,6.53,24161.0,5.0,0,0,24166.0,母版交易记录-20200101-20210319.txt,323,"2020-06-01	09:30:00	绿景控股(000502.XSHE)	买	市价单	3700股	6.53	24,161.00	0.00	5.00",parsed
2020-06-01,09:30:00,603269.XSHG,海鸥股份,buy,800,13.04,10432.0,5.0,0,0,10437.0,母版交易记录-20200101-20210319.txt,324,"2020-06-01	09:30:00	海鸥股份(603269.XSHG)	买	市价单	800股	13.04	10,432.00	0.00	5.00",parsed
2020-06-04,09:30:00,600599.XSHG,熊猫金控,sell,-5200,8.15,-42380.0,47.38,0,0,-42427.38,母版交易记录-20200101-20210319.txt,326,"2020-06-04	09:30:00	熊猫金控(600599.XSHG)	卖	市价单	-5200股	8.15	-42,380.00	9,818.34	47.38",parsed
2020-06-04,09:30:00,600561.XSHG,江西长运,buy,500,4.7,2350.0,5.0,0,0,2355.0,母版交易记录-20200101-20210319.txt,327,"2020-06-04	09:30:00	江西长运(600561.XSHG)	买	市价单	500股	4.7	2,350.00	0.00	5.00",parsed
2020-06-04,09:30:00,300029.XSHE,天龙光电,buy,700,5.56,3892.0,5.0,0,0,3897.0,母版交易记录-20200101-20210319.txt,328,"2020-06-04	09:30:00	天龙光电(300029.XSHE)	买	市价单	700股	5.56	3,892.00	0.00	5.00",parsed
2020-06-04,09:30:00,002633.XSHE,申科股份,buy,700,7.85,5495.0,5.0,0,0,5500.0,母版交易记录-20200101-20210319.txt,329,"2020-06-04	09:30:00	申科股份(002633.XSHE)	买	市价单	700股	7.85	5,495.00	0.00	5.00",parsed
2020-06-04,09:30:00,002209.XSHE,达意隆,buy,300,6.11,1833.0,5.0,0,0,1838.0,母版交易记录-20200101-20210319.txt,330,"2020-06-04	09:30:00	达意隆(002209.XSHE)	买	市价单	300股	6.11	1,833.00	0.00	5.00",parsed
2020-06-04,09:30:00,300736.XSHE,百邦科技,buy,100,9.18,918.0,5.0,0,0,923.0,母版交易记录-20200101-20210319.txt,331,2020-06-04	09:30:00	百邦科技(300736.XSHE)	买	市价单	100股	9.18	918.00	0.00	5.00,parsed
2020-06-04,09:30:00,300665.XSHE,飞鹿股份,buy,300,10.01,3003.0,5.0,0,0,3008.0,母版交易记录-20200101-20210319.txt,332,"2020-06-04	09:30:00	飞鹿股份(300665.XSHE)	买	市价单	300股	10.01	3,003.00	0.00	5.00",parsed
2020-06-04,09:30:00,000502.XSHE,绿景控股,buy,3700,6.67,24679.0,5.0,0,0,24684.0,母版交易记录-20200101-20210319.txt,333,"2020-06-04	09:30:00	绿景控股(000502.XSHE)	买	市价单	3700股	6.67	24,679.00	0.00	5.00",parsed
2020-06-04,14:00:00,000929.XSHE,兰州黄河,sell,-4400,7.53,-33132.0,38.13,0,0,-33170.13,母版交易记录-20200101-20210319.txt,334,"2020-06-04	14:00:00	兰州黄河(000929.XSHE)	卖	市价单	-4400股	7.53	-33,132.00	5,754.73	38.13",parsed
2020-06-05,14:00:00,002071.XSHE,长城影视,sell,-31500,3.47,-109305.0,120.24,0,0,-109425.24,母版交易记录-20200101-20210319.txt,336,"2020-06-05	14:00:00	长城影视(002071.XSHE)	卖	市价单	-31500股	3.47	-109,305.00	54,720.17	120.24",parsed
2020-06-05,14:00:00,600561.XSHG,江西长运,sell,-300,4.88,-1464.0,6.46,0,0,-1470.46,母版交易记录-20200101-20210319.txt,337,"2020-06-05	14:00:00	江西长运(600561.XSHG)	卖	市价单	-300股	4.88	-1,464.00	93.12	6.46",parsed
2020-06-09,09:30:00,600599.XSHG,熊猫金控,buy,300,7.25,2175.0,5.0,0,0,2180.0,母版交易记录-20200101-20210319.txt,339,"2020-06-09	09:30:00	熊猫金控(600599.XSHG)	买	市价单	300股	7.25	2,175.00	0.00	5.00",parsed
2020-06-09,09:30:00,600561.XSHG,江西长运,buy,100,4.75,475.0,5.0,0,0,480.0,母版交易记录-20200101-20210319.txt,340,2020-06-09	09:30:00	江西长运(600561.XSHG)	买	市价单	100股	4.75	475.00	0.00	5.00,parsed
2020-06-09,09:30:00,300029.XSHE,天龙光电,sell,-400,5.7,-2280.0,7.28,0,0,-2287.28,母版交易记录-20200101-20210319.txt,341,"2020-06-09	09:30:00	天龙光电(300029.XSHE)	卖	市价单	-400股	5.7	-2,280.00	92.62	7.28",parsed
2020-06-09,09:30:00,002633.XSHE,申科股份,buy,100,7.81,781.0,5.0,0,0,786.0,母版交易记录-20200101-20210319.txt,342,2020-06-09	09:30:00	申科股份(002633.XSHE)	买	市价单	100股	7.81	781.00	0.00	5.00,parsed
2020-06-09,09:30:00,002209.XSHE,达意隆,buy,300,6.04,1812.0,5.0,0,0,1817.0,母版交易记录-20200101-20210319.txt,343,"2020-06-09	09:30:00	达意隆(002209.XSHE)	买	市价单	300股	6.04	1,812.00	0.00	5.00",parsed
2020-06-09,09:30:00,000929.XSHE,兰州黄河,buy,1100,6.7,7370.0,5.0,0,0,7375.0,母版交易记录-20200101-20210319.txt,344,"2020-06-09	09:30:00	兰州黄河(000929.XSHE)	买	市价单	1100股	6.7	7,370.00	0.00	5.00",parsed
2020-06-09,09:30:00,300736.XSHE,百邦科技,buy,500,8.85,4425.0,5.0,0,0,4430.0,母版交易记录-20200101-20210319.txt,345,"2020-06-09	09:30:00	百邦科技(300736.XSHE)	买	市价单	500股	8.85	4,425.00	0.00	5.00",parsed
2020-06-09,09:30:00,300665.XSHE,飞鹿股份,buy,300,9.74,2922.0,5.0,0,0,2927.0,母版交易记录-20200101-20210319.txt,346,"2020-06-09	09:30:00	飞鹿股份(300665.XSHE)	买	市价单	300股	9.74	2,922.00	0.00	5.00",parsed
2020-06-09,09:30:00,000502.XSHE,绿景控股,buy,4000,6.62,26480.0,5.0,0,0,26485.0,母版交易记录-20200101-20210319.txt,347,"2020-06-09	09:30:00	绿景控股(000502.XSHE)	买	市价单	4000股	6.62	26,480.00	0.00	5.00",parsed
2020-06-09,09:30:00,603269.XSHG,海鸥股份,buy,3300,14.56,48048.0,5.0,0,0,48053.0,母版交易记录-20200101-20210319.txt,348,"2020-06-09	09:30:00	海鸥股份(603269.XSHG)	买	市价单	3300股	14.56	48,048.00	0.00	5.00",parsed
2020-06-09,09:30:00,002473.XSHE,圣莱达,buy,200,7.94,1588.0,5.0,0,0,1593.0,母版交易记录-20200101-20210319.txt,349,"2020-06-09	09:30:00	圣莱达(002473.XSHE)	买	市价单	200股	7.94	1,588.00	0.00	5.00",parsed
2020-06-09,09:30:00,300535.XSHE,达威股份,buy,4100,12.13,49733.0,5.0,0,0,49738.0,母版交易记录-20200101-20210319.txt,350,"2020-06-09	09:30:00	达威股份(300535.XSHE)	买	市价单	4100股	12.13	49,733.00	0.00	5.00",parsed
2020-06-09,09:30:00,300405.XSHE,科隆股份,buy,100,5.75,575.0,5.0,0,0,580.0,母版交易记录-20200101-20210319.txt,351,2020-06-09	09:30:00	科隆股份(300405.XSHE)	买	市价单	100股	5.75	575.00	0.00	5.00,parsed
2020-06-10,14:00:00,002071.XSHE,长城影视,sell,-6300,3.1,-19530.0,24.53,0,0,-19554.53,母版交易记录-20200101-20210319.txt,353,"2020-06-10	14:00:00	长城影视(002071.XSHE)	卖	市价单	-6300股	3.1	-19,530.00	8,613.03	24.53",parsed
2020-06-11,14:00:00,600599.XSHG,*ST熊猫,buy,100,7.09,709.0,5.0,0,0,714.0,母版交易记录-20200101-20210319.txt,355,2020-06-11	14:00:00	*ST熊猫(600599.XSHG)	买	市价单	100股	7.09	709.00	0.00	5.00,parsed
2020-06-12,09:30:00,002071.XSHE,长城影视,buy,400,2.83,1132.0,5.0,0,0,1137.0,母版交易记录-20200101-20210319.txt,357,"2020-06-12	09:30:00	长城影视(002071.XSHE)	买	市价单	400股	2.83	1,132.00	0.00	5.00",parsed
2020-06-12,09:30:00,600561.XSHG,江西长运,buy,500,4.59,2295.0,5.0,0,0,2300.0,母版交易记录-20200101-20210319.txt,358,"2020-06-12	09:30:00	江西长运(600561.XSHG)	买	市价单	500股	4.59	2,295.00	0.00	5.00",parsed
2020-06-12,09:30:00,300029.XSHE,天龙光电,sell,-100,5.63,-563.0,5.56,0,0,-568.56,母版交易记录-20200101-20210319.txt,359,2020-06-12	09:30:00	天龙光电(300029.XSHE)	卖	市价单	-100股	5.63	-563.00	16.15	5.56,parsed
2020-06-12,09:30:00,002633.XSHE,申科股份,sell,-200,7.81,-1562.0,6.56,0,0,-1568.56,母版交易记录-20200101-20210319.txt,360,"2020-06-12	09:30:00	申科股份(002633.XSHE)	卖	市价单	-200股	7.81	-1,562.00	33.30	6.56",parsed
2020-06-12,09:30:00,002209.XSHE,达意隆,buy,100,5.91,591.0,5.0,0,0,596.0,母版交易记录-20200101-20210319.txt,361,2020-06-12	09:30:00	达意隆(002209.XSHE)	买	市价单	100股	5.91	591.00	0.00	5.00,parsed
2020-06-12,09:30:00,000929.XSHE,兰州黄河,sell,-100,6.7,-670.0,5.67,0,0,-675.67,母版交易记录-20200101-20210319.txt,362,2020-06-12	09:30:00	兰州黄河(000929.XSHE)	卖	市价单	-100股	6.7	-670.00	44.11	5.67,parsed
2020-06-12,09:30:00,300736.XSHE,百邦科技,sell,-100,8.88,-888.0,5.89,0,0,-893.89,母版交易记录-20200101-20210319.txt,363,2020-06-12	09:30:00	百邦科技(300736.XSHE)	卖	市价单	-100股	8.88	-888.00	17.76	5.89,parsed
2020-06-12,09:30:00,300665.XSHE,飞鹿股份,buy,100,9.5,950.0,5.0,0,0,955.0,母版交易记录-20200101-20210319.txt,364,2020-06-12	09:30:00	飞鹿股份(300665.XSHE)	买	市价单	100股	9.5	950.00	0.00	5.00,parsed
2020-06-12,09:30:00,603269.XSHG,海鸥股份,sell,-1300,13.6,-17680.0,22.68,0,0,-17702.68,母版交易记录-20200101-20210319.txt,365,"2020-06-12	09:30:00	海鸥股份(603269.XSHG)	卖	市价单	-1300股	13.6	-17,680.00	-185.55	22.68",parsed
2020-06-12,09:30:00,002473.XSHE,圣莱达,sell,-3000,8.06,-24180.0,29.18,0,0,-24209.18,母版交易记录-20200101-20210319.txt,366,"2020-06-12	09:30:00	圣莱达(002473.XSHE)	卖	市价单	-3000股	8.06	-24,180.00	1,452.00	29.18",parsed
2020-06-12,09:30:00,300535.XSHE,达威股份,buy,1700,12.19,20723.0,5.0,0,0,20728.0,母版交易记录-20200101-20210319.txt,367,"2020-06-12	09:30:00	达威股份(300535.XSHE)	买	市价单	1700股	12.19	20,723.00	0.00	5.00",parsed
2020-06-12,09:30:00,300405.XSHE,科隆股份,buy,6800,5.65,38420.0,5.0,0,0,38425.0,母版交易记录-20200101-20210319.txt,368,"2020-06-12	09:30:00	科隆股份(300405.XSHE)	买	市价单	6800股	5.65	38,420.00	0.00	5.00",parsed
2020-06-17,09:30:00,002071.XSHE,长城影视,sell,-8300,2.42,-20086.0,25.09,0,0,-20111.09,母版交易记录-20200101-20210319.txt,370,"2020-06-17	09:30:00	长城影视(002071.XSHE)	卖	市价单	-8300股	2.42	-20,086.00	5,264.47	25.09",parsed
2020-06-17,09:30:00,600561.XSHG,江西长运,buy,200,4.68,936.0,5.0,0,0,941.0,母版交易记录-20200101-20210319.txt,371,2020-06-17	09:30:00	江西长运(600561.XSHG)	买	市价单	200股	4.68	936.00	0.00	5.00,parsed
2020-06-17,09:30:00,300029.XSHE,天龙光电,buy,600,5.59,3354.0,5.0,0,0,3359.0,母版交易记录-20200101-20210319.txt,372,"2020-06-17	09:30:00	天龙光电(300029.XSHE)	买	市价单	600股	5.59	3,354.00	0.00	5.00",parsed
2020-06-17,09:30:00,002633.XSHE,申科股份,sell,-4400,9.07,-39908.0,44.91,0,0,-39952.91,母版交易记录-20200101-20210319.txt,373,"2020-06-17	09:30:00	申科股份(002633.XSHE)	卖	市价单	-4400股	9.07	-39,908.00	6,276.55	44.91",parsed
2020-06-17,09:30:00,002209.XSHE,达意隆,sell,-200,6.15,-1230.0,6.23,0,0,-1236.23,母版交易记录-20200101-20210319.txt,374,"2020-06-17	09:30:00	达意隆(002209.XSHE)	卖	市价单	-200股	6.15	-1,230.00	74.02	6.23",parsed
2020-06-17,09:30:00,000929.XSHE,兰州黄河,sell,-3900,7.15,-27885.0,32.89,0,0,-27917.89,母版交易记录-20200101-20210319.txt,375,"2020-06-17	09:30:00	兰州黄河(000929.XSHE)	卖	市价单	-3900股	7.15	-27,885.00	3,475.42	32.89",parsed
2020-06-17,09:30:00,300665.XSHE,飞鹿股份,buy,100,9.69,969.0,5.0,0,0,974.0,母版交易记录-20200101-20210319.txt,376,2020-06-17	09:30:00	飞鹿股份(300665.XSHE)	买	市价单	100股	9.69	969.00	0.00	5.00,parsed
2020-06-17,09:30:00,000502.XSHE,绿景控股,buy,400,6.58,2632.0,5.0,0,0,2637.0,母版交易记录-20200101-20210319.txt,377,"2020-06-17	09:30:00	绿景控股(000502.XSHE)	买	市价单	400股	6.58	2,632.00	0.00	5.00",parsed
2020-06-17,09:30:00,603269.XSHG,海鸥股份,buy,100,13.34,1334.0,5.0,0,0,1339.0,母版交易记录-20200101-20210319.txt,378,"2020-06-17	09:30:00	海鸥股份(603269.XSHG)	买	市价单	100股	13.34	1,334.00	0.00	5.00",parsed
2020-06-17,09:30:00,300535.XSHE,达威股份,buy,2100,12.25,25725.0,5.0,0,0,25730.0,母版交易记录-20200101-20210319.txt,379,"2020-06-17	09:30:00	达威股份(300535.XSHE)	买	市价单	2100股	12.25	25,725.00	0.00	5.00",parsed
2020-06-17,09:30:00,300405.XSHE,科隆股份,buy,1400,5.85,8190.0,5.0,0,0,8195.0,母版交易记录-20200101-20210319.txt,380,"2020-06-17	09:30:00	科隆股份(300405.XSHE)	买	市价单	1400股	5.85	8,190.00	0.00	5.00",parsed
2020-06-17,09:30:00,002473.XSHE,圣莱达,buy,3000,7.89,23670.0,5.0,0,0,23675.0,母版交易记录-20200101-20210319.txt,381,"2020-06-17	09:30:00	圣莱达(002473.XSHE)	买	市价单	3000股	7.89	23,670.00	0.00	5.00",parsed
2020-06-17,09:30:00,000638.XSHE,万方发展,buy,5500,4.14,22770.0,5.0,0,0,22775.0,母版交易记录-20200101-20210319.txt,382,"2020-06-17	09:30:00	万方发展(000638.XSHE)	买	市价单	5500股	4.14	22,770.00	0.00	5.00",parsed
2020-06-22,09:30:00,600599.XSHG,*ST熊猫,buy,100,5.52,552.0,5.0,0,0,557.0,母版交易记录-20200101-20210319.txt,384,2020-06-22	09:30:00	*ST熊猫(600599.XSHG)	买	市价单	100股	5.52	552.00	0.00	5.00,parsed
2020-06-22,09:30:00,600561.XSHG,江西长运,sell,-400,4.76,-1904.0,6.9,0,0,-1910.9,母版交易记录-20200101-20210319.txt,385,"2020-06-22	09:30:00	江西长运(600561.XSHG)	卖	市价单	-400股	4.76	-1,904.00	75.38	6.90",parsed
2020-06-22,09:30:00,300029.XSHE,天龙光电,buy,100,5.56,556.0,5.0,0,0,561.0,母版交易记录-20200101-20210319.txt,386,2020-06-22	09:30:00	天龙光电(300029.XSHE)	买	市价单	100股	5.56	556.00	0.00	5.00,parsed
2020-06-22,09:30:00,002633.XSHE,申科股份,buy,200,7.98,1596.0,5.0,0,0,1601.0,母版交易记录-20200101-20210319.txt,387,"2020-06-22	09:30:00	申科股份(002633.XSHE)	买	市价单	200股	7.98	1,596.00	0.00	5.00",parsed
2020-06-22,09:30:00,300736.XSHE,百邦科技,sell,-300,9.32,-2796.0,7.8,0,0,-2803.8,母版交易记录-20200101-20210319.txt,388,"2020-06-22	09:30:00	百邦科技(300736.XSHE)	卖	市价单	-300股	9.32	-2,796.00	185.28	7.80",parsed
2020-06-22,09:30:00,300665.XSHE,飞鹿股份,sell,-300,9.98,-2994.0,7.99,0,0,-3001.99,母版交易记录-20200101-20210319.txt,389,"2020-06-22	09:30:00	飞鹿股份(300665.XSHE)	卖	市价单	-300股	9.98	-2,994.00	113.86	7.99",parsed
2020-06-22,09:30:00,300535.XSHE,达威股份,sell,-1900,12.35,-23465.0,28.46,0,0,-23493.46,母版交易记录-20200101-20210319.txt,390,"2020-06-22	09:30:00	达威股份(300535.XSHE)	卖	市价单	-1900股	12.35	-23,465.00	444.46	28.46",parsed
2020-06-22,09:30:00,002473.XSHE,圣莱达,buy,3100,7.97,24707.0,5.0,0,0,24712.0,母版交易记录-20200101-20210319.txt,391,"2020-06-22	09:30:00	圣莱达(002473.XSHE)	买	市价单	3100股	7.97	24,707.00	0.00	5.00",parsed
2020-06-22,09:30:00,000638.XSHE,万方发展,buy,800,5.4,4320.0,5.0,0,0,4325.0,母版交易记录-20200101-20210319.txt,392,"2020-06-22	09:30:00	万方发展(000638.XSHE)	买	市价单	800股	5.4	4,320.00	0.00	5.00",parsed
2020-06-29,09:30:00,300029.XSHE,天龙光电,sell,-100,5.48,-548.0,5.55,0,0,-553.55,母版交易记录-20200101-20210319.txt,394,2020-06-29	09:30:00	天龙光电(300029.XSHE)	卖	市价单	-100股	5.48	-548.00	0.78	5.55,parsed
2020-06-29,09:30:00,000929.XSHE,兰州黄河,buy,100,6.55,655.0,5.0,0,0,660.0,母版交易记录-20200101-20210319.txt,395,2020-06-29	09:30:00	兰州黄河(000929.XSHE)	买	市价单	100股	6.55	655.00	0.00	5.00,parsed
2020-06-29,09:30:00,300736.XSHE,百邦科技,sell,-100,9.18,-918.0,5.92,0,0,-923.92,母版交易记录-20200101-20210319.txt,396,2020-06-29	09:30:00	百邦科技(300736.XSHE)	卖	市价单	-100股	9.18	-918.00	47.76	5.92,parsed
2020-06-29,09:30:00,300665.XSHE,飞鹿股份,sell,-100,9.87,-987.0,5.99,0,0,-992.99,母版交易记录-20200101-20210319.txt,397,2020-06-29	09:30:00	飞鹿股份(300665.XSHE)	卖	市价单	-100股	9.87	-987.00	26.95	5.99,parsed
2020-06-29,09:30:00,000502.XSHE,绿景控股,sell,-200,6.5,-1300.0,6.3,0,0,-1306.3,母版交易记录-20200101-20210319.txt,398,"2020-06-29	09:30:00	绿景控股(000502.XSHE)	卖	市价单	-200股	6.5	-1,300.00	-0.42	6.30",parsed
2020-06-29,09:30:00,300535.XSHE,达威股份,sell,-2000,12.05,-24100.0,29.1,0,0,-24129.1,母版交易记录-20200101-20210319.txt,399,"2020-06-29	09:30:00	达威股份(300535.XSHE)	卖	市价单	-2000股	12.05	-24,100.00	-132.15	29.10",parsed
2020-06-29,09:30:00,300405.XSHE,科隆股份,sell,-4000,5.6,-22400.0,27.4,0,0,-22427.4,母版交易记录-20200101-20210319.txt,400,"2020-06-29	09:30:00	科隆股份(300405.XSHE)	卖	市价单	-4000股	5.6	-22,400.00	-339.76	27.40",parsed
2020-06-29,09:30:00,002473.XSHE,圣莱达,buy,3000,7.78,23340.0,5.0,0,0,23345.0,母版交易记录-20200101-20210319.txt,401,"2020-06-29	09:30:00	圣莱达(002473.XSHE)	买	市价单	3000股	7.78	23,340.00	0.00	5.00",parsed
2020-06-29,09:30:00,000638.XSHE,万方发展,buy,5000,4.18,20900.0,5.0,0,0,20905.0,母版交易记录-20200101-20210319.txt,402,"2020-06-29	09:30:00	万方发展(000638.XSHE)	买	市价单	5000股	4.18	20,900.00	0.00	5.00",parsed
2020-06-29,09:30:00,600561.XSHG,江西长运,buy,100,4.6,460.0,5.0,0,0,465.0,母版交易记录-20200101-20210319.txt,403,2020-06-29	09:30:00	江西长运(600561.XSHG)	买	市价单	100股	4.6	460.00	0.00	5.00,parsed
2020-06-29,09:30:00,002633.XSHE,申科股份,buy,600,7.9,4740.0,5.0,0,0,4745.0,母版交易记录-20200101-20210319.txt,404,"2020-06-29	09:30:00	申科股份(002633.XSHE)	买	市价单	600股	7.9	4,740.00	0.00	5.00",parsed
2020-07-01,14:00:00,300736.XSHE,百邦科技,sell,-700,9.85,-6895.0,11.9,0,0,-6906.9,母版交易记录-20200101-20210319.txt,406,"2020-07-01	14:00:00	百邦科技(300736.XSHE)	卖	市价单	-700股	9.85	-6,895.00	803.33	11.90",parsed
2020-07-02,09:30:00,600599.XSHG,*ST熊猫,sell,-3500,5.25,-18375.0,23.38,0,0,-18398.38,母版交易记录-20200101-20210319.txt,408,"2020-07-02	09:30:00	*ST熊猫(600599.XSHG)	卖	市价单	-3500股	5.25	-18,375.00	-3,846.58	23.38",parsed
2020-07-02,09:30:00,600561.XSHG,江西长运,buy,200,4.68,936.0,5.0,0,0,941.0,母版交易记录-20200101-20210319.txt,409,2020-07-02	09:30:00	江西长运(600561.XSHG)	买	市价单	200股	4.68	936.00	0.00	5.00,parsed
2020-07-02,09:30:00,300029.XSHE,天龙光电,buy,200,5.54,1108.0,5.0,0,0,1113.0,母版交易记录-20200101-20210319.txt,410,"2020-07-02	09:30:00	天龙光电(300029.XSHE)	买	市价单	200股	5.54	1,108.00	0.00	5.00",parsed
2020-07-02,09:30:00,002633.XSHE,申科股份,buy,500,7.98,3990.0,5.0,0,0,3995.0,母版交易记录-20200101-20210319.txt,411,"2020-07-02	09:30:00	申科股份(002633.XSHE)	买	市价单	500股	7.98	3,990.00	0.00	5.00",parsed
2020-07-02,09:30:00,002209.XSHE,达意隆,buy,300,6.04,1812.0,5.0,0,0,1817.0,母版交易记录-20200101-20210319.txt,412,"2020-07-02	09:30:00	达意隆(002209.XSHE)	买	市价单	300股	6.04	1,812.00	0.00	5.00",parsed
2020-07-02,09:30:00,000929.XSHE,兰州黄河,buy,2600,6.57,17082.0,5.0,0,0,17087.0,母版交易记录-20200101-20210319.txt,413,"2020-07-02	09:30:00	兰州黄河(000929.XSHE)	买	市价单	2600股	6.57	17,082.00	0.00	5.00",parsed
2020-07-02,09:30:00,300736.XSHE,百邦科技,sell,-2800,10.3,-28840.0,33.84,0,0,-28873.84,母版交易记录-20200101-20210319.txt,414,"2020-07-02	09:30:00	百邦科技(300736.XSHE)	卖	市价单	-2800股	10.3	-28,840.00	4,473.32	33.84",parsed
2020-07-02,09:30:00,000502.XSHE,绿景控股,sell,-4000,6.83,-27320.0,32.32,0,0,-27352.32,母版交易记录-20200101-20210319.txt,415,"2020-07-02	09:30:00	绿景控股(000502.XSHE)	卖	市价单	-4000股	6.83	-27,320.00	1,311.57	32.32",parsed
2020-07-02,09:30:00,603269.XSHG,海鸥股份,buy,1900,13.16,25004.0,5.0,0,0,25009.0,母版交易记录-20200101-20210319.txt,416,"2020-07-02	09:30:00	海鸥股份(603269.XSHG)	买	市价单	1900股	13.16	25,004.00	0.00	5.00",parsed
2020-07-02,09:30:00,300535.XSHE,达威股份,sell,-2000,12.25,-24500.0,29.5,0,0,-24529.5,母版交易记录-20200101-20210319.txt,417,"2020-07-02	09:30:00	达威股份(300535.XSHE)	卖	市价单	-2000股	12.25	-24,500.00	267.85	29.50",parsed
2020-07-02,09:30:00,300405.XSHE,科隆股份,buy,4200,5.72,24024.0,5.0,0,0,24029.0,母版交易记录-20200101-20210319.txt,418,"2020-07-02	09:30:00	科隆股份(300405.XSHE)	买	市价单	4200股	5.72	24,024.00	0.00	5.00",parsed
2020-07-02,09:30:00,002473.XSHE,圣莱达,buy,3200,7.88,25216.0,5.0,0,0,25221.0,母版交易记录-20200101-20210319.txt,419,"2020-07-02	09:30:00	圣莱达(002473.XSHE)	买	市价单	3200股	7.88	25,216.00	0.00	5.00",parsed
2020-07-02,09:30:00,000638.XSHE,万方发展,buy,300,4.17,1251.0,5.0,0,0,1256.0,母版交易记录-20200101-20210319.txt,420,"2020-07-02	09:30:00	万方发展(000638.XSHE)	买	市价单	300股	4.17	1,251.00	0.00	5.00",parsed
2020-07-02,09:30:00,000929.XSHE,兰州黄河,buy,800,6.57,5256.0,5.0,0,0,5261.0,母版交易记录-20200101-20210319.txt,421,"2020-07-02	09:30:00	兰州黄河(000929.XSHE)	买	市价单	800股	6.57	5,256.00	0.00	5.00",parsed
2020-07-07,09:30:00,600561.XSHG,江西长运,sell,-5300,5.0,-26500.0,31.5,0,0,-26531.5,母版交易记录-20200101-20210319.txt,423,"2020-07-07	09:30:00	江西长运(600561.XSHG)	卖	市价单	-5300股	5	-26,500.00	2,265.80	31.50",parsed
2020-07-07,09:30:00,002633.XSHE,申科股份,buy,400,8.23,3292.0,5.0,0,0,3297.0,母版交易记录-20200101-20210319.txt,424,"2020-07-07	09:30:00	申科股份(002633.XSHE)	买	市价单	400股	8.23	3,292.00	0.00	5.00",parsed
2020-07-07,09:30:00,002209.XSHE,达意隆,sell,-600,6.6,-3960.0,8.96,0,0,-3968.96,母版交易记录-20200101-20210319.txt,425,"2020-07-07	09:30:00	达意隆(002209.XSHE)	卖	市价单	-600股	6.6	-3,960.00	489.72	8.96",parsed
2020-07-07,09:30:00,000929.XSHE,兰州黄河,buy,800,7.0,5600.0,5.0,0,0,5605.0,母版交易记录-20200101-20210319.txt,426,"2020-07-07	09:30:00	兰州黄河(000929.XSHE)	买	市价单	800股	7	5,600.00	0.00	5.00",parsed
2020-07-07,09:30:00,300736.XSHE,百邦科技,buy,1000,9.79,9790.0,5.0,0,0,9795.0,母版交易记录-20200101-20210319.txt,427,"2020-07-07	09:30:00	百邦科技(300736.XSHE)	买	市价单	1000股	9.79	9,790.00	0.00	5.00",parsed
2020-07-07,09:30:00,300665.XSHE,飞鹿股份,buy,100,10.52,1052.0,5.0,0,0,1057.0,母版交易记录-20200101-20210319.txt,428,"2020-07-07	09:30:00	飞鹿股份(300665.XSHE)	买	市价单	100股	10.52	1,052.00	0.00	5.00",parsed
2020-07-07,09:30:00,000502.XSHE,绿景控股,sell,-200,7.34,-1468.0,6.47,0,0,-1474.47,母版交易记录-20200101-20210319.txt,429,"2020-07-07	09:30:00	绿景控股(000502.XSHE)	卖	市价单	-200股	7.34	-1,468.00	167.58	6.47",parsed
2020-07-07,09:30:00,603269.XSHG,海鸥股份,buy,800,13.88,11104.0,5.0,0,0,11109.0,母版交易记录-20200101-20210319.txt,430,"2020-07-07	09:30:00	海鸥股份(603269.XSHG)	买	市价单	800股	13.88	11,104.00	0.00	5.00",parsed
2020-07-07,09:30:00,300535.XSHE,达威股份,buy,100,12.78,1278.0,5.0,0,0,1283.0,母版交易记录-20200101-20210319.txt,431,"2020-07-07	09:30:00	达威股份(300535.XSHE)	买	市价单	100股	12.78	1,278.00	0.00	5.00",parsed
2020-07-07,09:30:00,000638.XSHE,万方发展,sell,-5900,4.53,-26727.0,31.73,0,0,-26758.73,母版交易记录-20200101-20210319.txt,432,"2020-07-07	09:30:00	万方发展(000638.XSHE)	卖	市价单	-5900股	4.53	-26,727.00	1,682.01	31.73",parsed
2020-07-07,09:30:00,603269.XSHG,海鸥股份,buy,1100,13.88,15268.0,5.0,0,0,15273.0,母版交易记录-20200101-20210319.txt,433,"2020-07-07	09:30:00	海鸥股份(603269.XSHG)	买	市价单	1100股	13.88	15,268.00	0.00	5.00",parsed
2020-07-07,09:30:00,300535.XSHE,达威股份,buy,800,12.78,10224.0,5.0,0,0,10229.0,母版交易记录-20200101-20210319.txt,434,"2020-07-07	09:30:00	达威股份(300535.XSHE)	买	市价单	800股	12.78	10,224.00	0.00	5.00",parsed
2020-07-07,09:30:00,600768.XSHG,宁波富邦,buy,100,10.22,1022.0,5.0,0,0,1027.0,母版交易记录-20200101-20210319.txt,435,"2020-07-07	09:30:00	宁波富邦(600768.XSHG)	买	市价单	100股	10.22	1,022.00	0.00	5.00",parsed
2020-07-07,14:00:00,002473.XSHE,圣莱达,sell,-600,8.88,-5328.0,10.33,0,0,-5338.33,母版交易记录-20200101-20210319.txt,436,"2020-07-07	14:00:00	圣莱达(002473.XSHE)	卖	市价单	-600股	8.88	-5,328.00	599.56	10.33",parsed
2020-07-10,09:30:00,600561.XSHG,江西长运,sell,-5000,5.07,-25350.0,30.35,0,0,-25380.35,母版交易记录-20200101-20210319.txt,438,"2020-07-10	09:30:00	江西长运(600561.XSHG)	卖	市价单	-5000股	5.07	-25,350.00	2,487.55	30.35",parsed
2020-07-10,09:30:00,300029.XSHE,天龙光电,buy,200,5.94,1188.0,5.0,0,0,1193.0,母版交易记录-20200101-20210319.txt,439,"2020-07-10	09:30:00	天龙光电(300029.XSHE)	买	市价单	200股	5.94	1,188.00	0.00	5.00",parsed
2020-07-10,09:30:00,002633.XSHE,申科股份,buy,2700,8.61,23247.0,5.0,0,0,23252.0,母版交易记录-20200101-20210319.txt,440,"2020-07-10	09:30:00	申科股份(002633.XSHE)	买	市价单	2700股	8.61	23,247.00	0.00	5.00",parsed
2020-07-10,09:30:00,002209.XSHE,达意隆,buy,200,6.65,1330.0,5.0,0,0,1335.0,母版交易记录-20200101-20210319.txt,441,"2020-07-10	09:30:00	达意隆(002209.XSHE)	买	市价单	200股	6.65	1,330.00	0.00	5.00",parsed
2020-07-10,09:30:00,000929.XSHE,兰州黄河,buy,700,7.25,5075.0,5.0,0,0,5080.0,母版交易记录-20200101-20210319.txt,442,"2020-07-10	09:30:00	兰州黄河(000929.XSHE)	买	市价单	700股	7.25	5,075.00	0.00	5.00",parsed
2020-07-10,09:30:00,300736.XSHE,百邦科技,sell,-300,10.33,-3099.0,8.1,0,0,-3107.1,母版交易记录-20200101-20210319.txt,443,"2020-07-10	09:30:00	百邦科技(300736.XSHE)	卖	市价单	-300股	10.33	-3,099.00	457.21	8.10",parsed
2020-07-10,09:30:00,000502.XSHE,绿景控股,buy,200,7.34,1468.0,5.0,0,0,1473.0,母版交易记录-20200101-20210319.txt,444,"2020-07-10	09:30:00	绿景控股(000502.XSHE)	买	市价单	200股	7.34	1,468.00	0.00	5.00",parsed
2020-07-10,09:30:00,300535.XSHE,达威股份,buy,100,13.22,1322.0,5.0,0,0,1327.0,母版交易记录-20200101-20210319.txt,445,"2020-07-10	09:30:00	达威股份(300535.XSHE)	买	市价单	100股	13.22	1,322.00	0.00	5.00",parsed
2020-07-10,09:30:00,002473.XSHE,圣莱达,sell,-2800,8.88,-24864.0,29.86,0,0,-24893.86,母版交易记录-20200101-20210319.txt,446,"2020-07-10	09:30:00	圣莱达(002473.XSHE)	卖	市价单	-2800股	8.88	-24,864.00	2,797.95	29.86",parsed
2020-07-10,09:30:00,000638.XSHE,万方发展,sell,-5700,4.66,-26562.0,31.56,0,0,-26593.56,母版交易记录-20200101-20210319.txt,447,"2020-07-10	09:30:00	万方发展(000638.XSHE)	卖	市价单	-5700股	4.66	-26,562.00	2,365.99	31.56",parsed
2020-07-10,09:30:00,600768.XSHG,宁波富邦,buy,2300,10.59,24357.0,5.0,0,0,24362.0,母版交易记录-20200101-20210319.txt,448,"2020-07-10	09:30:00	宁波富邦(600768.XSHG)	买	市价单	2300股	10.59	24,357.00	0.00	5.00",parsed
2020-07-10,09:30:00,000929.XSHE,兰州黄河,buy,2800,7.25,20300.0,5.0,0,0,20305.0,母版交易记录-20200101-20210319.txt,449,"2020-07-10	09:30:00	兰州黄河(000929.XSHE)	买	市价单	2800股	7.25	20,300.00	0.00	5.00",parsed
2020-07-10,09:30:00,300535.XSHE,达威股份,buy,500,13.22,6610.0,5.0,0,0,6615.0,母版交易记录-20200101-20210319.txt,450,"2020-07-10	09:30:00	达威股份(300535.XSHE)	买	市价单	500股	13.22	6,610.00	0.00	5.00",parsed
2020-07-14,14:00:00,300156.XSHE,神雾退,sell,0,,0.0,0.0,0,0,0.0,母版交易记录-20200101-20210319.txt,452,2020-07-14	14:00:00	神雾退(300156.XSHE)	卖	市价单	-0股	--	0.00	0.00	0.00,missing_price
2020-07-15,09:30:00,600561.XSHG,江西长运,sell,-5300,5.2,-27560.0,32.56,0,0,-27592.56,母版交易记录-20200101-20210319.txt,454,"2020-07-15	09:30:00	江西长运(600561.XSHG)	卖	市价单	-5300股	5.2	-27,560.00	3,325.80	32.56",parsed
2020-07-15,09:30:00,300029.XSHE,天龙光电,sell,-300,6.1,-1830.0,6.83,0,0,-1836.83,母版交易记录-20200101-20210319.txt,455,"2020-07-15	09:30:00	天龙光电(300029.XSHE)	卖	市价单	-300股	6.1	-1,830.00	186.88	6.83",parsed
2020-07-15,09:30:00,002633.XSHE,申科股份,buy,200,8.59,1718.0,5.0,0,0,1723.0,母版交易记录-20200101-20210319.txt,456,"2020-07-15	09:30:00	申科股份(002633.XSHE)	买	市价单	200股	8.59	1,718.00	0.00	5.00",parsed
2020-07-15,09:30:00,002209.XSHE,达意隆,sell,-200,6.81,-1362.0,6.36,0,0,-1368.36,母版交易记录-20200101-20210319.txt,457,"2020-07-15	09:30:00	达意隆(002209.XSHE)	卖	市价单	-200股	6.81	-1,362.00	203.48	6.36",parsed
2020-07-15,09:30:00,300665.XSHE,飞鹿股份,sell,-100,11.0,-1100.0,6.1,0,0,-1106.1,母版交易记录-20200101-20210319.txt,458,"2020-07-15	09:30:00	飞鹿股份(300665.XSHE)	卖	市价单	-100股	11	-1,100.00	139.20	6.10",parsed
2020-07-15,09:30:00,000502.XSHE,绿景控股,buy,400,7.21,2884.0,5.0,0,0,2889.0,母版交易记录-20200101-20210319.txt,459,"2020-07-15	09:30:00	绿景控股(000502.XSHE)	买	市价单	400股	7.21	2,884.00	0.00	5.00",parsed
2020-07-15,09:30:00,603269.XSHG,海鸥股份,sell,-100,14.64,-1464.0,6.46,0,0,-1470.46,母版交易记录-20200101-20210319.txt,460,"2020-07-15	09:30:00	海鸥股份(603269.XSHG)	卖	市价单	-100股	14.64	-1,464.00	111.10	6.46",parsed
2020-07-15,09:30:00,300535.XSHE,达威股份,buy,2100,13.28,27888.0,5.0,0,0,27893.0,母版交易记录-20200101-20210319.txt,461,"2020-07-15	09:30:00	达威股份(300535.XSHE)	买	市价单	2100股	13.28	27,888.00	0.00	5.00",parsed
2020-07-15,09:30:00,300405.XSHE,科隆股份,buy,100,6.48,648.0,5.0,0,0,653.0,母版交易记录-20200101-20210319.txt,462,2020-07-15	09:30:00	科隆股份(300405.XSHE)	买	市价单	100股	6.48	648.00	0.00	5.00,parsed
2020-07-15,09:30:00,002473.XSHE,圣莱达,sell,-3000,9.0,-27000.0,32.0,0,0,-27032.0,母版交易记录-20200101-20210319.txt,463,"2020-07-15	09:30:00	圣莱达(002473.XSHE)	卖	市价单	-3000股	9	-27,000.00	3,357.80	32.00",parsed
2020-07-15,09:30:00,600768.XSHG,宁波富邦,buy,2500,10.68,26700.0,5.0,0,0,26705.0,母版交易记录-20200101-20210319.txt,464,"2020-07-15	09:30:00	宁波富邦(600768.XSHG)	买	市价单	2500股	10.68	26,700.00	0.00	5.00",parsed
2020-07-15,09:30:00,300405.XSHE,科隆股份,buy,100,6.48,648.0,5.0,0,0,653.0,母版交易记录-20200101-20210319.txt,465,2020-07-15	09:30:00	科隆股份(300405.XSHE)	买	市价单	100股	6.48	648.00	0.00	5.00,parsed
2020-07-20,09:30:00,600561.XSHG,江西长运,sell,-5100,4.92,-25092.0,30.09,0,0,-25122.09,母版交易记录-20200101-20210319.txt,467,"2020-07-20	09:30:00	江西长运(600561.XSHG)	卖	市价单	-5100股	4.92	-25,092.00	1,772.30	30.09",parsed
2020-07-20,09:30:00,002209.XSHE,达意隆,sell,-100,6.48,-648.0,5.65,0,0,-653.65,母版交易记录-20200101-20210319.txt,468,2020-07-20	09:30:00	达意隆(002209.XSHE)	卖	市价单	-100股	6.48	-648.00	68.74	5.65,parsed
2020-07-20,09:30:00,000929.XSHE,兰州黄河,buy,100,6.87,687.0,5.0,0,0,692.0,母版交易记录-20200101-20210319.txt,469,2020-07-20	09:30:00	兰州黄河(000929.XSHE)	买	市价单	100股	6.87	687.00	0.00	5.00,parsed
2020-07-20,09:30:00,300736.XSHE,百邦科技,buy,200,9.63,1926.0,5.0,0,0,1931.0,母版交易记录-20200101-20210319.txt,470,"2020-07-20	09:30:00	百邦科技(300736.XSHE)	买	市价单	200股	9.63	1,926.00	0.00	5.00",parsed
2020-07-20,09:30:00,300665.XSHE,飞鹿股份,sell,-200,10.59,-2118.0,7.12,0,0,-2125.12,母版交易记录-20200101-20210319.txt,471,"2020-07-20	09:30:00	飞鹿股份(300665.XSHE)	卖	市价单	-200股	10.59	-2,118.00	196.40	7.12",parsed
2020-07-20,09:30:00,000502.XSHE,绿景控股,sell,-300,6.99,-2097.0,7.1,0,0,-2104.1,母版交易记录-20200101-20210319.txt,472,"2020-07-20	09:30:00	绿景控股(000502.XSHE)	卖	市价单	-300股	6.99	-2,097.00	137.17	7.10",parsed
2020-07-20,09:30:00,300535.XSHE,达威股份,buy,2100,12.69,26649.0,5.0,0,0,26654.0,母版交易记录-20200101-20210319.txt,473,"2020-07-20	09:30:00	达威股份(300535.XSHE)	买	市价单	2100股	12.69	26,649.00	0.00	5.00",parsed
2020-07-20,09:30:00,300405.XSHE,科隆股份,buy,100,6.48,648.0,5.0,0,0,653.0,母版交易记录-20200101-20210319.txt,474,2020-07-20	09:30:00	科隆股份(300405.XSHE)	买	市价单	100股	6.48	648.00	0.00	5.00,parsed
2020-07-23,09:30:00,600561.XSHG,江西长运,sell,-5200,5.15,-26780.0,31.78,0,0,-26811.78,母版交易记录-20200101-20210319.txt,476,"2020-07-23	09:30:00	江西长运(600561.XSHG)	卖	市价单	-5200股	5.15	-26,780.00	3,003.05	31.78",parsed
2020-07-23,09:30:00,300029.XSHE,天龙光电,sell,-200,5.94,-1188.0,6.19,0,0,-1194.19,母版交易记录-20200101-20210319.txt,477,"2020-07-23	09:30:00	天龙光电(300029.XSHE)	卖	市价单	-200股	5.94	-1,188.00	92.59	6.19",parsed
2020-07-23,09:30:00,002633.XSHE,申科股份,sell,-400,8.59,-3436.0,8.44,0,0,-3444.44,母版交易记录-20200101-20210319.txt,478,"2020-07-23	09:30:00	申科股份(002633.XSHE)	卖	市价单	-400股	8.59	-3,436.00	289.69	8.44",parsed
2020-07-23,09:30:00,002209.XSHE,达意隆,buy,100,6.54,654.0,5.0,0,0,659.0,母版交易记录-20200101-20210319.txt,479,2020-07-23	09:30:00	达意隆(002209.XSHE)	买	市价单	100股	6.54	654.00	0.00	5.00,parsed
2020-07-23,09:30:00,300736.XSHE,百邦科技,buy,2000,10.26,20520.0,5.0,0,0,20525.0,母版交易记录-20200101-20210319.txt,480,"2020-07-23	09:30:00	百邦科技(300736.XSHE)	买	市价单	2000股	10.26	20,520.00	0.00	5.00",parsed
2020-07-23,09:30:00,300156.XSHE,神雾退,sell,-104500,0.15,-15675.0,20.68,0,0,-15695.68,母版交易记录-20200101-20210319.txt,481,"2020-07-23	09:30:00	神雾退(300156.XSHE)	卖	市价单	-104500股	0.15	-15,675.00	-59,787.00	20.68",parsed
2020-07-23,09:30:00,000502.XSHE,绿景控股,buy,3600,7.07,25452.0,5.0,0,0,25457.0,母版交易记录-20200101-20210319.txt,482,"2020-07-23	09:30:00	绿景控股(000502.XSHE)	买	市价单	3600股	7.07	25,452.00	0.00	5.00",parsed
2020-07-23,09:30:00,300405.XSHE,科隆股份,sell,-900,6.51,-5859.0,10.86,0,0,-5869.86,母版交易记录-20200101-20210319.txt,483,"2020-07-23	09:30:00	科隆股份(300405.XSHE)	卖	市价单	-900股	6.51	-5,859.00	703.10	10.86",parsed
2020-07-23,09:30:00,002473.XSHE,圣莱达,buy,100,8.51,851.0,5.0,0,0,856.0,母版交易记录-20200101-20210319.txt,484,2020-07-23	09:30:00	圣莱达(002473.XSHE)	买	市价单	100股	8.51	851.00	0.00	5.00,parsed
2020-07-23,09:30:00,600768.XSHG,宁波富邦,buy,500,10.42,5210.0,5.0,0,0,5215.0,母版交易记录-20200101-20210319.txt,485,"2020-07-23	09:30:00	宁波富邦(600768.XSHG)	买	市价单	500股	10.42	5,210.00	0.00	5.00",parsed
2020-07-28,09:30:00,300029.XSHE,天龙光电,sell,-2000,6.37,-12740.0,17.74,0,0,-12757.74,母版交易记录-20200101-20210319.txt,487,"2020-07-28	09:30:00	天龙光电(300029.XSHE)	卖	市价单	-2000股	6.37	-12,740.00	1,785.86	17.74",parsed
2020-07-28,09:30:00,000929.XSHE,兰州黄河,buy,300,6.72,2016.0,5.0,0,0,2021.0,母版交易记录-20200101-20210319.txt,488,"2020-07-28	09:30:00	兰州黄河(000929.XSHE)	买	市价单	300股	6.72	2,016.00	0.00	5.00",parsed
2020-07-28,09:30:00,300736.XSHE,百邦科技,buy,300,9.78,2934.0,5.0,0,0,2939.0,母版交易记录-20200101-20210319.txt,489,"2020-07-28	09:30:00	百邦科技(300736.XSHE)	买	市价单	300股	9.78	2,934.00	0.00	5.00",parsed
2020-07-28,09:30:00,000502.XSHE,绿景控股,sell,-200,7.02,-1404.0,6.4,0,0,-1410.4,母版交易记录-20200101-20210319.txt,490,"2020-07-28	09:30:00	绿景控股(000502.XSHE)	卖	市价单	-200股	7.02	-1,404.00	75.96	6.40",parsed
2020-07-28,09:30:00,300535.XSHE,达威股份,buy,700,12.58,8806.0,5.0,0,0,8811.0,母版交易记录-20200101-20210319.txt,491,"2020-07-28	09:30:00	达威股份(300535.XSHE)	买	市价单	700股	12.58	8,806.00	0.00	5.00",parsed
2020-07-28,09:30:00,300405.XSHE,科隆股份,sell,-4000,6.38,-25520.0,30.52,0,0,-25550.52,母版交易记录-20200101-20210319.txt,492,"2020-07-28	09:30:00	科隆股份(300405.XSHE)	卖	市价单	-4000股	6.38	-25,520.00	2,604.89	30.52",parsed
2020-07-28,09:30:00,600768.XSHG,宁波富邦,buy,2500,10.12,25300.0,5.0,0,0,25305.0,母版交易记录-20200101-20210319.txt,493,"2020-07-28	09:30:00	宁波富邦(600768.XSHG)	买	市价单	2500股	10.12	25,300.00	0.00	5.00",parsed
2020-07-28,09:30:00,300312.XSHE,邦讯技术,buy,100,4.28,428.0,5.0,0,0,433.0,母版交易记录-20200101-20210319.txt,494,2020-07-28	09:30:00	邦讯技术(300312.XSHE)	买	市价单	100股	4.28	428.00	0.00	5.00,parsed
2020-07-28,14:00:00,603269.XSHG,海鸥股份,sell,-5100,12.65,-64515.0,70.97,0,0,-64585.97,母版交易记录-20200101-20210319.txt,495,"2020-07-28	14:00:00	海鸥股份(603269.XSHG)	卖	市价单	-5100股	12.65	-64,515.00	-4,482.71	70.97",parsed
2020-07-31,09:30:00,000929.XSHE,兰州黄河,sell,-100,6.93,-693.0,5.69,0,0,-698.69,母版交易记录-20200101-20210319.txt,497,2020-07-31	09:30:00	兰州黄河(000929.XSHE)	卖	市价单	-100股	6.93	-693.00	38.20	5.69,parsed
2020-07-31,09:30:00,300736.XSHE,百邦科技,sell,-500,10.51,-5255.0,10.26,0,0,-5265.26,母版交易记录-20200101-20210319.txt,498,"2020-07-31	09:30:00	百邦科技(300736.XSHE)	卖	市价单	-500股	10.51	-5,255.00	719.53	10.26",parsed
2020-07-31,09:30:00,000502.XSHE,绿景控股,sell,-100,7.2,-720.0,5.72,0,0,-725.72,母版交易记录-20200101-20210319.txt,499,2020-07-31	09:30:00	绿景控股(000502.XSHE)	卖	市价单	-100股	7.2	-720.00	55.98	5.72,parsed
2020-07-31,09:30:00,603269.XSHG,海鸥股份,sell,-2000,13.21,-26420.0,31.42,0,0,-26451.42,母版交易记录-20200101-20210319.txt,500,"2020-07-31	09:30:00	海鸥股份(603269.XSHG)	卖	市价单	-2000股	13.21	-26,420.00	-637.92	31.42",parsed
2020-07-31,09:30:00,300535.XSHE,达威股份,buy,1500,12.82,19230.0,5.0,0,0,19235.0,母版交易记录-20200101-20210319.txt,501,"2020-07-31	09:30:00	达威股份(300535.XSHE)	买	市价单	1500股	12.82	19,230.00	0.00	5.00",parsed
2020-07-31,09:30:00,300405.XSHE,科隆股份,sell,-3900,6.42,-25038.0,30.04,0,0,-25068.04,母版交易记录-20200101-20210319.txt,502,"2020-07-31	09:30:00	科隆股份(300405.XSHE)	卖	市价单	-3900股	6.42	-25,038.00	2,695.77	30.04",parsed
2020-07-31,09:30:00,600768.XSHG,宁波富邦,buy,4300,10.38,44634.0,5.0,0,0,44639.0,母版交易记录-20200101-20210319.txt,503,"2020-07-31	09:30:00	宁波富邦(600768.XSHG)	买	市价单	4300股	10.38	44,634.00	0.00	5.00",parsed
2020-07-31,09:30:00,300312.XSHE,邦讯技术,buy,5600,4.43,24808.0,5.0,0,0,24813.0,母版交易记录-20200101-20210319.txt,504,"2020-07-31	09:30:00	邦讯技术(300312.XSHE)	买	市价单	5600股	4.43	24,808.00	0.00	5.00",parsed
2020-07-31,09:30:00,600365.XSHG,通葡股份,buy,7400,3.42,25308.0,5.0,0,0,25313.0,母版交易记录-20200101-20210319.txt,505,"2020-07-31	09:30:00	通葡股份(600365.XSHG)	买	市价单	7400股	3.42	25,308.00	0.00	5.00",parsed
2020-08-05,09:30:00,300029.XSHE,天龙光电,sell,-500,6.9,-3450.0,8.45,0,0,-3458.45,母版交易记录-20200101-20210319.txt,507,"2020-08-05	09:30:00	天龙光电(300029.XSHE)	卖	市价单	-500股	6.9	-3,450.00	711.46	8.45",parsed
2020-08-05,09:30:00,002633.XSHE,申科股份,sell,-100,8.82,-882.0,5.88,0,0,-887.88,母版交易记录-20200101-20210319.txt,508,2020-08-05	09:30:00	申科股份(002633.XSHE)	卖	市价单	-100股	8.82	-882.00	95.42	5.88,parsed
2020-08-05,09:30:00,002209.XSHE,达意隆,sell,-700,6.99,-4893.0,9.89,0,0,-4902.89,母版交易记录-20200101-20210319.txt,509,"2020-08-05	09:30:00	达意隆(002209.XSHE)	卖	市价单	-700股	6.99	-4,893.00	835.50	9.89",parsed
2020-08-05,09:30:00,000929.XSHE,兰州黄河,sell,-300,7.26,-2178.0,7.18,0,0,-2185.18,母版交易记录-20200101-20210319.txt,510,"2020-08-05	09:30:00	兰州黄河(000929.XSHE)	卖	市价单	-300股	7.26	-2,178.00	213.61	7.18",parsed
2020-08-05,09:30:00,300736.XSHE,百邦科技,buy,300,10.45,3135.0,5.0,0,0,3140.0,母版交易记录-20200101-20210319.txt,511,"2020-08-05	09:30:00	百邦科技(300736.XSHE)	买	市价单	300股	10.45	3,135.00	0.00	5.00",parsed
2020-08-05,09:30:00,000502.XSHE,绿景控股,buy,200,7.3,1460.0,5.0,0,0,1465.0,母版交易记录-20200101-20210319.txt,512,"2020-08-05	09:30:00	绿景控股(000502.XSHE)	买	市价单	200股	7.3	1,460.00	0.00	5.00",parsed
2020-08-05,09:30:00,603269.XSHG,海鸥股份,sell,-2000,13.05,-26100.0,31.1,0,0,-26131.1,母版交易记录-20200101-20210319.txt,513,"2020-08-05	09:30:00	海鸥股份(603269.XSHG)	卖	市价单	-2000股	13.05	-26,100.00	-957.92	31.10",parsed
2020-08-05,09:30:00,300535.XSHE,达威股份,buy,100,13.11,1311.0,5.0,0,0,1316.0,母版交易记录-20200101-20210319.txt,514,"2020-08-05	09:30:00	达威股份(300535.XSHE)	买	市价单	100股	13.11	1,311.00	0.00	5.00",parsed
2020-08-05,09:30:00,002473.XSHE,ST圣莱,buy,1700,6.73,11441.0,5.0,0,0,11446.0,母版交易记录-20200101-20210319.txt,515,"2020-08-05	09:30:00	ST圣莱(002473.XSHE)	买	市价单	1700股	6.73	11,441.00	0.00	5.00",parsed
2020-08-05,09:30:00,600365.XSHG,通葡股份,buy,7800,3.45,26910.0,5.0,0,0,26915.0,母版交易记录-20200101-20210319.txt,516,"2020-08-05	09:30:00	通葡股份(600365.XSHG)	买	市价单	7800股	3.45	26,910.00	0.00	5.00",parsed
2020-08-06,14:00:00,300312.XSHE,邦讯技术,sell,-200,4.93,-986.0,5.99,0,0,-991.99,母版交易记录-20200101-20210319.txt,518,2020-08-06	14:00:00	邦讯技术(300312.XSHE)	卖	市价单	-200股	4.93	-986.00	100.53	5.99,parsed
2020-08-10,09:30:00,300029.XSHE,天龙光电,buy,400,6.11,2444.0,5.0,0,0,2449.0,母版交易记录-20200101-20210319.txt,520,"2020-08-10	09:30:00	天龙光电(300029.XSHE)	买	市价单	400股	6.11	2,444.00	0.00	5.00",parsed
2020-08-10,09:30:00,002473.XSHE,ST圣莱,sell,-3700,6.75,-24975.0,29.98,0,0,-25004.98,母版交易记录-20200101-20210319.txt,521,"2020-08-10	09:30:00	ST圣莱(002473.XSHE)	卖	市价单	-3700股	6.75	-24,975.00	-3,273.93	29.98",parsed
2020-08-10,09:30:00,600768.XSHG,宁波富邦,buy,500,10.5,5250.0,5.0,0,0,5255.0,母版交易记录-20200101-20210319.txt,522,"2020-08-10	09:30:00	宁波富邦(600768.XSHG)	买	市价单	500股	10.5	5,250.00	0.00	5.00",parsed
2020-08-10,09:30:00,600365.XSHG,通葡股份,buy,5800,3.45,20010.0,5.0,0,0,20015.0,母版交易记录-20200101-20210319.txt,523,"2020-08-10	09:30:00	通葡股份(600365.XSHG)	买	市价单	5800股	3.45	20,010.00	0.00	5.00",parsed
2020-08-11,14:00:00,002209.XSHE,达意隆,sell,-6600,8.95,-59070.0,64.98,0,0,-59134.98,母版交易记录-20200101-20210319.txt,525,"2020-08-11	14:00:00	达意隆(002209.XSHE)	卖	市价单	-6600股	8.95	-59,070.00	20,813.57	64.98",parsed
2020-08-12,14:00:00,002473.XSHE,ST圣莱,sell,-300,7.27,-2181.0,7.18,0,0,-2188.18,母版交易记录-20200101-20210319.txt,527,"2020-08-12	14:00:00	ST圣莱(002473.XSHE)	卖	市价单	-300股	7.27	-2,181.00	-109.45	7.18",parsed
2020-08-13,09:30:00,300029.XSHE,天龙光电,buy,1800,6.19,11142.0,5.0,0,0,11147.0,母版交易记录-20200101-20210319.txt,529,"2020-08-13	09:30:00	天龙光电(300029.XSHE)	买	市价单	1800股	6.19	11,142.00	0.00	5.00",parsed
2020-08-13,09:30:00,002633.XSHE,申科股份,buy,300,8.69,2607.0,5.0,0,0,2612.0,母版交易记录-20200101-20210319.txt,530,"2020-08-13	09:30:00	申科股份(002633.XSHE)	买	市价单	300股	8.69	2,607.00	0.00	5.00",parsed
2020-08-13,09:30:00,002209.XSHE,达意隆,sell,-1400,7.42,-10388.0,15.39,0,0,-10403.39,母版交易记录-20200101-20210319.txt,531,"2020-08-13	09:30:00	达意隆(002209.XSHE)	卖	市价单	-1400股	7.42	-10,388.00	2,273.00	15.39",parsed
2020-08-13,09:30:00,300736.XSHE,百邦科技,buy,500,10.15,5075.0,5.0,0,0,5080.0,母版交易记录-20200101-20210319.txt,532,"2020-08-13	09:30:00	百邦科技(300736.XSHE)	买	市价单	500股	10.15	5,075.00	0.00	5.00",parsed
2020-08-13,09:30:00,000502.XSHE,绿景控股,sell,-600,7.65,-4590.0,9.59,0,0,-4599.59,母版交易记录-20200101-20210319.txt,533,"2020-08-13	09:30:00	绿景控股(000502.XSHE)	卖	市价单	-600股	7.65	-4,590.00	601.45	9.59",parsed
2020-08-13,09:30:00,002473.XSHE,ST圣莱,sell,-3700,7.22,-26714.0,31.71,0,0,-26745.71,母版交易记录-20200101-20210319.txt,534,"2020-08-13	09:30:00	ST圣莱(002473.XSHE)	卖	市价单	-3700股	7.22	-26,714.00	-1,534.93	31.71",parsed
2020-08-13,09:30:00,600365.XSHG,通葡股份,buy,9700,3.44,33368.0,5.0,0,0,33373.0,母版交易记录-20200101-20210319.txt,535,"2020-08-13	09:30:00	通葡股份(600365.XSHG)	买	市价单	9700股	3.44	33,368.00	0.00	5.00",parsed
2020-08-13,09:30:00,300478.XSHE,杭州高新,buy,2300,11.19,25737.0,5.0,0,0,25742.0,母版交易记录-20200101-20210319.txt,536,"2020-08-13	09:30:00	杭州高新(300478.XSHE)	买	市价单	2300股	11.19	25,737.00	0.00	5.00",parsed
2020-08-13,09:30:00,600561.XSHG,江西长运,buy,4700,5.26,24722.0,5.0,0,0,24727.0,母版交易记录-20200101-20210319.txt,537,"2020-08-13	09:30:00	江西长运(600561.XSHG)	买	市价单	4700股	5.26	24,722.00	0.00	5.00",parsed
2020-08-14,14:00:00,300312.XSHE,邦讯技术,sell,-1400,6.6,-9240.0,14.24,0,0,-9254.24,母版交易记录-20200101-20210319.txt,539,"2020-08-14	14:00:00	邦讯技术(300312.XSHE)	卖	市价单	-1400股	6.6	-9,240.00	3,041.68	14.24",parsed
2020-08-18,09:30:00,300029.XSHE,天龙光电,buy,500,6.2,3100.0,5.0,0,0,3105.0,母版交易记录-20200101-20210319.txt,541,"2020-08-18	09:30:00	天龙光电(300029.XSHE)	买	市价单	500股	6.2	3,100.00	0.00	5.00",parsed
2020-08-18,09:30:00,002633.XSHE,申科股份,sell,-500,9.22,-4610.0,9.61,0,0,-4619.61,母版交易记录-20200101-20210319.txt,542,"2020-08-18	09:30:00	申科股份(002633.XSHE)	卖	市价单	-500股	9.22	-4,610.00	668.98	9.61",parsed
2020-08-18,09:30:00,002209.XSHE,达意隆,buy,100,7.44,744.0,5.0,0,0,749.0,母版交易记录-20200101-20210319.txt,543,2020-08-18	09:30:00	达意隆(002209.XSHE)	买	市价单	100股	7.44	744.00	0.00	5.00,parsed
2020-08-18,09:30:00,000502.XSHE,绿景控股,buy,900,7.41,6669.0,5.0,0,0,6674.0,母版交易记录-20200101-20210319.txt,544,"2020-08-18	09:30:00	绿景控股(000502.XSHE)	买	市价单	900股	7.41	6,669.00	0.00	5.00",parsed
2020-08-18,09:30:00,600768.XSHG,宁波富邦,sell,-100,10.75,-1075.0,6.08,0,0,-1081.08,母版交易记录-20200101-20210319.txt,545,"2020-08-18	09:30:00	宁波富邦(600768.XSHG)	卖	市价单	-100股	10.75	-1,075.00	31.91	6.08",parsed
2020-08-18,09:30:00,300312.XSHE,邦讯技术,sell,-4100,5.6,-22960.0,27.96,0,0,-22987.96,母版交易记录-20200101-20210319.txt,546,"2020-08-18	09:30:00	邦讯技术(300312.XSHE)	卖	市价单	-4100股	5.6	-22,960.00	4,807.79	27.96",parsed
2020-08-18,09:30:00,600365.XSHG,通葡股份,buy,7000,3.59,25130.0,5.0,0,0,25135.0,母版交易记录-20200101-20210319.txt,547,"2020-08-18	09:30:00	通葡股份(600365.XSHG)	买	市价单	7000股	3.59	25,130.00	0.00	5.00",parsed
2020-08-18,09:30:00,600561.XSHG,江西长运,buy,400,5.26,2104.0,5.0,0,0,2109.0,母版交易记录-20200101-20210319.txt,548,"2020-08-18	09:30:00	江西长运(600561.XSHG)	买	市价单	400股	5.26	2,104.00	0.00	5.00",parsed
2020-08-20,14:00:00,600365.XSHG,通葡股份,sell,-2200,3.81,-8382.0,13.38,0,0,-8395.38,母版交易记录-20200101-20210319.txt,550,"2020-08-20	14:00:00	通葡股份(600365.XSHG)	卖	市价单	-2200股	3.81	-8,382.00	753.43	13.38",parsed
2020-08-21,09:30:00,300029.XSHE,天龙光电,sell,-300,6.26,-1878.0,6.88,0,0,-1884.88,母版交易记录-20200101-20210319.txt,552,"2020-08-21	09:30:00	天龙光电(300029.XSHE)	卖	市价单	-300股	6.26	-1,878.00	208.76	6.88",parsed
2020-08-21,09:30:00,002633.XSHE,申科股份,buy,200,9.0,1800.0,5.0,0,0,1805.0,母版交易记录-20200101-20210319.txt,553,"2020-08-21	09:30:00	申科股份(002633.XSHE)	买	市价单	200股	9	1,800.00	0.00	5.00",parsed
2020-08-21,09:30:00,002209.XSHE,达意隆,buy,100,7.31,731.0,5.0,0,0,736.0,母版交易记录-20200101-20210319.txt,554,2020-08-21	09:30:00	达意隆(002209.XSHE)	买	市价单	100股	7.31	731.00	0.00	5.00,parsed
2020-08-21,09:30:00,000502.XSHE,绿景控股,buy,200,7.27,1454.0,5.0,0,0,1459.0,母版交易记录-20200101-20210319.txt,555,"2020-08-21	09:30:00	绿景控股(000502.XSHE)	买	市价单	200股	7.27	1,454.00	0.00	5.00",parsed
2020-08-21,09:30:00,300535.XSHE,达威股份,buy,200,13.17,2634.0,5.0,0,0,2639.0,母版交易记录-20200101-20210319.txt,556,"2020-08-21	09:30:00	达威股份(300535.XSHE)	买	市价单	200股	13.17	2,634.00	0.00	5.00",parsed
2020-08-21,09:30:00,600365.XSHG,通葡股份,sell,-7100,3.79,-26909.0,31.91,0,0,-26940.91,母版交易记录-20200101-20210319.txt,557,"2020-08-21	09:30:00	通葡股份(600365.XSHG)	卖	市价单	-7100股	3.79	-26,909.00	2,289.51	31.91",parsed
2020-08-21,09:30:00,300478.XSHE,杭州高新,buy,2400,11.33,27192.0,5.0,0,0,27197.0,母版交易记录-20200101-20210319.txt,558,"2020-08-21	09:30:00	杭州高新(300478.XSHE)	买	市价单	2400股	11.33	27,192.00	0.00	5.00",parsed
2020-08-25,14:00:00,600365.XSHG,ST通葡,buy,900,3.71,3339.0,5.0,0,0,3344.0,母版交易记录-20200101-20210319.txt,560,"2020-08-25	14:00:00	ST通葡(600365.XSHG)	买	市价单	900股	3.71	3,339.00	0.00	5.00",parsed
2020-08-26,09:30:00,300029.XSHE,天龙光电,sell,-200,6.44,-1288.0,6.29,0,0,-1294.29,母版交易记录-20200101-20210319.txt,562,"2020-08-26	09:30:00	天龙光电(300029.XSHE)	卖	市价单	-200股	6.44	-1,288.00	175.17	6.29",parsed
2020-08-26,09:30:00,002633.XSHE,申科股份,sell,-200,9.33,-1866.0,6.87,0,0,-1872.87,母版交易记录-20200101-20210319.txt,563,"2020-08-26	09:30:00	申科股份(002633.XSHE)	卖	市价单	-200股	9.33	-1,866.00	286.59	6.87",parsed
2020-08-26,09:30:00,002209.XSHE,达意隆,buy,300,7.23,2169.0,5.0,0,0,2174.0,母版交易记录-20200101-20210319.txt,564,"2020-08-26	09:30:00	达意隆(002209.XSHE)	买	市价单	300股	7.23	2,169.00	0.00	5.00",parsed
2020-08-26,09:30:00,000929.XSHE,兰州黄河,sell,-100,7.61,-761.0,5.76,0,0,-766.76,母版交易记录-20200101-20210319.txt,565,2020-08-26	09:30:00	兰州黄河(000929.XSHE)	卖	市价单	-100股	7.61	-761.00	106.20	5.76,parsed
2020-08-26,09:30:00,300736.XSHE,百邦科技,sell,-300,10.86,-3258.0,8.26,0,0,-3266.26,母版交易记录-20200101-20210319.txt,566,"2020-08-26	09:30:00	百邦科技(300736.XSHE)	卖	市价单	-300股	10.86	-3,258.00	514.72	8.26",parsed
2020-08-26,09:30:00,300665.XSHE,飞鹿股份,sell,-100,11.69,-1169.0,6.17,0,0,-1175.17,母版交易记录-20200101-20210319.txt,567,"2020-08-26	09:30:00	飞鹿股份(300665.XSHE)	卖	市价单	-100股	11.69	-1,169.00	208.20	6.17",parsed
2020-08-26,09:30:00,000502.XSHE,绿景控股,buy,100,7.36,736.0,5.0,0,0,741.0,母版交易记录-20200101-20210319.txt,568,2020-08-26	09:30:00	绿景控股(000502.XSHE)	买	市价单	100股	7.36	736.00	0.00	5.00,parsed
2020-08-26,09:30:00,300535.XSHE,达威股份,sell,-100,13.67,-1367.0,6.37,0,0,-1373.37,母版交易记录-20200101-20210319.txt,569,"2020-08-26	09:30:00	达威股份(300535.XSHE)	卖	市价单	-100股	13.67	-1,367.00	90.68	6.37",parsed
2020-08-26,09:30:00,600768.XSHG,宁波富邦,buy,300,10.57,3171.0,5.0,0,0,3176.0,母版交易记录-20200101-20210319.txt,570,"2020-08-26	09:30:00	宁波富邦(600768.XSHG)	买	市价单	300股	10.57	3,171.00	0.00	5.00",parsed
2020-08-26,09:30:00,600520.XSHG,文一科技,buy,400,9.23,3692.0,5.0,0,0,3697.0,母版交易记录-20200101-20210319.txt,571,"2020-08-26	09:30:00	文一科技(600520.XSHG)	买	市价单	400股	9.23	3,692.00	0.00	5.00",parsed
2020-08-31,09:30:00,300029.XSHE,天龙光电,sell,-500,6.66,-3330.0,8.33,0,0,-3338.33,母版交易记录-20200101-20210319.txt,573,"2020-08-31	09:30:00	天龙光电(300029.XSHE)	卖	市价单	-500股	6.66	-3,330.00	547.93	8.33",parsed
2020-08-31,09:30:00,002633.XSHE,申科股份,sell,-200,9.53,-1906.0,6.91,0,0,-1912.91,母版交易记录-20200101-20210319.txt,574,"2020-08-31	09:30:00	申科股份(002633.XSHE)	卖	市价单	-200股	9.53	-1,906.00	326.59	6.91",parsed
2020-08-31,09:30:00,002209.XSHE,达意隆,buy,700,7.07,4949.0,5.0,0,0,4954.0,母版交易记录-20200101-20210319.txt,575,"2020-08-31	09:30:00	达意隆(002209.XSHE)	买	市价单	700股	7.07	4,949.00	0.00	5.00",parsed
2020-08-31,09:30:00,000929.XSHE,兰州黄河,sell,-300,7.82,-2346.0,7.35,0,0,-2353.35,母版交易记录-20200101-20210319.txt,576,"2020-08-31	09:30:00	兰州黄河(000929.XSHE)	卖	市价单	-300股	7.82	-2,346.00	381.61	7.35",parsed
2020-08-31,09:30:00,300736.XSHE,百邦科技,sell,-100,10.99,-1099.0,6.1,0,0,-1105.1,母版交易记录-20200101-20210319.txt,577,"2020-08-31	09:30:00	百邦科技(300736.XSHE)	卖	市价单	-100股	10.99	-1,099.00	184.57	6.10",parsed
2020-08-31,09:30:00,300665.XSHE,飞鹿股份,sell,-200,11.99,-2398.0,7.4,0,0,-2405.4,母版交易记录-20200101-20210319.txt,578,"2020-08-31	09:30:00	飞鹿股份(300665.XSHE)	卖	市价单	-200股	11.99	-2,398.00	476.40	7.40",parsed
2020-08-31,09:30:00,300535.XSHE,达威股份,sell,-200,14.07,-2814.0,7.81,0,0,-2821.81,母版交易记录-20200101-20210319.txt,579,"2020-08-31	09:30:00	达威股份(300535.XSHE)	卖	市价单	-200股	14.07	-2,814.00	261.37	7.81",parsed
2020-08-31,09:30:00,300478.XSHE,杭州高新,sell,-100,12.1,-1210.0,6.21,0,0,-1216.21,母版交易记录-20200101-20210319.txt,580,"2020-08-31	09:30:00	杭州高新(300478.XSHE)	卖	市价单	-100股	12.1	-1,210.00	83.85	6.21",parsed
2020-08-31,09:30:00,600561.XSHG,江西长运,sell,-5100,5.39,-27489.0,32.49,0,0,-27521.49,母版交易记录-20200101-20210319.txt,581,"2020-08-31	09:30:00	江西长运(600561.XSHG)	卖	市价单	-5100股	5.39	-27,489.00	663.00	32.49",parsed
2020-08-31,09:30:00,600520.XSHG,文一科技,buy,4000,9.24,36960.0,5.0,0,0,36965.0,母版交易记录-20200101-20210319.txt,582,"2020-08-31	09:30:00	文一科技(600520.XSHG)	买	市价单	4000股	9.24	36,960.00	0.00	5.00",parsed
2020-08-31,09:30:00,002209.XSHE,达意隆,buy,100,7.07,707.0,5.0,0,0,712.0,母版交易记录-20200101-20210319.txt,583,2020-08-31	09:30:00	达意隆(002209.XSHE)	买	市价单	100股	7.07	707.00	0.00	5.00,parsed
2020-09-02,14:00:00,000502.XSHE,绿景控股,sell,-1500,8.45,-12675.0,17.67,0,0,-12692.67,母版交易记录-20200101-20210319.txt,585,"2020-09-02	14:00:00	绿景控股(000502.XSHE)	卖	市价单	-1500股	8.45	-12,675.00	2,632.11	17.67",parsed
2020-09-03,09:30:00,300029.XSHE,天龙光电,sell,-600,7.09,-4254.0,9.25,0,0,-4263.25,母版交易记录-20200101-20210319.txt,587,"2020-09-03	09:30:00	天龙光电(300029.XSHE)	卖	市价单	-600股	7.09	-4,254.00	915.52	9.25",parsed
2020-09-03,09:30:00,002209.XSHE,达意隆,buy,2300,7.26,16698.0,5.0,0,0,16703.0,母版交易记录-20200101-20210319.txt,588,"2020-09-03	09:30:00	达意隆(002209.XSHE)	买	市价单	2300股	7.26	16,698.00	0.00	5.00",parsed
2020-09-03,09:30:00,300736.XSHE,百邦科技,sell,-300,11.7,-3510.0,8.51,0,0,-3518.51,母版交易记录-20200101-20210319.txt,589,"2020-09-03	09:30:00	百邦科技(300736.XSHE)	卖	市价单	-300股	11.7	-3,510.00	766.72	8.51",parsed
2020-09-03,09:30:00,000502.XSHE,绿景控股,sell,-3300,8.4,-27720.0,32.72,0,0,-27752.72,母版交易记录-20200101-20210319.txt,590,"2020-09-03	09:30:00	绿景控股(000502.XSHE)	卖	市价单	-3300股	8.4	-27,720.00	5,625.65	32.72",parsed
2020-09-03,09:30:00,300535.XSHE,达威股份,sell,-300,14.95,-4485.0,9.48,0,0,-4494.48,母版交易记录-20200101-20210319.txt,591,"2020-09-03	09:30:00	达威股份(300535.XSHE)	卖	市价单	-300股	14.95	-4,485.00	656.05	9.48",parsed
2020-09-03,09:30:00,600768.XSHG,宁波富邦,buy,300,10.82,3246.0,5.0,0,0,3251.0,母版交易记录-20200101-20210319.txt,592,"2020-09-03	09:30:00	宁波富邦(600768.XSHG)	买	市价单	300股	10.82	3,246.00	0.00	5.00",parsed
2020-09-03,09:30:00,600365.XSHG,ST通葡,sell,-18700,2.72,-50864.0,55.95,0,0,-50919.95,母版交易记录-20200101-20210319.txt,593,"2020-09-03	09:30:00	ST通葡(600365.XSHG)	卖	市价单	-18700股	2.72	-50,864.00	-14,118.14	55.95",parsed
2020-09-03,09:30:00,300478.XSHE,杭州高新,sell,-2300,12.74,-29302.0,34.3,0,0,-29336.3,母版交易记录-20200101-20210319.txt,594,"2020-09-03	09:30:00	杭州高新(300478.XSHE)	卖	市价单	-2300股	12.74	-29,302.00	3,400.57	34.30",parsed
2020-09-03,09:30:00,600520.XSHG,文一科技,buy,4800,9.25,44400.0,5.0,0,0,44405.0,母版交易记录-20200101-20210319.txt,595,"2020-09-03	09:30:00	文一科技(600520.XSHG)	买	市价单	4800股	9.25	44,400.00	0.00	5.00",parsed
2020-09-03,09:30:00,000929.XSHE,兰州黄河,buy,400,7.91,3164.0,5.0,0,0,3169.0,母版交易记录-20200101-20210319.txt,596,"2020-09-03	09:30:00	兰州黄河(000929.XSHE)	买	市价单	400股	7.91	3,164.00	0.00	5.00",parsed
2020-09-03,09:30:00,002209.XSHE,达意隆,buy,5300,7.26,38478.0,5.0,0,0,38483.0,母版交易记录-20200101-20210319.txt,597,"2020-09-03	09:30:00	达意隆(002209.XSHE)	买	市价单	5300股	7.26	38,478.00	0.00	5.00",parsed
2020-09-03,09:30:00,600561.XSHG,江西长运,buy,5000,5.3,26500.0,5.0,0,0,26505.0,母版交易记录-20200101-20210319.txt,598,"2020-09-03	09:30:00	江西长运(600561.XSHG)	买	市价单	5000股	5.3	26,500.00	0.00	5.00",parsed
2020-09-08,09:30:00,300029.XSHE,天龙光电,sell,-5500,8.0,-44000.0,49.0,0,0,-44049.0,母版交易记录-20200101-20210319.txt,600,"2020-09-08	09:30:00	天龙光电(300029.XSHE)	卖	市价单	-5500股	8	-44,000.00	13,397.28	49.00",parsed
2020-09-08,09:30:00,002633.XSHE,申科股份,buy,600,9.69,5814.0,5.0,0,0,5819.0,母版交易记录-20200101-20210319.txt,601,"2020-09-08	09:30:00	申科股份(002633.XSHE)	买	市价单	600股	9.69	5,814.00	0.00	5.00",parsed
2020-09-08,09:30:00,002209.XSHE,达意隆,buy,300,7.32,2196.0,5.0,0,0,2201.0,母版交易记录-20200101-20210319.txt,602,"2020-09-08	09:30:00	达意隆(002209.XSHE)	买	市价单	300股	7.32	2,196.00	0.00	5.00",parsed
2020-09-08,09:30:00,000929.XSHE,兰州黄河,sell,-800,8.48,-6784.0,11.78,0,0,-6795.78,母版交易记录-20200101-20210319.txt,603,"2020-09-08	09:30:00	兰州黄河(000929.XSHE)	卖	市价单	-800股	8.48	-6,784.00	1,521.55	11.78",parsed
2020-09-08,09:30:00,300736.XSHE,百邦科技,sell,-3100,12.8,-39680.0,44.68,0,0,-39724.68,母版交易记录-20200101-20210319.txt,604,"2020-09-08	09:30:00	百邦科技(300736.XSHE)	卖	市价单	-3100股	12.8	-39,680.00	11,332.79	44.68",parsed
2020-09-08,09:30:00,000502.XSHE,绿景控股,buy,2200,7.33,16126.0,5.0,0,0,16131.0,母版交易记录-20200101-20210319.txt,605,"2020-09-08	09:30:00	绿景控股(000502.XSHE)	买	市价单	2200股	7.33	16,126.00	0.00	5.00",parsed
2020-09-08,09:30:00,300535.XSHE,达威股份,sell,-1900,15.39,-29241.0,34.24,0,0,-29275.24,母版交易记录-20200101-20210319.txt,606,"2020-09-08	09:30:00	达威股份(300535.XSHE)	卖	市价单	-1900股	15.39	-29,241.00	4,991.01	34.24",parsed
2020-09-08,09:30:00,600768.XSHG,宁波富邦,buy,400,10.71,4284.0,5.0,0,0,4289.0,母版交易记录-20200101-20210319.txt,607,"2020-09-08	09:30:00	宁波富邦(600768.XSHG)	买	市价单	400股	10.71	4,284.00	0.00	5.00",parsed
2020-09-08,09:30:00,600365.XSHG,ST通葡,sell,-10600,2.81,-29786.0,34.79,0,0,-29820.79,母版交易记录-20200101-20210319.txt,608,"2020-09-08	09:30:00	ST通葡(600365.XSHG)	卖	市价单	-10600股	2.81	-29,786.00	-7,048.80	34.79",parsed
2020-09-08,09:30:00,300478.XSHE,杭州高新,sell,-100,13.46,-1346.0,6.35,0,0,-1352.35,母版交易记录-20200101-20210319.txt,609,"2020-09-08	09:30:00	杭州高新(300478.XSHE)	卖	市价单	-100股	13.46	-1,346.00	219.85	6.35",parsed
2020-09-08,09:30:00,600520.XSHG,文一科技,buy,3300,9.37,30921.0,5.0,0,0,30926.0,母版交易记录-20200101-20210319.txt,610,"2020-09-08	09:30:00	文一科技(600520.XSHG)	买	市价单	3300股	9.37	30,921.00	0.00	5.00",parsed
2020-09-08,09:30:00,600561.XSHG,江西长运,buy,6000,5.32,31920.0,5.0,0,0,31925.0,母版交易记录-20200101-20210319.txt,611,"2020-09-08	09:30:00	江西长运(600561.XSHG)	买	市价单	6000股	5.32	31,920.00	0.00	5.00",parsed
2020-09-08,09:30:00,600506.XSHG,香梨股份,buy,2800,10.29,28812.0,5.0,0,0,28817.0,母版交易记录-20200101-20210319.txt,612,"2020-09-08	09:30:00	香梨股份(600506.XSHG)	买	市价单	2800股	10.29	28,812.00	0.00	5.00",parsed
2020-09-08,09:30:00,603269.XSHG,海鸥股份,buy,2100,13.8,28980.0,5.0,0,0,28985.0,母版交易记录-20200101-20210319.txt,613,"2020-09-08	09:30:00	海鸥股份(603269.XSHG)	买	市价单	2100股	13.8	28,980.00	0.00	5.00",parsed
2020-09-08,09:30:00,600778.XSHG,友好集团,buy,300,5.06,1518.0,5.0,0,0,1523.0,母版交易记录-20200101-20210319.txt,614,"2020-09-08	09:30:00	友好集团(600778.XSHG)	买	市价单	300股	5.06	1,518.00	0.00	5.00",parsed
2020-09-09,14:00:00,300736.XSHE,百邦科技,sell,-1300,15.58,-20254.0,25.25,0,0,-20279.25,母版交易记录-20200101-20210319.txt,616,"2020-09-09	14:00:00	百邦科技(300736.XSHE)	卖	市价单	-1300股	15.58	-20,254.00	8,366.46	25.25",parsed
2020-09-10,14:00:00,300478.XSHE,杭州高新,sell,0,,0.0,0.0,0,0,0.0,母版交易记录-20200101-20210319.txt,618,2020-09-10	14:00:00	杭州高新(300478.XSHE)	卖	市价单	-0股	--	0.00	0.00	0.00,missing_price
2020-09-11,09:30:00,300029.XSHE,天龙光电,buy,4000,5.01,20040.0,5.0,0,0,20045.0,母版交易记录-20200101-20210319.txt,620,"2020-09-11	09:30:00	天龙光电(300029.XSHE)	买	市价单	4000股	5.01	20,040.00	0.00	5.00",parsed
2020-09-11,09:30:00,002209.XSHE,达意隆,sell,-300,6.9,-2070.0,7.07,0,0,-2077.07,母版交易记录-20200101-20210319.txt,621,"2020-09-11	09:30:00	达意隆(002209.XSHE)	卖	市价单	-300股	6.9	-2,070.00	130.90	7.07",parsed
2020-09-11,09:30:00,000929.XSHE,兰州黄河,sell,-5200,9.0,-46800.0,51.8,0,0,-46851.8,母版交易记录-20200101-20210319.txt,622,"2020-09-11	09:30:00	兰州黄河(000929.XSHE)	卖	市价单	-5200股	9	-46,800.00	12,594.06	51.80",parsed
2020-09-11,09:30:00,300736.XSHE,百邦科技,buy,2400,10.5,25200.0,5.0,0,0,25205.0,母版交易记录-20200101-20210319.txt,623,"2020-09-11	09:30:00	百邦科技(300736.XSHE)	买	市价单	2400股	10.5	25,200.00	0.00	5.00",parsed
2020-09-11,09:30:00,000502.XSHE,绿景控股,sell,-300,6.94,-2082.0,7.08,0,0,-2089.08,母版交易记录-20200101-20210319.txt,624,"2020-09-11	09:30:00	绿景控股(000502.XSHE)	卖	市价单	-300股	6.94	-2,082.00	47.07	7.08",parsed
2020-09-11,09:30:00,300535.XSHE,达威股份,sell,-2000,14.33,-28660.0,33.66,0,0,-28693.66,母版交易记录-20200101-20210319.txt,625,"2020-09-11	09:30:00	达威股份(300535.XSHE)	卖	市价单	-2000股	14.33	-28,660.00	3,133.70	33.66",parsed
2020-09-11,09:30:00,600768.XSHG,宁波富邦,sell,-300,10.18,-3054.0,8.05,0,0,-3062.05,母版交易记录-20200101-20210319.txt,626,"2020-09-11	09:30:00	宁波富邦(600768.XSHG)	卖	市价单	-300股	10.18	-3,054.00	-81.24	8.05",parsed
2020-09-11,09:30:00,300478.XSHE,杭州高新,sell,-2200,11.8,-25960.0,30.96,0,0,-25990.96,母版交易记录-20200101-20210319.txt,627,"2020-09-11	09:30:00	杭州高新(300478.XSHE)	卖	市价单	-2200股	11.8	-25,960.00	1,184.72	30.96",parsed
2020-09-11,09:30:00,600520.XSHG,文一科技,buy,3400,8.5,28900.0,5.0,0,0,28905.0,母版交易记录-20200101-20210319.txt,628,"2020-09-11	09:30:00	文一科技(600520.XSHG)	买	市价单	3400股	8.5	28,900.00	0.00	5.00",parsed
2020-09-11,09:30:00,600561.XSHG,江西长运,buy,4800,5.11,24528.0,5.0,0,0,24533.0,母版交易记录-20200101-20210319.txt,629,"2020-09-11	09:30:00	江西长运(600561.XSHG)	买	市价单	4800股	5.11	24,528.00	0.00	5.00",parsed
2020-09-11,09:30:00,600506.XSHG,香梨股份,sell,-100,10.35,-1035.0,6.04,0,0,-1041.04,母版交易记录-20200101-20210319.txt,630,"2020-09-11	09:30:00	香梨股份(600506.XSHG)	卖	市价单	-100股	10.35	-1,035.00	6.00	6.04",parsed
2020-09-11,09:30:00,603269.XSHG,海鸥股份,buy,2000,13.03,26060.0,5.0,0,0,26065.0,母版交易记录-20200101-20210319.txt,631,"2020-09-11	09:30:00	海鸥股份(603269.XSHG)	买	市价单	2000股	13.03	26,060.00	0.00	5.00",parsed
2020-09-11,09:30:00,600778.XSHG,友好集团,buy,1000,5.11,5110.0,5.0,0,0,5115.0,母版交易记录-20200101-20210319.txt,632,"2020-09-11	09:30:00	友好集团(600778.XSHG)	买	市价单	1000股	5.11	5,110.00	0.00	5.00",parsed
2020-09-15,14:00:00,300665.XSHE,飞鹿股份,sell,-7400,13.65,-101010.0,111.11,0,0,-101121.11,母版交易记录-20200101-20210319.txt,634,"2020-09-15	14:00:00	飞鹿股份(300665.XSHE)	卖	市价单	-7400股	13.65	-101,010.00	29,910.76	111.11",parsed
2020-09-16,09:30:00,300029.XSHE,ST天龙,sell,-3300,5.61,-18513.0,23.51,0,0,-18536.51,母版交易记录-20200101-20210319.txt,636,"2020-09-16	09:30:00	ST天龙(300029.XSHE)	卖	市价单	-3300股	5.61	-18,513.00	542.52	23.51",parsed
2020-09-16,09:30:00,002633.XSHE,申科股份,buy,200,9.39,1878.0,5.0,0,0,1883.0,母版交易记录-20200101-20210319.txt,637,"2020-09-16	09:30:00	申科股份(002633.XSHE)	买	市价单	200股	9.39	1,878.00	0.00	5.00",parsed
2020-09-16,09:30:00,002209.XSHE,达意隆,buy,400,7.15,2860.0,5.0,0,0,2865.0,母版交易记录-20200101-20210319.txt,638,"2020-09-16	09:30:00	达意隆(002209.XSHE)	买	市价单	400股	7.15	2,860.00	0.00	5.00",parsed
2020-09-16,09:30:00,000929.XSHE,兰州黄河,sell,-2500,9.0,-22500.0,27.5,0,0,-22527.5,母版交易记录-20200101-20210319.txt,639,"2020-09-16	09:30:00	兰州黄河(000929.XSHE)	卖	市价单	-2500股	9	-22,500.00	6,054.84	27.50",parsed
2020-09-16,09:30:00,300736.XSHE,百邦科技,sell,-500,11.82,-5910.0,10.91,0,0,-5920.91,母版交易记录-20200101-20210319.txt,640,"2020-09-16	09:30:00	百邦科技(300736.XSHE)	卖	市价单	-500股	11.82	-5,910.00	1,179.92	10.91",parsed
2020-09-16,09:30:00,300665.XSHE,飞鹿股份,sell,-2000,13.6,-27200.0,32.2,0,0,-27232.2,母版交易记录-20200101-20210319.txt,641,"2020-09-16	09:30:00	飞鹿股份(300665.XSHE)	卖	市价单	-2000股	13.6	-27,200.00	7,983.99	32.20",parsed
2020-09-16,09:30:00,000502.XSHE,绿景控股,buy,100,7.32,732.0,5.0,0,0,737.0,母版交易记录-20200101-20210319.txt,642,2020-09-16	09:30:00	绿景控股(000502.XSHE)	买	市价单	100股	7.32	732.00	0.00	5.00,parsed
2020-09-16,09:30:00,300535.XSHE,达威股份,sell,-2100,16.25,-34125.0,39.12,0,0,-34164.12,母版交易记录-20200101-20210319.txt,643,"2020-09-16	09:30:00	达威股份(300535.XSHE)	卖	市价单	-2100股	16.25	-34,125.00	7,322.38	39.12",parsed
2020-09-16,09:30:00,600768.XSHG,宁波富邦,buy,300,10.56,3168.0,5.0,0,0,3173.0,母版交易记录-20200101-20210319.txt,644,"2020-09-16	09:30:00	宁波富邦(600768.XSHG)	买	市价单	300股	10.56	3,168.00	0.00	5.00",parsed
2020-09-16,09:30:00,600520.XSHG,文一科技,buy,200,8.92,1784.0,5.0,0,0,1789.0,母版交易记录-20200101-20210319.txt,645,"2020-09-16	09:30:00	文一科技(600520.XSHG)	买	市价单	200股	8.92	1,784.00	0.00	5.00",parsed
2020-09-16,09:30:00,600561.XSHG,江西长运,buy,6500,5.15,33475.0,5.0,0,0,33480.0,母版交易记录-20200101-20210319.txt,646,"2020-09-16	09:30:00	江西长运(600561.XSHG)	买	市价单	6500股	5.15	33,475.00	0.00	5.00",parsed
2020-09-16,09:30:00,600778.XSHG,友好集团,buy,10000,5.06,50600.0,5.06,0,0,50605.06,母版交易记录-20200101-20210319.txt,647,"2020-09-16	09:30:00	友好集团(600778.XSHG)	买	市价单	10000股	5.06	50,600.00	0.00	5.06",parsed
2020-09-16,09:30:00,000702.XSHE,正虹科技,buy,4900,5.76,28224.0,5.0,0,0,28229.0,母版交易记录-20200101-20210319.txt,648,"2020-09-16	09:30:00	正虹科技(000702.XSHE)	买	市价单	4900股	5.76	28,224.00	0.00	5.00",parsed
2020-09-16,09:30:00,600099.XSHG,林海股份,buy,4100,6.98,28618.0,5.0,0,0,28623.0,母版交易记录-20200101-20210319.txt,649,"2020-09-16	09:30:00	林海股份(600099.XSHG)	买	市价单	4100股	6.98	28,618.00	0.00	5.00",parsed
2020-09-16,09:30:00,603286.XSHG,日盈电子,buy,1600,17.78,28448.0,5.0,0,0,28453.0,母版交易记录-20200101-20210319.txt,650,"2020-09-16	09:30:00	日盈电子(603286.XSHG)	买	市价单	1600股	17.78	28,448.00	0.00	5.00",parsed
2020-09-16,09:30:00,603029.XSHG,天鹅股份,buy,1700,16.9,28730.0,5.0,0,0,28735.0,母版交易记录-20200101-20210319.txt,651,"2020-09-16	09:30:00	天鹅股份(603029.XSHG)	买	市价单	1700股	16.9	28,730.00	0.00	5.00",parsed
2020-09-21,09:30:00,300029.XSHE,ST天龙,sell,-3900,5.05,-19695.0,24.7,0,0,-19719.7,母版交易记录-20200101-20210319.txt,653,"2020-09-21	09:30:00	ST天龙(300029.XSHE)	卖	市价单	-3900股	5.05	-19,695.00	-1,542.84	24.70",parsed
2020-09-21,09:30:00,002209.XSHE,达意隆,sell,-100,7.21,-721.0,5.72,0,0,-726.72,母版交易记录-20200101-20210319.txt,654,2020-09-21	09:30:00	达意隆(002209.XSHE)	卖	市价单	-100股	7.21	-721.00	73.27	5.72,parsed
2020-09-21,09:30:00,000929.XSHE,兰州黄河,sell,-3200,9.04,-28928.0,33.93,0,0,-28961.93,母版交易记录-20200101-20210319.txt,655,"2020-09-21	09:30:00	兰州黄河(000929.XSHE)	卖	市价单	-3200股	9.04	-28,928.00	7,878.19	33.93",parsed
2020-09-21,09:30:00,300736.XSHE,百邦科技,sell,-100,11.9,-1190.0,6.19,0,0,-1196.19,母版交易记录-20200101-20210319.txt,656,"2020-09-21	09:30:00	百邦科技(300736.XSHE)	卖	市价单	-100股	11.9	-1,190.00	243.98	6.19",parsed
2020-09-21,09:30:00,300665.XSHE,飞鹿股份,sell,-2200,12.78,-28116.0,33.12,0,0,-28149.12,母版交易记录-20200101-20210319.txt,657,"2020-09-21	09:30:00	飞鹿股份(300665.XSHE)	卖	市价单	-2200股	12.78	-28,116.00	6,978.39	33.12",parsed
2020-09-21,09:30:00,000502.XSHE,绿景控股,buy,400,7.14,2856.0,5.0,0,0,2861.0,母版交易记录-20200101-20210319.txt,658,"2020-09-21	09:30:00	绿景控股(000502.XSHE)	买	市价单	400股	7.14	2,856.00	0.00	5.00",parsed
2020-09-21,09:30:00,300535.XSHE,达威股份,sell,-1700,15.93,-27081.0,32.08,0,0,-27113.08,母版交易记录-20200101-20210319.txt,659,"2020-09-21	09:30:00	达威股份(300535.XSHE)	卖	市价单	-1700股	15.93	-27,081.00	5,383.64	32.08",parsed
2020-09-21,09:30:00,600768.XSHG,宁波富邦,sell,-100,10.67,-1067.0,6.07,0,0,-1073.07,母版交易记录-20200101-20210319.txt,660,"2020-09-21	09:30:00	宁波富邦(600768.XSHG)	卖	市价单	-100股	10.67	-1,067.00	21.68	6.07",parsed
2020-09-21,09:30:00,600520.XSHG,文一科技,sell,-100,9.0,-900.0,5.9,0,0,-905.9,母版交易记录-20200101-20210319.txt,661,2020-09-21	09:30:00	文一科技(600520.XSHG)	卖	市价单	-100股	9	-900.00	-10.91	5.90,parsed
2020-09-21,09:30:00,600561.XSHG,江西长运,buy,4900,5.28,25872.0,5.0,0,0,25877.0,母版交易记录-20200101-20210319.txt,662,"2020-09-21	09:30:00	江西长运(600561.XSHG)	买	市价单	4900股	5.28	25,872.00	0.00	5.00",parsed
2020-09-21,09:30:00,603269.XSHG,海鸥股份,buy,2100,13.91,29211.0,5.0,0,0,29216.0,母版交易记录-20200101-20210319.txt,663,"2020-09-21	09:30:00	海鸥股份(603269.XSHG)	买	市价单	2100股	13.91	29,211.00	0.00	5.00",parsed
2020-09-21,09:30:00,600778.XSHG,友好集团,sell,-1100,5.66,-6226.0,11.23,0,0,-6237.23,母版交易记录-20200101-20210319.txt,664,"2020-09-21	09:30:00	友好集团(600778.XSHG)	卖	市价单	-1100股	5.66	-6,226.00	655.13	11.23",parsed
2020-09-21,09:30:00,000702.XSHE,正虹科技,buy,5000,5.77,28850.0,5.0,0,0,28855.0,母版交易记录-20200101-20210319.txt,665,"2020-09-21	09:30:00	正虹科技(000702.XSHE)	买	市价单	5000股	5.77	28,850.00	0.00	5.00",parsed
2020-09-21,09:30:00,603286.XSHG,日盈电子,buy,1500,17.5,26250.0,5.0,0,0,26255.0,母版交易记录-20200101-20210319.txt,666,"2020-09-21	09:30:00	日盈电子(603286.XSHG)	买	市价单	1500股	17.5	26,250.00	0.00	5.00",parsed
2020-09-24,09:30:00,300029.XSHE,ST天龙,sell,-5900,5.1,-30090.0,35.09,0,0,-30125.09,母版交易记录-20200101-20210319.txt,668,"2020-09-24	09:30:00	ST天龙(300029.XSHE)	卖	市价单	-5900股	5.1	-30,090.00	-2,039.04	35.09",parsed
2020-09-24,09:30:00,002633.XSHE,申科股份,buy,100,9.14,914.0,5.0,0,0,919.0,母版交易记录-20200101-20210319.txt,669,2020-09-24	09:30:00	申科股份(002633.XSHE)	买	市价单	100股	9.14	914.00	0.00	5.00,parsed
2020-09-24,09:30:00,002209.XSHE,达意隆,buy,100,7.03,703.0,5.0,0,0,708.0,母版交易记录-20200101-20210319.txt,670,2020-09-24	09:30:00	达意隆(002209.XSHE)	买	市价单	100股	7.03	703.00	0.00	5.00,parsed
2020-09-24,09:30:00,000929.XSHE,兰州黄河,sell,-3300,9.13,-30129.0,35.13,0,0,-30164.13,母版交易记录-20200101-20210319.txt,671,"2020-09-24	09:30:00	兰州黄河(000929.XSHE)	卖	市价单	-3300股	9.13	-30,129.00	8,421.39	35.13",parsed
2020-09-24,09:30:00,300736.XSHE,百邦科技,sell,-2600,12.0,-31200.0,36.2,0,0,-31236.2,母版交易记录-20200101-20210319.txt,672,"2020-09-24	09:30:00	百邦科技(300736.XSHE)	卖	市价单	-2600股	12	-31,200.00	6,603.58	36.20",parsed
2020-09-24,09:30:00,000502.XSHE,绿景控股,buy,2700,7.51,20277.0,5.0,0,0,20282.0,母版交易记录-20200101-20210319.txt,673,"2020-09-24	09:30:00	绿景控股(000502.XSHE)	买	市价单	2700股	7.51	20,277.00	0.00	5.00",parsed
2020-09-24,09:30:00,300535.XSHE,达威股份,sell,-1900,16.0,-30400.0,35.4,0,0,-30435.4,母版交易记录-20200101-20210319.txt,674,"2020-09-24	09:30:00	达威股份(300535.XSHE)	卖	市价单	-1900股	16	-30,400.00	6,150.01	35.40",parsed
2020-09-24,09:30:00,600768.XSHG,宁波富邦,buy,200,10.28,2056.0,5.0,0,0,2061.0,母版交易记录-20200101-20210319.txt,675,"2020-09-24	09:30:00	宁波富邦(600768.XSHG)	买	市价单	200股	10.28	2,056.00	0.00	5.00",parsed
2020-09-24,09:30:00,600520.XSHG,文一科技,buy,400,8.61,3444.0,5.0,0,0,3449.0,母版交易记录-20200101-20210319.txt,676,"2020-09-24	09:30:00	文一科技(600520.XSHG)	买	市价单	400股	8.61	3,444.00	0.00	5.00",parsed
2020-09-24,09:30:00,600561.XSHG,江西长运,buy,700,5.06,3542.0,5.0,0,0,3547.0,母版交易记录-20200101-20210319.txt,677,"2020-09-24	09:30:00	江西长运(600561.XSHG)	买	市价单	700股	5.06	3,542.00	0.00	5.00",parsed
2020-09-24,09:30:00,600778.XSHG,友好集团,sell,-5200,5.75,-29900.0,34.9,0,0,-29934.9,母版交易记录-20200101-20210319.txt,678,"2020-09-24	09:30:00	友好集团(600778.XSHG)	卖	市价单	-5200股	5.75	-29,900.00	3,564.99	34.90",parsed
2020-09-24,09:30:00,000702.XSHE,正虹科技,buy,5100,5.64,28764.0,5.0,0,0,28769.0,母版交易记录-20200101-20210319.txt,679,"2020-09-24	09:30:00	正虹科技(000702.XSHE)	买	市价单	5100股	5.64	28,764.00	0.00	5.00",parsed
2020-09-24,09:30:00,603286.XSHG,日盈电子,buy,1900,16.89,32091.0,5.0,0,0,32096.0,母版交易记录-20200101-20210319.txt,680,"2020-09-24	09:30:00	日盈电子(603286.XSHG)	买	市价单	1900股	16.89	32,091.00	0.00	5.00",parsed
2020-09-24,09:30:00,603029.XSHG,天鹅股份,buy,1800,16.02,28836.0,5.0,0,0,28841.0,母版交易记录-20200101-20210319.txt,681,"2020-09-24	09:30:00	天鹅股份(603029.XSHG)	买	市价单	1800股	16.02	28,836.00	0.00	5.00",parsed
2020-09-24,09:30:00,300665.XSHE,飞鹿股份,buy,2300,12.23,28129.0,5.0,0,0,28134.0,母版交易记录-20200101-20210319.txt,682,"2020-09-24	09:30:00	飞鹿股份(300665.XSHE)	买	市价单	2300股	12.23	28,129.00	0.00	5.00",parsed
2020-09-29,09:30:00,300029.XSHE,ST天龙,buy,100,4.62,462.0,5.0,0,0,467.0,母版交易记录-20200101-20210319.txt,684,2020-09-29	09:30:00	ST天龙(300029.XSHE)	买	市价单	100股	4.62	462.00	0.00	5.00,parsed
2020-09-29,09:30:00,002633.XSHE,申科股份,buy,300,8.46,2538.0,5.0,0,0,2543.0,母版交易记录-20200101-20210319.txt,685,"2020-09-29	09:30:00	申科股份(002633.XSHE)	买	市价单	300股	8.46	2,538.00	0.00	5.00",parsed
2020-09-29,09:30:00,002209.XSHE,达意隆,buy,100,6.49,649.0,5.0,0,0,654.0,母版交易记录-20200101-20210319.txt,686,2020-09-29	09:30:00	达意隆(002209.XSHE)	买	市价单	100股	6.49	649.00	0.00	5.00,parsed
2020-09-29,09:30:00,000929.XSHE,兰州黄河,sell,-3100,8.32,-25792.0,30.79,0,0,-25822.79,母版交易记录-20200101-20210319.txt,687,"2020-09-29	09:30:00	兰州黄河(000929.XSHE)	卖	市价单	-3100股	8.32	-25,792.00	5,400.00	30.79",parsed
2020-09-29,09:30:00,300736.XSHE,百邦科技,buy,2300,10.99,25277.0,5.0,0,0,25282.0,母版交易记录-20200101-20210319.txt,688,"2020-09-29	09:30:00	百邦科技(300736.XSHE)	买	市价单	2300股	10.99	25,277.00	0.00	5.00",parsed
2020-09-29,09:30:00,000502.XSHE,绿景控股,sell,-4900,7.72,-37828.0,42.83,0,0,-37870.83,母版交易记录-20200101-20210319.txt,689,"2020-09-29	09:30:00	绿景控股(000502.XSHE)	卖	市价单	-4900股	7.72	-37,828.00	4,028.14	42.83",parsed
2020-09-29,09:30:00,600768.XSHG,宁波富邦,buy,100,9.64,964.0,5.0,0,0,969.0,母版交易记录-20200101-20210319.txt,690,2020-09-29	09:30:00	宁波富邦(600768.XSHG)	买	市价单	100股	9.64	964.00	0.00	5.00,parsed
2020-09-29,09:30:00,600520.XSHG,文一科技,buy,400,7.95,3180.0,5.0,0,0,3185.0,母版交易记录-20200101-20210319.txt,691,"2020-09-29	09:30:00	文一科技(600520.XSHG)	买	市价单	400股	7.95	3,180.00	0.00	5.00",parsed
2020-09-29,09:30:00,600561.XSHG,江西长运,sell,-400,4.86,-1944.0,6.94,0,0,-1950.94,母版交易记录-20200101-20210319.txt,692,"2020-09-29	09:30:00	江西长运(600561.XSHG)	卖	市价单	-400股	4.86	-1,944.00	-146.85	6.94",parsed
2020-09-29,09:30:00,600506.XSHG,香梨股份,buy,100,9.37,937.0,5.0,0,0,942.0,母版交易记录-20200101-20210319.txt,693,2020-09-29	09:30:00	香梨股份(600506.XSHG)	买	市价单	100股	9.37	937.00	0.00	5.00,parsed
2020-09-29,09:30:00,603269.XSHG,海鸥股份,sell,-2000,12.8,-25600.0,30.6,0,0,-25630.6,母版交易记录-20200101-20210319.txt,694,"2020-09-29	09:30:00	海鸥股份(603269.XSHG)	卖	市价单	-2000股	12.8	-25,600.00	-1,577.74	30.60",parsed
2020-09-29,09:30:00,600778.XSHG,友好集团,sell,-5000,5.19,-25950.0,30.95,0,0,-25980.95,母版交易记录-20200101-20210319.txt,695,"2020-09-29	09:30:00	友好集团(600778.XSHG)	卖	市价单	-5000股	5.19	-25,950.00	627.88	30.95",parsed
2020-09-29,09:30:00,000702.XSHE,正虹科技,sell,-100,5.39,-539.0,5.54,0,0,-544.54,母版交易记录-20200101-20210319.txt,696,2020-09-29	09:30:00	正虹科技(000702.XSHE)	卖	市价单	-100股	5.39	-539.00	-33.25	5.54,parsed
2020-09-29,09:30:00,600099.XSHG,林海股份,sell,-100,6.7,-670.0,5.67,0,0,-675.67,母版交易记录-20200101-20210319.txt,697,2020-09-29	09:30:00	林海股份(600099.XSHG)	卖	市价单	-100股	6.7	-670.00	-28.00	5.67,parsed
2020-09-29,09:30:00,603286.XSHG,日盈电子,buy,1600,16.02,25632.0,5.0,0,0,25637.0,母版交易记录-20200101-20210319.txt,698,"2020-09-29	09:30:00	日盈电子(603286.XSHG)	买	市价单	1600股	16.02	25,632.00	0.00	5.00",parsed
2020-09-29,09:30:00,603029.XSHG,天鹅股份,buy,1800,15.03,27054.0,5.0,0,0,27059.0,母版交易记录-20200101-20210319.txt,699,"2020-09-29	09:30:00	天鹅股份(603029.XSHG)	买	市价单	1800股	15.03	27,054.00	0.00	5.00",parsed
2020-09-29,09:30:00,300665.XSHE,飞鹿股份,buy,2300,11.56,26588.0,5.0,0,0,26593.0,母版交易记录-20200101-20210319.txt,700,"2020-09-29	09:30:00	飞鹿股份(300665.XSHE)	买	市价单	2300股	11.56	26,588.00	0.00	5.00",parsed
2020-09-29,09:30:00,002209.XSHE,达意隆,buy,300,6.49,1947.0,5.0,0,0,1952.0,母版交易记录-20200101-20210319.txt,701,"2020-09-29	09:30:00	达意隆(002209.XSHE)	买	市价单	300股	6.49	1,947.00	0.00	5.00",parsed
2020-09-29,09:30:00,300736.XSHE,百邦科技,buy,300,10.99,3297.0,5.0,0,0,3302.0,母版交易记录-20200101-20210319.txt,702,"2020-09-29	09:30:00	百邦科技(300736.XSHE)	买	市价单	300股	10.99	3,297.00	0.00	5.00",parsed
2020-09-30,14:00:00,600506.XSHG,香梨股份,sell,-100,10.01,-1001.0,6.0,0,0,-1007.0,母版交易记录-20200101-20210319.txt,704,"2020-09-30	14:00:00	香梨股份(600506.XSHG)	卖	市价单	-100股	10.01	-1,001.00	-24.71	6.00",parsed
2020-10-12,09:30:00,300029.XSHE,ST天龙,sell,-5700,4.84,-27588.0,32.59,0,0,-27620.59,母版交易记录-20200101-20210319.txt,706,"2020-10-12	09:30:00	ST天龙(300029.XSHE)	卖	市价单	-5700股	4.84	-27,588.00	-3,369.36	32.59",parsed
2020-10-12,09:30:00,002209.XSHE,达意隆,sell,-100,6.9,-690.0,5.69,0,0,-695.69,母版交易记录-20200101-20210319.txt,707,2020-10-12	09:30:00	达意隆(002209.XSHE)	卖	市价单	-100股	6.9	-690.00	41.97	5.69,parsed
2020-10-12,09:30:00,300736.XSHE,百邦科技,sell,-2600,12.0,-31200.0,36.2,0,0,-31236.2,母版交易记录-20200101-20210319.txt,708,"2020-10-12	09:30:00	百邦科技(300736.XSHE)	卖	市价单	-2600股	12	-31,200.00	5,537.42	36.20",parsed
2020-10-12,09:30:00,000502.XSHE,绿景控股,buy,300,7.85,2355.0,5.0,0,0,2360.0,母版交易记录-20200101-20210319.txt,709,"2020-10-12	09:30:00	绿景控股(000502.XSHE)	买	市价单	300股	7.85	2,355.00	0.00	5.00",parsed
2020-10-12,09:30:00,600768.XSHG,宁波富邦,buy,300,9.9,2970.0,5.0,0,0,2975.0,母版交易记录-20200101-20210319.txt,710,"2020-10-12	09:30:00	宁波富邦(600768.XSHG)	买	市价单	300股	9.9	2,970.00	0.00	5.00",parsed
2020-10-12,09:30:00,600561.XSHG,江西长运,sell,-400,5.18,-2072.0,7.07,0,0,-2079.07,母版交易记录-20200101-20210319.txt,711,"2020-10-12	09:30:00	江西长运(600561.XSHG)	卖	市价单	-400股	5.18	-2,072.00	-18.85	7.07",parsed
2020-10-12,09:30:00,600506.XSHG,香梨股份,buy,2800,10.03,28084.0,5.0,0,0,28089.0,母版交易记录-20200101-20210319.txt,712,"2020-10-12	09:30:00	香梨股份(600506.XSHG)	买	市价单	2800股	10.03	28,084.00	0.00	5.00",parsed
2020-10-12,09:30:00,603286.XSHG,日盈电子,buy,1700,16.81,28577.0,5.0,0,0,28582.0,母版交易记录-20200101-20210319.txt,713,"2020-10-12	09:30:00	日盈电子(603286.XSHG)	买	市价单	1700股	16.81	28,577.00	0.00	5.00",parsed
2020-10-12,09:30:00,603029.XSHG,天鹅股份,buy,100,15.53,1553.0,5.0,0,0,1558.0,母版交易记录-20200101-20210319.txt,714,"2020-10-12	09:30:00	天鹅股份(603029.XSHG)	买	市价单	100股	15.53	1,553.00	0.00	5.00",parsed
2020-10-12,09:30:00,300665.XSHE,飞鹿股份,buy,200,12.24,2448.0,5.0,0,0,2453.0,母版交易记录-20200101-20210319.txt,715,"2020-10-12	09:30:00	飞鹿股份(300665.XSHE)	买	市价单	200股	12.24	2,448.00	0.00	5.00",parsed
2020-10-15,09:30:00,002209.XSHE,达意隆,sell,-400,7.18,-2872.0,7.87,0,0,-2879.87,母版交易记录-20200101-20210319.txt,717,"2020-10-15	09:30:00	达意隆(002209.XSHE)	卖	市价单	-400股	7.18	-2,872.00	279.89	7.87",parsed
2020-10-15,09:30:00,300736.XSHE,百邦科技,sell,-2600,12.89,-33514.0,38.51,0,0,-33552.51,母版交易记录-20200101-20210319.txt,718,"2020-10-15	09:30:00	百邦科技(300736.XSHE)	卖	市价单	-2600股	12.89	-33,514.00	7,851.42	38.51",parsed
2020-10-15,09:30:00,600768.XSHG,宁波富邦,buy,200,9.99,1998.0,5.0,0,0,2003.0,母版交易记录-20200101-20210319.txt,719,"2020-10-15	09:30:00	宁波富邦(600768.XSHG)	买	市价单	200股	9.99	1,998.00	0.00	5.00",parsed
2020-10-15,09:30:00,600520.XSHG,文一科技,buy,400,8.3,3320.0,5.0,0,0,3325.0,母版交易记录-20200101-20210319.txt,720,"2020-10-15	09:30:00	文一科技(600520.XSHG)	买	市价单	400股	8.3	3,320.00	0.00	5.00",parsed
2020-10-15,09:30:00,600561.XSHG,江西长运,sell,-6200,5.51,-34162.0,39.16,0,0,-34201.16,母版交易记录-20200101-20210319.txt,721,"2020-10-15	09:30:00	江西长运(600561.XSHG)	卖	市价单	-6200股	5.51	-34,162.00	1,753.78	39.16",parsed
2020-10-15,09:30:00,600506.XSHG,香梨股份,sell,-100,10.82,-1082.0,6.08,0,0,-1088.08,母版交易记录-20200101-20210319.txt,722,"2020-10-15	09:30:00	香梨股份(600506.XSHG)	卖	市价单	-100股	10.82	-1,082.00	67.85	6.08",parsed
2020-10-15,09:30:00,603269.XSHG,海鸥股份,buy,2200,13.28,29216.0,5.0,0,0,29221.0,母版交易记录-20200101-20210319.txt,723,"2020-10-15	09:30:00	海鸥股份(603269.XSHG)	买	市价单	2200股	13.28	29,216.00	0.00	5.00",parsed
2020-10-15,09:30:00,000702.XSHE,正虹科技,buy,300,5.63,1689.0,5.0,0,0,1694.0,母版交易记录-20200101-20210319.txt,724,"2020-10-15	09:30:00	正虹科技(000702.XSHE)	买	市价单	300股	5.63	1,689.00	0.00	5.00",parsed
2020-10-15,09:30:00,600099.XSHG,林海股份,buy,100,6.97,697.0,5.0,0,0,702.0,母版交易记录-20200101-20210319.txt,725,2020-10-15	09:30:00	林海股份(600099.XSHG)	买	市价单	100股	6.97	697.00	0.00	5.00,parsed
2020-10-15,09:30:00,603286.XSHG,日盈电子,buy,100,16.92,1692.0,5.0,0,0,1697.0,母版交易记录-20200101-20210319.txt,726,"2020-10-15	09:30:00	日盈电子(603286.XSHG)	买	市价单	100股	16.92	1,692.00	0.00	5.00",parsed
2020-10-15,09:30:00,603029.XSHG,天鹅股份,buy,2000,15.33,30660.0,5.0,0,0,30665.0,母版交易记录-20200101-20210319.txt,727,"2020-10-15	09:30:00	天鹅股份(603029.XSHG)	买	市价单	2000股	15.33	30,660.00	0.00	5.00",parsed
2020-10-15,09:30:00,300665.XSHE,飞鹿股份,buy,100,12.92,1292.0,5.0,0,0,1297.0,母版交易记录-20200101-20210319.txt,728,"2020-10-15	09:30:00	飞鹿股份(300665.XSHE)	买	市价单	100股	12.92	1,292.00	0.00	5.00",parsed
2020-10-15,09:30:00,600355.XSHG,精伦电子,buy,300,3.05,915.0,5.0,0,0,920.0,母版交易记录-20200101-20210319.txt,729,2020-10-15	09:30:00	精伦电子(600355.XSHG)	买	市价单	300股	3.05	915.00	0.00	5.00,parsed
2020-10-19,14:00:00,002633.XSHE,申科股份,sell,-5900,8.9,-52510.0,57.76,0,0,-52567.76,母版交易记录-20200101-20210319.txt,731,"2020-10-19	14:00:00	申科股份(002633.XSHE)	卖	市价单	-5900股	8.9	-52,510.00	5,290.76	57.76",parsed
2020-10-20,09:30:00,002209.XSHE,达意隆,sell,-200,7.24,-1448.0,6.45,0,0,-1454.45,母版交易记录-20200101-20210319.txt,733,"2020-10-20	09:30:00	达意隆(002209.XSHE)	卖	市价单	-200股	7.24	-1,448.00	151.95	6.45",parsed
2020-10-20,09:30:00,300736.XSHE,百邦科技,sell,-2200,12.96,-28512.0,33.51,0,0,-28545.51,母版交易记录-20200101-20210319.txt,734,"2020-10-20	09:30:00	百邦科技(300736.XSHE)	卖	市价单	-2200股	12.96	-28,512.00	6,797.51	33.51",parsed
2020-10-20,09:30:00,600768.XSHG,宁波富邦,buy,100,9.89,989.0,5.0,0,0,994.0,母版交易记录-20200101-20210319.txt,735,2020-10-20	09:30:00	宁波富邦(600768.XSHG)	买	市价单	100股	9.89	989.00	0.00	5.00,parsed
2020-10-20,09:30:00,600520.XSHG,文一科技,buy,100,8.25,825.0,5.0,0,0,830.0,母版交易记录-20200101-20210319.txt,736,2020-10-20	09:30:00	文一科技(600520.XSHG)	买	市价单	100股	8.25	825.00	0.00	5.00,parsed
2020-10-20,09:30:00,600561.XSHG,江西长运,sell,-5100,5.46,-27846.0,32.85,0,0,-27878.85,母版交易记录-20200101-20210319.txt,737,"2020-10-20	09:30:00	江西长运(600561.XSHG)	卖	市价单	-5100股	5.46	-27,846.00	1,187.62	32.85",parsed
2020-10-20,09:30:00,600506.XSHG,香梨股份,buy,100,10.4,1040.0,5.0,0,0,1045.0,母版交易记录-20200101-20210319.txt,738,"2020-10-20	09:30:00	香梨股份(600506.XSHG)	买	市价单	100股	10.4	1,040.00	0.00	5.00",parsed
2020-10-20,09:30:00,603269.XSHG,海鸥股份,sell,-2200,13.66,-30052.0,35.05,0,0,-30087.05,母版交易记录-20200101-20210319.txt,739,"2020-10-20	09:30:00	海鸥股份(603269.XSHG)	卖	市价单	-2200股	13.66	-30,052.00	390.07	35.05",parsed
2020-10-20,09:30:00,000702.XSHE,正虹科技,buy,400,5.49,2196.0,5.0,0,0,2201.0,母版交易记录-20200101-20210319.txt,740,"2020-10-20	09:30:00	正虹科技(000702.XSHE)	买	市价单	400股	5.49	2,196.00	0.00	5.00",parsed
2020-10-20,09:30:00,603286.XSHG,日盈电子,buy,100,16.82,1682.0,5.0,0,0,1687.0,母版交易记录-20200101-20210319.txt,741,"2020-10-20	09:30:00	日盈电子(603286.XSHG)	买	市价单	100股	16.82	1,682.00	0.00	5.00",parsed
2020-10-20,09:30:00,603029.XSHG,天鹅股份,buy,1900,15.34,29146.0,5.0,0,0,29151.0,母版交易记录-20200101-20210319.txt,742,"2020-10-20	09:30:00	天鹅股份(603029.XSHG)	买	市价单	1900股	15.34	29,146.00	0.00	5.00",parsed
2020-10-20,09:30:00,300665.XSHE,飞鹿股份,buy,1400,13.61,19054.0,5.0,0,0,19059.0,母版交易记录-20200101-20210319.txt,743,"2020-10-20	09:30:00	飞鹿股份(300665.XSHE)	买	市价单	1400股	13.61	19,054.00	0.00	5.00",parsed
2020-10-20,09:30:00,600355.XSHG,精伦电子,buy,18400,3.06,56304.0,5.63,0,0,56309.63,母版交易记录-20200101-20210319.txt,744,"2020-10-20	09:30:00	精伦电子(600355.XSHG)	买	市价单	18400股	3.06	56,304.00	0.00	5.63",parsed
2020-10-20,09:30:00,000929.XSHE,兰州黄河,buy,3600,7.9,28440.0,5.0,0,0,28445.0,母版交易记录-20200101-20210319.txt,745,"2020-10-20	09:30:00	兰州黄河(000929.XSHE)	买	市价单	3600股	7.9	28,440.00	0.00	5.00",parsed
2020-10-23,09:30:00,002633.XSHE,申科股份,sell,-300,9.14,-2742.0,7.74,0,0,-2749.74,母版交易记录-20200101-20210319.txt,747,"2020-10-23	09:30:00	申科股份(002633.XSHE)	卖	市价单	-300股	9.14	-2,742.00	341.02	7.74",parsed
2020-10-23,09:30:00,002209.XSHE,达意隆,sell,-300,7.41,-2223.0,7.22,0,0,-2230.22,母版交易记录-20200101-20210319.txt,748,"2020-10-23	09:30:00	达意隆(002209.XSHE)	卖	市价单	-300股	7.41	-2,223.00	278.92	7.22",parsed
2020-10-23,09:30:00,300736.XSHE,百邦科技,sell,-200,13.94,-2788.0,7.79,0,0,-2795.79,母版交易记录-20200101-20210319.txt,749,"2020-10-23	09:30:00	百邦科技(300736.XSHE)	卖	市价单	-200股	13.94	-2,788.00	813.96	7.79",parsed
2020-10-23,09:30:00,000502.XSHE,绿景控股,buy,300,7.95,2385.0,5.0,0,0,2390.0,母版交易记录-20200101-20210319.txt,750,"2020-10-23	09:30:00	绿景控股(000502.XSHE)	买	市价单	300股	7.95	2,385.00	0.00	5.00",parsed
2020-10-23,09:30:00,600768.XSHG,宁波富邦,buy,200,9.84,1968.0,5.0,0,0,1973.0,母版交易记录-20200101-20210319.txt,751,"2020-10-23	09:30:00	宁波富邦(600768.XSHG)	买	市价单	200股	9.84	1,968.00	0.00	5.00",parsed
2020-10-23,09:30:00,600520.XSHG,文一科技,buy,400,8.14,3256.0,5.0,0,0,3261.0,母版交易记录-20200101-20210319.txt,752,"2020-10-23	09:30:00	文一科技(600520.XSHG)	买	市价单	400股	8.14	3,256.00	0.00	5.00",parsed
2020-10-23,09:30:00,600561.XSHG,江西长运,sell,-5900,5.87,-34633.0,39.63,0,0,-34672.63,母版交易记录-20200101-20210319.txt,753,"2020-10-23	09:30:00	江西长运(600561.XSHG)	卖	市价单	-5900股	5.87	-34,633.00	3,792.92	39.63",parsed
2020-10-23,09:30:00,600506.XSHG,香梨股份,buy,200,10.1,2020.0,5.0,0,0,2025.0,母版交易记录-20200101-20210319.txt,754,"2020-10-23	09:30:00	香梨股份(600506.XSHG)	买	市价单	200股	10.1	2,020.00	0.00	5.00",parsed
2020-10-23,09:30:00,603269.XSHG,海鸥股份,buy,100,13.37,1337.0,5.0,0,0,1342.0,母版交易记录-20200101-20210319.txt,755,"2020-10-23	09:30:00	海鸥股份(603269.XSHG)	买	市价单	100股	13.37	1,337.00	0.00	5.00",parsed
2020-10-23,09:30:00,000702.XSHE,正虹科技,buy,300,5.43,1629.0,5.0,0,0,1634.0,母版交易记录-20200101-20210319.txt,756,"2020-10-23	09:30:00	正虹科技(000702.XSHE)	买	市价单	300股	5.43	1,629.00	0.00	5.00",parsed
2020-10-23,09:30:00,300665.XSHE,飞鹿股份,sell,-2100,13.98,-29358.0,34.36,0,0,-29392.36,母版交易记录-20200101-20210319.txt,757,"2020-10-23	09:30:00	飞鹿股份(300665.XSHE)	卖	市价单	-2100股	13.98	-29,358.00	3,521.00	34.36",parsed
2020-10-23,09:30:00,600355.XSHG,精伦电子,buy,200,3.04,608.0,5.0,0,0,613.0,母版交易记录-20200101-20210319.txt,758,2020-10-23	09:30:00	精伦电子(600355.XSHG)	买	市价单	200股	3.04	608.00	0.00	5.00,parsed
2020-10-23,09:30:00,000929.XSHE,兰州黄河,buy,3700,7.84,29008.0,5.0,0,0,29013.0,母版交易记录-20200101-20210319.txt,759,"2020-10-23	09:30:00	兰州黄河(000929.XSHE)	买	市价单	3700股	7.84	29,008.00	0.00	5.00",parsed
2020-10-23,09:30:00,600778.XSHG,友好集团,buy,6000,4.75,28500.0,5.0,0,0,28505.0,母版交易记录-20200101-20210319.txt,760,"2020-10-23	09:30:00	友好集团(600778.XSHG)	买	市价单	6000股	4.75	28,500.00	0.00	5.00",parsed
2020-10-28,09:30:00,002209.XSHE,达意隆,sell,-400,7.46,-2984.0,7.98,0,0,-2991.98,母版交易记录-20200101-20210319.txt,762,"2020-10-28	09:30:00	达意隆(002209.XSHE)	卖	市价单	-400股	7.46	-2,984.00	391.89	7.98",parsed
2020-10-28,09:30:00,300736.XSHE,百邦科技,sell,-2100,14.38,-30198.0,35.2,0,0,-30233.2,母版交易记录-20200101-20210319.txt,763,"2020-10-28	09:30:00	百邦科技(300736.XSHE)	卖	市价单	-2100股	14.38	-30,198.00	9,470.54	35.20",parsed
2020-10-28,09:30:00,000502.XSHE,绿景控股,buy,3900,7.7,30030.0,5.0,0,0,30035.0,母版交易记录-20200101-20210319.txt,764,"2020-10-28	09:30:00	绿景控股(000502.XSHE)	买	市价单	3900股	7.7	30,030.00	0.00	5.00",parsed
2020-10-28,09:30:00,600520.XSHG,文一科技,buy,300,7.85,2355.0,5.0,0,0,2360.0,母版交易记录-20200101-20210319.txt,765,"2020-10-28	09:30:00	文一科技(600520.XSHG)	买	市价单	300股	7.85	2,355.00	0.00	5.00",parsed
2020-10-28,09:30:00,600561.XSHG,江西长运,sell,-4800,5.64,-27072.0,32.07,0,0,-27104.07,母版交易记录-20200101-20210319.txt,766,"2020-10-28	09:30:00	江西长运(600561.XSHG)	卖	市价单	-4800股	5.64	-27,072.00	1,981.76	32.07",parsed
2020-10-28,09:30:00,000702.XSHE,正虹科技,buy,5100,5.4,27540.0,5.0,0,0,27545.0,母版交易记录-20200101-20210319.txt,767,"2020-10-28	09:30:00	正虹科技(000702.XSHE)	买	市价单	5100股	5.4	27,540.00	0.00	5.00",parsed
2020-10-28,09:30:00,603286.XSHG,日盈电子,sell,-1700,16.79,-28543.0,33.54,0,0,-28576.54,母版交易记录-20200101-20210319.txt,768,"2020-10-28	09:30:00	日盈电子(603286.XSHG)	卖	市价单	-1700股	16.79	-28,543.00	-331.40	33.54",parsed
2020-10-28,09:30:00,300665.XSHE,飞鹿股份,sell,-2100,13.69,-28749.0,33.75,0,0,-28782.75,母版交易记录-20200101-20210319.txt,769,"2020-10-28	09:30:00	飞鹿股份(300665.XSHE)	卖	市价单	-2100股	13.69	-28,749.00	2,912.00	33.75",parsed
2020-10-28,09:30:00,600355.XSHG,精伦电子,buy,200,2.96,592.0,5.0,0,0,597.0,母版交易记录-20200101-20210319.txt,770,2020-10-28	09:30:00	精伦电子(600355.XSHG)	买	市价单	200股	2.96	592.00	0.00	5.00,parsed
2020-10-28,09:30:00,000929.XSHE,兰州黄河,buy,3700,7.74,28638.0,5.0,0,0,28643.0,母版交易记录-20200101-20210319.txt,771,"2020-10-28	09:30:00	兰州黄河(000929.XSHE)	买	市价单	3700股	7.74	28,638.00	0.00	5.00",parsed
2020-10-28,09:30:00,600778.XSHG,友好集团,buy,6500,4.52,29380.0,5.0,0,0,29385.0,母版交易记录-20200101-20210319.txt,772,"2020-10-28	09:30:00	友好集团(600778.XSHG)	买	市价单	6500股	4.52	29,380.00	0.00	5.00",parsed
2020-11-02,09:30:00,002209.XSHE,达意隆,sell,-3800,7.23,-27474.0,32.47,0,0,-27506.47,母版交易记录-20200101-20210319.txt,774,"2020-11-02	09:30:00	达意隆(002209.XSHE)	卖	市价单	-3800股	7.23	-27,474.00	2,848.96	32.47",parsed
2020-11-02,09:30:00,000502.XSHE,绿景控股,buy,200,7.39,1478.0,5.0,0,0,1483.0,母版交易记录-20200101-20210319.txt,775,"2020-11-02	09:30:00	绿景控股(000502.XSHE)	买	市价单	200股	7.39	1,478.00	0.00	5.00",parsed
2020-11-02,09:30:00,600768.XSHG,宁波富邦,buy,100,9.34,934.0,5.0,0,0,939.0,母版交易记录-20200101-20210319.txt,776,2020-11-02	09:30:00	宁波富邦(600768.XSHG)	买	市价单	100股	9.34	934.00	0.00	5.00,parsed
2020-11-02,09:30:00,600520.XSHG,文一科技,buy,300,7.51,2253.0,5.0,0,0,2258.0,母版交易记录-20200101-20210319.txt,777,"2020-11-02	09:30:00	文一科技(600520.XSHG)	买	市价单	300股	7.51	2,253.00	0.00	5.00",parsed
2020-11-02,09:30:00,600561.XSHG,江西长运,sell,-5100,5.35,-27285.0,32.28,0,0,-27317.28,母版交易记录-20200101-20210319.txt,778,"2020-11-02	09:30:00	江西长运(600561.XSHG)	卖	市价单	-5100股	5.35	-27,285.00	626.62	32.28",parsed
2020-11-02,09:30:00,600506.XSHG,香梨股份,buy,100,9.4,940.0,5.0,0,0,945.0,母版交易记录-20200101-20210319.txt,779,2020-11-02	09:30:00	香梨股份(600506.XSHG)	买	市价单	100股	9.4	940.00	0.00	5.00,parsed
2020-11-02,09:30:00,603269.XSHG,海鸥股份,sell,-2100,12.85,-26985.0,31.98,0,0,-27016.98,母版交易记录-20200101-20210319.txt,780,"2020-11-02	09:30:00	海鸥股份(603269.XSHG)	卖	市价单	-2100股	12.85	-26,985.00	-1,323.16	31.98",parsed
2020-11-02,09:30:00,000702.XSHE,正虹科技,buy,5500,5.17,28435.0,5.0,0,0,28440.0,母版交易记录-20200101-20210319.txt,781,"2020-11-02	09:30:00	正虹科技(000702.XSHE)	买	市价单	5500股	5.17	28,435.00	0.00	5.00",parsed
2020-11-02,09:30:00,603286.XSHG,日盈电子,sell,-1700,16.34,-27778.0,32.78,0,0,-27810.78,母版交易记录-20200101-20210319.txt,782,"2020-11-02	09:30:00	日盈电子(603286.XSHG)	卖	市价单	-1700股	16.34	-27,778.00	-1,096.40	32.78",parsed
2020-11-02,09:30:00,603029.XSHG,天鹅股份,buy,100,14.6,1460.0,5.0,0,0,1465.0,母版交易记录-20200101-20210319.txt,783,"2020-11-02	09:30:00	天鹅股份(603029.XSHG)	买	市价单	100股	14.6	1,460.00	0.00	5.00",parsed
2020-11-02,09:30:00,300665.XSHE,飞鹿股份,sell,-2100,13.1,-27510.0,32.51,0,0,-27542.51,母版交易记录-20200101-20210319.txt,784,"2020-11-02	09:30:00	飞鹿股份(300665.XSHE)	卖	市价单	-2100股	13.1	-27,510.00	1,673.00	32.51",parsed
2020-11-02,09:30:00,600355.XSHG,精伦电子,buy,10000,2.83,28300.0,5.0,0,0,28305.0,母版交易记录-20200101-20210319.txt,785,"2020-11-02	09:30:00	精伦电子(600355.XSHG)	买	市价单	10000股	2.83	28,300.00	0.00	5.00",parsed
2020-11-02,09:30:00,000929.XSHE,兰州黄河,sell,-800,8.11,-6488.0,11.49,0,0,-6499.49,母版交易记录-20200101-20210319.txt,786,"2020-11-02	09:30:00	兰州黄河(000929.XSHE)	卖	市价单	-800股	8.11	-6,488.00	227.20	11.49",parsed
2020-11-02,09:30:00,600778.XSHG,友好集团,buy,6300,4.38,27594.0,5.0,0,0,27599.0,母版交易记录-20200101-20210319.txt,787,"2020-11-02	09:30:00	友好集团(600778.XSHG)	买	市价单	6300股	4.38	27,594.00	0.00	5.00",parsed
2020-11-02,09:30:00,002633.XSHE,申科股份,buy,2900,8.85,25665.0,5.0,0,0,25670.0,母版交易记录-20200101-20210319.txt,788,"2020-11-02	09:30:00	申科股份(002633.XSHE)	买	市价单	2900股	8.85	25,665.00	0.00	5.00",parsed
2020-11-02,09:30:00,603958.XSHG,哈森股份,buy,4100,6.45,26445.0,5.0,0,0,26450.0,母版交易记录-20200101-20210319.txt,789,"2020-11-02	09:30:00	哈森股份(603958.XSHG)	买	市价单	4100股	6.45	26,445.00	0.00	5.00",parsed
2020-11-05,09:30:00,002209.XSHE,达意隆,sell,-4100,7.63,-31283.0,36.28,0,0,-31319.28,母版交易记录-20200101-20210319.txt,791,"2020-11-05	09:30:00	达意隆(002209.XSHE)	卖	市价单	-4100股	7.63	-31,283.00	4,713.88	36.28",parsed
2020-11-05,09:30:00,000502.XSHE,绿景控股,sell,-300,7.75,-2325.0,7.32,0,0,-2332.32,母版交易记录-20200101-20210319.txt,792,"2020-11-05	09:30:00	绿景控股(000502.XSHE)	卖	市价单	-300股	7.75	-2,325.00	193.88	7.32",parsed
2020-11-05,09:30:00,600520.XSHG,文一科技,sell,-500,7.97,-3985.0,8.98,0,0,-3993.98,母版交易记录-20200101-20210319.txt,793,"2020-11-05	09:30:00	文一科技(600520.XSHG)	卖	市价单	-500股	7.97	-3,985.00	-506.23	8.98",parsed
2020-11-05,09:30:00,600506.XSHG,香梨股份,buy,2900,9.65,27985.0,5.0,0,0,27990.0,母版交易记录-20200101-20210319.txt,794,"2020-11-05	09:30:00	香梨股份(600506.XSHG)	买	市价单	2900股	9.65	27,985.00	0.00	5.00",parsed
2020-11-05,09:30:00,603269.XSHG,海鸥股份,sell,-2200,12.99,-28578.0,33.58,0,0,-28611.58,母版交易记录-20200101-20210319.txt,795,"2020-11-05	09:30:00	海鸥股份(603269.XSHG)	卖	市价单	-2200股	12.99	-28,578.00	-1,078.17	33.58",parsed
2020-11-05,09:30:00,000702.XSHE,正虹科技,buy,400,5.25,2100.0,5.0,0,0,2105.0,母版交易记录-20200101-20210319.txt,796,"2020-11-05	09:30:00	正虹科技(000702.XSHE)	买	市价单	400股	5.25	2,100.00	0.00	5.00",parsed
2020-11-05,09:30:00,600099.XSHG,林海股份,sell,-4100,6.83,-28003.0,33.0,0,0,-28036.0,母版交易记录-20200101-20210319.txt,797,"2020-11-05	09:30:00	林海股份(600099.XSHG)	卖	市价单	-4100股	6.83	-28,003.00	-614.00	33.00",parsed
2020-11-05,09:30:00,603286.XSHG,日盈电子,sell,-1700,17.11,-29087.0,34.09,0,0,-29121.09,母版交易记录-20200101-20210319.txt,798,"2020-11-05	09:30:00	日盈电子(603286.XSHG)	卖	市价单	-1700股	17.11	-29,087.00	212.60	34.09",parsed
2020-11-05,09:30:00,600355.XSHG,精伦电子,buy,500,2.86,1430.0,5.0,0,0,1435.0,母版交易记录-20200101-20210319.txt,799,"2020-11-05	09:30:00	精伦电子(600355.XSHG)	买	市价单	500股	2.86	1,430.00	0.00	5.00",parsed
2020-11-05,09:30:00,000929.XSHE,兰州黄河,buy,200,8.14,1628.0,5.0,0,0,1633.0,母版交易记录-20200101-20210319.txt,800,"2020-11-05	09:30:00	兰州黄河(000929.XSHE)	买	市价单	200股	8.14	1,628.00	0.00	5.00",parsed
2020-11-05,09:30:00,600778.XSHG,友好集团,buy,7200,4.34,31248.0,5.0,0,0,31253.0,母版交易记录-20200101-20210319.txt,801,"2020-11-05	09:30:00	友好集团(600778.XSHG)	买	市价单	7200股	4.34	31,248.00	0.00	5.00",parsed
2020-11-05,09:30:00,002633.XSHE,申科股份,buy,3400,8.94,30396.0,5.0,0,0,30401.0,母版交易记录-20200101-20210319.txt,802,"2020-11-05	09:30:00	申科股份(002633.XSHE)	买	市价单	3400股	8.94	30,396.00	0.00	5.00",parsed
2020-11-05,09:30:00,000695.XSHE,滨海能源,buy,4300,6.47,27821.0,5.0,0,0,27826.0,母版交易记录-20200101-20210319.txt,803,"2020-11-05	09:30:00	滨海能源(000695.XSHE)	买	市价单	4300股	6.47	27,821.00	0.00	5.00",parsed
2020-11-10,09:30:00,002209.XSHE,达意隆,sell,-3700,7.71,-28527.0,33.53,0,0,-28560.53,母版交易记录-20200101-20210319.txt,805,"2020-11-10	09:30:00	达意隆(002209.XSHE)	卖	市价单	-3700股	7.71	-28,527.00	4,549.99	33.53",parsed
2020-11-10,09:30:00,000502.XSHE,绿景控股,buy,300,7.74,2322.0,5.0,0,0,2327.0,母版交易记录-20200101-20210319.txt,806,"2020-11-10	09:30:00	绿景控股(000502.XSHE)	买	市价单	300股	7.74	2,322.00	0.00	5.00",parsed
2020-11-10,09:30:00,600506.XSHG,香梨股份,buy,2700,9.82,26514.0,5.0,0,0,26519.0,母版交易记录-20200101-20210319.txt,807,"2020-11-10	09:30:00	香梨股份(600506.XSHG)	买	市价单	2700股	9.82	26,514.00	0.00	5.00",parsed
2020-11-10,09:30:00,000702.XSHE,正虹科技,sell,-200,5.4,-1080.0,6.08,0,0,-1086.08,母版交易记录-20200101-20210319.txt,808,"2020-11-10	09:30:00	正虹科技(000702.XSHE)	卖	市价单	-200股	5.4	-1,080.00	-26.73	6.08",parsed
2020-11-10,09:30:00,603286.XSHG,日盈电子,sell,-1700,17.62,-29954.0,34.95,0,0,-29988.95,母版交易记录-20200101-20210319.txt,809,"2020-11-10	09:30:00	日盈电子(603286.XSHG)	卖	市价单	-1700股	17.62	-29,954.00	1,079.60	34.95",parsed
2020-11-10,09:30:00,600355.XSHG,精伦电子,sell,-300,2.95,-885.0,5.88,0,0,-890.88,母版交易记录-20200101-20210319.txt,810,2020-11-10	09:30:00	精伦电子(600355.XSHG)	卖	市价单	-300股	2.95	-885.00	-8.40	5.88,parsed
2020-11-10,09:30:00,000929.XSHE,兰州黄河,sell,-3400,8.3,-28220.0,33.22,0,0,-28253.22,母版交易记录-20200101-20210319.txt,811,"2020-11-10	09:30:00	兰州黄河(000929.XSHE)	卖	市价单	-3400股	8.3	-28,220.00	1,591.07	33.22",parsed
2020-11-10,09:30:00,600778.XSHG,友好集团,buy,6400,4.44,28416.0,5.0,0,0,28421.0,母版交易记录-20200101-20210319.txt,812,"2020-11-10	09:30:00	友好集团(600778.XSHG)	买	市价单	6400股	4.44	28,416.00	0.00	5.00",parsed
2020-11-10,09:30:00,000695.XSHE,滨海能源,sell,-300,7.36,-2208.0,7.21,0,0,-2215.21,母版交易记录-20200101-20210319.txt,813,"2020-11-10	09:30:00	滨海能源(000695.XSHE)	卖	市价单	-300股	7.36	-2,208.00	267.00	7.21",parsed
2020-11-10,09:30:00,002633.XSHE,申科股份,buy,500,8.82,4410.0,5.0,0,0,4415.0,母版交易记录-20200101-20210319.txt,814,"2020-11-10	09:30:00	申科股份(002633.XSHE)	买	市价单	500股	8.82	4,410.00	0.00	5.00",parsed
2020-11-10,09:30:00,600506.XSHG,香梨股份,buy,300,9.82,2946.0,5.0,0,0,2951.0,母版交易记录-20200101-20210319.txt,815,"2020-11-10	09:30:00	香梨股份(600506.XSHG)	买	市价单	300股	9.82	2,946.00	0.00	5.00",parsed
2020-11-10,09:30:00,600455.XSHG,博通股份,buy,1100,23.88,26268.0,5.0,0,0,26273.0,母版交易记录-20200101-20210319.txt,816,"2020-11-10	09:30:00	博通股份(600455.XSHG)	买	市价单	1100股	23.88	26,268.00	0.00	5.00",parsed
2020-11-12,14:00:00,000695.XSHE,滨海能源,sell,-100,7.5,-750.0,5.75,0,0,-755.75,母版交易记录-20200101-20210319.txt,818,2020-11-12	14:00:00	滨海能源(000695.XSHE)	卖	市价单	-100股	7.5	-750.00	103.00	5.75,parsed
2020-11-13,09:30:00,002209.XSHE,达意隆,sell,-3700,7.55,-27935.0,32.94,0,0,-27967.94,母版交易记录-20200101-20210319.txt,820,"2020-11-13	09:30:00	达意隆(002209.XSHE)	卖	市价单	-3700股	7.55	-27,935.00	3,957.99	32.94",parsed
2020-11-13,09:30:00,000502.XSHE,绿景控股,buy,500,7.44,3720.0,5.0,0,0,3725.0,母版交易记录-20200101-20210319.txt,821,"2020-11-13	09:30:00	绿景控股(000502.XSHE)	买	市价单	500股	7.44	3,720.00	0.00	5.00",parsed
2020-11-13,09:30:00,600768.XSHG,宁波富邦,sell,-100,9.82,-982.0,5.98,0,0,-987.98,母版交易记录-20200101-20210319.txt,822,2020-11-13	09:30:00	宁波富邦(600768.XSHG)	卖	市价单	-100股	9.82	-982.00	-58.80	5.98,parsed
2020-11-13,09:30:00,600520.XSHG,文一科技,buy,400,7.83,3132.0,5.0,0,0,3137.0,母版交易记录-20200101-20210319.txt,823,"2020-11-13	09:30:00	文一科技(600520.XSHG)	买	市价单	400股	7.83	3,132.00	0.00	5.00",parsed
2020-11-13,09:30:00,600506.XSHG,香梨股份,buy,2300,9.77,22471.0,5.0,0,0,22476.0,母版交易记录-20200101-20210319.txt,824,"2020-11-13	09:30:00	香梨股份(600506.XSHG)	买	市价单	2300股	9.77	22,471.00	0.00	5.00",parsed
2020-11-13,09:30:00,000702.XSHE,正虹科技,buy,100,5.28,528.0,5.0,0,0,533.0,母版交易记录-20200101-20210319.txt,825,2020-11-13	09:30:00	正虹科技(000702.XSHE)	买	市价单	100股	5.28	528.00	0.00	5.00,parsed
2020-11-13,09:30:00,603286.XSHG,日盈电子,sell,-1700,17.3,-29410.0,34.41,0,0,-29444.41,母版交易记录-20200101-20210319.txt,826,"2020-11-13	09:30:00	日盈电子(603286.XSHG)	卖	市价单	-1700股	17.3	-29,410.00	535.60	34.41",parsed
2020-11-13,09:30:00,600355.XSHG,精伦电子,sell,-500,2.98,-1490.0,6.49,0,0,-1496.49,母版交易记录-20200101-20210319.txt,827,"2020-11-13	09:30:00	精伦电子(600355.XSHG)	卖	市价单	-500股	2.98	-1,490.00	1.00	6.49",parsed
2020-11-13,09:30:00,000929.XSHE,兰州黄河,sell,-3800,8.97,-34086.0,39.09,0,0,-34125.09,母版交易记录-20200101-20210319.txt,828,"2020-11-13	09:30:00	兰州黄河(000929.XSHE)	卖	市价单	-3800股	8.97	-34,086.00	4,324.25	39.09",parsed
2020-11-13,09:30:00,603958.XSHG,哈森股份,sell,-200,7.49,-1498.0,6.5,0,0,-1504.5,母版交易记录-20200101-20210319.txt,829,"2020-11-13	09:30:00	哈森股份(603958.XSHG)	卖	市价单	-200股	7.49	-1,498.00	208.00	6.50",parsed
2020-11-13,09:30:00,000695.XSHE,滨海能源,buy,200,6.9,1380.0,5.0,0,0,1385.0,母版交易记录-20200101-20210319.txt,830,"2020-11-13	09:30:00	滨海能源(000695.XSHE)	买	市价单	200股	6.9	1,380.00	0.00	5.00",parsed
2020-11-13,09:30:00,600455.XSHG,博通股份,buy,1300,23.11,30043.0,5.0,0,0,30048.0,母版交易记录-20200101-20210319.txt,831,"2020-11-13	09:30:00	博通股份(600455.XSHG)	买	市价单	1300股	23.11	30,043.00	0.00	5.00",parsed
2020-11-13,09:30:00,000702.XSHE,正虹科技,buy,200,5.28,1056.0,5.0,0,0,1061.0,母版交易记录-20200101-20210319.txt,832,"2020-11-13	09:30:00	正虹科技(000702.XSHE)	买	市价单	200股	5.28	1,056.00	0.00	5.00",parsed
2020-11-13,09:30:00,600506.XSHG,香梨股份,buy,500,9.77,4885.0,5.0,0,0,4890.0,母版交易记录-20200101-20210319.txt,833,"2020-11-13	09:30:00	香梨股份(600506.XSHG)	买	市价单	500股	9.77	4,885.00	0.00	5.00",parsed
2020-11-13,09:30:00,600561.XSHG,江西长运,buy,5500,5.13,28215.0,5.0,0,0,28220.0,母版交易记录-20200101-20210319.txt,834,"2020-11-13	09:30:00	江西长运(600561.XSHG)	买	市价单	5500股	5.13	28,215.00	0.00	5.00",parsed
2020-11-18,09:30:00,002209.XSHE,达意隆,sell,-3800,7.47,-28386.0,33.39,0,0,-28419.39,母版交易记录-20200101-20210319.txt,836,"2020-11-18	09:30:00	达意隆(002209.XSHE)	卖	市价单	-3800股	7.47	-28,386.00	3,760.96	33.39",parsed
2020-11-18,09:30:00,000502.XSHE,绿景控股,buy,300,7.34,2202.0,5.0,0,0,2207.0,母版交易记录-20200101-20210319.txt,837,"2020-11-18	09:30:00	绿景控股(000502.XSHE)	买	市价单	300股	7.34	2,202.00	0.00	5.00",parsed
2020-11-18,09:30:00,600768.XSHG,宁波富邦,sell,-300,10.02,-3006.0,8.01,0,0,-3014.01,母版交易记录-20200101-20210319.txt,838,"2020-11-18	09:30:00	宁波富邦(600768.XSHG)	卖	市价单	-300股	10.02	-3,006.00	-116.39	8.01",parsed
2020-11-18,09:30:00,600506.XSHG,香梨股份,buy,200,9.64,1928.0,5.0,0,0,1933.0,母版交易记录-20200101-20210319.txt,839,"2020-11-18	09:30:00	香梨股份(600506.XSHG)	买	市价单	200股	9.64	1,928.00	0.00	5.00",parsed
2020-11-18,09:30:00,000702.XSHE,正虹科技,sell,-500,5.4,-2700.0,7.7,0,0,-2707.7,母版交易记录-20200101-20210319.txt,840,"2020-11-18	09:30:00	正虹科技(000702.XSHE)	卖	市价单	-500股	5.4	-2,700.00	-65.41	7.70",parsed
2020-11-18,09:30:00,000929.XSHE,兰州黄河,sell,-3200,8.69,-27808.0,32.81,0,0,-27840.81,母版交易记录-20200101-20210319.txt,841,"2020-11-18	09:30:00	兰州黄河(000929.XSHE)	卖	市价单	-3200股	8.69	-27,808.00	2,745.48	32.81",parsed
2020-11-18,09:30:00,600778.XSHG,友好集团,sell,-300,4.45,-1335.0,6.34,0,0,-1341.34,母版交易记录-20200101-20210319.txt,842,"2020-11-18	09:30:00	友好集团(600778.XSHG)	卖	市价单	-300股	4.45	-1,335.00	-8.87	6.34",parsed
2020-11-18,09:30:00,600455.XSHG,博通股份,buy,1200,23.15,27780.0,5.0,0,0,27785.0,母版交易记录-20200101-20210319.txt,843,"2020-11-18	09:30:00	博通股份(600455.XSHG)	买	市价单	1200股	23.15	27,780.00	0.00	5.00",parsed
2020-11-18,09:30:00,600561.XSHG,江西长运,buy,5700,5.09,29013.0,5.0,0,0,29018.0,母版交易记录-20200101-20210319.txt,844,"2020-11-18	09:30:00	江西长运(600561.XSHG)	买	市价单	5700股	5.09	29,013.00	0.00	5.00",parsed
2020-11-23,09:30:00,000502.XSHE,绿景控股,sell,-400,7.64,-3056.0,8.06,0,0,-3064.06,母版交易记录-20200101-20210319.txt,846,"2020-11-23	09:30:00	绿景控股(000502.XSHE)	卖	市价单	-400股	7.64	-3,056.00	205.65	8.06",parsed
2020-11-23,09:30:00,600768.XSHG,宁波富邦,sell,-200,10.3,-2060.0,7.06,0,0,-2067.06,母版交易记录-20200101-20210319.txt,847,"2020-11-23	09:30:00	宁波富邦(600768.XSHG)	卖	市价单	-200股	10.3	-2,060.00	-21.60	7.06",parsed
2020-11-23,09:30:00,600506.XSHG,香梨股份,sell,-100,9.9,-990.0,5.99,0,0,-995.99,母版交易记录-20200101-20210319.txt,848,2020-11-23	09:30:00	香梨股份(600506.XSHG)	卖	市价单	-100股	9.9	-990.00	0.25	5.99,parsed
2020-11-23,09:30:00,000702.XSHE,正虹科技,sell,-100,5.48,-548.0,5.55,0,0,-553.55,母版交易记录-20200101-20210319.txt,849,2020-11-23	09:30:00	正虹科技(000702.XSHE)	卖	市价单	-100股	5.48	-548.00	-5.08	5.55,parsed
2020-11-23,09:30:00,600355.XSHG,精伦电子,sell,-9400,2.98,-28012.0,33.01,0,0,-28045.01,母版交易记录-20200101-20210319.txt,850,"2020-11-23	09:30:00	精伦电子(600355.XSHG)	卖	市价单	-9400股	2.98	-28,012.00	18.74	33.01",parsed
2020-11-23,09:30:00,600778.XSHG,友好集团,buy,1500,4.3,6450.0,5.0,0,0,6455.0,母版交易记录-20200101-20210319.txt,851,"2020-11-23	09:30:00	友好集团(600778.XSHG)	买	市价单	1500股	4.3	6,450.00	0.00	5.00",parsed
2020-11-23,09:30:00,603958.XSHG,哈森股份,sell,-3900,7.62,-29718.0,34.72,0,0,-29752.72,母版交易记录-20200101-20210319.txt,852,"2020-11-23	09:30:00	哈森股份(603958.XSHG)	卖	市价单	-3900股	7.62	-29,718.00	4,563.00	34.72",parsed
2020-11-23,09:30:00,600455.XSHG,博通股份,buy,1300,23.27,30251.0,5.0,0,0,30256.0,母版交易记录-20200101-20210319.txt,853,"2020-11-23	09:30:00	博通股份(600455.XSHG)	买	市价单	1300股	23.27	30,251.00	0.00	5.00",parsed
2020-11-23,09:30:00,600561.XSHG,江西长运,buy,5600,5.14,28784.0,5.0,0,0,28789.0,母版交易记录-20200101-20210319.txt,854,"2020-11-23	09:30:00	江西长运(600561.XSHG)	买	市价单	5600股	5.14	28,784.00	0.00	5.00",parsed
2020-11-26,09:30:00,002633.XSHE,申科股份,buy,200,8.59,1718.0,5.0,0,0,1723.0,母版交易记录-20200101-20210319.txt,856,"2020-11-26	09:30:00	申科股份(002633.XSHE)	买	市价单	200股	8.59	1,718.00	0.00	5.00",parsed
2020-11-26,09:30:00,000502.XSHE,绿景控股,sell,-4200,7.78,-32676.0,37.68,0,0,-32713.68,母版交易记录-20200101-20210319.txt,857,"2020-11-26	09:30:00	绿景控股(000502.XSHE)	卖	市价单	-4200股	7.78	-32,676.00	2,747.29	37.68",parsed
2020-11-26,09:30:00,600768.XSHG,宁波富邦,buy,200,9.96,1992.0,5.0,0,0,1997.0,母版交易记录-20200101-20210319.txt,858,"2020-11-26	09:30:00	宁波富邦(600768.XSHG)	买	市价单	200股	9.96	1,992.00	0.00	5.00",parsed
2020-11-26,09:30:00,600520.XSHG,文一科技,buy,100,7.82,782.0,5.0,0,0,787.0,母版交易记录-20200101-20210319.txt,859,2020-11-26	09:30:00	文一科技(600520.XSHG)	买	市价单	100股	7.82	782.00	0.00	5.00,parsed
2020-11-26,09:30:00,600506.XSHG,香梨股份,sell,-2900,9.81,-28449.0,33.45,0,0,-28482.45,母版交易记录-20200101-20210319.txt,860,"2020-11-26	09:30:00	香梨股份(600506.XSHG)	卖	市价单	-2900股	9.81	-28,449.00	-253.73	33.45",parsed
2020-11-26,09:30:00,000702.XSHE,正虹科技,buy,400,5.34,2136.0,5.0,0,0,2141.0,母版交易记录-20200101-20210319.txt,861,"2020-11-26	09:30:00	正虹科技(000702.XSHE)	买	市价单	400股	5.34	2,136.00	0.00	5.00",parsed
2020-11-26,09:30:00,600355.XSHG,精伦电子,sell,-9600,2.93,-28128.0,33.13,0,0,-28161.13,母版交易记录-20200101-20210319.txt,862,"2020-11-26	09:30:00	精伦电子(600355.XSHG)	卖	市价单	-9600股	2.93	-28,128.00	-460.86	33.13",parsed
2020-11-26,09:30:00,600778.XSHG,友好集团,sell,-1900,4.53,-8607.0,13.61,0,0,-8620.61,母版交易记录-20200101-20210319.txt,863,"2020-11-26	09:30:00	友好集团(600778.XSHG)	卖	市价单	-1900股	4.53	-8,607.00	111.05	13.61",parsed
2020-11-26,09:30:00,000695.XSHE,滨海能源,sell,-4100,6.82,-27962.0,32.96,0,0,-27994.96,母版交易记录-20200101-20210319.txt,864,"2020-11-26	09:30:00	滨海能源(000695.XSHE)	卖	市价单	-4100股	6.82	-27,962.00	1,349.00	32.96",parsed
2020-11-26,09:30:00,600455.XSHG,博通股份,buy,1300,23.0,29900.0,5.0,0,0,29905.0,母版交易记录-20200101-20210319.txt,865,"2020-11-26	09:30:00	博通股份(600455.XSHG)	买	市价单	1300股	23	29,900.00	0.00	5.00",parsed
2020-11-26,09:30:00,600561.XSHG,江西长运,buy,5700,5.08,28956.0,5.0,0,0,28961.0,母版交易记录-20200101-20210319.txt,866,"2020-11-26	09:30:00	江西长运(600561.XSHG)	买	市价单	5700股	5.08	28,956.00	0.00	5.00",parsed
2020-11-26,09:30:00,002633.XSHE,申科股份,buy,100,8.59,859.0,5.0,0,0,864.0,母版交易记录-20200101-20210319.txt,867,2020-11-26	09:30:00	申科股份(002633.XSHE)	买	市价单	100股	8.59	859.00	0.00	5.00,parsed
2020-11-26,09:30:00,300478.XSHE,杭州高新,buy,2600,10.83,28158.0,5.0,0,0,28163.0,母版交易记录-20200101-20210319.txt,868,"2020-11-26	09:30:00	杭州高新(300478.XSHE)	买	市价单	2600股	10.83	28,158.00	0.00	5.00",parsed
2020-11-26,09:30:00,603269.XSHG,海鸥股份,buy,2200,12.8,28160.0,5.0,0,0,28165.0,母版交易记录-20200101-20210319.txt,869,"2020-11-26	09:30:00	海鸥股份(603269.XSHG)	买	市价单	2200股	12.8	28,160.00	0.00	5.00",parsed
2020-12-01,09:30:00,002633.XSHE,申科股份,buy,500,8.37,4185.0,5.0,0,0,4190.0,母版交易记录-20200101-20210319.txt,871,"2020-12-01	09:30:00	申科股份(002633.XSHE)	买	市价单	500股	8.37	4,185.00	0.00	5.00",parsed
2020-12-01,09:30:00,600506.XSHG,香梨股份,sell,-3000,9.97,-29910.0,34.91,0,0,-29944.91,母版交易记录-20200101-20210319.txt,872,"2020-12-01	09:30:00	香梨股份(600506.XSHG)	卖	市价单	-3000股	9.97	-29,910.00	217.52	34.91",parsed
2020-12-01,09:30:00,000702.XSHE,正虹科技,sell,-6600,5.68,-37488.0,42.49,0,0,-37530.49,母版交易记录-20200101-20210319.txt,873,"2020-12-01	09:30:00	正虹科技(000702.XSHE)	卖	市价单	-6600股	5.68	-37,488.00	1,003.41	42.49",parsed
2020-12-01,09:30:00,600778.XSHG,友好集团,buy,100,4.5,450.0,5.0,0,0,455.0,母版交易记录-20200101-20210319.txt,874,2020-12-01	09:30:00	友好集团(600778.XSHG)	买	市价单	100股	4.5	450.00	0.00	5.00,parsed
2020-12-01,09:30:00,600455.XSHG,博通股份,sell,-1200,23.02,-27624.0,32.62,0,0,-27656.62,母版交易记录-20200101-20210319.txt,875,"2020-12-01	09:30:00	博通股份(600455.XSHG)	卖	市价单	-1200股	23.02	-27,624.00	-293.81	32.62",parsed
2020-12-01,09:30:00,600561.XSHG,江西长运,buy,6300,4.96,31248.0,5.0,0,0,31253.0,母版交易记录-20200101-20210319.txt,876,"2020-12-01	09:30:00	江西长运(600561.XSHG)	买	市价单	6300股	4.96	31,248.00	0.00	5.00",parsed
2020-12-01,09:30:00,300478.XSHE,杭州高新,buy,2500,11.04,27600.0,5.0,0,0,27605.0,母版交易记录-20200101-20210319.txt,877,"2020-12-01	09:30:00	杭州高新(300478.XSHE)	买	市价单	2500股	11.04	27,600.00	0.00	5.00",parsed
2020-12-01,09:30:00,603269.XSHG,海鸥股份,buy,2300,12.71,29233.0,5.0,0,0,29238.0,母版交易记录-20200101-20210319.txt,878,"2020-12-01	09:30:00	海鸥股份(603269.XSHG)	买	市价单	2300股	12.71	29,233.00	0.00	5.00",parsed
2020-12-01,09:30:00,600520.XSHG,文一科技,buy,200,7.73,1546.0,5.0,0,0,1551.0,母版交易记录-20200101-20210319.txt,879,"2020-12-01	09:30:00	文一科技(600520.XSHG)	买	市价单	200股	7.73	1,546.00	0.00	5.00",parsed
2020-12-01,09:30:00,600768.XSHG,宁波富邦,buy,100,9.92,992.0,5.0,0,0,997.0,母版交易记录-20200101-20210319.txt,880,2020-12-01	09:30:00	宁波富邦(600768.XSHG)	买	市价单	100股	9.92	992.00	0.00	5.00,parsed
2020-12-01,09:30:00,000502.XSHE,绿景控股,buy,300,7.59,2277.0,5.0,0,0,2282.0,母版交易记录-20200101-20210319.txt,881,"2020-12-01	09:30:00	绿景控股(000502.XSHE)	买	市价单	300股	7.59	2,277.00	0.00	5.00",parsed
2020-12-04,09:30:00,002633.XSHE,申科股份,buy,200,8.31,1662.0,5.0,0,0,1667.0,母版交易记录-20200101-20210319.txt,883,"2020-12-04	09:30:00	申科股份(002633.XSHE)	买	市价单	200股	8.31	1,662.00	0.00	5.00",parsed
2020-12-04,09:30:00,000502.XSHE,绿景控股,sell,-300,7.9,-2370.0,7.37,0,0,-2377.37,母版交易记录-20200101-20210319.txt,884,"2020-12-04	09:30:00	绿景控股(000502.XSHE)	卖	市价单	-300股	7.9	-2,370.00	229.47	7.37",parsed
2020-12-04,09:30:00,600768.XSHG,宁波富邦,buy,200,9.82,1964.0,5.0,0,0,1969.0,母版交易记录-20200101-20210319.txt,885,"2020-12-04	09:30:00	宁波富邦(600768.XSHG)	买	市价单	200股	9.82	1,964.00	0.00	5.00",parsed
2020-12-04,09:30:00,600520.XSHG,文一科技,sell,-100,7.9,-790.0,5.79,0,0,-795.79,母版交易记录-20200101-20210319.txt,886,2020-12-04	09:30:00	文一科技(600520.XSHG)	卖	市价单	-100股	7.9	-790.00	-103.77	5.79,parsed
2020-12-04,09:30:00,600506.XSHG,香梨股份,sell,-2900,10.14,-29406.0,34.41,0,0,-29440.41,母版交易记录-20200101-20210319.txt,887,"2020-12-04	09:30:00	香梨股份(600506.XSHG)	卖	市价单	-2900股	10.14	-29,406.00	703.27	34.41",parsed
2020-12-04,09:30:00,000702.XSHE,正虹科技,sell,-5300,5.86,-31058.0,36.06,0,0,-31094.06,母版交易记录-20200101-20210319.txt,888,"2020-12-04	09:30:00	正虹科技(000702.XSHE)	卖	市价单	-5300股	5.86	-31,058.00	1,759.77	36.06",parsed
2020-12-04,09:30:00,600355.XSHG,精伦电子,sell,-300,3.06,-918.0,5.92,0,0,-923.92,母版交易记录-20200101-20210319.txt,889,2020-12-04	09:30:00	精伦电子(600355.XSHG)	卖	市价单	-300股	3.06	-918.00	24.60	5.92,parsed
2020-12-04,09:30:00,600561.XSHG,江西长运,buy,300,4.99,1497.0,5.0,0,0,1502.0,母版交易记录-20200101-20210319.txt,890,"2020-12-04	09:30:00	江西长运(600561.XSHG)	买	市价单	300股	4.99	1,497.00	0.00	5.00",parsed
2020-12-04,09:30:00,300478.XSHE,杭州高新,buy,2800,10.98,30744.0,5.0,0,0,30749.0,母版交易记录-20200101-20210319.txt,891,"2020-12-04	09:30:00	杭州高新(300478.XSHE)	买	市价单	2800股	10.98	30,744.00	0.00	5.00",parsed
2020-12-04,09:30:00,603269.XSHG,海鸥股份,buy,2300,12.8,29440.0,5.0,0,0,29445.0,母版交易记录-20200101-20210319.txt,892,"2020-12-04	09:30:00	海鸥股份(603269.XSHG)	买	市价单	2300股	12.8	29,440.00	0.00	5.00",parsed
2020-12-04,09:30:00,002633.XSHE,申科股份,buy,100,8.31,831.0,5.0,0,0,836.0,母版交易记录-20200101-20210319.txt,893,2020-12-04	09:30:00	申科股份(002633.XSHE)	买	市价单	100股	8.31	831.00	0.00	5.00,parsed
2020-12-09,09:30:00,600520.XSHG,文一科技,sell,-100,8.0,-800.0,5.8,0,0,-805.8,母版交易记录-20200101-20210319.txt,895,2020-12-09	09:30:00	文一科技(600520.XSHG)	卖	市价单	-100股	8	-800.00	-93.77	5.80,parsed
2020-12-09,09:30:00,600506.XSHG,香梨股份,sell,-2900,10.15,-29435.0,34.44,0,0,-29469.44,母版交易记录-20200101-20210319.txt,896,"2020-12-09	09:30:00	香梨股份(600506.XSHG)	卖	市价单	-2900股	10.15	-29,435.00	732.27	34.44",parsed
2020-12-09,09:30:00,000702.XSHE,正虹科技,sell,-6100,6.65,-40565.0,45.56,0,0,-40610.56,母版交易记录-20200101-20210319.txt,897,"2020-12-09	09:30:00	正虹科技(000702.XSHE)	卖	市价单	-6100股	6.65	-40,565.00	6,844.40	45.56",parsed
2020-12-09,09:30:00,603029.XSHG,天鹅股份,buy,200,15.23,3046.0,5.0,0,0,3051.0,母版交易记录-20200101-20210319.txt,898,"2020-12-09	09:30:00	天鹅股份(603029.XSHG)	买	市价单	200股	15.23	3,046.00	0.00	5.00",parsed
2020-12-09,09:30:00,600778.XSHG,友好集团,buy,200,4.57,914.0,5.0,0,0,919.0,母版交易记录-20200101-20210319.txt,899,2020-12-09	09:30:00	友好集团(600778.XSHG)	买	市价单	200股	4.57	914.00	0.00	5.00,parsed
2020-12-09,09:30:00,600561.XSHG,江西长运,buy,300,4.97,1491.0,5.0,0,0,1496.0,母版交易记录-20200101-20210319.txt,900,"2020-12-09	09:30:00	江西长运(600561.XSHG)	买	市价单	300股	4.97	1,491.00	0.00	5.00",parsed
2020-12-09,09:30:00,300478.XSHE,杭州高新,buy,2800,10.87,30436.0,5.0,0,0,30441.0,母版交易记录-20200101-20210319.txt,901,"2020-12-09	09:30:00	杭州高新(300478.XSHE)	买	市价单	2800股	10.87	30,436.00	0.00	5.00",parsed
2020-12-09,09:30:00,603269.XSHG,海鸥股份,buy,2300,12.74,29302.0,5.0,0,0,29307.0,母版交易记录-20200101-20210319.txt,902,"2020-12-09	09:30:00	海鸥股份(603269.XSHG)	买	市价单	2300股	12.74	29,302.00	0.00	5.00",parsed
2020-12-09,09:30:00,000502.XSHE,绿景控股,buy,300,7.73,2319.0,5.0,0,0,2324.0,母版交易记录-20200101-20210319.txt,903,"2020-12-09	09:30:00	绿景控股(000502.XSHE)	买	市价单	300股	7.73	2,319.00	0.00	5.00",parsed
2020-12-14,09:30:00,002633.XSHE,申科股份,buy,300,8.05,2415.0,5.0,0,0,2420.0,母版交易记录-20200101-20210319.txt,905,"2020-12-14	09:30:00	申科股份(002633.XSHE)	买	市价单	300股	8.05	2,415.00	0.00	5.00",parsed
2020-12-14,09:30:00,000502.XSHE,绿景控股,sell,-5100,8.62,-43962.0,48.96,0,0,-44010.96,母版交易记录-20200101-20210319.txt,906,"2020-12-14	09:30:00	绿景控股(000502.XSHE)	卖	市价单	-5100股	8.62	-43,962.00	7,512.69	48.96",parsed
2020-12-14,09:30:00,600768.XSHG,宁波富邦,buy,500,9.4,4700.0,5.0,0,0,4705.0,母版交易记录-20200101-20210319.txt,907,"2020-12-14	09:30:00	宁波富邦(600768.XSHG)	买	市价单	500股	9.4	4,700.00	0.00	5.00",parsed
2020-12-14,09:30:00,600520.XSHG,文一科技,buy,100,7.72,772.0,5.0,0,0,777.0,母版交易记录-20200101-20210319.txt,908,2020-12-14	09:30:00	文一科技(600520.XSHG)	买	市价单	100股	7.72	772.00	0.00	5.00,parsed
2020-12-14,09:30:00,600506.XSHG,香梨股份,sell,-2900,10.15,-29435.0,34.44,0,0,-29469.44,母版交易记录-20200101-20210319.txt,909,"2020-12-14	09:30:00	香梨股份(600506.XSHG)	卖	市价单	-2900股	10.15	-29,435.00	732.27	34.44",parsed
2020-12-14,09:30:00,000702.XSHE,正虹科技,sell,-4300,6.42,-27606.0,32.61,0,0,-27638.61,母版交易记录-20200101-20210319.txt,910,"2020-12-14	09:30:00	正虹科技(000702.XSHE)	卖	市价单	-4300股	6.42	-27,606.00	3,835.74	32.61",parsed
2020-12-14,09:30:00,603029.XSHG,天鹅股份,sell,-2000,15.07,-30140.0,35.14,0,0,-30175.14,母版交易记录-20200101-20210319.txt,911,"2020-12-14	09:30:00	天鹅股份(603029.XSHG)	卖	市价单	-2000股	15.07	-30,140.00	-1,211.04	35.14",parsed
2020-12-14,09:30:00,600355.XSHG,精伦电子,buy,200,2.92,584.0,5.0,0,0,589.0,母版交易记录-20200101-20210319.txt,912,2020-12-14	09:30:00	精伦电子(600355.XSHG)	买	市价单	200股	2.92	584.00	0.00	5.00,parsed
2020-12-14,09:30:00,600778.XSHG,友好集团,buy,800,4.34,3472.0,5.0,0,0,3477.0,母版交易记录-20200101-20210319.txt,913,"2020-12-14	09:30:00	友好集团(600778.XSHG)	买	市价单	800股	4.34	3,472.00	0.00	5.00",parsed
2020-12-14,09:30:00,600455.XSHG,博通股份,buy,200,21.89,4378.0,5.0,0,0,4383.0,母版交易记录-20200101-20210319.txt,914,"2020-12-14	09:30:00	博通股份(600455.XSHG)	买	市价单	200股	21.89	4,378.00	0.00	5.00",parsed
2020-12-14,09:30:00,600561.XSHG,江西长运,sell,-200,4.89,-978.0,5.98,0,0,-983.98,母版交易记录-20200101-20210319.txt,915,2020-12-14	09:30:00	江西长运(600561.XSHG)	卖	市价单	-200股	4.89	-978.00	-36.99	5.98,parsed
2020-12-14,09:30:00,300478.XSHE,杭州高新,buy,2900,10.47,30363.0,5.0,0,0,30368.0,母版交易记录-20200101-20210319.txt,916,"2020-12-14	09:30:00	杭州高新(300478.XSHE)	买	市价单	2900股	10.47	30,363.00	0.00	5.00",parsed
2020-12-14,09:30:00,603269.XSHG,海鸥股份,buy,2500,12.25,30625.0,5.0,0,0,30630.0,母版交易记录-20200101-20210319.txt,917,"2020-12-14	09:30:00	海鸥股份(603269.XSHG)	买	市价单	2500股	12.25	30,625.00	0.00	5.00",parsed
2020-12-14,09:30:00,002209.XSHE,达意隆,buy,4000,7.1,28400.0,5.0,0,0,28405.0,母版交易记录-20200101-20210319.txt,918,"2020-12-14	09:30:00	达意隆(002209.XSHE)	买	市价单	4000股	7.1	28,400.00	0.00	5.00",parsed
2020-12-14,09:30:00,300736.XSHE,百邦科技,buy,2700,10.56,28512.0,5.0,0,0,28517.0,母版交易记录-20200101-20210319.txt,919,"2020-12-14	09:30:00	百邦科技(300736.XSHE)	买	市价单	2700股	10.56	28,512.00	0.00	5.00",parsed
2020-12-17,09:30:00,002633.XSHE,申科股份,sell,-100,7.75,-775.0,5.78,0,0,-780.78,母版交易记录-20200101-20210319.txt,921,2020-12-17	09:30:00	申科股份(002633.XSHE)	卖	市价单	-100股	7.75	-775.00	-62.13	5.78,parsed
2020-12-17,09:30:00,600768.XSHG,宁波富邦,sell,-100,9.13,-913.0,5.91,0,0,-918.91,母版交易记录-20200101-20210319.txt,922,2020-12-17	09:30:00	宁波富邦(600768.XSHG)	卖	市价单	-100股	9.13	-913.00	-122.77	5.91,parsed
2020-12-17,09:30:00,600520.XSHG,文一科技,buy,400,7.24,2896.0,5.0,0,0,2901.0,母版交易记录-20200101-20210319.txt,923,"2020-12-17	09:30:00	文一科技(600520.XSHG)	买	市价单	400股	7.24	2,896.00	0.00	5.00",parsed
2020-12-17,09:30:00,000702.XSHE,正虹科技,sell,-4500,6.19,-27855.0,32.86,0,0,-27887.86,母版交易记录-20200101-20210319.txt,924,"2020-12-17	09:30:00	正虹科技(000702.XSHE)	卖	市价单	-4500股	6.19	-27,855.00	2,979.15	32.86",parsed
2020-12-17,09:30:00,603029.XSHG,天鹅股份,sell,-1900,14.42,-27398.0,32.4,0,0,-27430.4,母版交易记录-20200101-20210319.txt,925,"2020-12-17	09:30:00	天鹅股份(603029.XSHG)	卖	市价单	-1900股	14.42	-27,398.00	-2,385.49	32.40",parsed
2020-12-17,09:30:00,600355.XSHG,精伦电子,buy,300,2.71,813.0,5.0,0,0,818.0,母版交易记录-20200101-20210319.txt,926,2020-12-17	09:30:00	精伦电子(600355.XSHG)	买	市价单	300股	2.71	813.00	0.00	5.00,parsed
2020-12-17,09:30:00,600561.XSHG,江西长运,buy,500,4.58,2290.0,5.0,0,0,2295.0,母版交易记录-20200101-20210319.txt,927,"2020-12-17	09:30:00	江西长运(600561.XSHG)	买	市价单	500股	4.58	2,290.00	0.00	5.00",parsed
2020-12-17,09:30:00,300478.XSHE,杭州高新,buy,200,9.84,1968.0,5.0,0,0,1973.0,母版交易记录-20200101-20210319.txt,928,"2020-12-17	09:30:00	杭州高新(300478.XSHE)	买	市价单	200股	9.84	1,968.00	0.00	5.00",parsed
2020-12-17,09:30:00,603269.XSHG,海鸥股份,sell,-2400,11.94,-28656.0,33.66,0,0,-28689.66,母版交易记录-20200101-20210319.txt,929,"2020-12-17	09:30:00	海鸥股份(603269.XSHG)	卖	市价单	-2400股	11.94	-28,656.00	-1,708.14	33.66",parsed
2020-12-17,09:30:00,300736.XSHE,百邦科技,buy,2500,10.39,25975.0,5.0,0,0,25980.0,母版交易记录-20200101-20210319.txt,930,"2020-12-17	09:30:00	百邦科技(300736.XSHE)	买	市价单	2500股	10.39	25,975.00	0.00	5.00",parsed
2020-12-17,09:30:00,600615.XSHG,丰华股份,buy,4000,6.81,27240.0,5.0,0,0,27245.0,母版交易记录-20200101-20210319.txt,931,"2020-12-17	09:30:00	丰华股份(600615.XSHG)	买	市价单	4000股	6.81	27,240.00	0.00	5.00",parsed
2020-12-17,09:30:00,600766.XSHG,园城黄金,buy,4400,5.81,25564.0,5.0,0,0,25569.0,母版交易记录-20200101-20210319.txt,932,"2020-12-17	09:30:00	园城黄金(600766.XSHG)	买	市价单	4400股	5.81	25,564.00	0.00	5.00",parsed
2020-12-22,09:30:00,000502.XSHE,绿景控股,sell,-4100,9.45,-38745.0,43.74,0,0,-38788.74,母版交易记录-20200101-20210319.txt,934,"2020-12-22	09:30:00	绿景控股(000502.XSHE)	卖	市价单	-4100股	9.45	-38,745.00	9,442.62	43.74",parsed
2020-12-22,09:30:00,600768.XSHG,宁波富邦,buy,100,9.12,912.0,5.0,0,0,917.0,母版交易记录-20200101-20210319.txt,935,2020-12-22	09:30:00	宁波富邦(600768.XSHG)	买	市价单	100股	9.12	912.00	0.00	5.00,parsed
2020-12-22,09:30:00,603029.XSHG,天鹅股份,sell,-1800,14.32,-25776.0,30.78,0,0,-25806.78,母版交易记录-20200101-20210319.txt,936,"2020-12-22	09:30:00	天鹅股份(603029.XSHG)	卖	市价单	-1800股	14.32	-25,776.00	-2,439.94	30.78",parsed
2020-12-22,09:30:00,600355.XSHG,精伦电子,buy,400,2.64,1056.0,5.0,0,0,1061.0,母版交易记录-20200101-20210319.txt,937,"2020-12-22	09:30:00	精伦电子(600355.XSHG)	买	市价单	400股	2.64	1,056.00	0.00	5.00",parsed
2020-12-22,09:30:00,600778.XSHG,友好集团,sell,-300,4.26,-1278.0,6.28,0,0,-1284.28,母版交易记录-20200101-20210319.txt,938,"2020-12-22	09:30:00	友好集团(600778.XSHG)	卖	市价单	-300股	4.26	-1,278.00	-62.71	6.28",parsed
2020-12-22,09:30:00,600455.XSHG,博通股份,buy,1400,20.91,29274.0,5.0,0,0,29279.0,母版交易记录-20200101-20210319.txt,939,"2020-12-22	09:30:00	博通股份(600455.XSHG)	买	市价单	1400股	20.91	29,274.00	0.00	5.00",parsed
2020-12-22,09:30:00,600561.XSHG,江西长运,buy,300,4.6,1380.0,5.0,0,0,1385.0,母版交易记录-20200101-20210319.txt,940,"2020-12-22	09:30:00	江西长运(600561.XSHG)	买	市价单	300股	4.6	1,380.00	0.00	5.00",parsed
2020-12-22,09:30:00,300478.XSHE,杭州高新,sell,-100,10.14,-1014.0,6.01,0,0,-1020.01,母版交易记录-20200101-20210319.txt,941,"2020-12-22	09:30:00	杭州高新(300478.XSHE)	卖	市价单	-100股	10.14	-1,014.00	-67.66	6.01",parsed
2020-12-22,09:30:00,603269.XSHG,海鸥股份,sell,-2300,12.1,-27830.0,32.83,0,0,-27862.83,母版交易记录-20200101-20210319.txt,942,"2020-12-22	09:30:00	海鸥股份(603269.XSHG)	卖	市价单	-2300股	12.1	-27,830.00	-1,268.97	32.83",parsed
2020-12-22,09:30:00,300736.XSHE,百邦科技,buy,200,10.15,2030.0,5.0,0,0,2035.0,母版交易记录-20200101-20210319.txt,943,"2020-12-22	09:30:00	百邦科技(300736.XSHE)	买	市价单	200股	10.15	2,030.00	0.00	5.00",parsed
2020-12-22,09:30:00,600615.XSHG,丰华股份,buy,4000,6.86,27440.0,5.0,0,0,27445.0,母版交易记录-20200101-20210319.txt,944,"2020-12-22	09:30:00	丰华股份(600615.XSHG)	买	市价单	4000股	6.86	27,440.00	0.00	5.00",parsed
2020-12-22,09:30:00,600766.XSHG,园城黄金,buy,5100,5.77,29427.0,5.0,0,0,29432.0,母版交易记录-20200101-20210319.txt,945,"2020-12-22	09:30:00	园城黄金(600766.XSHG)	买	市价单	5100股	5.77	29,427.00	0.00	5.00",parsed
2020-12-22,09:30:00,002633.XSHE,申科股份,buy,300,7.62,2286.0,5.0,0,0,2291.0,母版交易记录-20200101-20210319.txt,946,"2020-12-22	09:30:00	申科股份(002633.XSHE)	买	市价单	300股	7.62	2,286.00	0.00	5.00",parsed
2020-12-25,09:30:00,002633.XSHE,申科股份,buy,100,7.12,712.0,5.0,0,0,717.0,母版交易记录-20200101-20210319.txt,948,2020-12-25	09:30:00	申科股份(002633.XSHE)	买	市价单	100股	7.12	712.00	0.00	5.00,parsed
2020-12-25,09:30:00,000502.XSHE,绿景控股,sell,-2900,8.76,-25404.0,30.4,0,0,-25434.4,母版交易记录-20200101-20210319.txt,949,"2020-12-25	09:30:00	绿景控股(000502.XSHE)	卖	市价单	-2900股	8.76	-25,404.00	4,677.92	30.40",parsed
2020-12-25,09:30:00,600768.XSHG,宁波富邦,sell,-400,8.86,-3544.0,8.54,0,0,-3552.54,母版交易记录-20200101-20210319.txt,950,"2020-12-25	09:30:00	宁波富邦(600768.XSHG)	卖	市价单	-400股	8.86	-3,544.00	-595.78	8.54",parsed
2020-12-25,09:30:00,600520.XSHG,文一科技,sell,-200,6.97,-1394.0,6.39,0,0,-1400.39,母版交易记录-20200101-20210319.txt,951,"2020-12-25	09:30:00	文一科技(600520.XSHG)	卖	市价单	-200股	6.97	-1,394.00	-385.02	6.39",parsed
2020-12-25,09:30:00,600355.XSHG,精伦电子,buy,10900,2.42,26378.0,5.0,0,0,26383.0,母版交易记录-20200101-20210319.txt,952,"2020-12-25	09:30:00	精伦电子(600355.XSHG)	买	市价单	10900股	2.42	26,378.00	0.00	5.00",parsed
2020-12-25,09:30:00,600778.XSHG,友好集团,sell,-6500,3.99,-25935.0,30.94,0,0,-25965.94,母版交易记录-20200101-20210319.txt,953,"2020-12-25	09:30:00	友好集团(600778.XSHG)	卖	市价单	-6500股	3.99	-25,935.00	-3,113.69	30.94",parsed
2020-12-25,09:30:00,300478.XSHE,杭州高新,buy,300,9.19,2757.0,5.0,0,0,2762.0,母版交易记录-20200101-20210319.txt,954,"2020-12-25	09:30:00	杭州高新(300478.XSHE)	买	市价单	300股	9.19	2,757.00	0.00	5.00",parsed
2020-12-25,09:30:00,603269.XSHG,海鸥股份,sell,-2200,11.25,-24750.0,29.75,0,0,-24779.75,母版交易记录-20200101-20210319.txt,955,"2020-12-25	09:30:00	海鸥股份(603269.XSHG)	卖	市价单	-2200股	11.25	-24,750.00	-3,083.79	29.75",parsed
2020-12-25,09:30:00,002209.XSHE,达意隆,sell,-100,6.7,-670.0,5.67,0,0,-675.67,母版交易记录-20200101-20210319.txt,956,2020-12-25	09:30:00	达意隆(002209.XSHE)	卖	市价单	-100股	6.7	-670.00	-40.00	5.67,parsed
2020-12-25,09:30:00,300736.XSHE,百邦科技,buy,3100,9.07,28117.0,5.0,0,0,28122.0,母版交易记录-20200101-20210319.txt,957,"2020-12-25	09:30:00	百邦科技(300736.XSHE)	买	市价单	3100股	9.07	28,117.00	0.00	5.00",parsed
2020-12-25,09:30:00,600615.XSHG,丰华股份,sell,-200,6.67,-1334.0,6.33,0,0,-1340.33,母版交易记录-20200101-20210319.txt,958,"2020-12-25	09:30:00	丰华股份(600615.XSHG)	卖	市价单	-200股	6.67	-1,334.00	-33.00	6.33",parsed
2020-12-25,09:30:00,600766.XSHG,园城黄金,buy,4700,5.4,25380.0,5.0,0,0,25385.0,母版交易记录-20200101-20210319.txt,959,"2020-12-25	09:30:00	园城黄金(600766.XSHG)	买	市价单	4700股	5.4	25,380.00	0.00	5.00",parsed
2020-12-30,09:30:00,000502.XSHE,绿景控股,sell,-3000,9.24,-27720.0,32.72,0,0,-27752.72,母版交易记录-20200101-20210319.txt,961,"2020-12-30	09:30:00	绿景控股(000502.XSHE)	卖	市价单	-3000股	9.24	-27,720.00	6,279.23	32.72",parsed
2020-12-30,09:30:00,600768.XSHG,宁波富邦,buy,200,8.68,1736.0,5.0,0,0,1741.0,母版交易记录-20200101-20210319.txt,962,"2020-12-30	09:30:00	宁波富邦(600768.XSHG)	买	市价单	200股	8.68	1,736.00	0.00	5.00",parsed
2020-12-30,09:30:00,600520.XSHG,文一科技,buy,700,6.7,4690.0,5.0,0,0,4695.0,母版交易记录-20200101-20210319.txt,963,"2020-12-30	09:30:00	文一科技(600520.XSHG)	买	市价单	700股	6.7	4,690.00	0.00	5.00",parsed
2020-12-30,09:30:00,600355.XSHG,精伦电子,buy,8700,2.45,21315.0,5.0,0,0,21320.0,母版交易记录-20200101-20210319.txt,964,"2020-12-30	09:30:00	精伦电子(600355.XSHG)	买	市价单	8700股	2.45	21,315.00	0.00	5.00",parsed
2020-12-30,09:30:00,600561.XSHG,江西长运,sell,-7000,4.51,-31570.0,36.57,0,0,-31606.57,母版交易记录-20200101-20210319.txt,965,"2020-12-30	09:30:00	江西长运(600561.XSHG)	卖	市价单	-7000股	4.51	-31,570.00	-3,863.77	36.57",parsed
2020-12-30,09:30:00,300478.XSHE,杭州高新,buy,100,9.11,911.0,5.0,0,0,916.0,母版交易记录-20200101-20210319.txt,966,2020-12-30	09:30:00	杭州高新(300478.XSHE)	买	市价单	100股	9.11	911.00	0.00	5.00,parsed
2020-12-30,09:30:00,603269.XSHG,海鸥股份,sell,-2300,11.24,-25852.0,30.85,0,0,-25882.85,母版交易记录-20200101-20210319.txt,967,"2020-12-30	09:30:00	海鸥股份(603269.XSHG)	卖	市价单	-2300股	11.24	-25,852.00	-3,246.97	30.85",parsed
2020-12-30,09:30:00,300736.XSHE,百邦科技,buy,2900,9.01,26129.0,5.0,0,0,26134.0,母版交易记录-20200101-20210319.txt,968,"2020-12-30	09:30:00	百邦科技(300736.XSHE)	买	市价单	2900股	9.01	26,129.00	0.00	5.00",parsed
2020-12-30,09:30:00,600766.XSHG,园城黄金,buy,4500,5.51,24795.0,5.0,0,0,24800.0,母版交易记录-20200101-20210319.txt,969,"2020-12-30	09:30:00	园城黄金(600766.XSHG)	买	市价单	4500股	5.51	24,795.00	0.00	5.00",parsed
2020-12-30,09:30:00,002633.XSHE,申科股份,buy,100,7.13,713.0,5.0,0,0,718.0,母版交易记录-20200101-20210319.txt,970,2020-12-30	09:30:00	申科股份(002633.XSHE)	买	市价单	100股	7.13	713.00	0.00	5.00,parsed
2020-12-30,09:30:00,600778.XSHG,友好集团,buy,100,3.95,395.0,5.0,0,0,400.0,母版交易记录-20200101-20210319.txt,971,2020-12-30	09:30:00	友好集团(600778.XSHG)	买	市价单	100股	3.95	395.00	0.00	5.00,parsed
2020-12-30,09:30:00,600355.XSHG,精伦电子,buy,1600,2.45,3920.0,5.0,0,0,3925.0,母版交易记录-20200101-20210319.txt,972,"2020-12-30	09:30:00	精伦电子(600355.XSHG)	买	市价单	1600股	2.45	3,920.00	0.00	5.00",parsed
2021-01-04,09:30:00,002633.XSHE,申科股份,sell,-18100,7.21,-130501.0,143.55,0,0,-130644.55,母版交易记录-20200101-20210319.txt,974,"2021-01-04	09:30:00	申科股份(002633.XSHE)	卖	市价单	-18100股	7.21	-130,501.00	-20,544.84	143.55",parsed
2021-01-04,09:30:00,600768.XSHG,宁波富邦,sell,-14900,8.78,-130822.0,143.9,0,0,-130965.9,母版交易记录-20200101-20210319.txt,975,"2021-01-04	09:30:00	宁波富邦(600768.XSHG)	卖	市价单	-14900股	8.78	-130,822.00	-23,051.01	143.90",parsed
2021-01-04,09:30:00,600520.XSHG,文一科技,sell,-19300,6.8,-131240.0,144.36,0,0,-131384.36,母版交易记录-20200101-20210319.txt,976,"2021-01-04	09:30:00	文一科技(600520.XSHG)	卖	市价单	-19300股	6.8	-131,240.00	-38,899.29	144.36",parsed
2021-01-04,09:30:00,603029.XSHG,天鹅股份,sell,-3900,13.16,-51324.0,56.46,0,0,-51380.46,母版交易记录-20200101-20210319.txt,977,"2021-01-04	09:30:00	天鹅股份(603029.XSHG)	卖	市价单	-3900股	13.16	-51,324.00	-9,810.53	56.46",parsed
2021-01-04,09:30:00,600355.XSHG,精伦电子,sell,-31600,2.56,-80896.0,88.99,0,0,-80984.99,母版交易记录-20200101-20210319.txt,978,"2021-01-04	09:30:00	精伦电子(600355.XSHG)	卖	市价单	-31600股	2.56	-80,896.00	-1,461.06	88.99",parsed
2021-01-04,09:30:00,600778.XSHG,友好集团,sell,-26100,4.0,-104400.0,114.84,0,0,-104514.84,母版交易记录-20200101-20210319.txt,979,"2021-01-04	09:30:00	友好集团(600778.XSHG)	卖	市价单	-26100股	4	-104,400.00	-12,189.78	114.84",parsed
2021-01-04,09:30:00,600455.XSHG,博通股份,sell,-6600,20.4,-134640.0,148.1,0,0,-134788.1,母版交易记录-20200101-20210319.txt,980,"2021-01-04	09:30:00	博通股份(600455.XSHG)	卖	市价单	-6600股	20.4	-134,640.00	-15,336.19	148.10",parsed
2021-01-04,09:30:00,600561.XSHG,江西长运,sell,-23000,4.47,-102810.0,113.09,0,0,-102923.09,母版交易记录-20200101-20210319.txt,981,"2021-01-04	09:30:00	江西长运(600561.XSHG)	卖	市价单	-23000股	4.47	-102,810.00	-13,615.24	113.09",parsed
2021-01-04,09:30:00,300478.XSHE,杭州高新,sell,-14100,9.96,-140436.0,154.48,0,0,-140590.48,母版交易记录-20200101-20210319.txt,982,"2021-01-04	09:30:00	杭州高新(300478.XSHE)	卖	市价单	-14100股	9.96	-140,436.00	-11,419.34	154.48",parsed
2021-01-04,09:30:00,603269.XSHG,海鸥股份,sell,-2400,11.5,-27600.0,32.6,0,0,-27632.6,母版交易记录-20200101-20210319.txt,983,"2021-01-04	09:30:00	海鸥股份(603269.XSHG)	卖	市价单	-2400股	11.5	-27,600.00	-2,764.14	32.60",parsed
2021-01-04,09:30:00,002209.XSHE,达意隆,sell,-3900,6.75,-26325.0,31.32,0,0,-26356.32,母版交易记录-20200101-20210319.txt,984,"2021-01-04	09:30:00	达意隆(002209.XSHE)	卖	市价单	-3900股	6.75	-26,325.00	-1,365.00	31.32",parsed
2021-01-04,09:30:00,300736.XSHE,百邦科技,sell,-11400,9.25,-105450.0,116.0,0,0,-105566.0,母版交易记录-20200101-20210319.txt,985,"2021-01-04	09:30:00	百邦科技(300736.XSHE)	卖	市价单	-11400股	9.25	-105,450.00	-5,313.00	116.00",parsed
2021-01-04,09:30:00,600615.XSHG,丰华股份,sell,-7800,6.7,-52260.0,57.49,0,0,-52317.49,母版交易记录-20200101-20210319.txt,986,"2021-01-04	09:30:00	丰华股份(600615.XSHG)	卖	市价单	-7800股	6.7	-52,260.00	-1,053.00	57.49",parsed
2021-01-04,09:30:00,600766.XSHG,园城黄金,sell,-18700,5.39,-100793.0,110.87,0,0,-100903.87,母版交易记录-20200101-20210319.txt,987,"2021-01-04	09:30:00	园城黄金(600766.XSHG)	卖	市价单	-18700股	5.39	-100,793.00	-4,373.00	110.87",parsed
2021-01-04,09:30:00,511880.XSHG,银华日利,buy,13100,100.136,1311781.6,0.0,0,0,1311781.6,母版交易记录-20200101-20210319.txt,988,"2021-01-04	09:30:00	银华日利(511880.XSHG)	买	市价单	13100股	100.136	1,311,781.60	0.00	0.00",parsed
2021-02-01,09:30:00,511880.XSHG,银华日利,sell,-13100,100.31,-1314061.0,0.0,0,0,-1314061.0,母版交易记录-20200101-20210319.txt,990,"2021-02-01	09:30:00	银华日利(511880.XSHG)	卖	市价单	-13100股	100.31	-1,314,061.00	2,279.40	0.00",parsed
2021-02-02,09:30:00,002633.XSHE,申科股份,buy,4500,5.84,26280.0,5.0,0,0,26285.0,母版交易记录-20200101-20210319.txt,992,"2021-02-02	09:30:00	申科股份(002633.XSHE)	买	市价单	4500股	5.84	26,280.00	0.00	5.00",parsed
2021-02-02,09:30:00,600766.XSHG,园城黄金,buy,6800,3.85,26180.0,5.0,0,0,26185.0,母版交易记录-20200101-20210319.txt,993,"2021-02-02	09:30:00	园城黄金(600766.XSHG)	买	市价单	6800股	3.85	26,180.00	0.00	5.00",parsed
2021-02-02,09:30:00,300736.XSHE,百邦科技,buy,3600,7.15,25740.0,5.0,0,0,25745.0,母版交易记录-20200101-20210319.txt,994,"2021-02-02	09:30:00	百邦科技(300736.XSHE)	买	市价单	3600股	7.15	25,740.00	0.00	5.00",parsed
2021-02-02,09:30:00,000007.XSHE,全新好,buy,9700,2.71,26287.0,5.0,0,0,26292.0,母版交易记录-20200101-20210319.txt,995,"2021-02-02	09:30:00	全新好(000007.XSHE)	买	市价单	9700股	2.71	26,287.00	0.00	5.00",parsed
2021-02-02,09:30:00,002862.XSHE,实丰文化,buy,3200,8.15,26080.0,5.0,0,0,26085.0,母版交易记录-20200101-20210319.txt,996,"2021-02-02	09:30:00	实丰文化(002862.XSHE)	买	市价单	3200股	8.15	26,080.00	0.00	5.00",parsed
2021-02-02,09:30:00,600768.XSHG,宁波富邦,buy,3500,7.4,25900.0,5.0,0,0,25905.0,母版交易记录-20200101-20210319.txt,997,"2021-02-02	09:30:00	宁波富邦(600768.XSHG)	买	市价单	3500股	7.4	25,900.00	0.00	5.00",parsed
2021-02-02,09:30:00,300478.XSHE,杭州高新,buy,3300,7.81,25773.0,5.0,0,0,25778.0,母版交易记录-20200101-20210319.txt,998,"2021-02-02	09:30:00	杭州高新(300478.XSHE)	买	市价单	3300股	7.81	25,773.00	0.00	5.00",parsed
2021-02-02,09:30:00,600355.XSHG,精伦电子,buy,13000,2.02,26260.0,5.0,0,0,26265.0,母版交易记录-20200101-20210319.txt,999,"2021-02-02	09:30:00	精伦电子(600355.XSHG)	买	市价单	13000股	2.02	26,260.00	0.00	5.00",parsed
2021-02-02,09:30:00,600778.XSHG,友好集团,buy,8200,3.22,26404.0,5.0,0,0,26409.0,母版交易记录-20200101-20210319.txt,1000,"2021-02-02	09:30:00	友好集团(600778.XSHG)	买	市价单	8200股	3.22	26,404.00	0.00	5.00",parsed
2021-02-02,09:30:00,600520.XSHG,文一科技,buy,4000,6.53,26120.0,5.0,0,0,26125.0,母版交易记录-20200101-20210319.txt,1001,"2021-02-02	09:30:00	文一科技(600520.XSHG)	买	市价单	4000股	6.53	26,120.00	0.00	5.00",parsed
2021-02-05,09:30:00,002633.XSHE,申科股份,buy,4800,5.59,26832.0,5.0,0,0,26837.0,母版交易记录-20200101-20210319.txt,1003,"2021-02-05	09:30:00	申科股份(002633.XSHE)	买	市价单	4800股	5.59	26,832.00	0.00	5.00",parsed
2021-02-05,09:30:00,600766.XSHG,园城黄金,buy,7900,3.54,27966.0,5.0,0,0,27971.0,母版交易记录-20200101-20210319.txt,1004,"2021-02-05	09:30:00	园城黄金(600766.XSHG)	买	市价单	7900股	3.54	27,966.00	0.00	5.00",parsed
2021-02-05,09:30:00,300736.XSHE,百邦科技,buy,4200,6.68,28056.0,5.0,0,0,28061.0,母版交易记录-20200101-20210319.txt,1005,"2021-02-05	09:30:00	百邦科技(300736.XSHE)	买	市价单	4200股	6.68	28,056.00	0.00	5.00",parsed
2021-02-05,09:30:00,000007.XSHE,全新好,buy,10600,2.57,27242.0,5.0,0,0,27247.0,母版交易记录-20200101-20210319.txt,1006,"2021-02-05	09:30:00	全新好(000007.XSHE)	买	市价单	10600股	2.57	27,242.00	0.00	5.00",parsed
2021-02-05,09:30:00,002862.XSHE,实丰文化,buy,3500,7.74,27090.0,5.0,0,0,27095.0,母版交易记录-20200101-20210319.txt,1007,"2021-02-05	09:30:00	实丰文化(002862.XSHE)	买	市价单	3500股	7.74	27,090.00	0.00	5.00",parsed
2021-02-05,09:30:00,600768.XSHG,宁波富邦,buy,3900,7.04,27456.0,5.0,0,0,27461.0,母版交易记录-20200101-20210319.txt,1008,"2021-02-05	09:30:00	宁波富邦(600768.XSHG)	买	市价单	3900股	7.04	27,456.00	0.00	5.00",parsed
2021-02-05,09:30:00,300478.XSHE,杭州高新,buy,3800,7.32,27816.0,5.0,0,0,27821.0,母版交易记录-20200101-20210319.txt,1009,"2021-02-05	09:30:00	杭州高新(300478.XSHE)	买	市价单	3800股	7.32	27,816.00	0.00	5.00",parsed
2021-02-05,09:30:00,600355.XSHG,精伦电子,buy,14300,1.91,27313.0,5.0,0,0,27318.0,母版交易记录-20200101-20210319.txt,1010,"2021-02-05	09:30:00	精伦电子(600355.XSHG)	买	市价单	14300股	1.91	27,313.00	0.00	5.00",parsed
2021-02-05,09:30:00,600778.XSHG,友好集团,buy,8500,3.13,26605.0,5.0,0,0,26610.0,母版交易记录-20200101-20210319.txt,1011,"2021-02-05	09:30:00	友好集团(600778.XSHG)	买	市价单	8500股	3.13	26,605.00	0.00	5.00",parsed
2021-02-05,09:30:00,600520.XSHG,文一科技,buy,200,6.18,1236.0,5.0,0,0,1241.0,母版交易记录-20200101-20210319.txt,1012,"2021-02-05	09:30:00	文一科技(600520.XSHG)	买	市价单	200股	6.18	1,236.00	0.00	5.00",parsed
2021-02-05,09:30:00,300312.XSHE,邦讯技术,buy,8500,3.06,26010.0,5.0,0,0,26015.0,母版交易记录-20200101-20210319.txt,1013,"2021-02-05	09:30:00	邦讯技术(300312.XSHE)	买	市价单	8500股	3.06	26,010.00	0.00	5.00",parsed
2021-02-10,09:30:00,002633.XSHE,申科股份,buy,4600,5.56,25576.0,5.0,0,0,25581.0,母版交易记录-20200101-20210319.txt,1015,"2021-02-10	09:30:00	申科股份(002633.XSHE)	买	市价单	4600股	5.56	25,576.00	0.00	5.00",parsed
2021-02-10,09:30:00,600766.XSHG,园城黄金,buy,9900,3.15,31185.0,5.0,0,0,31190.0,母版交易记录-20200101-20210319.txt,1016,"2021-02-10	09:30:00	园城黄金(600766.XSHG)	买	市价单	9900股	3.15	31,185.00	0.00	5.00",parsed
2021-02-10,09:30:00,300736.XSHE,百邦科技,buy,4100,6.5,26650.0,5.0,0,0,26655.0,母版交易记录-20200101-20210319.txt,1017,"2021-02-10	09:30:00	百邦科技(300736.XSHE)	买	市价单	4100股	6.5	26,650.00	0.00	5.00",parsed
2021-02-10,09:30:00,000007.XSHE,全新好,buy,10800,2.49,26892.0,5.0,0,0,26897.0,母版交易记录-20200101-20210319.txt,1018,"2021-02-10	09:30:00	全新好(000007.XSHE)	买	市价单	10800股	2.49	26,892.00	0.00	5.00",parsed
2021-02-10,09:30:00,002862.XSHE,实丰文化,buy,3100,7.91,24521.0,5.0,0,0,24526.0,母版交易记录-20200101-20210319.txt,1019,"2021-02-10	09:30:00	实丰文化(002862.XSHE)	买	市价单	3100股	7.91	24,521.00	0.00	5.00",parsed
2021-02-10,09:30:00,600768.XSHG,宁波富邦,buy,3500,7.07,24745.0,5.0,0,0,24750.0,母版交易记录-20200101-20210319.txt,1020,"2021-02-10	09:30:00	宁波富邦(600768.XSHG)	买	市价单	3500股	7.07	24,745.00	0.00	5.00",parsed
2021-02-10,09:30:00,300478.XSHE,杭州高新,buy,3700,7.13,26381.0,5.0,0,0,26386.0,母版交易记录-20200101-20210319.txt,1021,"2021-02-10	09:30:00	杭州高新(300478.XSHE)	买	市价单	3700股	7.13	26,381.00	0.00	5.00",parsed
2021-02-10,09:30:00,600355.XSHG,精伦电子,buy,14000,1.88,26320.0,5.0,0,0,26325.0,母版交易记录-20200101-20210319.txt,1022,"2021-02-10	09:30:00	精伦电子(600355.XSHG)	买	市价单	14000股	1.88	26,320.00	0.00	5.00",parsed
2021-02-10,09:30:00,300312.XSHE,邦讯技术,buy,9700,2.83,27451.0,5.0,0,0,27456.0,母版交易记录-20200101-20210319.txt,1023,"2021-02-10	09:30:00	邦讯技术(300312.XSHE)	买	市价单	9700股	2.83	27,451.00	0.00	5.00",parsed
2021-02-10,09:30:00,000502.XSHE,绿景控股,buy,4900,5.18,25382.0,5.0,0,0,25387.0,母版交易记录-20200101-20210319.txt,1024,"2021-02-10	09:30:00	绿景控股(000502.XSHE)	买	市价单	4900股	5.18	25,382.00	0.00	5.00",parsed
2021-02-22,09:30:00,002633.XSHE,申科股份,buy,4900,6.08,29792.0,5.0,0,0,29797.0,母版交易记录-20200101-20210319.txt,1026,"2021-02-22	09:30:00	申科股份(002633.XSHE)	买	市价单	4900股	6.08	29,792.00	0.00	5.00",parsed
2021-02-22,09:30:00,300736.XSHE,百邦科技,buy,4000,7.2,28800.0,5.0,0,0,28805.0,母版交易记录-20200101-20210319.txt,1027,"2021-02-22	09:30:00	百邦科技(300736.XSHE)	买	市价单	4000股	7.2	28,800.00	0.00	5.00",parsed
2021-02-22,09:30:00,000007.XSHE,全新好,buy,5400,3.14,16956.0,5.0,0,0,16961.0,母版交易记录-20200101-20210319.txt,1028,"2021-02-22	09:30:00	全新好(000007.XSHE)	买	市价单	5400股	3.14	16,956.00	0.00	5.00",parsed
2021-02-22,09:30:00,002862.XSHE,实丰文化,buy,3300,8.73,28809.0,5.0,0,0,28814.0,母版交易记录-20200101-20210319.txt,1029,"2021-02-22	09:30:00	实丰文化(002862.XSHE)	买	市价单	3300股	8.73	28,809.00	0.00	5.00",parsed
2021-02-22,09:30:00,300478.XSHE,杭州高新,buy,3300,8.12,26796.0,5.0,0,0,26801.0,母版交易记录-20200101-20210319.txt,1030,"2021-02-22	09:30:00	杭州高新(300478.XSHE)	买	市价单	3300股	8.12	26,796.00	0.00	5.00",parsed
2021-02-22,09:30:00,600355.XSHG,精伦电子,buy,13100,2.11,27641.0,5.0,0,0,27646.0,母版交易记录-20200101-20210319.txt,1031,"2021-02-22	09:30:00	精伦电子(600355.XSHG)	买	市价单	13100股	2.11	27,641.00	0.00	5.00",parsed
2021-02-22,09:30:00,600778.XSHG,友好集团,buy,8300,3.44,28552.0,5.0,0,0,28557.0,母版交易记录-20200101-20210319.txt,1032,"2021-02-22	09:30:00	友好集团(600778.XSHG)	买	市价单	8300股	3.44	28,552.00	0.00	5.00",parsed
2021-02-22,09:30:00,600520.XSHG,文一科技,buy,4400,6.63,29172.0,5.0,0,0,29177.0,母版交易记录-20200101-20210319.txt,1033,"2021-02-22	09:30:00	文一科技(600520.XSHG)	买	市价单	4400股	6.63	29,172.00	0.00	5.00",parsed
2021-02-22,09:30:00,000502.XSHE,绿景控股,sell,-100,6.07,-607.0,5.61,0,0,-612.61,母版交易记录-20200101-20210319.txt,1034,2021-02-22	09:30:00	绿景控股(000502.XSHE)	卖	市价单	-100股	6.07	-607.00	89.00	5.61,parsed
2021-02-22,09:30:00,603029.XSHG,天鹅股份,buy,2500,11.39,28475.0,5.0,0,0,28480.0,母版交易记录-20200101-20210319.txt,1035,"2021-02-22	09:30:00	天鹅股份(603029.XSHG)	买	市价单	2500股	11.39	28,475.00	0.00	5.00",parsed
2021-02-22,09:30:00,600506.XSHG,香梨股份,buy,3700,7.56,27972.0,5.0,0,0,27977.0,母版交易记录-20200101-20210319.txt,1036,"2021-02-22	09:30:00	香梨股份(600506.XSHG)	买	市价单	3700股	7.56	27,972.00	0.00	5.00",parsed
2021-02-23,14:00:00,000007.XSHE,全新好,sell,-900,3.3,-2970.0,7.97,0,0,-2977.97,母版交易记录-20200101-20210319.txt,1038,"2021-02-23	14:00:00	全新好(000007.XSHE)	卖	市价单	-900股	3.3	-2,970.00	568.92	7.97",parsed
2021-02-23,14:00:00,300312.XSHE,邦讯技术,sell,-4700,4.37,-20539.0,25.54,0,0,-20564.54,母版交易记录-20200101-20210319.txt,1039,"2021-02-23	14:00:00	邦讯技术(300312.XSHE)	卖	市价单	-4700股	4.37	-20,539.00	6,733.14	25.54",parsed
2021-02-24,14:00:00,300312.XSHE,邦讯技术,sell,-3000,5.81,-17430.0,22.43,0,0,-17452.43,母版交易记录-20200101-20210319.txt,1041,"2021-02-24	14:00:00	邦讯技术(300312.XSHE)	卖	市价单	-3000股	5.81	-17,430.00	8,617.75	22.43",parsed
2021-02-25,09:30:00,002633.XSHE,申科股份,buy,5500,6.25,34375.0,5.0,0,0,34380.0,母版交易记录-20200101-20210319.txt,1043,"2021-02-25	09:30:00	申科股份(002633.XSHE)	买	市价单	5500股	6.25	34,375.00	0.00	5.00",parsed
2021-02-25,09:30:00,300736.XSHE,百邦科技,buy,4000,7.63,30520.0,5.0,0,0,30525.0,母版交易记录-20200101-20210319.txt,1044,"2021-02-25	09:30:00	百邦科技(300736.XSHE)	买	市价单	4000股	7.63	30,520.00	0.00	5.00",parsed
2021-02-25,09:30:00,000007.XSHE,全新好,buy,1300,3.3,4290.0,5.0,0,0,4295.0,母版交易记录-20200101-20210319.txt,1045,"2021-02-25	09:30:00	全新好(000007.XSHE)	买	市价单	1300股	3.3	4,290.00	0.00	5.00",parsed
2021-02-25,09:30:00,600768.XSHG,宁波富邦,buy,4400,7.93,34892.0,5.0,0,0,34897.0,母版交易记录-20200101-20210319.txt,1046,"2021-02-25	09:30:00	宁波富邦(600768.XSHG)	买	市价单	4400股	7.93	34,892.00	0.00	5.00",parsed
2021-02-25,09:30:00,300478.XSHE,杭州高新,buy,3000,8.91,26730.0,5.0,0,0,26735.0,母版交易记录-20200101-20210319.txt,1047,"2021-02-25	09:30:00	杭州高新(300478.XSHE)	买	市价单	3000股	8.91	26,730.00	0.00	5.00",parsed
2021-02-25,09:30:00,600355.XSHG,精伦电子,buy,14500,2.21,32045.0,5.0,0,0,32050.0,母版交易记录-20200101-20210319.txt,1048,"2021-02-25	09:30:00	精伦电子(600355.XSHG)	买	市价单	14500股	2.21	32,045.00	0.00	5.00",parsed
2021-02-25,09:30:00,600778.XSHG,友好集团,buy,9200,3.56,32752.0,5.0,0,0,32757.0,母版交易记录-20200101-20210319.txt,1049,"2021-02-25	09:30:00	友好集团(600778.XSHG)	买	市价单	9200股	3.56	32,752.00	0.00	5.00",parsed
2021-02-25,09:30:00,600520.XSHG,文一科技,buy,4400,6.99,30756.0,5.0,0,0,30761.0,母版交易记录-20200101-20210319.txt,1050,"2021-02-25	09:30:00	文一科技(600520.XSHG)	买	市价单	4400股	6.99	30,756.00	0.00	5.00",parsed
2021-02-25,09:30:00,300312.XSHE,邦讯技术,buy,1100,5.22,5742.0,5.0,0,0,5747.0,母版交易记录-20200101-20210319.txt,1051,"2021-02-25	09:30:00	邦讯技术(300312.XSHE)	买	市价单	1100股	5.22	5,742.00	0.00	5.00",parsed
2021-02-25,09:30:00,603029.XSHG,天鹅股份,buy,2800,11.36,31808.0,5.0,0,0,31813.0,母版交易记录-20200101-20210319.txt,1052,"2021-02-25	09:30:00	天鹅股份(603029.XSHG)	买	市价单	2800股	11.36	31,808.00	0.00	5.00",parsed
2021-02-25,09:30:00,600506.XSHG,香梨股份,buy,3400,7.49,25466.0,5.0,0,0,25471.0,母版交易记录-20200101-20210319.txt,1053,"2021-02-25	09:30:00	香梨股份(600506.XSHG)	买	市价单	3400股	7.49	25,466.00	0.00	5.00",parsed
2021-02-25,14:00:00,600766.XSHG,园城黄金,sell,-7300,5.26,-38398.0,43.4,0,0,-38441.4,母版交易记录-20200101-20210319.txt,1054,"2021-02-25	14:00:00	园城黄金(600766.XSHG)	卖	市价单	-7300股	5.26	-38,398.00	13,076.20	43.40",parsed
2021-02-25,14:00:00,002862.XSHE,实丰文化,sell,-100,9.35,-935.0,5.94,0,0,-940.94,母版交易记录-20200101-20210319.txt,1055,2021-02-25	14:00:00	实丰文化(002862.XSHE)	卖	市价单	-100股	9.35	-935.00	122.02	5.94,parsed
2021-02-26,14:00:00,000007.XSHE,全新好,sell,-5600,3.98,-22288.0,27.29,0,0,-22315.29,母版交易记录-20200101-20210319.txt,1057,"2021-02-26	14:00:00	全新好(000007.XSHE)	卖	市价单	-5600股	3.98	-22,288.00	7,223.25	27.29",parsed
2021-03-01,14:00:00,000007.XSHE,全新好,sell,-2500,4.42,-11050.0,16.05,0,0,-11066.05,母版交易记录-20200101-20210319.txt,1059,"2021-03-01	14:00:00	全新好(000007.XSHE)	卖	市价单	-2500股	4.42	-11,050.00	4,324.67	16.05",parsed
2021-03-01,14:00:00,600506.XSHG,香梨股份,buy,100,8.8,880.0,5.0,0,0,885.0,母版交易记录-20200101-20210319.txt,1060,2021-03-01	14:00:00	香梨股份(600506.XSHG)	买	市价单	100股	8.8	880.00	0.00	5.00,parsed
2021-03-02,09:30:00,600766.XSHG,园城黄金,buy,2300,4.82,11086.0,5.0,0,0,11091.0,母版交易记录-20200101-20210319.txt,1062,"2021-03-02	09:30:00	园城黄金(600766.XSHG)	买	市价单	2300股	4.82	11,086.00	0.00	5.00",parsed
2021-03-02,09:30:00,300736.XSHE,百邦科技,sell,-200,8.02,-1604.0,6.6,0,0,-1610.6,母版交易记录-20200101-20210319.txt,1063,"2021-03-02	09:30:00	百邦科技(300736.XSHE)	卖	市价单	-200股	8.02	-1,604.00	199.32	6.60",parsed
2021-03-02,09:30:00,000007.XSHE,全新好,sell,-4900,3.97,-19453.0,24.45,0,0,-19477.45,母版交易记录-20200101-20210319.txt,1064,"2021-03-02	09:30:00	全新好(000007.XSHE)	卖	市价单	-4900股	3.97	-19,453.00	6,271.35	24.45",parsed
2021-03-02,09:30:00,002862.XSHE,实丰文化,sell,-3900,10.51,-40989.0,45.99,0,0,-41034.99,母版交易记录-20200101-20210319.txt,1065,"2021-03-02	09:30:00	实丰文化(002862.XSHE)	卖	市价单	-3900股	10.51	-40,989.00	9,282.89	45.99",parsed
2021-03-02,09:30:00,600768.XSHG,宁波富邦,buy,700,7.86,5502.0,5.0,0,0,5507.0,母版交易记录-20200101-20210319.txt,1066,"2021-03-02	09:30:00	宁波富邦(600768.XSHG)	买	市价单	700股	7.86	5,502.00	0.00	5.00",parsed
2021-03-02,09:30:00,300478.XSHE,杭州高新,buy,1000,8.71,8710.0,5.0,0,0,8715.0,母版交易记录-20200101-20210319.txt,1067,"2021-03-02	09:30:00	杭州高新(300478.XSHE)	买	市价单	1000股	8.71	8,710.00	0.00	5.00",parsed
2021-03-02,09:30:00,600355.XSHG,精伦电子,buy,2800,2.2,6160.0,5.0,0,0,6165.0,母版交易记录-20200101-20210319.txt,1068,"2021-03-02	09:30:00	精伦电子(600355.XSHG)	买	市价单	2800股	2.2	6,160.00	0.00	5.00",parsed
2021-03-02,09:30:00,600778.XSHG,友好集团,buy,300,3.65,1095.0,5.0,0,0,1100.0,母版交易记录-20200101-20210319.txt,1069,"2021-03-02	09:30:00	友好集团(600778.XSHG)	买	市价单	300股	3.65	1,095.00	0.00	5.00",parsed
2021-03-02,09:30:00,600520.XSHG,文一科技,buy,400,7.06,2824.0,5.0,0,0,2829.0,母版交易记录-20200101-20210319.txt,1070,"2021-03-02	09:30:00	文一科技(600520.XSHG)	买	市价单	400股	7.06	2,824.00	0.00	5.00",parsed
2021-03-02,09:30:00,300312.XSHE,邦讯技术,sell,-300,5.6,-1680.0,6.68,0,0,-1686.68,母版交易记录-20200101-20210319.txt,1071,"2021-03-02	09:30:00	邦讯技术(300312.XSHE)	卖	市价单	-300股	5.6	-1,680.00	733.84	6.68",parsed
2021-03-02,09:30:00,000502.XSHE,绿景控股,buy,5400,6.16,33264.0,5.0,0,0,33269.0,母版交易记录-20200101-20210319.txt,1072,"2021-03-02	09:30:00	绿景控股(000502.XSHE)	买	市价单	5400股	6.16	33,264.00	0.00	5.00",parsed
2021-03-02,09:30:00,603029.XSHG,天鹅股份,buy,2800,11.64,32592.0,5.0,0,0,32597.0,母版交易记录-20200101-20210319.txt,1073,"2021-03-02	09:30:00	天鹅股份(603029.XSHG)	买	市价单	2800股	11.64	32,592.00	0.00	5.00",parsed
2021-03-02,09:30:00,600506.XSHG,香梨股份,buy,200,8.49,1698.0,5.0,0,0,1703.0,母版交易记录-20200101-20210319.txt,1074,"2021-03-02	09:30:00	香梨股份(600506.XSHG)	买	市价单	200股	8.49	1,698.00	0.00	5.00",parsed
2021-03-02,09:30:00,603729.XSHG,龙韵股份,buy,2500,12.44,31100.0,5.0,0,0,31105.0,母版交易记录-20200101-20210319.txt,1075,"2021-03-02	09:30:00	龙韵股份(603729.XSHG)	买	市价单	2500股	12.44	31,100.00	0.00	5.00",parsed
2021-03-05,09:30:00,002633.XSHE,申科股份,buy,200,6.31,1262.0,5.0,0,0,1267.0,母版交易记录-20200101-20210319.txt,1077,"2021-03-05	09:30:00	申科股份(002633.XSHE)	买	市价单	200股	6.31	1,262.00	0.00	5.00",parsed
2021-03-05,09:30:00,000007.XSHE,全新好,sell,-6900,3.67,-25323.0,30.32,0,0,-25353.32,母版交易记录-20200101-20210319.txt,1078,"2021-03-05	09:30:00	全新好(000007.XSHE)	卖	市价单	-6900股	3.67	-25,323.00	6,761.08	30.32",parsed
2021-03-05,09:30:00,002862.XSHE,实丰文化,sell,-2600,9.7,-25220.0,30.22,0,0,-25250.22,母版交易记录-20200101-20210319.txt,1079,"2021-03-05	09:30:00	实丰文化(002862.XSHE)	卖	市价单	-2600股	9.7	-25,220.00	4,082.60	30.22",parsed
2021-03-05,09:30:00,300478.XSHE,杭州高新,buy,400,8.4,3360.0,5.0,0,0,3365.0,母版交易记录-20200101-20210319.txt,1080,"2021-03-05	09:30:00	杭州高新(300478.XSHE)	买	市价单	400股	8.4	3,360.00	0.00	5.00",parsed
2021-03-05,09:30:00,600355.XSHG,精伦电子,sell,-2200,2.24,-4928.0,9.93,0,0,-4937.93,母版交易记录-20200101-20210319.txt,1081,"2021-03-05	09:30:00	精伦电子(600355.XSHG)	卖	市价单	-2200股	2.24	-4,928.00	456.23	9.93",parsed
2021-03-05,09:30:00,600778.XSHG,友好集团,sell,-9200,3.7,-34040.0,39.04,0,0,-34079.04,母版交易记录-20200101-20210319.txt,1082,"2021-03-05	09:30:00	友好集团(600778.XSHG)	卖	市价单	-9200股	3.7	-34,040.00	3,264.53	39.04",parsed
2021-03-05,09:30:00,600520.XSHG,文一科技,buy,4100,7.1,29110.0,5.0,0,0,29115.0,母版交易记录-20200101-20210319.txt,1083,"2021-03-05	09:30:00	文一科技(600520.XSHG)	买	市价单	4100股	7.1	29,110.00	0.00	5.00",parsed
2021-03-05,09:30:00,000502.XSHE,绿景控股,buy,5000,6.13,30650.0,5.0,0,0,30655.0,母版交易记录-20200101-20210319.txt,1084,"2021-03-05	09:30:00	绿景控股(000502.XSHE)	买	市价单	5000股	6.13	30,650.00	0.00	5.00",parsed
2021-03-05,09:30:00,603029.XSHG,天鹅股份,buy,2200,11.66,25652.0,5.0,0,0,25657.0,母版交易记录-20200101-20210319.txt,1085,"2021-03-05	09:30:00	天鹅股份(603029.XSHG)	买	市价单	2200股	11.66	25,652.00	0.00	5.00",parsed
2021-03-05,09:30:00,002633.XSHE,申科股份,buy,100,6.31,631.0,5.0,0,0,636.0,母版交易记录-20200101-20210319.txt,1086,2021-03-05	09:30:00	申科股份(002633.XSHE)	买	市价单	100股	6.31	631.00	0.00	5.00,parsed
2021-03-05,14:00:00,300312.XSHE,邦讯技术,sell,-7000,7.54,-52780.0,58.06,0,0,-52838.06,母版交易记录-20200101-20210319.txt,1087,"2021-03-05	14:00:00	邦讯技术(300312.XSHE)	卖	市价单	-7000股	7.54	-52,780.00	30,702.91	58.06",parsed
2021-03-10,09:30:00,002633.XSHE,申科股份,buy,100,6.29,629.0,5.0,0,0,634.0,母版交易记录-20200101-20210319.txt,1089,2021-03-10	09:30:00	申科股份(002633.XSHE)	买	市价单	100股	6.29	629.00	0.00	5.00,parsed
2021-03-10,09:30:00,600766.XSHG,园城黄金,buy,2300,4.25,9775.0,5.0,0,0,9780.0,母版交易记录-20200101-20210319.txt,1090,"2021-03-10	09:30:00	园城黄金(600766.XSHG)	买	市价单	2300股	4.25	9,775.00	0.00	5.00",parsed
2021-03-10,09:30:00,300736.XSHE,百邦科技,buy,300,7.78,2334.0,5.0,0,0,2339.0,母版交易记录-20200101-20210319.txt,1091,"2021-03-10	09:30:00	百邦科技(300736.XSHE)	买	市价单	300股	7.78	2,334.00	0.00	5.00",parsed
2021-03-10,09:30:00,600768.XSHG,宁波富邦,buy,200,7.65,1530.0,5.0,0,0,1535.0,母版交易记录-20200101-20210319.txt,1092,"2021-03-10	09:30:00	宁波富邦(600768.XSHG)	买	市价单	200股	7.65	1,530.00	0.00	5.00",parsed
2021-03-10,09:30:00,300478.XSHE,杭州高新,buy,500,8.17,4085.0,5.0,0,0,4090.0,母版交易记录-20200101-20210319.txt,1093,"2021-03-10	09:30:00	杭州高新(300478.XSHE)	买	市价单	500股	8.17	4,085.00	0.00	5.00",parsed
2021-03-10,09:30:00,600355.XSHG,精伦电子,buy,1200,2.2,2640.0,5.0,0,0,2645.0,母版交易记录-20200101-20210319.txt,1094,"2021-03-10	09:30:00	精伦电子(600355.XSHG)	买	市价单	1200股	2.2	2,640.00	0.00	5.00",parsed
2021-03-10,09:30:00,600778.XSHG,友好集团,buy,8900,3.57,31773.0,5.0,0,0,31778.0,母版交易记录-20200101-20210319.txt,1095,"2021-03-10	09:30:00	友好集团(600778.XSHG)	买	市价单	8900股	3.57	31,773.00	0.00	5.00",parsed
2021-03-10,09:30:00,300312.XSHE,邦讯技术,sell,-4300,5.66,-24338.0,29.34,0,0,-24367.34,母版交易记录-20200101-20210319.txt,1096,"2021-03-10	09:30:00	邦讯技术(300312.XSHE)	卖	市价单	-4300股	5.66	-24,338.00	10,776.36	29.34",parsed
2021-03-10,09:30:00,000502.XSHE,绿景控股,buy,600,5.91,3546.0,5.0,0,0,3551.0,母版交易记录-20200101-20210319.txt,1097,"2021-03-10	09:30:00	绿景控股(000502.XSHE)	买	市价单	600股	5.91	3,546.00	0.00	5.00",parsed
2021-03-10,09:30:00,603029.XSHG,天鹅股份,buy,1700,11.69,19873.0,5.0,0,0,19878.0,母版交易记录-20200101-20210319.txt,1098,"2021-03-10	09:30:00	天鹅股份(603029.XSHG)	买	市价单	1700股	11.69	19,873.00	0.00	5.00",parsed
2021-03-10,09:30:00,600506.XSHG,香梨股份,buy,100,7.9,790.0,5.0,0,0,795.0,母版交易记录-20200101-20210319.txt,1099,2021-03-10	09:30:00	香梨股份(600506.XSHG)	买	市价单	100股	7.9	790.00	0.00	5.00,parsed
2021-03-10,14:00:00,000007.XSHE,全新好,sell,-10200,4.47,-45594.0,50.59,0,0,-45644.59,母版交易记录-20200101-20210319.txt,1100,"2021-03-10	14:00:00	全新好(000007.XSHE)	卖	市价单	-10200股	4.47	-45,594.00	18,154.64	50.59",parsed
2021-03-10,14:00:00,002862.XSHE,实丰文化,sell,-3700,11.18,-41366.0,46.37,0,0,-41412.37,母版交易记录-20200101-20210319.txt,1101,"2021-03-10	14:00:00	实丰文化(002862.XSHE)	卖	市价单	-3700股	11.18	-41,366.00	11,285.85	46.37",parsed
2021-03-15,09:30:00,600766.XSHG,园城黄金,buy,8400,4.09,34356.0,5.0,0,0,34361.0,母版交易记录-20200101-20210319.txt,1103,"2021-03-15	09:30:00	园城黄金(600766.XSHG)	买	市价单	8400股	4.09	34,356.00	0.00	5.00",parsed
2021-03-15,09:30:00,300736.XSHE,百邦科技,buy,300,7.61,2283.0,5.0,0,0,2288.0,母版交易记录-20200101-20210319.txt,1104,"2021-03-15	09:30:00	百邦科技(300736.XSHE)	买	市价单	300股	7.61	2,283.00	0.00	5.00",parsed
2021-03-15,09:30:00,000007.XSHE,全新好,sell,-6800,4.11,-27948.0,32.95,0,0,-27980.95,母版交易记录-20200101-20210319.txt,1105,"2021-03-15	09:30:00	全新好(000007.XSHE)	卖	市价单	-6800股	4.11	-27,948.00	9,655.09	32.95",parsed
2021-03-15,09:30:00,600768.XSHG,宁波富邦,buy,3700,7.77,28749.0,5.0,0,0,28754.0,母版交易记录-20200101-20210319.txt,1106,"2021-03-15	09:30:00	宁波富邦(600768.XSHG)	买	市价单	3700股	7.77	28,749.00	0.00	5.00",parsed
2021-03-15,09:30:00,300478.XSHE,杭州高新,sell,-900,8.58,-7722.0,12.72,0,0,-7734.72,母版交易记录-20200101-20210319.txt,1107,"2021-03-15	09:30:00	杭州高新(300478.XSHE)	卖	市价单	-900股	8.58	-7,722.00	633.27	12.72",parsed
2021-03-15,09:30:00,600355.XSHG,精伦电子,buy,1400,2.15,3010.0,5.0,0,0,3015.0,母版交易记录-20200101-20210319.txt,1108,"2021-03-15	09:30:00	精伦电子(600355.XSHG)	买	市价单	1400股	2.15	3,010.00	0.00	5.00",parsed
2021-03-15,09:30:00,600778.XSHG,友好集团,buy,800,3.54,2832.0,5.0,0,0,2837.0,母版交易记录-20200101-20210319.txt,1109,"2021-03-15	09:30:00	友好集团(600778.XSHG)	买	市价单	800股	3.54	2,832.00	0.00	5.00",parsed
2021-03-15,09:30:00,600520.XSHG,文一科技,buy,4900,6.92,33908.0,5.0,0,0,33913.0,母版交易记录-20200101-20210319.txt,1110,"2021-03-15	09:30:00	文一科技(600520.XSHG)	买	市价单	4900股	6.92	33,908.00	0.00	5.00",parsed
2021-03-15,09:30:00,000502.XSHE,绿景控股,buy,2800,6.04,16912.0,5.0,0,0,16917.0,母版交易记录-20200101-20210319.txt,1111,"2021-03-15	09:30:00	绿景控股(000502.XSHE)	买	市价单	2800股	6.04	16,912.00	0.00	5.00",parsed
2021-03-15,09:30:00,600506.XSHG,香梨股份,sell,-3500,7.87,-27545.0,32.54,0,0,-27577.54,母版交易记录-20200101-20210319.txt,1112,"2021-03-15	09:30:00	香梨股份(600506.XSHG)	卖	市价单	-3500股	7.87	-27,545.00	1,035.53	32.54",parsed
2021-03-15,09:30:00,603029.XSHG,天鹅股份,buy,1400,11.49,16086.0,5.0,0,0,16091.0,母版交易记录-20200101-20210319.txt,1113,"2021-03-15	09:30:00	天鹅股份(603029.XSHG)	买	市价单	1400股	11.49	16,086.00	0.00	5.00",parsed
2021-03-15,09:30:00,000502.XSHE,绿景控股,buy,1900,6.04,11476.0,5.0,0,0,11481.0,母版交易记录-20200101-20210319.txt,1114,"2021-03-15	09:30:00	绿景控股(000502.XSHE)	买	市价单	1900股	6.04	11,476.00	0.00	5.00",parsed
2021-03-15,14:00:00,002862.XSHE,实丰文化,sell,-2800,10.92,-30576.0,35.58,0,0,-30611.58,母版交易记录-20200101-20210319.txt,1115,"2021-03-15	14:00:00	实丰文化(002862.XSHE)	卖	市价单	-2800股	10.92	-30,576.00	7,812.64	35.58",parsed
2021-03-18,09:30:00,002633.XSHE,申科股份,buy,400,6.49,2596.0,5.0,0,0,2601.0,母版交易记录-20200101-20210319.txt,1117,"2021-03-18	09:30:00	申科股份(002633.XSHE)	买	市价单	400股	6.49	2,596.00	0.00	5.00",parsed
2021-03-18,09:30:00,600766.XSHG,园城黄金,buy,6500,4.35,28275.0,5.0,0,0,28280.0,母版交易记录-20200101-20210319.txt,1118,"2021-03-18	09:30:00	园城黄金(600766.XSHG)	买	市价单	6500股	4.35	28,275.00	0.00	5.00",parsed
2021-03-18,09:30:00,600778.XSHG,友好集团,sell,-10300,3.96,-40788.0,45.79,0,0,-40833.79,母版交易记录-20200101-20210319.txt,1119,"2021-03-18	09:30:00	友好集团(600778.XSHG)	卖	市价单	-10300股	3.96	-40,788.00	5,698.10	45.79",parsed
2021-03-18,09:30:00,600520.XSHG,文一科技,buy,800,7.0,5600.0,5.0,0,0,5605.0,母版交易记录-20200101-20210319.txt,1120,"2021-03-18	09:30:00	文一科技(600520.XSHG)	买	市价单	800股	7	5,600.00	0.00	5.00",parsed
2021-03-18,09:30:00,603029.XSHG,天鹅股份,buy,200,11.98,2396.0,5.0,0,0,2401.0,母版交易记录-20200101-20210319.txt,1121,"2021-03-18	09:30:00	天鹅股份(603029.XSHG)	买	市价单	200股	11.98	2,396.00	0.00	5.00",parsed
2021-03-18,09:30:00,603729.XSHG,龙韵股份,sell,-2500,12.74,-31850.0,36.85,0,0,-31886.85,母版交易记录-20200101-20210319.txt,1122,"2021-03-18	09:30:00	龙韵股份(603729.XSHG)	卖	市价单	-2500股	12.74	-31,850.00	750.00	36.85",parsed
2021-03-18,09:30:00,600766.XSHG,园城黄金,buy,600,4.35,2610.0,5.0,0,0,2615.0,母版交易记录-20200101-20210319.txt,1123,"2021-03-18	09:30:00	园城黄金(600766.XSHG)	买	市价单	600股	4.35	2,610.00	0.00	5.00",parsed
2021-03-18,09:30:00,300736.XSHE,百邦科技,buy,100,7.99,799.0,5.0,0,0,804.0,母版交易记录-20200101-20210319.txt,1124,2021-03-18	09:30:00	百邦科技(300736.XSHE)	买	市价单	100股	7.99	799.00	0.00	5.00,parsed
2021-03-18,09:30:00,600768.XSHG,宁波富邦,buy,700,7.91,5537.0,5.0,0,0,5542.0,母版交易记录-20200101-20210319.txt,1125,"2021-03-18	09:30:00	宁波富邦(600768.XSHG)	买	市价单	700股	7.91	5,537.00	0.00	5.00",parsed
2021-03-18,09:30:00,300478.XSHE,杭州高新,buy,1000,8.52,8520.0,5.0,0,0,8525.0,母版交易记录-20200101-20210319.txt,1126,"2021-03-18	09:30:00	杭州高新(300478.XSHE)	买	市价单	1000股	8.52	8,520.00	0.00	5.00",parsed
2021-03-18,09:30:00,600355.XSHG,精伦电子,buy,600,2.24,1344.0,5.0,0,0,1349.0,母版交易记录-20200101-20210319.txt,1127,"2021-03-18	09:30:00	精伦电子(600355.XSHG)	买	市价单	600股	2.24	1,344.00	0.00	5.00",parsed
2021-03-18,09:30:00,603269.XSHG,海鸥股份,buy,4400,10.21,44924.0,5.0,0,0,44929.0,母版交易记录-20200101-20210319.txt,1128,"2021-03-18	09:30:00	海鸥股份(603269.XSHG)	买	市价单	4400股	10.21	44,924.00	0.00	5.00",parsed
2021-03-18,09:30:00,000609.XSHE,中迪投资,buy,200,3.89,778.0,5.0,0,0,783.0,母版交易记录-20200101-20210319.txt,1129,2021-03-18	09:30:00	中迪投资(000609.XSHE)	买	市价单	200股	3.89	778.00	0.00	5.00,parsed
2021-03-18,14:00:00,600506.XSHG,香梨股份,sell,-4000,8.64,-34560.0,39.56,0,0,-34599.56,母版交易记录-20200101-20210319.txt,1130,"2021-03-18	14:00:00	香梨股份(600506.XSHG)	卖	市价单	-4000股	8.64	-34,560.00	4,263.47	39.56",parsed
2021-03-19,14:00:00,600766.XSHG,园城黄金,sell,-4800,5.1,-24480.0,29.48,0,0,-24509.48,母版交易记录-20200101-20210319.txt,1132,"2021-03-19	14:00:00	园城黄金(600766.XSHG)	卖	市价单	-4800股	5.1	-24,480.00	5,727.76	29.48",parsed
