date,time,snapshot_type,total_asset,cash,available_cash,position_market_value_reported,position_market_value_calculated,position_count,code,position_qty,available_qty,market_price,market_value,source_file,source_line_no,parse_status
2020-01-02,,account,1000069.3,8950.6,8950.6,991118.7,991118.7,1,,,,,,母版持仓&资金记录-20200101-20200611.txt,0,parsed
2020-01-03,,account,1000415.8,8950.6,8950.6,991465.2,991465.2,1,,,,,,母版持仓&资金记录-20200101-20200611.txt,0,parsed
2020-01-06,,account,1000455.4,8950.6,8950.6,991504.8,991504.8,1,,,,,,母版持仓&资金记录-20200101-20200611.txt,0,parsed
2020-01-07,,account,1000574.2,8950.6,8950.6,991623.6,991623.6,1,,,,,,母版持仓&资金记录-20200101-20200611.txt,0,parsed
2020-01-08,,account,1000693.0,8950.6,8950.6,991742.4,991742.4,1,,,,,,母版持仓&资金记录-20200101-20200611.txt,0,parsed
2020-01-09,,account,1000742.5,8950.6,8950.6,991791.9,991791.9,1,,,,,,母版持仓&资金记录-20200101-20200611.txt,0,parsed
2020-01-10,,account,1000940.5,8950.6,8950.6,991989.9,991989.9,1,,,,,,母版持仓&资金记录-20200101-20200611.txt,0,parsed
2020-01-13,,account,1001019.7,8950.6,8950.6,992069.1,992069.1,1,,,,,,母版持仓&资金记录-20200101-20200611.txt,0,parsed
2020-01-14,,account,1001168.2,8950.6,8950.6,992217.6,992217.6,1,,,,,,母版持仓&资金记录-20200101-20200611.txt,0,parsed
2020-01-15,,account,1001247.4,8950.6,8950.6,992296.8,992296.8,1,,,,,,母版持仓&资金记录-20200101-20200611.txt,0,parsed
2020-01-16,,account,1001267.2,8950.6,8950.6,992316.6,992316.6,1,,,,,,母版持仓&资金记录-20200101-20200611.txt,0,parsed
2020-01-17,,account,1001633.5,8950.6,8950.6,992682.9,992682.9,1,,,,,,母版持仓&资金记录-20200101-20200611.txt,0,parsed
2020-01-20,,account,1001524.6,8950.6,8950.6,992574.0,992574.0,1,,,,,,母版持仓&资金记录-20200101-20200611.txt,0,parsed
2020-01-21,,account,1001643.4,8950.6,8950.6,992692.8,992692.8,1,,,,,,母版持仓&资金记录-20200101-20200611.txt,0,parsed
2020-01-22,,account,1001940.4,8950.6,8950.6,992989.8,992989.8,1,,,,,,母版持仓&资金记录-20200101-20200611.txt,0,parsed
2020-01-23,,account,1002821.5,8950.6,8950.6,993870.9,993870.9,1,,,,,,母版持仓&资金记录-20200101-20200611.txt,0,parsed
2020-02-03,,account,1000327.5,806952.5,806952.5,193375.0,193375.0,10,,,,,,母版持仓&资金记录-20200101-20200611.txt,0,parsed
2020-02-04,,account,1005811.5,806952.5,806952.5,198859.0,198859.0,10,,,,,,母版持仓&资金记录-20200101-20200611.txt,0,parsed
2020-02-05,,account,1012309.5,806952.5,806952.5,205357.0,205357.0,10,,,,,,母版持仓&资金记录-20200101-20200611.txt,0,parsed
2020-02-06,,account,1020243.5,609618.5,609618.5,410625.0,410625.0,20,,,,,,母版持仓&资金记录-20200101-20200611.txt,0,parsed
2020-02-07,,account,1027211.5,609618.5,609618.5,417593.0,417593.0,20,,,,,,母版持仓&资金记录-20200101-20200611.txt,0,parsed
2020-02-10,,account,1035165.5,609618.5,609618.5,425547.0,425547.0,20,,,,,,母版持仓&资金记录-20200101-20200611.txt,0,parsed
2020-02-11,,account,1026276.31,410748.31,410748.31,615528.0,615528.0,21,,,,,,母版持仓&资金记录-20200101-20200611.txt,0,parsed
2020-02-12,,account,1034461.31,410748.31,410748.31,623713.0,623713.0,21,,,,,,母版持仓&资金记录-20200101-20200611.txt,0,parsed
2020-02-13,,account,1024253.31,410748.31,410748.31,613505.0,613505.0,21,,,,,,母版持仓&资金记录-20200101-20200611.txt,0,parsed
2020-02-14,,account,1025189.81,207014.81,207014.81,818175.0,818175.0,22,,,,,,母版持仓&资金记录-20200101-20200611.txt,0,parsed
2020-02-17,,account,1057356.81,207014.81,207014.81,850342.0,850342.0,22,,,,,,母版持仓&资金记录-20200101-20200611.txt,0,parsed
2020-02-18,,account,1079507.81,207014.81,207014.81,872493.0,872493.0,22,,,,,,母版持仓&资金记录-20200101-20200611.txt,0,parsed
2020-02-19,,account,1067038.74,10150.74,10150.74,1056888.0,1056888.0,22,,,,,,母版持仓&资金记录-20200101-20200611.txt,0,parsed
2020-02-20,,account,1094924.74,10150.74,10150.74,1084774.0,1084774.0,22,,,,,,母版持仓&资金记录-20200101-20200611.txt,0,parsed
2020-02-21,,account,1101702.06,12827.06,12827.06,1088875.0,1088875.0,22,,,,,,母版持仓&资金记录-20200101-20200611.txt,0,parsed
2020-02-24,,account,1100485.6,3511.6,3511.6,1096974.0,1096974.0,13,,,,,,母版持仓&资金记录-20200101-20200611.txt,0,parsed
2020-02-25,,account,1082962.6,3511.6,3511.6,1079451.0,1079451.0,13,,,,,,母版持仓&资金记录-20200101-20200611.txt,0,parsed
2020-02-26,,account,1077276.6,3511.6,3511.6,1073765.0,1073765.0,13,,,,,,母版持仓&资金记录-20200101-20200611.txt,0,parsed
2020-02-27,,account,1079884.92,3871.92,3871.92,1076013.0,1076013.0,13,,,,,,母版持仓&资金记录-20200101-20200611.txt,0,parsed
2020-02-28,,account,1014740.92,3871.92,3871.92,1010869.0,1010869.0,13,,,,,,母版持仓&资金记录-20200101-20200611.txt,0,parsed
2020-03-02,,account,1052892.92,3871.92,3871.92,1049021.0,1049021.0,13,,,,,,母版持仓&资金记录-20200101-20200611.txt,0,parsed
2020-03-03,,account,1058955.42,18.42,18.42,1058937.0,1058937.0,13,,,,,,母版持仓&资金记录-20200101-20200611.txt,0,parsed
2020-03-04,,account,1079721.42,18.42,18.42,1079703.0,1079703.0,13,,,,,,母版持仓&资金记录-20200101-20200611.txt,0,parsed
2020-03-05,,account,1107307.42,18.42,18.42,1107289.0,1107289.0,13,,,,,,母版持仓&资金记录-20200101-20200611.txt,0,parsed
2020-03-06,,account,1114451.94,18.94,18.94,1114433.0,1114433.0,12,,,,,,母版持仓&资金记录-20200101-20200611.txt,0,parsed
2020-03-09,,account,1093413.94,18.94,18.94,1093395.0,1093395.0,12,,,,,,母版持仓&资金记录-20200101-20200611.txt,0,parsed
2020-03-10,,account,1127456.94,18.94,18.94,1127438.0,1127438.0,12,,,,,,母版持仓&资金记录-20200101-20200611.txt,0,parsed
2020-03-11,,account,1150210.44,44468.44,44468.44,1105742.0,1105742.0,12,,,,,,母版持仓&资金记录-20200101-20200611.txt,0,parsed
2020-03-12,,account,1142979.44,44468.44,44468.44,1098511.0,1098511.0,12,,,,,,母版持仓&资金记录-20200101-20200611.txt,0,parsed
2020-03-13,,account,1138335.11,61778.11,61778.11,1076557.0,1076557.0,12,,,,,,母版持仓&资金记录-20200101-20200611.txt,0,parsed
2020-03-16,,account,1095681.51,1741.51,1741.51,1093940.0,1093940.0,13,,,,,,母版持仓&资金记录-20200101-20200611.txt,0,parsed
2020-03-17,,account,1085663.51,1741.51,1741.51,1083922.0,1083922.0,13,,,,,,母版持仓&资金记录-20200101-20200611.txt,0,parsed
2020-03-18,,account,1074083.51,1741.51,1741.51,1072342.0,1072342.0,13,,,,,,母版持仓&资金记录-20200101-20200611.txt,0,parsed
2020-03-19,,account,1098973.65,415.65,415.65,1098558.0,1098558.0,14,,,,,,母版持仓&资金记录-20200101-20200611.txt,0,parsed
2020-03-20,,account,1131297.41,12636.41,12636.41,1118661.0,1118661.0,14,,,,,,母版持仓&资金记录-20200101-20200611.txt,0,parsed
2020-03-23,,account,1099439.41,12636.41,12636.41,1086803.0,1086803.0,14,,,,,,母版持仓&资金记录-20200101-20200611.txt,0,parsed
2020-03-24,,account,1131547.67,1.67,1.67,1131546.0,1131546.0,16,,,,,,母版持仓&资金记录-20200101-20200611.txt,0,parsed
2020-03-25,,account,1160278.67,1.67,1.67,1160277.0,1160277.0,16,,,,,,母版持仓&资金记录-20200101-20200611.txt,0,parsed
2020-03-26,,account,1126048.51,10146.51,10146.51,1115902.0,1115902.0,16,,,,,,母版持仓&资金记录-20200101-20200611.txt,0,parsed
2020-03-27,,account,1139014.05,1782.05,1782.05,1137232.0,1137232.0,16,,,,,,母版持仓&资金记录-20200101-20200611.txt,0,parsed
2020-03-30,,account,1109366.0,6828.0,6828.0,1102538.0,1102538.0,16,,,,,,母版持仓&资金记录-20200101-20200611.txt,0,parsed
2020-03-31,,account,1105763.43,20375.43,20375.43,1085388.0,1085388.0,16,,,,,,母版持仓&资金记录-20200101-20200611.txt,0,parsed
2020-04-01,,account,1101446.79,3620.59,3620.59,1097826.2,1097826.2,1,,,,,,母版持仓&资金记录-20200101-20200611.txt,0,parsed
2020-04-02,,account,1101457.69,3620.59,3620.59,1097837.1,1097837.1,1,,,,,,母版持仓&资金记录-20200101-20200611.txt,0,parsed
2020-04-03,,account,1101741.09,3620.59,3620.59,1098120.5,1098120.5,1,,,,,,母版持仓&资金记录-20200101-20200611.txt,0,parsed
2020-04-07,,account,1101751.99,3620.59,3620.59,1098131.4,1098131.4,1,,,,,,母版持仓&资金记录-20200101-20200611.txt,0,parsed
2020-04-08,,account,1101839.19,3620.59,3620.59,1098218.6,1098218.6,1,,,,,,母版持仓&资金记录-20200101-20200611.txt,0,parsed
2020-04-09,,account,1101915.49,3620.59,3620.59,1098294.9,1098294.9,1,,,,,,母版持仓&资金记录-20200101-20200611.txt,0,parsed
2020-04-10,,account,1102133.49,3620.59,3620.59,1098512.9,1098512.9,1,,,,,,母版持仓&资金记录-20200101-20200611.txt,0,parsed
2020-04-13,,account,1102187.99,3620.59,3620.59,1098567.4,1098567.4,1,,,,,,母版持仓&资金记录-20200101-20200611.txt,0,parsed
2020-04-14,,account,1102209.79,3620.59,3620.59,1098589.2,1098589.2,1,,,,,,母版持仓&资金记录-20200101-20200611.txt,0,parsed
2020-04-15,,account,1102198.89,3620.59,3620.59,1098578.3,1098578.3,1,,,,,,母版持仓&资金记录-20200101-20200611.txt,0,parsed
2020-04-16,,account,1102242.49,3620.59,3620.59,1098621.9,1098621.9,1,,,,,,母版持仓&资金记录-20200101-20200611.txt,0,parsed
2020-04-17,,account,1102242.49,3620.59,3620.59,1098621.9,1098621.9,1,,,,,,母版持仓&资金记录-20200101-20200611.txt,0,parsed
2020-04-20,,account,1102351.49,3620.59,3620.59,1098730.9,1098730.9,1,,,,,,母版持仓&资金记录-20200101-20200611.txt,0,parsed
2020-04-21,,account,1102482.29,3620.59,3620.59,1098861.7,1098861.7,1,,,,,,母版持仓&资金记录-20200101-20200611.txt,0,parsed
2020-04-22,,account,1102547.69,3620.59,3620.59,1098927.1,1098927.1,1,,,,,,母版持仓&资金记录-20200101-20200611.txt,0,parsed
2020-04-23,,account,1102569.49,3620.59,3620.59,1098948.9,1098948.9,1,,,,,,母版持仓&资金记录-20200101-20200611.txt,0,parsed
2020-04-24,,account,1102711.19,3620.59,3620.59,1099090.6,1099090.6,1,,,,,,母版持仓&资金记录-20200101-20200611.txt,0,parsed
2020-04-27,,account,1102754.79,3620.59,3620.59,1099134.2,1099134.2,1,,,,,,母版持仓&资金记录-20200101-20200611.txt,0,parsed
2020-04-28,,account,1102798.39,3620.59,3620.59,1099177.8,1099177.8,1,,,,,,母版持仓&资金记录-20200101-20200611.txt,0,parsed
2020-04-29,,account,1102656.69,3620.59,3620.59,1099036.1,1099036.1,1,,,,,,母版持仓&资金记录-20200101-20200611.txt,0,parsed
2020-04-30,,account,1102831.09,3620.59,3620.59,1099210.5,1099210.5,1,,,,,,母版持仓&资金记录-20200101-20200611.txt,0,parsed
2020-05-06,,account,1110579.49,885072.49,885072.49,225507.0,225507.0,10,,,,,,母版持仓&资金记录-20200101-20200611.txt,0,parsed
2020-05-07,,account,1106422.49,885072.49,885072.49,221350.0,221350.0,10,,,,,,母版持仓&资金记录-20200101-20200611.txt,0,parsed
2020-05-08,,account,1109751.49,885072.49,885072.49,224679.0,224679.0,10,,,,,,母版持仓&资金记录-20200101-20200611.txt,0,parsed
2020-05-11,,account,1106129.49,668614.49,668614.49,437515.0,437515.0,11,,,,,,母版持仓&资金记录-20200101-20200611.txt,0,parsed
2020-05-12,,account,1103999.49,668614.49,668614.49,435385.0,435385.0,11,,,,,,母版持仓&资金记录-20200101-20200611.txt,0,parsed
2020-05-13,,account,1100816.49,668614.49,668614.49,432202.0,432202.0,11,,,,,,母版持仓&资金记录-20200101-20200611.txt,0,parsed
2020-05-14,,account,1099442.49,441848.49,441848.49,657594.0,657594.0,11,,,,,,母版持仓&资金记录-20200101-20200611.txt,0,parsed
2020-05-15,,account,1097837.49,441848.49,441848.49,655989.0,655989.0,11,,,,,,母版持仓&资金记录-20200101-20200611.txt,0,parsed
2020-05-18,,account,1078895.49,441848.49,441848.49,637047.0,637047.0,11,,,,,,母版持仓&资金记录-20200101-20200611.txt,0,parsed
2020-05-19,,account,1088207.49,217786.49,217786.49,870421.0,870421.0,11,,,,,,母版持仓&资金记录-20200101-20200611.txt,0,parsed
2020-05-20,,account,1097825.49,217786.49,217786.49,880039.0,880039.0,11,,,,,,母版持仓&资金记录-20200101-20200611.txt,0,parsed
2020-05-21,,account,1111067.54,242697.54,242697.54,868370.0,868370.0,11,,,,,,母版持仓&资金记录-20200101-20200611.txt,0,parsed
2020-05-22,,account,1100060.69,269.69,269.69,1099791.0,1099791.0,14,,,,,,母版持仓&资金记录-20200101-20200611.txt,0,parsed
2020-05-25,,account,1080810.19,19738.19,19738.19,1061072.0,1061072.0,14,,,,,,母版持仓&资金记录-20200101-20200611.txt,0,parsed
2020-05-26,,account,1099886.19,19738.19,19738.19,1080148.0,1080148.0,14,,,,,,母版持仓&资金记录-20200101-20200611.txt,0,parsed
2020-05-27,,account,1094643.73,48943.73,48943.73,1045700.0,1045700.0,13,,,,,,母版持仓&资金记录-20200101-20200611.txt,0,parsed
2020-05-28,,account,1109861.73,48943.73,48943.73,1060918.0,1060918.0,13,,,,,,母版持仓&资金记录-20200101-20200611.txt,0,parsed
2020-05-29,,account,1129846.76,53901.76,53901.76,1075945.0,1075945.0,13,,,,,,母版持仓&资金记录-20200101-20200611.txt,0,parsed
2020-06-01,,account,529316.0,,,529316.0,529316.0,5,,,,,,母版持仓&资金记录-20200101-20200611.txt,0,parsed
2020-01-02,,position,1000069.3,8950.6,8950.6,991118.7,991118.7,1,511880.XSHG,9900,9900,100.113,991118.7,母版持仓&资金记录-20200101-20200611.txt,0,parsed
2020-01-03,,position,1000415.8,8950.6,8950.6,991465.2,991465.2,1,511880.XSHG,9900,9900,100.148,991465.2,母版持仓&资金记录-20200101-20200611.txt,0,parsed
2020-01-06,,position,1000455.4,8950.6,8950.6,991504.8,991504.8,1,511880.XSHG,9900,9900,100.152,991504.8,母版持仓&资金记录-20200101-20200611.txt,0,parsed
2020-01-07,,position,1000574.2,8950.6,8950.6,991623.6,991623.6,1,511880.XSHG,9900,9900,100.164,991623.6,母版持仓&资金记录-20200101-20200611.txt,0,parsed
2020-01-08,,position,1000693.0,8950.6,8950.6,991742.4,991742.4,1,511880.XSHG,9900,9900,100.176,991742.4,母版持仓&资金记录-20200101-20200611.txt,0,parsed
2020-01-09,,position,1000742.5,8950.6,8950.6,991791.9,991791.9,1,511880.XSHG,9900,9900,100.181,991791.9,母版持仓&资金记录-20200101-20200611.txt,0,parsed
2020-01-10,,position,1000940.5,8950.6,8950.6,991989.9,991989.9,1,511880.XSHG,9900,9900,100.201,991989.9,母版持仓&资金记录-20200101-20200611.txt,0,parsed
2020-01-13,,position,1001019.7,8950.6,8950.6,992069.1,992069.1,1,511880.XSHG,9900,9900,100.209,992069.1,母版持仓&资金记录-20200101-20200611.txt,0,parsed
2020-01-14,,position,1001168.2,8950.6,8950.6,992217.6,992217.6,1,511880.XSHG,9900,9900,100.224,992217.6,母版持仓&资金记录-20200101-20200611.txt,0,parsed
2020-01-15,,position,1001247.4,8950.6,8950.6,992296.8,992296.8,1,511880.XSHG,9900,9900,100.232,992296.8,母版持仓&资金记录-20200101-20200611.txt,0,parsed
2020-01-16,,position,1001267.2,8950.6,8950.6,992316.6,992316.6,1,511880.XSHG,9900,9900,100.234,992316.6,母版持仓&资金记录-20200101-20200611.txt,0,parsed
2020-01-17,,position,1001633.5,8950.6,8950.6,992682.9,992682.9,1,511880.XSHG,9900,9900,100.271,992682.9,母版持仓&资金记录-20200101-20200611.txt,0,parsed
2020-01-20,,position,1001524.6,8950.6,8950.6,992574.0,992574.0,1,511880.XSHG,9900,9900,100.26,992574.0,母版持仓&资金记录-20200101-20200611.txt,0,parsed
2020-01-21,,position,1001643.4,8950.6,8950.6,992692.8,992692.8,1,511880.XSHG,9900,9900,100.272,992692.8,母版持仓&资金记录-20200101-20200611.txt,0,parsed
2020-01-22,,position,1001940.4,8950.6,8950.6,992989.8,992989.8,1,511880.XSHG,9900,9900,100.302,992989.8,母版持仓&资金记录-20200101-20200611.txt,0,parsed
2020-01-23,,position,1002821.5,8950.6,8950.6,993870.9,993870.9,1,511880.XSHG,9900,9900,100.391,993870.9,母版持仓&资金记录-20200101-20200611.txt,0,parsed
2020-02-03,,position,1000327.5,806952.5,806952.5,193375.0,193375.0,10,002076.XSHE,9600,9600,1.92,18432.0,母版持仓&资金记录-20200101-20200611.txt,0,parsed
2020-02-03,,position,1000327.5,806952.5,806952.5,193375.0,193375.0,10,300412.XSHE,3200,3200,6.08,19456.0,母版持仓&资金记录-20200101-20200611.txt,0,parsed
2020-02-03,,position,1000327.5,806952.5,806952.5,193375.0,193375.0,10,300539.XSHE,3100,3100,6.37,19747.0,母版持仓&资金记录-20200101-20200611.txt,0,parsed
2020-02-03,,position,1000327.5,806952.5,806952.5,193375.0,193375.0,10,603139.XSHG,1200,1200,15.95,19140.0,母版持仓&资金记录-20200101-20200611.txt,0,parsed
2020-02-03,,position,1000327.5,806952.5,806952.5,193375.0,193375.0,10,300218.XSHE,2800,2800,6.92,19376.0,母版持仓&资金记录-20200101-20200611.txt,0,parsed
2020-02-03,,position,1000327.5,806952.5,806952.5,193375.0,193375.0,10,600671.XSHG,1700,1700,11.23,19091.0,母版持仓&资金记录-20200101-20200611.txt,0,parsed
2020-02-03,,position,1000327.5,806952.5,806952.5,193375.0,193375.0,10,600766.XSHG,2900,2900,6.83,19807.0,母版持仓&资金记录-20200101-20200611.txt,0,parsed
2020-02-03,,position,1000327.5,806952.5,806952.5,193375.0,193375.0,10,600889.XSHG,4800,4800,4.12,19776.0,母版持仓&资金记录-20200101-20200611.txt,0,parsed
2020-02-03,,position,1000327.5,806952.5,806952.5,193375.0,193375.0,10,603356.XSHG,1600,1600,11.73,18768.0,母版持仓&资金记录-20200101-20200611.txt,0,parsed
2020-02-03,,position,1000327.5,806952.5,806952.5,193375.0,193375.0,10,600791.XSHG,6300,6300,3.14,19782.0,母版持仓&资金记录-20200101-20200611.txt,0,parsed
2020-02-04,,position,1005811.5,806952.5,806952.5,198859.0,198859.0,10,002076.XSHE,9600,9600,1.93,18528.0,母版持仓&资金记录-20200101-20200611.txt,0,parsed
2020-02-04,,position,1005811.5,806952.5,806952.5,198859.0,198859.0,10,300412.XSHE,3200,3200,6.43,20576.0,母版持仓&资金记录-20200101-20200611.txt,0,parsed
2020-02-04,,position,1005811.5,806952.5,806952.5,198859.0,198859.0,10,300539.XSHE,3100,3100,6.19,19189.0,母版持仓&资金记录-20200101-20200611.txt,0,parsed
2020-02-04,,position,1005811.5,806952.5,806952.5,198859.0,198859.0,10,603139.XSHG,1200,1200,16.66,19992.0,母版持仓&资金记录-20200101-20200611.txt,0,parsed
2020-02-04,,position,1005811.5,806952.5,806952.5,198859.0,198859.0,10,300218.XSHE,2800,2800,7.17,20076.0,母版持仓&资金记录-20200101-20200611.txt,0,parsed
2020-02-04,,position,1005811.5,806952.5,806952.5,198859.0,198859.0,10,600671.XSHG,1700,1700,11.83,20111.0,母版持仓&资金记录-20200101-20200611.txt,0,parsed
2020-02-04,,position,1005811.5,806952.5,806952.5,198859.0,198859.0,10,600766.XSHG,2900,2900,6.96,20184.0,母版持仓&资金记录-20200101-20200611.txt,0,parsed
2020-02-04,,position,1005811.5,806952.5,806952.5,198859.0,198859.0,10,600889.XSHG,4800,4800,4.32,20736.0,母版持仓&资金记录-20200101-20200611.txt,0,parsed
2020-02-04,,position,1005811.5,806952.5,806952.5,198859.0,198859.0,10,603356.XSHG,1600,1600,12.5,20000.0,母版持仓&资金记录-20200101-20200611.txt,0,parsed
2020-02-04,,position,1005811.5,806952.5,806952.5,198859.0,198859.0,10,600791.XSHG,6300,6300,3.09,19467.0,母版持仓&资金记录-20200101-20200611.txt,0,parsed
2020-02-05,,position,1012309.5,806952.5,806952.5,205357.0,205357.0,10,002076.XSHE,9600,9600,2.02,19392.0,母版持仓&资金记录-20200101-20200611.txt,0,parsed
2020-02-05,,position,1012309.5,806952.5,806952.5,205357.0,205357.0,10,300412.XSHE,3200,3200,6.72,21504.0,母版持仓&资金记录-20200101-20200611.txt,0,parsed
2020-02-05,,position,1012309.5,806952.5,806952.5,205357.0,205357.0,10,300539.XSHE,3100,3100,6.31,19561.0,母版持仓&资金记录-20200101-20200611.txt,0,parsed
2020-02-05,,position,1012309.5,806952.5,806952.5,205357.0,205357.0,10,603139.XSHG,1200,1200,17.58,21096.0,母版持仓&资金记录-20200101-20200611.txt,0,parsed
2020-02-05,,position,1012309.5,806952.5,806952.5,205357.0,205357.0,10,300218.XSHE,2800,2800,7.26,20328.0,母版持仓&资金记录-20200101-20200611.txt,0,parsed
2020-02-05,,position,1012309.5,806952.5,806952.5,205357.0,205357.0,10,600671.XSHG,1700,1700,12.43,21131.0,母版持仓&资金记录-20200101-20200611.txt,0,parsed
2020-02-05,,position,1012309.5,806952.5,806952.5,205357.0,205357.0,10,600766.XSHG,2900,2900,7.24,20996.0,母版持仓&资金记录-20200101-20200611.txt,0,parsed
2020-02-05,,position,1012309.5,806952.5,806952.5,205357.0,205357.0,10,600889.XSHG,4800,4800,4.4,21120.0,母版持仓&资金记录-20200101-20200611.txt,0,parsed
2020-02-05,,position,1012309.5,806952.5,806952.5,205357.0,205357.0,10,603356.XSHG,1600,1600,12.74,20384.0,母版持仓&资金记录-20200101-20200611.txt,0,parsed
2020-02-05,,position,1012309.5,806952.5,806952.5,205357.0,205357.0,10,600791.XSHG,6300,6300,3.15,19845.0,母版持仓&资金记录-20200101-20200611.txt,0,parsed
2020-02-06,,position,1020243.5,609618.5,609618.5,410625.0,410625.0,20,300665.XSHE,2100,2100,9.39,19719.0,母版持仓&资金记录-20200101-20200611.txt,0,parsed
2020-02-06,,position,1020243.5,609618.5,609618.5,410625.0,410625.0,20,002076.XSHE,9200,9200,2.22,20424.0,母版持仓&资金记录-20200101-20200611.txt,0,parsed
2020-02-06,,position,1020243.5,609618.5,609618.5,410625.0,410625.0,20,300412.XSHE,3100,3100,6.95,21545.0,母版持仓&资金记录-20200101-20200611.txt,0,parsed
2020-02-06,,position,1020243.5,609618.5,609618.5,410625.0,410625.0,20,300106.XSHE,3800,3800,5.37,20406.0,母版持仓&资金记录-20200101-20200611.txt,0,parsed
2020-02-06,,position,1020243.5,609618.5,609618.5,410625.0,410625.0,20,603991.XSHG,1300,1300,15.29,19877.0,母版持仓&资金记录-20200101-20200611.txt,0,parsed
2020-02-06,,position,1020243.5,609618.5,609618.5,410625.0,410625.0,20,600561.XSHG,4300,4300,4.74,20382.0,母版持仓&资金记录-20200101-20200611.txt,0,parsed
2020-02-06,,position,1020243.5,609618.5,609618.5,410625.0,410625.0,20,300539.XSHE,3100,3100,6.39,19809.0,母版持仓&资金记录-20200101-20200611.txt,0,parsed
2020-02-06,,position,1020243.5,609618.5,609618.5,410625.0,410625.0,20,600241.XSHG,5100,5100,3.94,20094.0,母版持仓&资金记录-20200101-20200611.txt,0,parsed
2020-02-06,,position,1020243.5,609618.5,609618.5,410625.0,410625.0,20,603139.XSHG,1200,1200,17.69,21228.0,母版持仓&资金记录-20200101-20200611.txt,0,parsed
2020-02-06,,position,1020243.5,609618.5,609618.5,410625.0,410625.0,20,300218.XSHE,2800,2800,7.28,20384.0,母版持仓&资金记录-20200101-20200611.txt,0,parsed
2020-02-06,,position,1020243.5,609618.5,609618.5,410625.0,410625.0,20,300029.XSHE,3800,3800,5.37,20406.0,母版持仓&资金记录-20200101-20200611.txt,0,parsed
2020-02-06,,position,1020243.5,609618.5,609618.5,410625.0,410625.0,20,600671.XSHG,1700,1700,12.64,21488.0,母版持仓&资金记录-20200101-20200611.txt,0,parsed
2020-02-06,,position,1020243.5,609618.5,609618.5,410625.0,410625.0,20,000679.XSHE,6600,6600,3.21,21186.0,母版持仓&资金记录-20200101-20200611.txt,0,parsed
2020-02-06,,position,1020243.5,609618.5,609618.5,410625.0,410625.0,20,002473.XSHE,2900,2900,6.94,20126.0,母版持仓&资金记录-20200101-20200611.txt,0,parsed
2020-02-06,,position,1020243.5,609618.5,609618.5,410625.0,410625.0,20,600766.XSHG,2900,2900,7.27,21083.0,母版持仓&资金记录-20200101-20200611.txt,0,parsed
2020-02-06,,position,1020243.5,609618.5,609618.5,410625.0,410625.0,20,600889.XSHG,4700,4700,4.52,21244.0,母版持仓&资金记录-20200101-20200611.txt,0,parsed
2020-02-06,,position,1020243.5,609618.5,609618.5,410625.0,410625.0,20,603356.XSHG,1600,1600,12.74,20384.0,母版持仓&资金记录-20200101-20200611.txt,0,parsed
2020-02-06,,position,1020243.5,609618.5,609618.5,410625.0,410625.0,20,000929.XSHE,3300,3300,6.14,20262.0,母版持仓&资金记录-20200101-20200611.txt,0,parsed
2020-02-06,,position,1020243.5,609618.5,609618.5,410625.0,410625.0,20,600791.XSHG,6300,6300,3.22,20286.0,母版持仓&资金记录-20200101-20200611.txt,0,parsed
2020-02-06,,position,1020243.5,609618.5,609618.5,410625.0,410625.0,20,000691.XSHE,5700,5700,3.56,20292.0,母版持仓&资金记录-20200101-20200611.txt,0,parsed
2020-02-07,,position,1027211.5,609618.5,609618.5,417593.0,417593.0,20,300665.XSHE,2100,2100,9.43,19803.0,母版持仓&资金记录-20200101-20200611.txt,0,parsed
2020-02-07,,position,1027211.5,609618.5,609618.5,417593.0,417593.0,20,002076.XSHE,9200,9200,2.44,22448.0,母版持仓&资金记录-20200101-20200611.txt,0,parsed
2020-02-07,,position,1027211.5,609618.5,609618.5,417593.0,417593.0,20,300412.XSHE,3100,3100,7.07,21917.0,母版持仓&资金记录-20200101-20200611.txt,0,parsed
2020-02-07,,position,1027211.5,609618.5,609618.5,417593.0,417593.0,20,300106.XSHE,3800,3800,5.36,20368.0,母版持仓&资金记录-20200101-20200611.txt,0,parsed
2020-02-07,,position,1027211.5,609618.5,609618.5,417593.0,417593.0,20,603991.XSHG,1300,1300,15.4,20020.0,母版持仓&资金记录-20200101-20200611.txt,0,parsed
2020-02-07,,position,1027211.5,609618.5,609618.5,417593.0,417593.0,20,600561.XSHG,4300,4300,4.75,20425.0,母版持仓&资金记录-20200101-20200611.txt,0,parsed
2020-02-07,,position,1027211.5,609618.5,609618.5,417593.0,417593.0,20,300539.XSHE,3100,3100,6.48,20088.0,母版持仓&资金记录-20200101-20200611.txt,0,parsed
2020-02-07,,position,1027211.5,609618.5,609618.5,417593.0,417593.0,20,600241.XSHG,5100,5100,3.97,20247.0,母版持仓&资金记录-20200101-20200611.txt,0,parsed
2020-02-07,,position,1027211.5,609618.5,609618.5,417593.0,417593.0,20,603139.XSHG,1200,1200,18.13,21756.0,母版持仓&资金记录-20200101-20200611.txt,0,parsed
2020-02-07,,position,1027211.5,609618.5,609618.5,417593.0,417593.0,20,300218.XSHE,2800,2800,7.32,20496.0,母版持仓&资金记录-20200101-20200611.txt,0,parsed
2020-02-07,,position,1027211.5,609618.5,609618.5,417593.0,417593.0,20,300029.XSHE,3800,3800,5.34,20292.0,母版持仓&资金记录-20200101-20200611.txt,0,parsed
2020-02-07,,position,1027211.5,609618.5,609618.5,417593.0,417593.0,20,600671.XSHG,1700,1700,12.92,21964.0,母版持仓&资金记录-20200101-20200611.txt,0,parsed
2020-02-07,,position,1027211.5,609618.5,609618.5,417593.0,417593.0,20,000679.XSHE,6600,6600,3.28,21648.0,母版持仓&资金记录-20200101-20200611.txt,0,parsed
2020-02-07,,position,1027211.5,609618.5,609618.5,417593.0,417593.0,20,002473.XSHE,2900,2900,7.1,20590.0,母版持仓&资金记录-20200101-20200611.txt,0,parsed
2020-02-07,,position,1027211.5,609618.5,609618.5,417593.0,417593.0,20,600766.XSHG,2900,2900,7.34,21286.0,母版持仓&资金记录-20200101-20200611.txt,0,parsed
2020-02-07,,position,1027211.5,609618.5,609618.5,417593.0,417593.0,20,600889.XSHG,4700,4700,4.8,22560.0,母版持仓&资金记录-20200101-20200611.txt,0,parsed
2020-02-07,,position,1027211.5,609618.5,609618.5,417593.0,417593.0,20,603356.XSHG,1600,1600,12.82,20512.0,母版持仓&资金记录-20200101-20200611.txt,0,parsed
2020-02-07,,position,1027211.5,609618.5,609618.5,417593.0,417593.0,20,000929.XSHE,3300,3300,6.22,20526.0,母版持仓&资金记录-20200101-20200611.txt,0,parsed
2020-02-07,,position,1027211.5,609618.5,609618.5,417593.0,417593.0,20,600791.XSHG,6300,6300,3.24,20412.0,母版持仓&资金记录-20200101-20200611.txt,0,parsed
2020-02-07,,position,1027211.5,609618.5,609618.5,417593.0,417593.0,20,000691.XSHE,5700,5700,3.55,20235.0,母版持仓&资金记录-20200101-20200611.txt,0,parsed
2020-02-10,,position,1035165.5,609618.5,609618.5,425547.0,425547.0,20,300665.XSHE,2100,2100,9.55,20055.0,母版持仓&资金记录-20200101-20200611.txt,0,parsed
2020-02-10,,position,1035165.5,609618.5,609618.5,425547.0,425547.0,20,002076.XSHE,9200,9200,2.68,24656.0,母版持仓&资金记录-20200101-20200611.txt,0,parsed
2020-02-10,,position,1035165.5,609618.5,609618.5,425547.0,425547.0,20,300412.XSHE,3100,3100,7.12,22072.0,母版持仓&资金记录-20200101-20200611.txt,0,parsed
2020-02-10,,position,1035165.5,609618.5,609618.5,425547.0,425547.0,20,300106.XSHE,3800,3800,5.73,21774.0,母版持仓&资金记录-20200101-20200611.txt,0,parsed
2020-02-10,,position,1035165.5,609618.5,609618.5,425547.0,425547.0,20,603991.XSHG,1300,1300,15.74,20462.0,母版持仓&资金记录-20200101-20200611.txt,0,parsed
2020-02-10,,position,1035165.5,609618.5,609618.5,425547.0,425547.0,20,600561.XSHG,4300,4300,4.88,20984.0,母版持仓&资金记录-20200101-20200611.txt,0,parsed
2020-02-10,,position,1035165.5,609618.5,609618.5,425547.0,425547.0,20,300539.XSHE,3100,3100,6.76,20956.0,母版持仓&资金记录-20200101-20200611.txt,0,parsed
2020-02-10,,position,1035165.5,609618.5,609618.5,425547.0,425547.0,20,600241.XSHG,5100,5100,4.06,20706.0,母版持仓&资金记录-20200101-20200611.txt,0,parsed
2020-02-10,,position,1035165.5,609618.5,609618.5,425547.0,425547.0,20,603139.XSHG,1200,1200,17.7,21240.0,母版持仓&资金记录-20200101-20200611.txt,0,parsed
2020-02-10,,position,1035165.5,609618.5,609618.5,425547.0,425547.0,20,300218.XSHE,2800,2800,7.43,20804.0,母版持仓&资金记录-20200101-20200611.txt,0,parsed
2020-02-10,,position,1035165.5,609618.5,609618.5,425547.0,425547.0,20,300029.XSHE,3800,3800,5.45,20710.0,母版持仓&资金记录-20200101-20200611.txt,0,parsed
2020-02-10,,position,1035165.5,609618.5,609618.5,425547.0,425547.0,20,600671.XSHG,1700,1700,12.59,21403.0,母版持仓&资金记录-20200101-20200611.txt,0,parsed
2020-02-10,,position,1035165.5,609618.5,609618.5,425547.0,425547.0,20,000679.XSHE,6600,6600,3.32,21912.0,母版持仓&资金记录-20200101-20200611.txt,0,parsed
2020-02-10,,position,1035165.5,609618.5,609618.5,425547.0,425547.0,20,002473.XSHE,2900,2900,7.21,20909.0,母版持仓&资金记录-20200101-20200611.txt,0,parsed
2020-02-10,,position,1035165.5,609618.5,609618.5,425547.0,425547.0,20,600766.XSHG,2900,2900,7.59,22011.0,母版持仓&资金记录-20200101-20200611.txt,0,parsed
2020-02-10,,position,1035165.5,609618.5,609618.5,425547.0,425547.0,20,600889.XSHG,4700,4700,4.59,21573.0,母版持仓&资金记录-20200101-20200611.txt,0,parsed
2020-02-10,,position,1035165.5,609618.5,609618.5,425547.0,425547.0,20,603356.XSHG,1600,1600,13.15,21040.0,母版持仓&资金记录-20200101-20200611.txt,0,parsed
2020-02-10,,position,1035165.5,609618.5,609618.5,425547.0,425547.0,20,000929.XSHE,3300,3300,6.32,20856.0,母版持仓&资金记录-20200101-20200611.txt,0,parsed
2020-02-10,,position,1035165.5,609618.5,609618.5,425547.0,425547.0,20,600791.XSHG,6300,6300,3.3,20790.0,母版持仓&资金记录-20200101-20200611.txt,0,parsed
2020-02-10,,position,1035165.5,609618.5,609618.5,425547.0,425547.0,20,000691.XSHE,5700,5700,3.62,20634.0,母版持仓&资金记录-20200101-20200611.txt,0,parsed
2020-02-11,,position,1026276.31,410748.31,410748.31,615528.0,615528.0,21,300665.XSHE,4300,4300,9.48,40764.0,母版持仓&资金记录-20200101-20200611.txt,0,parsed
2020-02-11,,position,1026276.31,410748.31,410748.31,615528.0,615528.0,21,002076.XSHE,8500,8500,2.41,20485.0,母版持仓&资金记录-20200101-20200611.txt,0,parsed
2020-02-11,,position,1026276.31,410748.31,410748.31,615528.0,615528.0,21,300412.XSHE,3000,3000,6.89,20670.0,母版持仓&资金记录-20200101-20200611.txt,0,parsed
2020-02-11,,position,1026276.31,410748.31,410748.31,615528.0,615528.0,21,300106.XSHE,3700,3700,5.46,20202.0,母版持仓&资金记录-20200101-20200611.txt,0,parsed
2020-02-11,,position,1026276.31,410748.31,410748.31,615528.0,615528.0,21,603991.XSHG,2600,2600,15.73,40898.0,母版持仓&资金记录-20200101-20200611.txt,0,parsed
2020-02-11,,position,1026276.31,410748.31,410748.31,615528.0,615528.0,21,300736.XSHE,2200,2200,9.01,19822.0,母版持仓&资金记录-20200101-20200611.txt,0,parsed
2020-02-11,,position,1026276.31,410748.31,410748.31,615528.0,615528.0,21,600561.XSHG,8500,8500,4.85,41225.0,母版持仓&资金记录-20200101-20200611.txt,0,parsed
2020-02-11,,position,1026276.31,410748.31,410748.31,615528.0,615528.0,21,300539.XSHE,3100,3100,6.68,20708.0,母版持仓&资金记录-20200101-20200611.txt,0,parsed
2020-02-11,,position,1026276.31,410748.31,410748.31,615528.0,615528.0,21,600241.XSHG,10200,10200,4.04,41208.0,母版持仓&资金记录-20200101-20200611.txt,0,parsed
2020-02-11,,position,1026276.31,410748.31,410748.31,615528.0,615528.0,21,603139.XSHG,1200,1200,17.08,20496.0,母版持仓&资金记录-20200101-20200611.txt,0,parsed
2020-02-11,,position,1026276.31,410748.31,410748.31,615528.0,615528.0,21,300218.XSHE,2800,2800,7.36,20608.0,母版持仓&资金记录-20200101-20200611.txt,0,parsed
2020-02-11,,position,1026276.31,410748.31,410748.31,615528.0,615528.0,21,300029.XSHE,7500,7500,5.43,40725.0,母版持仓&资金记录-20200101-20200611.txt,0,parsed
2020-02-11,,position,1026276.31,410748.31,410748.31,615528.0,615528.0,21,600671.XSHG,1700,1700,12.35,20995.0,母版持仓&资金记录-20200101-20200611.txt,0,parsed
2020-02-11,,position,1026276.31,410748.31,410748.31,615528.0,615528.0,21,000679.XSHE,12500,12500,3.28,41000.0,母版持仓&资金记录-20200101-20200611.txt,0,parsed
2020-02-11,,position,1026276.31,410748.31,410748.31,615528.0,615528.0,21,002473.XSHE,5700,5700,7.19,40983.0,母版持仓&资金记录-20200101-20200611.txt,0,parsed
2020-02-11,,position,1026276.31,410748.31,410748.31,615528.0,615528.0,21,600766.XSHG,2800,2800,7.4,20720.0,母版持仓&资金记录-20200101-20200611.txt,0,parsed
2020-02-11,,position,1026276.31,410748.31,410748.31,615528.0,615528.0,21,600889.XSHG,4600,4600,4.54,20884.0,母版持仓&资金记录-20200101-20200611.txt,0,parsed
2020-02-11,,position,1026276.31,410748.31,410748.31,615528.0,615528.0,21,603356.XSHG,1600,1600,13.24,21184.0,母版持仓&资金记录-20200101-20200611.txt,0,parsed
2020-02-11,,position,1026276.31,410748.31,410748.31,615528.0,615528.0,21,000929.XSHE,6500,6500,6.28,40820.0,母版持仓&资金记录-20200101-20200611.txt,0,parsed
2020-02-11,,position,1026276.31,410748.31,410748.31,615528.0,615528.0,21,600791.XSHG,6300,6300,3.3,20790.0,母版持仓&资金记录-20200101-20200611.txt,0,parsed
2020-02-11,,position,1026276.31,410748.31,410748.31,615528.0,615528.0,21,000691.XSHE,11300,11300,3.57,40341.0,母版持仓&资金记录-20200101-20200611.txt,0,parsed
2020-02-12,,position,1034461.31,410748.31,410748.31,623713.0,623713.0,21,300665.XSHE,4300,4300,9.65,41495.0,母版持仓&资金记录-20200101-20200611.txt,0,parsed
2020-02-12,,position,1034461.31,410748.31,410748.31,623713.0,623713.0,21,002076.XSHE,8500,8500,2.39,20315.0,母版持仓&资金记录-20200101-20200611.txt,0,parsed
2020-02-12,,position,1034461.31,410748.31,410748.31,623713.0,623713.0,21,300412.XSHE,3000,3000,7.06,21180.0,母版持仓&资金记录-20200101-20200611.txt,0,parsed
2020-02-12,,position,1034461.31,410748.31,410748.31,623713.0,623713.0,21,300106.XSHE,3700,3700,5.54,20498.0,母版持仓&资金记录-20200101-20200611.txt,0,parsed
2020-02-12,,position,1034461.31,410748.31,410748.31,623713.0,623713.0,21,603991.XSHG,2600,2600,15.91,41366.0,母版持仓&资金记录-20200101-20200611.txt,0,parsed
2020-02-12,,position,1034461.31,410748.31,410748.31,623713.0,623713.0,21,300736.XSHE,2200,2200,9.15,20130.0,母版持仓&资金记录-20200101-20200611.txt,0,parsed
2020-02-12,,position,1034461.31,410748.31,410748.31,623713.0,623713.0,21,600561.XSHG,8500,8500,4.88,41480.0,母版持仓&资金记录-20200101-20200611.txt,0,parsed
2020-02-12,,position,1034461.31,410748.31,410748.31,623713.0,623713.0,21,300539.XSHE,3100,3100,6.71,20801.0,母版持仓&资金记录-20200101-20200611.txt,0,parsed
2020-02-12,,position,1034461.31,410748.31,410748.31,623713.0,623713.0,21,600241.XSHG,10200,10200,4.15,42330.0,母版持仓&资金记录-20200101-20200611.txt,0,parsed
2020-02-12,,position,1034461.31,410748.31,410748.31,623713.0,623713.0,21,603139.XSHG,1200,1200,17.19,20628.0,母版持仓&资金记录-20200101-20200611.txt,0,parsed
2020-02-12,,position,1034461.31,410748.31,410748.31,623713.0,623713.0,21,300218.XSHE,2800,2800,7.49,20972.0,母版持仓&资金记录-20200101-20200611.txt,0,parsed
2020-02-12,,position,1034461.31,410748.31,410748.31,623713.0,623713.0,21,300029.XSHE,7500,7500,5.63,42225.0,母版持仓&资金记录-20200101-20200611.txt,0,parsed
2020-02-12,,position,1034461.31,410748.31,410748.31,623713.0,623713.0,21,600671.XSHG,1700,1700,12.34,20978.0,母版持仓&资金记录-20200101-20200611.txt,0,parsed
2020-02-12,,position,1034461.31,410748.31,410748.31,623713.0,623713.0,21,000679.XSHE,12500,12500,3.3,41250.0,母版持仓&资金记录-20200101-20200611.txt,0,parsed
2020-02-12,,position,1034461.31,410748.31,410748.31,623713.0,623713.0,21,002473.XSHE,5700,5700,7.31,41667.0,母版持仓&资金记录-20200101-20200611.txt,0,parsed
2020-02-12,,position,1034461.31,410748.31,410748.31,623713.0,623713.0,21,600766.XSHG,2800,2800,7.46,20888.0,母版持仓&资金记录-20200101-20200611.txt,0,parsed
2020-02-12,,position,1034461.31,410748.31,410748.31,623713.0,623713.0,21,600889.XSHG,4600,4600,4.5,20700.0,母版持仓&资金记录-20200101-20200611.txt,0,parsed
2020-02-12,,position,1034461.31,410748.31,410748.31,623713.0,623713.0,21,603356.XSHG,1600,1600,13.25,21200.0,母版持仓&资金记录-20200101-20200611.txt,0,parsed
2020-02-12,,position,1034461.31,410748.31,410748.31,623713.0,623713.0,21,000929.XSHE,6500,6500,6.34,41210.0,母版持仓&资金记录-20200101-20200611.txt,0,parsed
2020-02-12,,position,1034461.31,410748.31,410748.31,623713.0,623713.0,21,600791.XSHG,6300,6300,3.34,21042.0,母版持仓&资金记录-20200101-20200611.txt,0,parsed
2020-02-12,,position,1034461.31,410748.31,410748.31,623713.0,623713.0,21,000691.XSHE,11300,11300,3.66,41358.0,母版持仓&资金记录-20200101-20200611.txt,0,parsed
2020-02-13,,position,1024253.31,410748.31,410748.31,613505.0,613505.0,21,300665.XSHE,4300,4300,9.42,40506.0,母版持仓&资金记录-20200101-20200611.txt,0,parsed
2020-02-13,,position,1024253.31,410748.31,410748.31,613505.0,613505.0,21,002076.XSHE,8500,8500,2.25,19125.0,母版持仓&资金记录-20200101-20200611.txt,0,parsed
2020-02-13,,position,1024253.31,410748.31,410748.31,613505.0,613505.0,21,300412.XSHE,3000,3000,6.87,20610.0,母版持仓&资金记录-20200101-20200611.txt,0,parsed
2020-02-13,,position,1024253.31,410748.31,410748.31,613505.0,613505.0,21,300106.XSHE,3700,3700,5.49,20313.0,母版持仓&资金记录-20200101-20200611.txt,0,parsed
2020-02-13,,position,1024253.31,410748.31,410748.31,613505.0,613505.0,21,603991.XSHG,2600,2600,15.53,40378.0,母版持仓&资金记录-20200101-20200611.txt,0,parsed
2020-02-13,,position,1024253.31,410748.31,410748.31,613505.0,613505.0,21,300736.XSHE,2200,2200,9.01,19822.0,母版持仓&资金记录-20200101-20200611.txt,0,parsed
2020-02-13,,position,1024253.31,410748.31,410748.31,613505.0,613505.0,21,600561.XSHG,8500,8500,4.81,40885.0,母版持仓&资金记录-20200101-20200611.txt,0,parsed
2020-02-13,,position,1024253.31,410748.31,410748.31,613505.0,613505.0,21,300539.XSHE,3100,3100,6.55,20305.0,母版持仓&资金记录-20200101-20200611.txt,0,parsed
2020-02-13,,position,1024253.31,410748.31,410748.31,613505.0,613505.0,21,600241.XSHG,10200,10200,4.06,41412.0,母版持仓&资金记录-20200101-20200611.txt,0,parsed
2020-02-13,,position,1024253.31,410748.31,410748.31,613505.0,613505.0,21,603139.XSHG,1200,1200,17.12,20544.0,母版持仓&资金记录-20200101-20200611.txt,0,parsed
2020-02-13,,position,1024253.31,410748.31,410748.31,613505.0,613505.0,21,300218.XSHE,2800,2800,7.28,20384.0,母版持仓&资金记录-20200101-20200611.txt,0,parsed
2020-02-13,,position,1024253.31,410748.31,410748.31,613505.0,613505.0,21,300029.XSHE,7500,7500,5.47,41025.0,母版持仓&资金记录-20200101-20200611.txt,0,parsed
2020-02-13,,position,1024253.31,410748.31,410748.31,613505.0,613505.0,21,600671.XSHG,1700,1700,12.03,20451.0,母版持仓&资金记录-20200101-20200611.txt,0,parsed
2020-02-13,,position,1024253.31,410748.31,410748.31,613505.0,613505.0,21,000679.XSHE,12500,12500,3.35,41875.0,母版持仓&资金记录-20200101-20200611.txt,0,parsed
2020-02-13,,position,1024253.31,410748.31,410748.31,613505.0,613505.0,21,002473.XSHE,5700,5700,7.21,41097.0,母版持仓&资金记录-20200101-20200611.txt,0,parsed
2020-02-13,,position,1024253.31,410748.31,410748.31,613505.0,613505.0,21,600766.XSHG,2800,2800,7.84,21952.0,母版持仓&资金记录-20200101-20200611.txt,0,parsed
2020-02-13,,position,1024253.31,410748.31,410748.31,613505.0,613505.0,21,600889.XSHG,4600,4600,4.42,20332.0,母版持仓&资金记录-20200101-20200611.txt,0,parsed
2020-02-13,,position,1024253.31,410748.31,410748.31,613505.0,613505.0,21,603356.XSHG,1600,1600,13.11,20976.0,母版持仓&资金记录-20200101-20200611.txt,0,parsed
2020-02-13,,position,1024253.31,410748.31,410748.31,613505.0,613505.0,21,000929.XSHE,6500,6500,6.23,40495.0,母版持仓&资金记录-20200101-20200611.txt,0,parsed
2020-02-13,,position,1024253.31,410748.31,410748.31,613505.0,613505.0,21,600791.XSHG,6300,6300,3.3,20790.0,母版持仓&资金记录-20200101-20200611.txt,0,parsed
2020-02-13,,position,1024253.31,410748.31,410748.31,613505.0,613505.0,21,000691.XSHE,11300,11300,3.56,40228.0,母版持仓&资金记录-20200101-20200611.txt,0,parsed
2020-02-14,,position,1025189.81,207014.81,207014.81,818175.0,818175.0,22,300665.XSHE,6500,6500,9.45,61425.0,母版持仓&资金记录-20200101-20200611.txt,0,parsed
2020-02-14,,position,1025189.81,207014.81,207014.81,818175.0,818175.0,22,002076.XSHE,9100,9100,2.17,19747.0,母版持仓&资金记录-20200101-20200611.txt,0,parsed
2020-02-14,,position,1025189.81,207014.81,207014.81,818175.0,818175.0,22,300412.XSHE,3000,3000,7.56,22680.0,母版持仓&资金记录-20200101-20200611.txt,0,parsed
2020-02-14,,position,1025189.81,207014.81,207014.81,818175.0,818175.0,22,300106.XSHE,7400,7400,5.43,40182.0,母版持仓&资金记录-20200101-20200611.txt,0,parsed
2020-02-14,,position,1025189.81,207014.81,207014.81,818175.0,818175.0,22,603991.XSHG,3900,3900,15.58,60762.0,母版持仓&资金记录-20200101-20200611.txt,0,parsed
2020-02-14,,position,1025189.81,207014.81,207014.81,818175.0,818175.0,22,300736.XSHE,4500,4500,8.99,40455.0,母版持仓&资金记录-20200101-20200611.txt,0,parsed
2020-02-14,,position,1025189.81,207014.81,207014.81,818175.0,818175.0,22,002633.XSHE,2600,2600,7.68,19968.0,母版持仓&资金记录-20200101-20200611.txt,0,parsed
2020-02-14,,position,1025189.81,207014.81,207014.81,818175.0,818175.0,22,600561.XSHG,12800,12800,4.84,61952.0,母版持仓&资金记录-20200101-20200611.txt,0,parsed
2020-02-14,,position,1025189.81,207014.81,207014.81,818175.0,818175.0,22,300539.XSHE,3100,3100,6.51,20181.0,母版持仓&资金记录-20200101-20200611.txt,0,parsed
2020-02-14,,position,1025189.81,207014.81,207014.81,818175.0,818175.0,22,600241.XSHG,10100,10100,4.0,40400.0,母版持仓&资金记录-20200101-20200611.txt,0,parsed
2020-02-14,,position,1025189.81,207014.81,207014.81,818175.0,818175.0,22,603139.XSHG,1200,1200,17.16,20592.0,母版持仓&资金记录-20200101-20200611.txt,0,parsed
2020-02-14,,position,1025189.81,207014.81,207014.81,818175.0,818175.0,22,300218.XSHE,2800,2800,7.28,20384.0,母版持仓&资金记录-20200101-20200611.txt,0,parsed
2020-02-14,,position,1025189.81,207014.81,207014.81,818175.0,818175.0,22,300029.XSHE,11200,11200,5.44,60928.0,母版持仓&资金记录-20200101-20200611.txt,0,parsed
2020-02-14,,position,1025189.81,207014.81,207014.81,818175.0,818175.0,22,600671.XSHG,1700,1700,11.98,20366.0,母版持仓&资金记录-20200101-20200611.txt,0,parsed
2020-02-14,,position,1025189.81,207014.81,207014.81,818175.0,818175.0,22,000679.XSHE,12400,12400,3.3,40920.0,母版持仓&资金记录-20200101-20200611.txt,0,parsed
2020-02-14,,position,1025189.81,207014.81,207014.81,818175.0,818175.0,22,002473.XSHE,8400,8400,7.27,61068.0,母版持仓&资金记录-20200101-20200611.txt,0,parsed
2020-02-14,,position,1025189.81,207014.81,207014.81,818175.0,818175.0,22,600766.XSHG,2700,2700,7.77,20979.0,母版持仓&资金记录-20200101-20200611.txt,0,parsed
2020-02-14,,position,1025189.81,207014.81,207014.81,818175.0,818175.0,22,600889.XSHG,4600,4600,4.39,20194.0,母版持仓&资金记录-20200101-20200611.txt,0,parsed
2020-02-14,,position,1025189.81,207014.81,207014.81,818175.0,818175.0,22,603356.XSHG,1600,1600,13.18,21088.0,母版持仓&资金记录-20200101-20200611.txt,0,parsed
2020-02-14,,position,1025189.81,207014.81,207014.81,818175.0,818175.0,22,000929.XSHE,9800,9800,6.23,61054.0,母版持仓&资金记录-20200101-20200611.txt,0,parsed
2020-02-14,,position,1025189.81,207014.81,207014.81,818175.0,818175.0,22,600791.XSHG,6300,6300,3.32,20916.0,母版持仓&资金记录-20200101-20200611.txt,0,parsed
2020-02-14,,position,1025189.81,207014.81,207014.81,818175.0,818175.0,22,000691.XSHE,17300,17300,3.58,61934.0,母版持仓&资金记录-20200101-20200611.txt,0,parsed
2020-02-17,,position,1057356.81,207014.81,207014.81,850342.0,850342.0,22,300665.XSHE,6500,6500,9.76,63440.0,母版持仓&资金记录-20200101-20200611.txt,0,parsed
2020-02-17,,position,1057356.81,207014.81,207014.81,850342.0,850342.0,22,002076.XSHE,9100,9100,2.29,20839.0,母版持仓&资金记录-20200101-20200611.txt,0,parsed
2020-02-17,,position,1057356.81,207014.81,207014.81,850342.0,850342.0,22,300412.XSHE,3000,3000,8.32,24960.0,母版持仓&资金记录-20200101-20200611.txt,0,parsed
2020-02-17,,position,1057356.81,207014.81,207014.81,850342.0,850342.0,22,300106.XSHE,7400,7400,5.75,42550.0,母版持仓&资金记录-20200101-20200611.txt,0,parsed
2020-02-17,,position,1057356.81,207014.81,207014.81,850342.0,850342.0,22,603991.XSHG,3900,3900,15.93,62127.0,母版持仓&资金记录-20200101-20200611.txt,0,parsed
2020-02-17,,position,1057356.81,207014.81,207014.81,850342.0,850342.0,22,300736.XSHE,4500,4500,9.38,42210.0,母版持仓&资金记录-20200101-20200611.txt,0,parsed
2020-02-17,,position,1057356.81,207014.81,207014.81,850342.0,850342.0,22,002633.XSHE,2600,2600,7.91,20566.0,母版持仓&资金记录-20200101-20200611.txt,0,parsed
2020-02-17,,position,1057356.81,207014.81,207014.81,850342.0,850342.0,22,600561.XSHG,12800,12800,4.99,63872.0,母版持仓&资金记录-20200101-20200611.txt,0,parsed
2020-02-17,,position,1057356.81,207014.81,207014.81,850342.0,850342.0,22,300539.XSHE,3100,3100,6.8,21080.0,母版持仓&资金记录-20200101-20200611.txt,0,parsed
2020-02-17,,position,1057356.81,207014.81,207014.81,850342.0,850342.0,22,600241.XSHG,10100,10100,4.12,41612.0,母版持仓&资金记录-20200101-20200611.txt,0,parsed
2020-02-17,,position,1057356.81,207014.81,207014.81,850342.0,850342.0,22,603139.XSHG,1200,1200,18.1,21720.0,母版持仓&资金记录-20200101-20200611.txt,0,parsed
2020-02-17,,position,1057356.81,207014.81,207014.81,850342.0,850342.0,22,300218.XSHE,2800,2800,7.49,20972.0,母版持仓&资金记录-20200101-20200611.txt,0,parsed
2020-02-17,,position,1057356.81,207014.81,207014.81,850342.0,850342.0,22,300029.XSHE,11200,11200,5.98,66976.0,母版持仓&资金记录-20200101-20200611.txt,0,parsed
2020-02-17,,position,1057356.81,207014.81,207014.81,850342.0,850342.0,22,600671.XSHG,1700,1700,12.2,20740.0,母版持仓&资金记录-20200101-20200611.txt,0,parsed
2020-02-17,,position,1057356.81,207014.81,207014.81,850342.0,850342.0,22,000679.XSHE,12400,12400,3.39,42036.0,母版持仓&资金记录-20200101-20200611.txt,0,parsed
2020-02-17,,position,1057356.81,207014.81,207014.81,850342.0,850342.0,22,002473.XSHE,8400,8400,7.45,62580.0,母版持仓&资金记录-20200101-20200611.txt,0,parsed
2020-02-17,,position,1057356.81,207014.81,207014.81,850342.0,850342.0,22,600766.XSHG,2700,2700,7.9,21330.0,母版持仓&资金记录-20200101-20200611.txt,0,parsed
2020-02-17,,position,1057356.81,207014.81,207014.81,850342.0,850342.0,22,600889.XSHG,4600,4600,4.66,21436.0,母版持仓&资金记录-20200101-20200611.txt,0,parsed
2020-02-17,,position,1057356.81,207014.81,207014.81,850342.0,850342.0,22,603356.XSHG,1600,1600,13.45,21520.0,母版持仓&资金记录-20200101-20200611.txt,0,parsed
2020-02-17,,position,1057356.81,207014.81,207014.81,850342.0,850342.0,22,000929.XSHE,9800,9800,6.41,62818.0,母版持仓&资金记录-20200101-20200611.txt,0,parsed
2020-02-17,,position,1057356.81,207014.81,207014.81,850342.0,850342.0,22,600791.XSHG,6300,6300,3.38,21294.0,母版持仓&资金记录-20200101-20200611.txt,0,parsed
2020-02-17,,position,1057356.81,207014.81,207014.81,850342.0,850342.0,22,000691.XSHE,17300,17300,3.68,63664.0,母版持仓&资金记录-20200101-20200611.txt,0,parsed
2020-02-18,,position,1079507.81,207014.81,207014.81,872493.0,872493.0,22,300665.XSHE,6500,6500,9.9,64350.0,母版持仓&资金记录-20200101-20200611.txt,0,parsed
2020-02-18,,position,1079507.81,207014.81,207014.81,872493.0,872493.0,22,002076.XSHE,9100,9100,2.3,20930.0,母版持仓&资金记录-20200101-20200611.txt,0,parsed
2020-02-18,,position,1079507.81,207014.81,207014.81,872493.0,872493.0,22,300412.XSHE,3000,3000,9.15,27450.0,母版持仓&资金记录-20200101-20200611.txt,0,parsed
2020-02-18,,position,1079507.81,207014.81,207014.81,872493.0,872493.0,22,300106.XSHE,7400,7400,5.9,43660.0,母版持仓&资金记录-20200101-20200611.txt,0,parsed
2020-02-18,,position,1079507.81,207014.81,207014.81,872493.0,872493.0,22,603991.XSHG,3900,3900,16.16,63024.0,母版持仓&资金记录-20200101-20200611.txt,0,parsed
2020-02-18,,position,1079507.81,207014.81,207014.81,872493.0,872493.0,22,300736.XSHE,4500,4500,9.59,43155.0,母版持仓&资金记录-20200101-20200611.txt,0,parsed
2020-02-18,,position,1079507.81,207014.81,207014.81,872493.0,872493.0,22,002633.XSHE,2600,2600,8.15,21190.0,母版持仓&资金记录-20200101-20200611.txt,0,parsed
2020-02-18,,position,1079507.81,207014.81,207014.81,872493.0,872493.0,22,600561.XSHG,12800,12800,5.05,64640.0,母版持仓&资金记录-20200101-20200611.txt,0,parsed
2020-02-18,,position,1079507.81,207014.81,207014.81,872493.0,872493.0,22,300539.XSHE,3100,3100,7.0,21700.0,母版持仓&资金记录-20200101-20200611.txt,0,parsed
2020-02-18,,position,1079507.81,207014.81,207014.81,872493.0,872493.0,22,600241.XSHG,10100,10100,4.21,42521.0,母版持仓&资金记录-20200101-20200611.txt,0,parsed
2020-02-18,,position,1079507.81,207014.81,207014.81,872493.0,872493.0,22,603139.XSHG,1200,1200,18.04,21648.0,母版持仓&资金记录-20200101-20200611.txt,0,parsed
2020-02-18,,position,1079507.81,207014.81,207014.81,872493.0,872493.0,22,300218.XSHE,2800,2800,7.64,21392.0,母版持仓&资金记录-20200101-20200611.txt,0,parsed
2020-02-18,,position,1079507.81,207014.81,207014.81,872493.0,872493.0,22,300029.XSHE,11200,11200,6.58,73696.0,母版持仓&资金记录-20200101-20200611.txt,0,parsed
2020-02-18,,position,1079507.81,207014.81,207014.81,872493.0,872493.0,22,600671.XSHG,1700,1700,12.58,21386.0,母版持仓&资金记录-20200101-20200611.txt,0,parsed
2020-02-18,,position,1079507.81,207014.81,207014.81,872493.0,872493.0,22,000679.XSHE,12400,12400,3.44,42656.0,母版持仓&资金记录-20200101-20200611.txt,0,parsed
2020-02-18,,position,1079507.81,207014.81,207014.81,872493.0,872493.0,22,002473.XSHE,8400,8400,7.71,64764.0,母版持仓&资金记录-20200101-20200611.txt,0,parsed
2020-02-18,,position,1079507.81,207014.81,207014.81,872493.0,872493.0,22,600766.XSHG,2700,2700,8.0,21600.0,母版持仓&资金记录-20200101-20200611.txt,0,parsed
2020-02-18,,position,1079507.81,207014.81,207014.81,872493.0,872493.0,22,600889.XSHG,4600,4600,4.73,21758.0,母版持仓&资金记录-20200101-20200611.txt,0,parsed
2020-02-18,,position,1079507.81,207014.81,207014.81,872493.0,872493.0,22,603356.XSHG,1600,1600,13.58,21728.0,母版持仓&资金记录-20200101-20200611.txt,0,parsed
2020-02-18,,position,1079507.81,207014.81,207014.81,872493.0,872493.0,22,000929.XSHE,9800,9800,6.47,63406.0,母版持仓&资金记录-20200101-20200611.txt,0,parsed
2020-02-18,,position,1079507.81,207014.81,207014.81,872493.0,872493.0,22,600791.XSHG,6300,6300,3.41,21483.0,母版持仓&资金记录-20200101-20200611.txt,0,parsed
2020-02-18,,position,1079507.81,207014.81,207014.81,872493.0,872493.0,22,000691.XSHE,17300,17300,3.72,64356.0,母版持仓&资金记录-20200101-20200611.txt,0,parsed
2020-02-19,,position,1067038.74,10150.74,10150.74,1056888.0,1056888.0,22,300665.XSHE,8700,8700,9.88,85956.0,母版持仓&资金记录-20200101-20200611.txt,0,parsed
2020-02-19,,position,1067038.74,10150.74,10150.74,1056888.0,1056888.0,22,002076.XSHE,9200,9200,2.24,20608.0,母版持仓&资金记录-20200101-20200611.txt,0,parsed
2020-02-19,,position,1067038.74,10150.74,10150.74,1056888.0,1056888.0,22,300412.XSHE,2500,2500,8.25,20625.0,母版持仓&资金记录-20200101-20200611.txt,0,parsed
2020-02-19,,position,1067038.74,10150.74,10150.74,1056888.0,1056888.0,22,300106.XSHE,10900,10900,6.01,65509.0,母版持仓&资金记录-20200101-20200611.txt,0,parsed
2020-02-19,,position,1067038.74,10150.74,10150.74,1056888.0,1056888.0,22,603991.XSHG,5300,5300,16.03,84959.0,母版持仓&资金记录-20200101-20200611.txt,0,parsed
2020-02-19,,position,1067038.74,10150.74,10150.74,1056888.0,1056888.0,22,300736.XSHE,4500,4500,9.55,42975.0,母版持仓&资金记录-20200101-20200611.txt,0,parsed
2020-02-19,,position,1067038.74,10150.74,10150.74,1056888.0,1056888.0,22,002633.XSHE,4100,4100,8.02,32882.0,母版持仓&资金记录-20200101-20200611.txt,0,parsed
2020-02-19,,position,1067038.74,10150.74,10150.74,1056888.0,1056888.0,22,600561.XSHG,17000,17000,5.04,85680.0,母版持仓&资金记录-20200101-20200611.txt,0,parsed
2020-02-19,,position,1067038.74,10150.74,10150.74,1056888.0,1056888.0,22,300539.XSHE,3100,3100,6.96,21576.0,母版持仓&资金记录-20200101-20200611.txt,0,parsed
2020-02-19,,position,1067038.74,10150.74,10150.74,1056888.0,1056888.0,22,600241.XSHG,15300,15300,4.16,63648.0,母版持仓&资金记录-20200101-20200611.txt,0,parsed
2020-02-19,,position,1067038.74,10150.74,10150.74,1056888.0,1056888.0,22,603139.XSHG,1200,1200,17.62,21144.0,母版持仓&资金记录-20200101-20200611.txt,0,parsed
2020-02-19,,position,1067038.74,10150.74,10150.74,1056888.0,1056888.0,22,300218.XSHE,2800,2800,7.61,21308.0,母版持仓&资金记录-20200101-20200611.txt,0,parsed
2020-02-19,,position,1067038.74,10150.74,10150.74,1056888.0,1056888.0,22,300029.XSHE,10300,10300,6.09,62727.0,母版持仓&资金记录-20200101-20200611.txt,0,parsed
2020-02-19,,position,1067038.74,10150.74,10150.74,1056888.0,1056888.0,22,600671.XSHG,1700,1700,12.65,21505.0,母版持仓&资金记录-20200101-20200611.txt,0,parsed
2020-02-19,,position,1067038.74,10150.74,10150.74,1056888.0,1056888.0,22,000679.XSHE,18900,18900,3.38,63882.0,母版持仓&资金记录-20200101-20200611.txt,0,parsed
2020-02-19,,position,1067038.74,10150.74,10150.74,1056888.0,1056888.0,22,002473.XSHE,11100,11100,7.61,84471.0,母版持仓&资金记录-20200101-20200611.txt,0,parsed
2020-02-19,,position,1067038.74,10150.74,10150.74,1056888.0,1056888.0,22,600766.XSHG,2700,2700,8.27,22329.0,母版持仓&资金记录-20200101-20200611.txt,0,parsed
2020-02-19,,position,1067038.74,10150.74,10150.74,1056888.0,1056888.0,22,600889.XSHG,4600,4600,4.64,21344.0,母版持仓&资金记录-20200101-20200611.txt,0,parsed
2020-02-19,,position,1067038.74,10150.74,10150.74,1056888.0,1056888.0,22,603356.XSHG,1600,1600,13.01,20816.0,母版持仓&资金记录-20200101-20200611.txt,0,parsed
2020-02-19,,position,1067038.74,10150.74,10150.74,1056888.0,1056888.0,22,000929.XSHE,13300,13300,6.46,85918.0,母版持仓&资金记录-20200101-20200611.txt,0,parsed
2020-02-19,,position,1067038.74,10150.74,10150.74,1056888.0,1056888.0,22,600791.XSHG,6300,6300,3.43,21609.0,母版持仓&资金记录-20200101-20200611.txt,0,parsed
2020-02-19,,position,1067038.74,10150.74,10150.74,1056888.0,1056888.0,22,000691.XSHE,22900,22900,3.73,85417.0,母版持仓&资金记录-20200101-20200611.txt,0,parsed
2020-02-20,,position,1094924.74,10150.74,10150.74,1084774.0,1084774.0,22,300665.XSHE,8700,8700,10.1,87870.0,母版持仓&资金记录-20200101-20200611.txt,0,parsed
2020-02-20,,position,1094924.74,10150.74,10150.74,1084774.0,1084774.0,22,002076.XSHE,9200,9200,2.32,21344.0,母版持仓&资金记录-20200101-20200611.txt,0,parsed
2020-02-20,,position,1094924.74,10150.74,10150.74,1084774.0,1084774.0,22,300412.XSHE,2500,2500,7.91,19775.0,母版持仓&资金记录-20200101-20200611.txt,0,parsed
2020-02-20,,position,1094924.74,10150.74,10150.74,1084774.0,1084774.0,22,300106.XSHE,10900,10900,6.04,65836.0,母版持仓&资金记录-20200101-20200611.txt,0,parsed
2020-02-20,,position,1094924.74,10150.74,10150.74,1084774.0,1084774.0,22,603991.XSHG,5300,5300,16.5,87450.0,母版持仓&资金记录-20200101-20200611.txt,0,parsed
2020-02-20,,position,1094924.74,10150.74,10150.74,1084774.0,1084774.0,22,300736.XSHE,4500,4500,9.79,44055.0,母版持仓&资金记录-20200101-20200611.txt,0,parsed
2020-02-20,,position,1094924.74,10150.74,10150.74,1084774.0,1084774.0,22,002633.XSHE,4100,4100,8.11,33251.0,母版持仓&资金记录-20200101-20200611.txt,0,parsed
2020-02-20,,position,1094924.74,10150.74,10150.74,1084774.0,1084774.0,22,600561.XSHG,17000,17000,5.14,87380.0,母版持仓&资金记录-20200101-20200611.txt,0,parsed
2020-02-20,,position,1094924.74,10150.74,10150.74,1084774.0,1084774.0,22,300539.XSHE,3100,3100,7.0,21700.0,母版持仓&资金记录-20200101-20200611.txt,0,parsed
2020-02-20,,position,1094924.74,10150.74,10150.74,1084774.0,1084774.0,22,600241.XSHG,15300,15300,4.3,65790.0,母版持仓&资金记录-20200101-20200611.txt,0,parsed
2020-02-20,,position,1094924.74,10150.74,10150.74,1084774.0,1084774.0,22,603139.XSHG,1200,1200,17.98,21576.0,母版持仓&资金记录-20200101-20200611.txt,0,parsed
2020-02-20,,position,1094924.74,10150.74,10150.74,1084774.0,1084774.0,22,300218.XSHE,2800,2800,7.84,21952.0,母版持仓&资金记录-20200101-20200611.txt,0,parsed
2020-02-20,,position,1094924.74,10150.74,10150.74,1084774.0,1084774.0,22,300029.XSHE,10300,10300,6.7,69010.0,母版持仓&资金记录-20200101-20200611.txt,0,parsed
2020-02-20,,position,1094924.74,10150.74,10150.74,1084774.0,1084774.0,22,600671.XSHG,1700,1700,12.54,21318.0,母版持仓&资金记录-20200101-20200611.txt,0,parsed
2020-02-20,,position,1094924.74,10150.74,10150.74,1084774.0,1084774.0,22,000679.XSHE,18900,18900,3.47,65583.0,母版持仓&资金记录-20200101-20200611.txt,0,parsed
2020-02-20,,position,1094924.74,10150.74,10150.74,1084774.0,1084774.0,22,002473.XSHE,11100,11100,7.87,87357.0,母版持仓&资金记录-20200101-20200611.txt,0,parsed
2020-02-20,,position,1094924.74,10150.74,10150.74,1084774.0,1084774.0,22,600766.XSHG,2700,2700,8.18,22086.0,母版持仓&资金记录-20200101-20200611.txt,0,parsed
2020-02-20,,position,1094924.74,10150.74,10150.74,1084774.0,1084774.0,22,600889.XSHG,4600,4600,4.74,21804.0,母版持仓&资金记录-20200101-20200611.txt,0,parsed
2020-02-20,,position,1094924.74,10150.74,10150.74,1084774.0,1084774.0,22,603356.XSHG,1600,1600,13.73,21968.0,母版持仓&资金记录-20200101-20200611.txt,0,parsed
2020-02-20,,position,1094924.74,10150.74,10150.74,1084774.0,1084774.0,22,000929.XSHE,13300,13300,6.56,87248.0,母版持仓&资金记录-20200101-20200611.txt,0,parsed
2020-02-20,,position,1094924.74,10150.74,10150.74,1084774.0,1084774.0,22,600791.XSHG,6300,6300,3.46,21798.0,母版持仓&资金记录-20200101-20200611.txt,0,parsed
2020-02-20,,position,1094924.74,10150.74,10150.74,1084774.0,1084774.0,22,000691.XSHE,22900,22900,3.87,88623.0,母版持仓&资金记录-20200101-20200611.txt,0,parsed
2020-02-21,,position,1101702.06,12827.06,12827.06,1088875.0,1088875.0,22,300665.XSHE,8700,8700,10.24,89088.0,母版持仓&资金记录-20200101-20200611.txt,0,parsed
2020-02-21,,position,1101702.06,12827.06,12827.06,1088875.0,1088875.0,22,002076.XSHE,9200,9200,2.34,21528.0,母版持仓&资金记录-20200101-20200611.txt,0,parsed
2020-02-21,,position,1101702.06,12827.06,12827.06,1088875.0,1088875.0,22,300412.XSHE,2500,2500,7.87,19675.0,母版持仓&资金记录-20200101-20200611.txt,0,parsed
2020-02-21,,position,1101702.06,12827.06,12827.06,1088875.0,1088875.0,22,300106.XSHE,10900,10900,6.02,65618.0,母版持仓&资金记录-20200101-20200611.txt,0,parsed
2020-02-21,,position,1101702.06,12827.06,12827.06,1088875.0,1088875.0,22,603991.XSHG,5300,5300,16.68,88404.0,母版持仓&资金记录-20200101-20200611.txt,0,parsed
2020-02-21,,position,1101702.06,12827.06,12827.06,1088875.0,1088875.0,22,300736.XSHE,4500,4500,10.0,45000.0,母版持仓&资金记录-20200101-20200611.txt,0,parsed
2020-02-21,,position,1101702.06,12827.06,12827.06,1088875.0,1088875.0,22,002633.XSHE,4100,4100,8.14,33374.0,母版持仓&资金记录-20200101-20200611.txt,0,parsed
2020-02-21,,position,1101702.06,12827.06,12827.06,1088875.0,1088875.0,22,600561.XSHG,17000,17000,5.11,86870.0,母版持仓&资金记录-20200101-20200611.txt,0,parsed
2020-02-21,,position,1101702.06,12827.06,12827.06,1088875.0,1088875.0,22,300539.XSHE,3100,3100,7.16,22196.0,母版持仓&资金记录-20200101-20200611.txt,0,parsed
2020-02-21,,position,1101702.06,12827.06,12827.06,1088875.0,1088875.0,22,600241.XSHG,15300,15300,4.32,66096.0,母版持仓&资金记录-20200101-20200611.txt,0,parsed
2020-02-21,,position,1101702.06,12827.06,12827.06,1088875.0,1088875.0,22,603139.XSHG,1200,1200,17.86,21432.0,母版持仓&资金记录-20200101-20200611.txt,0,parsed
2020-02-21,,position,1101702.06,12827.06,12827.06,1088875.0,1088875.0,22,300218.XSHE,2800,2800,7.88,22064.0,母版持仓&资金记录-20200101-20200611.txt,0,parsed
2020-02-21,,position,1101702.06,12827.06,12827.06,1088875.0,1088875.0,22,300029.XSHE,9900,9900,6.55,64845.0,母版持仓&资金记录-20200101-20200611.txt,0,parsed
2020-02-21,,position,1101702.06,12827.06,12827.06,1088875.0,1088875.0,22,600671.XSHG,1700,1700,12.58,21386.0,母版持仓&资金记录-20200101-20200611.txt,0,parsed
2020-02-21,,position,1101702.06,12827.06,12827.06,1088875.0,1088875.0,22,000679.XSHE,18900,18900,3.5,66150.0,母版持仓&资金记录-20200101-20200611.txt,0,parsed
2020-02-21,,position,1101702.06,12827.06,12827.06,1088875.0,1088875.0,22,002473.XSHE,11100,11100,8.09,89799.0,母版持仓&资金记录-20200101-20200611.txt,0,parsed
2020-02-21,,position,1101702.06,12827.06,12827.06,1088875.0,1088875.0,22,600766.XSHG,2700,2700,8.52,23004.0,母版持仓&资金记录-20200101-20200611.txt,0,parsed
2020-02-21,,position,1101702.06,12827.06,12827.06,1088875.0,1088875.0,22,600889.XSHG,4600,4600,4.73,21758.0,母版持仓&资金记录-20200101-20200611.txt,0,parsed
2020-02-21,,position,1101702.06,12827.06,12827.06,1088875.0,1088875.0,22,603356.XSHG,1600,1600,13.83,22128.0,母版持仓&资金记录-20200101-20200611.txt,0,parsed
2020-02-21,,position,1101702.06,12827.06,12827.06,1088875.0,1088875.0,22,000929.XSHE,13300,13300,6.61,87913.0,母版持仓&资金记录-20200101-20200611.txt,0,parsed
2020-02-21,,position,1101702.06,12827.06,12827.06,1088875.0,1088875.0,22,600791.XSHG,6300,6300,3.48,21924.0,母版持仓&资金记录-20200101-20200611.txt,0,parsed
2020-02-21,,position,1101702.06,12827.06,12827.06,1088875.0,1088875.0,22,000691.XSHE,22900,22900,3.87,88623.0,母版持仓&资金记录-20200101-20200611.txt,0,parsed
2020-02-24,,position,1100485.6,3511.6,3511.6,1096974.0,1096974.0,13,300665.XSHE,10700,10700,10.23,109461.0,母版持仓&资金记录-20200101-20200611.txt,0,parsed
2020-02-24,,position,1100485.6,3511.6,3511.6,1096974.0,1096974.0,13,300106.XSHE,14700,14700,6.0,88200.0,母版持仓&资金记录-20200101-20200611.txt,0,parsed
2020-02-24,,position,1100485.6,3511.6,3511.6,1096974.0,1096974.0,13,603991.XSHG,6500,6500,16.82,109330.0,母版持仓&资金记录-20200101-20200611.txt,0,parsed
2020-02-24,,position,1100485.6,3511.6,3511.6,1096974.0,1096974.0,13,300736.XSHE,4400,4400,10.41,45804.0,母版持仓&资金记录-20200101-20200611.txt,0,parsed
2020-02-24,,position,1100485.6,3511.6,3511.6,1096974.0,1096974.0,13,002633.XSHE,8000,8000,8.11,64880.0,母版持仓&资金记录-20200101-20200611.txt,0,parsed
2020-02-24,,position,1100485.6,3511.6,3511.6,1096974.0,1096974.0,13,603269.XSHG,1500,1500,13.98,20970.0,母版持仓&资金记录-20200101-20200611.txt,0,parsed
2020-02-24,,position,1100485.6,3511.6,3511.6,1096974.0,1096974.0,13,600561.XSHG,21200,21200,5.11,108332.0,母版持仓&资金记录-20200101-20200611.txt,0,parsed
2020-02-24,,position,1100485.6,3511.6,3511.6,1096974.0,1096974.0,13,600241.XSHG,20300,20300,4.29,87087.0,母版持仓&资金记录-20200101-20200611.txt,0,parsed
2020-02-24,,position,1100485.6,3511.6,3511.6,1096974.0,1096974.0,13,300029.XSHE,10600,10600,6.4,67840.0,母版持仓&资金记录-20200101-20200611.txt,0,parsed
2020-02-24,,position,1100485.6,3511.6,3511.6,1096974.0,1096974.0,13,000679.XSHE,25300,25300,3.52,89056.0,母版持仓&资金记录-20200101-20200611.txt,0,parsed
2020-02-24,,position,1100485.6,3511.6,3511.6,1096974.0,1096974.0,13,002473.XSHE,11000,11000,8.08,88880.0,母版持仓&资金记录-20200101-20200611.txt,0,parsed
2020-02-24,,position,1100485.6,3511.6,3511.6,1096974.0,1096974.0,13,000929.XSHE,16600,16600,6.54,108564.0,母版持仓&资金记录-20200101-20200611.txt,0,parsed
2020-02-24,,position,1100485.6,3511.6,3511.6,1096974.0,1096974.0,13,000691.XSHE,28200,28200,3.85,108570.0,母版持仓&资金记录-20200101-20200611.txt,0,parsed
2020-02-25,,position,1082962.6,3511.6,3511.6,1079451.0,1079451.0,13,300665.XSHE,10700,10700,10.05,107535.0,母版持仓&资金记录-20200101-20200611.txt,0,parsed
2020-02-25,,position,1082962.6,3511.6,3511.6,1079451.0,1079451.0,13,300106.XSHE,14700,14700,5.92,87024.0,母版持仓&资金记录-20200101-20200611.txt,0,parsed
2020-02-25,,position,1082962.6,3511.6,3511.6,1079451.0,1079451.0,13,603991.XSHG,6500,6500,16.73,108745.0,母版持仓&资金记录-20200101-20200611.txt,0,parsed
2020-02-25,,position,1082962.6,3511.6,3511.6,1079451.0,1079451.0,13,300736.XSHE,4400,4400,10.52,46288.0,母版持仓&资金记录-20200101-20200611.txt,0,parsed
2020-02-25,,position,1082962.6,3511.6,3511.6,1079451.0,1079451.0,13,002633.XSHE,8000,8000,8.17,65360.0,母版持仓&资金记录-20200101-20200611.txt,0,parsed
2020-02-25,,position,1082962.6,3511.6,3511.6,1079451.0,1079451.0,13,603269.XSHG,1500,1500,13.73,20595.0,母版持仓&资金记录-20200101-20200611.txt,0,parsed
2020-02-25,,position,1082962.6,3511.6,3511.6,1079451.0,1079451.0,13,600561.XSHG,21200,21200,5.01,106212.0,母版持仓&资金记录-20200101-20200611.txt,0,parsed
2020-02-25,,position,1082962.6,3511.6,3511.6,1079451.0,1079451.0,13,600241.XSHG,20300,20300,4.2,85260.0,母版持仓&资金记录-20200101-20200611.txt,0,parsed
2020-02-25,,position,1082962.6,3511.6,3511.6,1079451.0,1079451.0,13,300029.XSHE,10600,10600,6.2,65720.0,母版持仓&资金记录-20200101-20200611.txt,0,parsed
2020-02-25,,position,1082962.6,3511.6,3511.6,1079451.0,1079451.0,13,000679.XSHE,25300,25300,3.46,87538.0,母版持仓&资金记录-20200101-20200611.txt,0,parsed
2020-02-25,,position,1082962.6,3511.6,3511.6,1079451.0,1079451.0,13,002473.XSHE,11000,11000,7.87,86570.0,母版持仓&资金记录-20200101-20200611.txt,0,parsed
2020-02-25,,position,1082962.6,3511.6,3511.6,1079451.0,1079451.0,13,000929.XSHE,16600,16600,6.42,106572.0,母版持仓&资金记录-20200101-20200611.txt,0,parsed
2020-02-25,,position,1082962.6,3511.6,3511.6,1079451.0,1079451.0,13,000691.XSHE,28200,28200,3.76,106032.0,母版持仓&资金记录-20200101-20200611.txt,0,parsed
2020-02-26,,position,1077276.6,3511.6,3511.6,1073765.0,1073765.0,13,300665.XSHE,10700,10700,10.01,107107.0,母版持仓&资金记录-20200101-20200611.txt,0,parsed
2020-02-26,,position,1077276.6,3511.6,3511.6,1073765.0,1073765.0,13,300106.XSHE,14700,14700,6.01,88347.0,母版持仓&资金记录-20200101-20200611.txt,0,parsed
2020-02-26,,position,1077276.6,3511.6,3511.6,1073765.0,1073765.0,13,603991.XSHG,6500,6500,16.38,106470.0,母版持仓&资金记录-20200101-20200611.txt,0,parsed
2020-02-26,,position,1077276.6,3511.6,3511.6,1073765.0,1073765.0,13,300736.XSHE,4400,4400,10.11,44484.0,母版持仓&资金记录-20200101-20200611.txt,0,parsed
2020-02-26,,position,1077276.6,3511.6,3511.6,1073765.0,1073765.0,13,002633.XSHE,8000,8000,8.12,64960.0,母版持仓&资金记录-20200101-20200611.txt,0,parsed
2020-02-26,,position,1077276.6,3511.6,3511.6,1073765.0,1073765.0,13,603269.XSHG,1500,1500,13.81,20715.0,母版持仓&资金记录-20200101-20200611.txt,0,parsed
2020-02-26,,position,1077276.6,3511.6,3511.6,1073765.0,1073765.0,13,600561.XSHG,21200,21200,4.98,105576.0,母版持仓&资金记录-20200101-20200611.txt,0,parsed
2020-02-26,,position,1077276.6,3511.6,3511.6,1073765.0,1073765.0,13,600241.XSHG,20300,20300,4.24,86072.0,母版持仓&资金记录-20200101-20200611.txt,0,parsed
2020-02-26,,position,1077276.6,3511.6,3511.6,1073765.0,1073765.0,13,300029.XSHE,10600,10600,6.04,64024.0,母版持仓&资金记录-20200101-20200611.txt,0,parsed
2020-02-26,,position,1077276.6,3511.6,3511.6,1073765.0,1073765.0,13,000679.XSHE,25300,25300,3.42,86526.0,母版持仓&资金记录-20200101-20200611.txt,0,parsed
2020-02-26,,position,1077276.6,3511.6,3511.6,1073765.0,1073765.0,13,002473.XSHE,11000,11000,7.77,85470.0,母版持仓&资金记录-20200101-20200611.txt,0,parsed
2020-02-26,,position,1077276.6,3511.6,3511.6,1073765.0,1073765.0,13,000929.XSHE,16600,16600,6.42,106572.0,母版持仓&资金记录-20200101-20200611.txt,0,parsed
2020-02-26,,position,1077276.6,3511.6,3511.6,1073765.0,1073765.0,13,000691.XSHE,28200,28200,3.81,107442.0,母版持仓&资金记录-20200101-20200611.txt,0,parsed
2020-02-27,,position,1079884.92,3871.92,3871.92,1076013.0,1076013.0,13,300665.XSHE,10700,10700,10.11,108177.0,母版持仓&资金记录-20200101-20200611.txt,0,parsed
2020-02-27,,position,1079884.92,3871.92,3871.92,1076013.0,1076013.0,13,300106.XSHE,10900,10900,5.9,64310.0,母版持仓&资金记录-20200101-20200611.txt,0,parsed
2020-02-27,,position,1079884.92,3871.92,3871.92,1076013.0,1076013.0,13,603991.XSHG,6500,6500,16.54,107510.0,母版持仓&资金记录-20200101-20200611.txt,0,parsed
2020-02-27,,position,1079884.92,3871.92,3871.92,1076013.0,1076013.0,13,300736.XSHE,4200,4200,9.92,41664.0,母版持仓&资金记录-20200101-20200611.txt,0,parsed
2020-02-27,,position,1079884.92,3871.92,3871.92,1076013.0,1076013.0,13,002633.XSHE,10600,10600,8.07,85542.0,母版持仓&资金记录-20200101-20200611.txt,0,parsed
2020-02-27,,position,1079884.92,3871.92,3871.92,1076013.0,1076013.0,13,603269.XSHG,1500,1500,13.93,20895.0,母版持仓&资金记录-20200101-20200611.txt,0,parsed
2020-02-27,,position,1079884.92,3871.92,3871.92,1076013.0,1076013.0,13,600561.XSHG,21600,21600,5.0,108000.0,母版持仓&资金记录-20200101-20200611.txt,0,parsed
2020-02-27,,position,1079884.92,3871.92,3871.92,1076013.0,1076013.0,13,600241.XSHG,20300,20300,4.26,86478.0,母版持仓&资金记录-20200101-20200611.txt,0,parsed
2020-02-27,,position,1079884.92,3871.92,3871.92,1076013.0,1076013.0,13,300029.XSHE,10600,10600,5.93,62858.0,母版持仓&资金记录-20200101-20200611.txt,0,parsed
2020-02-27,,position,1079884.92,3871.92,3871.92,1076013.0,1076013.0,13,000679.XSHE,25300,25300,3.47,87791.0,母版持仓&资金记录-20200101-20200611.txt,0,parsed
2020-02-27,,position,1079884.92,3871.92,3871.92,1076013.0,1076013.0,13,002473.XSHE,11000,11000,7.79,85690.0,母版持仓&资金记录-20200101-20200611.txt,0,parsed
2020-02-27,,position,1079884.92,3871.92,3871.92,1076013.0,1076013.0,13,000929.XSHE,16800,16800,6.46,108528.0,母版持仓&资金记录-20200101-20200611.txt,0,parsed
2020-02-27,,position,1079884.92,3871.92,3871.92,1076013.0,1076013.0,13,000691.XSHE,28200,28200,3.85,108570.0,母版持仓&资金记录-20200101-20200611.txt,0,parsed
2020-02-28,,position,1014740.92,3871.92,3871.92,1010869.0,1010869.0,13,300665.XSHE,10700,10700,9.52,101864.0,母版持仓&资金记录-20200101-20200611.txt,0,parsed
2020-02-28,,position,1014740.92,3871.92,3871.92,1010869.0,1010869.0,13,300106.XSHE,10900,10900,5.45,59405.0,母版持仓&资金记录-20200101-20200611.txt,0,parsed
2020-02-28,,position,1014740.92,3871.92,3871.92,1010869.0,1010869.0,13,603991.XSHG,6500,6500,15.52,100880.0,母版持仓&资金记录-20200101-20200611.txt,0,parsed
2020-02-28,,position,1014740.92,3871.92,3871.92,1010869.0,1010869.0,13,300736.XSHE,4200,4200,9.1,38220.0,母版持仓&资金记录-20200101-20200611.txt,0,parsed
2020-02-28,,position,1014740.92,3871.92,3871.92,1010869.0,1010869.0,13,002633.XSHE,10600,10600,7.99,84694.0,母版持仓&资金记录-20200101-20200611.txt,0,parsed
2020-02-28,,position,1014740.92,3871.92,3871.92,1010869.0,1010869.0,13,603269.XSHG,1500,1500,13.3,19950.0,母版持仓&资金记录-20200101-20200611.txt,0,parsed
2020-02-28,,position,1014740.92,3871.92,3871.92,1010869.0,1010869.0,13,600561.XSHG,21600,21600,4.67,100872.0,母版持仓&资金记录-20200101-20200611.txt,0,parsed
2020-02-28,,position,1014740.92,3871.92,3871.92,1010869.0,1010869.0,13,600241.XSHG,20300,20300,3.91,79373.0,母版持仓&资金记录-20200101-20200611.txt,0,parsed
2020-02-28,,position,1014740.92,3871.92,3871.92,1010869.0,1010869.0,13,300029.XSHE,10600,10600,5.45,57770.0,母版持仓&资金记录-20200101-20200611.txt,0,parsed
2020-02-28,,position,1014740.92,3871.92,3871.92,1010869.0,1010869.0,13,000679.XSHE,25300,25300,3.21,81213.0,母版持仓&资金记录-20200101-20200611.txt,0,parsed
2020-02-28,,position,1014740.92,3871.92,3871.92,1010869.0,1010869.0,13,002473.XSHE,11000,11000,7.45,81950.0,母版持仓&资金记录-20200101-20200611.txt,0,parsed
2020-02-28,,position,1014740.92,3871.92,3871.92,1010869.0,1010869.0,13,000929.XSHE,16800,16800,6.09,102312.0,母版持仓&资金记录-20200101-20200611.txt,0,parsed
2020-02-28,,position,1014740.92,3871.92,3871.92,1010869.0,1010869.0,13,000691.XSHE,28200,28200,3.63,102366.0,母版持仓&资金记录-20200101-20200611.txt,0,parsed
2020-03-02,,position,1052892.92,3871.92,3871.92,1049021.0,1049021.0,13,300665.XSHE,10700,10700,9.95,106465.0,母版持仓&资金记录-20200101-20200611.txt,0,parsed
2020-03-02,,position,1052892.92,3871.92,3871.92,1049021.0,1049021.0,13,300106.XSHE,10900,10900,5.58,60822.0,母版持仓&资金记录-20200101-20200611.txt,0,parsed
2020-03-02,,position,1052892.92,3871.92,3871.92,1049021.0,1049021.0,13,603991.XSHG,6500,6500,16.15,104975.0,母版持仓&资金记录-20200101-20200611.txt,0,parsed
2020-03-02,,position,1052892.92,3871.92,3871.92,1049021.0,1049021.0,13,300736.XSHE,4200,4200,9.54,40068.0,母版持仓&资金记录-20200101-20200611.txt,0,parsed
2020-03-02,,position,1052892.92,3871.92,3871.92,1049021.0,1049021.0,13,002633.XSHE,10600,10600,8.1,85860.0,母版持仓&资金记录-20200101-20200611.txt,0,parsed
2020-03-02,,position,1052892.92,3871.92,3871.92,1049021.0,1049021.0,13,603269.XSHG,1500,1500,13.73,20595.0,母版持仓&资金记录-20200101-20200611.txt,0,parsed
2020-03-02,,position,1052892.92,3871.92,3871.92,1049021.0,1049021.0,13,600561.XSHG,21600,21600,4.88,105408.0,母版持仓&资金记录-20200101-20200611.txt,0,parsed
2020-03-02,,position,1052892.92,3871.92,3871.92,1049021.0,1049021.0,13,600241.XSHG,20300,20300,4.04,82012.0,母版持仓&资金记录-20200101-20200611.txt,0,parsed
2020-03-02,,position,1052892.92,3871.92,3871.92,1049021.0,1049021.0,13,300029.XSHE,10600,10600,5.66,59996.0,母版持仓&资金记录-20200101-20200611.txt,0,parsed
2020-03-02,,position,1052892.92,3871.92,3871.92,1049021.0,1049021.0,13,000679.XSHE,25300,25300,3.34,84502.0,母版持仓&资金记录-20200101-20200611.txt,0,parsed
2020-03-02,,position,1052892.92,3871.92,3871.92,1049021.0,1049021.0,13,002473.XSHE,11000,11000,7.7,84700.0,母版持仓&资金记录-20200101-20200611.txt,0,parsed
2020-03-02,,position,1052892.92,3871.92,3871.92,1049021.0,1049021.0,13,000929.XSHE,16800,16800,6.32,106176.0,母版持仓&资金记录-20200101-20200611.txt,0,parsed
2020-03-02,,position,1052892.92,3871.92,3871.92,1049021.0,1049021.0,13,000691.XSHE,28200,28200,3.81,107442.0,母版持仓&资金记录-20200101-20200611.txt,0,parsed
2020-03-03,,position,1058955.42,18.42,18.42,1058937.0,1058937.0,13,300665.XSHE,10700,10700,9.96,106572.0,母版持仓&资金记录-20200101-20200611.txt,0,parsed
2020-03-03,,position,1058955.42,18.42,18.42,1058937.0,1058937.0,13,300106.XSHE,14900,14900,5.64,84036.0,母版持仓&资金记录-20200101-20200611.txt,0,parsed
2020-03-03,,position,1058955.42,18.42,18.42,1058937.0,1058937.0,13,603991.XSHG,6500,6500,16.08,104520.0,母版持仓&资金记录-20200101-20200611.txt,0,parsed
2020-03-03,,position,1058955.42,18.42,18.42,1058937.0,1058937.0,13,300736.XSHE,2200,2200,9.71,21362.0,母版持仓&资金记录-20200101-20200611.txt,0,parsed
2020-03-03,,position,1058955.42,18.42,18.42,1058937.0,1058937.0,13,002633.XSHE,12900,12900,8.05,103845.0,母版持仓&资金记录-20200101-20200611.txt,0,parsed
2020-03-03,,position,1058955.42,18.42,18.42,1058937.0,1058937.0,13,603269.XSHG,1500,1500,13.78,20670.0,母版持仓&资金记录-20200101-20200611.txt,0,parsed
2020-03-03,,position,1058955.42,18.42,18.42,1058937.0,1058937.0,13,600561.XSHG,21600,21600,4.9,105840.0,母版持仓&资金记录-20200101-20200611.txt,0,parsed
2020-03-03,,position,1058955.42,18.42,18.42,1058937.0,1058937.0,13,600241.XSHG,20800,20800,4.06,84448.0,母版持仓&资金记录-20200101-20200611.txt,0,parsed
2020-03-03,,position,1058955.42,18.42,18.42,1058937.0,1058937.0,13,300029.XSHE,11100,11100,5.79,64269.0,母版持仓&资金记录-20200101-20200611.txt,0,parsed
2020-03-03,,position,1058955.42,18.42,18.42,1058937.0,1058937.0,13,000679.XSHE,25300,25300,3.39,85767.0,母版持仓&资金记录-20200101-20200611.txt,0,parsed
2020-03-03,,position,1058955.42,18.42,18.42,1058937.0,1058937.0,13,002473.XSHE,8200,8200,7.69,63058.0,母版持仓&资金记录-20200101-20200611.txt,0,parsed
2020-03-03,,position,1058955.42,18.42,18.42,1058937.0,1058937.0,13,000929.XSHE,16800,16800,6.4,107520.0,母版持仓&资金记录-20200101-20200611.txt,0,parsed
2020-03-03,,position,1058955.42,18.42,18.42,1058937.0,1058937.0,13,000691.XSHE,27800,27800,3.85,107030.0,母版持仓&资金记录-20200101-20200611.txt,0,parsed
2020-03-04,,position,1079721.42,18.42,18.42,1079703.0,1079703.0,13,300665.XSHE,10700,10700,10.16,108712.0,母版持仓&资金记录-20200101-20200611.txt,0,parsed
2020-03-04,,position,1079721.42,18.42,18.42,1079703.0,1079703.0,13,300106.XSHE,14900,14900,5.75,85675.0,母版持仓&资金记录-20200101-20200611.txt,0,parsed
2020-03-04,,position,1079721.42,18.42,18.42,1079703.0,1079703.0,13,603991.XSHG,6500,6500,16.66,108290.0,母版持仓&资金记录-20200101-20200611.txt,0,parsed
2020-03-04,,position,1079721.42,18.42,18.42,1079703.0,1079703.0,13,300736.XSHE,2200,2200,10.03,22066.0,母版持仓&资金记录-20200101-20200611.txt,0,parsed
2020-03-04,,position,1079721.42,18.42,18.42,1079703.0,1079703.0,13,002633.XSHE,12900,12900,8.13,104877.0,母版持仓&资金记录-20200101-20200611.txt,0,parsed
2020-03-04,,position,1079721.42,18.42,18.42,1079703.0,1079703.0,13,603269.XSHG,1500,1500,14.02,21030.0,母版持仓&资金记录-20200101-20200611.txt,0,parsed
2020-03-04,,position,1079721.42,18.42,18.42,1079703.0,1079703.0,13,600561.XSHG,21600,21600,5.01,108216.0,母版持仓&资金记录-20200101-20200611.txt,0,parsed
2020-03-04,,position,1079721.42,18.42,18.42,1079703.0,1079703.0,13,600241.XSHG,20800,20800,4.08,84864.0,母版持仓&资金记录-20200101-20200611.txt,0,parsed
2020-03-04,,position,1079721.42,18.42,18.42,1079703.0,1079703.0,13,300029.XSHE,11100,11100,5.85,64935.0,母版持仓&资金记录-20200101-20200611.txt,0,parsed
2020-03-04,,position,1079721.42,18.42,18.42,1079703.0,1079703.0,13,000679.XSHE,25300,25300,3.5,88550.0,母版持仓&资金记录-20200101-20200611.txt,0,parsed
2020-03-04,,position,1079721.42,18.42,18.42,1079703.0,1079703.0,13,002473.XSHE,8200,8200,7.85,64370.0,母版持仓&资金记录-20200101-20200611.txt,0,parsed
2020-03-04,,position,1079721.42,18.42,18.42,1079703.0,1079703.0,13,000929.XSHE,16800,16800,6.48,108864.0,母版持仓&资金记录-20200101-20200611.txt,0,parsed
2020-03-04,,position,1079721.42,18.42,18.42,1079703.0,1079703.0,13,000691.XSHE,27800,27800,3.93,109254.0,母版持仓&资金记录-20200101-20200611.txt,0,parsed
2020-03-05,,position,1107307.42,18.42,18.42,1107289.0,1107289.0,13,300665.XSHE,10700,10700,10.38,111066.0,母版持仓&资金记录-20200101-20200611.txt,0,parsed
2020-03-05,,position,1107307.42,18.42,18.42,1107289.0,1107289.0,13,300106.XSHE,14900,14900,6.05,90145.0,母版持仓&资金记录-20200101-20200611.txt,0,parsed
2020-03-05,,position,1107307.42,18.42,18.42,1107289.0,1107289.0,13,603991.XSHG,6500,6500,17.1,111150.0,母版持仓&资金记录-20200101-20200611.txt,0,parsed
2020-03-05,,position,1107307.42,18.42,18.42,1107289.0,1107289.0,13,300736.XSHE,2200,2200,10.15,22330.0,母版持仓&资金记录-20200101-20200611.txt,0,parsed
2020-03-05,,position,1107307.42,18.42,18.42,1107289.0,1107289.0,13,002633.XSHE,12900,12900,8.25,106425.0,母版持仓&资金记录-20200101-20200611.txt,0,parsed
2020-03-05,,position,1107307.42,18.42,18.42,1107289.0,1107289.0,13,603269.XSHG,1500,1500,14.16,21240.0,母版持仓&资金记录-20200101-20200611.txt,0,parsed
2020-03-05,,position,1107307.42,18.42,18.42,1107289.0,1107289.0,13,600561.XSHG,21600,21600,5.18,111888.0,母版持仓&资金记录-20200101-20200611.txt,0,parsed
2020-03-05,,position,1107307.42,18.42,18.42,1107289.0,1107289.0,13,600241.XSHG,20800,20800,4.21,87568.0,母版持仓&资金记录-20200101-20200611.txt,0,parsed
2020-03-05,,position,1107307.42,18.42,18.42,1107289.0,1107289.0,13,300029.XSHE,11100,11100,6.05,67155.0,母版持仓&资金记录-20200101-20200611.txt,0,parsed
2020-03-05,,position,1107307.42,18.42,18.42,1107289.0,1107289.0,13,000679.XSHE,25300,25300,3.58,90574.0,母版持仓&资金记录-20200101-20200611.txt,0,parsed
2020-03-05,,position,1107307.42,18.42,18.42,1107289.0,1107289.0,13,002473.XSHE,8200,8200,7.98,65436.0,母版持仓&资金记录-20200101-20200611.txt,0,parsed
2020-03-05,,position,1107307.42,18.42,18.42,1107289.0,1107289.0,13,000929.XSHE,16800,16800,6.68,112224.0,母版持仓&资金记录-20200101-20200611.txt,0,parsed
2020-03-05,,position,1107307.42,18.42,18.42,1107289.0,1107289.0,13,000691.XSHE,27800,27800,3.96,110088.0,母版持仓&资金记录-20200101-20200611.txt,0,parsed
2020-03-06,,position,1114451.94,18.94,18.94,1114433.0,1114433.0,12,300665.XSHE,10700,10700,10.45,111815.0,母版持仓&资金记录-20200101-20200611.txt,0,parsed
2020-03-06,,position,1114451.94,18.94,18.94,1114433.0,1114433.0,12,300106.XSHE,14800,14800,6.08,89984.0,母版持仓&资金记录-20200101-20200611.txt,0,parsed
2020-03-06,,position,1114451.94,18.94,18.94,1114433.0,1114433.0,12,603991.XSHG,6500,6500,17.53,113945.0,母版持仓&资金记录-20200101-20200611.txt,0,parsed
2020-03-06,,position,1114451.94,18.94,18.94,1114433.0,1114433.0,12,002633.XSHE,13300,13300,8.35,111055.0,母版持仓&资金记录-20200101-20200611.txt,0,parsed
2020-03-06,,position,1114451.94,18.94,18.94,1114433.0,1114433.0,12,603269.XSHG,1500,1500,14.35,21525.0,母版持仓&资金记录-20200101-20200611.txt,0,parsed
2020-03-06,,position,1114451.94,18.94,18.94,1114433.0,1114433.0,12,600561.XSHG,21500,21500,5.18,111370.0,母版持仓&资金记录-20200101-20200611.txt,0,parsed
2020-03-06,,position,1114451.94,18.94,18.94,1114433.0,1114433.0,12,600241.XSHG,26300,26300,4.24,111512.0,母版持仓&资金记录-20200101-20200611.txt,0,parsed
2020-03-06,,position,1114451.94,18.94,18.94,1114433.0,1114433.0,12,300029.XSHE,11100,11100,6.1,67710.0,母版持仓&资金记录-20200101-20200611.txt,0,parsed
2020-03-06,,position,1114451.94,18.94,18.94,1114433.0,1114433.0,12,000679.XSHE,30700,30700,3.59,110213.0,母版持仓&资金记录-20200101-20200611.txt,0,parsed
2020-03-06,,position,1114451.94,18.94,18.94,1114433.0,1114433.0,12,002473.XSHE,8200,8200,8.0,65600.0,母版持仓&资金记录-20200101-20200611.txt,0,parsed
2020-03-06,,position,1114451.94,18.94,18.94,1114433.0,1114433.0,12,000929.XSHE,16600,16600,6.69,111054.0,母版持仓&资金记录-20200101-20200611.txt,0,parsed
2020-03-06,,position,1114451.94,18.94,18.94,1114433.0,1114433.0,12,000691.XSHE,22500,22500,3.94,88650.0,母版持仓&资金记录-20200101-20200611.txt,0,parsed
2020-03-09,,position,1093413.94,18.94,18.94,1093395.0,1093395.0,12,300665.XSHE,10700,10700,10.25,109675.0,母版持仓&资金记录-20200101-20200611.txt,0,parsed
2020-03-09,,position,1093413.94,18.94,18.94,1093395.0,1093395.0,12,300106.XSHE,14800,14800,5.96,88208.0,母版持仓&资金记录-20200101-20200611.txt,0,parsed
2020-03-09,,position,1093413.94,18.94,18.94,1093395.0,1093395.0,12,603991.XSHG,6500,6500,17.8,115700.0,母版持仓&资金记录-20200101-20200611.txt,0,parsed
2020-03-09,,position,1093413.94,18.94,18.94,1093395.0,1093395.0,12,002633.XSHE,13300,13300,8.3,110390.0,母版持仓&资金记录-20200101-20200611.txt,0,parsed
2020-03-09,,position,1093413.94,18.94,18.94,1093395.0,1093395.0,12,603269.XSHG,1500,1500,13.9,20850.0,母版持仓&资金记录-20200101-20200611.txt,0,parsed
2020-03-09,,position,1093413.94,18.94,18.94,1093395.0,1093395.0,12,600561.XSHG,21500,21500,5.1,109650.0,母版持仓&资金记录-20200101-20200611.txt,0,parsed
2020-03-09,,position,1093413.94,18.94,18.94,1093395.0,1093395.0,12,600241.XSHG,26300,26300,4.08,107304.0,母版持仓&资金记录-20200101-20200611.txt,0,parsed
2020-03-09,,position,1093413.94,18.94,18.94,1093395.0,1093395.0,12,300029.XSHE,11100,11100,5.95,66045.0,母版持仓&资金记录-20200101-20200611.txt,0,parsed
2020-03-09,,position,1093413.94,18.94,18.94,1093395.0,1093395.0,12,000679.XSHE,30700,30700,3.48,106836.0,母版持仓&资金记录-20200101-20200611.txt,0,parsed
2020-03-09,,position,1093413.94,18.94,18.94,1093395.0,1093395.0,12,002473.XSHE,8200,8200,7.77,63714.0,母版持仓&资金记录-20200101-20200611.txt,0,parsed
2020-03-09,,position,1093413.94,18.94,18.94,1093395.0,1093395.0,12,000929.XSHE,16600,16600,6.53,108398.0,母版持仓&资金记录-20200101-20200611.txt,0,parsed
2020-03-09,,position,1093413.94,18.94,18.94,1093395.0,1093395.0,12,000691.XSHE,22500,22500,3.85,86625.0,母版持仓&资金记录-20200101-20200611.txt,0,parsed
2020-03-10,,position,1127456.94,18.94,18.94,1127438.0,1127438.0,12,300665.XSHE,10700,10700,10.42,111494.0,母版持仓&资金记录-20200101-20200611.txt,0,parsed
2020-03-10,,position,1127456.94,18.94,18.94,1127438.0,1127438.0,12,300106.XSHE,14800,14800,6.01,88948.0,母版持仓&资金记录-20200101-20200611.txt,0,parsed
2020-03-10,,position,1127456.94,18.94,18.94,1127438.0,1127438.0,12,603991.XSHG,6500,6500,19.58,127270.0,母版持仓&资金记录-20200101-20200611.txt,0,parsed
2020-03-10,,position,1127456.94,18.94,18.94,1127438.0,1127438.0,12,002633.XSHE,13300,13300,8.5,113050.0,母版持仓&资金记录-20200101-20200611.txt,0,parsed
2020-03-10,,position,1127456.94,18.94,18.94,1127438.0,1127438.0,12,603269.XSHG,1500,1500,14.12,21180.0,母版持仓&资金记录-20200101-20200611.txt,0,parsed
2020-03-10,,position,1127456.94,18.94,18.94,1127438.0,1127438.0,12,600561.XSHG,21500,21500,5.18,111370.0,母版持仓&资金记录-20200101-20200611.txt,0,parsed
2020-03-10,,position,1127456.94,18.94,18.94,1127438.0,1127438.0,12,600241.XSHG,26300,26300,4.2,110460.0,母版持仓&资金记录-20200101-20200611.txt,0,parsed
2020-03-10,,position,1127456.94,18.94,18.94,1127438.0,1127438.0,12,300029.XSHE,11100,11100,6.11,67821.0,母版持仓&资金记录-20200101-20200611.txt,0,parsed
2020-03-10,,position,1127456.94,18.94,18.94,1127438.0,1127438.0,12,000679.XSHE,30700,30700,3.58,109906.0,母版持仓&资金记录-20200101-20200611.txt,0,parsed
2020-03-10,,position,1127456.94,18.94,18.94,1127438.0,1127438.0,12,002473.XSHE,8200,8200,8.05,66010.0,母版持仓&资金记录-20200101-20200611.txt,0,parsed
2020-03-10,,position,1127456.94,18.94,18.94,1127438.0,1127438.0,12,000929.XSHE,16600,16600,6.69,111054.0,母版持仓&资金记录-20200101-20200611.txt,0,parsed
2020-03-10,,position,1127456.94,18.94,18.94,1127438.0,1127438.0,12,000691.XSHE,22500,22500,3.95,88875.0,母版持仓&资金记录-20200101-20200611.txt,0,parsed
2020-03-11,,position,1150210.44,44468.44,44468.44,1105742.0,1105742.0,12,300665.XSHE,10700,10700,11.01,117807.0,母版持仓&资金记录-20200101-20200611.txt,0,parsed
2020-03-11,,position,1150210.44,44468.44,44468.44,1105742.0,1105742.0,12,300106.XSHE,14800,14800,5.97,88356.0,母版持仓&资金记录-20200101-20200611.txt,0,parsed
2020-03-11,,position,1150210.44,44468.44,44468.44,1105742.0,1105742.0,12,603991.XSHG,4400,4400,21.54,94776.0,母版持仓&资金记录-20200101-20200611.txt,0,parsed
2020-03-11,,position,1150210.44,44468.44,44468.44,1105742.0,1105742.0,12,002633.XSHE,13300,13300,8.53,113449.0,母版持仓&资金记录-20200101-20200611.txt,0,parsed
2020-03-11,,position,1150210.44,44468.44,44468.44,1105742.0,1105742.0,12,603269.XSHG,1500,1500,14.21,21315.0,母版持仓&资金记录-20200101-20200611.txt,0,parsed
2020-03-11,,position,1150210.44,44468.44,44468.44,1105742.0,1105742.0,12,600561.XSHG,21500,21500,5.24,112660.0,母版持仓&资金记录-20200101-20200611.txt,0,parsed
2020-03-11,,position,1150210.44,44468.44,44468.44,1105742.0,1105742.0,12,600241.XSHG,26300,26300,4.23,111249.0,母版持仓&资金记录-20200101-20200611.txt,0,parsed
2020-03-11,,position,1150210.44,44468.44,44468.44,1105742.0,1105742.0,12,300029.XSHE,11100,11100,6.02,66822.0,母版持仓&资金记录-20200101-20200611.txt,0,parsed
2020-03-11,,position,1150210.44,44468.44,44468.44,1105742.0,1105742.0,12,000679.XSHE,30700,30700,3.72,114204.0,母版持仓&资金记录-20200101-20200611.txt,0,parsed
2020-03-11,,position,1150210.44,44468.44,44468.44,1105742.0,1105742.0,12,002473.XSHE,8200,8200,7.86,64452.0,母版持仓&资金记录-20200101-20200611.txt,0,parsed
2020-03-11,,position,1150210.44,44468.44,44468.44,1105742.0,1105742.0,12,000929.XSHE,16600,16600,6.72,111552.0,母版持仓&资金记录-20200101-20200611.txt,0,parsed
2020-03-11,,position,1150210.44,44468.44,44468.44,1105742.0,1105742.0,12,000691.XSHE,22500,22500,3.96,89100.0,母版持仓&资金记录-20200101-20200611.txt,0,parsed
2020-03-12,,position,1142979.44,44468.44,44468.44,1098511.0,1098511.0,12,300665.XSHE,10700,10700,10.28,109996.0,母版持仓&资金记录-20200101-20200611.txt,0,parsed
2020-03-12,,position,1142979.44,44468.44,44468.44,1098511.0,1098511.0,12,300106.XSHE,14800,14800,5.83,86284.0,母版持仓&资金记录-20200101-20200611.txt,0,parsed
2020-03-12,,position,1142979.44,44468.44,44468.44,1098511.0,1098511.0,12,603991.XSHG,4400,4400,23.69,104236.0,母版持仓&资金记录-20200101-20200611.txt,0,parsed
2020-03-12,,position,1142979.44,44468.44,44468.44,1098511.0,1098511.0,12,002633.XSHE,13300,13300,8.43,112119.0,母版持仓&资金记录-20200101-20200611.txt,0,parsed
2020-03-12,,position,1142979.44,44468.44,44468.44,1098511.0,1098511.0,12,603269.XSHG,1500,1500,13.87,20805.0,母版持仓&资金记录-20200101-20200611.txt,0,parsed
2020-03-12,,position,1142979.44,44468.44,44468.44,1098511.0,1098511.0,12,600561.XSHG,21500,21500,5.17,111155.0,母版持仓&资金记录-20200101-20200611.txt,0,parsed
2020-03-12,,position,1142979.44,44468.44,44468.44,1098511.0,1098511.0,12,600241.XSHG,26300,26300,4.14,108882.0,母版持仓&资金记录-20200101-20200611.txt,0,parsed
2020-03-12,,position,1142979.44,44468.44,44468.44,1098511.0,1098511.0,12,300029.XSHE,11100,11100,5.93,65823.0,母版持仓&资金记录-20200101-20200611.txt,0,parsed
2020-03-12,,position,1142979.44,44468.44,44468.44,1098511.0,1098511.0,12,000679.XSHE,30700,30700,3.8,116660.0,母版持仓&资金记录-20200101-20200611.txt,0,parsed
2020-03-12,,position,1142979.44,44468.44,44468.44,1098511.0,1098511.0,12,002473.XSHE,8200,8200,7.77,63714.0,母版持仓&资金记录-20200101-20200611.txt,0,parsed
2020-03-12,,position,1142979.44,44468.44,44468.44,1098511.0,1098511.0,12,000929.XSHE,16600,16600,6.57,109062.0,母版持仓&资金记录-20200101-20200611.txt,0,parsed
2020-03-12,,position,1142979.44,44468.44,44468.44,1098511.0,1098511.0,12,000691.XSHE,22500,22500,3.99,89775.0,母版持仓&资金记录-20200101-20200611.txt,0,parsed
2020-03-13,,position,1138335.11,61778.11,61778.11,1076557.0,1076557.0,12,300665.XSHE,10700,10700,10.38,111066.0,母版持仓&资金记录-20200101-20200611.txt,0,parsed
2020-03-13,,position,1138335.11,61778.11,61778.11,1076557.0,1076557.0,12,300106.XSHE,14800,14800,5.77,85396.0,母版持仓&资金记录-20200101-20200611.txt,0,parsed
2020-03-13,,position,1138335.11,61778.11,61778.11,1076557.0,1076557.0,12,603991.XSHG,3700,3700,23.55,87135.0,母版持仓&资金记录-20200101-20200611.txt,0,parsed
2020-03-13,,position,1138335.11,61778.11,61778.11,1076557.0,1076557.0,12,002633.XSHE,13300,13300,8.38,111454.0,母版持仓&资金记录-20200101-20200611.txt,0,parsed
2020-03-13,,position,1138335.11,61778.11,61778.11,1076557.0,1076557.0,12,603269.XSHG,1500,1500,13.86,20790.0,母版持仓&资金记录-20200101-20200611.txt,0,parsed
2020-03-13,,position,1138335.11,61778.11,61778.11,1076557.0,1076557.0,12,600561.XSHG,21500,21500,5.14,110510.0,母版持仓&资金记录-20200101-20200611.txt,0,parsed
2020-03-13,,position,1138335.11,61778.11,61778.11,1076557.0,1076557.0,12,600241.XSHG,26300,26300,4.12,108356.0,母版持仓&资金记录-20200101-20200611.txt,0,parsed
2020-03-13,,position,1138335.11,61778.11,61778.11,1076557.0,1076557.0,12,300029.XSHE,11100,11100,5.9,65490.0,母版持仓&资金记录-20200101-20200611.txt,0,parsed
2020-03-13,,position,1138335.11,61778.11,61778.11,1076557.0,1076557.0,12,000679.XSHE,30700,30700,3.64,111748.0,母版持仓&资金记录-20200101-20200611.txt,0,parsed
2020-03-13,,position,1138335.11,61778.11,61778.11,1076557.0,1076557.0,12,002473.XSHE,8200,8200,7.76,63632.0,母版持仓&资金记录-20200101-20200611.txt,0,parsed
2020-03-13,,position,1138335.11,61778.11,61778.11,1076557.0,1076557.0,12,000929.XSHE,16600,16600,6.55,108730.0,母版持仓&资金记录-20200101-20200611.txt,0,parsed
2020-03-13,,position,1138335.11,61778.11,61778.11,1076557.0,1076557.0,12,000691.XSHE,22500,22500,4.1,92250.0,母版持仓&资金记录-20200101-20200611.txt,0,parsed
2020-03-16,,position,1095681.51,1741.51,1741.51,1093940.0,1093940.0,13,300665.XSHE,10800,10800,9.87,106596.0,母版持仓&资金记录-20200101-20200611.txt,0,parsed
2020-03-16,,position,1095681.51,1741.51,1741.51,1093940.0,1093940.0,13,002209.XSHE,3500,3500,6.24,21840.0,母版持仓&资金记录-20200101-20200611.txt,0,parsed
2020-03-16,,position,1095681.51,1741.51,1741.51,1093940.0,1093940.0,13,300106.XSHE,15400,15400,5.56,85624.0,母版持仓&资金记录-20200101-20200611.txt,0,parsed
2020-03-16,,position,1095681.51,1741.51,1741.51,1093940.0,1093940.0,13,603991.XSHG,3200,3200,21.2,67840.0,母版持仓&资金记录-20200101-20200611.txt,0,parsed
2020-03-16,,position,1095681.51,1741.51,1741.51,1093940.0,1093940.0,13,300736.XSHE,2300,2300,9.28,21344.0,母版持仓&资金记录-20200101-20200611.txt,0,parsed
2020-03-16,,position,1095681.51,1741.51,1741.51,1093940.0,1093940.0,13,002633.XSHE,13400,13400,8.14,109076.0,母版持仓&资金记录-20200101-20200611.txt,0,parsed
2020-03-16,,position,1095681.51,1741.51,1741.51,1093940.0,1093940.0,13,600561.XSHG,22100,22100,5.02,110942.0,母版持仓&资金记录-20200101-20200611.txt,0,parsed
2020-03-16,,position,1095681.51,1741.51,1741.51,1093940.0,1093940.0,13,600241.XSHG,27300,27300,4.02,109746.0,母版持仓&资金记录-20200101-20200611.txt,0,parsed
2020-03-16,,position,1095681.51,1741.51,1741.51,1093940.0,1093940.0,13,300029.XSHE,19200,19200,5.75,110400.0,母版持仓&资金记录-20200101-20200611.txt,0,parsed
2020-03-16,,position,1095681.51,1741.51,1741.51,1093940.0,1093940.0,13,000679.XSHE,25000,25000,3.45,86250.0,母版持仓&资金记录-20200101-20200611.txt,0,parsed
2020-03-16,,position,1095681.51,1741.51,1741.51,1093940.0,1093940.0,13,002473.XSHE,11700,11700,7.66,89622.0,母版持仓&资金记录-20200101-20200611.txt,0,parsed
2020-03-16,,position,1095681.51,1741.51,1741.51,1093940.0,1093940.0,13,000929.XSHE,17200,17200,6.41,110252.0,母版持仓&资金记录-20200101-20200611.txt,0,parsed
2020-03-16,,position,1095681.51,1741.51,1741.51,1093940.0,1093940.0,13,000691.XSHE,16600,16600,3.88,64408.0,母版持仓&资金记录-20200101-20200611.txt,0,parsed
2020-03-17,,position,1085663.51,1741.51,1741.51,1083922.0,1083922.0,13,300665.XSHE,10800,10800,10.0,108000.0,母版持仓&资金记录-20200101-20200611.txt,0,parsed
2020-03-17,,position,1085663.51,1741.51,1741.51,1083922.0,1083922.0,13,002209.XSHE,3500,3500,6.34,22190.0,母版持仓&资金记录-20200101-20200611.txt,0,parsed
2020-03-17,,position,1085663.51,1741.51,1741.51,1083922.0,1083922.0,13,300106.XSHE,15400,15400,5.62,86548.0,母版持仓&资金记录-20200101-20200611.txt,0,parsed
2020-03-17,,position,1085663.51,1741.51,1741.51,1083922.0,1083922.0,13,603991.XSHG,3200,3200,19.08,61056.0,母版持仓&资金记录-20200101-20200611.txt,0,parsed
2020-03-17,,position,1085663.51,1741.51,1741.51,1083922.0,1083922.0,13,300736.XSHE,2300,2300,9.4,21620.0,母版持仓&资金记录-20200101-20200611.txt,0,parsed
2020-03-17,,position,1085663.51,1741.51,1741.51,1083922.0,1083922.0,13,002633.XSHE,13400,13400,8.02,107468.0,母版持仓&资金记录-20200101-20200611.txt,0,parsed
2020-03-17,,position,1085663.51,1741.51,1741.51,1083922.0,1083922.0,13,600561.XSHG,22100,22100,4.99,110279.0,母版持仓&资金记录-20200101-20200611.txt,0,parsed
2020-03-17,,position,1085663.51,1741.51,1741.51,1083922.0,1083922.0,13,600241.XSHG,27300,27300,4.01,109473.0,母版持仓&资金记录-20200101-20200611.txt,0,parsed
2020-03-17,,position,1085663.51,1741.51,1741.51,1083922.0,1083922.0,13,300029.XSHE,19200,19200,5.66,108672.0,母版持仓&资金记录-20200101-20200611.txt,0,parsed
2020-03-17,,position,1085663.51,1741.51,1741.51,1083922.0,1083922.0,13,000679.XSHE,25000,25000,3.39,84750.0,母版持仓&资金记录-20200101-20200611.txt,0,parsed
2020-03-17,,position,1085663.51,1741.51,1741.51,1083922.0,1083922.0,13,002473.XSHE,11700,11700,7.74,90558.0,母版持仓&资金记录-20200101-20200611.txt,0,parsed
2020-03-17,,position,1085663.51,1741.51,1741.51,1083922.0,1083922.0,13,000929.XSHE,17200,17200,6.37,109564.0,母版持仓&资金记录-20200101-20200611.txt,0,parsed
2020-03-17,,position,1085663.51,1741.51,1741.51,1083922.0,1083922.0,13,000691.XSHE,16600,16600,3.84,63744.0,母版持仓&资金记录-20200101-20200611.txt,0,parsed
2020-03-18,,position,1074083.51,1741.51,1741.51,1072342.0,1072342.0,13,300665.XSHE,10800,10800,9.8,105840.0,母版持仓&资金记录-20200101-20200611.txt,0,parsed
2020-03-18,,position,1074083.51,1741.51,1741.51,1072342.0,1072342.0,13,002209.XSHE,3500,3500,6.15,21525.0,母版持仓&资金记录-20200101-20200611.txt,0,parsed
2020-03-18,,position,1074083.51,1741.51,1741.51,1072342.0,1072342.0,13,300106.XSHE,15400,15400,5.8,89320.0,母版持仓&资金记录-20200101-20200611.txt,0,parsed
2020-03-18,,position,1074083.51,1741.51,1741.51,1072342.0,1072342.0,13,603991.XSHG,3200,3200,18.8,60160.0,母版持仓&资金记录-20200101-20200611.txt,0,parsed
2020-03-18,,position,1074083.51,1741.51,1741.51,1072342.0,1072342.0,13,300736.XSHE,2300,2300,9.25,21275.0,母版持仓&资金记录-20200101-20200611.txt,0,parsed
2020-03-18,,position,1074083.51,1741.51,1741.51,1072342.0,1072342.0,13,002633.XSHE,13400,13400,7.91,105994.0,母版持仓&资金记录-20200101-20200611.txt,0,parsed
2020-03-18,,position,1074083.51,1741.51,1741.51,1072342.0,1072342.0,13,600561.XSHG,22100,22100,4.88,107848.0,母版持仓&资金记录-20200101-20200611.txt,0,parsed
2020-03-18,,position,1074083.51,1741.51,1741.51,1072342.0,1072342.0,13,600241.XSHG,27300,27300,3.91,106743.0,母版持仓&资金记录-20200101-20200611.txt,0,parsed
2020-03-18,,position,1074083.51,1741.51,1741.51,1072342.0,1072342.0,13,300029.XSHE,19200,19200,5.68,109056.0,母版持仓&资金记录-20200101-20200611.txt,0,parsed
2020-03-18,,position,1074083.51,1741.51,1741.51,1072342.0,1072342.0,13,000679.XSHE,25000,25000,3.31,82750.0,母版持仓&资金记录-20200101-20200611.txt,0,parsed
2020-03-18,,position,1074083.51,1741.51,1741.51,1072342.0,1072342.0,13,002473.XSHE,11700,11700,7.97,93249.0,母版持仓&资金记录-20200101-20200611.txt,0,parsed
2020-03-18,,position,1074083.51,1741.51,1741.51,1072342.0,1072342.0,13,000929.XSHE,17200,17200,6.24,107328.0,母版持仓&资金记录-20200101-20200611.txt,0,parsed
2020-03-18,,position,1074083.51,1741.51,1741.51,1072342.0,1072342.0,13,000691.XSHE,16600,16600,3.69,61254.0,母版持仓&资金记录-20200101-20200611.txt,0,parsed
2020-03-19,,position,1098973.65,415.65,415.65,1098558.0,1098558.0,14,300665.XSHE,11000,11000,9.84,108240.0,母版持仓&资金记录-20200101-20200611.txt,0,parsed
2020-03-19,,position,1098973.65,415.65,415.65,1098558.0,1098558.0,14,002209.XSHE,7000,7000,6.21,43470.0,母版持仓&资金记录-20200101-20200611.txt,0,parsed
2020-03-19,,position,1098973.65,415.65,415.65,1098558.0,1098558.0,14,300106.XSHE,15000,15000,6.01,90150.0,母版持仓&资金记录-20200101-20200611.txt,0,parsed
2020-03-19,,position,1098973.65,415.65,415.65,1098558.0,1098558.0,14,603991.XSHG,2300,2300,20.68,47564.0,母版持仓&资金记录-20200101-20200611.txt,0,parsed
2020-03-19,,position,1098973.65,415.65,415.65,1098558.0,1098558.0,14,300736.XSHE,2300,2300,9.3,21390.0,母版持仓&资金记录-20200101-20200611.txt,0,parsed
2020-03-19,,position,1098973.65,415.65,415.65,1098558.0,1098558.0,14,002633.XSHE,13500,13500,7.95,107325.0,母版持仓&资金记录-20200101-20200611.txt,0,parsed
2020-03-19,,position,1098973.65,415.65,415.65,1098558.0,1098558.0,14,600561.XSHG,22000,22000,4.91,108020.0,母版持仓&资金记录-20200101-20200611.txt,0,parsed
2020-03-19,,position,1098973.65,415.65,415.65,1098558.0,1098558.0,14,600241.XSHG,27500,27500,3.92,107800.0,母版持仓&资金记录-20200101-20200611.txt,0,parsed
2020-03-19,,position,1098973.65,415.65,415.65,1098558.0,1098558.0,14,300029.XSHE,19100,19100,5.73,109443.0,母版持仓&资金记录-20200101-20200611.txt,0,parsed
2020-03-19,,position,1098973.65,415.65,415.65,1098558.0,1098558.0,14,000679.XSHE,25700,25700,3.64,93548.0,母版持仓&资金记录-20200101-20200611.txt,0,parsed
2020-03-19,,position,1098973.65,415.65,415.65,1098558.0,1098558.0,14,002473.XSHE,8100,8100,8.49,68769.0,母版持仓&资金记录-20200101-20200611.txt,0,parsed
2020-03-19,,position,1098973.65,415.65,415.65,1098558.0,1098558.0,14,000929.XSHE,17200,17200,6.29,108188.0,母版持仓&资金记录-20200101-20200611.txt,0,parsed
2020-03-19,,position,1098973.65,415.65,415.65,1098558.0,1098558.0,14,603389.XSHG,4700,4700,4.44,20868.0,母版持仓&资金记录-20200101-20200611.txt,0,parsed
2020-03-19,,position,1098973.65,415.65,415.65,1098558.0,1098558.0,14,000691.XSHE,17100,17100,3.73,63783.0,母版持仓&资金记录-20200101-20200611.txt,0,parsed
2020-03-20,,position,1131297.41,12636.41,12636.41,1118661.0,1118661.0,14,300665.XSHE,11000,11000,10.45,114950.0,母版持仓&资金记录-20200101-20200611.txt,0,parsed
2020-03-20,,position,1131297.41,12636.41,12636.41,1118661.0,1118661.0,14,002209.XSHE,7000,7000,6.28,43960.0,母版持仓&资金记录-20200101-20200611.txt,0,parsed
2020-03-20,,position,1131297.41,12636.41,12636.41,1118661.0,1118661.0,14,300106.XSHE,15000,15000,6.08,91200.0,母版持仓&资金记录-20200101-20200611.txt,0,parsed
2020-03-20,,position,1131297.41,12636.41,12636.41,1118661.0,1118661.0,14,603991.XSHG,2000,2000,22.28,44560.0,母版持仓&资金记录-20200101-20200611.txt,0,parsed
2020-03-20,,position,1131297.41,12636.41,12636.41,1118661.0,1118661.0,14,300736.XSHE,2300,2300,9.41,21643.0,母版持仓&资金记录-20200101-20200611.txt,0,parsed
2020-03-20,,position,1131297.41,12636.41,12636.41,1118661.0,1118661.0,14,002633.XSHE,13500,13500,8.16,110160.0,母版持仓&资金记录-20200101-20200611.txt,0,parsed
2020-03-20,,position,1131297.41,12636.41,12636.41,1118661.0,1118661.0,14,600561.XSHG,22000,22000,4.99,109780.0,母版持仓&资金记录-20200101-20200611.txt,0,parsed
2020-03-20,,position,1131297.41,12636.41,12636.41,1118661.0,1118661.0,14,600241.XSHG,27500,27500,3.95,108625.0,母版持仓&资金记录-20200101-20200611.txt,0,parsed
2020-03-20,,position,1131297.41,12636.41,12636.41,1118661.0,1118661.0,14,300029.XSHE,19100,19100,5.8,110780.0,母版持仓&资金记录-20200101-20200611.txt,0,parsed
2020-03-20,,position,1131297.41,12636.41,12636.41,1118661.0,1118661.0,14,000679.XSHE,24200,24200,3.75,90750.0,母版持仓&资金记录-20200101-20200611.txt,0,parsed
2020-03-20,,position,1131297.41,12636.41,12636.41,1118661.0,1118661.0,14,002473.XSHE,8100,8100,8.99,72819.0,母版持仓&资金记录-20200101-20200611.txt,0,parsed
2020-03-20,,position,1131297.41,12636.41,12636.41,1118661.0,1118661.0,14,000929.XSHE,17200,17200,6.45,110940.0,母版持仓&资金记录-20200101-20200611.txt,0,parsed
2020-03-20,,position,1131297.41,12636.41,12636.41,1118661.0,1118661.0,14,603389.XSHG,4700,4700,4.53,21291.0,母版持仓&资金记录-20200101-20200611.txt,0,parsed
2020-03-20,,position,1131297.41,12636.41,12636.41,1118661.0,1118661.0,14,000691.XSHE,17100,17100,3.93,67203.0,母版持仓&资金记录-20200101-20200611.txt,0,parsed
2020-03-23,,position,1099439.41,12636.41,12636.41,1086803.0,1086803.0,14,300665.XSHE,11000,11000,10.04,110440.0,母版持仓&资金记录-20200101-20200611.txt,0,parsed
2020-03-23,,position,1099439.41,12636.41,12636.41,1086803.0,1086803.0,14,002209.XSHE,7000,7000,6.08,42560.0,母版持仓&资金记录-20200101-20200611.txt,0,parsed
2020-03-23,,position,1099439.41,12636.41,12636.41,1086803.0,1086803.0,14,300106.XSHE,15000,15000,6.18,92700.0,母版持仓&资金记录-20200101-20200611.txt,0,parsed
2020-03-23,,position,1099439.41,12636.41,12636.41,1086803.0,1086803.0,14,603991.XSHG,2000,2000,20.86,41720.0,母版持仓&资金记录-20200101-20200611.txt,0,parsed
2020-03-23,,position,1099439.41,12636.41,12636.41,1086803.0,1086803.0,14,300736.XSHE,2300,2300,9.07,20861.0,母版持仓&资金记录-20200101-20200611.txt,0,parsed
2020-03-23,,position,1099439.41,12636.41,12636.41,1086803.0,1086803.0,14,002633.XSHE,13500,13500,7.96,107460.0,母版持仓&资金记录-20200101-20200611.txt,0,parsed
2020-03-23,,position,1099439.41,12636.41,12636.41,1086803.0,1086803.0,14,600561.XSHG,22000,22000,4.84,106480.0,母版持仓&资金记录-20200101-20200611.txt,0,parsed
2020-03-23,,position,1099439.41,12636.41,12636.41,1086803.0,1086803.0,14,600241.XSHG,27500,27500,3.79,104225.0,母版持仓&资金记录-20200101-20200611.txt,0,parsed
2020-03-23,,position,1099439.41,12636.41,12636.41,1086803.0,1086803.0,14,300029.XSHE,19100,19100,5.62,107342.0,母版持仓&资金记录-20200101-20200611.txt,0,parsed
2020-03-23,,position,1099439.41,12636.41,12636.41,1086803.0,1086803.0,14,000679.XSHE,24200,24200,3.57,86394.0,母版持仓&资金记录-20200101-20200611.txt,0,parsed
2020-03-23,,position,1099439.41,12636.41,12636.41,1086803.0,1086803.0,14,002473.XSHE,8100,8100,8.55,69255.0,母版持仓&资金记录-20200101-20200611.txt,0,parsed
2020-03-23,,position,1099439.41,12636.41,12636.41,1086803.0,1086803.0,14,000929.XSHE,17200,17200,6.37,109564.0,母版持仓&资金记录-20200101-20200611.txt,0,parsed
2020-03-23,,position,1099439.41,12636.41,12636.41,1086803.0,1086803.0,14,603389.XSHG,4700,4700,4.31,20257.0,母版持仓&资金记录-20200101-20200611.txt,0,parsed
2020-03-23,,position,1099439.41,12636.41,12636.41,1086803.0,1086803.0,14,000691.XSHE,17100,17100,3.95,67545.0,母版持仓&资金记录-20200101-20200611.txt,0,parsed
2020-03-24,,position,1131547.67,1.67,1.67,1131546.0,1131546.0,16,600506.XSHG,2700,2700,8.4,22680.0,母版持仓&资金记录-20200101-20200611.txt,0,parsed
2020-03-24,,position,1131547.67,1.67,1.67,1131546.0,1131546.0,16,300665.XSHE,8700,8700,10.45,90915.0,母版持仓&资金记录-20200101-20200611.txt,0,parsed
2020-03-24,,position,1131547.67,1.67,1.67,1131546.0,1131546.0,16,002209.XSHE,10900,10900,6.29,68561.0,母版持仓&资金记录-20200101-20200611.txt,0,parsed
2020-03-24,,position,1131547.67,1.67,1.67,1131546.0,1131546.0,16,300106.XSHE,10900,10900,6.45,70305.0,母版持仓&资金记录-20200101-20200611.txt,0,parsed
2020-03-24,,position,1131547.67,1.67,1.67,1131546.0,1131546.0,16,603991.XSHG,1100,1100,19.41,21351.0,母版持仓&资金记录-20200101-20200611.txt,0,parsed
2020-03-24,,position,1131547.67,1.67,1.67,1131546.0,1131546.0,16,300736.XSHE,4800,4800,9.35,44880.0,母版持仓&资金记录-20200101-20200611.txt,0,parsed
2020-03-24,,position,1131547.67,1.67,1.67,1131546.0,1131546.0,16,002633.XSHE,13900,13900,8.1,112590.0,母版持仓&资金记录-20200101-20200611.txt,0,parsed
2020-03-24,,position,1131547.67,1.67,1.67,1131546.0,1131546.0,16,600599.XSHG,3000,3000,7.3,21900.0,母版持仓&资金记录-20200101-20200611.txt,0,parsed
2020-03-24,,position,1131547.67,1.67,1.67,1131546.0,1131546.0,16,600561.XSHG,22900,22900,5.03,115187.0,母版持仓&资金记录-20200101-20200611.txt,0,parsed
2020-03-24,,position,1131547.67,1.67,1.67,1131546.0,1131546.0,16,600241.XSHG,29100,29100,3.84,111744.0,母版持仓&资金记录-20200101-20200611.txt,0,parsed
2020-03-24,,position,1131547.67,1.67,1.67,1131546.0,1131546.0,16,300029.XSHE,19500,19500,6.18,120510.0,母版持仓&资金记录-20200101-20200611.txt,0,parsed
2020-03-24,,position,1131547.67,1.67,1.67,1131546.0,1131546.0,16,000679.XSHE,18700,18700,3.52,65824.0,母版持仓&资金记录-20200101-20200611.txt,0,parsed
2020-03-24,,position,1131547.67,1.67,1.67,1131546.0,1131546.0,16,002473.XSHE,7800,7800,8.66,67548.0,母版持仓&资金记录-20200101-20200611.txt,0,parsed
2020-03-24,,position,1131547.67,1.67,1.67,1131546.0,1131546.0,16,000929.XSHE,16400,16400,6.5,106600.0,母版持仓&资金记录-20200101-20200611.txt,0,parsed
2020-03-24,,position,1131547.67,1.67,1.67,1131546.0,1131546.0,16,603389.XSHG,10200,10200,4.43,45186.0,母版持仓&资金记录-20200101-20200611.txt,0,parsed
2020-03-24,,position,1131547.67,1.67,1.67,1131546.0,1131546.0,16,000691.XSHE,11300,11300,4.05,45765.0,母版持仓&资金记录-20200101-20200611.txt,0,parsed
2020-03-25,,position,1160278.67,1.67,1.67,1160277.0,1160277.0,16,600506.XSHG,2700,2700,8.59,23193.0,母版持仓&资金记录-20200101-20200611.txt,0,parsed
2020-03-25,,position,1160278.67,1.67,1.67,1160277.0,1160277.0,16,300665.XSHE,8700,8700,10.6,92220.0,母版持仓&资金记录-20200101-20200611.txt,0,parsed
2020-03-25,,position,1160278.67,1.67,1.67,1160277.0,1160277.0,16,002209.XSHE,10900,10900,6.45,70305.0,母版持仓&资金记录-20200101-20200611.txt,0,parsed
2020-03-25,,position,1160278.67,1.67,1.67,1160277.0,1160277.0,16,300106.XSHE,10900,10900,6.37,69433.0,母版持仓&资金记录-20200101-20200611.txt,0,parsed
2020-03-25,,position,1160278.67,1.67,1.67,1160277.0,1160277.0,16,603991.XSHG,1100,1100,19.89,21879.0,母版持仓&资金记录-20200101-20200611.txt,0,parsed
2020-03-25,,position,1160278.67,1.67,1.67,1160277.0,1160277.0,16,300736.XSHE,4800,4800,9.49,45552.0,母版持仓&资金记录-20200101-20200611.txt,0,parsed
2020-03-25,,position,1160278.67,1.67,1.67,1160277.0,1160277.0,16,002633.XSHE,13900,13900,8.18,113702.0,母版持仓&资金记录-20200101-20200611.txt,0,parsed
2020-03-25,,position,1160278.67,1.67,1.67,1160277.0,1160277.0,16,600599.XSHG,3000,3000,7.54,22620.0,母版持仓&资金记录-20200101-20200611.txt,0,parsed
2020-03-25,,position,1160278.67,1.67,1.67,1160277.0,1160277.0,16,600561.XSHG,22900,22900,5.14,117706.0,母版持仓&资金记录-20200101-20200611.txt,0,parsed
2020-03-25,,position,1160278.67,1.67,1.67,1160277.0,1160277.0,16,600241.XSHG,29100,29100,3.97,115527.0,母版持仓&资金记录-20200101-20200611.txt,0,parsed
2020-03-25,,position,1160278.67,1.67,1.67,1160277.0,1160277.0,16,300029.XSHE,19500,19500,6.8,132600.0,母版持仓&资金记录-20200101-20200611.txt,0,parsed
2020-03-25,,position,1160278.67,1.67,1.67,1160277.0,1160277.0,16,000679.XSHE,18700,18700,3.59,67133.0,母版持仓&资金记录-20200101-20200611.txt,0,parsed
2020-03-25,,position,1160278.67,1.67,1.67,1160277.0,1160277.0,16,002473.XSHE,7800,7800,8.78,68484.0,母版持仓&资金记录-20200101-20200611.txt,0,parsed
2020-03-25,,position,1160278.67,1.67,1.67,1160277.0,1160277.0,16,000929.XSHE,16400,16400,6.61,108404.0,母版持仓&资金记录-20200101-20200611.txt,0,parsed
2020-03-25,,position,1160278.67,1.67,1.67,1160277.0,1160277.0,16,603389.XSHG,10200,10200,4.53,46206.0,母版持仓&资金记录-20200101-20200611.txt,0,parsed
2020-03-25,,position,1160278.67,1.67,1.67,1160277.0,1160277.0,16,000691.XSHE,11300,11300,4.01,45313.0,母版持仓&资金记录-20200101-20200611.txt,0,parsed
2020-03-26,,position,1126048.51,10146.51,10146.51,1115902.0,1115902.0,16,600506.XSHG,2700,2700,8.74,23598.0,母版持仓&资金记录-20200101-20200611.txt,0,parsed
2020-03-26,,position,1126048.51,10146.51,10146.51,1115902.0,1115902.0,16,300665.XSHE,8700,8700,10.2,88740.0,母版持仓&资金记录-20200101-20200611.txt,0,parsed
2020-03-26,,position,1126048.51,10146.51,10146.51,1115902.0,1115902.0,16,002209.XSHE,10900,10900,6.34,69106.0,母版持仓&资金记录-20200101-20200611.txt,0,parsed
2020-03-26,,position,1126048.51,10146.51,10146.51,1115902.0,1115902.0,16,300106.XSHE,10900,10900,6.27,68343.0,母版持仓&资金记录-20200101-20200611.txt,0,parsed
2020-03-26,,position,1126048.51,10146.51,10146.51,1115902.0,1115902.0,16,603991.XSHG,1100,1100,20.09,22099.0,母版持仓&资金记录-20200101-20200611.txt,0,parsed
2020-03-26,,position,1126048.51,10146.51,10146.51,1115902.0,1115902.0,16,300736.XSHE,4800,4800,9.41,45168.0,母版持仓&资金记录-20200101-20200611.txt,0,parsed
2020-03-26,,position,1126048.51,10146.51,10146.51,1115902.0,1115902.0,16,002633.XSHE,13900,13900,8.07,112173.0,母版持仓&资金记录-20200101-20200611.txt,0,parsed
2020-03-26,,position,1126048.51,10146.51,10146.51,1115902.0,1115902.0,16,600599.XSHG,3000,3000,7.32,21960.0,母版持仓&资金记录-20200101-20200611.txt,0,parsed
2020-03-26,,position,1126048.51,10146.51,10146.51,1115902.0,1115902.0,16,600561.XSHG,22900,22900,5.03,115187.0,母版持仓&资金记录-20200101-20200611.txt,0,parsed
2020-03-26,,position,1126048.51,10146.51,10146.51,1115902.0,1115902.0,16,600241.XSHG,29100,29100,3.88,112908.0,母版持仓&资金记录-20200101-20200611.txt,0,parsed
2020-03-26,,position,1126048.51,10146.51,10146.51,1115902.0,1115902.0,16,300029.XSHE,17900,17900,6.12,109548.0,母版持仓&资金记录-20200101-20200611.txt,0,parsed
2020-03-26,,position,1126048.51,10146.51,10146.51,1115902.0,1115902.0,16,000679.XSHE,18700,18700,3.43,64141.0,母版持仓&资金记录-20200101-20200611.txt,0,parsed
2020-03-26,,position,1126048.51,10146.51,10146.51,1115902.0,1115902.0,16,002473.XSHE,7800,7800,8.34,65052.0,母版持仓&资金记录-20200101-20200611.txt,0,parsed
2020-03-26,,position,1126048.51,10146.51,10146.51,1115902.0,1115902.0,16,000929.XSHE,16400,16400,6.52,106928.0,母版持仓&资金记录-20200101-20200611.txt,0,parsed
2020-03-26,,position,1126048.51,10146.51,10146.51,1115902.0,1115902.0,16,603389.XSHG,10200,10200,4.43,45186.0,母版持仓&资金记录-20200101-20200611.txt,0,parsed
2020-03-26,,position,1126048.51,10146.51,10146.51,1115902.0,1115902.0,16,000691.XSHE,11300,11300,4.05,45765.0,母版持仓&资金记录-20200101-20200611.txt,0,parsed
2020-03-27,,position,1139014.05,1782.05,1782.05,1137232.0,1137232.0,16,600506.XSHG,2600,2600,8.76,22776.0,母版持仓&资金记录-20200101-20200611.txt,0,parsed
2020-03-27,,position,1139014.05,1782.05,1782.05,1137232.0,1137232.0,16,300665.XSHE,6600,6600,10.58,69828.0,母版持仓&资金记录-20200101-20200611.txt,0,parsed
2020-03-27,,position,1139014.05,1782.05,1782.05,1137232.0,1137232.0,16,002209.XSHE,10700,10700,6.4,68480.0,母版持仓&资金记录-20200101-20200611.txt,0,parsed
2020-03-27,,position,1139014.05,1782.05,1782.05,1137232.0,1137232.0,16,300106.XSHE,7300,7300,6.78,49494.0,母版持仓&资金记录-20200101-20200611.txt,0,parsed
2020-03-27,,position,1139014.05,1782.05,1782.05,1137232.0,1137232.0,16,300736.XSHE,7000,7000,9.39,65730.0,母版持仓&资金记录-20200101-20200611.txt,0,parsed
2020-03-27,,position,1139014.05,1782.05,1782.05,1137232.0,1137232.0,16,002633.XSHE,13900,13900,8.13,113007.0,母版持仓&资金记录-20200101-20200611.txt,0,parsed
2020-03-27,,position,1139014.05,1782.05,1782.05,1137232.0,1137232.0,16,600599.XSHG,6100,6100,7.32,44652.0,母版持仓&资金记录-20200101-20200611.txt,0,parsed
2020-03-27,,position,1139014.05,1782.05,1782.05,1137232.0,1137232.0,16,603269.XSHG,1600,1600,13.58,21728.0,母版持仓&资金记录-20200101-20200611.txt,0,parsed
2020-03-27,,position,1139014.05,1782.05,1782.05,1137232.0,1137232.0,16,600561.XSHG,22300,22300,5.01,111723.0,母版持仓&资金记录-20200101-20200611.txt,0,parsed
2020-03-27,,position,1139014.05,1782.05,1782.05,1137232.0,1137232.0,16,600241.XSHG,29100,29100,3.9,113490.0,母版持仓&资金记录-20200101-20200611.txt,0,parsed
2020-03-27,,position,1139014.05,1782.05,1782.05,1137232.0,1137232.0,16,300029.XSHE,18400,18400,6.73,123832.0,母版持仓&资金记录-20200101-20200611.txt,0,parsed
2020-03-27,,position,1139014.05,1782.05,1782.05,1137232.0,1137232.0,16,000679.XSHE,19500,19500,3.37,65715.0,母版持仓&资金记录-20200101-20200611.txt,0,parsed
2020-03-27,,position,1139014.05,1782.05,1782.05,1137232.0,1137232.0,16,002473.XSHE,5400,5400,8.08,43632.0,母版持仓&资金记录-20200101-20200611.txt,0,parsed
2020-03-27,,position,1139014.05,1782.05,1782.05,1137232.0,1137232.0,16,000929.XSHE,17200,17200,6.55,112660.0,母版持仓&资金记录-20200101-20200611.txt,0,parsed
2020-03-27,,position,1139014.05,1782.05,1782.05,1137232.0,1137232.0,16,603389.XSHG,15100,15100,4.4,66440.0,母版持仓&资金记录-20200101-20200611.txt,0,parsed
2020-03-27,,position,1139014.05,1782.05,1782.05,1137232.0,1137232.0,16,000691.XSHE,11500,11500,3.83,44045.0,母版持仓&资金记录-20200101-20200611.txt,0,parsed
2020-03-30,,position,1109366.0,6828.0,6828.0,1102538.0,1102538.0,16,600506.XSHG,2600,2600,8.88,23088.0,母版持仓&资金记录-20200101-20200611.txt,0,parsed
2020-03-30,,position,1109366.0,6828.0,6828.0,1102538.0,1102538.0,16,300665.XSHE,6600,6600,10.09,66594.0,母版持仓&资金记录-20200101-20200611.txt,0,parsed
2020-03-30,,position,1109366.0,6828.0,6828.0,1102538.0,1102538.0,16,002209.XSHE,10700,10700,6.24,66768.0,母版持仓&资金记录-20200101-20200611.txt,0,parsed
2020-03-30,,position,1109366.0,6828.0,6828.0,1102538.0,1102538.0,16,300106.XSHE,7300,7300,7.46,54458.0,母版持仓&资金记录-20200101-20200611.txt,0,parsed
2020-03-30,,position,1109366.0,6828.0,6828.0,1102538.0,1102538.0,16,300736.XSHE,7000,7000,9.15,64050.0,母版持仓&资金记录-20200101-20200611.txt,0,parsed
2020-03-30,,position,1109366.0,6828.0,6828.0,1102538.0,1102538.0,16,002633.XSHE,13900,13900,7.91,109949.0,母版持仓&资金记录-20200101-20200611.txt,0,parsed
2020-03-30,,position,1109366.0,6828.0,6828.0,1102538.0,1102538.0,16,600599.XSHG,6100,6100,7.0,42700.0,母版持仓&资金记录-20200101-20200611.txt,0,parsed
2020-03-30,,position,1109366.0,6828.0,6828.0,1102538.0,1102538.0,16,603269.XSHG,1600,1600,13.26,21216.0,母版持仓&资金记录-20200101-20200611.txt,0,parsed
2020-03-30,,position,1109366.0,6828.0,6828.0,1102538.0,1102538.0,16,600561.XSHG,22300,22300,4.95,110385.0,母版持仓&资金记录-20200101-20200611.txt,0,parsed
2020-03-30,,position,1109366.0,6828.0,6828.0,1102538.0,1102538.0,16,600241.XSHG,29100,29100,3.79,110289.0,母版持仓&资金记录-20200101-20200611.txt,0,parsed
2020-03-30,,position,1109366.0,6828.0,6828.0,1102538.0,1102538.0,16,300029.XSHE,17600,17600,6.4,112640.0,母版持仓&资金记录-20200101-20200611.txt,0,parsed
2020-03-30,,position,1109366.0,6828.0,6828.0,1102538.0,1102538.0,16,000679.XSHE,19500,19500,3.24,63180.0,母版持仓&资金记录-20200101-20200611.txt,0,parsed
2020-03-30,,position,1109366.0,6828.0,6828.0,1102538.0,1102538.0,16,002473.XSHE,5400,5400,7.42,40068.0,母版持仓&资金记录-20200101-20200611.txt,0,parsed
2020-03-30,,position,1109366.0,6828.0,6828.0,1102538.0,1102538.0,16,000929.XSHE,17200,17200,6.48,111456.0,母版持仓&资金记录-20200101-20200611.txt,0,parsed
2020-03-30,,position,1109366.0,6828.0,6828.0,1102538.0,1102538.0,16,603389.XSHG,15100,15100,4.22,63722.0,母版持仓&资金记录-20200101-20200611.txt,0,parsed
2020-03-30,,position,1109366.0,6828.0,6828.0,1102538.0,1102538.0,16,000691.XSHE,11500,11500,3.65,41975.0,母版持仓&资金记录-20200101-20200611.txt,0,parsed
2020-03-31,,position,1105763.43,20375.43,20375.43,1085388.0,1085388.0,16,600506.XSHG,2600,2600,9.18,23868.0,母版持仓&资金记录-20200101-20200611.txt,0,parsed
2020-03-31,,position,1105763.43,20375.43,20375.43,1085388.0,1085388.0,16,300665.XSHE,6600,6600,9.93,65538.0,母版持仓&资金记录-20200101-20200611.txt,0,parsed
2020-03-31,,position,1105763.43,20375.43,20375.43,1085388.0,1085388.0,16,002209.XSHE,10700,10700,6.26,66982.0,母版持仓&资金记录-20200101-20200611.txt,0,parsed
2020-03-31,,position,1105763.43,20375.43,20375.43,1085388.0,1085388.0,16,300106.XSHE,5600,5600,7.91,44296.0,母版持仓&资金记录-20200101-20200611.txt,0,parsed
2020-03-31,,position,1105763.43,20375.43,20375.43,1085388.0,1085388.0,16,300736.XSHE,7000,7000,9.15,64050.0,母版持仓&资金记录-20200101-20200611.txt,0,parsed
2020-03-31,,position,1105763.43,20375.43,20375.43,1085388.0,1085388.0,16,002633.XSHE,13900,13900,7.9,109810.0,母版持仓&资金记录-20200101-20200611.txt,0,parsed
2020-03-31,,position,1105763.43,20375.43,20375.43,1085388.0,1085388.0,16,600599.XSHG,6100,6100,7.01,42761.0,母版持仓&资金记录-20200101-20200611.txt,0,parsed
2020-03-31,,position,1105763.43,20375.43,20375.43,1085388.0,1085388.0,16,603269.XSHG,1600,1600,13.32,21312.0,母版持仓&资金记录-20200101-20200611.txt,0,parsed
2020-03-31,,position,1105763.43,20375.43,20375.43,1085388.0,1085388.0,16,600561.XSHG,22300,22300,4.92,109716.0,母版持仓&资金记录-20200101-20200611.txt,0,parsed
2020-03-31,,position,1105763.43,20375.43,20375.43,1085388.0,1085388.0,16,600241.XSHG,29100,29100,3.75,109125.0,母版持仓&资金记录-20200101-20200611.txt,0,parsed
2020-03-31,,position,1105763.43,20375.43,20375.43,1085388.0,1085388.0,16,300029.XSHE,17600,17600,6.17,108592.0,母版持仓&资金记录-20200101-20200611.txt,0,parsed
2020-03-31,,position,1105763.43,20375.43,20375.43,1085388.0,1085388.0,16,000679.XSHE,19500,19500,3.13,61035.0,母版持仓&资金记录-20200101-20200611.txt,0,parsed
2020-03-31,,position,1105763.43,20375.43,20375.43,1085388.0,1085388.0,16,002473.XSHE,5400,5400,7.44,40176.0,母版持仓&资金记录-20200101-20200611.txt,0,parsed
2020-03-31,,position,1105763.43,20375.43,20375.43,1085388.0,1085388.0,16,000929.XSHE,17200,17200,6.55,112660.0,母版持仓&资金记录-20200101-20200611.txt,0,parsed
2020-03-31,,position,1105763.43,20375.43,20375.43,1085388.0,1085388.0,16,603389.XSHG,15100,15100,4.22,63722.0,母版持仓&资金记录-20200101-20200611.txt,0,parsed
2020-03-31,,position,1105763.43,20375.43,20375.43,1085388.0,1085388.0,16,000691.XSHE,11500,11500,3.63,41745.0,母版持仓&资金记录-20200101-20200611.txt,0,parsed
2020-04-01,,position,1101446.79,3620.59,3620.59,1097826.2,1097826.2,1,511880.XSHG,10900,10900,100.718,1097826.2,母版持仓&资金记录-20200101-20200611.txt,0,parsed
2020-04-02,,position,1101457.69,3620.59,3620.59,1097837.1,1097837.1,1,511880.XSHG,10900,10900,100.719,1097837.1,母版持仓&资金记录-20200101-20200611.txt,0,parsed
2020-04-03,,position,1101741.09,3620.59,3620.59,1098120.5,1098120.5,1,511880.XSHG,10900,10900,100.745,1098120.5,母版持仓&资金记录-20200101-20200611.txt,0,parsed
2020-04-07,,position,1101751.99,3620.59,3620.59,1098131.4,1098131.4,1,511880.XSHG,10900,10900,100.746,1098131.4,母版持仓&资金记录-20200101-20200611.txt,0,parsed
2020-04-08,,position,1101839.19,3620.59,3620.59,1098218.6,1098218.6,1,511880.XSHG,10900,10900,100.754,1098218.6,母版持仓&资金记录-20200101-20200611.txt,0,parsed
2020-04-09,,position,1101915.49,3620.59,3620.59,1098294.9,1098294.9,1,511880.XSHG,10900,10900,100.761,1098294.9,母版持仓&资金记录-20200101-20200611.txt,0,parsed
2020-04-10,,position,1102133.49,3620.59,3620.59,1098512.9,1098512.9,1,511880.XSHG,10900,10900,100.781,1098512.9,母版持仓&资金记录-20200101-20200611.txt,0,parsed
2020-04-13,,position,1102187.99,3620.59,3620.59,1098567.4,1098567.4,1,511880.XSHG,10900,10900,100.786,1098567.4,母版持仓&资金记录-20200101-20200611.txt,0,parsed
2020-04-14,,position,1102209.79,3620.59,3620.59,1098589.2,1098589.2,1,511880.XSHG,10900,10900,100.788,1098589.2,母版持仓&资金记录-20200101-20200611.txt,0,parsed
2020-04-15,,position,1102198.89,3620.59,3620.59,1098578.3,1098578.3,1,511880.XSHG,10900,10900,100.787,1098578.3,母版持仓&资金记录-20200101-20200611.txt,0,parsed
2020-04-16,,position,1102242.49,3620.59,3620.59,1098621.9,1098621.9,1,511880.XSHG,10900,10900,100.791,1098621.9,母版持仓&资金记录-20200101-20200611.txt,0,parsed
2020-04-17,,position,1102242.49,3620.59,3620.59,1098621.9,1098621.9,1,511880.XSHG,10900,10900,100.791,1098621.9,母版持仓&资金记录-20200101-20200611.txt,0,parsed
2020-04-20,,position,1102351.49,3620.59,3620.59,1098730.9,1098730.9,1,511880.XSHG,10900,10900,100.801,1098730.9,母版持仓&资金记录-20200101-20200611.txt,0,parsed
2020-04-21,,position,1102482.29,3620.59,3620.59,1098861.7,1098861.7,1,511880.XSHG,10900,10900,100.813,1098861.7,母版持仓&资金记录-20200101-20200611.txt,0,parsed
2020-04-22,,position,1102547.69,3620.59,3620.59,1098927.1,1098927.1,1,511880.XSHG,10900,10900,100.819,1098927.1,母版持仓&资金记录-20200101-20200611.txt,0,parsed
2020-04-23,,position,1102569.49,3620.59,3620.59,1098948.9,1098948.9,1,511880.XSHG,10900,10900,100.821,1098948.9,母版持仓&资金记录-20200101-20200611.txt,0,parsed
2020-04-24,,position,1102711.19,3620.59,3620.59,1099090.6,1099090.6,1,511880.XSHG,10900,10900,100.834,1099090.6,母版持仓&资金记录-20200101-20200611.txt,0,parsed
2020-04-27,,position,1102754.79,3620.59,3620.59,1099134.2,1099134.2,1,511880.XSHG,10900,10900,100.838,1099134.2,母版持仓&资金记录-20200101-20200611.txt,0,parsed
2020-04-28,,position,1102798.39,3620.59,3620.59,1099177.8,1099177.8,1,511880.XSHG,10900,10900,100.842,1099177.8,母版持仓&资金记录-20200101-20200611.txt,0,parsed
2020-04-29,,position,1102656.69,3620.59,3620.59,1099036.1,1099036.1,1,511880.XSHG,10900,10900,100.829,1099036.1,母版持仓&资金记录-20200101-20200611.txt,0,parsed
2020-04-30,,position,1102831.09,3620.59,3620.59,1099210.5,1099210.5,1,511880.XSHG,10900,10900,100.845,1099210.5,母版持仓&资金记录-20200101-20200611.txt,0,parsed
2020-05-06,,position,1110579.49,885072.49,885072.49,225507.0,225507.0,10,300665.XSHE,2300,2300,9.67,22241.0,母版持仓&资金记录-20200101-20200611.txt,0,parsed
2020-05-06,,position,1110579.49,885072.49,885072.49,225507.0,225507.0,10,002071.XSHE,12300,12300,1.85,22755.0,母版持仓&资金记录-20200101-20200611.txt,0,parsed
2020-05-06,,position,1110579.49,885072.49,885072.49,225507.0,225507.0,10,002209.XSHE,3900,3900,5.97,23283.0,母版持仓&资金记录-20200101-20200611.txt,0,parsed
2020-05-06,,position,1110579.49,885072.49,885072.49,225507.0,225507.0,10,300736.XSHE,2500,2500,8.87,22175.0,母版持仓&资金记录-20200101-20200611.txt,0,parsed
2020-05-06,,position,1110579.49,885072.49,885072.49,225507.0,225507.0,10,002633.XSHE,2900,2900,7.6,22040.0,母版持仓&资金记录-20200101-20200611.txt,0,parsed
2020-05-06,,position,1110579.49,885072.49,885072.49,225507.0,225507.0,10,600599.XSHG,3600,3600,6.53,23508.0,母版持仓&资金记录-20200101-20200611.txt,0,parsed
2020-05-06,,position,1110579.49,885072.49,885072.49,225507.0,225507.0,10,600561.XSHG,4700,4700,4.66,21902.0,母版持仓&资金记录-20200101-20200611.txt,0,parsed
2020-05-06,,position,1110579.49,885072.49,885072.49,225507.0,225507.0,10,600520.XSHG,2900,2900,7.87,22823.0,母版持仓&资金记录-20200101-20200611.txt,0,parsed
2020-05-06,,position,1110579.49,885072.49,885072.49,225507.0,225507.0,10,300029.XSHE,4000,4000,5.66,22640.0,母版持仓&资金记录-20200101-20200611.txt,0,parsed
2020-05-06,,position,1110579.49,885072.49,885072.49,225507.0,225507.0,10,000929.XSHE,3600,3600,6.15,22140.0,母版持仓&资金记录-20200101-20200611.txt,0,parsed
2020-05-07,,position,1106422.49,885072.49,885072.49,221350.0,221350.0,10,300665.XSHE,2300,2300,9.62,22126.0,母版持仓&资金记录-20200101-20200611.txt,0,parsed
2020-05-07,,position,1106422.49,885072.49,885072.49,221350.0,221350.0,10,002071.XSHE,12300,12300,1.78,21894.0,母版持仓&资金记录-20200101-20200611.txt,0,parsed
2020-05-07,,position,1106422.49,885072.49,885072.49,221350.0,221350.0,10,002209.XSHE,3900,3900,5.81,22659.0,母版持仓&资金记录-20200101-20200611.txt,0,parsed
2020-05-07,,position,1106422.49,885072.49,885072.49,221350.0,221350.0,10,300736.XSHE,2500,2500,8.75,21875.0,母版持仓&资金记录-20200101-20200611.txt,0,parsed
2020-05-07,,position,1106422.49,885072.49,885072.49,221350.0,221350.0,10,002633.XSHE,2900,2900,7.64,22156.0,母版持仓&资金记录-20200101-20200611.txt,0,parsed
2020-05-07,,position,1106422.49,885072.49,885072.49,221350.0,221350.0,10,600599.XSHG,3600,3600,6.47,23292.0,母版持仓&资金记录-20200101-20200611.txt,0,parsed
2020-05-07,,position,1106422.49,885072.49,885072.49,221350.0,221350.0,10,600561.XSHG,4700,4700,4.6,21620.0,母版持仓&资金记录-20200101-20200611.txt,0,parsed
2020-05-07,,position,1106422.49,885072.49,885072.49,221350.0,221350.0,10,600520.XSHG,2900,2900,7.48,21692.0,母版持仓&资金记录-20200101-20200611.txt,0,parsed
2020-05-07,,position,1106422.49,885072.49,885072.49,221350.0,221350.0,10,300029.XSHE,4000,4000,5.51,22040.0,母版持仓&资金记录-20200101-20200611.txt,0,parsed
2020-05-07,,position,1106422.49,885072.49,885072.49,221350.0,221350.0,10,000929.XSHE,3600,3600,6.11,21996.0,母版持仓&资金记录-20200101-20200611.txt,0,parsed
2020-05-08,,position,1109751.49,885072.49,885072.49,224679.0,224679.0,10,300665.XSHE,2300,2300,9.72,22356.0,母版持仓&资金记录-20200101-20200611.txt,0,parsed
2020-05-08,,position,1109751.49,885072.49,885072.49,224679.0,224679.0,10,002071.XSHE,12300,12300,1.84,22632.0,母版持仓&资金记录-20200101-20200611.txt,0,parsed
2020-05-08,,position,1109751.49,885072.49,885072.49,224679.0,224679.0,10,002209.XSHE,3900,3900,5.89,22971.0,母版持仓&资金记录-20200101-20200611.txt,0,parsed
2020-05-08,,position,1109751.49,885072.49,885072.49,224679.0,224679.0,10,300736.XSHE,2500,2500,8.83,22075.0,母版持仓&资金记录-20200101-20200611.txt,0,parsed
2020-05-08,,position,1109751.49,885072.49,885072.49,224679.0,224679.0,10,002633.XSHE,2900,2900,7.75,22475.0,母版持仓&资金记录-20200101-20200611.txt,0,parsed
2020-05-08,,position,1109751.49,885072.49,885072.49,224679.0,224679.0,10,600599.XSHG,3600,3600,6.58,23688.0,母版持仓&资金记录-20200101-20200611.txt,0,parsed
2020-05-08,,position,1109751.49,885072.49,885072.49,224679.0,224679.0,10,600561.XSHG,4700,4700,4.61,21667.0,母版持仓&资金记录-20200101-20200611.txt,0,parsed
2020-05-08,,position,1109751.49,885072.49,885072.49,224679.0,224679.0,10,600520.XSHG,2900,2900,7.55,21895.0,母版持仓&资金记录-20200101-20200611.txt,0,parsed
2020-05-08,,position,1109751.49,885072.49,885072.49,224679.0,224679.0,10,300029.XSHE,4000,4000,5.65,22600.0,母版持仓&资金记录-20200101-20200611.txt,0,parsed
2020-05-08,,position,1109751.49,885072.49,885072.49,224679.0,224679.0,10,000929.XSHE,3600,3600,6.2,22320.0,母版持仓&资金记录-20200101-20200611.txt,0,parsed
2020-05-11,,position,1106129.49,668614.49,668614.49,437515.0,437515.0,11,300665.XSHE,4500,4500,9.71,43695.0,母版持仓&资金记录-20200101-20200611.txt,0,parsed
2020-05-11,,position,1106129.49,668614.49,668614.49,437515.0,437515.0,11,002071.XSHE,23600,23600,1.85,43660.0,母版持仓&资金记录-20200101-20200611.txt,0,parsed
2020-05-11,,position,1106129.49,668614.49,668614.49,437515.0,437515.0,11,002209.XSHE,7500,7500,5.82,43650.0,母版持仓&资金记录-20200101-20200611.txt,0,parsed
2020-05-11,,position,1106129.49,668614.49,668614.49,437515.0,437515.0,11,300156.XSHE,25800,25800,0.82,21156.0,母版持仓&资金记录-20200101-20200611.txt,0,parsed
2020-05-11,,position,1106129.49,668614.49,668614.49,437515.0,437515.0,11,300736.XSHE,5000,5000,8.81,44050.0,母版持仓&资金记录-20200101-20200611.txt,0,parsed
2020-05-11,,position,1106129.49,668614.49,668614.49,437515.0,437515.0,11,002633.XSHE,5700,5700,7.93,45201.0,母版持仓&资金记录-20200101-20200611.txt,0,parsed
2020-05-11,,position,1106129.49,668614.49,668614.49,437515.0,437515.0,11,600599.XSHG,6800,6800,6.31,42908.0,母版持仓&资金记录-20200101-20200611.txt,0,parsed
2020-05-11,,position,1106129.49,668614.49,668614.49,437515.0,437515.0,11,600561.XSHG,9600,9600,4.55,43680.0,母版持仓&资金记录-20200101-20200611.txt,0,parsed
2020-05-11,,position,1106129.49,668614.49,668614.49,437515.0,437515.0,11,600520.XSHG,2900,2900,7.63,22127.0,母版持仓&资金记录-20200101-20200611.txt,0,parsed
2020-05-11,,position,1106129.49,668614.49,668614.49,437515.0,437515.0,11,300029.XSHE,7800,7800,5.56,43368.0,母版持仓&资金记录-20200101-20200611.txt,0,parsed
2020-05-11,,position,1106129.49,668614.49,668614.49,437515.0,437515.0,11,000929.XSHE,7100,7100,6.2,44020.0,母版持仓&资金记录-20200101-20200611.txt,0,parsed
2020-05-12,,position,1103999.49,668614.49,668614.49,435385.0,435385.0,11,300665.XSHE,4500,4500,9.69,43605.0,母版持仓&资金记录-20200101-20200611.txt,0,parsed
2020-05-12,,position,1103999.49,668614.49,668614.49,435385.0,435385.0,11,002071.XSHE,23600,23600,1.79,42244.0,母版持仓&资金记录-20200101-20200611.txt,0,parsed
2020-05-12,,position,1103999.49,668614.49,668614.49,435385.0,435385.0,11,002209.XSHE,7500,7500,5.83,43725.0,母版持仓&资金记录-20200101-20200611.txt,0,parsed
2020-05-12,,position,1103999.49,668614.49,668614.49,435385.0,435385.0,11,300156.XSHE,25800,25800,0.77,19866.0,母版持仓&资金记录-20200101-20200611.txt,0,parsed
2020-05-12,,position,1103999.49,668614.49,668614.49,435385.0,435385.0,11,300736.XSHE,5000,5000,8.71,43550.0,母版持仓&资金记录-20200101-20200611.txt,0,parsed
2020-05-12,,position,1103999.49,668614.49,668614.49,435385.0,435385.0,11,002633.XSHE,5700,5700,8.43,48051.0,母版持仓&资金记录-20200101-20200611.txt,0,parsed
2020-05-12,,position,1103999.49,668614.49,668614.49,435385.0,435385.0,11,600599.XSHG,6800,6800,6.22,42296.0,母版持仓&资金记录-20200101-20200611.txt,0,parsed
2020-05-12,,position,1103999.49,668614.49,668614.49,435385.0,435385.0,11,600561.XSHG,9600,9600,4.5,43200.0,母版持仓&资金记录-20200101-20200611.txt,0,parsed
2020-05-12,,position,1103999.49,668614.49,668614.49,435385.0,435385.0,11,600520.XSHG,2900,2900,7.74,22446.0,母版持仓&资金记录-20200101-20200611.txt,0,parsed
2020-05-12,,position,1103999.49,668614.49,668614.49,435385.0,435385.0,11,300029.XSHE,7800,7800,5.47,42666.0,母版持仓&资金记录-20200101-20200611.txt,0,parsed
2020-05-12,,position,1103999.49,668614.49,668614.49,435385.0,435385.0,11,000929.XSHE,7100,7100,6.16,43736.0,母版持仓&资金记录-20200101-20200611.txt,0,parsed
2020-05-13,,position,1100816.49,668614.49,668614.49,432202.0,432202.0,11,300665.XSHE,4500,4500,9.7,43650.0,母版持仓&资金记录-20200101-20200611.txt,0,parsed
2020-05-13,,position,1100816.49,668614.49,668614.49,432202.0,432202.0,11,002071.XSHE,23600,23600,1.74,41064.0,母版持仓&资金记录-20200101-20200611.txt,0,parsed
2020-05-13,,position,1100816.49,668614.49,668614.49,432202.0,432202.0,11,002209.XSHE,7500,7500,5.88,44100.0,母版持仓&资金记录-20200101-20200611.txt,0,parsed
2020-05-13,,position,1100816.49,668614.49,668614.49,432202.0,432202.0,11,300156.XSHE,25800,25800,0.75,19350.0,母版持仓&资金记录-20200101-20200611.txt,0,parsed
2020-05-13,,position,1100816.49,668614.49,668614.49,432202.0,432202.0,11,300736.XSHE,5000,5000,8.71,43550.0,母版持仓&资金记录-20200101-20200611.txt,0,parsed
2020-05-13,,position,1100816.49,668614.49,668614.49,432202.0,432202.0,11,002633.XSHE,5700,5700,7.85,44745.0,母版持仓&资金记录-20200101-20200611.txt,0,parsed
2020-05-13,,position,1100816.49,668614.49,668614.49,432202.0,432202.0,11,600599.XSHG,6800,6800,6.28,42704.0,母版持仓&资金记录-20200101-20200611.txt,0,parsed
2020-05-13,,position,1100816.49,668614.49,668614.49,432202.0,432202.0,11,600561.XSHG,9600,9600,4.51,43296.0,母版持仓&资金记录-20200101-20200611.txt,0,parsed
2020-05-13,,position,1100816.49,668614.49,668614.49,432202.0,432202.0,11,600520.XSHG,2900,2900,7.75,22475.0,母版持仓&资金记录-20200101-20200611.txt,0,parsed
2020-05-13,,position,1100816.49,668614.49,668614.49,432202.0,432202.0,11,300029.XSHE,7800,7800,5.49,42822.0,母版持仓&资金记录-20200101-20200611.txt,0,parsed
2020-05-13,,position,1100816.49,668614.49,668614.49,432202.0,432202.0,11,000929.XSHE,7100,7100,6.26,44446.0,母版持仓&资金记录-20200101-20200611.txt,0,parsed
2020-05-14,,position,1099442.49,441848.49,441848.49,657594.0,657594.0,11,300665.XSHE,6800,6800,9.52,64736.0,母版持仓&资金记录-20200101-20200611.txt,0,parsed
2020-05-14,,position,1099442.49,441848.49,441848.49,657594.0,657594.0,11,002071.XSHE,37800,37800,1.74,65772.0,母版持仓&资金记录-20200101-20200611.txt,0,parsed
2020-05-14,,position,1099442.49,441848.49,441848.49,657594.0,657594.0,11,002209.XSHE,11200,11200,5.86,65632.0,母版持仓&资金记录-20200101-20200611.txt,0,parsed
2020-05-14,,position,1099442.49,441848.49,441848.49,657594.0,657594.0,11,300156.XSHE,57800,57800,0.76,43928.0,母版持仓&资金记录-20200101-20200611.txt,0,parsed
2020-05-14,,position,1099442.49,441848.49,441848.49,657594.0,657594.0,11,300736.XSHE,7600,7600,8.64,65664.0,母版持仓&资金记录-20200101-20200611.txt,0,parsed
2020-05-14,,position,1099442.49,441848.49,441848.49,657594.0,657594.0,11,002633.XSHE,8400,8400,7.62,64008.0,母版持仓&资金记录-20200101-20200611.txt,0,parsed
2020-05-14,,position,1099442.49,441848.49,441848.49,657594.0,657594.0,11,600599.XSHG,10600,10600,6.18,65508.0,母版持仓&资金记录-20200101-20200611.txt,0,parsed
2020-05-14,,position,1099442.49,441848.49,441848.49,657594.0,657594.0,11,600561.XSHG,14600,14600,4.51,65846.0,母版持仓&资金记录-20200101-20200611.txt,0,parsed
2020-05-14,,position,1099442.49,441848.49,441848.49,657594.0,657594.0,11,600520.XSHG,2900,2900,7.9,22910.0,母版持仓&资金记录-20200101-20200611.txt,0,parsed
2020-05-14,,position,1099442.49,441848.49,441848.49,657594.0,657594.0,11,300029.XSHE,12000,12000,5.69,68280.0,母版持仓&资金记录-20200101-20200611.txt,0,parsed
2020-05-14,,position,1099442.49,441848.49,441848.49,657594.0,657594.0,11,000929.XSHE,10500,10500,6.22,65310.0,母版持仓&资金记录-20200101-20200611.txt,0,parsed
2020-05-15,,position,1097837.49,441848.49,441848.49,655989.0,655989.0,11,300665.XSHE,6800,6800,9.48,64464.0,母版持仓&资金记录-20200101-20200611.txt,0,parsed
2020-05-15,,position,1097837.49,441848.49,441848.49,655989.0,655989.0,11,002071.XSHE,37800,37800,1.68,63504.0,母版持仓&资金记录-20200101-20200611.txt,0,parsed
2020-05-15,,position,1097837.49,441848.49,441848.49,655989.0,655989.0,11,002209.XSHE,11200,11200,5.97,66864.0,母版持仓&资金记录-20200101-20200611.txt,0,parsed
2020-05-15,,position,1097837.49,441848.49,441848.49,655989.0,655989.0,11,300156.XSHE,57800,57800,0.73,42194.0,母版持仓&资金记录-20200101-20200611.txt,0,parsed
2020-05-15,,position,1097837.49,441848.49,441848.49,655989.0,655989.0,11,300736.XSHE,7600,7600,8.64,65664.0,母版持仓&资金记录-20200101-20200611.txt,0,parsed
2020-05-15,,position,1097837.49,441848.49,441848.49,655989.0,655989.0,11,002633.XSHE,8400,8400,7.7,64680.0,母版持仓&资金记录-20200101-20200611.txt,0,parsed
2020-05-15,,position,1097837.49,441848.49,441848.49,655989.0,655989.0,11,600599.XSHG,10600,10600,6.48,68688.0,母版持仓&资金记录-20200101-20200611.txt,0,parsed
2020-05-15,,position,1097837.49,441848.49,441848.49,655989.0,655989.0,11,600561.XSHG,14600,14600,4.5,65700.0,母版持仓&资金记录-20200101-20200611.txt,0,parsed
2020-05-15,,position,1097837.49,441848.49,441848.49,655989.0,655989.0,11,600520.XSHG,2900,2900,7.64,22156.0,母版持仓&资金记录-20200101-20200611.txt,0,parsed
2020-05-15,,position,1097837.49,441848.49,441848.49,655989.0,655989.0,11,300029.XSHE,12000,12000,5.59,67080.0,母版持仓&资金记录-20200101-20200611.txt,0,parsed
2020-05-15,,position,1097837.49,441848.49,441848.49,655989.0,655989.0,11,000929.XSHE,10500,10500,6.19,64995.0,母版持仓&资金记录-20200101-20200611.txt,0,parsed
2020-05-18,,position,1078895.49,441848.49,441848.49,637047.0,637047.0,11,300665.XSHE,6800,6800,9.49,64532.0,母版持仓&资金记录-20200101-20200611.txt,0,parsed
2020-05-18,,position,1078895.49,441848.49,441848.49,637047.0,637047.0,11,002071.XSHE,37800,37800,1.57,59346.0,母版持仓&资金记录-20200101-20200611.txt,0,parsed
2020-05-18,,position,1078895.49,441848.49,441848.49,637047.0,637047.0,11,002209.XSHE,11200,11200,5.71,63952.0,母版持仓&资金记录-20200101-20200611.txt,0,parsed
2020-05-18,,position,1078895.49,441848.49,441848.49,637047.0,637047.0,11,300156.XSHE,57800,57800,0.66,38148.0,母版持仓&资金记录-20200101-20200611.txt,0,parsed
2020-05-18,,position,1078895.49,441848.49,441848.49,637047.0,637047.0,11,300736.XSHE,7600,7600,8.47,64372.0,母版持仓&资金记录-20200101-20200611.txt,0,parsed
2020-05-18,,position,1078895.49,441848.49,441848.49,637047.0,637047.0,11,002633.XSHE,8400,8400,7.63,64092.0,母版持仓&资金记录-20200101-20200611.txt,0,parsed
2020-05-18,,position,1078895.49,441848.49,441848.49,637047.0,637047.0,11,600599.XSHG,10600,10600,6.16,65296.0,母版持仓&资金记录-20200101-20200611.txt,0,parsed
2020-05-18,,position,1078895.49,441848.49,441848.49,637047.0,637047.0,11,600561.XSHG,14600,14600,4.5,65700.0,母版持仓&资金记录-20200101-20200611.txt,0,parsed
2020-05-18,,position,1078895.49,441848.49,441848.49,637047.0,637047.0,11,600520.XSHG,2900,2900,7.46,21634.0,母版持仓&资金记录-20200101-20200611.txt,0,parsed
2020-05-18,,position,1078895.49,441848.49,441848.49,637047.0,637047.0,11,300029.XSHE,12000,12000,5.38,64560.0,母版持仓&资金记录-20200101-20200611.txt,0,parsed
2020-05-18,,position,1078895.49,441848.49,441848.49,637047.0,637047.0,11,000929.XSHE,10500,10500,6.23,65415.0,母版持仓&资金记录-20200101-20200611.txt,0,parsed
2020-05-19,,position,1088207.49,217786.49,217786.49,870421.0,870421.0,11,300665.XSHE,9000,9000,9.54,85860.0,母版持仓&资金记录-20200101-20200611.txt,0,parsed
2020-05-19,,position,1088207.49,217786.49,217786.49,870421.0,870421.0,11,002071.XSHE,54700,54700,1.58,86426.0,母版持仓&资金记录-20200101-20200611.txt,0,parsed
2020-05-19,,position,1088207.49,217786.49,217786.49,870421.0,870421.0,11,002209.XSHE,15100,15100,5.71,86221.0,母版持仓&资金记录-20200101-20200611.txt,0,parsed
2020-05-19,,position,1088207.49,217786.49,217786.49,870421.0,870421.0,11,300156.XSHE,104500,104500,0.59,61655.0,母版持仓&资金记录-20200101-20200611.txt,0,parsed
2020-05-19,,position,1088207.49,217786.49,217786.49,870421.0,870421.0,11,300736.XSHE,9900,9900,8.68,85932.0,母版持仓&资金记录-20200101-20200611.txt,0,parsed
2020-05-19,,position,1088207.49,217786.49,217786.49,870421.0,870421.0,11,002633.XSHE,11200,11200,7.59,85008.0,母版持仓&资金记录-20200101-20200611.txt,0,parsed
2020-05-19,,position,1088207.49,217786.49,217786.49,870421.0,870421.0,11,600599.XSHG,14000,14000,6.78,94920.0,母版持仓&资金记录-20200101-20200611.txt,0,parsed
2020-05-19,,position,1088207.49,217786.49,217786.49,870421.0,870421.0,11,600561.XSHG,19100,19100,4.56,87096.0,母版持仓&资金记录-20200101-20200611.txt,0,parsed
2020-05-19,,position,1088207.49,217786.49,217786.49,870421.0,870421.0,11,600520.XSHG,2900,2900,8.21,23809.0,母版持仓&资金记录-20200101-20200611.txt,0,parsed
2020-05-19,,position,1088207.49,217786.49,217786.49,870421.0,870421.0,11,300029.XSHE,16000,16000,5.47,87520.0,母版持仓&资金记录-20200101-20200611.txt,0,parsed
2020-05-19,,position,1088207.49,217786.49,217786.49,870421.0,870421.0,11,000929.XSHE,13800,13800,6.23,85974.0,母版持仓&资金记录-20200101-20200611.txt,0,parsed
2020-05-20,,position,1097825.49,217786.49,217786.49,880039.0,880039.0,11,300665.XSHE,9000,9000,9.46,85140.0,母版持仓&资金记录-20200101-20200611.txt,0,parsed
2020-05-20,,position,1097825.49,217786.49,217786.49,880039.0,880039.0,11,002071.XSHE,54700,54700,1.74,95178.0,母版持仓&资金记录-20200101-20200611.txt,0,parsed
2020-05-20,,position,1097825.49,217786.49,217786.49,880039.0,880039.0,11,002209.XSHE,15100,15100,5.74,86674.0,母版持仓&资金记录-20200101-20200611.txt,0,parsed
2020-05-20,,position,1097825.49,217786.49,217786.49,880039.0,880039.0,11,300156.XSHE,104500,104500,0.53,55385.0,母版持仓&资金记录-20200101-20200611.txt,0,parsed
2020-05-20,,position,1097825.49,217786.49,217786.49,880039.0,880039.0,11,300736.XSHE,9900,9900,8.55,84645.0,母版持仓&资金记录-20200101-20200611.txt,0,parsed
2020-05-20,,position,1097825.49,217786.49,217786.49,880039.0,880039.0,11,002633.XSHE,11200,11200,7.49,83888.0,母版持仓&资金记录-20200101-20200611.txt,0,parsed
2020-05-20,,position,1097825.49,217786.49,217786.49,880039.0,880039.0,11,600599.XSHG,14000,14000,7.46,104440.0,母版持仓&资金记录-20200101-20200611.txt,0,parsed
2020-05-20,,position,1097825.49,217786.49,217786.49,880039.0,880039.0,11,600561.XSHG,19100,19100,4.52,86332.0,母版持仓&资金记录-20200101-20200611.txt,0,parsed
2020-05-20,,position,1097825.49,217786.49,217786.49,880039.0,880039.0,11,600520.XSHG,2900,2900,9.03,26187.0,母版持仓&资金记录-20200101-20200611.txt,0,parsed
2020-05-20,,position,1097825.49,217786.49,217786.49,880039.0,880039.0,11,300029.XSHE,16000,16000,5.37,85920.0,母版持仓&资金记录-20200101-20200611.txt,0,parsed
2020-05-20,,position,1097825.49,217786.49,217786.49,880039.0,880039.0,11,000929.XSHE,13800,13800,6.25,86250.0,母版持仓&资金记录-20200101-20200611.txt,0,parsed
2020-05-21,,position,1111067.54,242697.54,242697.54,868370.0,868370.0,11,300665.XSHE,9000,9000,9.45,85050.0,母版持仓&资金记录-20200101-20200611.txt,0,parsed
2020-05-21,,position,1111067.54,242697.54,242697.54,868370.0,868370.0,11,002071.XSHE,54700,54700,1.91,104477.0,母版持仓&资金记录-20200101-20200611.txt,0,parsed
2020-05-21,,position,1111067.54,242697.54,242697.54,868370.0,868370.0,11,002209.XSHE,15100,15100,5.81,87731.0,母版持仓&资金记录-20200101-20200611.txt,0,parsed
2020-05-21,,position,1111067.54,242697.54,242697.54,868370.0,868370.0,11,300156.XSHE,104500,104500,0.48,50160.0,母版持仓&资金记录-20200101-20200611.txt,0,parsed
2020-05-21,,position,1111067.54,242697.54,242697.54,868370.0,868370.0,11,300736.XSHE,9900,9900,8.54,84546.0,母版持仓&资金记录-20200101-20200611.txt,0,parsed
2020-05-21,,position,1111067.54,242697.54,242697.54,868370.0,868370.0,11,002633.XSHE,11200,11200,7.53,84336.0,母版持仓&资金记录-20200101-20200611.txt,0,parsed
2020-05-21,,position,1111067.54,242697.54,242697.54,868370.0,868370.0,11,600599.XSHG,11100,11100,8.21,91131.0,母版持仓&资金记录-20200101-20200611.txt,0,parsed
2020-05-21,,position,1111067.54,242697.54,242697.54,868370.0,868370.0,11,600561.XSHG,19100,19100,4.55,86905.0,母版持仓&资金记录-20200101-20200611.txt,0,parsed
2020-05-21,,position,1111067.54,242697.54,242697.54,868370.0,868370.0,11,600520.XSHG,2700,2700,8.3,22410.0,母版持仓&资金记录-20200101-20200611.txt,0,parsed
2020-05-21,,position,1111067.54,242697.54,242697.54,868370.0,868370.0,11,300029.XSHE,16000,16000,5.31,84960.0,母版持仓&资金记录-20200101-20200611.txt,0,parsed
2020-05-21,,position,1111067.54,242697.54,242697.54,868370.0,868370.0,11,000929.XSHE,13800,13800,6.28,86664.0,母版持仓&资金记录-20200101-20200611.txt,0,parsed
2020-05-22,,position,1100060.69,269.69,269.69,1099791.0,1099791.0,14,300665.XSHE,11700,11700,9.31,108927.0,母版持仓&资金记录-20200101-20200611.txt,0,parsed
2020-05-22,,position,1100060.69,269.69,269.69,1099791.0,1099791.0,14,002071.XSHE,54700,54700,2.1,114870.0,母版持仓&资金记录-20200101-20200611.txt,0,parsed
2020-05-22,,position,1100060.69,269.69,269.69,1099791.0,1099791.0,14,002209.XSHE,19200,19200,5.68,109056.0,母版持仓&资金记录-20200101-20200611.txt,0,parsed
2020-05-22,,position,1100060.69,269.69,269.69,1099791.0,1099791.0,14,000502.XSHE,3500,3500,6.27,21945.0,母版持仓&资金记录-20200101-20200611.txt,0,parsed
2020-05-22,,position,1100060.69,269.69,269.69,1099791.0,1099791.0,14,300156.XSHE,104500,104500,0.43,44935.0,母版持仓&资金记录-20200101-20200611.txt,0,parsed
2020-05-22,,position,1100060.69,269.69,269.69,1099791.0,1099791.0,14,300736.XSHE,12900,12900,8.52,109908.0,母版持仓&资金记录-20200101-20200611.txt,0,parsed
2020-05-22,,position,1100060.69,269.69,269.69,1099791.0,1099791.0,14,002633.XSHE,14600,14600,7.56,110376.0,母版持仓&资金记录-20200101-20200611.txt,0,parsed
2020-05-22,,position,1100060.69,269.69,269.69,1099791.0,1099791.0,14,600599.XSHG,11800,11800,7.39,87202.0,母版持仓&资金记录-20200101-20200611.txt,0,parsed
2020-05-22,,position,1100060.69,269.69,269.69,1099791.0,1099791.0,14,603269.XSHG,1700,1700,12.72,21624.0,母版持仓&资金记录-20200101-20200611.txt,0,parsed
2020-05-22,,position,1100060.69,269.69,269.69,1099791.0,1099791.0,14,600561.XSHG,24100,24100,4.47,107727.0,母版持仓&资金记录-20200101-20200611.txt,0,parsed
2020-05-22,,position,1100060.69,269.69,269.69,1099791.0,1099791.0,14,600520.XSHG,2600,2600,9.13,23738.0,母版持仓&资金记录-20200101-20200611.txt,0,parsed
2020-05-22,,position,1100060.69,269.69,269.69,1099791.0,1099791.0,14,300029.XSHE,20700,20700,5.25,108675.0,母版持仓&资金记录-20200101-20200611.txt,0,parsed
2020-05-22,,position,1100060.69,269.69,269.69,1099791.0,1099791.0,14,002473.XSHE,2900,2900,7.6,22040.0,母版持仓&资金记录-20200101-20200611.txt,0,parsed
2020-05-22,,position,1100060.69,269.69,269.69,1099791.0,1099791.0,14,000929.XSHE,17600,17600,6.18,108768.0,母版持仓&资金记录-20200101-20200611.txt,0,parsed
2020-05-25,,position,1080810.19,19738.19,19738.19,1061072.0,1061072.0,14,300665.XSHE,11700,11700,9.38,109746.0,母版持仓&资金记录-20200101-20200611.txt,0,parsed
2020-05-25,,position,1080810.19,19738.19,19738.19,1061072.0,1061072.0,14,002071.XSHE,44600,44600,1.94,86524.0,母版持仓&资金记录-20200101-20200611.txt,0,parsed
2020-05-25,,position,1080810.19,19738.19,19738.19,1061072.0,1061072.0,14,002209.XSHE,19200,19200,5.75,110400.0,母版持仓&资金记录-20200101-20200611.txt,0,parsed
2020-05-25,,position,1080810.19,19738.19,19738.19,1061072.0,1061072.0,14,000502.XSHE,3500,3500,6.39,22365.0,母版持仓&资金记录-20200101-20200611.txt,0,parsed
2020-05-25,,position,1080810.19,19738.19,19738.19,1061072.0,1061072.0,14,300156.XSHE,104500,104500,0.39,40755.0,母版持仓&资金记录-20200101-20200611.txt,0,parsed
2020-05-25,,position,1080810.19,19738.19,19738.19,1061072.0,1061072.0,14,300736.XSHE,12900,12900,8.5,109650.0,母版持仓&资金记录-20200101-20200611.txt,0,parsed
2020-05-25,,position,1080810.19,19738.19,19738.19,1061072.0,1061072.0,14,002633.XSHE,14600,14600,7.57,110522.0,母版持仓&资金记录-20200101-20200611.txt,0,parsed
2020-05-25,,position,1080810.19,19738.19,19738.19,1061072.0,1061072.0,14,600599.XSHG,11800,11800,6.65,78470.0,母版持仓&资金记录-20200101-20200611.txt,0,parsed
2020-05-25,,position,1080810.19,19738.19,19738.19,1061072.0,1061072.0,14,603269.XSHG,1700,1700,12.76,21692.0,母版持仓&资金记录-20200101-20200611.txt,0,parsed
2020-05-25,,position,1080810.19,19738.19,19738.19,1061072.0,1061072.0,14,600561.XSHG,24100,24100,4.46,107486.0,母版持仓&资金记录-20200101-20200611.txt,0,parsed
2020-05-25,,position,1080810.19,19738.19,19738.19,1061072.0,1061072.0,14,600520.XSHG,2600,2600,8.62,22412.0,母版持仓&资金记录-20200101-20200611.txt,0,parsed
2020-05-25,,position,1080810.19,19738.19,19738.19,1061072.0,1061072.0,14,300029.XSHE,20700,20700,5.3,109710.0,母版持仓&资金记录-20200101-20200611.txt,0,parsed
2020-05-25,,position,1080810.19,19738.19,19738.19,1061072.0,1061072.0,14,002473.XSHE,2900,2900,7.48,21692.0,母版持仓&资金记录-20200101-20200611.txt,0,parsed
2020-05-25,,position,1080810.19,19738.19,19738.19,1061072.0,1061072.0,14,000929.XSHE,17600,17600,6.23,109648.0,母版持仓&资金记录-20200101-20200611.txt,0,parsed
2020-05-26,,position,1099886.19,19738.19,19738.19,1080148.0,1080148.0,14,300665.XSHE,11700,11700,9.47,110799.0,母版持仓&资金记录-20200101-20200611.txt,0,parsed
2020-05-26,,position,1099886.19,19738.19,19738.19,1080148.0,1080148.0,14,002071.XSHE,44600,44600,1.95,86970.0,母版持仓&资金记录-20200101-20200611.txt,0,parsed
2020-05-26,,position,1099886.19,19738.19,19738.19,1080148.0,1080148.0,14,002209.XSHE,19200,19200,5.83,111936.0,母版持仓&资金记录-20200101-20200611.txt,0,parsed
2020-05-26,,position,1099886.19,19738.19,19738.19,1080148.0,1080148.0,14,000502.XSHE,3500,3500,6.45,22575.0,母版持仓&资金记录-20200101-20200611.txt,0,parsed
2020-05-26,,position,1099886.19,19738.19,19738.19,1080148.0,1080148.0,14,300156.XSHE,104500,104500,0.35,36575.0,母版持仓&资金记录-20200101-20200611.txt,0,parsed
2020-05-26,,position,1099886.19,19738.19,19738.19,1080148.0,1080148.0,14,300736.XSHE,12900,12900,8.67,111843.0,母版持仓&资金记录-20200101-20200611.txt,0,parsed
2020-05-26,,position,1099886.19,19738.19,19738.19,1080148.0,1080148.0,14,002633.XSHE,14600,14600,7.71,112566.0,母版持仓&资金记录-20200101-20200611.txt,0,parsed
2020-05-26,,position,1099886.19,19738.19,19738.19,1080148.0,1080148.0,14,600599.XSHG,11800,11800,7.32,86376.0,母版持仓&资金记录-20200101-20200611.txt,0,parsed
2020-05-26,,position,1099886.19,19738.19,19738.19,1080148.0,1080148.0,14,603269.XSHG,1700,1700,12.98,22066.0,母版持仓&资金记录-20200101-20200611.txt,0,parsed
2020-05-26,,position,1099886.19,19738.19,19738.19,1080148.0,1080148.0,14,600561.XSHG,24100,24100,4.52,108932.0,母版持仓&资金记录-20200101-20200611.txt,0,parsed
2020-05-26,,position,1099886.19,19738.19,19738.19,1080148.0,1080148.0,14,600520.XSHG,2600,2600,9.48,24648.0,母版持仓&资金记录-20200101-20200611.txt,0,parsed
2020-05-26,,position,1099886.19,19738.19,19738.19,1080148.0,1080148.0,14,300029.XSHE,20700,20700,5.36,110952.0,母版持仓&资金记录-20200101-20200611.txt,0,parsed
2020-05-26,,position,1099886.19,19738.19,19738.19,1080148.0,1080148.0,14,002473.XSHE,2900,2900,7.82,22678.0,母版持仓&资金记录-20200101-20200611.txt,0,parsed
2020-05-26,,position,1099886.19,19738.19,19738.19,1080148.0,1080148.0,14,000929.XSHE,17600,17600,6.32,111232.0,母版持仓&资金记录-20200101-20200611.txt,0,parsed
2020-05-27,,position,1094643.73,48943.73,48943.73,1045700.0,1045700.0,13,300665.XSHE,11500,11500,9.52,109480.0,母版持仓&资金记录-20200101-20200611.txt,0,parsed
2020-05-27,,position,1094643.73,48943.73,48943.73,1045700.0,1045700.0,13,002071.XSHE,45700,45700,1.87,85459.0,母版持仓&资金记录-20200101-20200611.txt,0,parsed
2020-05-27,,position,1094643.73,48943.73,48943.73,1045700.0,1045700.0,13,002209.XSHE,18700,18700,5.8,108460.0,母版持仓&资金记录-20200101-20200611.txt,0,parsed
2020-05-27,,position,1094643.73,48943.73,48943.73,1045700.0,1045700.0,13,000502.XSHE,6700,6700,6.39,42813.0,母版持仓&资金记录-20200101-20200611.txt,0,parsed
2020-05-27,,position,1094643.73,48943.73,48943.73,1045700.0,1045700.0,13,300156.XSHE,104500,104500,0.32,33440.0,母版持仓&资金记录-20200101-20200611.txt,0,parsed
2020-05-27,,position,1094643.73,48943.73,48943.73,1045700.0,1045700.0,13,300736.XSHE,12500,12500,8.76,109500.0,母版持仓&资金记录-20200101-20200611.txt,0,parsed
2020-05-27,,position,1094643.73,48943.73,48943.73,1045700.0,1045700.0,13,002633.XSHE,14300,14300,7.71,110253.0,母版持仓&资金记录-20200101-20200611.txt,0,parsed
2020-05-27,,position,1094643.73,48943.73,48943.73,1045700.0,1045700.0,13,600599.XSHG,8800,8800,7.2,63360.0,母版持仓&资金记录-20200101-20200611.txt,0,parsed
2020-05-27,,position,1094643.73,48943.73,48943.73,1045700.0,1045700.0,13,603269.XSHG,2500,2500,12.98,32450.0,母版持仓&资金记录-20200101-20200611.txt,0,parsed
2020-05-27,,position,1094643.73,48943.73,48943.73,1045700.0,1045700.0,13,600561.XSHG,24100,24100,4.51,108691.0,母版持仓&资金记录-20200101-20200611.txt,0,parsed
2020-05-27,,position,1094643.73,48943.73,48943.73,1045700.0,1045700.0,13,300029.XSHE,20500,20500,5.36,109880.0,母版持仓&资金记录-20200101-20200611.txt,0,parsed
2020-05-27,,position,1094643.73,48943.73,48943.73,1045700.0,1045700.0,13,002473.XSHE,2800,2800,7.9,22120.0,母版持仓&资金记录-20200101-20200611.txt,0,parsed
2020-05-27,,position,1094643.73,48943.73,48943.73,1045700.0,1045700.0,13,000929.XSHE,17400,17400,6.31,109794.0,母版持仓&资金记录-20200101-20200611.txt,0,parsed
2020-05-28,,position,1109861.73,48943.73,48943.73,1060918.0,1060918.0,13,300665.XSHE,11500,11500,9.48,109020.0,母版持仓&资金记录-20200101-20200611.txt,0,parsed
2020-05-28,,position,1109861.73,48943.73,48943.73,1060918.0,1060918.0,13,002071.XSHE,45700,45700,2.06,94142.0,母版持仓&资金记录-20200101-20200611.txt,0,parsed
2020-05-28,,position,1109861.73,48943.73,48943.73,1060918.0,1060918.0,13,002209.XSHE,18700,18700,5.82,108834.0,母版持仓&资金记录-20200101-20200611.txt,0,parsed
2020-05-28,,position,1109861.73,48943.73,48943.73,1060918.0,1060918.0,13,000502.XSHE,6700,6700,6.35,42545.0,母版持仓&资金记录-20200101-20200611.txt,0,parsed
2020-05-28,,position,1109861.73,48943.73,48943.73,1060918.0,1060918.0,13,300156.XSHE,104500,104500,0.32,33440.0,母版持仓&资金记录-20200101-20200611.txt,0,parsed
2020-05-28,,position,1109861.73,48943.73,48943.73,1060918.0,1060918.0,13,300736.XSHE,12500,12500,8.76,109500.0,母版持仓&资金记录-20200101-20200611.txt,0,parsed
2020-05-28,,position,1109861.73,48943.73,48943.73,1060918.0,1060918.0,13,002633.XSHE,14300,14300,7.71,110253.0,母版持仓&资金记录-20200101-20200611.txt,0,parsed
2020-05-28,,position,1109861.73,48943.73,48943.73,1060918.0,1060918.0,13,600599.XSHG,8800,8800,7.92,69696.0,母版持仓&资金记录-20200101-20200611.txt,0,parsed
2020-05-28,,position,1109861.73,48943.73,48943.73,1060918.0,1060918.0,13,603269.XSHG,2500,2500,12.98,32450.0,母版持仓&资金记录-20200101-20200611.txt,0,parsed
2020-05-28,,position,1109861.73,48943.73,48943.73,1060918.0,1060918.0,13,600561.XSHG,24100,24100,4.47,107727.0,母版持仓&资金记录-20200101-20200611.txt,0,parsed
2020-05-28,,position,1109861.73,48943.73,48943.73,1060918.0,1060918.0,13,300029.XSHE,20500,20500,5.33,109265.0,母版持仓&资金记录-20200101-20200611.txt,0,parsed
2020-05-28,,position,1109861.73,48943.73,48943.73,1060918.0,1060918.0,13,002473.XSHE,2800,2800,8.04,22512.0,母版持仓&资金记录-20200101-20200611.txt,0,parsed
2020-05-28,,position,1109861.73,48943.73,48943.73,1060918.0,1060918.0,13,000929.XSHE,17400,17400,6.41,111534.0,母版持仓&资金记录-20200101-20200611.txt,0,parsed
2020-05-29,,position,1129846.76,53901.76,53901.76,1075945.0,1075945.0,13,300665.XSHE,11500,11500,9.57,110055.0,母版持仓&资金记录-20200101-20200611.txt,0,parsed
2020-05-29,,position,1129846.76,53901.76,53901.76,1075945.0,1075945.0,13,002071.XSHE,45700,45700,2.27,103739.0,母版持仓&资金记录-20200101-20200611.txt,0,parsed
2020-05-29,,position,1129846.76,53901.76,53901.76,1075945.0,1075945.0,13,002209.XSHE,18700,18700,5.88,109956.0,母版持仓&资金记录-20200101-20200611.txt,0,parsed
2020-05-29,,position,1129846.76,53901.76,53901.76,1075945.0,1075945.0,13,000502.XSHE,6700,6700,6.51,43617.0,母版持仓&资金记录-20200101-20200611.txt,0,parsed
2020-05-29,,position,1129846.76,53901.76,53901.76,1075945.0,1075945.0,13,300156.XSHE,104500,104500,0.32,33440.0,母版持仓&资金记录-20200101-20200611.txt,0,parsed
2020-05-29,,position,1129846.76,53901.76,53901.76,1075945.0,1075945.0,13,300736.XSHE,12500,12500,8.76,109500.0,母版持仓&资金记录-20200101-20200611.txt,0,parsed
2020-05-29,,position,1129846.76,53901.76,53901.76,1075945.0,1075945.0,13,002633.XSHE,14300,14300,7.72,110396.0,母版持仓&资金记录-20200101-20200611.txt,0,parsed
2020-05-29,,position,1129846.76,53901.76,53901.76,1075945.0,1075945.0,13,600599.XSHG,8200,8200,8.38,68716.0,母版持仓&资金记录-20200101-20200611.txt,0,parsed
2020-05-29,,position,1129846.76,53901.76,53901.76,1075945.0,1075945.0,13,603269.XSHG,2500,2500,12.99,32475.0,母版持仓&资金记录-20200101-20200611.txt,0,parsed
2020-05-29,,position,1129846.76,53901.76,53901.76,1075945.0,1075945.0,13,600561.XSHG,24100,24100,4.52,108932.0,母版持仓&资金记录-20200101-20200611.txt,0,parsed
2020-05-29,,position,1129846.76,53901.76,53901.76,1075945.0,1075945.0,13,300029.XSHE,20500,20500,5.41,110905.0,母版持仓&资金记录-20200101-20200611.txt,0,parsed
2020-05-29,,position,1129846.76,53901.76,53901.76,1075945.0,1075945.0,13,002473.XSHE,2800,2800,8.1,22680.0,母版持仓&资金记录-20200101-20200611.txt,0,parsed
2020-05-29,,position,1129846.76,53901.76,53901.76,1075945.0,1075945.0,13,000929.XSHE,17400,17400,6.41,111534.0,母版持仓&资金记录-20200101-20200611.txt,0,parsed
2020-06-01,,position,529316.0,,,529316.0,529316.0,5,002071.XSHE,45700,45700,2.5,114250.0,母版持仓&资金记录-20200101-20200611.txt,0,parsed
2020-06-01,,position,529316.0,,,529316.0,529316.0,5,002633.XSHE,14600,14600,7.81,114026.0,母版持仓&资金记录-20200101-20200611.txt,0,parsed
2020-06-01,,position,529316.0,,,529316.0,529316.0,5,600599.XSHG,8200,8200,8.69,71258.0,母版持仓&资金记录-20200101-20200611.txt,0,parsed
2020-06-01,,position,529316.0,,,529316.0,529316.0,5,600561.XSHG,25000,25000,4.61,115250.0,母版持仓&资金记录-20200101-20200611.txt,0,parsed
2020-06-01,,position,529316.0,,,529316.0,529316.0,5,300029.XSHE,20900,20900,5.48,114532.0,母版持仓&资金记录-20200101-20200611.txt,0,parsed
