date,time,snapshot_type,total_asset,cash,available_cash,position_market_value_reported,position_market_value_calculated,position_count,code,position_qty,available_qty,market_price,market_value,source_file,source_line_no,parse_status
2025-01-02,,account,999901.0,9198.1,9198.1,990702.9,990702.9,1,,,,,,母版持仓&资金记录-20250101-20250618.txt,1,parsed
2025-01-03,,account,999980.2,9198.1,9198.1,990782.1,990782.1,1,,,,,,母版持仓&资金记录-20250101-20250618.txt,5,parsed
2025-01-06,,account,1000000.0,9198.1,9198.1,990801.9,990801.9,1,,,,,,母版持仓&资金记录-20250101-20250618.txt,9,parsed
2025-01-07,,account,1000079.2,9198.1,9198.1,990881.1,990881.1,1,,,,,,母版持仓&资金记录-20250101-20250618.txt,13,parsed
2025-01-08,,account,1000405.9,9198.1,9198.1,991207.8,991207.8,1,,,,,,母版持仓&资金记录-20250101-20250618.txt,17,parsed
2025-01-09,,account,1000287.1,9198.1,9198.1,991089.0,991089.0,1,,,,,,母版持仓&资金记录-20250101-20250618.txt,21,parsed
2025-01-10,,account,1000376.2,9198.1,9198.1,991178.1,991178.1,1,,,,,,母版持仓&资金记录-20250101-20250618.txt,25,parsed
2025-01-13,,account,1000217.8,9198.1,9198.1,991019.7,991019.7,1,,,,,,母版持仓&资金记录-20250101-20250618.txt,29,parsed
2025-01-14,,account,1000138.6,9198.1,9198.1,990940.5,990940.5,1,,,,,,母版持仓&资金记录-20250101-20250618.txt,33,parsed
2025-01-15,,account,1000326.7,9198.1,9198.1,991128.6,991128.6,1,,,,,,母版持仓&资金记录-20250101-20250618.txt,37,parsed
2025-01-16,,account,1000237.6,9198.1,9198.1,991039.5,991039.5,1,,,,,,母版持仓&资金记录-20250101-20250618.txt,41,parsed
2025-01-17,,account,1000316.8,9198.1,9198.1,991118.7,991118.7,1,,,,,,母版持仓&资金记录-20250101-20250618.txt,45,parsed
2025-01-20,,account,1000257.4,9198.1,9198.1,991059.3,991059.3,1,,,,,,母版持仓&资金记录-20250101-20250618.txt,49,parsed
2025-01-21,,account,1000386.1,9198.1,9198.1,991188.0,991188.0,1,,,,,,母版持仓&资金记录-20250101-20250618.txt,53,parsed
2025-01-22,,account,1000475.2,9198.1,9198.1,991277.1,991277.1,1,,,,,,母版持仓&资金记录-20250101-20250618.txt,57,parsed
2025-01-23,,account,1000415.8,9198.1,9198.1,991217.7,991217.7,1,,,,,,母版持仓&资金记录-20250101-20250618.txt,61,parsed
2025-01-24,,account,1000435.6,9198.1,9198.1,991237.5,991237.5,1,,,,,,母版持仓&资金记录-20250101-20250618.txt,65,parsed
2025-01-27,,account,1001079.1,9198.1,9198.1,991881.0,991881.0,1,,,,,,母版持仓&资金记录-20250101-20250618.txt,69,parsed
2025-02-05,,account,1009580.9,804121.9,804121.9,205459.0,205459.0,10,,,,,,母版持仓&资金记录-20250101-20250618.txt,73,parsed
2025-02-06,,account,1013365.88,809130.88,809130.88,204235.0,204235.0,10,,,,,,母版持仓&资金记录-20250101-20250618.txt,86,parsed
2025-02-07,,account,1018218.88,809130.88,809130.88,209088.0,209088.0,10,,,,,,母版持仓&资金记录-20250101-20250618.txt,99,parsed
2025-02-10,,account,1034789.22,616581.22,616581.22,418208.0,418208.0,11,,,,,,母版持仓&资金记录-20250101-20250618.txt,112,parsed
2025-02-11,,account,1035201.22,616581.22,616581.22,418620.0,418620.0,11,,,,,,母版持仓&资金记录-20250101-20250618.txt,126,parsed
2025-02-12,,account,1031578.26,623518.26,623518.26,408060.0,408060.0,11,,,,,,母版持仓&资金记录-20250101-20250618.txt,140,parsed
2025-02-13,,account,1023957.26,417806.26,417806.26,606151.0,606151.0,12,,,,,,母版持仓&资金记录-20250101-20250618.txt,154,parsed
2025-02-14,,account,1023512.26,417806.26,417806.26,605706.0,605706.0,12,,,,,,母版持仓&资金记录-20250101-20250618.txt,169,parsed
2025-02-17,,account,1062697.26,417806.26,417806.26,644891.0,644891.0,12,,,,,,母版持仓&资金记录-20250101-20250618.txt,184,parsed
2025-02-18,,account,1060489.58,222212.58,222212.58,838277.0,838277.0,14,,,,,,母版持仓&资金记录-20250101-20250618.txt,199,parsed
2025-02-19,,account,1075875.04,226743.04,226743.04,849132.0,849132.0,14,,,,,,母版持仓&资金记录-20250101-20250618.txt,216,parsed
2025-02-20,,account,1076043.58,233188.58,233188.58,842855.0,842855.0,14,,,,,,母版持仓&资金记录-20250101-20250618.txt,233,parsed
2025-02-21,,account,1066385.35,2914.35,2914.35,1063471.0,1063471.0,15,,,,,,母版持仓&资金记录-20250101-20250618.txt,250,parsed
2025-02-24,,account,1074639.35,2914.35,2914.35,1071725.0,1071725.0,15,,,,,,母版持仓&资金记录-20250101-20250618.txt,268,parsed
2025-02-25,,account,1074895.35,2914.35,2914.35,1071981.0,1071981.0,15,,,,,,母版持仓&资金记录-20250101-20250618.txt,286,parsed
2025-02-26,,account,1086332.55,862.55,862.55,1085470.0,1085470.0,15,,,,,,母版持仓&资金记录-20250101-20250618.txt,304,parsed
2025-02-27,,account,1083362.55,862.55,862.55,1082500.0,1082500.0,15,,,,,,母版持仓&资金记录-20250101-20250618.txt,322,parsed
2025-02-28,,account,1066193.02,5389.02,5389.02,1060804.0,1060804.0,15,,,,,,母版持仓&资金记录-20250101-20250618.txt,340,parsed
2025-03-03,,account,1065467.6,27081.6,27081.6,1038386.0,1038386.0,14,,,,,,母版持仓&资金记录-20250101-20250618.txt,358,parsed
2025-03-04,,account,1071178.6,27081.6,27081.6,1044097.0,1044097.0,14,,,,,,母版持仓&资金记录-20250101-20250618.txt,375,parsed
2025-03-05,,account,1060936.6,27081.6,27081.6,1033855.0,1033855.0,14,,,,,,母版持仓&资金记录-20250101-20250618.txt,392,parsed
2025-03-06,,account,1076384.7,1926.7,1926.7,1074458.0,1074458.0,13,,,,,,母版持仓&资金记录-20250101-20250618.txt,409,parsed
2025-03-07,,account,1060974.7,1926.7,1926.7,1059048.0,1059048.0,13,,,,,,母版持仓&资金记录-20250101-20250618.txt,425,parsed
2025-03-10,,account,1102867.7,1926.7,1926.7,1100941.0,1100941.0,13,,,,,,母版持仓&资金记录-20250101-20250618.txt,441,parsed
2025-03-11,,account,1106399.39,36487.39,36487.39,1069912.0,1069912.0,11,,,,,,母版持仓&资金记录-20250101-20250618.txt,457,parsed
2025-03-12,,account,1112424.39,36487.39,36487.39,1075937.0,1075937.0,11,,,,,,母版持仓&资金记录-20250101-20250618.txt,471,parsed
2025-03-13,,account,1097351.39,36487.39,36487.39,1060864.0,1060864.0,11,,,,,,母版持仓&资金记录-20250101-20250618.txt,485,parsed
2025-03-14,,account,1118960.89,253.89,253.89,1118707.0,1118707.0,12,,,,,,母版持仓&资金记录-20250101-20250618.txt,499,parsed
2025-03-17,,account,1128623.89,253.89,253.89,1128370.0,1128370.0,12,,,,,,母版持仓&资金记录-20250101-20250618.txt,514,parsed
2025-03-18,,account,1128134.89,253.89,253.89,1127881.0,1127881.0,12,,,,,,母版持仓&资金记录-20250101-20250618.txt,529,parsed
2025-03-19,,account,1125231.41,150.41,150.41,1125081.0,1125081.0,12,,,,,,母版持仓&资金记录-20250101-20250618.txt,544,parsed
2025-03-20,,account,1133342.41,150.41,150.41,1133192.0,1133192.0,12,,,,,,母版持仓&资金记录-20250101-20250618.txt,559,parsed
2025-03-21,,account,1113962.41,150.41,150.41,1113812.0,1113812.0,12,,,,,,母版持仓&资金记录-20250101-20250618.txt,574,parsed
2025-03-24,,account,1064749.5,48.5,48.5,1064701.0,1064701.0,12,,,,,,母版持仓&资金记录-20250101-20250618.txt,589,parsed
2025-03-25,,account,1059477.76,16761.76,16761.76,1042716.0,1042716.0,12,,,,,,母版持仓&资金记录-20250101-20250618.txt,604,parsed
2025-03-26,,account,1089719.76,16761.76,16761.76,1072958.0,1072958.0,12,,,,,,母版持仓&资金记录-20250101-20250618.txt,619,parsed
2025-03-27,,account,1066961.2,26555.2,26555.2,1040406.0,1040406.0,12,,,,,,母版持仓&资金记录-20250101-20250618.txt,634,parsed
2025-03-28,,account,1030264.53,33212.53,33212.53,997052.0,997052.0,12,,,,,,母版持仓&资金记录-20250101-20250618.txt,649,parsed
2025-03-31,,account,1001574.53,33212.53,33212.53,968362.0,968362.0,12,,,,,,母版持仓&资金记录-20250101-20250618.txt,664,parsed
2025-04-01,,account,1005275.13,6206.13,6206.13,999069.0,999069.0,2,,,,,,母版持仓&资金记录-20250101-20250618.txt,679,parsed
2025-04-02,,account,1005347.13,6206.13,6206.13,999141.0,999141.0,2,,,,,,母版持仓&资金记录-20250101-20250618.txt,684,parsed
2025-04-03,,account,1005392.13,6206.13,6206.13,999186.0,999186.0,2,,,,,,母版持仓&资金记录-20250101-20250618.txt,689,parsed
2025-04-07,,account,1005311.13,6206.13,6206.13,999105.0,999105.0,2,,,,,,母版持仓&资金记录-20250101-20250618.txt,694,parsed
2025-04-08,,account,1014987.13,6206.13,6206.13,1008781.0,1008781.0,2,,,,,,母版持仓&资金记录-20250101-20250618.txt,699,parsed
2025-04-09,,account,1025518.13,6206.13,6206.13,1019312.0,1019312.0,2,,,,,,母版持仓&资金记录-20250101-20250618.txt,704,parsed
2025-04-10,,account,1029465.13,6206.13,6206.13,1023259.0,1023259.0,2,,,,,,母版持仓&资金记录-20250101-20250618.txt,709,parsed
2025-04-11,,account,1018552.13,6206.13,6206.13,1012346.0,1012346.0,2,,,,,,母版持仓&资金记录-20250101-20250618.txt,714,parsed
2025-04-14,,account,1018517.13,6206.13,6206.13,1012311.0,1012311.0,2,,,,,,母版持仓&资金记录-20250101-20250618.txt,719,parsed
2025-04-15,,account,1023008.13,6206.13,6206.13,1016802.0,1016802.0,2,,,,,,母版持仓&资金记录-20250101-20250618.txt,724,parsed
2025-04-16,,account,1018447.13,6206.13,6206.13,1012241.0,1012241.0,2,,,,,,母版持仓&资金记录-20250101-20250618.txt,729,parsed
2025-04-17,,account,1014981.13,6206.13,6206.13,1008775.0,1008775.0,2,,,,,,母版持仓&资金记录-20250101-20250618.txt,734,parsed
2025-04-18,,account,1016122.13,6206.13,6206.13,1009916.0,1009916.0,2,,,,,,母版持仓&资金记录-20250101-20250618.txt,739,parsed
2025-04-21,,account,1015115.13,6206.13,6206.13,1008909.0,1008909.0,2,,,,,,母版持仓&资金记录-20250101-20250618.txt,744,parsed
2025-04-22,,account,1015552.13,6206.13,6206.13,1009346.0,1009346.0,2,,,,,,母版持仓&资金记录-20250101-20250618.txt,749,parsed
2025-04-23,,account,1013200.13,6206.13,6206.13,1006994.0,1006994.0,2,,,,,,母版持仓&资金记录-20250101-20250618.txt,754,parsed
2025-04-24,,account,1013557.13,6206.13,6206.13,1007351.0,1007351.0,2,,,,,,母版持仓&资金记录-20250101-20250618.txt,759,parsed
2025-04-25,,account,1014003.13,6206.13,6206.13,1007797.0,1007797.0,2,,,,,,母版持仓&资金记录-20250101-20250618.txt,764,parsed
2025-04-28,,account,1013985.13,6206.13,6206.13,1007779.0,1007779.0,2,,,,,,母版持仓&资金记录-20250101-20250618.txt,769,parsed
2025-04-29,,account,1016551.13,6206.13,6206.13,1010345.0,1010345.0,2,,,,,,母版持仓&资金记录-20250101-20250618.txt,774,parsed
2025-04-30,,account,1020794.13,6206.13,6206.13,1014588.0,1014588.0,2,,,,,,母版持仓&资金记录-20250101-20250618.txt,779,parsed
2025-05-06,,account,1027510.32,822083.32,822083.32,205427.0,205427.0,10,,,,,,母版持仓&资金记录-20250101-20250618.txt,784,parsed
2025-05-07,,account,1028690.32,822083.32,822083.32,206607.0,206607.0,10,,,,,,母版持仓&资金记录-20250101-20250618.txt,797,parsed
2025-05-08,,account,1031631.32,822083.32,822083.32,209548.0,209548.0,10,,,,,,母版持仓&资金记录-20250101-20250618.txt,810,parsed
2025-05-09,,account,1027692.46,623189.46,623189.46,404503.0,404503.0,11,,,,,,母版持仓&资金记录-20250101-20250618.txt,823,parsed
2025-05-12,,account,1032116.46,623189.46,623189.46,408927.0,408927.0,11,,,,,,母版持仓&资金记录-20250101-20250618.txt,837,parsed
2025-05-13,,account,1027831.46,623189.46,623189.46,404642.0,404642.0,11,,,,,,母版持仓&资金记录-20250101-20250618.txt,851,parsed
2025-05-14,,account,1023274.46,414960.46,414960.46,608314.0,608314.0,12,,,,,,母版持仓&资金记录-20250101-20250618.txt,865,parsed
2025-05-15,,account,1026855.46,414960.46,414960.46,611895.0,611895.0,12,,,,,,母版持仓&资金记录-20250101-20250618.txt,880,parsed
2025-05-16,,account,1029557.46,414960.46,414960.46,614597.0,614597.0,12,,,,,,母版持仓&资金记录-20250101-20250618.txt,895,parsed
2025-05-19,,account,1042894.46,214430.46,214430.46,828464.0,828464.0,12,,,,,,母版持仓&资金记录-20250101-20250618.txt,910,parsed
2025-05-20,,account,1062797.46,214430.46,214430.46,848367.0,848367.0,12,,,,,,母版持仓&资金记录-20250101-20250618.txt,925,parsed
2025-05-21,,account,1048617.46,214430.46,214430.46,834187.0,834187.0,12,,,,,,母版持仓&资金记录-20250101-20250618.txt,940,parsed
2025-05-22,,account,1031445.46,4678.46,4678.46,1026767.0,1026767.0,12,,,,,,母版持仓&资金记录-20250101-20250618.txt,955,parsed
2025-05-23,,account,1018482.46,4678.46,4678.46,1013804.0,1013804.0,12,,,,,,母版持仓&资金记录-20250101-20250618.txt,970,parsed
2025-05-26,,account,1031354.46,4678.46,4678.46,1026676.0,1026676.0,12,,,,,,母版持仓&资金记录-20250101-20250618.txt,985,parsed
2025-05-27,,account,1040730.06,2770.06,2770.06,1037960.0,1037960.0,11,,,,,,母版持仓&资金记录-20250101-20250618.txt,1000,parsed
2025-05-28,,account,1033866.06,2770.06,2770.06,1031096.0,1031096.0,11,,,,,,母版持仓&资金记录-20250101-20250618.txt,1014,parsed
2025-05-29,,account,1054736.06,2770.06,2770.06,1051966.0,1051966.0,11,,,,,,母版持仓&资金记录-20250101-20250618.txt,1028,parsed
2025-05-30,,account,1048791.38,588.38,588.38,1048203.0,1048203.0,10,,,,,,母版持仓&资金记录-20250101-20250618.txt,1042,parsed
2025-06-03,,account,1056576.38,588.38,588.38,1055988.0,1055988.0,10,,,,,,母版持仓&资金记录-20250101-20250618.txt,1055,parsed
2025-06-04,,account,1066112.38,588.38,588.38,1065524.0,1065524.0,10,,,,,,母版持仓&资金记录-20250101-20250618.txt,1068,parsed
2025-06-05,,account,1065153.97,373.97,373.97,1064780.0,1064780.0,10,,,,,,母版持仓&资金记录-20250101-20250618.txt,1081,parsed
2025-06-06,,account,1076704.97,373.97,373.97,1076331.0,1076331.0,10,,,,,,母版持仓&资金记录-20250101-20250618.txt,1094,parsed
2025-06-09,,account,1093866.97,373.97,373.97,1093493.0,1093493.0,10,,,,,,母版持仓&资金记录-20250101-20250618.txt,1107,parsed
2025-06-10,,account,1085111.89,717.89,717.89,1084394.0,1084394.0,10,,,,,,母版持仓&资金记录-20250101-20250618.txt,1120,parsed
2025-06-11,,account,1086910.89,717.89,717.89,1086193.0,1086193.0,10,,,,,,母版持仓&资金记录-20250101-20250618.txt,1133,parsed
2025-06-12,,account,1092313.89,717.89,717.89,1091596.0,1091596.0,10,,,,,,母版持仓&资金记录-20250101-20250618.txt,1146,parsed
2025-06-13,,account,1066783.73,897.73,897.73,1065886.0,1065886.0,11,,,,,,母版持仓&资金记录-20250101-20250618.txt,1159,parsed
2025-06-16,,account,1080641.73,897.73,897.73,1079744.0,1079744.0,11,,,,,,母版持仓&资金记录-20250101-20250618.txt,1173,parsed
2025-06-17,,account,1076386.73,897.73,897.73,1075489.0,1075489.0,11,,,,,,母版持仓&资金记录-20250101-20250618.txt,1187,parsed
2025-06-18,,account,1065673.84,307.84,307.84,1065366.0,1065366.0,12,,,,,,母版持仓&资金记录-20250101-20250618.txt,1201,parsed
2025-06-19,,account,309908.0,,,309908.0,309908.0,3,,,,,,母版持仓&资金记录-20250101-20250618.txt,1216,parsed
2025-01-02,,position,999901.0,9198.1,9198.1,990702.9,990702.9,1,511880.XSHG,9900,9900,100.071,990702.9,母版持仓&资金记录-20250101-20250618.txt,2,parsed
2025-01-03,,position,999980.2,9198.1,9198.1,990782.1,990782.1,1,511880.XSHG,9900,9900,100.079,990782.1,母版持仓&资金记录-20250101-20250618.txt,6,parsed
2025-01-06,,position,1000000.0,9198.1,9198.1,990801.9,990801.9,1,511880.XSHG,9900,9900,100.081,990801.9,母版持仓&资金记录-20250101-20250618.txt,10,parsed
2025-01-07,,position,1000079.2,9198.1,9198.1,990881.1,990881.1,1,511880.XSHG,9900,9900,100.089,990881.1,母版持仓&资金记录-20250101-20250618.txt,14,parsed
2025-01-08,,position,1000405.9,9198.1,9198.1,991207.8,991207.8,1,511880.XSHG,9900,9900,100.122,991207.8,母版持仓&资金记录-20250101-20250618.txt,18,parsed
2025-01-09,,position,1000287.1,9198.1,9198.1,991089.0,991089.0,1,511880.XSHG,9900,9900,100.11,991089.0,母版持仓&资金记录-20250101-20250618.txt,22,parsed
2025-01-10,,position,1000376.2,9198.1,9198.1,991178.1,991178.1,1,511880.XSHG,9900,9900,100.119,991178.1,母版持仓&资金记录-20250101-20250618.txt,26,parsed
2025-01-13,,position,1000217.8,9198.1,9198.1,991019.7,991019.7,1,511880.XSHG,9900,9900,100.103,991019.7,母版持仓&资金记录-20250101-20250618.txt,30,parsed
2025-01-14,,position,1000138.6,9198.1,9198.1,990940.5,990940.5,1,511880.XSHG,9900,9900,100.095,990940.5,母版持仓&资金记录-20250101-20250618.txt,34,parsed
2025-01-15,,position,1000326.7,9198.1,9198.1,991128.6,991128.6,1,511880.XSHG,9900,9900,100.114,991128.6,母版持仓&资金记录-20250101-20250618.txt,38,parsed
2025-01-16,,position,1000237.6,9198.1,9198.1,991039.5,991039.5,1,511880.XSHG,9900,9900,100.105,991039.5,母版持仓&资金记录-20250101-20250618.txt,42,parsed
2025-01-17,,position,1000316.8,9198.1,9198.1,991118.7,991118.7,1,511880.XSHG,9900,9900,100.113,991118.7,母版持仓&资金记录-20250101-20250618.txt,46,parsed
2025-01-20,,position,1000257.4,9198.1,9198.1,991059.3,991059.3,1,511880.XSHG,9900,9900,100.107,991059.3,母版持仓&资金记录-20250101-20250618.txt,50,parsed
2025-01-21,,position,1000386.1,9198.1,9198.1,991188.0,991188.0,1,511880.XSHG,9900,9900,100.12,991188.0,母版持仓&资金记录-20250101-20250618.txt,54,parsed
2025-01-22,,position,1000475.2,9198.1,9198.1,991277.1,991277.1,1,511880.XSHG,9900,9900,100.129,991277.1,母版持仓&资金记录-20250101-20250618.txt,58,parsed
2025-01-23,,position,1000415.8,9198.1,9198.1,991217.7,991217.7,1,511880.XSHG,9900,9900,100.123,991217.7,母版持仓&资金记录-20250101-20250618.txt,62,parsed
2025-01-24,,position,1000435.6,9198.1,9198.1,991237.5,991237.5,1,511880.XSHG,9900,9900,100.125,991237.5,母版持仓&资金记录-20250101-20250618.txt,66,parsed
2025-01-27,,position,1001079.1,9198.1,9198.1,991881.0,991881.0,1,511880.XSHG,9900,9900,100.19,991881.0,母版持仓&资金记录-20250101-20250618.txt,70,parsed
2025-02-05,,position,1009580.9,804121.9,804121.9,205459.0,205459.0,10,002848.XSHE,3400,3400,6.03,20502.0,母版持仓&资金记录-20250101-20250618.txt,74,parsed
2025-02-05,,position,1009580.9,804121.9,804121.9,205459.0,205459.0,10,000668.XSHE,3100,3100,5.89,18259.0,母版持仓&资金记录-20250101-20250618.txt,75,parsed
2025-02-05,,position,1009580.9,804121.9,804121.9,205459.0,205459.0,10,002620.XSHE,6600,6600,3.12,20592.0,母版持仓&资金记录-20250101-20250618.txt,76,parsed
2025-02-05,,position,1009580.9,804121.9,804121.9,205459.0,205459.0,10,605081.XSHG,2400,2400,8.93,21432.0,母版持仓&资金记录-20250101-20250618.txt,77,parsed
2025-02-05,,position,1009580.9,804121.9,804121.9,205459.0,205459.0,10,603813.XSHG,2100,2100,9.55,20055.0,母版持仓&资金记录-20250101-20250618.txt,78,parsed
2025-02-05,,position,1009580.9,804121.9,804121.9,205459.0,205459.0,10,300929.XSHE,2300,2300,8.83,20309.0,母版持仓&资金记录-20250101-20250618.txt,79,parsed
2025-02-05,,position,1009580.9,804121.9,804121.9,205459.0,205459.0,10,600421.XSHG,3700,3700,5.78,21386.0,母版持仓&资金记录-20250101-20250618.txt,80,parsed
2025-02-05,,position,1009580.9,804121.9,804121.9,205459.0,205459.0,10,600193.XSHG,7600,7600,3.04,23104.0,母版持仓&资金记录-20250101-20250618.txt,81,parsed
2025-02-05,,position,1009580.9,804121.9,804121.9,205459.0,205459.0,10,000929.XSHE,3100,3100,6.19,19189.0,母版持仓&资金记录-20250101-20250618.txt,82,parsed
2025-02-05,,position,1009580.9,804121.9,804121.9,205459.0,205459.0,10,000691.XSHE,6900,6900,2.99,20631.0,母版持仓&资金记录-20250101-20250618.txt,83,parsed
2025-02-06,,position,1013365.88,809130.88,809130.88,204235.0,204235.0,10,002848.XSHE,3400,3400,6.19,21046.0,母版持仓&资金记录-20250101-20250618.txt,87,parsed
2025-02-06,,position,1013365.88,809130.88,809130.88,204235.0,204235.0,10,000668.XSHE,3100,3100,5.91,18321.0,母版持仓&资金记录-20250101-20250618.txt,88,parsed
2025-02-06,,position,1013365.88,809130.88,809130.88,204235.0,204235.0,10,002620.XSHE,6600,6600,3.17,20922.0,母版持仓&资金记录-20250101-20250618.txt,89,parsed
2025-02-06,,position,1013365.88,809130.88,809130.88,204235.0,204235.0,10,605081.XSHG,2400,2400,9.06,21744.0,母版持仓&资金记录-20250101-20250618.txt,90,parsed
2025-02-06,,position,1013365.88,809130.88,809130.88,204235.0,204235.0,10,603813.XSHG,2100,2100,9.74,20454.0,母版持仓&资金记录-20250101-20250618.txt,91,parsed
2025-02-06,,position,1013365.88,809130.88,809130.88,204235.0,204235.0,10,300929.XSHE,2300,2300,8.91,20493.0,母版持仓&资金记录-20250101-20250618.txt,92,parsed
2025-02-06,,position,1013365.88,809130.88,809130.88,204235.0,204235.0,10,600421.XSHG,3500,3500,5.92,20720.0,母版持仓&资金记录-20250101-20250618.txt,93,parsed
2025-02-06,,position,1013365.88,809130.88,809130.88,204235.0,204235.0,10,600193.XSHG,6400,6400,3.24,20736.0,母版持仓&资金记录-20250101-20250618.txt,94,parsed
2025-02-06,,position,1013365.88,809130.88,809130.88,204235.0,204235.0,10,000929.XSHE,3100,3100,6.25,19375.0,母版持仓&资金记录-20250101-20250618.txt,95,parsed
2025-02-06,,position,1013365.88,809130.88,809130.88,204235.0,204235.0,10,000691.XSHE,6900,6900,2.96,20424.0,母版持仓&资金记录-20250101-20250618.txt,96,parsed
2025-02-07,,position,1018218.88,809130.88,809130.88,209088.0,209088.0,10,002848.XSHE,3400,3400,6.41,21794.0,母版持仓&资金记录-20250101-20250618.txt,100,parsed
2025-02-07,,position,1018218.88,809130.88,809130.88,209088.0,209088.0,10,000668.XSHE,3100,3100,5.95,18445.0,母版持仓&资金记录-20250101-20250618.txt,101,parsed
2025-02-07,,position,1018218.88,809130.88,809130.88,209088.0,209088.0,10,002620.XSHE,6600,6600,3.25,21450.0,母版持仓&资金记录-20250101-20250618.txt,102,parsed
2025-02-07,,position,1018218.88,809130.88,809130.88,209088.0,209088.0,10,605081.XSHG,2400,2400,9.49,22776.0,母版持仓&资金记录-20250101-20250618.txt,103,parsed
2025-02-07,,position,1018218.88,809130.88,809130.88,209088.0,209088.0,10,603813.XSHG,2100,2100,9.84,20664.0,母版持仓&资金记录-20250101-20250618.txt,104,parsed
2025-02-07,,position,1018218.88,809130.88,809130.88,209088.0,209088.0,10,300929.XSHE,2300,2300,8.94,20562.0,母版持仓&资金记录-20250101-20250618.txt,105,parsed
2025-02-07,,position,1018218.88,809130.88,809130.88,209088.0,209088.0,10,600421.XSHG,3500,3500,6.26,21910.0,母版持仓&资金记录-20250101-20250618.txt,106,parsed
2025-02-07,,position,1018218.88,809130.88,809130.88,209088.0,209088.0,10,600193.XSHG,6400,6400,3.26,20864.0,母版持仓&资金记录-20250101-20250618.txt,107,parsed
2025-02-07,,position,1018218.88,809130.88,809130.88,209088.0,209088.0,10,000929.XSHE,3100,3100,6.36,19716.0,母版持仓&资金记录-20250101-20250618.txt,108,parsed
2025-02-07,,position,1018218.88,809130.88,809130.88,209088.0,209088.0,10,000691.XSHE,6900,6900,3.03,20907.0,母版持仓&资金记录-20250101-20250618.txt,109,parsed
2025-02-10,,position,1034789.22,616581.22,616581.22,418208.0,418208.0,11,002848.XSHE,6200,6200,6.78,42036.0,母版持仓&资金记录-20250101-20250618.txt,113,parsed
2025-02-10,,position,1034789.22,616581.22,616581.22,418208.0,418208.0,11,000668.XSHE,6700,6700,6.35,42545.0,母版持仓&资金记录-20250101-20250618.txt,114,parsed
2025-02-10,,position,1034789.22,616581.22,616581.22,418208.0,418208.0,11,002620.XSHE,12400,12400,3.35,41540.0,母版持仓&资金记录-20250101-20250618.txt,115,parsed
2025-02-10,,position,1034789.22,616581.22,616581.22,418208.0,418208.0,11,300478.XSHE,2100,2100,10.13,21273.0,母版持仓&资金记录-20250101-20250618.txt,116,parsed
2025-02-10,,position,1034789.22,616581.22,616581.22,418208.0,418208.0,11,605081.XSHG,4200,4200,9.74,40908.0,母版持仓&资金记录-20250101-20250618.txt,117,parsed
2025-02-10,,position,1034789.22,616581.22,616581.22,418208.0,418208.0,11,603813.XSHG,4000,4000,10.3,41200.0,母版持仓&资金记录-20250101-20250618.txt,118,parsed
2025-02-10,,position,1034789.22,616581.22,616581.22,418208.0,418208.0,11,300929.XSHE,4500,4500,9.18,41310.0,母版持仓&资金记录-20250101-20250618.txt,119,parsed
2025-02-10,,position,1034789.22,616581.22,616581.22,418208.0,418208.0,11,600421.XSHG,6300,6300,6.64,41832.0,母版持仓&资金记录-20250101-20250618.txt,120,parsed
2025-02-10,,position,1034789.22,616581.22,616581.22,418208.0,418208.0,11,600193.XSHG,6200,6200,3.59,22258.0,母版持仓&资金记录-20250101-20250618.txt,121,parsed
2025-02-10,,position,1034789.22,616581.22,616581.22,418208.0,418208.0,11,000929.XSHE,6300,6300,6.62,41706.0,母版持仓&资金记录-20250101-20250618.txt,122,parsed
2025-02-10,,position,1034789.22,616581.22,616581.22,418208.0,418208.0,11,000691.XSHE,13000,13000,3.2,41600.0,母版持仓&资金记录-20250101-20250618.txt,123,parsed
2025-02-11,,position,1035201.22,616581.22,616581.22,418620.0,418620.0,11,002848.XSHE,6200,6200,6.63,41106.0,母版持仓&资金记录-20250101-20250618.txt,127,parsed
2025-02-11,,position,1035201.22,616581.22,616581.22,418620.0,418620.0,11,000668.XSHE,6700,6700,6.14,41138.0,母版持仓&资金记录-20250101-20250618.txt,128,parsed
2025-02-11,,position,1035201.22,616581.22,616581.22,418620.0,418620.0,11,002620.XSHE,12400,12400,3.34,41416.0,母版持仓&资金记录-20250101-20250618.txt,129,parsed
2025-02-11,,position,1035201.22,616581.22,616581.22,418620.0,418620.0,11,300478.XSHE,2100,2100,12.16,25536.0,母版持仓&资金记录-20250101-20250618.txt,130,parsed
2025-02-11,,position,1035201.22,616581.22,616581.22,418620.0,418620.0,11,605081.XSHG,4200,4200,9.58,40236.0,母版持仓&资金记录-20250101-20250618.txt,131,parsed
2025-02-11,,position,1035201.22,616581.22,616581.22,418620.0,418620.0,11,603813.XSHG,4000,4000,10.1,40400.0,母版持仓&资金记录-20250101-20250618.txt,132,parsed
2025-02-11,,position,1035201.22,616581.22,616581.22,418620.0,418620.0,11,300929.XSHE,4500,4500,9.18,41310.0,母版持仓&资金记录-20250101-20250618.txt,133,parsed
2025-02-11,,position,1035201.22,616581.22,616581.22,418620.0,418620.0,11,600421.XSHG,6300,6300,6.41,40383.0,母版持仓&资金记录-20250101-20250618.txt,134,parsed
2025-02-11,,position,1035201.22,616581.22,616581.22,418620.0,418620.0,11,600193.XSHG,6200,6200,3.95,24490.0,母版持仓&资金记录-20250101-20250618.txt,135,parsed
2025-02-11,,position,1035201.22,616581.22,616581.22,418620.0,418620.0,11,000929.XSHE,6300,6300,6.55,41265.0,母版持仓&资金记录-20250101-20250618.txt,136,parsed
2025-02-11,,position,1035201.22,616581.22,616581.22,418620.0,418620.0,11,000691.XSHE,13000,13000,3.18,41340.0,母版持仓&资金记录-20250101-20250618.txt,137,parsed
2025-02-12,,position,1031578.26,623518.26,623518.26,408060.0,408060.0,11,002848.XSHE,6200,6200,6.63,41106.0,母版持仓&资金记录-20250101-20250618.txt,141,parsed
2025-02-12,,position,1031578.26,623518.26,623518.26,408060.0,408060.0,11,000668.XSHE,6700,6700,6.06,40602.0,母版持仓&资金记录-20250101-20250618.txt,142,parsed
2025-02-12,,position,1031578.26,623518.26,623518.26,408060.0,408060.0,11,002620.XSHE,12400,12400,3.33,41292.0,母版持仓&资金记录-20250101-20250618.txt,143,parsed
2025-02-12,,position,1031578.26,623518.26,623518.26,408060.0,408060.0,11,300478.XSHE,1800,1800,11.43,20574.0,母版持仓&资金记录-20250101-20250618.txt,144,parsed
2025-02-12,,position,1031578.26,623518.26,623518.26,408060.0,408060.0,11,605081.XSHG,4200,4200,9.57,40194.0,母版持仓&资金记录-20250101-20250618.txt,145,parsed
2025-02-12,,position,1031578.26,623518.26,623518.26,408060.0,408060.0,11,603813.XSHG,4000,4000,10.18,40720.0,母版持仓&资金记录-20250101-20250618.txt,146,parsed
2025-02-12,,position,1031578.26,623518.26,623518.26,408060.0,408060.0,11,300929.XSHE,4500,4500,9.13,41085.0,母版持仓&资金记录-20250101-20250618.txt,147,parsed
2025-02-12,,position,1031578.26,623518.26,623518.26,408060.0,408060.0,11,600421.XSHG,6300,6300,6.38,40194.0,母版持仓&资金记录-20250101-20250618.txt,148,parsed
2025-02-12,,position,1031578.26,623518.26,623518.26,408060.0,408060.0,11,600193.XSHG,5300,5300,3.85,20405.0,母版持仓&资金记录-20250101-20250618.txt,149,parsed
2025-02-12,,position,1031578.26,623518.26,623518.26,408060.0,408060.0,11,000929.XSHE,6300,6300,6.56,41328.0,母版持仓&资金记录-20250101-20250618.txt,150,parsed
2025-02-12,,position,1031578.26,623518.26,623518.26,408060.0,408060.0,11,000691.XSHE,13000,13000,3.12,40560.0,母版持仓&资金记录-20250101-20250618.txt,151,parsed
2025-02-13,,position,1023957.26,417806.26,417806.26,606151.0,606151.0,12,002848.XSHE,9300,9300,6.54,60822.0,母版持仓&资金记录-20250101-20250618.txt,155,parsed
2025-02-13,,position,1023957.26,417806.26,417806.26,606151.0,606151.0,12,000668.XSHE,10100,10100,5.93,59893.0,母版持仓&资金记录-20250101-20250618.txt,156,parsed
2025-02-13,,position,1023957.26,417806.26,417806.26,606151.0,606151.0,12,002856.XSHE,2200,2200,8.96,19712.0,母版持仓&资金记录-20250101-20250618.txt,157,parsed
2025-02-13,,position,1023957.26,417806.26,417806.26,606151.0,606151.0,12,002620.XSHE,18200,18200,3.3,60060.0,母版持仓&资金记录-20250101-20250618.txt,158,parsed
2025-02-13,,position,1023957.26,417806.26,417806.26,606151.0,606151.0,12,300478.XSHE,1800,1800,10.78,19404.0,母版持仓&资金记录-20250101-20250618.txt,159,parsed
2025-02-13,,position,1023957.26,417806.26,417806.26,606151.0,606151.0,12,605081.XSHG,6400,6400,9.65,61760.0,母版持仓&资金记录-20250101-20250618.txt,160,parsed
2025-02-13,,position,1023957.26,417806.26,417806.26,606151.0,606151.0,12,603813.XSHG,6100,6100,10,61000.0,母版持仓&资金记录-20250101-20250618.txt,161,parsed
2025-02-13,,position,1023957.26,417806.26,417806.26,606151.0,606151.0,12,300929.XSHE,6700,6700,8.99,60233.0,母版持仓&资金记录-20250101-20250618.txt,162,parsed
2025-02-13,,position,1023957.26,417806.26,417806.26,606151.0,606151.0,12,600421.XSHG,9600,9600,6.29,60384.0,母版持仓&资金记录-20250101-20250618.txt,163,parsed
2025-02-13,,position,1023957.26,417806.26,417806.26,606151.0,606151.0,12,600193.XSHG,5300,5300,4.07,21571.0,母版持仓&资金记录-20250101-20250618.txt,164,parsed
2025-02-13,,position,1023957.26,417806.26,417806.26,606151.0,606151.0,12,000929.XSHE,9300,9300,6.52,60636.0,母版持仓&资金记录-20250101-20250618.txt,165,parsed
2025-02-13,,position,1023957.26,417806.26,417806.26,606151.0,606151.0,12,000691.XSHE,19700,19700,3.08,60676.0,母版持仓&资金记录-20250101-20250618.txt,166,parsed
2025-02-14,,position,1023512.26,417806.26,417806.26,605706.0,605706.0,12,002848.XSHE,9300,9300,6.28,58404.0,母版持仓&资金记录-20250101-20250618.txt,170,parsed
2025-02-14,,position,1023512.26,417806.26,417806.26,605706.0,605706.0,12,000668.XSHE,10100,10100,5.78,58378.0,母版持仓&资金记录-20250101-20250618.txt,171,parsed
2025-02-14,,position,1023512.26,417806.26,417806.26,605706.0,605706.0,12,002856.XSHE,2200,2200,8.84,19448.0,母版持仓&资金记录-20250101-20250618.txt,172,parsed
2025-02-14,,position,1023512.26,417806.26,417806.26,605706.0,605706.0,12,002620.XSHE,18200,18200,3.29,59878.0,母版持仓&资金记录-20250101-20250618.txt,173,parsed
2025-02-14,,position,1023512.26,417806.26,417806.26,605706.0,605706.0,12,300478.XSHE,1800,1800,12.94,23292.0,母版持仓&资金记录-20250101-20250618.txt,174,parsed
2025-02-14,,position,1023512.26,417806.26,417806.26,605706.0,605706.0,12,605081.XSHG,6400,6400,9.52,60928.0,母版持仓&资金记录-20250101-20250618.txt,175,parsed
2025-02-14,,position,1023512.26,417806.26,417806.26,605706.0,605706.0,12,603813.XSHG,6100,6100,9.87,60207.0,母版持仓&资金记录-20250101-20250618.txt,176,parsed
2025-02-14,,position,1023512.26,417806.26,417806.26,605706.0,605706.0,12,300929.XSHE,6700,6700,8.98,60166.0,母版持仓&资金记录-20250101-20250618.txt,177,parsed
2025-02-14,,position,1023512.26,417806.26,417806.26,605706.0,605706.0,12,600421.XSHG,9600,9600,6.92,66432.0,母版持仓&资金记录-20250101-20250618.txt,178,parsed
2025-02-14,,position,1023512.26,417806.26,417806.26,605706.0,605706.0,12,600193.XSHG,5300,5300,3.87,20511.0,母版持仓&资金记录-20250101-20250618.txt,179,parsed
2025-02-14,,position,1023512.26,417806.26,417806.26,605706.0,605706.0,12,000929.XSHE,9300,9300,6.34,58962.0,母版持仓&资金记录-20250101-20250618.txt,180,parsed
2025-02-14,,position,1023512.26,417806.26,417806.26,605706.0,605706.0,12,000691.XSHE,19700,19700,3,59100.0,母版持仓&资金记录-20250101-20250618.txt,181,parsed
2025-02-17,,position,1062697.26,417806.26,417806.26,644891.0,644891.0,12,002848.XSHE,9300,9300,6.91,64263.0,母版持仓&资金记录-20250101-20250618.txt,185,parsed
2025-02-17,,position,1062697.26,417806.26,417806.26,644891.0,644891.0,12,000668.XSHE,10100,10100,5.95,60095.0,母版持仓&资金记录-20250101-20250618.txt,186,parsed
2025-02-17,,position,1062697.26,417806.26,417806.26,644891.0,644891.0,12,002856.XSHE,2200,2200,9.19,20218.0,母版持仓&资金记录-20250101-20250618.txt,187,parsed
2025-02-17,,position,1062697.26,417806.26,417806.26,644891.0,644891.0,12,002620.XSHE,18200,18200,3.43,62426.0,母版持仓&资金记录-20250101-20250618.txt,188,parsed
2025-02-17,,position,1062697.26,417806.26,417806.26,644891.0,644891.0,12,300478.XSHE,1800,1800,15.53,27954.0,母版持仓&资金记录-20250101-20250618.txt,189,parsed
2025-02-17,,position,1062697.26,417806.26,417806.26,644891.0,644891.0,12,605081.XSHG,6400,6400,10,64000.0,母版持仓&资金记录-20250101-20250618.txt,190,parsed
2025-02-17,,position,1062697.26,417806.26,417806.26,644891.0,644891.0,12,603813.XSHG,6100,6100,10.86,66246.0,母版持仓&资金记录-20250101-20250618.txt,191,parsed
2025-02-17,,position,1062697.26,417806.26,417806.26,644891.0,644891.0,12,300929.XSHE,6700,6700,9.21,61707.0,母版持仓&资金记录-20250101-20250618.txt,192,parsed
2025-02-17,,position,1062697.26,417806.26,417806.26,644891.0,644891.0,12,600421.XSHG,9600,9600,7.61,73056.0,母版持仓&资金记录-20250101-20250618.txt,193,parsed
2025-02-17,,position,1062697.26,417806.26,417806.26,644891.0,644891.0,12,600193.XSHG,5300,5300,3.9,20670.0,母版持仓&资金记录-20250101-20250618.txt,194,parsed
2025-02-17,,position,1062697.26,417806.26,417806.26,644891.0,644891.0,12,000929.XSHE,9300,9300,6.54,60822.0,母版持仓&资金记录-20250101-20250618.txt,195,parsed
2025-02-17,,position,1062697.26,417806.26,417806.26,644891.0,644891.0,12,000691.XSHE,19700,19700,3.22,63434.0,母版持仓&资金记录-20250101-20250618.txt,196,parsed
2025-02-18,,position,1060489.58,222212.58,222212.58,838277.0,838277.0,14,002848.XSHE,11600,11600,7.31,84796.0,母版持仓&资金记录-20250101-20250618.txt,200,parsed
2025-02-18,,position,1060489.58,222212.58,222212.58,838277.0,838277.0,14,603316.XSHG,4200,4200,4.83,20286.0,母版持仓&资金记录-20250101-20250618.txt,201,parsed
2025-02-18,,position,1060489.58,222212.58,222212.58,838277.0,838277.0,14,000668.XSHE,14300,14300,5.81,83083.0,母版持仓&资金记录-20250101-20250618.txt,202,parsed
2025-02-18,,position,1060489.58,222212.58,222212.58,838277.0,838277.0,14,002856.XSHE,4600,4600,9.01,41446.0,母版持仓&资金记录-20250101-20250618.txt,203,parsed
2025-02-18,,position,1060489.58,222212.58,222212.58,838277.0,838277.0,14,002620.XSHE,23800,23800,3.51,83538.0,母版持仓&资金记录-20250101-20250618.txt,204,parsed
2025-02-18,,position,1060489.58,222212.58,222212.58,838277.0,838277.0,14,300478.XSHE,1400,1400,16.2,22680.0,母版持仓&资金记录-20250101-20250618.txt,205,parsed
2025-02-18,,position,1060489.58,222212.58,222212.58,838277.0,838277.0,14,600768.XSHG,2200,2200,9.19,20218.0,母版持仓&资金记录-20250101-20250618.txt,206,parsed
2025-02-18,,position,1060489.58,222212.58,222212.58,838277.0,838277.0,14,605081.XSHG,8600,8600,9.6,82560.0,母版持仓&资金记录-20250101-20250618.txt,207,parsed
2025-02-18,,position,1060489.58,222212.58,222212.58,838277.0,838277.0,14,603813.XSHG,6000,6000,10.52,63120.0,母版持仓&资金记录-20250101-20250618.txt,208,parsed
2025-02-18,,position,1060489.58,222212.58,222212.58,838277.0,838277.0,14,300929.XSHE,9300,9300,8.93,83049.0,母版持仓&资金记录-20250101-20250618.txt,209,parsed
2025-02-18,,position,1060489.58,222212.58,222212.58,838277.0,838277.0,14,600421.XSHG,7700,7700,8.37,64449.0,母版持仓&资金记录-20250101-20250618.txt,210,parsed
2025-02-18,,position,1060489.58,222212.58,222212.58,838277.0,838277.0,14,600193.XSHG,5500,5500,3.59,19745.0,母版持仓&资金记录-20250101-20250618.txt,211,parsed
2025-02-18,,position,1060489.58,222212.58,222212.58,838277.0,838277.0,14,000929.XSHE,13000,13000,6.57,85410.0,母版持仓&资金记录-20250101-20250618.txt,212,parsed
2025-02-18,,position,1060489.58,222212.58,222212.58,838277.0,838277.0,14,000691.XSHE,26300,26300,3.19,83897.0,母版持仓&资金记录-20250101-20250618.txt,213,parsed
2025-02-19,,position,1075875.04,226743.04,226743.04,849132.0,849132.0,14,002848.XSHE,11600,11600,7.15,82940.0,母版持仓&资金记录-20250101-20250618.txt,217,parsed
2025-02-19,,position,1075875.04,226743.04,226743.04,849132.0,849132.0,14,603316.XSHG,4200,4200,5.31,22302.0,母版持仓&资金记录-20250101-20250618.txt,218,parsed
2025-02-19,,position,1075875.04,226743.04,226743.04,849132.0,849132.0,14,000668.XSHE,14300,14300,5.89,84227.0,母版持仓&资金记录-20250101-20250618.txt,219,parsed
2025-02-19,,position,1075875.04,226743.04,226743.04,849132.0,849132.0,14,002856.XSHE,4600,4600,9.2,42320.0,母版持仓&资金记录-20250101-20250618.txt,220,parsed
2025-02-19,,position,1075875.04,226743.04,226743.04,849132.0,849132.0,14,002620.XSHE,23800,23800,3.43,81634.0,母版持仓&资金记录-20250101-20250618.txt,221,parsed
2025-02-19,,position,1075875.04,226743.04,226743.04,849132.0,849132.0,14,300478.XSHE,1400,1400,17.69,24766.0,母版持仓&资金记录-20250101-20250618.txt,222,parsed
2025-02-19,,position,1075875.04,226743.04,226743.04,849132.0,849132.0,14,600768.XSHG,2200,2200,9.4,20680.0,母版持仓&资金记录-20250101-20250618.txt,223,parsed
2025-02-19,,position,1075875.04,226743.04,226743.04,849132.0,849132.0,14,605081.XSHG,8600,8600,9.77,84022.0,母版持仓&资金记录-20250101-20250618.txt,224,parsed
2025-02-19,,position,1075875.04,226743.04,226743.04,849132.0,849132.0,14,603813.XSHG,6000,6000,11.57,69420.0,母版持仓&资金记录-20250101-20250618.txt,225,parsed
2025-02-19,,position,1075875.04,226743.04,226743.04,849132.0,849132.0,14,300929.XSHE,9300,9300,9.17,85281.0,母版持仓&资金记录-20250101-20250618.txt,226,parsed
2025-02-19,,position,1075875.04,226743.04,226743.04,849132.0,849132.0,14,600421.XSHG,7200,7200,8.55,61560.0,母版持仓&资金记录-20250101-20250618.txt,227,parsed
2025-02-19,,position,1075875.04,226743.04,226743.04,849132.0,849132.0,14,600193.XSHG,5500,5500,3.69,20295.0,母版持仓&资金记录-20250101-20250618.txt,228,parsed
2025-02-19,,position,1075875.04,226743.04,226743.04,849132.0,849132.0,14,000929.XSHE,13000,13000,6.68,86840.0,母版持仓&资金记录-20250101-20250618.txt,229,parsed
2025-02-19,,position,1075875.04,226743.04,226743.04,849132.0,849132.0,14,000691.XSHE,26300,26300,3.15,82845.0,母版持仓&资金记录-20250101-20250618.txt,230,parsed
2025-02-20,,position,1076043.58,233188.58,233188.58,842855.0,842855.0,14,002848.XSHE,11600,11600,6.96,80736.0,母版持仓&资金记录-20250101-20250618.txt,234,parsed
2025-02-20,,position,1076043.58,233188.58,233188.58,842855.0,842855.0,14,603316.XSHG,4100,4100,5.2,21320.0,母版持仓&资金记录-20250101-20250618.txt,235,parsed
2025-02-20,,position,1076043.58,233188.58,233188.58,842855.0,842855.0,14,000668.XSHE,14300,14300,5.9,84370.0,母版持仓&资金记录-20250101-20250618.txt,236,parsed
2025-02-20,,position,1076043.58,233188.58,233188.58,842855.0,842855.0,14,002856.XSHE,4600,4600,9.22,42412.0,母版持仓&资金记录-20250101-20250618.txt,237,parsed
2025-02-20,,position,1076043.58,233188.58,233188.58,842855.0,842855.0,14,002620.XSHE,23800,23800,3.53,84014.0,母版持仓&资金记录-20250101-20250618.txt,238,parsed
2025-02-20,,position,1076043.58,233188.58,233188.58,842855.0,842855.0,14,300478.XSHE,1400,1400,16.08,22512.0,母版持仓&资金记录-20250101-20250618.txt,239,parsed
2025-02-20,,position,1076043.58,233188.58,233188.58,842855.0,842855.0,14,600768.XSHG,2200,2200,9.57,21054.0,母版持仓&资金记录-20250101-20250618.txt,240,parsed
2025-02-20,,position,1076043.58,233188.58,233188.58,842855.0,842855.0,14,605081.XSHG,8600,8600,9.83,84538.0,母版持仓&资金记录-20250101-20250618.txt,241,parsed
2025-02-20,,position,1076043.58,233188.58,233188.58,842855.0,842855.0,14,603813.XSHG,5500,5500,12.3,67650.0,母版持仓&资金记录-20250101-20250618.txt,242,parsed
2025-02-20,,position,1076043.58,233188.58,233188.58,842855.0,842855.0,14,300929.XSHE,9300,9300,9.18,85374.0,母版持仓&资金记录-20250101-20250618.txt,243,parsed
2025-02-20,,position,1076043.58,233188.58,233188.58,842855.0,842855.0,14,600421.XSHG,7200,7200,7.77,55944.0,母版持仓&资金记录-20250101-20250618.txt,244,parsed
2025-02-20,,position,1076043.58,233188.58,233188.58,842855.0,842855.0,14,600193.XSHG,5500,5500,4.06,22330.0,母版持仓&资金记录-20250101-20250618.txt,245,parsed
2025-02-20,,position,1076043.58,233188.58,233188.58,842855.0,842855.0,14,000929.XSHE,13000,13000,6.71,87230.0,母版持仓&资金记录-20250101-20250618.txt,246,parsed
2025-02-20,,position,1076043.58,233188.58,233188.58,842855.0,842855.0,14,000691.XSHE,26300,26300,3.17,83371.0,母版持仓&资金记录-20250101-20250618.txt,247,parsed
2025-02-21,,position,1066385.35,2914.35,2914.35,1063471.0,1063471.0,15,002848.XSHE,15400,15400,7.03,108262.0,母版持仓&资金记录-20250101-20250618.txt,251,parsed
2025-02-21,,position,1066385.35,2914.35,2914.35,1063471.0,1063471.0,15,603316.XSHG,4100,4100,5.24,21484.0,母版持仓&资金记录-20250101-20250618.txt,252,parsed
2025-02-21,,position,1066385.35,2914.35,2914.35,1063471.0,1063471.0,15,000668.XSHE,18200,18200,5.78,105196.0,母版持仓&资金记录-20250101-20250618.txt,253,parsed
2025-02-21,,position,1066385.35,2914.35,2914.35,1063471.0,1063471.0,15,002856.XSHE,7000,7000,8.93,62510.0,母版持仓&资金记录-20250101-20250618.txt,254,parsed
2025-02-21,,position,1066385.35,2914.35,2914.35,1063471.0,1063471.0,15,002620.XSHE,24400,24400,3.45,84180.0,母版持仓&资金记录-20250101-20250618.txt,255,parsed
2025-02-21,,position,1066385.35,2914.35,2914.35,1063471.0,1063471.0,15,300478.XSHE,1400,1400,16.4,22960.0,母版持仓&资金记录-20250101-20250618.txt,256,parsed
2025-02-21,,position,1066385.35,2914.35,2914.35,1063471.0,1063471.0,15,600753.XSHG,3700,3700,5.64,20868.0,母版持仓&资金记录-20250101-20250618.txt,257,parsed
2025-02-21,,position,1066385.35,2914.35,2914.35,1063471.0,1063471.0,15,600768.XSHG,4400,4400,9.54,41976.0,母版持仓&资金记录-20250101-20250618.txt,258,parsed
2025-02-21,,position,1066385.35,2914.35,2914.35,1063471.0,1063471.0,15,605081.XSHG,11000,11000,10.14,111540.0,母版持仓&资金记录-20250101-20250618.txt,259,parsed
2025-02-21,,position,1066385.35,2914.35,2914.35,1063471.0,1063471.0,15,603813.XSHG,7000,7000,12.1,84700.0,母版持仓&资金记录-20250101-20250618.txt,260,parsed
2025-02-21,,position,1066385.35,2914.35,2914.35,1063471.0,1063471.0,15,300929.XSHE,11600,11600,9.04,104864.0,母版持仓&资金记录-20250101-20250618.txt,261,parsed
2025-02-21,,position,1066385.35,2914.35,2914.35,1063471.0,1063471.0,15,600421.XSHG,8300,8300,7.62,63246.0,母版持仓&资金记录-20250101-20250618.txt,262,parsed
2025-02-21,,position,1066385.35,2914.35,2914.35,1063471.0,1063471.0,15,600193.XSHG,5200,5200,4.07,21164.0,母版持仓&资金记录-20250101-20250618.txt,263,parsed
2025-02-21,,position,1066385.35,2914.35,2914.35,1063471.0,1063471.0,15,000929.XSHE,15900,15900,6.59,104781.0,母版持仓&资金记录-20250101-20250618.txt,264,parsed
2025-02-21,,position,1066385.35,2914.35,2914.35,1063471.0,1063471.0,15,000691.XSHE,34000,34000,3.11,105740.0,母版持仓&资金记录-20250101-20250618.txt,265,parsed
2025-02-24,,position,1074639.35,2914.35,2914.35,1071725.0,1071725.0,15,002848.XSHE,15400,15400,6.85,105490.0,母版持仓&资金记录-20250101-20250618.txt,269,parsed
2025-02-24,,position,1074639.35,2914.35,2914.35,1071725.0,1071725.0,15,603316.XSHG,4100,4100,5.36,21976.0,母版持仓&资金记录-20250101-20250618.txt,270,parsed
2025-02-24,,position,1074639.35,2914.35,2914.35,1071725.0,1071725.0,15,000668.XSHE,18200,18200,5.92,107744.0,母版持仓&资金记录-20250101-20250618.txt,271,parsed
2025-02-24,,position,1074639.35,2914.35,2914.35,1071725.0,1071725.0,15,002856.XSHE,7000,7000,9,63000.0,母版持仓&资金记录-20250101-20250618.txt,272,parsed
2025-02-24,,position,1074639.35,2914.35,2914.35,1071725.0,1071725.0,15,002620.XSHE,24400,24400,3.51,85644.0,母版持仓&资金记录-20250101-20250618.txt,273,parsed
2025-02-24,,position,1074639.35,2914.35,2914.35,1071725.0,1071725.0,15,300478.XSHE,1400,1400,14.94,20916.0,母版持仓&资金记录-20250101-20250618.txt,274,parsed
2025-02-24,,position,1074639.35,2914.35,2914.35,1071725.0,1071725.0,15,600753.XSHG,3700,3700,5.54,20498.0,母版持仓&资金记录-20250101-20250618.txt,275,parsed
2025-02-24,,position,1074639.35,2914.35,2914.35,1071725.0,1071725.0,15,600768.XSHG,4400,4400,9.54,41976.0,母版持仓&资金记录-20250101-20250618.txt,276,parsed
2025-02-24,,position,1074639.35,2914.35,2914.35,1071725.0,1071725.0,15,605081.XSHG,11000,11000,10.46,115060.0,母版持仓&资金记录-20250101-20250618.txt,277,parsed
2025-02-24,,position,1074639.35,2914.35,2914.35,1071725.0,1071725.0,15,603813.XSHG,7000,7000,12.79,89530.0,母版持仓&资金记录-20250101-20250618.txt,278,parsed
2025-02-24,,position,1074639.35,2914.35,2914.35,1071725.0,1071725.0,15,300929.XSHE,11600,11600,9.13,105908.0,母版持仓&资金记录-20250101-20250618.txt,279,parsed
2025-02-24,,position,1074639.35,2914.35,2914.35,1071725.0,1071725.0,15,600421.XSHG,8300,8300,7.25,60175.0,母版持仓&资金记录-20250101-20250618.txt,280,parsed
2025-02-24,,position,1074639.35,2914.35,2914.35,1071725.0,1071725.0,15,600193.XSHG,5200,5200,3.95,20540.0,母版持仓&资金记录-20250101-20250618.txt,281,parsed
2025-02-24,,position,1074639.35,2914.35,2914.35,1071725.0,1071725.0,15,000929.XSHE,15900,15900,6.72,106848.0,母版持仓&资金记录-20250101-20250618.txt,282,parsed
2025-02-24,,position,1074639.35,2914.35,2914.35,1071725.0,1071725.0,15,000691.XSHE,34000,34000,3.13,106420.0,母版持仓&资金记录-20250101-20250618.txt,283,parsed
2025-02-25,,position,1074895.35,2914.35,2914.35,1071981.0,1071981.0,15,002848.XSHE,15400,15400,7.06,108724.0,母版持仓&资金记录-20250101-20250618.txt,287,parsed
2025-02-25,,position,1074895.35,2914.35,2914.35,1071981.0,1071981.0,15,603316.XSHG,4100,4100,5.9,24190.0,母版持仓&资金记录-20250101-20250618.txt,288,parsed
2025-02-25,,position,1074895.35,2914.35,2914.35,1071981.0,1071981.0,15,000668.XSHE,18200,18200,5.9,107380.0,母版持仓&资金记录-20250101-20250618.txt,289,parsed
2025-02-25,,position,1074895.35,2914.35,2914.35,1071981.0,1071981.0,15,002856.XSHE,7000,7000,8.91,62370.0,母版持仓&资金记录-20250101-20250618.txt,290,parsed
2025-02-25,,position,1074895.35,2914.35,2914.35,1071981.0,1071981.0,15,002620.XSHE,24400,24400,3.56,86864.0,母版持仓&资金记录-20250101-20250618.txt,291,parsed
2025-02-25,,position,1074895.35,2914.35,2914.35,1071981.0,1071981.0,15,300478.XSHE,1400,1400,14.44,20216.0,母版持仓&资金记录-20250101-20250618.txt,292,parsed
2025-02-25,,position,1074895.35,2914.35,2914.35,1071981.0,1071981.0,15,600753.XSHG,3700,3700,5.54,20498.0,母版持仓&资金记录-20250101-20250618.txt,293,parsed
2025-02-25,,position,1074895.35,2914.35,2914.35,1071981.0,1071981.0,15,600768.XSHG,4400,4400,9.36,41184.0,母版持仓&资金记录-20250101-20250618.txt,294,parsed
2025-02-25,,position,1074895.35,2914.35,2914.35,1071981.0,1071981.0,15,605081.XSHG,11000,11000,10.14,111540.0,母版持仓&资金记录-20250101-20250618.txt,295,parsed
2025-02-25,,position,1074895.35,2914.35,2914.35,1071981.0,1071981.0,15,603813.XSHG,7000,7000,13.03,91210.0,母版持仓&资金记录-20250101-20250618.txt,296,parsed
2025-02-25,,position,1074895.35,2914.35,2914.35,1071981.0,1071981.0,15,300929.XSHE,11600,11600,9.08,105328.0,母版持仓&资金记录-20250101-20250618.txt,297,parsed
2025-02-25,,position,1074895.35,2914.35,2914.35,1071981.0,1071981.0,15,600421.XSHG,8300,8300,7.08,58764.0,母版持仓&资金记录-20250101-20250618.txt,298,parsed
2025-02-25,,position,1074895.35,2914.35,2914.35,1071981.0,1071981.0,15,600193.XSHG,5200,5200,3.84,19968.0,母版持仓&资金记录-20250101-20250618.txt,299,parsed
2025-02-25,,position,1074895.35,2914.35,2914.35,1071981.0,1071981.0,15,000929.XSHE,15900,15900,6.75,107325.0,母版持仓&资金记录-20250101-20250618.txt,300,parsed
2025-02-25,,position,1074895.35,2914.35,2914.35,1071981.0,1071981.0,15,000691.XSHE,34000,34000,3.13,106420.0,母版持仓&资金记录-20250101-20250618.txt,301,parsed
2025-02-26,,position,1086332.55,862.55,862.55,1085470.0,1085470.0,15,002848.XSHE,15400,15400,6.96,107184.0,母版持仓&资金记录-20250101-20250618.txt,305,parsed
2025-02-26,,position,1086332.55,862.55,862.55,1085470.0,1085470.0,15,603316.XSHG,4100,4100,6.49,26609.0,母版持仓&资金记录-20250101-20250618.txt,306,parsed
2025-02-26,,position,1086332.55,862.55,862.55,1085470.0,1085470.0,15,000668.XSHE,18200,18200,5.99,109018.0,母版持仓&资金记录-20250101-20250618.txt,307,parsed
2025-02-26,,position,1086332.55,862.55,862.55,1085470.0,1085470.0,15,002856.XSHE,9600,9600,8.95,85920.0,母版持仓&资金记录-20250101-20250618.txt,308,parsed
2025-02-26,,position,1086332.55,862.55,862.55,1085470.0,1085470.0,15,300736.XSHE,1600,1600,10.26,16416.0,母版持仓&资金记录-20250101-20250618.txt,309,parsed
2025-02-26,,position,1086332.55,862.55,862.55,1085470.0,1085470.0,15,002620.XSHE,18100,18100,3.71,67151.0,母版持仓&资金记录-20250101-20250618.txt,310,parsed
2025-02-26,,position,1086332.55,862.55,862.55,1085470.0,1085470.0,15,300478.XSHE,1500,1500,14.33,21495.0,母版持仓&资金记录-20250101-20250618.txt,311,parsed
2025-02-26,,position,1086332.55,862.55,862.55,1085470.0,1085470.0,15,600753.XSHG,7700,7700,5.48,42196.0,母版持仓&资金记录-20250101-20250618.txt,312,parsed
2025-02-26,,position,1086332.55,862.55,862.55,1085470.0,1085470.0,15,600768.XSHG,6900,6900,9.51,65619.0,母版持仓&资金记录-20250101-20250618.txt,313,parsed
2025-02-26,,position,1086332.55,862.55,862.55,1085470.0,1085470.0,15,605081.XSHG,10600,10600,10.08,106848.0,母版持仓&资金记录-20250101-20250618.txt,314,parsed
2025-02-26,,position,1086332.55,862.55,862.55,1085470.0,1085470.0,15,603813.XSHG,5000,5000,13.09,65450.0,母版持仓&资金记录-20250101-20250618.txt,315,parsed
2025-02-26,,position,1086332.55,862.55,862.55,1085470.0,1085470.0,15,300929.XSHE,11800,11800,9.14,107852.0,母版持仓&资金记录-20250101-20250618.txt,316,parsed
2025-02-26,,position,1086332.55,862.55,862.55,1085470.0,1085470.0,15,600421.XSHG,6100,6100,7.17,43737.0,母版持仓&资金记录-20250101-20250618.txt,317,parsed
2025-02-26,,position,1086332.55,862.55,862.55,1085470.0,1085470.0,15,000929.XSHE,16000,16000,6.87,109920.0,母版持仓&资金记录-20250101-20250618.txt,318,parsed
2025-02-26,,position,1086332.55,862.55,862.55,1085470.0,1085470.0,15,000691.XSHE,34500,34500,3.19,110055.0,母版持仓&资金记录-20250101-20250618.txt,319,parsed
2025-02-27,,position,1083362.55,862.55,862.55,1082500.0,1082500.0,15,002848.XSHE,15400,15400,6.82,105028.0,母版持仓&资金记录-20250101-20250618.txt,323,parsed
2025-02-27,,position,1083362.55,862.55,862.55,1082500.0,1082500.0,15,603316.XSHG,4100,4100,7.14,29274.0,母版持仓&资金记录-20250101-20250618.txt,324,parsed
2025-02-27,,position,1083362.55,862.55,862.55,1082500.0,1082500.0,15,000668.XSHE,18200,18200,6.01,109382.0,母版持仓&资金记录-20250101-20250618.txt,325,parsed
2025-02-27,,position,1083362.55,862.55,862.55,1082500.0,1082500.0,15,002856.XSHE,9600,9600,8.9,85440.0,母版持仓&资金记录-20250101-20250618.txt,326,parsed
2025-02-27,,position,1083362.55,862.55,862.55,1082500.0,1082500.0,15,300736.XSHE,1600,1600,10.15,16240.0,母版持仓&资金记录-20250101-20250618.txt,327,parsed
2025-02-27,,position,1083362.55,862.55,862.55,1082500.0,1082500.0,15,002620.XSHE,18100,18100,3.69,66789.0,母版持仓&资金记录-20250101-20250618.txt,328,parsed
2025-02-27,,position,1083362.55,862.55,862.55,1082500.0,1082500.0,15,300478.XSHE,1500,1500,13.86,20790.0,母版持仓&资金记录-20250101-20250618.txt,329,parsed
2025-02-27,,position,1083362.55,862.55,862.55,1082500.0,1082500.0,15,600753.XSHG,7700,7700,5.4,41580.0,母版持仓&资金记录-20250101-20250618.txt,330,parsed
2025-02-27,,position,1083362.55,862.55,862.55,1082500.0,1082500.0,15,600768.XSHG,6900,6900,9.53,65757.0,母版持仓&资金记录-20250101-20250618.txt,331,parsed
2025-02-27,,position,1083362.55,862.55,862.55,1082500.0,1082500.0,15,605081.XSHG,10600,10600,10.02,106212.0,母版持仓&资金记录-20250101-20250618.txt,332,parsed
2025-02-27,,position,1083362.55,862.55,862.55,1082500.0,1082500.0,15,603813.XSHG,5000,5000,12.92,64600.0,母版持仓&资金记录-20250101-20250618.txt,333,parsed
2025-02-27,,position,1083362.55,862.55,862.55,1082500.0,1082500.0,15,300929.XSHE,11800,11800,9.08,107144.0,母版持仓&资金记录-20250101-20250618.txt,334,parsed
2025-02-27,,position,1083362.55,862.55,862.55,1082500.0,1082500.0,15,600421.XSHG,6100,6100,7.19,43859.0,母版持仓&资金记录-20250101-20250618.txt,335,parsed
2025-02-27,,position,1083362.55,862.55,862.55,1082500.0,1082500.0,15,000929.XSHE,16000,16000,6.94,111040.0,母版持仓&资金记录-20250101-20250618.txt,336,parsed
2025-02-27,,position,1083362.55,862.55,862.55,1082500.0,1082500.0,15,000691.XSHE,34500,34500,3.17,109365.0,母版持仓&资金记录-20250101-20250618.txt,337,parsed
2025-02-28,,position,1066193.02,5389.02,5389.02,1060804.0,1060804.0,15,002848.XSHE,15400,15400,6.98,107492.0,母版持仓&资金记录-20250101-20250618.txt,341,parsed
2025-02-28,,position,1066193.02,5389.02,5389.02,1060804.0,1060804.0,15,603316.XSHG,3400,3400,6.43,21862.0,母版持仓&资金记录-20250101-20250618.txt,342,parsed
2025-02-28,,position,1066193.02,5389.02,5389.02,1060804.0,1060804.0,15,000668.XSHE,18200,18200,5.85,106470.0,母版持仓&资金记录-20250101-20250618.txt,343,parsed
2025-02-28,,position,1066193.02,5389.02,5389.02,1060804.0,1060804.0,15,002856.XSHE,9600,9600,8.75,84000.0,母版持仓&资金记录-20250101-20250618.txt,344,parsed
2025-02-28,,position,1066193.02,5389.02,5389.02,1060804.0,1060804.0,15,300736.XSHE,1600,1600,9.77,15632.0,母版持仓&资金记录-20250101-20250618.txt,345,parsed
2025-02-28,,position,1066193.02,5389.02,5389.02,1060804.0,1060804.0,15,002620.XSHE,18100,18100,3.6,65160.0,母版持仓&资金记录-20250101-20250618.txt,346,parsed
2025-02-28,,position,1066193.02,5389.02,5389.02,1060804.0,1060804.0,15,300478.XSHE,1500,1500,13.33,19995.0,母版持仓&资金记录-20250101-20250618.txt,347,parsed
2025-02-28,,position,1066193.02,5389.02,5389.02,1060804.0,1060804.0,15,600753.XSHG,7700,7700,5.2,40040.0,母版持仓&资金记录-20250101-20250618.txt,348,parsed
2025-02-28,,position,1066193.02,5389.02,5389.02,1060804.0,1060804.0,15,600768.XSHG,6900,6900,9.32,64308.0,母版持仓&资金记录-20250101-20250618.txt,349,parsed
2025-02-28,,position,1066193.02,5389.02,5389.02,1060804.0,1060804.0,15,605081.XSHG,10600,10600,9.76,103456.0,母版持仓&资金记录-20250101-20250618.txt,350,parsed
2025-02-28,,position,1066193.02,5389.02,5389.02,1060804.0,1060804.0,15,603813.XSHG,5000,5000,14.21,71050.0,母版持仓&资金记录-20250101-20250618.txt,351,parsed
2025-02-28,,position,1066193.02,5389.02,5389.02,1060804.0,1060804.0,15,300929.XSHE,11800,11800,8.82,104076.0,母版持仓&资金记录-20250101-20250618.txt,352,parsed
2025-02-28,,position,1066193.02,5389.02,5389.02,1060804.0,1060804.0,15,600421.XSHG,6100,6100,6.88,41968.0,母版持仓&资金记录-20250101-20250618.txt,353,parsed
2025-02-28,,position,1066193.02,5389.02,5389.02,1060804.0,1060804.0,15,000929.XSHE,16000,16000,6.75,108000.0,母版持仓&资金记录-20250101-20250618.txt,354,parsed
2025-02-28,,position,1066193.02,5389.02,5389.02,1060804.0,1060804.0,15,000691.XSHE,34500,34500,3.11,107295.0,母版持仓&资金记录-20250101-20250618.txt,355,parsed
2025-03-03,,position,1065467.6,27081.6,27081.6,1038386.0,1038386.0,14,002848.XSHE,15400,15400,7.07,108878.0,母版持仓&资金记录-20250101-20250618.txt,359,parsed
2025-03-03,,position,1065467.6,27081.6,27081.6,1038386.0,1038386.0,14,603316.XSHG,3400,3400,5.9,20060.0,母版持仓&资金记录-20250101-20250618.txt,360,parsed
2025-03-03,,position,1065467.6,27081.6,27081.6,1038386.0,1038386.0,14,000668.XSHE,18200,18200,5.78,105196.0,母版持仓&资金记录-20250101-20250618.txt,361,parsed
2025-03-03,,position,1065467.6,27081.6,27081.6,1038386.0,1038386.0,14,002856.XSHE,12100,12100,8.84,106964.0,母版持仓&资金记录-20250101-20250618.txt,362,parsed
2025-03-03,,position,1065467.6,27081.6,27081.6,1038386.0,1038386.0,14,300736.XSHE,1600,1600,9.67,15472.0,母版持仓&资金记录-20250101-20250618.txt,363,parsed
2025-03-03,,position,1065467.6,27081.6,27081.6,1038386.0,1038386.0,14,002620.XSHE,12000,12000,3.6,43200.0,母版持仓&资金记录-20250101-20250618.txt,364,parsed
2025-03-03,,position,1065467.6,27081.6,27081.6,1038386.0,1038386.0,14,600753.XSHG,11900,11900,5.18,61642.0,母版持仓&资金记录-20250101-20250618.txt,365,parsed
2025-03-03,,position,1065467.6,27081.6,27081.6,1038386.0,1038386.0,14,600768.XSHG,9100,9100,9.42,85722.0,母版持仓&资金记录-20250101-20250618.txt,366,parsed
2025-03-03,,position,1065467.6,27081.6,27081.6,1038386.0,1038386.0,14,605081.XSHG,10800,10800,9.74,105192.0,母版持仓&资金记录-20250101-20250618.txt,367,parsed
2025-03-03,,position,1065467.6,27081.6,27081.6,1038386.0,1038386.0,14,603813.XSHG,3100,3100,14.28,44268.0,母版持仓&资金记录-20250101-20250618.txt,368,parsed
2025-03-03,,position,1065467.6,27081.6,27081.6,1038386.0,1038386.0,14,300929.XSHE,12000,12000,8.98,107760.0,母版持仓&资金记录-20250101-20250618.txt,369,parsed
2025-03-03,,position,1065467.6,27081.6,27081.6,1038386.0,1038386.0,14,600421.XSHG,3100,3100,6.86,21266.0,母版持仓&资金记录-20250101-20250618.txt,370,parsed
2025-03-03,,position,1065467.6,27081.6,27081.6,1038386.0,1038386.0,14,000929.XSHE,15900,15900,6.59,104781.0,母版持仓&资金记录-20250101-20250618.txt,371,parsed
2025-03-03,,position,1065467.6,27081.6,27081.6,1038386.0,1038386.0,14,000691.XSHE,34500,34500,3.13,107985.0,母版持仓&资金记录-20250101-20250618.txt,372,parsed
2025-03-04,,position,1071178.6,27081.6,27081.6,1044097.0,1044097.0,14,002848.XSHE,15400,15400,6.87,105798.0,母版持仓&资金记录-20250101-20250618.txt,376,parsed
2025-03-04,,position,1071178.6,27081.6,27081.6,1044097.0,1044097.0,14,603316.XSHG,3400,3400,6.07,20638.0,母版持仓&资金记录-20250101-20250618.txt,377,parsed
2025-03-04,,position,1071178.6,27081.6,27081.6,1044097.0,1044097.0,14,000668.XSHE,18200,18200,5.72,104104.0,母版持仓&资金记录-20250101-20250618.txt,378,parsed
2025-03-04,,position,1071178.6,27081.6,27081.6,1044097.0,1044097.0,14,002856.XSHE,12100,12100,9.05,109505.0,母版持仓&资金记录-20250101-20250618.txt,379,parsed
2025-03-04,,position,1071178.6,27081.6,27081.6,1044097.0,1044097.0,14,300736.XSHE,1600,1600,9.94,15904.0,母版持仓&资金记录-20250101-20250618.txt,380,parsed
2025-03-04,,position,1071178.6,27081.6,27081.6,1044097.0,1044097.0,14,002620.XSHE,12000,12000,3.71,44520.0,母版持仓&资金记录-20250101-20250618.txt,381,parsed
2025-03-04,,position,1071178.6,27081.6,27081.6,1044097.0,1044097.0,14,600753.XSHG,11900,11900,5.22,62118.0,母版持仓&资金记录-20250101-20250618.txt,382,parsed
2025-03-04,,position,1071178.6,27081.6,27081.6,1044097.0,1044097.0,14,600768.XSHG,9100,9100,9.63,87633.0,母版持仓&资金记录-20250101-20250618.txt,383,parsed
2025-03-04,,position,1071178.6,27081.6,27081.6,1044097.0,1044097.0,14,605081.XSHG,10800,10800,9.59,103572.0,母版持仓&资金记录-20250101-20250618.txt,384,parsed
2025-03-04,,position,1071178.6,27081.6,27081.6,1044097.0,1044097.0,14,603813.XSHG,3100,3100,14.54,45074.0,母版持仓&资金记录-20250101-20250618.txt,385,parsed
2025-03-04,,position,1071178.6,27081.6,27081.6,1044097.0,1044097.0,14,300929.XSHE,12000,12000,9.16,109920.0,母版持仓&资金记录-20250101-20250618.txt,386,parsed
2025-03-04,,position,1071178.6,27081.6,27081.6,1044097.0,1044097.0,14,600421.XSHG,3100,3100,6.87,21297.0,母版持仓&资金记录-20250101-20250618.txt,387,parsed
2025-03-04,,position,1071178.6,27081.6,27081.6,1044097.0,1044097.0,14,000929.XSHE,15900,15900,6.56,104304.0,母版持仓&资金记录-20250101-20250618.txt,388,parsed
2025-03-04,,position,1071178.6,27081.6,27081.6,1044097.0,1044097.0,14,000691.XSHE,34500,34500,3.18,109710.0,母版持仓&资金记录-20250101-20250618.txt,389,parsed
2025-03-05,,position,1060936.6,27081.6,27081.6,1033855.0,1033855.0,14,002848.XSHE,15400,15400,6.77,104258.0,母版持仓&资金记录-20250101-20250618.txt,393,parsed
2025-03-05,,position,1060936.6,27081.6,27081.6,1033855.0,1033855.0,14,603316.XSHG,3400,3400,5.93,20162.0,母版持仓&资金记录-20250101-20250618.txt,394,parsed
2025-03-05,,position,1060936.6,27081.6,27081.6,1033855.0,1033855.0,14,000668.XSHE,18200,18200,5.65,102830.0,母版持仓&资金记录-20250101-20250618.txt,395,parsed
2025-03-05,,position,1060936.6,27081.6,27081.6,1033855.0,1033855.0,14,002856.XSHE,12100,12100,8.99,108779.0,母版持仓&资金记录-20250101-20250618.txt,396,parsed
2025-03-05,,position,1060936.6,27081.6,27081.6,1033855.0,1033855.0,14,300736.XSHE,1600,1600,9.82,15712.0,母版持仓&资金记录-20250101-20250618.txt,397,parsed
2025-03-05,,position,1060936.6,27081.6,27081.6,1033855.0,1033855.0,14,002620.XSHE,12000,12000,3.72,44640.0,母版持仓&资金记录-20250101-20250618.txt,398,parsed
2025-03-05,,position,1060936.6,27081.6,27081.6,1033855.0,1033855.0,14,600753.XSHG,11900,11900,5.27,62713.0,母版持仓&资金记录-20250101-20250618.txt,399,parsed
2025-03-05,,position,1060936.6,27081.6,27081.6,1033855.0,1033855.0,14,600768.XSHG,9100,9100,9.63,87633.0,母版持仓&资金记录-20250101-20250618.txt,400,parsed
2025-03-05,,position,1060936.6,27081.6,27081.6,1033855.0,1033855.0,14,605081.XSHG,10800,10800,9.5,102600.0,母版持仓&资金记录-20250101-20250618.txt,401,parsed
2025-03-05,,position,1060936.6,27081.6,27081.6,1033855.0,1033855.0,14,603813.XSHG,3100,3100,13.91,43121.0,母版持仓&资金记录-20250101-20250618.txt,402,parsed
2025-03-05,,position,1060936.6,27081.6,27081.6,1033855.0,1033855.0,14,300929.XSHE,12000,12000,9.04,108480.0,母版持仓&资金记录-20250101-20250618.txt,403,parsed
2025-03-05,,position,1060936.6,27081.6,27081.6,1033855.0,1033855.0,14,600421.XSHG,3100,3100,6.76,20956.0,母版持仓&资金记录-20250101-20250618.txt,404,parsed
2025-03-05,,position,1060936.6,27081.6,27081.6,1033855.0,1033855.0,14,000929.XSHE,15900,15900,6.54,103986.0,母版持仓&资金记录-20250101-20250618.txt,405,parsed
2025-03-05,,position,1060936.6,27081.6,27081.6,1033855.0,1033855.0,14,000691.XSHE,34500,34500,3.13,107985.0,母版持仓&资金记录-20250101-20250618.txt,406,parsed
2025-03-06,,position,1076384.7,1926.7,1926.7,1074458.0,1074458.0,13,002848.XSHE,15700,15700,6.78,106446.0,母版持仓&资金记录-20250101-20250618.txt,410,parsed
2025-03-06,,position,1076384.7,1926.7,1926.7,1074458.0,1074458.0,13,603316.XSHG,3500,3500,5.94,20790.0,母版持仓&资金记录-20250101-20250618.txt,411,parsed
2025-03-06,,position,1076384.7,1926.7,1926.7,1074458.0,1074458.0,13,000668.XSHE,18700,18700,5.68,106216.0,母版持仓&资金记录-20250101-20250618.txt,412,parsed
2025-03-06,,position,1076384.7,1926.7,1926.7,1074458.0,1074458.0,13,002856.XSHE,11800,11800,9.16,108088.0,母版持仓&资金记录-20250101-20250618.txt,413,parsed
2025-03-06,,position,1076384.7,1926.7,1926.7,1074458.0,1074458.0,13,300736.XSHE,6400,6400,9.95,63680.0,母版持仓&资金记录-20250101-20250618.txt,414,parsed
2025-03-06,,position,1076384.7,1926.7,1926.7,1074458.0,1074458.0,13,002620.XSHE,5800,5800,3.7,21460.0,母版持仓&资金记录-20250101-20250618.txt,415,parsed
2025-03-06,,position,1076384.7,1926.7,1926.7,1074458.0,1074458.0,13,600753.XSHG,16000,16000,5.52,88320.0,母版持仓&资金记录-20250101-20250618.txt,416,parsed
2025-03-06,,position,1076384.7,1926.7,1926.7,1074458.0,1074458.0,13,600768.XSHG,10900,10900,9.73,106057.0,母版持仓&资金记录-20250101-20250618.txt,417,parsed
2025-03-06,,position,1076384.7,1926.7,1926.7,1074458.0,1074458.0,13,605081.XSHG,11100,11100,9.71,107781.0,母版持仓&资金记录-20250101-20250618.txt,418,parsed
2025-03-06,,position,1076384.7,1926.7,1926.7,1074458.0,1074458.0,13,603813.XSHG,1500,1500,13.92,20880.0,母版持仓&资金记录-20250101-20250618.txt,419,parsed
2025-03-06,,position,1076384.7,1926.7,1926.7,1074458.0,1074458.0,13,300929.XSHE,11800,11800,9.28,109504.0,母版持仓&资金记录-20250101-20250618.txt,420,parsed
2025-03-06,,position,1076384.7,1926.7,1926.7,1074458.0,1074458.0,13,000929.XSHE,16400,16400,6.49,106436.0,母版持仓&资金记录-20250101-20250618.txt,421,parsed
2025-03-06,,position,1076384.7,1926.7,1926.7,1074458.0,1074458.0,13,000691.XSHE,34000,34000,3.2,108800.0,母版持仓&资金记录-20250101-20250618.txt,422,parsed
2025-03-07,,position,1060974.7,1926.7,1926.7,1059048.0,1059048.0,13,002848.XSHE,15700,15700,6.62,103934.0,母版持仓&资金记录-20250101-20250618.txt,426,parsed
2025-03-07,,position,1060974.7,1926.7,1926.7,1059048.0,1059048.0,13,603316.XSHG,3500,3500,6.25,21875.0,母版持仓&资金记录-20250101-20250618.txt,427,parsed
2025-03-07,,position,1060974.7,1926.7,1926.7,1059048.0,1059048.0,13,000668.XSHE,18700,18700,5.6,104720.0,母版持仓&资金记录-20250101-20250618.txt,428,parsed
2025-03-07,,position,1060974.7,1926.7,1926.7,1059048.0,1059048.0,13,002856.XSHE,11800,11800,8.97,105846.0,母版持仓&资金记录-20250101-20250618.txt,429,parsed
2025-03-07,,position,1060974.7,1926.7,1926.7,1059048.0,1059048.0,13,300736.XSHE,6400,6400,9.68,61952.0,母版持仓&资金记录-20250101-20250618.txt,430,parsed
2025-03-07,,position,1060974.7,1926.7,1926.7,1059048.0,1059048.0,13,002620.XSHE,5800,5800,3.6,20880.0,母版持仓&资金记录-20250101-20250618.txt,431,parsed
2025-03-07,,position,1060974.7,1926.7,1926.7,1059048.0,1059048.0,13,600753.XSHG,16000,16000,5.52,88320.0,母版持仓&资金记录-20250101-20250618.txt,432,parsed
2025-03-07,,position,1060974.7,1926.7,1926.7,1059048.0,1059048.0,13,600768.XSHG,10900,10900,9.61,104749.0,母版持仓&资金记录-20250101-20250618.txt,433,parsed
2025-03-07,,position,1060974.7,1926.7,1926.7,1059048.0,1059048.0,13,605081.XSHG,11100,11100,9.51,105561.0,母版持仓&资金记录-20250101-20250618.txt,434,parsed
2025-03-07,,position,1060974.7,1926.7,1926.7,1059048.0,1059048.0,13,603813.XSHG,1500,1500,14.05,21075.0,母版持仓&资金记录-20250101-20250618.txt,435,parsed
2025-03-07,,position,1060974.7,1926.7,1926.7,1059048.0,1059048.0,13,300929.XSHE,11800,11800,9.16,108088.0,母版持仓&资金记录-20250101-20250618.txt,436,parsed
2025-03-07,,position,1060974.7,1926.7,1926.7,1059048.0,1059048.0,13,000929.XSHE,16400,16400,6.42,105288.0,母版持仓&资金记录-20250101-20250618.txt,437,parsed
2025-03-07,,position,1060974.7,1926.7,1926.7,1059048.0,1059048.0,13,000691.XSHE,34000,34000,3.14,106760.0,母版持仓&资金记录-20250101-20250618.txt,438,parsed
2025-03-10,,position,1102867.7,1926.7,1926.7,1100941.0,1100941.0,13,002848.XSHE,15700,15700,6.72,105504.0,母版持仓&资金记录-20250101-20250618.txt,442,parsed
2025-03-10,,position,1102867.7,1926.7,1926.7,1100941.0,1100941.0,13,603316.XSHG,3500,3500,6.17,21595.0,母版持仓&资金记录-20250101-20250618.txt,443,parsed
2025-03-10,,position,1102867.7,1926.7,1926.7,1100941.0,1100941.0,13,000668.XSHE,18700,18700,6.16,115192.0,母版持仓&资金记录-20250101-20250618.txt,444,parsed
2025-03-10,,position,1102867.7,1926.7,1926.7,1100941.0,1100941.0,13,002856.XSHE,11800,11800,9.16,108088.0,母版持仓&资金记录-20250101-20250618.txt,445,parsed
2025-03-10,,position,1102867.7,1926.7,1926.7,1100941.0,1100941.0,13,300736.XSHE,6400,6400,9.7,62080.0,母版持仓&资金记录-20250101-20250618.txt,446,parsed
2025-03-10,,position,1102867.7,1926.7,1926.7,1100941.0,1100941.0,13,002620.XSHE,5800,5800,3.68,21344.0,母版持仓&资金记录-20250101-20250618.txt,447,parsed
2025-03-10,,position,1102867.7,1926.7,1926.7,1100941.0,1100941.0,13,600753.XSHG,16000,16000,5.6,89600.0,母版持仓&资金记录-20250101-20250618.txt,448,parsed
2025-03-10,,position,1102867.7,1926.7,1926.7,1100941.0,1100941.0,13,600768.XSHG,10900,10900,9.69,105621.0,母版持仓&资金记录-20250101-20250618.txt,449,parsed
2025-03-10,,position,1102867.7,1926.7,1926.7,1100941.0,1100941.0,13,605081.XSHG,11100,11100,10.46,116106.0,母版持仓&资金记录-20250101-20250618.txt,450,parsed
2025-03-10,,position,1102867.7,1926.7,1926.7,1100941.0,1100941.0,13,603813.XSHG,1500,1500,14.57,21855.0,母版持仓&资金记录-20250101-20250618.txt,451,parsed
2025-03-10,,position,1102867.7,1926.7,1926.7,1100941.0,1100941.0,13,300929.XSHE,11800,11800,9.24,109032.0,母版持仓&资金记录-20250101-20250618.txt,452,parsed
2025-03-10,,position,1102867.7,1926.7,1926.7,1100941.0,1100941.0,13,000929.XSHE,16400,16400,7.06,115784.0,母版持仓&资金记录-20250101-20250618.txt,453,parsed
2025-03-10,,position,1102867.7,1926.7,1926.7,1100941.0,1100941.0,13,000691.XSHE,34000,34000,3.21,109140.0,母版持仓&资金记录-20250101-20250618.txt,454,parsed
2025-03-11,,position,1106399.39,36487.39,36487.39,1069912.0,1069912.0,11,002848.XSHE,15800,15800,6.81,107598.0,母版持仓&资金记录-20250101-20250618.txt,458,parsed
2025-03-11,,position,1106399.39,36487.39,36487.39,1069912.0,1069912.0,11,000668.XSHE,18700,18700,5.91,110517.0,母版持仓&资金记录-20250101-20250618.txt,459,parsed
2025-03-11,,position,1106399.39,36487.39,36487.39,1069912.0,1069912.0,11,002856.XSHE,12000,12000,9.26,111120.0,母版持仓&资金记录-20250101-20250618.txt,460,parsed
2025-03-11,,position,1106399.39,36487.39,36487.39,1069912.0,1069912.0,11,300736.XSHE,8200,8200,9.67,79294.0,母版持仓&资金记录-20250101-20250618.txt,461,parsed
2025-03-11,,position,1106399.39,36487.39,36487.39,1069912.0,1069912.0,11,600753.XSHG,19600,19600,5.72,112112.0,母版持仓&资金记录-20250101-20250618.txt,462,parsed
2025-03-11,,position,1106399.39,36487.39,36487.39,1069912.0,1069912.0,11,600768.XSHG,11300,11300,9.73,109949.0,母版持仓&资金记录-20250101-20250618.txt,463,parsed
2025-03-11,,position,1106399.39,36487.39,36487.39,1069912.0,1069912.0,11,605081.XSHG,10800,10800,10.23,110484.0,母版持仓&资金记录-20250101-20250618.txt,464,parsed
2025-03-11,,position,1106399.39,36487.39,36487.39,1069912.0,1069912.0,11,603813.XSHG,1500,1500,15.12,22680.0,母版持仓&资金记录-20250101-20250618.txt,465,parsed
2025-03-11,,position,1106399.39,36487.39,36487.39,1069912.0,1069912.0,11,300929.XSHE,11800,11800,9.32,109976.0,母版持仓&资金记录-20250101-20250618.txt,466,parsed
2025-03-11,,position,1106399.39,36487.39,36487.39,1069912.0,1069912.0,11,000929.XSHE,11900,11900,7.32,87108.0,母版持仓&资金记录-20250101-20250618.txt,467,parsed
2025-03-11,,position,1106399.39,36487.39,36487.39,1069912.0,1069912.0,11,000691.XSHE,34300,34300,3.18,109074.0,母版持仓&资金记录-20250101-20250618.txt,468,parsed
2025-03-12,,position,1112424.39,36487.39,36487.39,1075937.0,1075937.0,11,002848.XSHE,15800,15800,7,110600.0,母版持仓&资金记录-20250101-20250618.txt,472,parsed
2025-03-12,,position,1112424.39,36487.39,36487.39,1075937.0,1075937.0,11,000668.XSHE,18700,18700,5.88,109956.0,母版持仓&资金记录-20250101-20250618.txt,473,parsed
2025-03-12,,position,1112424.39,36487.39,36487.39,1075937.0,1075937.0,11,002856.XSHE,12000,12000,9.44,113280.0,母版持仓&资金记录-20250101-20250618.txt,474,parsed
2025-03-12,,position,1112424.39,36487.39,36487.39,1075937.0,1075937.0,11,300736.XSHE,8200,8200,9.76,80032.0,母版持仓&资金记录-20250101-20250618.txt,475,parsed
2025-03-12,,position,1112424.39,36487.39,36487.39,1075937.0,1075937.0,11,600753.XSHG,19600,19600,5.63,110348.0,母版持仓&资金记录-20250101-20250618.txt,476,parsed
2025-03-12,,position,1112424.39,36487.39,36487.39,1075937.0,1075937.0,11,600768.XSHG,11300,11300,9.8,110740.0,母版持仓&资金记录-20250101-20250618.txt,477,parsed
2025-03-12,,position,1112424.39,36487.39,36487.39,1075937.0,1075937.0,11,605081.XSHG,10800,10800,10.56,114048.0,母版持仓&资金记录-20250101-20250618.txt,478,parsed
2025-03-12,,position,1112424.39,36487.39,36487.39,1075937.0,1075937.0,11,603813.XSHG,1500,1500,15.19,22785.0,母版持仓&资金记录-20250101-20250618.txt,479,parsed
2025-03-12,,position,1112424.39,36487.39,36487.39,1075937.0,1075937.0,11,300929.XSHE,11800,11800,9.4,110920.0,母版持仓&资金记录-20250101-20250618.txt,480,parsed
2025-03-12,,position,1112424.39,36487.39,36487.39,1075937.0,1075937.0,11,000929.XSHE,11900,11900,7.36,87584.0,母版持仓&资金记录-20250101-20250618.txt,481,parsed
2025-03-12,,position,1112424.39,36487.39,36487.39,1075937.0,1075937.0,11,000691.XSHE,34300,34300,3.08,105644.0,母版持仓&资金记录-20250101-20250618.txt,482,parsed
2025-03-13,,position,1097351.39,36487.39,36487.39,1060864.0,1060864.0,11,002848.XSHE,15800,15800,6.91,109178.0,母版持仓&资金记录-20250101-20250618.txt,486,parsed
2025-03-13,,position,1097351.39,36487.39,36487.39,1060864.0,1060864.0,11,000668.XSHE,18700,18700,5.75,107525.0,母版持仓&资金记录-20250101-20250618.txt,487,parsed
2025-03-13,,position,1097351.39,36487.39,36487.39,1060864.0,1060864.0,11,002856.XSHE,12000,12000,9.36,112320.0,母版持仓&资金记录-20250101-20250618.txt,488,parsed
2025-03-13,,position,1097351.39,36487.39,36487.39,1060864.0,1060864.0,11,300736.XSHE,8200,8200,9.56,78392.0,母版持仓&资金记录-20250101-20250618.txt,489,parsed
2025-03-13,,position,1097351.39,36487.39,36487.39,1060864.0,1060864.0,11,600753.XSHG,19600,19600,5.62,110152.0,母版持仓&资金记录-20250101-20250618.txt,490,parsed
2025-03-13,,position,1097351.39,36487.39,36487.39,1060864.0,1060864.0,11,600768.XSHG,11300,11300,9.69,109497.0,母版持仓&资金记录-20250101-20250618.txt,491,parsed
2025-03-13,,position,1097351.39,36487.39,36487.39,1060864.0,1060864.0,11,605081.XSHG,10800,10800,10.48,113184.0,母版持仓&资金记录-20250101-20250618.txt,492,parsed
2025-03-13,,position,1097351.39,36487.39,36487.39,1060864.0,1060864.0,11,603813.XSHG,1500,1500,14.53,21795.0,母版持仓&资金记录-20250101-20250618.txt,493,parsed
2025-03-13,,position,1097351.39,36487.39,36487.39,1060864.0,1060864.0,11,300929.XSHE,11800,11800,9.33,110094.0,母版持仓&资金记录-20250101-20250618.txt,494,parsed
2025-03-13,,position,1097351.39,36487.39,36487.39,1060864.0,1060864.0,11,000929.XSHE,11900,11900,7.27,86513.0,母版持仓&资金记录-20250101-20250618.txt,495,parsed
2025-03-13,,position,1097351.39,36487.39,36487.39,1060864.0,1060864.0,11,000691.XSHE,34300,34300,2.98,102214.0,母版持仓&资金记录-20250101-20250618.txt,496,parsed
2025-03-14,,position,1118960.89,253.89,253.89,1118707.0,1118707.0,12,002848.XSHE,15700,15700,7.08,111156.0,母版持仓&资金记录-20250101-20250618.txt,500,parsed
2025-03-14,,position,1118960.89,253.89,253.89,1118707.0,1118707.0,12,600243.XSHG,15200,15200,2.95,44840.0,母版持仓&资金记录-20250101-20250618.txt,501,parsed
2025-03-14,,position,1118960.89,253.89,253.89,1118707.0,1118707.0,12,000668.XSHE,18800,18800,5.92,111296.0,母版持仓&资金记录-20250101-20250618.txt,502,parsed
2025-03-14,,position,1118960.89,253.89,253.89,1118707.0,1118707.0,12,002856.XSHE,11800,11800,9.49,111982.0,母版持仓&资金记录-20250101-20250618.txt,503,parsed
2025-03-14,,position,1118960.89,253.89,253.89,1118707.0,1118707.0,12,300736.XSHE,11500,11500,10.07,115805.0,母版持仓&资金记录-20250101-20250618.txt,504,parsed
2025-03-14,,position,1118960.89,253.89,253.89,1118707.0,1118707.0,12,600753.XSHG,19600,19600,5.72,112112.0,母版持仓&资金记录-20250101-20250618.txt,505,parsed
2025-03-14,,position,1118960.89,253.89,253.89,1118707.0,1118707.0,12,600768.XSHG,9200,9200,9.82,90344.0,母版持仓&资金记录-20250101-20250618.txt,506,parsed
2025-03-14,,position,1118960.89,253.89,253.89,1118707.0,1118707.0,12,605081.XSHG,10500,10500,10.64,111720.0,母版持仓&资金记录-20250101-20250618.txt,507,parsed
2025-03-14,,position,1118960.89,253.89,253.89,1118707.0,1118707.0,12,300929.XSHE,11800,11800,9.48,111864.0,母版持仓&资金记录-20250101-20250618.txt,508,parsed
2025-03-14,,position,1118960.89,253.89,253.89,1118707.0,1118707.0,12,600421.XSHG,3200,3200,6.57,21024.0,母版持仓&资金记录-20250101-20250618.txt,509,parsed
2025-03-14,,position,1118960.89,253.89,253.89,1118707.0,1118707.0,12,000929.XSHE,9100,9100,7.4,67340.0,母版持仓&资金记录-20250101-20250618.txt,510,parsed
2025-03-14,,position,1118960.89,253.89,253.89,1118707.0,1118707.0,12,000691.XSHE,36900,36900,2.96,109224.0,母版持仓&资金记录-20250101-20250618.txt,511,parsed
2025-03-17,,position,1128623.89,253.89,253.89,1128370.0,1128370.0,12,002848.XSHE,15700,15700,7.14,112098.0,母版持仓&资金记录-20250101-20250618.txt,515,parsed
2025-03-17,,position,1128623.89,253.89,253.89,1128370.0,1128370.0,12,600243.XSHG,15200,15200,3,45600.0,母版持仓&资金记录-20250101-20250618.txt,516,parsed
2025-03-17,,position,1128623.89,253.89,253.89,1128370.0,1128370.0,12,000668.XSHE,18800,18800,6.1,114680.0,母版持仓&资金记录-20250101-20250618.txt,517,parsed
2025-03-17,,position,1128623.89,253.89,253.89,1128370.0,1128370.0,12,002856.XSHE,11800,11800,9.56,112808.0,母版持仓&资金记录-20250101-20250618.txt,518,parsed
2025-03-17,,position,1128623.89,253.89,253.89,1128370.0,1128370.0,12,300736.XSHE,11500,11500,9.95,114425.0,母版持仓&资金记录-20250101-20250618.txt,519,parsed
2025-03-17,,position,1128623.89,253.89,253.89,1128370.0,1128370.0,12,600753.XSHG,19600,19600,5.78,113288.0,母版持仓&资金记录-20250101-20250618.txt,520,parsed
2025-03-17,,position,1128623.89,253.89,253.89,1128370.0,1128370.0,12,600768.XSHG,9200,9200,9.89,90988.0,母版持仓&资金记录-20250101-20250618.txt,521,parsed
2025-03-17,,position,1128623.89,253.89,253.89,1128370.0,1128370.0,12,605081.XSHG,10500,10500,10.89,114345.0,母版持仓&资金记录-20250101-20250618.txt,522,parsed
2025-03-17,,position,1128623.89,253.89,253.89,1128370.0,1128370.0,12,300929.XSHE,11800,11800,9.57,112926.0,母版持仓&资金记录-20250101-20250618.txt,523,parsed
2025-03-17,,position,1128623.89,253.89,253.89,1128370.0,1128370.0,12,600421.XSHG,3200,3200,6.62,21184.0,母版持仓&资金记录-20250101-20250618.txt,524,parsed
2025-03-17,,position,1128623.89,253.89,253.89,1128370.0,1128370.0,12,000929.XSHE,9100,9100,7.26,66066.0,母版持仓&资金记录-20250101-20250618.txt,525,parsed
2025-03-17,,position,1128623.89,253.89,253.89,1128370.0,1128370.0,12,000691.XSHE,36900,36900,2.98,109962.0,母版持仓&资金记录-20250101-20250618.txt,526,parsed
2025-03-18,,position,1128134.89,253.89,253.89,1127881.0,1127881.0,12,002848.XSHE,15700,15700,6.99,109743.0,母版持仓&资金记录-20250101-20250618.txt,530,parsed
2025-03-18,,position,1128134.89,253.89,253.89,1127881.0,1127881.0,12,600243.XSHG,15200,15200,2.98,45296.0,母版持仓&资金记录-20250101-20250618.txt,531,parsed
2025-03-18,,position,1128134.89,253.89,253.89,1127881.0,1127881.0,12,000668.XSHE,18800,18800,5.96,112048.0,母版持仓&资金记录-20250101-20250618.txt,532,parsed
2025-03-18,,position,1128134.89,253.89,253.89,1127881.0,1127881.0,12,002856.XSHE,11800,11800,9.62,113516.0,母版持仓&资金记录-20250101-20250618.txt,533,parsed
2025-03-18,,position,1128134.89,253.89,253.89,1127881.0,1127881.0,12,300736.XSHE,11500,11500,10.07,115805.0,母版持仓&资金记录-20250101-20250618.txt,534,parsed
2025-03-18,,position,1128134.89,253.89,253.89,1127881.0,1127881.0,12,600753.XSHG,19600,19600,5.81,113876.0,母版持仓&资金记录-20250101-20250618.txt,535,parsed
2025-03-18,,position,1128134.89,253.89,253.89,1127881.0,1127881.0,12,600768.XSHG,9200,9200,9.98,91816.0,母版持仓&资金记录-20250101-20250618.txt,536,parsed
2025-03-18,,position,1128134.89,253.89,253.89,1127881.0,1127881.0,12,605081.XSHG,10500,10500,10.96,115080.0,母版持仓&资金记录-20250101-20250618.txt,537,parsed
2025-03-18,,position,1128134.89,253.89,253.89,1127881.0,1127881.0,12,300929.XSHE,11800,11800,9.6,113280.0,母版持仓&资金记录-20250101-20250618.txt,538,parsed
2025-03-18,,position,1128134.89,253.89,253.89,1127881.0,1127881.0,12,600421.XSHG,3200,3200,6.6,21120.0,母版持仓&资金记录-20250101-20250618.txt,539,parsed
2025-03-18,,position,1128134.89,253.89,253.89,1127881.0,1127881.0,12,000929.XSHE,9100,9100,7.29,66339.0,母版持仓&资金记录-20250101-20250618.txt,540,parsed
2025-03-18,,position,1128134.89,253.89,253.89,1127881.0,1127881.0,12,000691.XSHE,36900,36900,2.98,109962.0,母版持仓&资金记录-20250101-20250618.txt,541,parsed
2025-03-19,,position,1125231.41,150.41,150.41,1125081.0,1125081.0,12,002848.XSHE,15700,15700,6.91,108487.0,母版持仓&资金记录-20250101-20250618.txt,545,parsed
2025-03-19,,position,1125231.41,150.41,150.41,1125081.0,1125081.0,12,600243.XSHG,22600,22600,3.28,74128.0,母版持仓&资金记录-20250101-20250618.txt,546,parsed
2025-03-19,,position,1125231.41,150.41,150.41,1125081.0,1125081.0,12,000668.XSHE,18800,18800,5.93,111484.0,母版持仓&资金记录-20250101-20250618.txt,547,parsed
2025-03-19,,position,1125231.41,150.41,150.41,1125081.0,1125081.0,12,002856.XSHE,11800,11800,9.44,111392.0,母版持仓&资金记录-20250101-20250618.txt,548,parsed
2025-03-19,,position,1125231.41,150.41,150.41,1125081.0,1125081.0,12,300736.XSHE,11300,11300,9.85,111305.0,母版持仓&资金记录-20250101-20250618.txt,549,parsed
2025-03-19,,position,1125231.41,150.41,150.41,1125081.0,1125081.0,12,600753.XSHG,15600,15600,5.78,90168.0,母版持仓&资金记录-20250101-20250618.txt,550,parsed
2025-03-19,,position,1125231.41,150.41,150.41,1125081.0,1125081.0,12,600768.XSHG,9100,9100,9.93,90363.0,母版持仓&资金记录-20250101-20250618.txt,551,parsed
2025-03-19,,position,1125231.41,150.41,150.41,1125081.0,1125081.0,12,605081.XSHG,10400,10400,10.74,111696.0,母版持仓&资金记录-20250101-20250618.txt,552,parsed
2025-03-19,,position,1125231.41,150.41,150.41,1125081.0,1125081.0,12,300929.XSHE,11800,11800,9.54,112572.0,母版持仓&资金记录-20250101-20250618.txt,553,parsed
2025-03-19,,position,1125231.41,150.41,150.41,1125081.0,1125081.0,12,600421.XSHG,6800,6800,6.49,44132.0,母版持仓&资金记录-20250101-20250618.txt,554,parsed
2025-03-19,,position,1125231.41,150.41,150.41,1125081.0,1125081.0,12,000929.XSHE,6200,6200,7.29,45198.0,母版持仓&资金记录-20250101-20250618.txt,555,parsed
2025-03-19,,position,1125231.41,150.41,150.41,1125081.0,1125081.0,12,000691.XSHE,37800,37800,3.02,114156.0,母版持仓&资金记录-20250101-20250618.txt,556,parsed
2025-03-20,,position,1133342.41,150.41,150.41,1133192.0,1133192.0,12,002848.XSHE,15700,15700,6.93,108801.0,母版持仓&资金记录-20250101-20250618.txt,560,parsed
2025-03-20,,position,1133342.41,150.41,150.41,1133192.0,1133192.0,12,600243.XSHG,22600,22600,3.61,81586.0,母版持仓&资金记录-20250101-20250618.txt,561,parsed
2025-03-20,,position,1133342.41,150.41,150.41,1133192.0,1133192.0,12,000668.XSHE,18800,18800,5.98,112424.0,母版持仓&资金记录-20250101-20250618.txt,562,parsed
2025-03-20,,position,1133342.41,150.41,150.41,1133192.0,1133192.0,12,002856.XSHE,11800,11800,9.47,111746.0,母版持仓&资金记录-20250101-20250618.txt,563,parsed
2025-03-20,,position,1133342.41,150.41,150.41,1133192.0,1133192.0,12,300736.XSHE,11300,11300,9.79,110627.0,母版持仓&资金记录-20250101-20250618.txt,564,parsed
2025-03-20,,position,1133342.41,150.41,150.41,1133192.0,1133192.0,12,600753.XSHG,15600,15600,5.74,89544.0,母版持仓&资金记录-20250101-20250618.txt,565,parsed
2025-03-20,,position,1133342.41,150.41,150.41,1133192.0,1133192.0,12,600768.XSHG,9100,9100,10,91000.0,母版持仓&资金记录-20250101-20250618.txt,566,parsed
2025-03-20,,position,1133342.41,150.41,150.41,1133192.0,1133192.0,12,605081.XSHG,10400,10400,10.54,109616.0,母版持仓&资金记录-20250101-20250618.txt,567,parsed
2025-03-20,,position,1133342.41,150.41,150.41,1133192.0,1133192.0,12,300929.XSHE,11800,11800,9.51,112218.0,母版持仓&资金记录-20250101-20250618.txt,568,parsed
2025-03-20,,position,1133342.41,150.41,150.41,1133192.0,1133192.0,12,600421.XSHG,6800,6800,6.49,44132.0,母版持仓&资金记录-20250101-20250618.txt,569,parsed
2025-03-20,,position,1133342.41,150.41,150.41,1133192.0,1133192.0,12,000929.XSHE,6200,6200,7.27,45074.0,母版持仓&资金记录-20250101-20250618.txt,570,parsed
2025-03-20,,position,1133342.41,150.41,150.41,1133192.0,1133192.0,12,000691.XSHE,37800,37800,3.08,116424.0,母版持仓&资金记录-20250101-20250618.txt,571,parsed
2025-03-21,,position,1113962.41,150.41,150.41,1113812.0,1113812.0,12,002848.XSHE,15700,15700,6.7,105190.0,母版持仓&资金记录-20250101-20250618.txt,575,parsed
2025-03-21,,position,1113962.41,150.41,150.41,1113812.0,1113812.0,12,600243.XSHG,22600,22600,3.97,89722.0,母版持仓&资金记录-20250101-20250618.txt,576,parsed
2025-03-21,,position,1113962.41,150.41,150.41,1113812.0,1113812.0,12,000668.XSHE,18800,18800,5.8,109040.0,母版持仓&资金记录-20250101-20250618.txt,577,parsed
2025-03-21,,position,1113962.41,150.41,150.41,1113812.0,1113812.0,12,002856.XSHE,11800,11800,9.24,109032.0,母版持仓&资金记录-20250101-20250618.txt,578,parsed
2025-03-21,,position,1113962.41,150.41,150.41,1113812.0,1113812.0,12,300736.XSHE,11300,11300,9.34,105542.0,母版持仓&资金记录-20250101-20250618.txt,579,parsed
2025-03-21,,position,1113962.41,150.41,150.41,1113812.0,1113812.0,12,600753.XSHG,15600,15600,5.66,88296.0,母版持仓&资金记录-20250101-20250618.txt,580,parsed
2025-03-21,,position,1113962.41,150.41,150.41,1113812.0,1113812.0,12,600768.XSHG,9100,9100,9.88,89908.0,母版持仓&资金记录-20250101-20250618.txt,581,parsed
2025-03-21,,position,1113962.41,150.41,150.41,1113812.0,1113812.0,12,605081.XSHG,10400,10400,10.35,107640.0,母版持仓&资金记录-20250101-20250618.txt,582,parsed
2025-03-21,,position,1113962.41,150.41,150.41,1113812.0,1113812.0,12,300929.XSHE,11800,11800,9.27,109386.0,母版持仓&资金记录-20250101-20250618.txt,583,parsed
2025-03-21,,position,1113962.41,150.41,150.41,1113812.0,1113812.0,12,600421.XSHG,6800,6800,6.29,42772.0,母版持仓&资金记录-20250101-20250618.txt,584,parsed
2025-03-21,,position,1113962.41,150.41,150.41,1113812.0,1113812.0,12,000929.XSHE,6200,6200,7.2,44640.0,母版持仓&资金记录-20250101-20250618.txt,585,parsed
2025-03-21,,position,1113962.41,150.41,150.41,1113812.0,1113812.0,12,000691.XSHE,37800,37800,2.98,112644.0,母版持仓&资金记录-20250101-20250618.txt,586,parsed
2025-03-24,,position,1064749.5,48.5,48.5,1064701.0,1064701.0,12,002848.XSHE,15800,15800,6.09,96222.0,母版持仓&资金记录-20250101-20250618.txt,590,parsed
2025-03-24,,position,1064749.5,48.5,48.5,1064701.0,1064701.0,12,600243.XSHG,22600,22600,3.57,80682.0,母版持仓&资金记录-20250101-20250618.txt,591,parsed
2025-03-24,,position,1064749.5,48.5,48.5,1064701.0,1064701.0,12,000668.XSHE,18800,18800,5.47,102836.0,母版持仓&资金记录-20250101-20250618.txt,592,parsed
2025-03-24,,position,1064749.5,48.5,48.5,1064701.0,1064701.0,12,002856.XSHE,11900,11900,8.6,102340.0,母版持仓&资金记录-20250101-20250618.txt,593,parsed
2025-03-24,,position,1064749.5,48.5,48.5,1064701.0,1064701.0,12,300736.XSHE,11700,11700,8.79,102843.0,母版持仓&资金记录-20250101-20250618.txt,594,parsed
2025-03-24,,position,1064749.5,48.5,48.5,1064701.0,1064701.0,12,600753.XSHG,15600,15600,5.21,81276.0,母版持仓&资金记录-20250101-20250618.txt,595,parsed
2025-03-24,,position,1064749.5,48.5,48.5,1064701.0,1064701.0,12,600768.XSHG,9100,9100,9.34,84994.0,母版持仓&资金记录-20250101-20250618.txt,596,parsed
2025-03-24,,position,1064749.5,48.5,48.5,1064701.0,1064701.0,12,605081.XSHG,10400,10400,11.39,118456.0,母版持仓&资金记录-20250101-20250618.txt,597,parsed
2025-03-24,,position,1064749.5,48.5,48.5,1064701.0,1064701.0,12,300929.XSHE,11800,11800,8.65,102070.0,母版持仓&资金记录-20250101-20250618.txt,598,parsed
2025-03-24,,position,1064749.5,48.5,48.5,1064701.0,1064701.0,12,600421.XSHG,9600,9600,6.92,66432.0,母版持仓&资金记录-20250101-20250618.txt,599,parsed
2025-03-24,,position,1064749.5,48.5,48.5,1064701.0,1064701.0,12,000929.XSHE,3100,3100,6.74,20894.0,母版持仓&资金记录-20250101-20250618.txt,600,parsed
2025-03-24,,position,1064749.5,48.5,48.5,1064701.0,1064701.0,12,000691.XSHE,37600,37600,2.81,105656.0,母版持仓&资金记录-20250101-20250618.txt,601,parsed
2025-03-25,,position,1059477.76,16761.76,16761.76,1042716.0,1042716.0,12,002848.XSHE,15800,15800,5.95,94010.0,母版持仓&资金记录-20250101-20250618.txt,605,parsed
2025-03-25,,position,1059477.76,16761.76,16761.76,1042716.0,1042716.0,12,600243.XSHG,22600,22600,3.21,72546.0,母版持仓&资金记录-20250101-20250618.txt,606,parsed
2025-03-25,,position,1059477.76,16761.76,16761.76,1042716.0,1042716.0,12,000668.XSHE,18800,18800,5.26,98888.0,母版持仓&资金记录-20250101-20250618.txt,607,parsed
2025-03-25,,position,1059477.76,16761.76,16761.76,1042716.0,1042716.0,12,002856.XSHE,11900,11900,8.72,103768.0,母版持仓&资金记录-20250101-20250618.txt,608,parsed
2025-03-25,,position,1059477.76,16761.76,16761.76,1042716.0,1042716.0,12,300736.XSHE,11700,11700,8.87,103779.0,母版持仓&资金记录-20250101-20250618.txt,609,parsed
2025-03-25,,position,1059477.76,16761.76,16761.76,1042716.0,1042716.0,12,600753.XSHG,15600,15600,5.16,80496.0,母版持仓&资金记录-20250101-20250618.txt,610,parsed
2025-03-25,,position,1059477.76,16761.76,16761.76,1042716.0,1042716.0,12,600768.XSHG,9100,9100,9.33,84903.0,母版持仓&资金记录-20250101-20250618.txt,611,parsed
2025-03-25,,position,1059477.76,16761.76,16761.76,1042716.0,1042716.0,12,605081.XSHG,9500,9500,11.38,108110.0,母版持仓&资金记录-20250101-20250618.txt,612,parsed
2025-03-25,,position,1059477.76,16761.76,16761.76,1042716.0,1042716.0,12,300929.XSHE,11800,11800,8.59,101362.0,母版持仓&资金记录-20250101-20250618.txt,613,parsed
2025-03-25,,position,1059477.76,16761.76,16761.76,1042716.0,1042716.0,12,600421.XSHG,8700,8700,7.34,63858.0,母版持仓&资金记录-20250101-20250618.txt,614,parsed
2025-03-25,,position,1059477.76,16761.76,16761.76,1042716.0,1042716.0,12,000929.XSHE,3100,3100,6.84,21204.0,母版持仓&资金记录-20250101-20250618.txt,615,parsed
2025-03-25,,position,1059477.76,16761.76,16761.76,1042716.0,1042716.0,12,000691.XSHE,37600,37600,2.92,109792.0,母版持仓&资金记录-20250101-20250618.txt,616,parsed
2025-03-26,,position,1089719.76,16761.76,16761.76,1072958.0,1072958.0,12,002848.XSHE,15800,15800,6.09,96222.0,母版持仓&资金记录-20250101-20250618.txt,620,parsed
2025-03-26,,position,1089719.76,16761.76,16761.76,1072958.0,1072958.0,12,600243.XSHG,22600,22600,3.04,68704.0,母版持仓&资金记录-20250101-20250618.txt,621,parsed
2025-03-26,,position,1089719.76,16761.76,16761.76,1072958.0,1072958.0,12,000668.XSHE,18800,18800,5.39,101332.0,母版持仓&资金记录-20250101-20250618.txt,622,parsed
2025-03-26,,position,1089719.76,16761.76,16761.76,1072958.0,1072958.0,12,002856.XSHE,11900,11900,9.59,114121.0,母版持仓&资金记录-20250101-20250618.txt,623,parsed
2025-03-26,,position,1089719.76,16761.76,16761.76,1072958.0,1072958.0,12,300736.XSHE,11700,11700,9.12,106704.0,母版持仓&资金记录-20250101-20250618.txt,624,parsed
2025-03-26,,position,1089719.76,16761.76,16761.76,1072958.0,1072958.0,12,600753.XSHG,15600,15600,5.68,88608.0,母版持仓&资金记录-20250101-20250618.txt,625,parsed
2025-03-26,,position,1089719.76,16761.76,16761.76,1072958.0,1072958.0,12,600768.XSHG,9100,9100,9.6,87360.0,母版持仓&资金记录-20250101-20250618.txt,626,parsed
2025-03-26,,position,1089719.76,16761.76,16761.76,1072958.0,1072958.0,12,605081.XSHG,9500,9500,11.17,106115.0,母版持仓&资金记录-20250101-20250618.txt,627,parsed
2025-03-26,,position,1089719.76,16761.76,16761.76,1072958.0,1072958.0,12,300929.XSHE,11800,11800,8.82,104076.0,母版持仓&资金记录-20250101-20250618.txt,628,parsed
2025-03-26,,position,1089719.76,16761.76,16761.76,1072958.0,1072958.0,12,600421.XSHG,8700,8700,7.1,61770.0,母版持仓&资金记录-20250101-20250618.txt,629,parsed
2025-03-26,,position,1089719.76,16761.76,16761.76,1072958.0,1072958.0,12,000929.XSHE,3100,3100,7.02,21762.0,母版持仓&资金记录-20250101-20250618.txt,630,parsed
2025-03-26,,position,1089719.76,16761.76,16761.76,1072958.0,1072958.0,12,000691.XSHE,37600,37600,3.09,116184.0,母版持仓&资金记录-20250101-20250618.txt,631,parsed
2025-03-27,,position,1066961.2,26555.2,26555.2,1040406.0,1040406.0,12,002848.XSHE,17600,17600,5.96,104896.0,母版持仓&资金记录-20250101-20250618.txt,635,parsed
2025-03-27,,position,1066961.2,26555.2,26555.2,1040406.0,1040406.0,12,300665.XSHE,2700,2700,6.76,18252.0,母版持仓&资金记录-20250101-20250618.txt,636,parsed
2025-03-27,,position,1066961.2,26555.2,26555.2,1040406.0,1040406.0,12,600243.XSHG,22400,22400,2.83,63392.0,母版持仓&资金记录-20250101-20250618.txt,637,parsed
2025-03-27,,position,1066961.2,26555.2,26555.2,1040406.0,1040406.0,12,000668.XSHE,19800,19800,5.22,103356.0,母版持仓&资金记录-20250101-20250618.txt,638,parsed
2025-03-27,,position,1066961.2,26555.2,26555.2,1040406.0,1040406.0,12,002856.XSHE,11900,11900,8.8,104720.0,母版持仓&资金记录-20250101-20250618.txt,639,parsed
2025-03-27,,position,1066961.2,26555.2,26555.2,1040406.0,1040406.0,12,300736.XSHE,11800,11800,8.92,105256.0,母版持仓&资金记录-20250101-20250618.txt,640,parsed
2025-03-27,,position,1066961.2,26555.2,26555.2,1040406.0,1040406.0,12,600753.XSHG,11100,11100,5.71,63381.0,母版持仓&资金记录-20250101-20250618.txt,641,parsed
2025-03-27,,position,1066961.2,26555.2,26555.2,1040406.0,1040406.0,12,600768.XSHG,9100,9100,9.46,86086.0,母版持仓&资金记录-20250101-20250618.txt,642,parsed
2025-03-27,,position,1066961.2,26555.2,26555.2,1040406.0,1040406.0,12,605081.XSHG,9800,9800,10.47,102606.0,母版持仓&资金记录-20250101-20250618.txt,643,parsed
2025-03-27,,position,1066961.2,26555.2,26555.2,1040406.0,1040406.0,12,300929.XSHE,12200,12200,8.74,106628.0,母版持仓&资金记录-20250101-20250618.txt,644,parsed
2025-03-27,,position,1066961.2,26555.2,26555.2,1040406.0,1040406.0,12,600421.XSHG,9300,9300,7.81,72633.0,母版持仓&资金记录-20250101-20250618.txt,645,parsed
2025-03-27,,position,1066961.2,26555.2,26555.2,1040406.0,1040406.0,12,000691.XSHE,35000,35000,3.12,109200.0,母版持仓&资金记录-20250101-20250618.txt,646,parsed
2025-03-28,,position,1030264.53,33212.53,33212.53,997052.0,997052.0,12,002848.XSHE,17600,17600,5.82,102432.0,母版持仓&资金记录-20250101-20250618.txt,650,parsed
2025-03-28,,position,1030264.53,33212.53,33212.53,997052.0,997052.0,12,300665.XSHE,2700,2700,6.55,17685.0,母版持仓&资金记录-20250101-20250618.txt,651,parsed
2025-03-28,,position,1030264.53,33212.53,33212.53,997052.0,997052.0,12,600243.XSHG,22400,22400,2.75,61600.0,母版持仓&资金记录-20250101-20250618.txt,652,parsed
2025-03-28,,position,1030264.53,33212.53,33212.53,997052.0,997052.0,12,000668.XSHE,19800,19800,5.09,100782.0,母版持仓&资金记录-20250101-20250618.txt,653,parsed
2025-03-28,,position,1030264.53,33212.53,33212.53,997052.0,997052.0,12,002856.XSHE,11900,11900,8.51,101269.0,母版持仓&资金记录-20250101-20250618.txt,654,parsed
2025-03-28,,position,1030264.53,33212.53,33212.53,997052.0,997052.0,12,300736.XSHE,11800,11800,8.71,102778.0,母版持仓&资金记录-20250101-20250618.txt,655,parsed
2025-03-28,,position,1030264.53,33212.53,33212.53,997052.0,997052.0,12,600753.XSHG,11100,11100,5.39,59829.0,母版持仓&资金记录-20250101-20250618.txt,656,parsed
2025-03-28,,position,1030264.53,33212.53,33212.53,997052.0,997052.0,12,600768.XSHG,9100,9100,9.25,84175.0,母版持仓&资金记录-20250101-20250618.txt,657,parsed
2025-03-28,,position,1030264.53,33212.53,33212.53,997052.0,997052.0,12,605081.XSHG,9800,9800,9.75,95550.0,母版持仓&资金记录-20250101-20250618.txt,658,parsed
2025-03-28,,position,1030264.53,33212.53,33212.53,997052.0,997052.0,12,300929.XSHE,12200,12200,8.48,103456.0,母版持仓&资金记录-20250101-20250618.txt,659,parsed
2025-03-28,,position,1030264.53,33212.53,33212.53,997052.0,997052.0,12,600421.XSHG,8400,8400,7.44,62496.0,母版持仓&资金记录-20250101-20250618.txt,660,parsed
2025-03-28,,position,1030264.53,33212.53,33212.53,997052.0,997052.0,12,000691.XSHE,35000,35000,3,105000.0,母版持仓&资金记录-20250101-20250618.txt,661,parsed
2025-03-31,,position,1001574.53,33212.53,33212.53,968362.0,968362.0,12,002848.XSHE,17600,17600,5.61,98736.0,母版持仓&资金记录-20250101-20250618.txt,665,parsed
2025-03-31,,position,1001574.53,33212.53,33212.53,968362.0,968362.0,12,300665.XSHE,2700,2700,6.45,17415.0,母版持仓&资金记录-20250101-20250618.txt,666,parsed
2025-03-31,,position,1001574.53,33212.53,33212.53,968362.0,968362.0,12,600243.XSHG,22400,22400,2.61,58464.0,母版持仓&资金记录-20250101-20250618.txt,667,parsed
2025-03-31,,position,1001574.53,33212.53,33212.53,968362.0,968362.0,12,000668.XSHE,19800,19800,4.99,98802.0,母版持仓&资金记录-20250101-20250618.txt,668,parsed
2025-03-31,,position,1001574.53,33212.53,33212.53,968362.0,968362.0,12,002856.XSHE,11900,11900,8.39,99841.0,母版持仓&资金记录-20250101-20250618.txt,669,parsed
2025-03-31,,position,1001574.53,33212.53,33212.53,968362.0,968362.0,12,300736.XSHE,11800,11800,8.58,101244.0,母版持仓&资金记录-20250101-20250618.txt,670,parsed
2025-03-31,,position,1001574.53,33212.53,33212.53,968362.0,968362.0,12,600753.XSHG,11100,11100,5.17,57387.0,母版持仓&资金记录-20250101-20250618.txt,671,parsed
2025-03-31,,position,1001574.53,33212.53,33212.53,968362.0,968362.0,12,600768.XSHG,9100,9100,9.11,82901.0,母版持仓&资金记录-20250101-20250618.txt,672,parsed
2025-03-31,,position,1001574.53,33212.53,33212.53,968362.0,968362.0,12,605081.XSHG,9800,9800,9.75,95550.0,母版持仓&资金记录-20250101-20250618.txt,673,parsed
2025-03-31,,position,1001574.53,33212.53,33212.53,968362.0,968362.0,12,300929.XSHE,12200,12200,8.36,101992.0,母版持仓&资金记录-20250101-20250618.txt,674,parsed
2025-03-31,,position,1001574.53,33212.53,33212.53,968362.0,968362.0,12,600421.XSHG,8400,8400,6.7,56280.0,母版持仓&资金记录-20250101-20250618.txt,675,parsed
2025-03-31,,position,1001574.53,33212.53,33212.53,968362.0,968362.0,12,000691.XSHE,35000,35000,2.85,99750.0,母版持仓&资金记录-20250101-20250618.txt,676,parsed
2025-04-01,,position,1005275.13,6206.13,6206.13,999069.0,999069.0,2,511880.XSHG,9000,9000,100.391,903519.0,母版持仓&资金记录-20250101-20250618.txt,680,parsed
2025-04-01,,position,1005275.13,6206.13,6206.13,999069.0,999069.0,2,605081.XSHG,9800,9800,9.75,95550.0,母版持仓&资金记录-20250101-20250618.txt,681,parsed
2025-04-02,,position,1005347.13,6206.13,6206.13,999141.0,999141.0,2,511880.XSHG,9000,9000,100.399,903591.0,母版持仓&资金记录-20250101-20250618.txt,685,parsed
2025-04-02,,position,1005347.13,6206.13,6206.13,999141.0,999141.0,2,605081.XSHG,9800,9800,9.75,95550.0,母版持仓&资金记录-20250101-20250618.txt,686,parsed
2025-04-03,,position,1005392.13,6206.13,6206.13,999186.0,999186.0,2,511880.XSHG,9000,9000,100.404,903636.0,母版持仓&资金记录-20250101-20250618.txt,690,parsed
2025-04-03,,position,1005392.13,6206.13,6206.13,999186.0,999186.0,2,605081.XSHG,9800,9800,9.75,95550.0,母版持仓&资金记录-20250101-20250618.txt,691,parsed
2025-04-07,,position,1005311.13,6206.13,6206.13,999105.0,999105.0,2,511880.XSHG,9000,9000,100.395,903555.0,母版持仓&资金记录-20250101-20250618.txt,695,parsed
2025-04-07,,position,1005311.13,6206.13,6206.13,999105.0,999105.0,2,605081.XSHG,9800,9800,9.75,95550.0,母版持仓&资金记录-20250101-20250618.txt,696,parsed
2025-04-08,,position,1014987.13,6206.13,6206.13,1008781.0,1008781.0,2,511880.XSHG,9000,9000,100.403,903627.0,母版持仓&资金记录-20250101-20250618.txt,700,parsed
2025-04-08,,position,1014987.13,6206.13,6206.13,1008781.0,1008781.0,2,605081.XSHG,9800,9800,10.73,105154.0,母版持仓&资金记录-20250101-20250618.txt,701,parsed
2025-04-09,,position,1025518.13,6206.13,6206.13,1019312.0,1019312.0,2,511880.XSHG,9000,9000,100.408,903672.0,母版持仓&资金记录-20250101-20250618.txt,705,parsed
2025-04-09,,position,1025518.13,6206.13,6206.13,1019312.0,1019312.0,2,605081.XSHG,9800,9800,11.8,115640.0,母版持仓&资金记录-20250101-20250618.txt,706,parsed
2025-04-10,,position,1029465.13,6206.13,6206.13,1023259.0,1023259.0,2,511880.XSHG,9000,9000,100.411,903699.0,母版持仓&资金记录-20250101-20250618.txt,710,parsed
2025-04-10,,position,1029465.13,6206.13,6206.13,1023259.0,1023259.0,2,605081.XSHG,9800,9800,12.2,119560.0,母版持仓&资金记录-20250101-20250618.txt,711,parsed
2025-04-11,,position,1018552.13,6206.13,6206.13,1012346.0,1012346.0,2,511880.XSHG,9000,9000,100.418,903762.0,母版持仓&资金记录-20250101-20250618.txt,715,parsed
2025-04-11,,position,1018552.13,6206.13,6206.13,1012346.0,1012346.0,2,605081.XSHG,9800,9800,11.08,108584.0,母版持仓&资金记录-20250101-20250618.txt,716,parsed
2025-04-14,,position,1018517.13,6206.13,6206.13,1012311.0,1012311.0,2,511880.XSHG,9000,9000,100.425,903825.0,母版持仓&资金记录-20250101-20250618.txt,720,parsed
2025-04-14,,position,1018517.13,6206.13,6206.13,1012311.0,1012311.0,2,605081.XSHG,9800,9800,11.07,108486.0,母版持仓&资金记录-20250101-20250618.txt,721,parsed
2025-04-15,,position,1023008.13,6206.13,6206.13,1016802.0,1016802.0,2,511880.XSHG,9000,9000,100.434,903906.0,母版持仓&资金记录-20250101-20250618.txt,725,parsed
2025-04-15,,position,1023008.13,6206.13,6206.13,1016802.0,1016802.0,2,605081.XSHG,9800,9800,11.52,112896.0,母版持仓&资金记录-20250101-20250618.txt,726,parsed
2025-04-16,,position,1018447.13,6206.13,6206.13,1012241.0,1012241.0,2,511880.XSHG,9000,9000,100.439,903951.0,母版持仓&资金记录-20250101-20250618.txt,730,parsed
2025-04-16,,position,1018447.13,6206.13,6206.13,1012241.0,1012241.0,2,605081.XSHG,9800,9800,11.05,108290.0,母版持仓&资金记录-20250101-20250618.txt,731,parsed
2025-04-17,,position,1014981.13,6206.13,6206.13,1008775.0,1008775.0,2,511880.XSHG,9000,9000,100.435,903915.0,母版持仓&资金记录-20250101-20250618.txt,735,parsed
2025-04-17,,position,1014981.13,6206.13,6206.13,1008775.0,1008775.0,2,605081.XSHG,9800,9800,10.7,104860.0,母版持仓&资金记录-20250101-20250618.txt,736,parsed
2025-04-18,,position,1016122.13,6206.13,6206.13,1009916.0,1009916.0,2,511880.XSHG,9000,9000,100.442,903978.0,母版持仓&资金记录-20250101-20250618.txt,740,parsed
2025-04-18,,position,1016122.13,6206.13,6206.13,1009916.0,1009916.0,2,605081.XSHG,9800,9800,10.81,105938.0,母版持仓&资金记录-20250101-20250618.txt,741,parsed
2025-04-21,,position,1015115.13,6206.13,6206.13,1008909.0,1008909.0,2,511880.XSHG,9000,9000,100.439,903951.0,母版持仓&资金记录-20250101-20250618.txt,745,parsed
2025-04-21,,position,1015115.13,6206.13,6206.13,1008909.0,1008909.0,2,605081.XSHG,9800,9800,10.71,104958.0,母版持仓&资金记录-20250101-20250618.txt,746,parsed
2025-04-22,,position,1015552.13,6206.13,6206.13,1009346.0,1009346.0,2,511880.XSHG,9000,9000,100.444,903996.0,母版持仓&资金记录-20250101-20250618.txt,750,parsed
2025-04-22,,position,1015552.13,6206.13,6206.13,1009346.0,1009346.0,2,605081.XSHG,9800,9800,10.75,105350.0,母版持仓&资金记录-20250101-20250618.txt,751,parsed
2025-04-23,,position,1013200.13,6206.13,6206.13,1006994.0,1006994.0,2,511880.XSHG,9000,9000,100.444,903996.0,母版持仓&资金记录-20250101-20250618.txt,755,parsed
2025-04-23,,position,1013200.13,6206.13,6206.13,1006994.0,1006994.0,2,605081.XSHG,9800,9800,10.51,102998.0,母版持仓&资金记录-20250101-20250618.txt,756,parsed
2025-04-24,,position,1013557.13,6206.13,6206.13,1007351.0,1007351.0,2,511880.XSHG,9000,9000,100.451,904059.0,母版持仓&资金记录-20250101-20250618.txt,760,parsed
2025-04-24,,position,1013557.13,6206.13,6206.13,1007351.0,1007351.0,2,605081.XSHG,9800,9800,10.54,103292.0,母版持仓&资金记录-20250101-20250618.txt,761,parsed
2025-04-25,,position,1014003.13,6206.13,6206.13,1007797.0,1007797.0,2,511880.XSHG,9000,9000,100.457,904113.0,母版持仓&资金记录-20250101-20250618.txt,765,parsed
2025-04-25,,position,1014003.13,6206.13,6206.13,1007797.0,1007797.0,2,605081.XSHG,9800,9800,10.58,103684.0,母版持仓&资金记录-20250101-20250618.txt,766,parsed
2025-04-28,,position,1013985.13,6206.13,6206.13,1007779.0,1007779.0,2,511880.XSHG,9000,9000,100.455,904095.0,母版持仓&资金记录-20250101-20250618.txt,770,parsed
2025-04-28,,position,1013985.13,6206.13,6206.13,1007779.0,1007779.0,2,605081.XSHG,9800,9800,10.58,103684.0,母版持仓&资金记录-20250101-20250618.txt,771,parsed
2025-04-29,,position,1016551.13,6206.13,6206.13,1010345.0,1010345.0,2,511880.XSHG,9000,9000,100.457,904113.0,母版持仓&资金记录-20250101-20250618.txt,775,parsed
2025-04-29,,position,1016551.13,6206.13,6206.13,1010345.0,1010345.0,2,605081.XSHG,9800,9800,10.84,106232.0,母版持仓&资金记录-20250101-20250618.txt,776,parsed
2025-04-30,,position,1020794.13,6206.13,6206.13,1014588.0,1014588.0,2,511880.XSHG,9000,9000,100.482,904338.0,母版持仓&资金记录-20250101-20250618.txt,780,parsed
2025-04-30,,position,1020794.13,6206.13,6206.13,1014588.0,1014588.0,2,605081.XSHG,9800,9800,11.25,110250.0,母版持仓&资金记录-20250101-20250618.txt,781,parsed
2025-05-06,,position,1027510.32,822083.32,822083.32,205427.0,205427.0,10,002719.XSHE,2500,2500,8.6,21500.0,母版持仓&资金记录-20250101-20250618.txt,785,parsed
2025-05-06,,position,1027510.32,822083.32,822083.32,205427.0,205427.0,10,300665.XSHE,2800,2800,7.53,21084.0,母版持仓&资金记录-20250101-20250618.txt,786,parsed
2025-05-06,,position,1027510.32,822083.32,822083.32,205427.0,205427.0,10,300405.XSHE,4100,4100,4.99,20459.0,母版持仓&资金记录-20250101-20250618.txt,787,parsed
2025-05-06,,position,1027510.32,822083.32,822083.32,205427.0,205427.0,10,301372.XSHE,1000,1000,19.97,19970.0,母版持仓&资金记录-20250101-20250618.txt,788,parsed
2025-05-06,,position,1027510.32,822083.32,822083.32,205427.0,205427.0,10,300736.XSHE,2100,2100,9.48,19908.0,母版持仓&资金记录-20250101-20250618.txt,789,parsed
2025-05-06,,position,1027510.32,822083.32,822083.32,205427.0,205427.0,10,600768.XSHG,1900,1900,10.5,19950.0,母版持仓&资金记录-20250101-20250618.txt,790,parsed
2025-05-06,,position,1027510.32,822083.32,822083.32,205427.0,205427.0,10,002193.XSHE,3900,3900,5.44,21216.0,母版持仓&资金记录-20250101-20250618.txt,791,parsed
2025-05-06,,position,1027510.32,822083.32,822083.32,205427.0,205427.0,10,300929.XSHE,2200,2200,9.39,20658.0,母版持仓&资金记录-20250101-20250618.txt,792,parsed
2025-05-06,,position,1027510.32,822083.32,822083.32,205427.0,205427.0,10,300948.XSHE,2100,2100,9.82,20622.0,母版持仓&资金记录-20250101-20250618.txt,793,parsed
2025-05-06,,position,1027510.32,822083.32,822083.32,205427.0,205427.0,10,300635.XSHE,2000,2000,10.03,20060.0,母版持仓&资金记录-20250101-20250618.txt,794,parsed
2025-05-07,,position,1028690.32,822083.32,822083.32,206607.0,206607.0,10,002719.XSHE,2500,2500,8.48,21200.0,母版持仓&资金记录-20250101-20250618.txt,798,parsed
2025-05-07,,position,1028690.32,822083.32,822083.32,206607.0,206607.0,10,300665.XSHE,2800,2800,7.52,21056.0,母版持仓&资金记录-20250101-20250618.txt,799,parsed
2025-05-07,,position,1028690.32,822083.32,822083.32,206607.0,206607.0,10,300405.XSHE,4100,4100,5.09,20869.0,母版持仓&资金记录-20250101-20250618.txt,800,parsed
2025-05-07,,position,1028690.32,822083.32,822083.32,206607.0,206607.0,10,301372.XSHE,1000,1000,20,20000.0,母版持仓&资金记录-20250101-20250618.txt,801,parsed
2025-05-07,,position,1028690.32,822083.32,822083.32,206607.0,206607.0,10,300736.XSHE,2100,2100,9.55,20055.0,母版持仓&资金记录-20250101-20250618.txt,802,parsed
2025-05-07,,position,1028690.32,822083.32,822083.32,206607.0,206607.0,10,600768.XSHG,1900,1900,10.54,20026.0,母版持仓&资金记录-20250101-20250618.txt,803,parsed
2025-05-07,,position,1028690.32,822083.32,822083.32,206607.0,206607.0,10,002193.XSHE,3900,3900,5.5,21450.0,母版持仓&资金记录-20250101-20250618.txt,804,parsed
2025-05-07,,position,1028690.32,822083.32,822083.32,206607.0,206607.0,10,300929.XSHE,2200,2200,9.47,20834.0,母版持仓&资金记录-20250101-20250618.txt,805,parsed
2025-05-07,,position,1028690.32,822083.32,822083.32,206607.0,206607.0,10,300948.XSHE,2100,2100,9.97,20937.0,母版持仓&资金记录-20250101-20250618.txt,806,parsed
2025-05-07,,position,1028690.32,822083.32,822083.32,206607.0,206607.0,10,300635.XSHE,2000,2000,10.09,20180.0,母版持仓&资金记录-20250101-20250618.txt,807,parsed
2025-05-08,,position,1031631.32,822083.32,822083.32,209548.0,209548.0,10,002719.XSHE,2500,2500,8.7,21750.0,母版持仓&资金记录-20250101-20250618.txt,811,parsed
2025-05-08,,position,1031631.32,822083.32,822083.32,209548.0,209548.0,10,300665.XSHE,2800,2800,7.55,21140.0,母版持仓&资金记录-20250101-20250618.txt,812,parsed
2025-05-08,,position,1031631.32,822083.32,822083.32,209548.0,209548.0,10,300405.XSHE,4100,4100,5.14,21074.0,母版持仓&资金记录-20250101-20250618.txt,813,parsed
2025-05-08,,position,1031631.32,822083.32,822083.32,209548.0,209548.0,10,301372.XSHE,1000,1000,20.53,20530.0,母版持仓&资金记录-20250101-20250618.txt,814,parsed
2025-05-08,,position,1031631.32,822083.32,822083.32,209548.0,209548.0,10,300736.XSHE,2100,2100,9.82,20622.0,母版持仓&资金记录-20250101-20250618.txt,815,parsed
2025-05-08,,position,1031631.32,822083.32,822083.32,209548.0,209548.0,10,600768.XSHG,1900,1900,10.65,20235.0,母版持仓&资金记录-20250101-20250618.txt,816,parsed
2025-05-08,,position,1031631.32,822083.32,822083.32,209548.0,209548.0,10,002193.XSHE,3900,3900,5.55,21645.0,母版持仓&资金记录-20250101-20250618.txt,817,parsed
2025-05-08,,position,1031631.32,822083.32,822083.32,209548.0,209548.0,10,300929.XSHE,2200,2200,9.64,21208.0,母版持仓&资金记录-20250101-20250618.txt,818,parsed
2025-05-08,,position,1031631.32,822083.32,822083.32,209548.0,209548.0,10,300948.XSHE,2100,2100,10.04,21084.0,母版持仓&资金记录-20250101-20250618.txt,819,parsed
2025-05-08,,position,1031631.32,822083.32,822083.32,209548.0,209548.0,10,300635.XSHE,2000,2000,10.13,20260.0,母版持仓&资金记录-20250101-20250618.txt,820,parsed
2025-05-09,,position,1027692.46,623189.46,623189.46,404503.0,404503.0,11,002719.XSHE,2400,2400,8.62,20688.0,母版持仓&资金记录-20250101-20250618.txt,824,parsed
2025-05-09,,position,1027692.46,623189.46,623189.46,404503.0,404503.0,11,300665.XSHE,5400,5400,7.51,40554.0,母版持仓&资金记录-20250101-20250618.txt,825,parsed
2025-05-09,,position,1027692.46,623189.46,623189.46,404503.0,404503.0,11,603616.XSHG,5400,5400,3.77,20358.0,母版持仓&资金记录-20250101-20250618.txt,826,parsed
2025-05-09,,position,1027692.46,623189.46,623189.46,404503.0,404503.0,11,300405.XSHE,7900,7900,5.08,40132.0,母版持仓&资金记录-20250101-20250618.txt,827,parsed
2025-05-09,,position,1027692.46,623189.46,623189.46,404503.0,404503.0,11,301372.XSHE,2000,2000,20.46,40920.0,母版持仓&资金记录-20250101-20250618.txt,828,parsed
2025-05-09,,position,1027692.46,623189.46,623189.46,404503.0,404503.0,11,300736.XSHE,4200,4200,9.58,40236.0,母版持仓&资金记录-20250101-20250618.txt,829,parsed
2025-05-09,,position,1027692.46,623189.46,623189.46,404503.0,404503.0,11,600768.XSHG,3800,3800,10.62,40356.0,母版持仓&资金记录-20250101-20250618.txt,830,parsed
2025-05-09,,position,1027692.46,623189.46,623189.46,404503.0,404503.0,11,002193.XSHE,7300,7300,5.5,40150.0,母版持仓&资金记录-20250101-20250618.txt,831,parsed
2025-05-09,,position,1027692.46,623189.46,623189.46,404503.0,404503.0,11,300929.XSHE,4200,4200,9.57,40194.0,母版持仓&资金记录-20250101-20250618.txt,832,parsed
2025-05-09,,position,1027692.46,623189.46,623189.46,404503.0,404503.0,11,300948.XSHE,4100,4100,9.95,40795.0,母版持仓&资金记录-20250101-20250618.txt,833,parsed
2025-05-09,,position,1027692.46,623189.46,623189.46,404503.0,404503.0,11,300635.XSHE,4000,4000,10.03,40120.0,母版持仓&资金记录-20250101-20250618.txt,834,parsed
2025-05-12,,position,1032116.46,623189.46,623189.46,408927.0,408927.0,11,002719.XSHE,2400,2400,8.83,21192.0,母版持仓&资金记录-20250101-20250618.txt,838,parsed
2025-05-12,,position,1032116.46,623189.46,623189.46,408927.0,408927.0,11,300665.XSHE,5400,5400,7.57,40878.0,母版持仓&资金记录-20250101-20250618.txt,839,parsed
2025-05-12,,position,1032116.46,623189.46,623189.46,408927.0,408927.0,11,603616.XSHG,5400,5400,3.85,20790.0,母版持仓&资金记录-20250101-20250618.txt,840,parsed
2025-05-12,,position,1032116.46,623189.46,623189.46,408927.0,408927.0,11,300405.XSHE,7900,7900,5.19,41001.0,母版持仓&资金记录-20250101-20250618.txt,841,parsed
2025-05-12,,position,1032116.46,623189.46,623189.46,408927.0,408927.0,11,301372.XSHE,2000,2000,20.62,41240.0,母版持仓&资金记录-20250101-20250618.txt,842,parsed
2025-05-12,,position,1032116.46,623189.46,623189.46,408927.0,408927.0,11,300736.XSHE,4200,4200,9.69,40698.0,母版持仓&资金记录-20250101-20250618.txt,843,parsed
2025-05-12,,position,1032116.46,623189.46,623189.46,408927.0,408927.0,11,600768.XSHG,3800,3800,10.67,40546.0,母版持仓&资金记录-20250101-20250618.txt,844,parsed
2025-05-12,,position,1032116.46,623189.46,623189.46,408927.0,408927.0,11,002193.XSHE,7300,7300,5.57,40661.0,母版持仓&资金记录-20250101-20250618.txt,845,parsed
2025-05-12,,position,1032116.46,623189.46,623189.46,408927.0,408927.0,11,300929.XSHE,4200,4200,9.6,40320.0,母版持仓&资金记录-20250101-20250618.txt,846,parsed
2025-05-12,,position,1032116.46,623189.46,623189.46,408927.0,408927.0,11,300948.XSHE,4100,4100,10.01,41041.0,母版持仓&资金记录-20250101-20250618.txt,847,parsed
2025-05-12,,position,1032116.46,623189.46,623189.46,408927.0,408927.0,11,300635.XSHE,4000,4000,10.14,40560.0,母版持仓&资金记录-20250101-20250618.txt,848,parsed
2025-05-13,,position,1027831.46,623189.46,623189.46,404642.0,404642.0,11,002719.XSHE,2400,2400,8.67,20808.0,母版持仓&资金记录-20250101-20250618.txt,852,parsed
2025-05-13,,position,1027831.46,623189.46,623189.46,404642.0,404642.0,11,300665.XSHE,5400,5400,7.38,39852.0,母版持仓&资金记录-20250101-20250618.txt,853,parsed
2025-05-13,,position,1027831.46,623189.46,623189.46,404642.0,404642.0,11,603616.XSHG,5400,5400,3.82,20628.0,母版持仓&资金记录-20250101-20250618.txt,854,parsed
2025-05-13,,position,1027831.46,623189.46,623189.46,404642.0,404642.0,11,300405.XSHE,7900,7900,5.2,41080.0,母版持仓&资金记录-20250101-20250618.txt,855,parsed
2025-05-13,,position,1027831.46,623189.46,623189.46,404642.0,404642.0,11,301372.XSHE,2000,2000,20.25,40500.0,母版持仓&资金记录-20250101-20250618.txt,856,parsed
2025-05-13,,position,1027831.46,623189.46,623189.46,404642.0,404642.0,11,300736.XSHE,4200,4200,9.59,40278.0,母版持仓&资金记录-20250101-20250618.txt,857,parsed
2025-05-13,,position,1027831.46,623189.46,623189.46,404642.0,404642.0,11,600768.XSHG,3800,3800,10.58,40204.0,母版持仓&资金记录-20250101-20250618.txt,858,parsed
2025-05-13,,position,1027831.46,623189.46,623189.46,404642.0,404642.0,11,002193.XSHE,7300,7300,5.56,40588.0,母版持仓&资金记录-20250101-20250618.txt,859,parsed
2025-05-13,,position,1027831.46,623189.46,623189.46,404642.0,404642.0,11,300929.XSHE,4200,4200,9.57,40194.0,母版持仓&资金记录-20250101-20250618.txt,860,parsed
2025-05-13,,position,1027831.46,623189.46,623189.46,404642.0,404642.0,11,300948.XSHE,4100,4100,9.9,40590.0,母版持仓&资金记录-20250101-20250618.txt,861,parsed
2025-05-13,,position,1027831.46,623189.46,623189.46,404642.0,404642.0,11,300635.XSHE,4000,4000,9.98,39920.0,母版持仓&资金记录-20250101-20250618.txt,862,parsed
2025-05-14,,position,1023274.46,414960.46,414960.46,608314.0,608314.0,12,603729.XSHG,1300,1300,15.44,20072.0,母版持仓&资金记录-20250101-20250618.txt,866,parsed
2025-05-14,,position,1023274.46,414960.46,414960.46,608314.0,608314.0,12,002719.XSHE,2400,2400,8.65,20760.0,母版持仓&资金记录-20250101-20250618.txt,867,parsed
2025-05-14,,position,1023274.46,414960.46,414960.46,608314.0,608314.0,12,300665.XSHE,8300,8300,7.15,59345.0,母版持仓&资金记录-20250101-20250618.txt,868,parsed
2025-05-14,,position,1023274.46,414960.46,414960.46,608314.0,608314.0,12,603616.XSHG,5400,5400,3.79,20466.0,母版持仓&资金记录-20250101-20250618.txt,869,parsed
2025-05-14,,position,1023274.46,414960.46,414960.46,608314.0,608314.0,12,300405.XSHE,11700,11700,5.22,61074.0,母版持仓&资金记录-20250101-20250618.txt,870,parsed
2025-05-14,,position,1023274.46,414960.46,414960.46,608314.0,608314.0,12,301372.XSHE,3000,3000,20.27,60810.0,母版持仓&资金记录-20250101-20250618.txt,871,parsed
2025-05-14,,position,1023274.46,414960.46,414960.46,608314.0,608314.0,12,300736.XSHE,6400,6400,9.52,60928.0,母版持仓&资金记录-20250101-20250618.txt,872,parsed
2025-05-14,,position,1023274.46,414960.46,414960.46,608314.0,608314.0,12,600768.XSHG,5800,5800,10.35,60030.0,母版持仓&资金记录-20250101-20250618.txt,873,parsed
2025-05-14,,position,1023274.46,414960.46,414960.46,608314.0,608314.0,12,002193.XSHE,11100,11100,5.66,62826.0,母版持仓&资金记录-20250101-20250618.txt,874,parsed
2025-05-14,,position,1023274.46,414960.46,414960.46,608314.0,608314.0,12,300929.XSHE,6400,6400,9.47,60608.0,母版持仓&资金记录-20250101-20250618.txt,875,parsed
2025-05-14,,position,1023274.46,414960.46,414960.46,608314.0,608314.0,12,300948.XSHE,6200,6200,9.81,60822.0,母版持仓&资金记录-20250101-20250618.txt,876,parsed
2025-05-14,,position,1023274.46,414960.46,414960.46,608314.0,608314.0,12,300635.XSHE,6100,6100,9.93,60573.0,母版持仓&资金记录-20250101-20250618.txt,877,parsed
2025-05-15,,position,1026855.46,414960.46,414960.46,611895.0,611895.0,12,603729.XSHG,1300,1300,15.49,20137.0,母版持仓&资金记录-20250101-20250618.txt,881,parsed
2025-05-15,,position,1026855.46,414960.46,414960.46,611895.0,611895.0,12,002719.XSHE,2400,2400,8.79,21096.0,母版持仓&资金记录-20250101-20250618.txt,882,parsed
2025-05-15,,position,1026855.46,414960.46,414960.46,611895.0,611895.0,12,300665.XSHE,8300,8300,7.32,60756.0,母版持仓&资金记录-20250101-20250618.txt,883,parsed
2025-05-15,,position,1026855.46,414960.46,414960.46,611895.0,611895.0,12,603616.XSHG,5400,5400,3.84,20736.0,母版持仓&资金记录-20250101-20250618.txt,884,parsed
2025-05-15,,position,1026855.46,414960.46,414960.46,611895.0,611895.0,12,300405.XSHE,11700,11700,5.16,60372.0,母版持仓&资金记录-20250101-20250618.txt,885,parsed
2025-05-15,,position,1026855.46,414960.46,414960.46,611895.0,611895.0,12,301372.XSHE,3000,3000,20.57,61710.0,母版持仓&资金记录-20250101-20250618.txt,886,parsed
2025-05-15,,position,1026855.46,414960.46,414960.46,611895.0,611895.0,12,300736.XSHE,6400,6400,9.56,61184.0,母版持仓&资金记录-20250101-20250618.txt,887,parsed
2025-05-15,,position,1026855.46,414960.46,414960.46,611895.0,611895.0,12,600768.XSHG,5800,5800,10.37,60146.0,母版持仓&资金记录-20250101-20250618.txt,888,parsed
2025-05-15,,position,1026855.46,414960.46,414960.46,611895.0,611895.0,12,002193.XSHE,11100,11100,5.71,63381.0,母版持仓&资金记录-20250101-20250618.txt,889,parsed
2025-05-15,,position,1026855.46,414960.46,414960.46,611895.0,611895.0,12,300929.XSHE,6400,6400,9.49,60736.0,母版持仓&资金记录-20250101-20250618.txt,890,parsed
2025-05-15,,position,1026855.46,414960.46,414960.46,611895.0,611895.0,12,300948.XSHE,6200,6200,9.83,60946.0,母版持仓&资金记录-20250101-20250618.txt,891,parsed
2025-05-15,,position,1026855.46,414960.46,414960.46,611895.0,611895.0,12,300635.XSHE,6100,6100,9.95,60695.0,母版持仓&资金记录-20250101-20250618.txt,892,parsed
2025-05-16,,position,1029557.46,414960.46,414960.46,614597.0,614597.0,12,603729.XSHG,1300,1300,15.53,20189.0,母版持仓&资金记录-20250101-20250618.txt,896,parsed
2025-05-16,,position,1029557.46,414960.46,414960.46,614597.0,614597.0,12,002719.XSHE,2400,2400,8.87,21288.0,母版持仓&资金记录-20250101-20250618.txt,897,parsed
2025-05-16,,position,1029557.46,414960.46,414960.46,614597.0,614597.0,12,300665.XSHE,8300,8300,7.45,61835.0,母版持仓&资金记录-20250101-20250618.txt,898,parsed
2025-05-16,,position,1029557.46,414960.46,414960.46,614597.0,614597.0,12,603616.XSHG,5400,5400,3.82,20628.0,母版持仓&资金记录-20250101-20250618.txt,899,parsed
2025-05-16,,position,1029557.46,414960.46,414960.46,614597.0,614597.0,12,300405.XSHE,11700,11700,5.17,60489.0,母版持仓&资金记录-20250101-20250618.txt,900,parsed
2025-05-16,,position,1029557.46,414960.46,414960.46,614597.0,614597.0,12,301372.XSHE,3000,3000,20.62,61860.0,母版持仓&资金记录-20250101-20250618.txt,901,parsed
2025-05-16,,position,1029557.46,414960.46,414960.46,614597.0,614597.0,12,300736.XSHE,6400,6400,9.62,61568.0,母版持仓&资金记录-20250101-20250618.txt,902,parsed
2025-05-16,,position,1029557.46,414960.46,414960.46,614597.0,614597.0,12,600768.XSHG,5800,5800,10.47,60726.0,母版持仓&资金记录-20250101-20250618.txt,903,parsed
2025-05-16,,position,1029557.46,414960.46,414960.46,614597.0,614597.0,12,002193.XSHE,11100,11100,5.62,62382.0,母版持仓&资金记录-20250101-20250618.txt,904,parsed
2025-05-16,,position,1029557.46,414960.46,414960.46,614597.0,614597.0,12,300929.XSHE,6400,6400,9.59,61376.0,母版持仓&资金记录-20250101-20250618.txt,905,parsed
2025-05-16,,position,1029557.46,414960.46,414960.46,614597.0,614597.0,12,300948.XSHE,6200,6200,9.88,61256.0,母版持仓&资金记录-20250101-20250618.txt,906,parsed
2025-05-16,,position,1029557.46,414960.46,414960.46,614597.0,614597.0,12,300635.XSHE,6100,6100,10,61000.0,母版持仓&资金记录-20250101-20250618.txt,907,parsed
2025-05-19,,position,1042894.46,214430.46,214430.46,828464.0,828464.0,12,603729.XSHG,2600,2600,15.78,41028.0,母版持仓&资金记录-20250101-20250618.txt,911,parsed
2025-05-19,,position,1042894.46,214430.46,214430.46,828464.0,828464.0,12,002719.XSHE,2400,2400,9.04,21696.0,母版持仓&资金记录-20250101-20250618.txt,912,parsed
2025-05-19,,position,1042894.46,214430.46,214430.46,828464.0,828464.0,12,300665.XSHE,11000,11000,7.6,83600.0,母版持仓&资金记录-20250101-20250618.txt,913,parsed
2025-05-19,,position,1042894.46,214430.46,214430.46,828464.0,828464.0,12,603616.XSHG,5400,5400,3.91,21114.0,母版持仓&资金记录-20250101-20250618.txt,914,parsed
2025-05-19,,position,1042894.46,214430.46,214430.46,828464.0,828464.0,12,300405.XSHE,15800,15800,5.23,82634.0,母版持仓&资金记录-20250101-20250618.txt,915,parsed
2025-05-19,,position,1042894.46,214430.46,214430.46,828464.0,828464.0,12,301372.XSHE,3900,3900,20.59,80301.0,母版持仓&资金记录-20250101-20250618.txt,916,parsed
2025-05-19,,position,1042894.46,214430.46,214430.46,828464.0,828464.0,12,300736.XSHE,8500,8500,9.86,83810.0,母版持仓&资金记录-20250101-20250618.txt,917,parsed
2025-05-19,,position,1042894.46,214430.46,214430.46,828464.0,828464.0,12,600768.XSHG,7600,7600,10.67,81092.0,母版持仓&资金记录-20250101-20250618.txt,918,parsed
2025-05-19,,position,1042894.46,214430.46,214430.46,828464.0,828464.0,12,002193.XSHE,14600,14600,5.76,84096.0,母版持仓&资金记录-20250101-20250618.txt,919,parsed
2025-05-19,,position,1042894.46,214430.46,214430.46,828464.0,828464.0,12,300929.XSHE,8400,8400,9.79,82236.0,母版持仓&资金记录-20250101-20250618.txt,920,parsed
2025-05-19,,position,1042894.46,214430.46,214430.46,828464.0,828464.0,12,300948.XSHE,8300,8300,10.11,83913.0,母版持仓&资金记录-20250101-20250618.txt,921,parsed
2025-05-19,,position,1042894.46,214430.46,214430.46,828464.0,828464.0,12,300635.XSHE,8100,8100,10.24,82944.0,母版持仓&资金记录-20250101-20250618.txt,922,parsed
2025-05-20,,position,1062797.46,214430.46,214430.46,848367.0,848367.0,12,603729.XSHG,2600,2600,16.2,42120.0,母版持仓&资金记录-20250101-20250618.txt,926,parsed
2025-05-20,,position,1062797.46,214430.46,214430.46,848367.0,848367.0,12,002719.XSHE,2400,2400,9.19,22056.0,母版持仓&资金记录-20250101-20250618.txt,927,parsed
2025-05-20,,position,1062797.46,214430.46,214430.46,848367.0,848367.0,12,300665.XSHE,11000,11000,7.84,86240.0,母版持仓&资金记录-20250101-20250618.txt,928,parsed
2025-05-20,,position,1062797.46,214430.46,214430.46,848367.0,848367.0,12,603616.XSHG,5400,5400,3.98,21492.0,母版持仓&资金记录-20250101-20250618.txt,929,parsed
2025-05-20,,position,1062797.46,214430.46,214430.46,848367.0,848367.0,12,300405.XSHE,15800,15800,5.34,84372.0,母版持仓&资金记录-20250101-20250618.txt,930,parsed
2025-05-20,,position,1062797.46,214430.46,214430.46,848367.0,848367.0,12,301372.XSHE,3900,3900,21.39,83421.0,母版持仓&资金记录-20250101-20250618.txt,931,parsed
2025-05-20,,position,1062797.46,214430.46,214430.46,848367.0,848367.0,12,300736.XSHE,8500,8500,10.05,85425.0,母版持仓&资金记录-20250101-20250618.txt,932,parsed
2025-05-20,,position,1062797.46,214430.46,214430.46,848367.0,848367.0,12,600768.XSHG,7600,7600,10.85,82460.0,母版持仓&资金记录-20250101-20250618.txt,933,parsed
2025-05-20,,position,1062797.46,214430.46,214430.46,848367.0,848367.0,12,002193.XSHE,14600,14600,5.88,85848.0,母版持仓&资金记录-20250101-20250618.txt,934,parsed
2025-05-20,,position,1062797.46,214430.46,214430.46,848367.0,848367.0,12,300929.XSHE,8400,8400,9.98,83832.0,母版持仓&资金记录-20250101-20250618.txt,935,parsed
2025-05-20,,position,1062797.46,214430.46,214430.46,848367.0,848367.0,12,300948.XSHE,8300,8300,10.27,85241.0,母版持仓&资金记录-20250101-20250618.txt,936,parsed
2025-05-20,,position,1062797.46,214430.46,214430.46,848367.0,848367.0,12,300635.XSHE,8100,8100,10.6,85860.0,母版持仓&资金记录-20250101-20250618.txt,937,parsed
2025-05-21,,position,1048617.46,214430.46,214430.46,834187.0,834187.0,12,603729.XSHG,2600,2600,16.13,41938.0,母版持仓&资金记录-20250101-20250618.txt,941,parsed
2025-05-21,,position,1048617.46,214430.46,214430.46,834187.0,834187.0,12,002719.XSHE,2400,2400,8.9,21360.0,母版持仓&资金记录-20250101-20250618.txt,942,parsed
2025-05-21,,position,1048617.46,214430.46,214430.46,834187.0,834187.0,12,300665.XSHE,11000,11000,7.6,83600.0,母版持仓&资金记录-20250101-20250618.txt,943,parsed
2025-05-21,,position,1048617.46,214430.46,214430.46,834187.0,834187.0,12,603616.XSHG,5400,5400,3.97,21438.0,母版持仓&资金记录-20250101-20250618.txt,944,parsed
2025-05-21,,position,1048617.46,214430.46,214430.46,834187.0,834187.0,12,300405.XSHE,15800,15800,5.25,82950.0,母版持仓&资金记录-20250101-20250618.txt,945,parsed
2025-05-21,,position,1048617.46,214430.46,214430.46,834187.0,834187.0,12,301372.XSHE,3900,3900,20.93,81627.0,母版持仓&资金记录-20250101-20250618.txt,946,parsed
2025-05-21,,position,1048617.46,214430.46,214430.46,834187.0,834187.0,12,300736.XSHE,8500,8500,9.81,83385.0,母版持仓&资金记录-20250101-20250618.txt,947,parsed
2025-05-21,,position,1048617.46,214430.46,214430.46,834187.0,834187.0,12,600768.XSHG,7600,7600,10.75,81700.0,母版持仓&资金记录-20250101-20250618.txt,948,parsed
2025-05-21,,position,1048617.46,214430.46,214430.46,834187.0,834187.0,12,002193.XSHE,14600,14600,5.77,84242.0,母版持仓&资金记录-20250101-20250618.txt,949,parsed
2025-05-21,,position,1048617.46,214430.46,214430.46,834187.0,834187.0,12,300929.XSHE,8400,8400,9.82,82488.0,母版持仓&资金记录-20250101-20250618.txt,950,parsed
2025-05-21,,position,1048617.46,214430.46,214430.46,834187.0,834187.0,12,300948.XSHE,8300,8300,10.16,84328.0,母版持仓&资金记录-20250101-20250618.txt,951,parsed
2025-05-21,,position,1048617.46,214430.46,214430.46,834187.0,834187.0,12,300635.XSHE,8100,8100,10.51,85131.0,母版持仓&资金记录-20250101-20250618.txt,952,parsed
2025-05-22,,position,1031445.46,4678.46,4678.46,1026767.0,1026767.0,12,603729.XSHG,3900,3900,15.8,61620.0,母版持仓&资金记录-20250101-20250618.txt,956,parsed
2025-05-22,,position,1031445.46,4678.46,4678.46,1026767.0,1026767.0,12,002719.XSHE,2400,2400,8.71,20904.0,母版持仓&资金记录-20250101-20250618.txt,957,parsed
2025-05-22,,position,1031445.46,4678.46,4678.46,1026767.0,1026767.0,12,300665.XSHE,13700,13700,7.43,101791.0,母版持仓&资金记录-20250101-20250618.txt,958,parsed
2025-05-22,,position,1031445.46,4678.46,4678.46,1026767.0,1026767.0,12,603616.XSHG,5400,5400,3.97,21438.0,母版持仓&资金记录-20250101-20250618.txt,959,parsed
2025-05-22,,position,1031445.46,4678.46,4678.46,1026767.0,1026767.0,12,300405.XSHE,20000,20000,5.15,103000.0,母版持仓&资金记录-20250101-20250618.txt,960,parsed
2025-05-22,,position,1031445.46,4678.46,4678.46,1026767.0,1026767.0,12,301372.XSHE,4900,4900,20.45,100205.0,母版持仓&资金记录-20250101-20250618.txt,961,parsed
2025-05-22,,position,1031445.46,4678.46,4678.46,1026767.0,1026767.0,12,300736.XSHE,10600,10600,9.72,103032.0,母版持仓&资金记录-20250101-20250618.txt,962,parsed
2025-05-22,,position,1031445.46,4678.46,4678.46,1026767.0,1026767.0,12,600768.XSHG,9800,9800,10.56,103488.0,母版持仓&资金记录-20250101-20250618.txt,963,parsed
2025-05-22,,position,1031445.46,4678.46,4678.46,1026767.0,1026767.0,12,002193.XSHE,18100,18100,5.69,102989.0,母版持仓&资金记录-20250101-20250618.txt,964,parsed
2025-05-22,,position,1031445.46,4678.46,4678.46,1026767.0,1026767.0,12,300929.XSHE,10700,10700,9.64,103148.0,母版持仓&资金记录-20250101-20250618.txt,965,parsed
2025-05-22,,position,1031445.46,4678.46,4678.46,1026767.0,1026767.0,12,300948.XSHE,10300,10300,9.96,102588.0,母版持仓&资金记录-20250101-20250618.txt,966,parsed
2025-05-22,,position,1031445.46,4678.46,4678.46,1026767.0,1026767.0,12,300635.XSHE,9900,9900,10.36,102564.0,母版持仓&资金记录-20250101-20250618.txt,967,parsed
2025-05-23,,position,1018482.46,4678.46,4678.46,1013804.0,1013804.0,12,603729.XSHG,3900,3900,15.52,60528.0,母版持仓&资金记录-20250101-20250618.txt,971,parsed
2025-05-23,,position,1018482.46,4678.46,4678.46,1013804.0,1013804.0,12,002719.XSHE,2400,2400,8.55,20520.0,母版持仓&资金记录-20250101-20250618.txt,972,parsed
2025-05-23,,position,1018482.46,4678.46,4678.46,1013804.0,1013804.0,12,300665.XSHE,13700,13700,7.3,100010.0,母版持仓&资金记录-20250101-20250618.txt,973,parsed
2025-05-23,,position,1018482.46,4678.46,4678.46,1013804.0,1013804.0,12,603616.XSHG,5400,5400,3.9,21060.0,母版持仓&资金记录-20250101-20250618.txt,974,parsed
2025-05-23,,position,1018482.46,4678.46,4678.46,1013804.0,1013804.0,12,300405.XSHE,20000,20000,5.1,102000.0,母版持仓&资金记录-20250101-20250618.txt,975,parsed
2025-05-23,,position,1018482.46,4678.46,4678.46,1013804.0,1013804.0,12,301372.XSHE,4900,4900,20.47,100303.0,母版持仓&资金记录-20250101-20250618.txt,976,parsed
2025-05-23,,position,1018482.46,4678.46,4678.46,1013804.0,1013804.0,12,300736.XSHE,10600,10600,9.56,101336.0,母版持仓&资金记录-20250101-20250618.txt,977,parsed
2025-05-23,,position,1018482.46,4678.46,4678.46,1013804.0,1013804.0,12,600768.XSHG,9800,9800,10.49,102802.0,母版持仓&资金记录-20250101-20250618.txt,978,parsed
2025-05-23,,position,1018482.46,4678.46,4678.46,1013804.0,1013804.0,12,002193.XSHE,18100,18100,5.55,100455.0,母版持仓&资金记录-20250101-20250618.txt,979,parsed
2025-05-23,,position,1018482.46,4678.46,4678.46,1013804.0,1013804.0,12,300929.XSHE,10700,10700,9.51,101757.0,母版持仓&资金记录-20250101-20250618.txt,980,parsed
2025-05-23,,position,1018482.46,4678.46,4678.46,1013804.0,1013804.0,12,300948.XSHE,10300,10300,9.86,101558.0,母版持仓&资金记录-20250101-20250618.txt,981,parsed
2025-05-23,,position,1018482.46,4678.46,4678.46,1013804.0,1013804.0,12,300635.XSHE,9900,9900,10.25,101475.0,母版持仓&资金记录-20250101-20250618.txt,982,parsed
2025-05-26,,position,1031354.46,4678.46,4678.46,1026676.0,1026676.0,12,603729.XSHG,3900,3900,15.8,61620.0,母版持仓&资金记录-20250101-20250618.txt,986,parsed
2025-05-26,,position,1031354.46,4678.46,4678.46,1026676.0,1026676.0,12,002719.XSHE,2400,2400,8.73,20952.0,母版持仓&资金记录-20250101-20250618.txt,987,parsed
2025-05-26,,position,1031354.46,4678.46,4678.46,1026676.0,1026676.0,12,300665.XSHE,13700,13700,7.4,101380.0,母版持仓&资金记录-20250101-20250618.txt,988,parsed
2025-05-26,,position,1031354.46,4678.46,4678.46,1026676.0,1026676.0,12,603616.XSHG,5400,5400,3.94,21276.0,母版持仓&资金记录-20250101-20250618.txt,989,parsed
2025-05-26,,position,1031354.46,4678.46,4678.46,1026676.0,1026676.0,12,300405.XSHE,20000,20000,5.16,103200.0,母版持仓&资金记录-20250101-20250618.txt,990,parsed
2025-05-26,,position,1031354.46,4678.46,4678.46,1026676.0,1026676.0,12,301372.XSHE,4900,4900,20.8,101920.0,母版持仓&资金记录-20250101-20250618.txt,991,parsed
2025-05-26,,position,1031354.46,4678.46,4678.46,1026676.0,1026676.0,12,300736.XSHE,10600,10600,9.66,102396.0,母版持仓&资金记录-20250101-20250618.txt,992,parsed
2025-05-26,,position,1031354.46,4678.46,4678.46,1026676.0,1026676.0,12,600768.XSHG,9800,9800,10.48,102704.0,母版持仓&资金记录-20250101-20250618.txt,993,parsed
2025-05-26,,position,1031354.46,4678.46,4678.46,1026676.0,1026676.0,12,002193.XSHE,18100,18100,5.64,102084.0,母版持仓&资金记录-20250101-20250618.txt,994,parsed
2025-05-26,,position,1031354.46,4678.46,4678.46,1026676.0,1026676.0,12,300929.XSHE,10700,10700,9.68,103576.0,母版持仓&资金记录-20250101-20250618.txt,995,parsed
2025-05-26,,position,1031354.46,4678.46,4678.46,1026676.0,1026676.0,12,300948.XSHE,10300,10300,10.01,103103.0,母版持仓&资金记录-20250101-20250618.txt,996,parsed
2025-05-26,,position,1031354.46,4678.46,4678.46,1026676.0,1026676.0,12,300635.XSHE,9900,9900,10.35,102465.0,母版持仓&资金记录-20250101-20250618.txt,997,parsed
2025-05-27,,position,1040730.06,2770.06,2770.06,1037960.0,1037960.0,11,603729.XSHG,5200,5200,15.88,82576.0,母版持仓&资金记录-20250101-20250618.txt,1001,parsed
2025-05-27,,position,1040730.06,2770.06,2770.06,1037960.0,1037960.0,11,300665.XSHE,13900,13900,7.45,103555.0,母版持仓&资金记录-20250101-20250618.txt,1002,parsed
2025-05-27,,position,1040730.06,2770.06,2770.06,1037960.0,1037960.0,11,603616.XSHG,5300,5300,4.01,21253.0,母版持仓&资金记录-20250101-20250618.txt,1003,parsed
2025-05-27,,position,1040730.06,2770.06,2770.06,1037960.0,1037960.0,11,300405.XSHE,20000,20000,5.22,104400.0,母版持仓&资金记录-20250101-20250618.txt,1004,parsed
2025-05-27,,position,1040730.06,2770.06,2770.06,1037960.0,1037960.0,11,301372.XSHE,4900,4900,20.95,102655.0,母版持仓&资金记录-20250101-20250618.txt,1005,parsed
2025-05-27,,position,1040730.06,2770.06,2770.06,1037960.0,1037960.0,11,300736.XSHE,10600,10600,9.75,103350.0,母版持仓&资金记录-20250101-20250618.txt,1006,parsed
2025-05-27,,position,1040730.06,2770.06,2770.06,1037960.0,1037960.0,11,600768.XSHG,9800,9800,10.55,103390.0,母版持仓&资金记录-20250101-20250618.txt,1007,parsed
2025-05-27,,position,1040730.06,2770.06,2770.06,1037960.0,1037960.0,11,002193.XSHE,18300,18300,5.69,104127.0,母版持仓&资金记录-20250101-20250618.txt,1008,parsed
2025-05-27,,position,1040730.06,2770.06,2770.06,1037960.0,1037960.0,11,300929.XSHE,10700,10700,9.8,104860.0,母版持仓&资金记录-20250101-20250618.txt,1009,parsed
2025-05-27,,position,1040730.06,2770.06,2770.06,1037960.0,1037960.0,11,300948.XSHE,10300,10300,10.13,104339.0,母版持仓&资金记录-20250101-20250618.txt,1010,parsed
2025-05-27,,position,1040730.06,2770.06,2770.06,1037960.0,1037960.0,11,300635.XSHE,9900,9900,10.45,103455.0,母版持仓&资金记录-20250101-20250618.txt,1011,parsed
2025-05-28,,position,1033866.06,2770.06,2770.06,1031096.0,1031096.0,11,603729.XSHG,5200,5200,15.79,82108.0,母版持仓&资金记录-20250101-20250618.txt,1015,parsed
2025-05-28,,position,1033866.06,2770.06,2770.06,1031096.0,1031096.0,11,300665.XSHE,13900,13900,7.37,102443.0,母版持仓&资金记录-20250101-20250618.txt,1016,parsed
2025-05-28,,position,1033866.06,2770.06,2770.06,1031096.0,1031096.0,11,603616.XSHG,5300,5300,4,21200.0,母版持仓&资金记录-20250101-20250618.txt,1017,parsed
2025-05-28,,position,1033866.06,2770.06,2770.06,1031096.0,1031096.0,11,300405.XSHE,20000,20000,5.12,102400.0,母版持仓&资金记录-20250101-20250618.txt,1018,parsed
2025-05-28,,position,1033866.06,2770.06,2770.06,1031096.0,1031096.0,11,301372.XSHE,4900,4900,20.92,102508.0,母版持仓&资金记录-20250101-20250618.txt,1019,parsed
2025-05-28,,position,1033866.06,2770.06,2770.06,1031096.0,1031096.0,11,300736.XSHE,10600,10600,9.79,103774.0,母版持仓&资金记录-20250101-20250618.txt,1020,parsed
2025-05-28,,position,1033866.06,2770.06,2770.06,1031096.0,1031096.0,11,600768.XSHG,9800,9800,10.48,102704.0,母版持仓&资金记录-20250101-20250618.txt,1021,parsed
2025-05-28,,position,1033866.06,2770.06,2770.06,1031096.0,1031096.0,11,002193.XSHE,18300,18300,5.62,102846.0,母版持仓&资金记录-20250101-20250618.txt,1022,parsed
2025-05-28,,position,1033866.06,2770.06,2770.06,1031096.0,1031096.0,11,300929.XSHE,10700,10700,9.75,104325.0,母版持仓&资金记录-20250101-20250618.txt,1023,parsed
2025-05-28,,position,1033866.06,2770.06,2770.06,1031096.0,1031096.0,11,300948.XSHE,10300,10300,10.09,103927.0,母版持仓&资金记录-20250101-20250618.txt,1024,parsed
2025-05-28,,position,1033866.06,2770.06,2770.06,1031096.0,1031096.0,11,300635.XSHE,9900,9900,10.39,102861.0,母版持仓&资金记录-20250101-20250618.txt,1025,parsed
2025-05-29,,position,1054736.06,2770.06,2770.06,1051966.0,1051966.0,11,603729.XSHG,5200,5200,16.11,83772.0,母版持仓&资金记录-20250101-20250618.txt,1029,parsed
2025-05-29,,position,1054736.06,2770.06,2770.06,1051966.0,1051966.0,11,300665.XSHE,13900,13900,7.59,105501.0,母版持仓&资金记录-20250101-20250618.txt,1030,parsed
2025-05-29,,position,1054736.06,2770.06,2770.06,1051966.0,1051966.0,11,603616.XSHG,5300,5300,4.06,21518.0,母版持仓&资金记录-20250101-20250618.txt,1031,parsed
2025-05-29,,position,1054736.06,2770.06,2770.06,1051966.0,1051966.0,11,300405.XSHE,20000,20000,5.24,104800.0,母版持仓&资金记录-20250101-20250618.txt,1032,parsed
2025-05-29,,position,1054736.06,2770.06,2770.06,1051966.0,1051966.0,11,301372.XSHE,4900,4900,21.51,105399.0,母版持仓&资金记录-20250101-20250618.txt,1033,parsed
2025-05-29,,position,1054736.06,2770.06,2770.06,1051966.0,1051966.0,11,300736.XSHE,10600,10600,9.94,105364.0,母版持仓&资金记录-20250101-20250618.txt,1034,parsed
2025-05-29,,position,1054736.06,2770.06,2770.06,1051966.0,1051966.0,11,600768.XSHG,9800,9800,10.63,104174.0,母版持仓&资金记录-20250101-20250618.txt,1035,parsed
2025-05-29,,position,1054736.06,2770.06,2770.06,1051966.0,1051966.0,11,002193.XSHE,18300,18300,5.72,104676.0,母版持仓&资金记录-20250101-20250618.txt,1036,parsed
2025-05-29,,position,1054736.06,2770.06,2770.06,1051966.0,1051966.0,11,300929.XSHE,10700,10700,9.92,106144.0,母版持仓&资金记录-20250101-20250618.txt,1037,parsed
2025-05-29,,position,1054736.06,2770.06,2770.06,1051966.0,1051966.0,11,300948.XSHE,10300,10300,10.26,105678.0,母版持仓&资金记录-20250101-20250618.txt,1038,parsed
2025-05-29,,position,1054736.06,2770.06,2770.06,1051966.0,1051966.0,11,300635.XSHE,9900,9900,10.6,104940.0,母版持仓&资金记录-20250101-20250618.txt,1039,parsed
2025-05-30,,position,1048791.38,588.38,588.38,1048203.0,1048203.0,10,603729.XSHG,6500,6500,15.98,103870.0,母版持仓&资金记录-20250101-20250618.txt,1043,parsed
2025-05-30,,position,1048791.38,588.38,588.38,1048203.0,1048203.0,10,300665.XSHE,13900,13900,7.43,103277.0,母版持仓&资金记录-20250101-20250618.txt,1044,parsed
2025-05-30,,position,1048791.38,588.38,588.38,1048203.0,1048203.0,10,300405.XSHE,20100,20100,5.13,103113.0,母版持仓&资金记录-20250101-20250618.txt,1045,parsed
2025-05-30,,position,1048791.38,588.38,588.38,1048203.0,1048203.0,10,301372.XSHE,4900,4900,22.77,111573.0,母版持仓&资金记录-20250101-20250618.txt,1046,parsed
2025-05-30,,position,1048791.38,588.38,588.38,1048203.0,1048203.0,10,300736.XSHE,10600,10600,9.79,103774.0,母版持仓&资金记录-20250101-20250618.txt,1047,parsed
2025-05-30,,position,1048791.38,588.38,588.38,1048203.0,1048203.0,10,600768.XSHG,9900,9900,10.51,104049.0,母版持仓&资金记录-20250101-20250618.txt,1048,parsed
2025-05-30,,position,1048791.38,588.38,588.38,1048203.0,1048203.0,10,002193.XSHE,18500,18500,5.67,104895.0,母版持仓&资金记录-20250101-20250618.txt,1049,parsed
2025-05-30,,position,1048791.38,588.38,588.38,1048203.0,1048203.0,10,300929.XSHE,10700,10700,9.8,104860.0,母版持仓&资金记录-20250101-20250618.txt,1050,parsed
2025-05-30,,position,1048791.38,588.38,588.38,1048203.0,1048203.0,10,300948.XSHE,10300,10300,10.15,104545.0,母版持仓&资金记录-20250101-20250618.txt,1051,parsed
2025-05-30,,position,1048791.38,588.38,588.38,1048203.0,1048203.0,10,300635.XSHE,9900,9900,10.53,104247.0,母版持仓&资金记录-20250101-20250618.txt,1052,parsed
2025-06-03,,position,1056576.38,588.38,588.38,1055988.0,1055988.0,10,603729.XSHG,6500,6500,16.17,105105.0,母版持仓&资金记录-20250101-20250618.txt,1056,parsed
2025-06-03,,position,1056576.38,588.38,588.38,1055988.0,1055988.0,10,300665.XSHE,13900,13900,7.45,103555.0,母版持仓&资金记录-20250101-20250618.txt,1057,parsed
2025-06-03,,position,1056576.38,588.38,588.38,1055988.0,1055988.0,10,300405.XSHE,20100,20100,5.19,104319.0,母版持仓&资金记录-20250101-20250618.txt,1058,parsed
2025-06-03,,position,1056576.38,588.38,588.38,1055988.0,1055988.0,10,301372.XSHE,4900,4900,22.56,110544.0,母版持仓&资金记录-20250101-20250618.txt,1059,parsed
2025-06-03,,position,1056576.38,588.38,588.38,1055988.0,1055988.0,10,300736.XSHE,10600,10600,9.97,105682.0,母版持仓&资金记录-20250101-20250618.txt,1060,parsed
2025-06-03,,position,1056576.38,588.38,588.38,1055988.0,1055988.0,10,600768.XSHG,9900,9900,10.66,105534.0,母版持仓&资金记录-20250101-20250618.txt,1061,parsed
2025-06-03,,position,1056576.38,588.38,588.38,1055988.0,1055988.0,10,002193.XSHE,18500,18500,5.74,106190.0,母版持仓&资金记录-20250101-20250618.txt,1062,parsed
2025-06-03,,position,1056576.38,588.38,588.38,1055988.0,1055988.0,10,300929.XSHE,10700,10700,9.92,106144.0,母版持仓&资金记录-20250101-20250618.txt,1063,parsed
2025-06-03,,position,1056576.38,588.38,588.38,1055988.0,1055988.0,10,300948.XSHE,10300,10300,10.21,105163.0,母版持仓&资金记录-20250101-20250618.txt,1064,parsed
2025-06-03,,position,1056576.38,588.38,588.38,1055988.0,1055988.0,10,300635.XSHE,9900,9900,10.48,103752.0,母版持仓&资金记录-20250101-20250618.txt,1065,parsed
2025-06-04,,position,1066112.38,588.38,588.38,1065524.0,1065524.0,10,603729.XSHG,6500,6500,16.29,105885.0,母版持仓&资金记录-20250101-20250618.txt,1069,parsed
2025-06-04,,position,1066112.38,588.38,588.38,1065524.0,1065524.0,10,300665.XSHE,13900,13900,7.55,104945.0,母版持仓&资金记录-20250101-20250618.txt,1070,parsed
2025-06-04,,position,1066112.38,588.38,588.38,1065524.0,1065524.0,10,300405.XSHE,20100,20100,5.23,105123.0,母版持仓&资金记录-20250101-20250618.txt,1071,parsed
2025-06-04,,position,1066112.38,588.38,588.38,1065524.0,1065524.0,10,301372.XSHE,4900,4900,22.22,108878.0,母版持仓&资金记录-20250101-20250618.txt,1072,parsed
2025-06-04,,position,1066112.38,588.38,588.38,1065524.0,1065524.0,10,300736.XSHE,10600,10600,10.14,107484.0,母版持仓&资金记录-20250101-20250618.txt,1073,parsed
2025-06-04,,position,1066112.38,588.38,588.38,1065524.0,1065524.0,10,600768.XSHG,9900,9900,10.78,106722.0,母版持仓&资金记录-20250101-20250618.txt,1074,parsed
2025-06-04,,position,1066112.38,588.38,588.38,1065524.0,1065524.0,10,002193.XSHE,18500,18500,5.83,107855.0,母版持仓&资金记录-20250101-20250618.txt,1075,parsed
2025-06-04,,position,1066112.38,588.38,588.38,1065524.0,1065524.0,10,300929.XSHE,10700,10700,10.03,107321.0,母版持仓&资金记录-20250101-20250618.txt,1076,parsed
2025-06-04,,position,1066112.38,588.38,588.38,1065524.0,1065524.0,10,300948.XSHE,10300,10300,10.26,105678.0,母版持仓&资金记录-20250101-20250618.txt,1077,parsed
2025-06-04,,position,1066112.38,588.38,588.38,1065524.0,1065524.0,10,300635.XSHE,9900,9900,10.67,105633.0,母版持仓&资金记录-20250101-20250618.txt,1078,parsed
2025-06-05,,position,1065153.97,373.97,373.97,1064780.0,1064780.0,10,603729.XSHG,6500,6500,16.37,106405.0,母版持仓&资金记录-20250101-20250618.txt,1082,parsed
2025-06-05,,position,1065153.97,373.97,373.97,1064780.0,1064780.0,10,300665.XSHE,14100,14100,7.57,106737.0,母版持仓&资金记录-20250101-20250618.txt,1083,parsed
2025-06-05,,position,1065153.97,373.97,373.97,1064780.0,1064780.0,10,300405.XSHE,20100,20100,5.21,104721.0,母版持仓&资金记录-20250101-20250618.txt,1084,parsed
2025-06-05,,position,1065153.97,373.97,373.97,1064780.0,1064780.0,10,301372.XSHE,4800,4800,21.91,105168.0,母版持仓&资金记录-20250101-20250618.txt,1085,parsed
2025-06-05,,position,1065153.97,373.97,373.97,1064780.0,1064780.0,10,300736.XSHE,10600,10600,10.2,108120.0,母版持仓&资金记录-20250101-20250618.txt,1086,parsed
2025-06-05,,position,1065153.97,373.97,373.97,1064780.0,1064780.0,10,600768.XSHG,9900,9900,10.72,106128.0,母版持仓&资金记录-20250101-20250618.txt,1087,parsed
2025-06-05,,position,1065153.97,373.97,373.97,1064780.0,1064780.0,10,002193.XSHE,18300,18300,5.72,104676.0,母版持仓&资金记录-20250101-20250618.txt,1088,parsed
2025-06-05,,position,1065153.97,373.97,373.97,1064780.0,1064780.0,10,300929.XSHE,10700,10700,10.15,108605.0,母版持仓&资金记录-20250101-20250618.txt,1089,parsed
2025-06-05,,position,1065153.97,373.97,373.97,1064780.0,1064780.0,10,300948.XSHE,10400,10400,10.3,107120.0,母版持仓&资金记录-20250101-20250618.txt,1090,parsed
2025-06-05,,position,1065153.97,373.97,373.97,1064780.0,1064780.0,10,300635.XSHE,10000,10000,10.71,107100.0,母版持仓&资金记录-20250101-20250618.txt,1091,parsed
2025-06-06,,position,1076704.97,373.97,373.97,1076331.0,1076331.0,10,603729.XSHG,6500,6500,16.48,107120.0,母版持仓&资金记录-20250101-20250618.txt,1095,parsed
2025-06-06,,position,1076704.97,373.97,373.97,1076331.0,1076331.0,10,300665.XSHE,14100,14100,7.64,107724.0,母版持仓&资金记录-20250101-20250618.txt,1096,parsed
2025-06-06,,position,1076704.97,373.97,373.97,1076331.0,1076331.0,10,300405.XSHE,20100,20100,5.3,106530.0,母版持仓&资金记录-20250101-20250618.txt,1097,parsed
2025-06-06,,position,1076704.97,373.97,373.97,1076331.0,1076331.0,10,301372.XSHE,4800,4800,21.91,105168.0,母版持仓&资金记录-20250101-20250618.txt,1098,parsed
2025-06-06,,position,1076704.97,373.97,373.97,1076331.0,1076331.0,10,300736.XSHE,10600,10600,10.37,109922.0,母版持仓&资金记录-20250101-20250618.txt,1099,parsed
2025-06-06,,position,1076704.97,373.97,373.97,1076331.0,1076331.0,10,600768.XSHG,9900,9900,11.04,109296.0,母版持仓&资金记录-20250101-20250618.txt,1100,parsed
2025-06-06,,position,1076704.97,373.97,373.97,1076331.0,1076331.0,10,002193.XSHE,18300,18300,5.78,105774.0,母版持仓&资金记录-20250101-20250618.txt,1101,parsed
2025-06-06,,position,1076704.97,373.97,373.97,1076331.0,1076331.0,10,300929.XSHE,10700,10700,10.23,109461.0,母版持仓&资金记录-20250101-20250618.txt,1102,parsed
2025-06-06,,position,1076704.97,373.97,373.97,1076331.0,1076331.0,10,300948.XSHE,10400,10400,10.34,107536.0,母版持仓&资金记录-20250101-20250618.txt,1103,parsed
2025-06-06,,position,1076704.97,373.97,373.97,1076331.0,1076331.0,10,300635.XSHE,10000,10000,10.78,107800.0,母版持仓&资金记录-20250101-20250618.txt,1104,parsed
2025-06-09,,position,1093866.97,373.97,373.97,1093493.0,1093493.0,10,603729.XSHG,6500,6500,16.79,109135.0,母版持仓&资金记录-20250101-20250618.txt,1108,parsed
2025-06-09,,position,1093866.97,373.97,373.97,1093493.0,1093493.0,10,300665.XSHE,14100,14100,7.78,109698.0,母版持仓&资金记录-20250101-20250618.txt,1109,parsed
2025-06-09,,position,1093866.97,373.97,373.97,1093493.0,1093493.0,10,300405.XSHE,20100,20100,5.41,108741.0,母版持仓&资金记录-20250101-20250618.txt,1110,parsed
2025-06-09,,position,1093866.97,373.97,373.97,1093493.0,1093493.0,10,301372.XSHE,4800,4800,22.59,108432.0,母版持仓&资金记录-20250101-20250618.txt,1111,parsed
2025-06-09,,position,1093866.97,373.97,373.97,1093493.0,1093493.0,10,300736.XSHE,10600,10600,10.44,110664.0,母版持仓&资金记录-20250101-20250618.txt,1112,parsed
2025-06-09,,position,1093866.97,373.97,373.97,1093493.0,1093493.0,10,600768.XSHG,9900,9900,11.09,109791.0,母版持仓&资金记录-20250101-20250618.txt,1113,parsed
2025-06-09,,position,1093866.97,373.97,373.97,1093493.0,1093493.0,10,002193.XSHE,18300,18300,5.89,107787.0,母版持仓&资金记录-20250101-20250618.txt,1114,parsed
2025-06-09,,position,1093866.97,373.97,373.97,1093493.0,1093493.0,10,300929.XSHE,10700,10700,10.35,110745.0,母版持仓&资金记录-20250101-20250618.txt,1115,parsed
2025-06-09,,position,1093866.97,373.97,373.97,1093493.0,1093493.0,10,300948.XSHE,10400,10400,10.5,109200.0,母版持仓&资金记录-20250101-20250618.txt,1116,parsed
2025-06-09,,position,1093866.97,373.97,373.97,1093493.0,1093493.0,10,300635.XSHE,10000,10000,10.93,109300.0,母版持仓&资金记录-20250101-20250618.txt,1117,parsed
2025-06-10,,position,1085111.89,717.89,717.89,1084394.0,1084394.0,10,603729.XSHG,6500,6500,16.77,109005.0,母版持仓&资金记录-20250101-20250618.txt,1121,parsed
2025-06-10,,position,1085111.89,717.89,717.89,1084394.0,1084394.0,10,300665.XSHE,14100,14100,7.68,108288.0,母版持仓&资金记录-20250101-20250618.txt,1122,parsed
2025-06-10,,position,1085111.89,717.89,717.89,1084394.0,1084394.0,10,300405.XSHE,20200,20200,5.32,107464.0,母版持仓&资金记录-20250101-20250618.txt,1123,parsed
2025-06-10,,position,1085111.89,717.89,717.89,1084394.0,1084394.0,10,301372.XSHE,4800,4800,22.82,109536.0,母版持仓&资金记录-20250101-20250618.txt,1124,parsed
2025-06-10,,position,1085111.89,717.89,717.89,1084394.0,1084394.0,10,300736.XSHE,10500,10500,10.27,107835.0,母版持仓&资金记录-20250101-20250618.txt,1125,parsed
2025-06-10,,position,1085111.89,717.89,717.89,1084394.0,1084394.0,10,600768.XSHG,9900,9900,10.9,107910.0,母版持仓&资金记录-20250101-20250618.txt,1126,parsed
2025-06-10,,position,1085111.89,717.89,717.89,1084394.0,1084394.0,10,002193.XSHE,18500,18500,5.9,109150.0,母版持仓&资金记录-20250101-20250618.txt,1127,parsed
2025-06-10,,position,1085111.89,717.89,717.89,1084394.0,1084394.0,10,300929.XSHE,10600,10600,10.25,108650.0,母版持仓&资金记录-20250101-20250618.txt,1128,parsed
2025-06-10,,position,1085111.89,717.89,717.89,1084394.0,1084394.0,10,300948.XSHE,10400,10400,10.39,108056.0,母版持仓&资金记录-20250101-20250618.txt,1129,parsed
2025-06-10,,position,1085111.89,717.89,717.89,1084394.0,1084394.0,10,300635.XSHE,10000,10000,10.85,108500.0,母版持仓&资金记录-20250101-20250618.txt,1130,parsed
2025-06-11,,position,1086910.89,717.89,717.89,1086193.0,1086193.0,10,603729.XSHG,6500,6500,16.85,109525.0,母版持仓&资金记录-20250101-20250618.txt,1134,parsed
2025-06-11,,position,1086910.89,717.89,717.89,1086193.0,1086193.0,10,300665.XSHE,14100,14100,7.72,108852.0,母版持仓&资金记录-20250101-20250618.txt,1135,parsed
2025-06-11,,position,1086910.89,717.89,717.89,1086193.0,1086193.0,10,300405.XSHE,20200,20200,5.35,108070.0,母版持仓&资金记录-20250101-20250618.txt,1136,parsed
2025-06-11,,position,1086910.89,717.89,717.89,1086193.0,1086193.0,10,301372.XSHE,4800,4800,22.67,108816.0,母版持仓&资金记录-20250101-20250618.txt,1137,parsed
2025-06-11,,position,1086910.89,717.89,717.89,1086193.0,1086193.0,10,300736.XSHE,10500,10500,10.23,107415.0,母版持仓&资金记录-20250101-20250618.txt,1138,parsed
2025-06-11,,position,1086910.89,717.89,717.89,1086193.0,1086193.0,10,600768.XSHG,9900,9900,10.98,108702.0,母版持仓&资金记录-20250101-20250618.txt,1139,parsed
2025-06-11,,position,1086910.89,717.89,717.89,1086193.0,1086193.0,10,002193.XSHE,18500,18500,5.91,109335.0,母版持仓&资金记录-20250101-20250618.txt,1140,parsed
2025-06-11,,position,1086910.89,717.89,717.89,1086193.0,1086193.0,10,300929.XSHE,10600,10600,10.21,108226.0,母版持仓&资金记录-20250101-20250618.txt,1141,parsed
2025-06-11,,position,1086910.89,717.89,717.89,1086193.0,1086193.0,10,300948.XSHE,10400,10400,10.38,107952.0,母版持仓&资金记录-20250101-20250618.txt,1142,parsed
2025-06-11,,position,1086910.89,717.89,717.89,1086193.0,1086193.0,10,300635.XSHE,10000,10000,10.93,109300.0,母版持仓&资金记录-20250101-20250618.txt,1143,parsed
2025-06-12,,position,1092313.89,717.89,717.89,1091596.0,1091596.0,10,603729.XSHG,6500,6500,17.07,110955.0,母版持仓&资金记录-20250101-20250618.txt,1147,parsed
2025-06-12,,position,1092313.89,717.89,717.89,1091596.0,1091596.0,10,300665.XSHE,14100,14100,7.7,108570.0,母版持仓&资金记录-20250101-20250618.txt,1148,parsed
2025-06-12,,position,1092313.89,717.89,717.89,1091596.0,1091596.0,10,300405.XSHE,20200,20200,5.38,108676.0,母版持仓&资金记录-20250101-20250618.txt,1149,parsed
2025-06-12,,position,1092313.89,717.89,717.89,1091596.0,1091596.0,10,301372.XSHE,4800,4800,22.77,109296.0,母版持仓&资金记录-20250101-20250618.txt,1150,parsed
2025-06-12,,position,1092313.89,717.89,717.89,1091596.0,1091596.0,10,300736.XSHE,10500,10500,10.36,108780.0,母版持仓&资金记录-20250101-20250618.txt,1151,parsed
2025-06-12,,position,1092313.89,717.89,717.89,1091596.0,1091596.0,10,600768.XSHG,9900,9900,10.98,108702.0,母版持仓&资金记录-20250101-20250618.txt,1152,parsed
2025-06-12,,position,1092313.89,717.89,717.89,1091596.0,1091596.0,10,002193.XSHE,18500,18500,5.87,108595.0,母版持仓&资金记录-20250101-20250618.txt,1153,parsed
2025-06-12,,position,1092313.89,717.89,717.89,1091596.0,1091596.0,10,300929.XSHE,10600,10600,10.25,108650.0,母版持仓&资金记录-20250101-20250618.txt,1154,parsed
2025-06-12,,position,1092313.89,717.89,717.89,1091596.0,1091596.0,10,300948.XSHE,10400,10400,10.43,108472.0,母版持仓&资金记录-20250101-20250618.txt,1155,parsed
2025-06-12,,position,1092313.89,717.89,717.89,1091596.0,1091596.0,10,300635.XSHE,10000,10000,11.09,110900.0,母版持仓&资金记录-20250101-20250618.txt,1156,parsed
2025-06-13,,position,1066783.73,897.73,897.73,1065886.0,1065886.0,11,603729.XSHG,5200,5200,16.42,85384.0,母版持仓&资金记录-20250101-20250618.txt,1160,parsed
2025-06-13,,position,1066783.73,897.73,897.73,1065886.0,1065886.0,11,300665.XSHE,14100,14100,7.53,106173.0,母版持仓&资金记录-20250101-20250618.txt,1161,parsed
2025-06-13,,position,1066783.73,897.73,897.73,1065886.0,1065886.0,11,300405.XSHE,20200,20200,5.2,105040.0,母版持仓&资金记录-20250101-20250618.txt,1162,parsed
2025-06-13,,position,1066783.73,897.73,897.73,1065886.0,1065886.0,11,301372.XSHE,4800,4800,22.21,106608.0,母版持仓&资金记录-20250101-20250618.txt,1163,parsed
2025-06-13,,position,1066783.73,897.73,897.73,1065886.0,1065886.0,11,300736.XSHE,10600,10600,10.11,107166.0,母版持仓&资金记录-20250101-20250618.txt,1164,parsed
2025-06-13,,position,1066783.73,897.73,897.73,1065886.0,1065886.0,11,600768.XSHG,9900,9900,10.86,107514.0,母版持仓&资金记录-20250101-20250618.txt,1165,parsed
2025-06-13,,position,1066783.73,897.73,897.73,1065886.0,1065886.0,11,002193.XSHE,18600,18600,5.63,104718.0,母版持仓&资金记录-20250101-20250618.txt,1166,parsed
2025-06-13,,position,1066783.73,897.73,897.73,1065886.0,1065886.0,11,300929.XSHE,10600,10600,10.07,106742.0,母版持仓&资金记录-20250101-20250618.txt,1167,parsed
2025-06-13,,position,1066783.73,897.73,897.73,1065886.0,1065886.0,11,300948.XSHE,10400,10400,10.29,107016.0,母版持仓&资金记录-20250101-20250618.txt,1168,parsed
2025-06-13,,position,1066783.73,897.73,897.73,1065886.0,1065886.0,11,300635.XSHE,9900,9900,10.96,108504.0,母版持仓&资金记录-20250101-20250618.txt,1169,parsed
2025-06-13,,position,1066783.73,897.73,897.73,1065886.0,1065886.0,11,600847.XSHG,2100,2100,10.01,21021.0,母版持仓&资金记录-20250101-20250618.txt,1170,parsed
2025-06-16,,position,1080641.73,897.73,897.73,1079744.0,1079744.0,11,603729.XSHG,5200,5200,16.77,87204.0,母版持仓&资金记录-20250101-20250618.txt,1174,parsed
2025-06-16,,position,1080641.73,897.73,897.73,1079744.0,1079744.0,11,300665.XSHE,14100,14100,7.56,106596.0,母版持仓&资金记录-20250101-20250618.txt,1175,parsed
2025-06-16,,position,1080641.73,897.73,897.73,1079744.0,1079744.0,11,300405.XSHE,20200,20200,5.23,105646.0,母版持仓&资金记录-20250101-20250618.txt,1176,parsed
2025-06-16,,position,1080641.73,897.73,897.73,1079744.0,1079744.0,11,301372.XSHE,4800,4800,22.29,106992.0,母版持仓&资金记录-20250101-20250618.txt,1177,parsed
2025-06-16,,position,1080641.73,897.73,897.73,1079744.0,1079744.0,11,300736.XSHE,10600,10600,10.27,108862.0,母版持仓&资金记录-20250101-20250618.txt,1178,parsed
2025-06-16,,position,1080641.73,897.73,897.73,1079744.0,1079744.0,11,600768.XSHG,9900,9900,10.91,108009.0,母版持仓&资金记录-20250101-20250618.txt,1179,parsed
2025-06-16,,position,1080641.73,897.73,897.73,1079744.0,1079744.0,11,002193.XSHE,18600,18600,5.78,107508.0,母版持仓&资金记录-20250101-20250618.txt,1180,parsed
2025-06-16,,position,1080641.73,897.73,897.73,1079744.0,1079744.0,11,300929.XSHE,10600,10600,10.17,107802.0,母版持仓&资金记录-20250101-20250618.txt,1181,parsed
2025-06-16,,position,1080641.73,897.73,897.73,1079744.0,1079744.0,11,300948.XSHE,10400,10400,10.44,108576.0,母版持仓&资金记录-20250101-20250618.txt,1182,parsed
2025-06-16,,position,1080641.73,897.73,897.73,1079744.0,1079744.0,11,300635.XSHE,9900,9900,11.24,111276.0,母版持仓&资金记录-20250101-20250618.txt,1183,parsed
2025-06-16,,position,1080641.73,897.73,897.73,1079744.0,1079744.0,11,600847.XSHG,2100,2100,10.13,21273.0,母版持仓&资金记录-20250101-20250618.txt,1184,parsed
2025-06-17,,position,1076386.73,897.73,897.73,1075489.0,1075489.0,11,603729.XSHG,5200,5200,16.56,86112.0,母版持仓&资金记录-20250101-20250618.txt,1188,parsed
2025-06-17,,position,1076386.73,897.73,897.73,1075489.0,1075489.0,11,300665.XSHE,14100,14100,7.61,107301.0,母版持仓&资金记录-20250101-20250618.txt,1189,parsed
2025-06-17,,position,1076386.73,897.73,897.73,1075489.0,1075489.0,11,300405.XSHE,20200,20200,5.22,105444.0,母版持仓&资金记录-20250101-20250618.txt,1190,parsed
2025-06-17,,position,1076386.73,897.73,897.73,1075489.0,1075489.0,11,301372.XSHE,4800,4800,22.42,107616.0,母版持仓&资金记录-20250101-20250618.txt,1191,parsed
2025-06-17,,position,1076386.73,897.73,897.73,1075489.0,1075489.0,11,300736.XSHE,10600,10600,10.14,107484.0,母版持仓&资金记录-20250101-20250618.txt,1192,parsed
2025-06-17,,position,1076386.73,897.73,897.73,1075489.0,1075489.0,11,600768.XSHG,9900,9900,10.87,107613.0,母版持仓&资金记录-20250101-20250618.txt,1193,parsed
2025-06-17,,position,1076386.73,897.73,897.73,1075489.0,1075489.0,11,002193.XSHE,18600,18600,5.7,106020.0,母版持仓&资金记录-20250101-20250618.txt,1194,parsed
2025-06-17,,position,1076386.73,897.73,897.73,1075489.0,1075489.0,11,300929.XSHE,10600,10600,10.1,107060.0,母版持仓&资金记录-20250101-20250618.txt,1195,parsed
2025-06-17,,position,1076386.73,897.73,897.73,1075489.0,1075489.0,11,300948.XSHE,10400,10400,10.33,107432.0,母版持仓&资金记录-20250101-20250618.txt,1196,parsed
2025-06-17,,position,1076386.73,897.73,897.73,1075489.0,1075489.0,11,300635.XSHE,9900,9900,11.35,112365.0,母版持仓&资金记录-20250101-20250618.txt,1197,parsed
2025-06-17,,position,1076386.73,897.73,897.73,1075489.0,1075489.0,11,600847.XSHG,2100,2100,10.02,21042.0,母版持仓&资金记录-20250101-20250618.txt,1198,parsed
2025-06-18,,position,1065673.84,307.84,307.84,1065366.0,1065366.0,12,603729.XSHG,4000,4000,16.35,65400.0,母版持仓&资金记录-20250101-20250618.txt,1202,parsed
2025-06-18,,position,1065673.84,307.84,307.84,1065366.0,1065366.0,12,002719.XSHE,2400,2400,8.69,20856.0,母版持仓&资金记录-20250101-20250618.txt,1203,parsed
2025-06-18,,position,1065673.84,307.84,307.84,1065366.0,1065366.0,12,300665.XSHE,14100,14100,7.54,106314.0,母版持仓&资金记录-20250101-20250618.txt,1204,parsed
2025-06-18,,position,1065673.84,307.84,307.84,1065366.0,1065366.0,12,300405.XSHE,20700,20700,5.15,106605.0,母版持仓&资金记录-20250101-20250618.txt,1205,parsed
2025-06-18,,position,1065673.84,307.84,307.84,1065366.0,1065366.0,12,301372.XSHE,4800,4800,22.44,107712.0,母版持仓&资金记录-20250101-20250618.txt,1206,parsed
2025-06-18,,position,1065673.84,307.84,307.84,1065366.0,1065366.0,12,300736.XSHE,10600,10600,10.1,107060.0,母版持仓&资金记录-20250101-20250618.txt,1207,parsed
2025-06-18,,position,1065673.84,307.84,307.84,1065366.0,1065366.0,12,600768.XSHG,9900,9900,10.71,106029.0,母版持仓&资金记录-20250101-20250618.txt,1208,parsed
2025-06-18,,position,1065673.84,307.84,307.84,1065366.0,1065366.0,12,002193.XSHE,18900,18900,5.62,106218.0,母版持仓&资金记录-20250101-20250618.txt,1209,parsed
2025-06-18,,position,1065673.84,307.84,307.84,1065366.0,1065366.0,12,300929.XSHE,10600,10600,9.96,105576.0,母版持仓&资金记录-20250101-20250618.txt,1210,parsed
2025-06-18,,position,1065673.84,307.84,307.84,1065366.0,1065366.0,12,300948.XSHE,10400,10400,10.25,106600.0,母版持仓&资金记录-20250101-20250618.txt,1211,parsed
2025-06-18,,position,1065673.84,307.84,307.84,1065366.0,1065366.0,12,300635.XSHE,7600,7600,11.25,85500.0,母版持仓&资金记录-20250101-20250618.txt,1212,parsed
2025-06-18,,position,1065673.84,307.84,307.84,1065366.0,1065366.0,12,600847.XSHG,4200,4200,9.88,41496.0,母版持仓&资金记录-20250101-20250618.txt,1213,parsed
2025-06-19,,position,309908.0,,,309908.0,309908.0,3,301372.XSHE,4800,4800,21.59,103632.0,母版持仓&资金记录-20250101-20250618.txt,1217,parsed
2025-06-19,,position,309908.0,,,309908.0,309908.0,3,300736.XSHE,10600,10600,9.74,103244.0,母版持仓&资金记录-20250101-20250618.txt,1218,parsed
2025-06-19,,position,309908.0,,,309908.0,309908.0,3,300929.XSHE,10600,10600,9.72,103032.0,母版持仓&资金记录-20250101-20250618.txt,1219,parsed
