date,time,code,name,side,quantity,price,gross_amount,commission,stamp_tax,transfer_fee,net_amount,source_file,source_line_no,raw_text,parse_status
2025-01-02,09:30:00,511880.XSHG,银华日利,buy,9900,100.081,990801.9,0.0,0,0,990801.9,母版交易记录-20250101-20251231.txt,20,"2025-01-02	09:30:00	银华日利(511880.XSHG)	买	市价单	9900股	100.081	990,801.90	0.00	0.00",parsed
2025-02-05,09:30:00,511880.XSHG,银华日利,sell,-9900,100.182,-991801.8,0.0,0,0,-991801.8,母版交易记录-20250101-20251231.txt,22,"2025-02-05	09:30:00	银华日利(511880.XSHG)	卖	市价单	-9900股	100.182	-991,801.80	999.90	0.00",parsed
2025-02-05,09:30:00,000668.XSHE,荣丰控股,buy,3100,6.32,19592.0,5.0,0,0,19597.0,母版交易记录-20250101-20251231.txt,23,"2025-02-05	09:30:00	荣丰控股(000668.XSHE)	买	市价单	3100股	6.32	19,592.00	0.00	5.00",parsed
2025-02-05,09:30:00,000691.XSHE,亚太实业,buy,6900,2.86,19734.0,5.0,0,0,19739.0,母版交易记录-20250101-20251231.txt,24,"2025-02-05	09:30:00	亚太实业(000691.XSHE)	买	市价单	6900股	2.86	19,734.00	0.00	5.00",parsed
2025-02-05,09:30:00,002848.XSHE,高斯贝尔,buy,3400,5.74,19516.0,5.0,0,0,19521.0,母版交易记录-20250101-20251231.txt,25,"2025-02-05	09:30:00	高斯贝尔(002848.XSHE)	买	市价单	3400股	5.74	19,516.00	0.00	5.00",parsed
2025-02-05,09:30:00,605081.XSHG,太和水,buy,2400,8.32,19968.0,5.0,0,0,19973.0,母版交易记录-20250101-20251231.txt,26,"2025-02-05	09:30:00	太和水(605081.XSHG)	买	市价单	2400股	8.32	19,968.00	0.00	5.00",parsed
2025-02-05,09:30:00,603813.XSHG,原尚股份,buy,2100,9.21,19341.0,5.0,0,0,19346.0,母版交易记录-20250101-20251231.txt,27,"2025-02-05	09:30:00	原尚股份(603813.XSHG)	买	市价单	2100股	9.21	19,341.00	0.00	5.00",parsed
2025-02-05,09:30:00,600421.XSHG,华嵘控股,buy,3700,5.32,19684.0,5.0,0,0,19689.0,母版交易记录-20250101-20251231.txt,28,"2025-02-05	09:30:00	华嵘控股(600421.XSHG)	买	市价单	3700股	5.32	19,684.00	0.00	5.00",parsed
2025-02-05,09:30:00,300929.XSHE,华骐环保,buy,2300,8.67,19941.0,5.0,0,0,19946.0,母版交易记录-20250101-20251231.txt,29,"2025-02-05	09:30:00	华骐环保(300929.XSHE)	买	市价单	2300股	8.67	19,941.00	0.00	5.00",parsed
2025-02-05,09:30:00,002620.XSHE,瑞和股份,buy,6600,2.99,19734.0,5.0,0,0,19739.0,母版交易记录-20250101-20251231.txt,30,"2025-02-05	09:30:00	瑞和股份(002620.XSHE)	买	市价单	6600股	2.99	19,734.00	0.00	5.00",parsed
2025-02-05,09:30:00,000929.XSHE,兰州黄河,buy,3100,6.26,19406.0,5.0,0,0,19411.0,母版交易记录-20250101-20251231.txt,31,"2025-02-05	09:30:00	兰州黄河(000929.XSHE)	买	市价单	3100股	6.26	19,406.00	0.00	5.00",parsed
2025-02-05,09:30:00,600193.XSHG,创兴资源,buy,7600,2.62,19912.0,5.0,0,0,19917.0,母版交易记录-20250101-20251231.txt,32,"2025-02-05	09:30:00	创兴资源(600193.XSHG)	买	市价单	7600股	2.62	19,912.00	0.00	5.00",parsed
2025-02-06,14:00:00,600421.XSHG,华嵘控股,sell,-200,5.86,-1172.0,6.17,0,0,-1178.17,母版交易记录-20250101-20251231.txt,34,"2025-02-06	14:00:00	华嵘控股(600421.XSHG)	卖	市价单	-200股	5.86	-1,172.00	108.00	6.17",parsed
2025-02-06,14:00:00,600193.XSHG,创兴资源,sell,-1200,3.21,-3852.0,8.85,0,0,-3860.85,母版交易记录-20250101-20251231.txt,35,"2025-02-06	14:00:00	创兴资源(600193.XSHG)	卖	市价单	-1200股	3.21	-3,852.00	708.00	8.85",parsed
2025-02-10,09:30:00,000668.XSHE,荣丰控股,buy,3600,6.05,21780.0,5.0,0,0,21785.0,母版交易记录-20250101-20251231.txt,37,"2025-02-10	09:30:00	荣丰控股(000668.XSHE)	买	市价单	3600股	6.05	21,780.00	0.00	5.00",parsed
2025-02-10,09:30:00,000691.XSHE,亚太实业,buy,6100,3.12,19032.0,5.0,0,0,19037.0,母版交易记录-20250101-20251231.txt,38,"2025-02-10	09:30:00	亚太实业(000691.XSHE)	买	市价单	6100股	3.12	19,032.00	0.00	5.00",parsed
2025-02-10,09:30:00,002848.XSHE,高斯贝尔,buy,2800,6.55,18340.0,5.0,0,0,18345.0,母版交易记录-20250101-20251231.txt,39,"2025-02-10	09:30:00	高斯贝尔(002848.XSHE)	买	市价单	2800股	6.55	18,340.00	0.00	5.00",parsed
2025-02-10,09:30:00,605081.XSHG,太和水,buy,1800,9.7,17460.0,5.0,0,0,17465.0,母版交易记录-20250101-20251231.txt,40,"2025-02-10	09:30:00	太和水(605081.XSHG)	买	市价单	1800股	9.7	17,460.00	0.00	5.00",parsed
2025-02-10,09:30:00,603813.XSHG,原尚股份,buy,1900,10,19000.0,5.0,0,0,19005.0,母版交易记录-20250101-20251231.txt,41,"2025-02-10	09:30:00	原尚股份(603813.XSHG)	买	市价单	1900股	10	19,000.00	0.00	5.00",parsed
2025-02-10,09:30:00,600421.XSHG,华嵘控股,buy,2800,6.39,17892.0,5.0,0,0,17897.0,母版交易记录-20250101-20251231.txt,42,"2025-02-10	09:30:00	华嵘控股(600421.XSHG)	买	市价单	2800股	6.39	17,892.00	0.00	5.00",parsed
2025-02-10,09:30:00,300929.XSHE,华骐环保,buy,2200,9.01,19822.0,5.0,0,0,19827.0,母版交易记录-20250101-20251231.txt,43,"2025-02-10	09:30:00	华骐环保(300929.XSHE)	买	市价单	2200股	9.01	19,822.00	0.00	5.00",parsed
2025-02-10,09:30:00,002620.XSHE,瑞和股份,buy,5800,3.27,18966.0,5.0,0,0,18971.0,母版交易记录-20250101-20251231.txt,44,"2025-02-10	09:30:00	瑞和股份(002620.XSHE)	买	市价单	5800股	3.27	18,966.00	0.00	5.00",parsed
2025-02-10,09:30:00,000929.XSHE,兰州黄河,buy,3200,6.43,20576.0,5.0,0,0,20581.0,母版交易记录-20250101-20251231.txt,45,"2025-02-10	09:30:00	兰州黄河(000929.XSHE)	买	市价单	3200股	6.43	20,576.00	0.00	5.00",parsed
2025-02-10,09:30:00,600193.XSHG,创兴资源,sell,-200,3.3,-660.0,5.66,0,0,-665.66,母版交易记录-20250101-20251231.txt,46,2025-02-10	09:30:00	创兴资源(600193.XSHG)	卖	市价单	-200股	3.3	-660.00	136.00	5.66,parsed
2025-02-10,09:30:00,300478.XSHE,杭州高新,buy,2100,9.66,20286.0,5.0,0,0,20291.0,母版交易记录-20250101-20251231.txt,47,"2025-02-10	09:30:00	杭州高新(300478.XSHE)	买	市价单	2100股	9.66	20,286.00	0.00	5.00",parsed
2025-02-12,14:00:00,600193.XSHG,创兴资源,sell,-900,3.9,-3510.0,8.51,0,0,-3518.51,母版交易记录-20250101-20251231.txt,49,"2025-02-12	14:00:00	创兴资源(600193.XSHG)	卖	市价单	-900股	3.9	-3,510.00	1,152.00	8.51",parsed
2025-02-12,14:00:00,300478.XSHE,杭州高新,sell,-300,11.48,-3444.0,8.44,0,0,-3452.44,母版交易记录-20250101-20251231.txt,50,"2025-02-12	14:00:00	杭州高新(300478.XSHE)	卖	市价单	-300股	11.48	-3,444.00	546.00	8.44",parsed
2025-02-13,09:30:00,000668.XSHE,荣丰控股,buy,3400,6.09,20706.0,5.0,0,0,20711.0,母版交易记录-20250101-20251231.txt,52,"2025-02-13	09:30:00	荣丰控股(000668.XSHE)	买	市价单	3400股	6.09	20,706.00	0.00	5.00",parsed
2025-02-13,09:30:00,000691.XSHE,亚太实业,buy,6700,3.14,21038.0,5.0,0,0,21043.0,母版交易记录-20250101-20251231.txt,53,"2025-02-13	09:30:00	亚太实业(000691.XSHE)	买	市价单	6700股	3.14	21,038.00	0.00	5.00",parsed
2025-02-13,09:30:00,002848.XSHE,高斯贝尔,buy,3100,6.63,20553.0,5.0,0,0,20558.0,母版交易记录-20250101-20251231.txt,54,"2025-02-13	09:30:00	高斯贝尔(002848.XSHE)	买	市价单	3100股	6.63	20,553.00	0.00	5.00",parsed
2025-02-13,09:30:00,605081.XSHG,太和水,buy,2200,9.63,21186.0,5.0,0,0,21191.0,母版交易记录-20250101-20251231.txt,55,"2025-02-13	09:30:00	太和水(605081.XSHG)	买	市价单	2200股	9.63	21,186.00	0.00	5.00",parsed
2025-02-13,09:30:00,603813.XSHG,原尚股份,buy,2100,10.15,21315.0,5.0,0,0,21320.0,母版交易记录-20250101-20251231.txt,56,"2025-02-13	09:30:00	原尚股份(603813.XSHG)	买	市价单	2100股	10.15	21,315.00	0.00	5.00",parsed
2025-02-13,09:30:00,600421.XSHG,华嵘控股,buy,3300,6.42,21186.0,5.0,0,0,21191.0,母版交易记录-20250101-20251231.txt,57,"2025-02-13	09:30:00	华嵘控股(600421.XSHG)	买	市价单	3300股	6.42	21,186.00	0.00	5.00",parsed
2025-02-13,09:30:00,300929.XSHE,华骐环保,buy,2200,9.13,20086.0,5.0,0,0,20091.0,母版交易记录-20250101-20251231.txt,58,"2025-02-13	09:30:00	华骐环保(300929.XSHE)	买	市价单	2200股	9.13	20,086.00	0.00	5.00",parsed
2025-02-13,09:30:00,002620.XSHE,瑞和股份,buy,5800,3.39,19662.0,5.0,0,0,19667.0,母版交易记录-20250101-20251231.txt,59,"2025-02-13	09:30:00	瑞和股份(002620.XSHE)	买	市价单	5800股	3.39	19,662.00	0.00	5.00",parsed
2025-02-13,09:30:00,000929.XSHE,兰州黄河,buy,3000,6.6,19800.0,5.0,0,0,19805.0,母版交易记录-20250101-20251231.txt,60,"2025-02-13	09:30:00	兰州黄河(000929.XSHE)	买	市价单	3000股	6.6	19,800.00	0.00	5.00",parsed
2025-02-13,09:30:00,002856.XSHE,美芝股份,buy,2200,9.15,20130.0,5.0,0,0,20135.0,母版交易记录-20250101-20251231.txt,61,"2025-02-13	09:30:00	美芝股份(002856.XSHE)	买	市价单	2200股	9.15	20,130.00	0.00	5.00",parsed
2025-02-18,09:30:00,000668.XSHE,荣丰控股,buy,4200,6,25200.0,5.0,0,0,25205.0,母版交易记录-20250101-20251231.txt,63,"2025-02-18	09:30:00	荣丰控股(000668.XSHE)	买	市价单	4200股	6	25,200.00	0.00	5.00",parsed
2025-02-18,09:30:00,000691.XSHE,亚太实业,buy,6600,3.27,21582.0,5.0,0,0,21587.0,母版交易记录-20250101-20251231.txt,64,"2025-02-18	09:30:00	亚太实业(000691.XSHE)	买	市价单	6600股	3.27	21,582.00	0.00	5.00",parsed
2025-02-18,09:30:00,002848.XSHE,高斯贝尔,buy,2900,7.06,20474.0,5.0,0,0,20479.0,母版交易记录-20250101-20251231.txt,65,"2025-02-18	09:30:00	高斯贝尔(002848.XSHE)	买	市价单	2900股	7.06	20,474.00	0.00	5.00",parsed
2025-02-18,09:30:00,605081.XSHG,太和水,buy,2200,10.01,22022.0,5.0,0,0,22027.0,母版交易记录-20250101-20251231.txt,66,"2025-02-18	09:30:00	太和水(605081.XSHG)	买	市价单	2200股	10.01	22,022.00	0.00	5.00",parsed
2025-02-18,09:30:00,300929.XSHE,华骐环保,buy,2600,9.24,24024.0,5.0,0,0,24029.0,母版交易记录-20250101-20251231.txt,67,"2025-02-18	09:30:00	华骐环保(300929.XSHE)	买	市价单	2600股	9.24	24,024.00	0.00	5.00",parsed
2025-02-18,09:30:00,002620.XSHE,瑞和股份,buy,5600,3.62,20272.0,5.0,0,0,20277.0,母版交易记录-20250101-20251231.txt,68,"2025-02-18	09:30:00	瑞和股份(002620.XSHE)	买	市价单	5600股	3.62	20,272.00	0.00	5.00",parsed
2025-02-18,09:30:00,000929.XSHE,兰州黄河,buy,3700,6.6,24420.0,5.0,0,0,24425.0,母版交易记录-20250101-20251231.txt,69,"2025-02-18	09:30:00	兰州黄河(000929.XSHE)	买	市价单	3700股	6.6	24,420.00	0.00	5.00",parsed
2025-02-18,09:30:00,600193.XSHG,创兴资源,buy,200,3.9,780.0,5.0,0,0,785.0,母版交易记录-20250101-20251231.txt,70,2025-02-18	09:30:00	创兴资源(600193.XSHG)	买	市价单	200股	3.9	780.00	0.00	5.00,parsed
2025-02-18,09:30:00,002856.XSHE,美芝股份,buy,2400,9.25,22200.0,5.0,0,0,22205.0,母版交易记录-20250101-20251231.txt,71,"2025-02-18	09:30:00	美芝股份(002856.XSHE)	买	市价单	2400股	9.25	22,200.00	0.00	5.00",parsed
2025-02-18,09:30:00,600768.XSHG,宁波富邦,buy,2200,9.52,20944.0,5.0,0,0,20949.0,母版交易记录-20250101-20251231.txt,72,"2025-02-18	09:30:00	宁波富邦(600768.XSHG)	买	市价单	2200股	9.52	20,944.00	0.00	5.00",parsed
2025-02-18,09:30:00,603316.XSHG,诚邦股份,buy,4200,5.06,21252.0,5.0,0,0,21257.0,母版交易记录-20250101-20251231.txt,73,"2025-02-18	09:30:00	诚邦股份(603316.XSHG)	买	市价单	4200股	5.06	21,252.00	0.00	5.00",parsed
2025-02-18,14:00:00,002848.XSHE,高斯贝尔,sell,-600,7.36,-4416.0,9.42,0,0,-4425.42,母版交易记录-20250101-20251231.txt,74,"2025-02-18	14:00:00	高斯贝尔(002848.XSHE)	卖	市价单	-600股	7.36	-4,416.00	536.51	9.42",parsed
2025-02-18,14:00:00,603813.XSHG,原尚股份,sell,-100,10.79,-1079.0,6.08,0,0,-1085.08,母版交易记录-20250101-20251231.txt,75,"2025-02-18	14:00:00	原尚股份(603813.XSHG)	卖	市价单	-100股	10.79	-1,079.00	101.03	6.08",parsed
2025-02-18,14:00:00,600421.XSHG,华嵘控股,sell,-1900,8.36,-15884.0,20.88,0,0,-15904.88,母版交易记录-20250101-20251231.txt,76,"2025-02-18	14:00:00	华嵘控股(600421.XSHG)	卖	市价单	-1900股	8.36	-15,884.00	4,464.60	20.88",parsed
2025-02-18,14:00:00,300478.XSHE,杭州高新,sell,-400,15.75,-6300.0,11.3,0,0,-6311.3,母版交易记录-20250101-20251231.txt,77,"2025-02-18	14:00:00	杭州高新(300478.XSHE)	卖	市价单	-400股	15.75	-6,300.00	2,436.00	11.30",parsed
2025-02-19,14:00:00,600421.XSHG,华嵘控股,sell,-500,9.08,-4540.0,9.54,0,0,-4549.54,母版交易记录-20250101-20251231.txt,79,"2025-02-19	14:00:00	华嵘控股(600421.XSHG)	卖	市价单	-500股	9.08	-4,540.00	1,534.90	9.54",parsed
2025-02-20,14:00:00,603813.XSHG,原尚股份,sell,-500,11.86,-5930.0,10.93,0,0,-5940.93,母版交易记录-20250101-20251231.txt,81,"2025-02-20	14:00:00	原尚股份(603813.XSHG)	卖	市价单	-500股	11.86	-5,930.00	1,040.16	10.93",parsed
2025-02-20,14:00:00,603316.XSHG,诚邦股份,sell,-100,5.32,-532.0,5.53,0,0,-537.53,母版交易记录-20250101-20251231.txt,82,2025-02-20	14:00:00	诚邦股份(603316.XSHG)	卖	市价单	-100股	5.32	-532.00	26.00	5.53,parsed
2025-02-21,09:30:00,000668.XSHE,荣丰控股,buy,3900,5.92,23088.0,5.0,0,0,23093.0,母版交易记录-20250101-20251231.txt,84,"2025-02-21	09:30:00	荣丰控股(000668.XSHE)	买	市价单	3900股	5.92	23,088.00	0.00	5.00",parsed
2025-02-21,09:30:00,000691.XSHE,亚太实业,buy,7700,3.17,24409.0,5.0,0,0,24414.0,母版交易记录-20250101-20251231.txt,85,"2025-02-21	09:30:00	亚太实业(000691.XSHE)	买	市价单	7700股	3.17	24,409.00	0.00	5.00",parsed
2025-02-21,09:30:00,002848.XSHE,高斯贝尔,buy,3800,6.96,26448.0,5.0,0,0,26453.0,母版交易记录-20250101-20251231.txt,86,"2025-02-21	09:30:00	高斯贝尔(002848.XSHE)	买	市价单	3800股	6.96	26,448.00	0.00	5.00",parsed
2025-02-21,09:30:00,605081.XSHG,太和水,buy,2400,9.78,23472.0,5.0,0,0,23477.0,母版交易记录-20250101-20251231.txt,87,"2025-02-21	09:30:00	太和水(605081.XSHG)	买	市价单	2400股	9.78	23,472.00	0.00	5.00",parsed
2025-02-21,09:30:00,603813.XSHG,原尚股份,buy,1500,12.18,18270.0,5.0,0,0,18275.0,母版交易记录-20250101-20251231.txt,88,"2025-02-21	09:30:00	原尚股份(603813.XSHG)	买	市价单	1500股	12.18	18,270.00	0.00	5.00",parsed
2025-02-21,09:30:00,600421.XSHG,华嵘控股,buy,1100,7.77,8547.0,5.0,0,0,8552.0,母版交易记录-20250101-20251231.txt,89,"2025-02-21	09:30:00	华嵘控股(600421.XSHG)	买	市价单	1100股	7.77	8,547.00	0.00	5.00",parsed
2025-02-21,09:30:00,300929.XSHE,华骐环保,buy,2300,9.24,21252.0,5.0,0,0,21257.0,母版交易记录-20250101-20251231.txt,90,"2025-02-21	09:30:00	华骐环保(300929.XSHE)	买	市价单	2300股	9.24	21,252.00	0.00	5.00",parsed
2025-02-21,09:30:00,002620.XSHE,瑞和股份,buy,600,3.52,2112.0,5.0,0,0,2117.0,母版交易记录-20250101-20251231.txt,91,"2025-02-21	09:30:00	瑞和股份(002620.XSHE)	买	市价单	600股	3.52	2,112.00	0.00	5.00",parsed
2025-02-21,09:30:00,000929.XSHE,兰州黄河,buy,2900,6.77,19633.0,5.0,0,0,19638.0,母版交易记录-20250101-20251231.txt,92,"2025-02-21	09:30:00	兰州黄河(000929.XSHE)	买	市价单	2900股	6.77	19,633.00	0.00	5.00",parsed
2025-02-21,09:30:00,002856.XSHE,美芝股份,buy,2400,9.14,21936.0,5.0,0,0,21941.0,母版交易记录-20250101-20251231.txt,93,"2025-02-21	09:30:00	美芝股份(002856.XSHE)	买	市价单	2400股	9.14	21,936.00	0.00	5.00",parsed
2025-02-21,09:30:00,600768.XSHG,宁波富邦,buy,2200,9.66,21252.0,5.0,0,0,21257.0,母版交易记录-20250101-20251231.txt,94,"2025-02-21	09:30:00	宁波富邦(600768.XSHG)	买	市价单	2200股	9.66	21,252.00	0.00	5.00",parsed
2025-02-21,09:30:00,600753.XSHG,庚星股份,buy,3700,5.68,21016.0,5.0,0,0,21021.0,母版交易记录-20250101-20251231.txt,95,"2025-02-21	09:30:00	庚星股份(600753.XSHG)	买	市价单	3700股	5.68	21,016.00	0.00	5.00",parsed
2025-02-21,14:00:00,600193.XSHG,创兴资源,sell,-300,4.09,-1227.0,6.23,0,0,-1233.23,母版交易记录-20250101-20251231.txt,96,"2025-02-21	14:00:00	创兴资源(600193.XSHG)	卖	市价单	-300股	4.09	-1,227.00	427.04	6.23",parsed
2025-02-26,09:30:00,000691.XSHE,亚太实业,buy,500,3.12,1560.0,5.0,0,0,1565.0,母版交易记录-20250101-20251231.txt,98,"2025-02-26	09:30:00	亚太实业(000691.XSHE)	买	市价单	500股	3.12	1,560.00	0.00	5.00",parsed
2025-02-26,09:30:00,605081.XSHG,太和水,sell,-400,10.2,-4080.0,9.08,0,0,-4089.08,母版交易记录-20250101-20251231.txt,99,"2025-02-26	09:30:00	太和水(605081.XSHG)	卖	市价单	-400股	10.2	-4,080.00	294.25	9.08",parsed
2025-02-26,09:30:00,603813.XSHG,原尚股份,sell,-2000,13.02,-26040.0,31.04,0,0,-26071.04,母版交易记录-20250101-20251231.txt,100,"2025-02-26	09:30:00	原尚股份(603813.XSHG)	卖	市价单	-2000股	13.02	-26,040.00	5,451.94	31.04",parsed
2025-02-26,09:30:00,600421.XSHG,华嵘控股,sell,-2200,7.18,-15796.0,20.8,0,0,-15816.8,母版交易记录-20250101-20251231.txt,101,"2025-02-26	09:30:00	华嵘控股(600421.XSHG)	卖	市价单	-2200股	7.18	-15,796.00	2,060.45	20.80",parsed
2025-02-26,09:30:00,300929.XSHE,华骐环保,buy,200,9.1,1820.0,5.0,0,0,1825.0,母版交易记录-20250101-20251231.txt,102,"2025-02-26	09:30:00	华骐环保(300929.XSHE)	买	市价单	200股	9.1	1,820.00	0.00	5.00",parsed
2025-02-26,09:30:00,002620.XSHE,瑞和股份,sell,-6300,3.58,-22554.0,27.55,0,0,-22581.55,母版交易记录-20250101-20251231.txt,103,"2025-02-26	09:30:00	瑞和股份(002620.XSHE)	卖	市价单	-6300股	3.58	-22,554.00	1,705.65	27.55",parsed
2025-02-26,09:30:00,000929.XSHE,兰州黄河,buy,100,6.73,673.0,5.0,0,0,678.0,母版交易记录-20250101-20251231.txt,104,2025-02-26	09:30:00	兰州黄河(000929.XSHE)	买	市价单	100股	6.73	673.00	0.00	5.00,parsed
2025-02-26,09:30:00,600193.XSHG,创兴资源,sell,-5200,3.91,-20332.0,25.33,0,0,-20357.33,母版交易记录-20250101-20251231.txt,105,"2025-02-26	09:30:00	创兴资源(600193.XSHG)	卖	市价单	-5200股	3.91	-20,332.00	6,465.96	25.33",parsed
2025-02-26,09:30:00,300478.XSHE,杭州高新,buy,100,14.21,1421.0,5.0,0,0,1426.0,母版交易记录-20250101-20251231.txt,106,"2025-02-26	09:30:00	杭州高新(300478.XSHE)	买	市价单	100股	14.21	1,421.00	0.00	5.00",parsed
2025-02-26,09:30:00,002856.XSHE,美芝股份,buy,2600,8.89,23114.0,5.0,0,0,23119.0,母版交易记录-20250101-20251231.txt,107,"2025-02-26	09:30:00	美芝股份(002856.XSHE)	买	市价单	2600股	8.89	23,114.00	0.00	5.00",parsed
2025-02-26,09:30:00,600768.XSHG,宁波富邦,buy,2500,9.36,23400.0,5.0,0,0,23405.0,母版交易记录-20250101-20251231.txt,108,"2025-02-26	09:30:00	宁波富邦(600768.XSHG)	买	市价单	2500股	9.36	23,400.00	0.00	5.00",parsed
2025-02-26,09:30:00,600753.XSHG,庚星股份,buy,4000,5.55,22200.0,5.0,0,0,22205.0,母版交易记录-20250101-20251231.txt,109,"2025-02-26	09:30:00	庚星股份(600753.XSHG)	买	市价单	4000股	5.55	22,200.00	0.00	5.00",parsed
2025-02-26,09:30:00,300736.XSHE,百邦科技,buy,1600,10.32,16512.0,5.0,0,0,16517.0,母版交易记录-20250101-20251231.txt,110,"2025-02-26	09:30:00	百邦科技(300736.XSHE)	买	市价单	1600股	10.32	16,512.00	0.00	5.00",parsed
2025-02-28,14:00:00,603316.XSHG,诚邦股份,sell,-700,6.48,-4536.0,9.54,0,0,-4545.54,母版交易记录-20250101-20251231.txt,112,"2025-02-28	14:00:00	诚邦股份(603316.XSHG)	卖	市价单	-700股	6.48	-4,536.00	994.00	9.54",parsed
2025-03-03,09:30:00,605081.XSHG,太和水,buy,200,9.9,1980.0,5.0,0,0,1985.0,母版交易记录-20250101-20251231.txt,114,"2025-03-03	09:30:00	太和水(605081.XSHG)	买	市价单	200股	9.9	1,980.00	0.00	5.00",parsed
2025-03-03,09:30:00,600421.XSHG,华嵘控股,sell,-3000,7.03,-21090.0,26.09,0,0,-21116.09,母版交易记录-20250101-20251231.txt,115,"2025-03-03	09:30:00	华嵘控股(600421.XSHG)	卖	市价单	-3000股	7.03	-21,090.00	2,359.70	26.09",parsed
2025-03-03,09:30:00,300929.XSHE,华骐环保,buy,200,8.85,1770.0,5.0,0,0,1775.0,母版交易记录-20250101-20251231.txt,116,"2025-03-03	09:30:00	华骐环保(300929.XSHE)	买	市价单	200股	8.85	1,770.00	0.00	5.00",parsed
2025-03-03,09:30:00,002620.XSHE,瑞和股份,sell,-6100,3.59,-21899.0,26.9,0,0,-21925.9,母版交易记录-20250101-20251231.txt,117,"2025-03-03	09:30:00	瑞和股份(002620.XSHE)	卖	市价单	-6100股	3.59	-21,899.00	1,712.50	26.90",parsed
2025-03-03,09:30:00,000929.XSHE,兰州黄河,sell,-100,6.76,-676.0,5.68,0,0,-681.68,母版交易记录-20250101-20251231.txt,118,2025-03-03	09:30:00	兰州黄河(000929.XSHE)	卖	市价单	-100股	6.76	-676.00	22.83	5.68,parsed
2025-03-03,09:30:00,300478.XSHE,杭州高新,sell,-1500,13.33,-19995.0,25.0,0,0,-20020.0,母版交易记录-20250101-20251231.txt,119,"2025-03-03	09:30:00	杭州高新(300478.XSHE)	卖	市价单	-1500股	13.33	-19,995.00	5,050.00	25.00",parsed
2025-03-03,09:30:00,002856.XSHE,美芝股份,buy,2500,8.79,21975.0,5.0,0,0,21980.0,母版交易记录-20250101-20251231.txt,120,"2025-03-03	09:30:00	美芝股份(002856.XSHE)	买	市价单	2500股	8.79	21,975.00	0.00	5.00",parsed
2025-03-03,09:30:00,600768.XSHG,宁波富邦,buy,2200,9.38,20636.0,5.0,0,0,20641.0,母版交易记录-20250101-20251231.txt,121,"2025-03-03	09:30:00	宁波富邦(600768.XSHG)	买	市价单	2200股	9.38	20,636.00	0.00	5.00",parsed
2025-03-03,09:30:00,600753.XSHG,庚星股份,buy,4200,5.29,22218.0,5.0,0,0,22223.0,母版交易记录-20250101-20251231.txt,122,"2025-03-03	09:30:00	庚星股份(600753.XSHG)	买	市价单	4200股	5.29	22,218.00	0.00	5.00",parsed
2025-03-03,14:00:00,603813.XSHG,原尚股份,sell,-1900,14.08,-26752.0,31.75,0,0,-26783.75,母版交易记录-20250101-20251231.txt,123,"2025-03-03	14:00:00	原尚股份(603813.XSHG)	卖	市价单	-1900股	14.08	-26,752.00	7,193.35	31.75",parsed
2025-03-06,09:30:00,000668.XSHE,荣丰控股,buy,500,5.65,2825.0,5.0,0,0,2830.0,母版交易记录-20250101-20251231.txt,125,"2025-03-06	09:30:00	荣丰控股(000668.XSHE)	买	市价单	500股	5.65	2,825.00	0.00	5.00",parsed
2025-03-06,09:30:00,000691.XSHE,亚太实业,sell,-500,3.13,-1565.0,6.56,0,0,-1571.56,母版交易记录-20250101-20251231.txt,126,"2025-03-06	09:30:00	亚太实业(000691.XSHE)	卖	市价单	-500股	3.13	-1,565.00	9.13	6.56",parsed
2025-03-06,09:30:00,002848.XSHE,高斯贝尔,buy,300,6.74,2022.0,5.0,0,0,2027.0,母版交易记录-20250101-20251231.txt,127,"2025-03-06	09:30:00	高斯贝尔(002848.XSHE)	买	市价单	300股	6.74	2,022.00	0.00	5.00",parsed
2025-03-06,09:30:00,605081.XSHG,太和水,buy,300,9.5,2850.0,5.0,0,0,2855.0,母版交易记录-20250101-20251231.txt,128,"2025-03-06	09:30:00	太和水(605081.XSHG)	买	市价单	300股	9.5	2,850.00	0.00	5.00",parsed
2025-03-06,09:30:00,603813.XSHG,原尚股份,sell,-1600,14.21,-22736.0,27.74,0,0,-22763.74,母版交易记录-20250101-20251231.txt,129,"2025-03-06	09:30:00	原尚股份(603813.XSHG)	卖	市价单	-1600股	14.21	-22,736.00	6,265.56	27.74",parsed
2025-03-06,09:30:00,600421.XSHG,华嵘控股,sell,-3100,6.78,-21018.0,26.02,0,0,-21044.02,母版交易记录-20250101-20251231.txt,130,"2025-03-06	09:30:00	华嵘控股(600421.XSHG)	卖	市价单	-3100股	6.78	-21,018.00	1,663.36	26.02",parsed
2025-03-06,09:30:00,300929.XSHE,华骐环保,sell,-200,9.05,-1810.0,6.81,0,0,-1816.81,母版交易记录-20250101-20251231.txt,131,"2025-03-06	09:30:00	华骐环保(300929.XSHE)	卖	市价单	-200股	9.05	-1,810.00	-1.92	6.81",parsed
2025-03-06,09:30:00,002620.XSHE,瑞和股份,sell,-6200,3.72,-23064.0,28.06,0,0,-23092.06,母版交易记录-20250101-20251231.txt,132,"2025-03-06	09:30:00	瑞和股份(002620.XSHE)	卖	市价单	-6200股	3.72	-23,064.00	2,546.57	28.06",parsed
2025-03-06,09:30:00,000929.XSHE,兰州黄河,buy,500,6.47,3235.0,5.0,0,0,3240.0,母版交易记录-20250101-20251231.txt,133,"2025-03-06	09:30:00	兰州黄河(000929.XSHE)	买	市价单	500股	6.47	3,235.00	0.00	5.00",parsed
2025-03-06,09:30:00,002856.XSHE,美芝股份,sell,-300,9.04,-2712.0,7.71,0,0,-2719.71,母版交易记录-20250101-20251231.txt,134,"2025-03-06	09:30:00	美芝股份(002856.XSHE)	卖	市价单	-300股	9.04	-2,712.00	0.72	7.71",parsed
2025-03-06,09:30:00,600768.XSHG,宁波富邦,buy,1800,9.68,17424.0,5.0,0,0,17429.0,母版交易记录-20250101-20251231.txt,135,"2025-03-06	09:30:00	宁波富邦(600768.XSHG)	买	市价单	1800股	9.68	17,424.00	0.00	5.00",parsed
2025-03-06,09:30:00,603316.XSHG,诚邦股份,buy,100,5.99,599.0,5.0,0,0,604.0,母版交易记录-20250101-20251231.txt,136,2025-03-06	09:30:00	诚邦股份(603316.XSHG)	买	市价单	100股	5.99	599.00	0.00	5.00,parsed
2025-03-06,09:30:00,600753.XSHG,庚星股份,buy,4100,5.3,21730.0,5.0,0,0,21735.0,母版交易记录-20250101-20251231.txt,137,"2025-03-06	09:30:00	庚星股份(600753.XSHG)	买	市价单	4100股	5.3	21,730.00	0.00	5.00",parsed
2025-03-06,09:30:00,300736.XSHE,百邦科技,buy,4800,9.84,47232.0,5.0,0,0,47237.0,母版交易记录-20250101-20251231.txt,138,"2025-03-06	09:30:00	百邦科技(300736.XSHE)	买	市价单	4800股	9.84	47,232.00	0.00	5.00",parsed
2025-03-11,09:30:00,000691.XSHE,亚太实业,buy,300,3.19,957.0,5.0,0,0,962.0,母版交易记录-20250101-20251231.txt,140,2025-03-11	09:30:00	亚太实业(000691.XSHE)	买	市价单	300股	3.19	957.00	0.00	5.00,parsed
2025-03-11,09:30:00,002848.XSHE,高斯贝尔,buy,100,6.66,666.0,5.0,0,0,671.0,母版交易记录-20250101-20251231.txt,141,2025-03-11	09:30:00	高斯贝尔(002848.XSHE)	买	市价单	100股	6.66	666.00	0.00	5.00,parsed
2025-03-11,09:30:00,002620.XSHE,瑞和股份,sell,-5800,3.66,-21228.0,26.23,0,0,-21254.23,母版交易记录-20250101-20251231.txt,142,"2025-03-11	09:30:00	瑞和股份(002620.XSHE)	卖	市价单	-5800股	3.66	-21,228.00	2,034.28	26.23",parsed
2025-03-11,09:30:00,002856.XSHE,美芝股份,buy,200,9.08,1816.0,5.0,0,0,1821.0,母版交易记录-20250101-20251231.txt,143,"2025-03-11	09:30:00	美芝股份(002856.XSHE)	买	市价单	200股	9.08	1,816.00	0.00	5.00",parsed
2025-03-11,09:30:00,600768.XSHG,宁波富邦,buy,400,9.66,3864.0,5.0,0,0,3869.0,母版交易记录-20250101-20251231.txt,144,"2025-03-11	09:30:00	宁波富邦(600768.XSHG)	买	市价单	400股	9.66	3,864.00	0.00	5.00",parsed
2025-03-11,09:30:00,603316.XSHG,诚邦股份,sell,-3500,6.19,-21665.0,26.66,0,0,-21691.66,母版交易记录-20250101-20251231.txt,145,"2025-03-11	09:30:00	诚邦股份(603316.XSHG)	卖	市价单	-3500股	6.19	-21,665.00	3,862.00	26.66",parsed
2025-03-11,09:30:00,600753.XSHG,庚星股份,buy,3600,5.56,20016.0,5.0,0,0,20021.0,母版交易记录-20250101-20251231.txt,146,"2025-03-11	09:30:00	庚星股份(600753.XSHG)	买	市价单	3600股	5.56	20,016.00	0.00	5.00",parsed
2025-03-11,09:30:00,300736.XSHE,百邦科技,buy,1800,9.61,17298.0,5.0,0,0,17303.0,母版交易记录-20250101-20251231.txt,147,"2025-03-11	09:30:00	百邦科技(300736.XSHE)	买	市价单	1800股	9.61	17,298.00	0.00	5.00",parsed
2025-03-11,14:00:00,605081.XSHG,太和水,sell,-300,10.23,-3069.0,8.07,0,0,-3077.07,母版交易记录-20250101-20251231.txt,148,"2025-03-11	14:00:00	太和水(605081.XSHG)	卖	市价单	-300股	10.23	-3,069.00	227.05	8.07",parsed
2025-03-11,14:00:00,000929.XSHE,兰州黄河,sell,-4500,7.41,-33345.0,38.34,0,0,-33383.34,母版交易记录-20250101-20251231.txt,149,"2025-03-11	14:00:00	兰州黄河(000929.XSHE)	卖	市价单	-4500股	7.41	-33,345.00	3,960.60	38.34",parsed
2025-03-14,09:30:00,000668.XSHE,荣丰控股,buy,100,5.82,582.0,5.0,0,0,587.0,母版交易记录-20250101-20251231.txt,151,2025-03-14	09:30:00	荣丰控股(000668.XSHE)	买	市价单	100股	5.82	582.00	0.00	5.00,parsed
2025-03-14,09:30:00,000691.XSHE,亚太实业,buy,2600,2.97,7722.0,5.0,0,0,7727.0,母版交易记录-20250101-20251231.txt,152,"2025-03-14	09:30:00	亚太实业(000691.XSHE)	买	市价单	2600股	2.97	7,722.00	0.00	5.00",parsed
2025-03-14,09:30:00,002848.XSHE,高斯贝尔,sell,-100,7,-700.0,5.7,0,0,-705.7,母版交易记录-20250101-20251231.txt,153,2025-03-14	09:30:00	高斯贝尔(002848.XSHE)	卖	市价单	-100股	7	-700.00	40.89	5.70,parsed
2025-03-14,09:30:00,605081.XSHG,太和水,sell,-300,10.49,-3147.0,8.15,0,0,-3155.15,母版交易记录-20250101-20251231.txt,154,"2025-03-14	09:30:00	太和水(605081.XSHG)	卖	市价单	-300股	10.49	-3,147.00	305.05	8.15",parsed
2025-03-14,09:30:00,603813.XSHG,原尚股份,sell,-1500,14.9,-22350.0,27.35,0,0,-22377.35,母版交易记录-20250101-20251231.txt,155,"2025-03-14	09:30:00	原尚股份(603813.XSHG)	卖	市价单	-1500股	14.9	-22,350.00	6,908.96	27.35",parsed
2025-03-14,09:30:00,000929.XSHE,兰州黄河,sell,-2800,7.27,-20356.0,25.36,0,0,-20381.36,母版交易记录-20250101-20251231.txt,156,"2025-03-14	09:30:00	兰州黄河(000929.XSHE)	卖	市价单	-2800股	7.27	-20,356.00	2,072.37	25.36",parsed
2025-03-14,09:30:00,002856.XSHE,美芝股份,sell,-200,9.36,-1872.0,6.87,0,0,-1878.87,母版交易记录-20250101-20251231.txt,157,"2025-03-14	09:30:00	美芝股份(002856.XSHE)	卖	市价单	-200股	9.36	-1,872.00	64.34	6.87",parsed
2025-03-14,09:30:00,600768.XSHG,宁波富邦,sell,-2100,9.56,-20076.0,25.08,0,0,-20101.08,母版交易记录-20250101-20251231.txt,158,"2025-03-14	09:30:00	宁波富邦(600768.XSHG)	卖	市价单	-2100股	9.56	-20,076.00	94.41	25.08",parsed
2025-03-14,09:30:00,300736.XSHE,百邦科技,buy,3300,9.55,31515.0,5.0,0,0,31520.0,母版交易记录-20250101-20251231.txt,159,"2025-03-14	09:30:00	百邦科技(300736.XSHE)	买	市价单	3300股	9.55	31,515.00	0.00	5.00",parsed
2025-03-14,09:30:00,600243.XSHG,青海华鼎,buy,15200,2.89,43928.0,5.0,0,0,43933.0,母版交易记录-20250101-20251231.txt,160,"2025-03-14	09:30:00	青海华鼎(600243.XSHG)	买	市价单	15200股	2.89	43,928.00	0.00	5.00",parsed
2025-03-14,09:30:00,600421.XSHG,华嵘控股,buy,3200,6.52,20864.0,5.0,0,0,20869.0,母版交易记录-20250101-20251231.txt,161,"2025-03-14	09:30:00	华嵘控股(600421.XSHG)	买	市价单	3200股	6.52	20,864.00	0.00	5.00",parsed
2025-03-19,09:30:00,605081.XSHG,太和水,sell,-100,10.85,-1085.0,6.08,0,0,-1091.08,母版交易记录-20250101-20251231.txt,163,"2025-03-19	09:30:00	太和水(605081.XSHG)	卖	市价单	-100股	10.85	-1,085.00	137.68	6.08",parsed
2025-03-19,09:30:00,000929.XSHE,兰州黄河,sell,-2900,7.31,-21199.0,26.2,0,0,-21225.2,母版交易记录-20250101-20251231.txt,164,"2025-03-19	09:30:00	兰州黄河(000929.XSHE)	卖	市价单	-2900股	7.31	-21,199.00	2,262.38	26.20",parsed
2025-03-19,09:30:00,600768.XSHG,宁波富邦,sell,-100,9.95,-995.0,6.0,0,0,-1001.0,母版交易记录-20250101-20251231.txt,165,2025-03-19	09:30:00	宁波富邦(600768.XSHG)	卖	市价单	-100股	9.95	-995.00	43.50	6.00,parsed
2025-03-19,09:30:00,600753.XSHG,庚星股份,sell,-4000,5.8,-23200.0,28.2,0,0,-23228.2,母版交易记录-20250101-20251231.txt,166,"2025-03-19	09:30:00	庚星股份(600753.XSHG)	卖	市价单	-4000股	5.8	-23,200.00	1,326.53	28.20",parsed
2025-03-19,09:30:00,300736.XSHE,百邦科技,sell,-200,10,-2000.0,7.0,0,0,-2007.0,母版交易记录-20250101-20251231.txt,167,"2025-03-19	09:30:00	百邦科技(300736.XSHE)	卖	市价单	-200股	10	-2,000.00	42.49	7.00",parsed
2025-03-19,09:30:00,600243.XSHG,青海华鼎,buy,7400,2.98,22052.0,5.0,0,0,22057.0,母版交易记录-20250101-20251231.txt,168,"2025-03-19	09:30:00	青海华鼎(600243.XSHG)	买	市价单	7400股	2.98	22,052.00	0.00	5.00",parsed
2025-03-19,09:30:00,600421.XSHG,华嵘控股,buy,3600,6.6,23760.0,5.0,0,0,23765.0,母版交易记录-20250101-20251231.txt,169,"2025-03-19	09:30:00	华嵘控股(600421.XSHG)	买	市价单	3600股	6.6	23,760.00	0.00	5.00",parsed
2025-03-19,09:30:00,000691.XSHE,亚太实业,buy,900,2.98,2682.0,5.0,0,0,2687.0,母版交易记录-20250101-20251231.txt,170,"2025-03-19	09:30:00	亚太实业(000691.XSHE)	买	市价单	900股	2.98	2,682.00	0.00	5.00",parsed
2025-03-24,09:30:00,000691.XSHE,亚太实业,sell,-200,2.94,-588.0,5.59,0,0,-593.59,母版交易记录-20250101-20251231.txt,172,2025-03-24	09:30:00	亚太实业(000691.XSHE)	卖	市价单	-200股	2.94	-588.00	-31.89	5.59,parsed
2025-03-24,09:30:00,002848.XSHE,高斯贝尔,buy,100,6.73,673.0,5.0,0,0,678.0,母版交易记录-20250101-20251231.txt,173,2025-03-24	09:30:00	高斯贝尔(002848.XSHE)	买	市价单	100股	6.73	673.00	0.00	5.00,parsed
2025-03-24,09:30:00,000929.XSHE,兰州黄河,sell,-3100,7.2,-22320.0,27.32,0,0,-22347.32,母版交易记录-20250101-20251231.txt,174,"2025-03-24	09:30:00	兰州黄河(000929.XSHE)	卖	市价单	-3100股	7.2	-22,320.00	2,077.41	27.32",parsed
2025-03-24,09:30:00,002856.XSHE,美芝股份,buy,100,9.24,924.0,5.0,0,0,929.0,母版交易记录-20250101-20251231.txt,175,2025-03-24	09:30:00	美芝股份(002856.XSHE)	买	市价单	100股	9.24	924.00	0.00	5.00,parsed
2025-03-24,09:30:00,300736.XSHE,百邦科技,buy,400,9.37,3748.0,5.0,0,0,3753.0,母版交易记录-20250101-20251231.txt,176,"2025-03-24	09:30:00	百邦科技(300736.XSHE)	买	市价单	400股	9.37	3,748.00	0.00	5.00",parsed
2025-03-24,09:30:00,600421.XSHG,华嵘控股,buy,2800,6.29,17612.0,5.0,0,0,17617.0,母版交易记录-20250101-20251231.txt,177,"2025-03-24	09:30:00	华嵘控股(600421.XSHG)	买	市价单	2800股	6.29	17,612.00	0.00	5.00",parsed
2025-03-24,14:00:00,600243.XSHG,青海华鼎,sell,0,,0.0,0.0,0,0,0.0,母版交易记录-20250101-20251231.txt,178,2025-03-24	14:00:00	青海华鼎(600243.XSHG)	卖	市价单	-0股	--	0.00	0.00	0.00,missing_price
2025-03-25,14:00:00,605081.XSHG,太和水,sell,-900,11.23,-10107.0,15.11,0,0,-10122.11,母版交易记录-20250101-20251231.txt,180,"2025-03-25	14:00:00	太和水(605081.XSHG)	卖	市价单	-900股	11.23	-10,107.00	1,581.14	15.11",parsed
2025-03-25,14:00:00,600421.XSHG,华嵘控股,sell,-900,7.37,-6633.0,11.63,0,0,-6644.63,母版交易记录-20250101-20251231.txt,181,"2025-03-25	14:00:00	华嵘控股(600421.XSHG)	卖	市价单	-900股	7.37	-6,633.00	798.37	11.63",parsed
2025-03-27,09:30:00,000668.XSHE,荣丰控股,buy,1000,5.43,5430.0,5.0,0,0,5435.0,母版交易记录-20250101-20251231.txt,183,"2025-03-27	09:30:00	荣丰控股(000668.XSHE)	买	市价单	1000股	5.43	5,430.00	0.00	5.00",parsed
2025-03-27,09:30:00,000691.XSHE,亚太实业,sell,-2600,3.09,-8034.0,13.03,0,0,-8047.03,母版交易记录-20250101-20251231.txt,184,"2025-03-27	09:30:00	亚太实业(000691.XSHE)	卖	市价单	-2600股	3.09	-8,034.00	-24.63	13.03",parsed
2025-03-27,09:30:00,002848.XSHE,高斯贝尔,buy,1800,6.13,11034.0,5.0,0,0,11039.0,母版交易记录-20250101-20251231.txt,185,"2025-03-27	09:30:00	高斯贝尔(002848.XSHE)	买	市价单	1800股	6.13	11,034.00	0.00	5.00",parsed
2025-03-27,09:30:00,605081.XSHG,太和水,buy,300,10.96,3288.0,5.0,0,0,3293.0,母版交易记录-20250101-20251231.txt,186,"2025-03-27	09:30:00	太和水(605081.XSHG)	买	市价单	300股	10.96	3,288.00	0.00	5.00",parsed
2025-03-27,09:30:00,300929.XSHE,华骐环保,buy,400,8.8,3520.0,5.0,0,0,3525.0,母版交易记录-20250101-20251231.txt,187,"2025-03-27	09:30:00	华骐环保(300929.XSHE)	买	市价单	400股	8.8	3,520.00	0.00	5.00",parsed
2025-03-27,09:30:00,000929.XSHE,兰州黄河,sell,-3100,7.02,-21762.0,26.76,0,0,-21788.76,母版交易记录-20250101-20251231.txt,188,"2025-03-27	09:30:00	兰州黄河(000929.XSHE)	卖	市价单	-3100股	7.02	-21,762.00	1,519.41	26.76",parsed
2025-03-27,09:30:00,300736.XSHE,百邦科技,buy,100,9.1,910.0,5.0,0,0,915.0,母版交易记录-20250101-20251231.txt,189,2025-03-27	09:30:00	百邦科技(300736.XSHE)	买	市价单	100股	9.1	910.00	0.00	5.00,parsed
2025-03-27,09:30:00,600243.XSHG,青海华鼎,sell,-200,2.9,-580.0,5.58,0,0,-585.58,母版交易记录-20250101-20251231.txt,190,2025-03-27	09:30:00	青海华鼎(600243.XSHG)	卖	市价单	-200股	2.9	-580.00	-3.89	5.58,parsed
2025-03-27,09:30:00,600421.XSHG,华嵘控股,buy,600,6.91,4146.0,5.0,0,0,4151.0,母版交易记录-20250101-20251231.txt,191,"2025-03-27	09:30:00	华嵘控股(600421.XSHG)	买	市价单	600股	6.91	4,146.00	0.00	5.00",parsed
2025-03-27,09:30:00,300665.XSHE,飞鹿股份,buy,2700,6.79,18333.0,5.0,0,0,18338.0,母版交易记录-20250101-20251231.txt,192,"2025-03-27	09:30:00	飞鹿股份(300665.XSHE)	买	市价单	2700股	6.79	18,333.00	0.00	5.00",parsed
2025-03-27,14:00:00,600753.XSHG,庚星股份,sell,-4500,5.82,-26190.0,31.19,0,0,-26221.19,母版交易记录-20250101-20251231.txt,193,"2025-03-27	14:00:00	庚星股份(600753.XSHG)	卖	市价单	-4500股	5.82	-26,190.00	1,582.35	31.19",parsed
2025-03-28,14:00:00,600421.XSHG,华嵘控股,sell,-900,7.41,-6669.0,11.67,0,0,-6680.67,母版交易记录-20250101-20251231.txt,195,"2025-03-28	14:00:00	华嵘控股(600421.XSHG)	卖	市价单	-900股	7.41	-6,669.00	809.58	11.67",parsed
2025-04-01,09:30:00,000668.XSHE,荣丰控股,sell,-19800,5.01,-99198.0,109.12,0,0,-99307.12,母版交易记录-20250101-20251231.txt,197,"2025-04-01	09:30:00	荣丰控股(000668.XSHE)	卖	市价单	-19800股	5.01	-99,198.00	-20,005.00	109.12",parsed
2025-04-01,09:30:00,000691.XSHE,亚太实业,sell,-35000,2.86,-100100.0,110.11,0,0,-100210.11,母版交易记录-20250101-20251231.txt,198,"2025-04-01	09:30:00	亚太实业(000691.XSHE)	卖	市价单	-35000股	2.86	-100,100.00	-8,381.60	110.11",parsed
2025-04-01,09:30:00,002848.XSHE,高斯贝尔,sell,-17600,5.69,-100144.0,110.16,0,0,-100254.16,母版交易记录-20250101-20251231.txt,199,"2025-04-01	09:30:00	高斯贝尔(002848.XSHE)	卖	市价单	-17600股	5.69	-100,144.00	-15,043.40	110.16",parsed
2025-04-01,09:30:00,300929.XSHE,华骐环保,sell,-12200,8.41,-102602.0,112.86,0,0,-102714.86,母版交易记录-20250101-20251231.txt,200,"2025-04-01	09:30:00	华骐环保(300929.XSHE)	卖	市价单	-12200股	8.41	-102,602.00	-7,821.08	112.86",parsed
2025-04-01,09:30:00,002856.XSHE,美芝股份,sell,-11900,8.52,-101388.0,111.53,0,0,-101499.53,母版交易记录-20250101-20251231.txt,201,"2025-04-01	09:30:00	美芝股份(002856.XSHE)	卖	市价单	-11900股	8.52	-101,388.00	-6,188.06	111.53",parsed
2025-04-01,09:30:00,600768.XSHG,宁波富邦,sell,-9100,9.08,-82628.0,90.89,0,0,-82718.89,母版交易记录-20250101-20251231.txt,202,"2025-04-01	09:30:00	宁波富邦(600768.XSHG)	卖	市价单	-9100股	9.08	-82,628.00	-3,958.90	90.89",parsed
2025-04-01,09:30:00,600753.XSHG,庚星股份,sell,-11100,5.2,-57720.0,63.49,0,0,-57783.49,母版交易记录-20250101-20251231.txt,203,"2025-04-01	09:30:00	庚星股份(600753.XSHG)	卖	市价单	-11100股	5.2	-57,720.00	-2,978.88	63.49",parsed
2025-04-01,09:30:00,300736.XSHE,百邦科技,sell,-11800,8.59,-101362.0,111.5,0,0,-101473.5,母版交易记录-20250101-20251231.txt,204,"2025-04-01	09:30:00	百邦科技(300736.XSHE)	卖	市价单	-11800股	8.59	-101,362.00	-13,895.49	111.50",parsed
2025-04-01,09:30:00,600243.XSHG,青海华鼎,sell,-22400,2.61,-58464.0,64.31,0,0,-58528.31,母版交易记录-20250101-20251231.txt,205,"2025-04-01	09:30:00	青海华鼎(600243.XSHG)	卖	市价单	-22400股	2.61	-58,464.00	-6,932.11	64.31",parsed
2025-04-01,09:30:00,600421.XSHG,华嵘控股,sell,-8400,6.7,-56280.0,61.91,0,0,-56341.91,母版交易记录-20250101-20251231.txt,206,"2025-04-01	09:30:00	华嵘控股(600421.XSHG)	卖	市价单	-8400股	6.7	-56,280.00	1,592.05	61.91",parsed
2025-04-01,09:30:00,300665.XSHE,飞鹿股份,sell,-2700,6.49,-17523.0,22.52,0,0,-17545.52,母版交易记录-20250101-20251231.txt,207,"2025-04-01	09:30:00	飞鹿股份(300665.XSHE)	卖	市价单	-2700股	6.49	-17,523.00	-810.00	22.52",parsed
2025-04-01,09:30:00,511880.XSHG,银华日利,buy,9000,100.383,903447.0,0.0,0,0,903447.0,母版交易记录-20250101-20251231.txt,208,"2025-04-01	09:30:00	银华日利(511880.XSHG)	买	市价单	9000股	100.383	903,447.00	0.00	0.00",parsed
2025-05-06,09:30:00,511880.XSHG,银华日利,sell,-9000,100.486,-904374.0,0.0,0,0,-904374.0,母版交易记录-20250101-20251231.txt,210,"2025-05-06	09:30:00	银华日利(511880.XSHG)	卖	市价单	-9000股	100.486	-904,374.00	927.00	0.00",parsed
2025-05-06,09:30:00,605081.XSHG,*ST太和,sell,-9800,11.3,-110740.0,121.81,0,0,-110861.81,母版交易记录-20250101-20251231.txt,211,"2025-05-06	09:30:00	*ST太和(605081.XSHG)	卖	市价单	-9800股	11.3	-110,740.00	17,456.83	121.81",parsed
2025-05-06,09:30:00,300736.XSHE,百邦科技,buy,2100,9.44,19824.0,5.0,0,0,19829.0,母版交易记录-20250101-20251231.txt,212,"2025-05-06	09:30:00	百邦科技(300736.XSHE)	买	市价单	2100股	9.44	19,824.00	0.00	5.00",parsed
2025-05-06,09:30:00,300929.XSHE,华骐环保,buy,2200,9.28,20416.0,5.0,0,0,20421.0,母版交易记录-20250101-20251231.txt,213,"2025-05-06	09:30:00	华骐环保(300929.XSHE)	买	市价单	2200股	9.28	20,416.00	0.00	5.00",parsed
2025-05-06,09:30:00,301372.XSHE,科净源,buy,1000,19.22,19220.0,5.0,0,0,19225.0,母版交易记录-20250101-20251231.txt,214,"2025-05-06	09:30:00	科净源(301372.XSHE)	买	市价单	1000股	19.22	19,220.00	0.00	5.00",parsed
2025-05-06,09:30:00,002193.XSHE,如意集团,buy,3900,5.16,20124.0,5.0,0,0,20129.0,母版交易记录-20250101-20251231.txt,215,"2025-05-06	09:30:00	如意集团(002193.XSHE)	买	市价单	3900股	5.16	20,124.00	0.00	5.00",parsed
2025-05-06,09:30:00,300948.XSHE,冠中生态,buy,2100,9.6,20160.0,5.0,0,0,20165.0,母版交易记录-20250101-20251231.txt,216,"2025-05-06	09:30:00	冠中生态(300948.XSHE)	买	市价单	2100股	9.6	20,160.00	0.00	5.00",parsed
2025-05-06,09:30:00,600768.XSHG,宁波富邦,buy,1900,10.24,19456.0,5.0,0,0,19461.0,母版交易记录-20250101-20251231.txt,217,"2025-05-06	09:30:00	宁波富邦(600768.XSHG)	买	市价单	1900股	10.24	19,456.00	0.00	5.00",parsed
2025-05-06,09:30:00,300635.XSHE,中达安,buy,2000,9.73,19460.0,5.0,0,0,19465.0,母版交易记录-20250101-20251231.txt,218,"2025-05-06	09:30:00	中达安(300635.XSHE)	买	市价单	2000股	9.73	19,460.00	0.00	5.00",parsed
2025-05-06,09:30:00,002719.XSHE,麦趣尔,buy,2500,8,20000.0,5.0,0,0,20005.0,母版交易记录-20250101-20251231.txt,219,"2025-05-06	09:30:00	麦趣尔(002719.XSHE)	买	市价单	2500股	8	20,000.00	0.00	5.00",parsed
2025-05-06,09:30:00,300665.XSHE,飞鹿股份,buy,2800,7.27,20356.0,5.0,0,0,20361.0,母版交易记录-20250101-20251231.txt,220,"2025-05-06	09:30:00	飞鹿股份(300665.XSHE)	买	市价单	2800股	7.27	20,356.00	0.00	5.00",parsed
2025-05-06,09:30:00,300405.XSHE,科隆股份,buy,4100,4.89,20049.0,5.0,0,0,20054.0,母版交易记录-20250101-20251231.txt,221,"2025-05-06	09:30:00	科隆股份(300405.XSHE)	买	市价单	4100股	4.89	20,049.00	0.00	5.00",parsed
2025-05-09,09:30:00,300736.XSHE,百邦科技,buy,2100,9.75,20475.0,5.0,0,0,20480.0,母版交易记录-20250101-20251231.txt,223,"2025-05-09	09:30:00	百邦科技(300736.XSHE)	买	市价单	2100股	9.75	20,475.00	0.00	5.00",parsed
2025-05-09,09:30:00,300929.XSHE,华骐环保,buy,2000,9.65,19300.0,5.0,0,0,19305.0,母版交易记录-20250101-20251231.txt,224,"2025-05-09	09:30:00	华骐环保(300929.XSHE)	买	市价单	2000股	9.65	19,300.00	0.00	5.00",parsed
2025-05-09,09:30:00,301372.XSHE,科净源,buy,1000,20.55,20550.0,5.0,0,0,20555.0,母版交易记录-20250101-20251231.txt,225,"2025-05-09	09:30:00	科净源(301372.XSHE)	买	市价单	1000股	20.55	20,550.00	0.00	5.00",parsed
2025-05-09,09:30:00,002193.XSHE,如意集团,buy,3400,5.6,19040.0,5.0,0,0,19045.0,母版交易记录-20250101-20251231.txt,226,"2025-05-09	09:30:00	如意集团(002193.XSHE)	买	市价单	3400股	5.6	19,040.00	0.00	5.00",parsed
2025-05-09,09:30:00,300948.XSHE,冠中生态,buy,2000,10.06,20120.0,5.0,0,0,20125.0,母版交易记录-20250101-20251231.txt,227,"2025-05-09	09:30:00	冠中生态(300948.XSHE)	买	市价单	2000股	10.06	20,120.00	0.00	5.00",parsed
2025-05-09,09:30:00,600768.XSHG,宁波富邦,buy,1900,10.67,20273.0,5.0,0,0,20278.0,母版交易记录-20250101-20251231.txt,228,"2025-05-09	09:30:00	宁波富邦(600768.XSHG)	买	市价单	1900股	10.67	20,273.00	0.00	5.00",parsed
2025-05-09,09:30:00,300635.XSHE,中达安,buy,2000,10.16,20320.0,5.0,0,0,20325.0,母版交易记录-20250101-20251231.txt,229,"2025-05-09	09:30:00	中达安(300635.XSHE)	买	市价单	2000股	10.16	20,320.00	0.00	5.00",parsed
2025-05-09,09:30:00,002719.XSHE,麦趣尔,sell,-100,8.62,-862.0,5.86,0,0,-867.86,母版交易记录-20250101-20251231.txt,230,2025-05-09	09:30:00	麦趣尔(002719.XSHE)	卖	市价单	-100股	8.62	-862.00	62.00	5.86,parsed
2025-05-09,09:30:00,300665.XSHE,飞鹿股份,buy,2600,7.56,19656.0,5.0,0,0,19661.0,母版交易记录-20250101-20251231.txt,231,"2025-05-09	09:30:00	飞鹿股份(300665.XSHE)	买	市价单	2600股	7.56	19,656.00	0.00	5.00",parsed
2025-05-09,09:30:00,300405.XSHE,科隆股份,buy,3800,5.16,19608.0,5.0,0,0,19613.0,母版交易记录-20250101-20251231.txt,232,"2025-05-09	09:30:00	科隆股份(300405.XSHE)	买	市价单	3800股	5.16	19,608.00	0.00	5.00",parsed
2025-05-09,09:30:00,603616.XSHG,韩建河山,buy,5400,3.77,20358.0,5.0,0,0,20363.0,母版交易记录-20250101-20251231.txt,233,"2025-05-09	09:30:00	韩建河山(603616.XSHG)	买	市价单	5400股	3.77	20,358.00	0.00	5.00",parsed
2025-05-14,09:30:00,300736.XSHE,百邦科技,buy,2200,9.59,21098.0,5.0,0,0,21103.0,母版交易记录-20250101-20251231.txt,235,"2025-05-14	09:30:00	百邦科技(300736.XSHE)	买	市价单	2200股	9.59	21,098.00	0.00	5.00",parsed
2025-05-14,09:30:00,300929.XSHE,华骐环保,buy,2200,9.56,21032.0,5.0,0,0,21037.0,母版交易记录-20250101-20251231.txt,236,"2025-05-14	09:30:00	华骐环保(300929.XSHE)	买	市价单	2200股	9.56	21,032.00	0.00	5.00",parsed
2025-05-14,09:30:00,301372.XSHE,科净源,buy,1000,20.4,20400.0,5.0,0,0,20405.0,母版交易记录-20250101-20251231.txt,237,"2025-05-14	09:30:00	科净源(301372.XSHE)	买	市价单	1000股	20.4	20,400.00	0.00	5.00",parsed
2025-05-14,09:30:00,002193.XSHE,如意集团,buy,3800,5.55,21090.0,5.0,0,0,21095.0,母版交易记录-20250101-20251231.txt,238,"2025-05-14	09:30:00	如意集团(002193.XSHE)	买	市价单	3800股	5.55	21,090.00	0.00	5.00",parsed
2025-05-14,09:30:00,300948.XSHE,冠中生态,buy,2100,9.9,20790.0,5.0,0,0,20795.0,母版交易记录-20250101-20251231.txt,239,"2025-05-14	09:30:00	冠中生态(300948.XSHE)	买	市价单	2100股	9.9	20,790.00	0.00	5.00",parsed
2025-05-14,09:30:00,600768.XSHG,宁波富邦,buy,2000,10.57,21140.0,5.0,0,0,21145.0,母版交易记录-20250101-20251231.txt,240,"2025-05-14	09:30:00	宁波富邦(600768.XSHG)	买	市价单	2000股	10.57	21,140.00	0.00	5.00",parsed
2025-05-14,09:30:00,300635.XSHE,中达安,buy,2100,10.01,21021.0,5.0,0,0,21026.0,母版交易记录-20250101-20251231.txt,241,"2025-05-14	09:30:00	中达安(300635.XSHE)	买	市价单	2100股	10.01	21,021.00	0.00	5.00",parsed
2025-05-14,09:30:00,300665.XSHE,飞鹿股份,buy,2900,7.39,21431.0,5.0,0,0,21436.0,母版交易记录-20250101-20251231.txt,242,"2025-05-14	09:30:00	飞鹿股份(300665.XSHE)	买	市价单	2900股	7.39	21,431.00	0.00	5.00",parsed
2025-05-14,09:30:00,300405.XSHE,科隆股份,buy,3800,5.26,19988.0,5.0,0,0,19993.0,母版交易记录-20250101-20251231.txt,243,"2025-05-14	09:30:00	科隆股份(300405.XSHE)	买	市价单	3800股	5.26	19,988.00	0.00	5.00",parsed
2025-05-14,09:30:00,603729.XSHG,龙韵股份,buy,1300,15.53,20189.0,5.0,0,0,20194.0,母版交易记录-20250101-20251231.txt,244,"2025-05-14	09:30:00	龙韵股份(603729.XSHG)	买	市价单	1300股	15.53	20,189.00	0.00	5.00",parsed
2025-05-19,09:30:00,300736.XSHE,百邦科技,buy,2100,9.64,20244.0,5.0,0,0,20249.0,母版交易记录-20250101-20251231.txt,246,"2025-05-19	09:30:00	百邦科技(300736.XSHE)	买	市价单	2100股	9.64	20,244.00	0.00	5.00",parsed
2025-05-19,09:30:00,300929.XSHE,华骐环保,buy,2000,9.75,19500.0,5.0,0,0,19505.0,母版交易记录-20250101-20251231.txt,247,"2025-05-19	09:30:00	华骐环保(300929.XSHE)	买	市价单	2000股	9.75	19,500.00	0.00	5.00",parsed
2025-05-19,09:30:00,301372.XSHE,科净源,buy,900,20.79,18711.0,5.0,0,0,18716.0,母版交易记录-20250101-20251231.txt,248,"2025-05-19	09:30:00	科净源(301372.XSHE)	买	市价单	900股	20.79	18,711.00	0.00	5.00",parsed
2025-05-19,09:30:00,002193.XSHE,如意集团,buy,3500,5.66,19810.0,5.0,0,0,19815.0,母版交易记录-20250101-20251231.txt,249,"2025-05-19	09:30:00	如意集团(002193.XSHE)	买	市价单	3500股	5.66	19,810.00	0.00	5.00",parsed
2025-05-19,09:30:00,300948.XSHE,冠中生态,buy,2100,9.87,20727.0,5.0,0,0,20732.0,母版交易记录-20250101-20251231.txt,250,"2025-05-19	09:30:00	冠中生态(300948.XSHE)	买	市价单	2100股	9.87	20,727.00	0.00	5.00",parsed
2025-05-19,09:30:00,600768.XSHG,宁波富邦,buy,1800,10.75,19350.0,5.0,0,0,19355.0,母版交易记录-20250101-20251231.txt,251,"2025-05-19	09:30:00	宁波富邦(600768.XSHG)	买	市价单	1800股	10.75	19,350.00	0.00	5.00",parsed
2025-05-19,09:30:00,300635.XSHE,中达安,buy,2000,10.11,20220.0,5.0,0,0,20225.0,母版交易记录-20250101-20251231.txt,252,"2025-05-19	09:30:00	中达安(300635.XSHE)	买	市价单	2000股	10.11	20,220.00	0.00	5.00",parsed
2025-05-19,09:30:00,300665.XSHE,飞鹿股份,buy,2700,7.49,20223.0,5.0,0,0,20228.0,母版交易记录-20250101-20251231.txt,253,"2025-05-19	09:30:00	飞鹿股份(300665.XSHE)	买	市价单	2700股	7.49	20,223.00	0.00	5.00",parsed
2025-05-19,09:30:00,300405.XSHE,科隆股份,buy,4100,5.22,21402.0,5.0,0,0,21407.0,母版交易记录-20250101-20251231.txt,254,"2025-05-19	09:30:00	科隆股份(300405.XSHE)	买	市价单	4100股	5.22	21,402.00	0.00	5.00",parsed
2025-05-19,09:30:00,603729.XSHG,龙韵股份,buy,1300,15.61,20293.0,5.0,0,0,20298.0,母版交易记录-20250101-20251231.txt,255,"2025-05-19	09:30:00	龙韵股份(603729.XSHG)	买	市价单	1300股	15.61	20,293.00	0.00	5.00",parsed
2025-05-22,09:30:00,300736.XSHE,百邦科技,buy,2100,9.77,20517.0,5.0,0,0,20522.0,母版交易记录-20250101-20251231.txt,257,"2025-05-22	09:30:00	百邦科技(300736.XSHE)	买	市价单	2100股	9.77	20,517.00	0.00	5.00",parsed
2025-05-22,09:30:00,300929.XSHE,华骐环保,buy,2300,9.73,22379.0,5.0,0,0,22384.0,母版交易记录-20250101-20251231.txt,258,"2025-05-22	09:30:00	华骐环保(300929.XSHE)	买	市价单	2300股	9.73	22,379.00	0.00	5.00",parsed
2025-05-22,09:30:00,301372.XSHE,科净源,buy,1000,20.96,20960.0,5.0,0,0,20965.0,母版交易记录-20250101-20251231.txt,259,"2025-05-22	09:30:00	科净源(301372.XSHE)	买	市价单	1000股	20.96	20,960.00	0.00	5.00",parsed
2025-05-22,09:30:00,002193.XSHE,如意集团,buy,3500,5.76,20160.0,5.0,0,0,20165.0,母版交易记录-20250101-20251231.txt,260,"2025-05-22	09:30:00	如意集团(002193.XSHE)	买	市价单	3500股	5.76	20,160.00	0.00	5.00",parsed
2025-05-22,09:30:00,300948.XSHE,冠中生态,buy,2000,10.13,20260.0,5.0,0,0,20265.0,母版交易记录-20250101-20251231.txt,261,"2025-05-22	09:30:00	冠中生态(300948.XSHE)	买	市价单	2000股	10.13	20,260.00	0.00	5.00",parsed
2025-05-22,09:30:00,600768.XSHG,宁波富邦,buy,2200,10.64,23408.0,5.0,0,0,23413.0,母版交易记录-20250101-20251231.txt,262,"2025-05-22	09:30:00	宁波富邦(600768.XSHG)	买	市价单	2200股	10.64	23,408.00	0.00	5.00",parsed
2025-05-22,09:30:00,300635.XSHE,中达安,buy,1800,10.46,18828.0,5.0,0,0,18833.0,母版交易记录-20250101-20251231.txt,263,"2025-05-22	09:30:00	中达安(300635.XSHE)	买	市价单	1800股	10.46	18,828.00	0.00	5.00",parsed
2025-05-22,09:30:00,300665.XSHE,飞鹿股份,buy,2700,7.58,20466.0,5.0,0,0,20471.0,母版交易记录-20250101-20251231.txt,264,"2025-05-22	09:30:00	飞鹿股份(300665.XSHE)	买	市价单	2700股	7.58	20,466.00	0.00	5.00",parsed
2025-05-22,09:30:00,300405.XSHE,科隆股份,buy,4200,5.22,21924.0,5.0,0,0,21929.0,母版交易记录-20250101-20251231.txt,265,"2025-05-22	09:30:00	科隆股份(300405.XSHE)	买	市价单	4200股	5.22	21,924.00	0.00	5.00",parsed
2025-05-22,09:30:00,603729.XSHG,龙韵股份,buy,1300,16,20800.0,5.0,0,0,20805.0,母版交易记录-20250101-20251231.txt,266,"2025-05-22	09:30:00	龙韵股份(603729.XSHG)	买	市价单	1300股	16	20,800.00	0.00	5.00",parsed
2025-05-27,09:30:00,002193.XSHE,如意集团,buy,200,5.64,1128.0,5.0,0,0,1133.0,母版交易记录-20250101-20251231.txt,268,"2025-05-27	09:30:00	如意集团(002193.XSHE)	买	市价单	200股	5.64	1,128.00	0.00	5.00",parsed
2025-05-27,09:30:00,002719.XSHE,麦趣尔,sell,-2400,8.75,-21000.0,26.0,0,0,-21026.0,母版交易记录-20250101-20251231.txt,269,"2025-05-27	09:30:00	麦趣尔(002719.XSHE)	卖	市价单	-2400股	8.75	-21,000.00	1,800.00	26.00",parsed
2025-05-27,09:30:00,300665.XSHE,飞鹿股份,buy,200,7.42,1484.0,5.0,0,0,1489.0,母版交易记录-20250101-20251231.txt,270,"2025-05-27	09:30:00	飞鹿股份(300665.XSHE)	买	市价单	200股	7.42	1,484.00	0.00	5.00",parsed
2025-05-27,09:30:00,603616.XSHG,韩建河山,sell,-100,3.94,-394.0,5.39,0,0,-399.39,母版交易记录-20250101-20251231.txt,271,2025-05-27	09:30:00	韩建河山(603616.XSHG)	卖	市价单	-100股	3.94	-394.00	17.00	5.39,parsed
2025-05-27,09:30:00,603729.XSHG,龙韵股份,buy,1300,15.88,20644.0,5.0,0,0,20649.0,母版交易记录-20250101-20251231.txt,272,"2025-05-27	09:30:00	龙韵股份(603729.XSHG)	买	市价单	1300股	15.88	20,644.00	0.00	5.00",parsed
2025-05-30,09:30:00,002193.XSHE,如意集团,buy,200,5.72,1144.0,5.0,0,0,1149.0,母版交易记录-20250101-20251231.txt,274,"2025-05-30	09:30:00	如意集团(002193.XSHE)	买	市价单	200股	5.72	1,144.00	0.00	5.00",parsed
2025-05-30,09:30:00,600768.XSHG,宁波富邦,buy,100,10.69,1069.0,5.0,0,0,1074.0,母版交易记录-20250101-20251231.txt,275,"2025-05-30	09:30:00	宁波富邦(600768.XSHG)	买	市价单	100股	10.69	1,069.00	0.00	5.00",parsed
2025-05-30,09:30:00,300405.XSHE,科隆股份,buy,100,5.26,526.0,5.0,0,0,531.0,母版交易记录-20250101-20251231.txt,276,2025-05-30	09:30:00	科隆股份(300405.XSHE)	买	市价单	100股	5.26	526.00	0.00	5.00,parsed
2025-05-30,09:30:00,603616.XSHG,韩建河山,sell,-5300,4.09,-21677.0,26.68,0,0,-21703.68,母版交易记录-20250101-20251231.txt,277,"2025-05-30	09:30:00	韩建河山(603616.XSHG)	卖	市价单	-5300股	4.09	-21,677.00	1,696.00	26.68",parsed
2025-05-30,09:30:00,603729.XSHG,龙韵股份,buy,1300,16.21,21073.0,5.0,0,0,21078.0,母版交易记录-20250101-20251231.txt,278,"2025-05-30	09:30:00	龙韵股份(603729.XSHG)	买	市价单	1300股	16.21	21,073.00	0.00	5.00",parsed
2025-06-05,09:30:00,301372.XSHE,科净源,sell,-100,22.44,-2244.0,7.24,0,0,-2251.24,母版交易记录-20250101-20251231.txt,280,"2025-06-05	09:30:00	科净源(301372.XSHE)	卖	市价单	-100股	22.44	-2,244.00	206.43	7.24",parsed
2025-06-05,09:30:00,002193.XSHE,如意集团,sell,-200,5.84,-1168.0,6.17,0,0,-1174.17,母版交易记录-20250101-20251231.txt,281,"2025-06-05	09:30:00	如意集团(002193.XSHE)	卖	市价单	-200股	5.84	-1,168.00	59.94	6.17",parsed
2025-06-05,09:30:00,300948.XSHE,冠中生态,buy,100,10.26,1026.0,5.0,0,0,1031.0,母版交易记录-20250101-20251231.txt,282,"2025-06-05	09:30:00	冠中生态(300948.XSHE)	买	市价单	100股	10.26	1,026.00	0.00	5.00",parsed
2025-06-05,09:30:00,300635.XSHE,中达安,buy,100,10.64,1064.0,5.0,0,0,1069.0,母版交易记录-20250101-20251231.txt,283,"2025-06-05	09:30:00	中达安(300635.XSHE)	买	市价单	100股	10.64	1,064.00	0.00	5.00",parsed
2025-06-05,09:30:00,300665.XSHE,飞鹿股份,buy,200,7.54,1508.0,5.0,0,0,1513.0,母版交易记录-20250101-20251231.txt,284,"2025-06-05	09:30:00	飞鹿股份(300665.XSHE)	买	市价单	200股	7.54	1,508.00	0.00	5.00",parsed
2025-06-10,09:30:00,300736.XSHE,百邦科技,sell,-100,10.51,-1051.0,6.05,0,0,-1057.05,母版交易记录-20250101-20251231.txt,286,"2025-06-10	09:30:00	百邦科技(300736.XSHE)	卖	市价单	-100股	10.51	-1,051.00	87.25	6.05",parsed
2025-06-10,09:30:00,300929.XSHE,华骐环保,sell,-100,10.34,-1034.0,6.03,0,0,-1040.03,母版交易记录-20250101-20251231.txt,287,"2025-06-10	09:30:00	华骐环保(300929.XSHE)	卖	市价单	-100股	10.34	-1,034.00	74.87	6.03",parsed
2025-06-10,09:30:00,002193.XSHE,如意集团,buy,200,5.89,1178.0,5.0,0,0,1183.0,母版交易记录-20250101-20251231.txt,288,"2025-06-10	09:30:00	如意集团(002193.XSHE)	买	市价单	200股	5.89	1,178.00	0.00	5.00",parsed
2025-06-10,09:30:00,300405.XSHE,科隆股份,buy,100,5.41,541.0,5.0,0,0,546.0,母版交易记录-20250101-20251231.txt,289,2025-06-10	09:30:00	科隆股份(300405.XSHE)	买	市价单	100股	5.41	541.00	0.00	5.00,parsed
2025-06-13,09:30:00,002193.XSHE,如意集团,buy,100,5.85,585.0,5.0,0,0,590.0,母版交易记录-20250101-20251231.txt,291,2025-06-13	09:30:00	如意集团(002193.XSHE)	买	市价单	100股	5.85	585.00	0.00	5.00,parsed
2025-06-13,09:30:00,300635.XSHE,中达安,sell,-100,11.09,-1109.0,6.11,0,0,-1115.11,母版交易记录-20250101-20251231.txt,292,"2025-06-13	09:30:00	中达安(300635.XSHE)	卖	市价单	-100股	11.09	-1,109.00	99.87	6.11",parsed
2025-06-13,09:30:00,603729.XSHG,龙韵股份,sell,-1300,16.96,-22048.0,27.05,0,0,-22075.05,母版交易记录-20250101-20251231.txt,293,"2025-06-13	09:30:00	龙韵股份(603729.XSHG)	卖	市价单	-1300股	16.96	-22,048.00	1,448.20	27.05",parsed
2025-06-13,09:30:00,300736.XSHE,百邦科技,buy,100,10.29,1029.0,5.0,0,0,1034.0,母版交易记录-20250101-20251231.txt,294,"2025-06-13	09:30:00	百邦科技(300736.XSHE)	买	市价单	100股	10.29	1,029.00	0.00	5.00",parsed
2025-06-13,09:30:00,600847.XSHG,万里股份,buy,2100,10.15,21315.0,5.0,0,0,21320.0,母版交易记录-20250101-20251231.txt,295,"2025-06-13	09:30:00	万里股份(600847.XSHG)	买	市价单	2100股	10.15	21,315.00	0.00	5.00",parsed
2025-06-18,09:30:00,002193.XSHE,如意集团,buy,100,5.67,567.0,5.0,0,0,572.0,母版交易记录-20250101-20251231.txt,297,2025-06-18	09:30:00	如意集团(002193.XSHE)	买	市价单	100股	5.67	567.00	0.00	5.00,parsed
2025-06-18,09:30:00,300635.XSHE,中达安,sell,-2300,11.35,-26105.0,31.1,0,0,-26136.1,母版交易记录-20250101-20251231.txt,298,"2025-06-18	09:30:00	中达安(300635.XSHE)	卖	市价单	-2300股	11.35	-26,105.00	2,895.01	31.10",parsed
2025-06-18,09:30:00,300405.XSHE,科隆股份,buy,500,5.18,2590.0,5.0,0,0,2595.0,母版交易记录-20250101-20251231.txt,299,"2025-06-18	09:30:00	科隆股份(300405.XSHE)	买	市价单	500股	5.18	2,590.00	0.00	5.00",parsed
2025-06-18,09:30:00,603729.XSHG,龙韵股份,sell,-1200,16.49,-19788.0,24.79,0,0,-19812.79,母版交易记录-20250101-20251231.txt,300,"2025-06-18	09:30:00	龙韵股份(603729.XSHG)	卖	市价单	-1200股	16.49	-19,788.00	772.80	24.79",parsed
2025-06-18,09:30:00,600847.XSHG,万里股份,buy,2100,10.03,21063.0,5.0,0,0,21068.0,母版交易记录-20250101-20251231.txt,301,"2025-06-18	09:30:00	万里股份(600847.XSHG)	买	市价单	2100股	10.03	21,063.00	0.00	5.00",parsed
2025-06-18,09:30:00,002193.XSHE,如意集团,buy,200,5.67,1134.0,5.0,0,0,1139.0,母版交易记录-20250101-20251231.txt,302,"2025-06-18	09:30:00	如意集团(002193.XSHE)	买	市价单	200股	5.67	1,134.00	0.00	5.00",parsed
2025-06-18,09:30:00,002719.XSHE,麦趣尔,buy,2400,8.77,21048.0,5.0,0,0,21053.0,母版交易记录-20250101-20251231.txt,303,"2025-06-18	09:30:00	麦趣尔(002719.XSHE)	买	市价单	2400股	8.77	21,048.00	0.00	5.00",parsed
2025-06-23,09:30:00,300405.XSHE,科隆股份,sell,-400,5.07,-2028.0,7.03,0,0,-2035.03,母版交易记录-20250101-20251231.txt,305,"2025-06-23	09:30:00	科隆股份(300405.XSHE)	卖	市价单	-400股	5.07	-2,028.00	-32.44	7.03",parsed
2025-06-23,09:30:00,002719.XSHE,麦趣尔,buy,200,8.41,1682.0,5.0,0,0,1687.0,母版交易记录-20250101-20251231.txt,306,"2025-06-23	09:30:00	麦趣尔(002719.XSHE)	买	市价单	200股	8.41	1,682.00	0.00	5.00",parsed
2025-06-23,09:30:00,002193.XSHE,如意集团,buy,100,5.33,533.0,5.0,0,0,538.0,母版交易记录-20250101-20251231.txt,307,2025-06-23	09:30:00	如意集团(002193.XSHE)	买	市价单	100股	5.33	533.00	0.00	5.00,parsed
2025-06-26,09:30:00,002193.XSHE,如意集团,sell,-400,5.99,-2396.0,7.4,0,0,-2403.4,母版交易记录-20250101-20251231.txt,309,"2025-06-26	09:30:00	如意集团(002193.XSHE)	卖	市价单	-400股	5.99	-2,396.00	177.37	7.40",parsed
2025-06-26,09:30:00,300405.XSHE,科隆股份,sell,-500,5.62,-2810.0,7.81,0,0,-2817.81,母版交易记录-20250101-20251231.txt,310,"2025-06-26	09:30:00	科隆股份(300405.XSHE)	卖	市价单	-500股	5.62	-2,810.00	234.44	7.81",parsed
2025-06-26,09:30:00,002719.XSHE,麦趣尔,buy,600,8.8,5280.0,5.0,0,0,5285.0,母版交易记录-20250101-20251231.txt,311,"2025-06-26	09:30:00	麦趣尔(002719.XSHE)	买	市价单	600股	8.8	5,280.00	0.00	5.00",parsed
2025-06-26,14:00:00,300635.XSHE,中达安,sell,-4000,12.31,-49240.0,54.24,0,0,-49294.24,母版交易记录-20250101-20251231.txt,312,"2025-06-26	14:00:00	中达安(300635.XSHE)	卖	市价单	-4000股	12.31	-49,240.00	8,874.80	54.24",parsed
2025-07-01,09:30:00,300736.XSHE,百邦科技,buy,100,10.66,1066.0,5.0,0,0,1071.0,母版交易记录-20250101-20251231.txt,314,"2025-07-01	09:30:00	百邦科技(300736.XSHE)	买	市价单	100股	10.66	1,066.00	0.00	5.00",parsed
2025-07-01,09:30:00,300929.XSHE,华骐环保,buy,200,10.57,2114.0,5.0,0,0,2119.0,母版交易记录-20250101-20251231.txt,315,"2025-07-01	09:30:00	华骐环保(300929.XSHE)	买	市价单	200股	10.57	2,114.00	0.00	5.00",parsed
2025-07-01,09:30:00,301372.XSHE,科净源,buy,200,22.78,4556.0,5.0,0,0,4561.0,母版交易记录-20250101-20251231.txt,316,"2025-07-01	09:30:00	科净源(301372.XSHE)	买	市价单	200股	22.78	4,556.00	0.00	5.00",parsed
2025-07-01,09:30:00,002193.XSHE,如意集团,buy,300,6.06,1818.0,5.0,0,0,1823.0,母版交易记录-20250101-20251231.txt,317,"2025-07-01	09:30:00	如意集团(002193.XSHE)	买	市价单	300股	6.06	1,818.00	0.00	5.00",parsed
2025-07-01,09:30:00,300948.XSHE,冠中生态,buy,100,10.89,1089.0,5.0,0,0,1094.0,母版交易记录-20250101-20251231.txt,318,"2025-07-01	09:30:00	冠中生态(300948.XSHE)	买	市价单	100股	10.89	1,089.00	0.00	5.00",parsed
2025-07-01,09:30:00,600768.XSHG,宁波富邦,buy,100,11.48,1148.0,5.0,0,0,1153.0,母版交易记录-20250101-20251231.txt,319,"2025-07-01	09:30:00	宁波富邦(600768.XSHG)	买	市价单	100股	11.48	1,148.00	0.00	5.00",parsed
2025-07-01,09:30:00,300635.XSHE,中达安,sell,-1700,12.59,-21403.0,26.4,0,0,-21429.4,母版交易记录-20250101-20251231.txt,320,"2025-07-01	09:30:00	中达安(300635.XSHE)	卖	市价单	-1700股	12.59	-21,403.00	4,247.79	26.40",parsed
2025-07-01,09:30:00,300665.XSHE,飞鹿股份,sell,-900,8.72,-7848.0,12.85,0,0,-7860.85,母版交易记录-20250101-20251231.txt,321,"2025-07-01	09:30:00	飞鹿股份(300665.XSHE)	卖	市价单	-900股	8.72	-7,848.00	1,137.96	12.85",parsed
2025-07-01,09:30:00,300405.XSHE,科隆股份,buy,200,5.74,1148.0,5.0,0,0,1153.0,母版交易记录-20250101-20251231.txt,322,"2025-07-01	09:30:00	科隆股份(300405.XSHE)	买	市价单	200股	5.74	1,148.00	0.00	5.00",parsed
2025-07-01,09:30:00,002719.XSHE,麦趣尔,buy,6900,9.06,62514.0,6.25,0,0,62520.25,母版交易记录-20250101-20251231.txt,323,"2025-07-01	09:30:00	麦趣尔(002719.XSHE)	买	市价单	6900股	9.06	62,514.00	0.00	6.25",parsed
2025-07-02,14:00:00,300665.XSHE,飞鹿股份,sell,-1300,9.88,-12844.0,17.84,0,0,-12861.84,母版交易记录-20250101-20251231.txt,325,"2025-07-02	14:00:00	飞鹿股份(300665.XSHE)	卖	市价单	-1300股	9.88	-12,844.00	3,151.72	17.84",parsed
2025-07-04,09:30:00,300736.XSHE,百邦科技,buy,200,10.69,2138.0,5.0,0,0,2143.0,母版交易记录-20250101-20251231.txt,327,"2025-07-04	09:30:00	百邦科技(300736.XSHE)	买	市价单	200股	10.69	2,138.00	0.00	5.00",parsed
2025-07-04,09:30:00,300929.XSHE,华骐环保,buy,100,10.66,1066.0,5.0,0,0,1071.0,母版交易记录-20250101-20251231.txt,328,"2025-07-04	09:30:00	华骐环保(300929.XSHE)	买	市价单	100股	10.66	1,066.00	0.00	5.00",parsed
2025-07-04,09:30:00,002193.XSHE,如意集团,buy,300,6.09,1827.0,5.0,0,0,1832.0,母版交易记录-20250101-20251231.txt,329,"2025-07-04	09:30:00	如意集团(002193.XSHE)	买	市价单	300股	6.09	1,827.00	0.00	5.00",parsed
2025-07-04,09:30:00,300948.XSHE,冠中生态,buy,200,10.94,2188.0,5.0,0,0,2193.0,母版交易记录-20250101-20251231.txt,330,"2025-07-04	09:30:00	冠中生态(300948.XSHE)	买	市价单	200股	10.94	2,188.00	0.00	5.00",parsed
2025-07-04,09:30:00,600768.XSHG,宁波富邦,buy,100,11.53,1153.0,5.0,0,0,1158.0,母版交易记录-20250101-20251231.txt,331,"2025-07-04	09:30:00	宁波富邦(600768.XSHG)	买	市价单	100股	11.53	1,153.00	0.00	5.00",parsed
2025-07-04,09:30:00,300635.XSHE,中达安,sell,-1900,12.05,-22895.0,27.9,0,0,-22922.9,母版交易记录-20250101-20251231.txt,332,"2025-07-04	09:30:00	中达安(300635.XSHE)	卖	市价单	-1900股	12.05	-22,895.00	3,721.53	27.90",parsed
2025-07-04,09:30:00,300665.XSHE,飞鹿股份,sell,-1300,8.89,-11557.0,16.56,0,0,-11573.56,母版交易记录-20250101-20251231.txt,333,"2025-07-04	09:30:00	飞鹿股份(300665.XSHE)	卖	市价单	-1300股	8.89	-11,557.00	1,864.72	16.56",parsed
2025-07-04,09:30:00,300405.XSHE,科隆股份,sell,-400,6,-2400.0,7.4,0,0,-2407.4,母版交易记录-20250101-20251231.txt,334,"2025-07-04	09:30:00	科隆股份(300405.XSHE)	卖	市价单	-400股	6	-2,400.00	337.20	7.40",parsed
2025-07-04,09:30:00,603729.XSHG,龙韵股份,buy,1400,17.15,24010.0,5.0,0,0,24015.0,母版交易记录-20250101-20251231.txt,335,"2025-07-04	09:30:00	龙韵股份(603729.XSHG)	买	市价单	1400股	17.15	24,010.00	0.00	5.00",parsed
2025-07-04,09:30:00,002719.XSHE,麦趣尔,buy,2200,9.14,20108.0,5.0,0,0,20113.0,母版交易记录-20250101-20251231.txt,336,"2025-07-04	09:30:00	麦趣尔(002719.XSHE)	买	市价单	2200股	9.14	20,108.00	0.00	5.00",parsed
2025-07-04,14:00:00,600847.XSHG,万里股份,sell,-2300,12.5,-28750.0,33.75,0,0,-28783.75,母版交易记录-20250101-20251231.txt,337,"2025-07-04	14:00:00	万里股份(600847.XSHG)	卖	市价单	-2300股	12.5	-28,750.00	5,543.00	33.75",parsed
2025-07-09,09:30:00,300948.XSHE,冠中生态,sell,-100,11.13,-1113.0,6.11,0,0,-1119.11,母版交易记录-20250101-20251231.txt,339,"2025-07-09	09:30:00	冠中生态(300948.XSHE)	卖	市价单	-100股	11.13	-1,113.00	118.98	6.11",parsed
2025-07-09,09:30:00,300665.XSHE,飞鹿股份,sell,-2800,9.16,-25648.0,30.65,0,0,-25678.65,母版交易记录-20250101-20251231.txt,340,"2025-07-09	09:30:00	飞鹿股份(300665.XSHE)	卖	市价单	-2800股	9.16	-25,648.00	4,772.31	30.65",parsed
2025-07-09,09:30:00,300405.XSHE,科隆股份,buy,300,5.9,1770.0,5.0,0,0,1775.0,母版交易记录-20250101-20251231.txt,341,"2025-07-09	09:30:00	科隆股份(300405.XSHE)	买	市价单	300股	5.9	1,770.00	0.00	5.00",parsed
2025-07-09,09:30:00,603729.XSHG,龙韵股份,buy,1300,17.42,22646.0,5.0,0,0,22651.0,母版交易记录-20250101-20251231.txt,342,"2025-07-09	09:30:00	龙韵股份(603729.XSHG)	买	市价单	1300股	17.42	22,646.00	0.00	5.00",parsed
2025-07-09,09:30:00,600847.XSHG,万里股份,sell,-1900,11.29,-21451.0,26.45,0,0,-21477.45,母版交易记录-20250101-20251231.txt,343,"2025-07-09	09:30:00	万里股份(600847.XSHG)	卖	市价单	-1900股	11.29	-21,451.00	2,280.00	26.45",parsed
2025-07-09,09:30:00,002719.XSHE,麦趣尔,buy,500,9.17,4585.0,5.0,0,0,4590.0,母版交易记录-20250101-20251231.txt,344,"2025-07-09	09:30:00	麦趣尔(002719.XSHE)	买	市价单	500股	9.17	4,585.00	0.00	5.00",parsed
2025-07-09,09:30:00,001211.XSHE,双枪科技,buy,2000,23.23,46460.0,5.0,0,0,46465.0,母版交易记录-20250101-20251231.txt,345,"2025-07-09	09:30:00	双枪科技(001211.XSHE)	买	市价单	2000股	23.23	46,460.00	0.00	5.00",parsed
2025-07-14,09:30:00,300929.XSHE,华骐环保,buy,100,10.65,1065.0,5.0,0,0,1070.0,母版交易记录-20250101-20251231.txt,347,"2025-07-14	09:30:00	华骐环保(300929.XSHE)	买	市价单	100股	10.65	1,065.00	0.00	5.00",parsed
2025-07-14,09:30:00,002193.XSHE,如意集团,sell,-100,6.15,-615.0,5.62,0,0,-620.62,母版交易记录-20250101-20251231.txt,348,2025-07-14	09:30:00	如意集团(002193.XSHE)	卖	市价单	-100股	6.15	-615.00	58.69	5.62,parsed
2025-07-14,09:30:00,600768.XSHG,宁波富邦,sell,-300,11.99,-3597.0,8.6,0,0,-3605.6,母版交易记录-20250101-20251231.txt,349,"2025-07-14	09:30:00	宁波富邦(600768.XSHG)	卖	市价单	-300股	11.99	-3,597.00	418.87	8.60",parsed
2025-07-14,09:30:00,300665.XSHE,飞鹿股份,sell,-2600,9.13,-23738.0,28.74,0,0,-23766.74,母版交易记录-20250101-20251231.txt,350,"2025-07-14	09:30:00	飞鹿股份(300665.XSHE)	卖	市价单	-2600股	9.13	-23,738.00	4,353.43	28.74",parsed
2025-07-14,09:30:00,300405.XSHE,科隆股份,sell,-3800,5.86,-22268.0,27.27,0,0,-22295.27,母版交易记录-20250101-20251231.txt,351,"2025-07-14	09:30:00	科隆股份(300405.XSHE)	卖	市价单	-3800股	5.86	-22,268.00	2,628.84	27.27",parsed
2025-07-14,09:30:00,603729.XSHG,龙韵股份,buy,100,17.12,1712.0,5.0,0,0,1717.0,母版交易记录-20250101-20251231.txt,352,"2025-07-14	09:30:00	龙韵股份(603729.XSHG)	买	市价单	100股	17.12	1,712.00	0.00	5.00",parsed
2025-07-14,09:30:00,002719.XSHE,麦趣尔,buy,100,9.06,906.0,5.0,0,0,911.0,母版交易记录-20250101-20251231.txt,353,2025-07-14	09:30:00	麦趣尔(002719.XSHE)	买	市价单	100股	9.06	906.00	0.00	5.00,parsed
2025-07-14,09:30:00,300948.XSHE,冠中生态,buy,100,10.92,1092.0,5.0,0,0,1097.0,母版交易记录-20250101-20251231.txt,354,"2025-07-14	09:30:00	冠中生态(300948.XSHE)	买	市价单	100股	10.92	1,092.00	0.00	5.00",parsed
2025-07-14,09:30:00,000890.XSHE,法尔胜,buy,5900,3.92,23128.0,5.0,0,0,23133.0,母版交易记录-20250101-20251231.txt,355,"2025-07-14	09:30:00	法尔胜(000890.XSHE)	买	市价单	5900股	3.92	23,128.00	0.00	5.00",parsed
2025-07-14,09:30:00,600671.XSHG,天目药业,buy,1700,13.65,23205.0,5.0,0,0,23210.0,母版交易记录-20250101-20251231.txt,356,"2025-07-14	09:30:00	天目药业(600671.XSHG)	买	市价单	1700股	13.65	23,205.00	0.00	5.00",parsed
2025-07-17,09:30:00,002193.XSHE,如意集团,sell,-100,6.2,-620.0,5.62,0,0,-625.62,母版交易记录-20250101-20251231.txt,358,2025-07-17	09:30:00	如意集团(002193.XSHE)	卖	市价单	-100股	6.2	-620.00	63.69	5.62,parsed
2025-07-17,09:30:00,300665.XSHE,飞鹿股份,sell,-2500,8.82,-22050.0,27.05,0,0,-22077.05,母版交易记录-20250101-20251231.txt,359,"2025-07-17	09:30:00	飞鹿股份(300665.XSHE)	卖	市价单	-2500股	8.82	-22,050.00	3,410.99	27.05",parsed
2025-07-17,09:30:00,001211.XSHE,双枪科技,buy,1000,23,23000.0,5.0,0,0,23005.0,母版交易记录-20250101-20251231.txt,360,"2025-07-17	09:30:00	双枪科技(001211.XSHE)	买	市价单	1000股	23	23,000.00	0.00	5.00",parsed
2025-07-17,14:00:00,000890.XSHE,法尔胜,sell,-300,4.22,-1266.0,6.27,0,0,-1272.27,母版交易记录-20250101-20251231.txt,361,"2025-07-17	14:00:00	法尔胜(000890.XSHE)	卖	市价单	-300股	4.22	-1,266.00	90.00	6.27",parsed
2025-07-22,09:30:00,300736.XSHE,百邦科技,buy,100,10.95,1095.0,5.0,0,0,1100.0,母版交易记录-20250101-20251231.txt,363,"2025-07-22	09:30:00	百邦科技(300736.XSHE)	买	市价单	100股	10.95	1,095.00	0.00	5.00",parsed
2025-07-22,09:30:00,300948.XSHE,冠中生态,sell,-400,12.01,-4804.0,9.8,0,0,-4813.8,母版交易记录-20250101-20251231.txt,364,"2025-07-22	09:30:00	冠中生态(300948.XSHE)	卖	市价单	-400股	12.01	-4,804.00	824.26	9.80",parsed
2025-07-22,09:30:00,600768.XSHG,宁波富邦,buy,100,12.4,1240.0,5.0,0,0,1245.0,母版交易记录-20250101-20251231.txt,365,"2025-07-22	09:30:00	宁波富邦(600768.XSHG)	买	市价单	100股	12.4	1,240.00	0.00	5.00",parsed
2025-07-22,09:30:00,300665.XSHE,飞鹿股份,sell,-2700,10.4,-28080.0,33.08,0,0,-28113.08,母版交易记录-20250101-20251231.txt,366,"2025-07-22	09:30:00	飞鹿股份(300665.XSHE)	卖	市价单	-2700股	10.4	-28,080.00	7,949.87	33.08",parsed
2025-07-22,09:30:00,300405.XSHE,科隆股份,sell,-5500,6.96,-38280.0,43.28,0,0,-38323.28,母版交易记录-20250101-20251231.txt,367,"2025-07-22	09:30:00	科隆股份(300405.XSHE)	卖	市价单	-5500股	6.96	-38,280.00	9,854.89	43.28",parsed
2025-07-22,09:30:00,603729.XSHG,龙韵股份,buy,300,17.26,5178.0,5.0,0,0,5183.0,母版交易记录-20250101-20251231.txt,368,"2025-07-22	09:30:00	龙韵股份(603729.XSHG)	买	市价单	300股	17.26	5,178.00	0.00	5.00",parsed
2025-07-22,09:30:00,002719.XSHE,麦趣尔,buy,200,9.36,1872.0,5.0,0,0,1877.0,母版交易记录-20250101-20251231.txt,369,"2025-07-22	09:30:00	麦趣尔(002719.XSHE)	买	市价单	200股	9.36	1,872.00	0.00	5.00",parsed
2025-07-22,09:30:00,001211.XSHE,双枪科技,buy,1100,23.54,25894.0,5.0,0,0,25899.0,母版交易记录-20250101-20251231.txt,370,"2025-07-22	09:30:00	双枪科技(001211.XSHE)	买	市价单	1100股	23.54	25,894.00	0.00	5.00",parsed
2025-07-22,09:30:00,000890.XSHE,法尔胜,buy,300,4.1,1230.0,5.0,0,0,1235.0,母版交易记录-20250101-20251231.txt,371,"2025-07-22	09:30:00	法尔胜(000890.XSHE)	买	市价单	300股	4.1	1,230.00	0.00	5.00",parsed
2025-07-22,09:30:00,300736.XSHE,百邦科技,buy,200,10.95,2190.0,5.0,0,0,2195.0,母版交易记录-20250101-20251231.txt,372,"2025-07-22	09:30:00	百邦科技(300736.XSHE)	买	市价单	200股	10.95	2,190.00	0.00	5.00",parsed
2025-07-22,09:30:00,300929.XSHE,华骐环保,buy,100,11,1100.0,5.0,0,0,1105.0,母版交易记录-20250101-20251231.txt,373,"2025-07-22	09:30:00	华骐环保(300929.XSHE)	买	市价单	100股	11	1,100.00	0.00	5.00",parsed
2025-07-22,09:30:00,002193.XSHE,如意集团,buy,500,6.29,3145.0,5.0,0,0,3150.0,母版交易记录-20250101-20251231.txt,374,"2025-07-22	09:30:00	如意集团(002193.XSHE)	买	市价单	500股	6.29	3,145.00	0.00	5.00",parsed
2025-07-22,09:30:00,603709.XSHG,中源家居,buy,1800,13.53,24354.0,5.0,0,0,24359.0,母版交易记录-20250101-20251231.txt,375,"2025-07-22	09:30:00	中源家居(603709.XSHG)	买	市价单	1800股	13.53	24,354.00	0.00	5.00",parsed
2025-07-25,09:30:00,300736.XSHE,百邦科技,sell,-100,11.13,-1113.0,6.11,0,0,-1119.11,母版交易记录-20250101-20251231.txt,377,"2025-07-25	09:30:00	百邦科技(300736.XSHE)	卖	市价单	-100股	11.13	-1,113.00	142.35	6.11",parsed
2025-07-25,09:30:00,301372.XSHE,科净源,buy,100,23.8,2380.0,5.0,0,0,2385.0,母版交易记录-20250101-20251231.txt,378,"2025-07-25	09:30:00	科净源(301372.XSHE)	买	市价单	100股	23.8	2,380.00	0.00	5.00",parsed
2025-07-25,09:30:00,002193.XSHE,如意集团,sell,-200,6.39,-1278.0,6.28,0,0,-1284.28,母版交易记录-20250101-20251231.txt,379,"2025-07-25	09:30:00	如意集团(002193.XSHE)	卖	市价单	-200股	6.39	-1,278.00	161.65	6.28",parsed
2025-07-25,09:30:00,300948.XSHE,冠中生态,buy,300,11.54,3462.0,5.0,0,0,3467.0,母版交易记录-20250101-20251231.txt,380,"2025-07-25	09:30:00	冠中生态(300948.XSHE)	买	市价单	300股	11.54	3,462.00	0.00	5.00",parsed
2025-07-25,09:30:00,600768.XSHG,宁波富邦,sell,-100,12.64,-1264.0,6.26,0,0,-1270.26,母版交易记录-20250101-20251231.txt,381,"2025-07-25	09:30:00	宁波富邦(600768.XSHG)	卖	市价单	-100股	12.64	-1,264.00	202.80	6.26",parsed
2025-07-25,09:30:00,300405.XSHE,科隆股份,sell,-3200,6.71,-21472.0,26.47,0,0,-21498.47,母版交易记录-20250101-20251231.txt,382,"2025-07-25	09:30:00	科隆股份(300405.XSHE)	卖	市价单	-3200股	6.71	-21,472.00	4,933.76	26.47",parsed
2025-07-25,09:30:00,002719.XSHE,麦趣尔,sell,-100,9.47,-947.0,5.95,0,0,-952.95,母版交易记录-20250101-20251231.txt,383,2025-07-25	09:30:00	麦趣尔(002719.XSHE)	卖	市价单	-100股	9.47	-947.00	46.27	5.95,parsed
2025-07-25,09:30:00,000890.XSHE,法尔胜,buy,100,4.05,405.0,5.0,0,0,410.0,母版交易记录-20250101-20251231.txt,384,2025-07-25	09:30:00	法尔胜(000890.XSHE)	买	市价单	100股	4.05	405.00	0.00	5.00,parsed
2025-07-25,09:30:00,603709.XSHG,中源家居,buy,1800,13.54,24372.0,5.0,0,0,24377.0,母版交易记录-20250101-20251231.txt,385,"2025-07-25	09:30:00	中源家居(603709.XSHG)	买	市价单	1800股	13.54	24,372.00	0.00	5.00",parsed
2025-07-30,09:30:00,300405.XSHE,科隆股份,sell,-3500,6.49,-22715.0,27.72,0,0,-22742.72,母版交易记录-20250101-20251231.txt,387,"2025-07-30	09:30:00	科隆股份(300405.XSHE)	卖	市价单	-3500股	6.49	-22,715.00	4,626.30	27.72",parsed
2025-07-30,09:30:00,002719.XSHE,麦趣尔,buy,600,9.24,5544.0,5.0,0,0,5549.0,母版交易记录-20250101-20251231.txt,388,"2025-07-30	09:30:00	麦趣尔(002719.XSHE)	买	市价单	600股	9.24	5,544.00	0.00	5.00",parsed
2025-07-30,09:30:00,001211.XSHE,双枪科技,sell,-900,23.86,-21474.0,26.47,0,0,-21500.47,母版交易记录-20250101-20251231.txt,389,"2025-07-30	09:30:00	双枪科技(001211.XSHE)	卖	市价单	-900股	23.86	-21,474.00	542.63	26.47",parsed
2025-07-30,09:30:00,000890.XSHE,法尔胜,buy,6600,3.97,26202.0,5.0,0,0,26207.0,母版交易记录-20250101-20251231.txt,390,"2025-07-30	09:30:00	法尔胜(000890.XSHE)	买	市价单	6600股	3.97	26,202.00	0.00	5.00",parsed
2025-07-30,09:30:00,603709.XSHG,中源家居,buy,900,13.58,12222.0,5.0,0,0,12227.0,母版交易记录-20250101-20251231.txt,391,"2025-07-30	09:30:00	中源家居(603709.XSHG)	买	市价单	900股	13.58	12,222.00	0.00	5.00",parsed
2025-07-30,09:30:00,300163.XSHE,先锋新材,buy,100,3.36,336.0,5.0,0,0,341.0,母版交易记录-20250101-20251231.txt,392,2025-07-30	09:30:00	先锋新材(300163.XSHE)	买	市价单	100股	3.36	336.00	0.00	5.00,parsed
2025-07-30,14:00:00,301372.XSHE,科净源,sell,-1700,30.04,-51068.0,56.17,0,0,-51124.17,母版交易记录-20250101-20251231.txt,393,"2025-07-30	14:00:00	科净源(301372.XSHE)	卖	市价单	-1700股	30.04	-51,068.00	16,154.86	56.17",parsed
2025-08-04,09:30:00,301372.XSHE,科净源,sell,-600,27.15,-16290.0,21.29,0,0,-16311.29,母版交易记录-20250101-20251231.txt,395,"2025-08-04	09:30:00	科净源(301372.XSHE)	卖	市价单	-600股	27.15	-16,290.00	3,967.71	21.29",parsed
2025-08-04,09:30:00,002193.XSHE,如意集团,buy,600,6.29,3774.0,5.0,0,0,3779.0,母版交易记录-20250101-20251231.txt,396,"2025-08-04	09:30:00	如意集团(002193.XSHE)	买	市价单	600股	6.29	3,774.00	0.00	5.00",parsed
2025-08-04,09:30:00,300948.XSHE,冠中生态,buy,100,11.65,1165.0,5.0,0,0,1170.0,母版交易记录-20250101-20251231.txt,397,"2025-08-04	09:30:00	冠中生态(300948.XSHE)	买	市价单	100股	11.65	1,165.00	0.00	5.00",parsed
2025-08-04,09:30:00,600768.XSHG,宁波富邦,buy,300,12.43,3729.0,5.0,0,0,3734.0,母版交易记录-20250101-20251231.txt,398,"2025-08-04	09:30:00	宁波富邦(600768.XSHG)	买	市价单	300股	12.43	3,729.00	0.00	5.00",parsed
2025-08-04,09:30:00,002719.XSHE,麦趣尔,sell,-300,9.47,-2841.0,7.84,0,0,-2848.84,母版交易记录-20250101-20251231.txt,399,"2025-08-04	09:30:00	麦趣尔(002719.XSHE)	卖	市价单	-300股	9.47	-2,841.00	135.74	7.84",parsed
2025-08-04,09:30:00,000890.XSHE,法尔胜,buy,200,3.92,784.0,5.0,0,0,789.0,母版交易记录-20250101-20251231.txt,400,2025-08-04	09:30:00	法尔胜(000890.XSHE)	买	市价单	200股	3.92	784.00	0.00	5.00,parsed
2025-08-04,09:30:00,603709.XSHG,中源家居,buy,900,13.71,12339.0,5.0,0,0,12344.0,母版交易记录-20250101-20251231.txt,401,"2025-08-04	09:30:00	中源家居(603709.XSHG)	买	市价单	900股	13.71	12,339.00	0.00	5.00",parsed
2025-08-04,09:30:00,300163.XSHE,先锋新材,buy,14500,3.33,48285.0,5.0,0,0,48290.0,母版交易记录-20250101-20251231.txt,402,"2025-08-04	09:30:00	先锋新材(300163.XSHE)	买	市价单	14500股	3.33	48,285.00	0.00	5.00",parsed
2025-08-04,14:00:00,600671.XSHG,天目药业,sell,-1700,15.53,-26401.0,31.4,0,0,-26432.4,母版交易记录-20250101-20251231.txt,403,"2025-08-04	14:00:00	天目药业(600671.XSHG)	卖	市价单	-1700股	15.53	-26,401.00	3,196.00	31.40",parsed
2025-08-07,09:30:00,300736.XSHE,百邦科技,sell,-200,12,-2400.0,7.4,0,0,-2407.4,母版交易记录-20250101-20251231.txt,405,"2025-08-07	09:30:00	百邦科技(300736.XSHE)	卖	市价单	-200股	12	-2,400.00	458.71	7.40",parsed
2025-08-07,09:30:00,300929.XSHE,华骐环保,sell,-100,11.8,-1180.0,6.18,0,0,-1186.18,母版交易记录-20250101-20251231.txt,406,"2025-08-07	09:30:00	华骐环保(300929.XSHE)	卖	市价单	-100股	11.8	-1,180.00	215.92	6.18",parsed
2025-08-07,09:30:00,301372.XSHE,科净源,sell,-800,26.9,-21520.0,26.52,0,0,-21546.52,母版交易记录-20250101-20251231.txt,407,"2025-08-07	09:30:00	科净源(301372.XSHE)	卖	市价单	-800股	26.9	-21,520.00	5,090.29	26.52",parsed
2025-08-07,09:30:00,300948.XSHE,冠中生态,buy,100,11.9,1190.0,5.0,0,0,1195.0,母版交易记录-20250101-20251231.txt,408,"2025-08-07	09:30:00	冠中生态(300948.XSHE)	买	市价单	100股	11.9	1,190.00	0.00	5.00",parsed
2025-08-07,09:30:00,600768.XSHG,宁波富邦,sell,-100,13.07,-1307.0,6.31,0,0,-1313.31,母版交易记录-20250101-20251231.txt,409,"2025-08-07	09:30:00	宁波富邦(600768.XSHG)	卖	市价单	-100股	13.07	-1,307.00	240.40	6.31",parsed
2025-08-07,09:30:00,300405.XSHE,科隆股份,sell,-3900,6.38,-24882.0,29.88,0,0,-24911.88,母版交易记录-20250101-20251231.txt,410,"2025-08-07	09:30:00	科隆股份(300405.XSHE)	卖	市价单	-3900股	6.38	-24,882.00	4,726.02	29.88",parsed
2025-08-07,09:30:00,603729.XSHG,龙韵股份,buy,100,17.88,1788.0,5.0,0,0,1793.0,母版交易记录-20250101-20251231.txt,411,"2025-08-07	09:30:00	龙韵股份(603729.XSHG)	买	市价单	100股	17.88	1,788.00	0.00	5.00",parsed
2025-08-07,09:30:00,002719.XSHE,麦趣尔,buy,100,9.66,966.0,5.0,0,0,971.0,母版交易记录-20250101-20251231.txt,412,2025-08-07	09:30:00	麦趣尔(002719.XSHE)	买	市价单	100股	9.66	966.00	0.00	5.00,parsed
2025-08-07,09:30:00,300163.XSHE,先锋新材,buy,8400,3.38,28392.0,5.0,0,0,28397.0,母版交易记录-20250101-20251231.txt,413,"2025-08-07	09:30:00	先锋新材(300163.XSHE)	买	市价单	8400股	3.38	28,392.00	0.00	5.00",parsed
2025-08-07,09:30:00,300854.XSHE,中兰环保,buy,2500,17.95,44875.0,5.0,0,0,44880.0,母版交易记录-20250101-20251231.txt,414,"2025-08-07	09:30:00	中兰环保(300854.XSHE)	买	市价单	2500股	17.95	44,875.00	0.00	5.00",parsed
2025-08-07,14:00:00,000890.XSHE,法尔胜,sell,-1000,4.37,-4370.0,9.37,0,0,-4379.37,母版交易记录-20250101-20251231.txt,415,"2025-08-07	14:00:00	法尔胜(000890.XSHE)	卖	市价单	-1000股	4.37	-4,370.00	418.98	9.37",parsed
2025-08-12,09:30:00,301372.XSHE,科净源,sell,-1000,27.85,-27850.0,32.85,0,0,-27882.85,母版交易记录-20250101-20251231.txt,417,"2025-08-12	09:30:00	科净源(301372.XSHE)	卖	市价单	-1000股	27.85	-27,850.00	7,312.86	32.85",parsed
2025-08-12,09:30:00,002193.XSHE,如意集团,buy,500,6.45,3225.0,5.0,0,0,3230.0,母版交易记录-20250101-20251231.txt,418,"2025-08-12	09:30:00	如意集团(002193.XSHE)	买	市价单	500股	6.45	3,225.00	0.00	5.00",parsed
2025-08-12,09:30:00,603729.XSHG,龙韵股份,buy,100,17.98,1798.0,5.0,0,0,1803.0,母版交易记录-20250101-20251231.txt,419,"2025-08-12	09:30:00	龙韵股份(603729.XSHG)	买	市价单	100股	17.98	1,798.00	0.00	5.00",parsed
2025-08-12,09:30:00,002719.XSHE,麦趣尔,sell,-300,10.13,-3039.0,8.04,0,0,-3047.04,母版交易记录-20250101-20251231.txt,420,"2025-08-12	09:30:00	麦趣尔(002719.XSHE)	卖	市价单	-300股	10.13	-3,039.00	332.31	8.04",parsed
2025-08-12,09:30:00,000890.XSHE,法尔胜,sell,-200,4.56,-912.0,5.91,0,0,-917.91,母版交易记录-20250101-20251231.txt,421,2025-08-12	09:30:00	法尔胜(000890.XSHE)	卖	市价单	-200股	4.56	-912.00	121.80	5.91,parsed
2025-08-12,09:30:00,603709.XSHG,中源家居,sell,-1900,15.31,-29089.0,34.09,0,0,-29123.09,母版交易记录-20250101-20251231.txt,422,"2025-08-12	09:30:00	中源家居(603709.XSHG)	卖	市价单	-1900股	15.31	-29,089.00	3,302.83	34.09",parsed
2025-08-12,09:30:00,300163.XSHE,先锋新材,buy,8100,3.39,27459.0,5.0,0,0,27464.0,母版交易记录-20250101-20251231.txt,423,"2025-08-12	09:30:00	先锋新材(300163.XSHE)	买	市价单	8100股	3.39	27,459.00	0.00	5.00",parsed
2025-08-12,09:30:00,300854.XSHE,中兰环保,buy,1900,17.51,33269.0,5.0,0,0,33274.0,母版交易记录-20250101-20251231.txt,424,"2025-08-12	09:30:00	中兰环保(300854.XSHE)	买	市价单	1900股	17.51	33,269.00	0.00	5.00",parsed
2025-08-15,09:30:00,300736.XSHE,百邦科技,sell,-200,11.9,-2380.0,7.38,0,0,-2387.38,母版交易记录-20250101-20251231.txt,426,"2025-08-15	09:30:00	百邦科技(300736.XSHE)	卖	市价单	-200股	11.9	-2,380.00	438.71	7.38",parsed
2025-08-15,09:30:00,301372.XSHE,科净源,sell,-1000,26.45,-26450.0,31.45,0,0,-26481.45,母版交易记录-20250101-20251231.txt,427,"2025-08-15	09:30:00	科净源(301372.XSHE)	卖	市价单	-1000股	26.45	-26,450.00	5,912.86	31.45",parsed
2025-08-15,09:30:00,002193.XSHE,如意集团,buy,200,6.12,1224.0,5.0,0,0,1229.0,母版交易记录-20250101-20251231.txt,428,"2025-08-15	09:30:00	如意集团(002193.XSHE)	买	市价单	200股	6.12	1,224.00	0.00	5.00",parsed
2025-08-15,09:30:00,300948.XSHE,冠中生态,buy,200,11.49,2298.0,5.0,0,0,2303.0,母版交易记录-20250101-20251231.txt,429,"2025-08-15	09:30:00	冠中生态(300948.XSHE)	买	市价单	200股	11.49	2,298.00	0.00	5.00",parsed
2025-08-15,09:30:00,001211.XSHE,双枪科技,sell,-1100,24.32,-26752.0,31.75,0,0,-26783.75,母版交易记录-20250101-20251231.txt,430,"2025-08-15	09:30:00	双枪科技(001211.XSHE)	卖	市价单	-1100股	24.32	-26,752.00	1,169.22	31.75",parsed
2025-08-15,09:30:00,000890.XSHE,法尔胜,buy,300,4.25,1275.0,5.0,0,0,1280.0,母版交易记录-20250101-20251231.txt,431,"2025-08-15	09:30:00	法尔胜(000890.XSHE)	买	市价单	300股	4.25	1,275.00	0.00	5.00",parsed
2025-08-15,09:30:00,603709.XSHG,中源家居,sell,-1800,15.47,-27846.0,32.85,0,0,-27878.85,母版交易记录-20250101-20251231.txt,432,"2025-08-15	09:30:00	中源家居(603709.XSHG)	卖	市价单	-1800股	15.47	-27,846.00	3,417.00	32.85",parsed
2025-08-15,09:30:00,300163.XSHE,先锋新材,buy,8200,3.22,26404.0,5.0,0,0,26409.0,母版交易记录-20250101-20251231.txt,433,"2025-08-15	09:30:00	先锋新材(300163.XSHE)	买	市价单	8200股	3.22	26,404.00	0.00	5.00",parsed
2025-08-15,09:30:00,300854.XSHE,中兰环保,buy,1600,16.63,26608.0,5.0,0,0,26613.0,母版交易记录-20250101-20251231.txt,434,"2025-08-15	09:30:00	中兰环保(300854.XSHE)	买	市价单	1600股	16.63	26,608.00	0.00	5.00",parsed
2025-08-15,09:30:00,600847.XSHG,万里股份,buy,2200,11.39,25058.0,5.0,0,0,25063.0,母版交易记录-20250101-20251231.txt,435,"2025-08-15	09:30:00	万里股份(600847.XSHG)	买	市价单	2200股	11.39	25,058.00	0.00	5.00",parsed
2025-08-20,09:30:00,300948.XSHE,冠中生态,sell,-400,12.54,-5016.0,10.02,0,0,-5026.02,母版交易记录-20250101-20251231.txt,437,"2025-08-20	09:30:00	冠中生态(300948.XSHE)	卖	市价单	-400股	12.54	-5,016.00	994.43	10.02",parsed
2025-08-20,09:30:00,600768.XSHG,宁波富邦,buy,200,12.87,2574.0,5.0,0,0,2579.0,母版交易记录-20250101-20251231.txt,438,"2025-08-20	09:30:00	宁波富邦(600768.XSHG)	买	市价单	200股	12.87	2,574.00	0.00	5.00",parsed
2025-08-20,09:30:00,002719.XSHE,麦趣尔,buy,100,10.02,1002.0,5.0,0,0,1007.0,母版交易记录-20250101-20251231.txt,439,"2025-08-20	09:30:00	麦趣尔(002719.XSHE)	买	市价单	100股	10.02	1,002.00	0.00	5.00",parsed
2025-08-20,09:30:00,000890.XSHE,法尔胜,sell,-5700,4.33,-24681.0,29.68,0,0,-24710.68,母版交易记录-20250101-20251231.txt,440,"2025-08-20	09:30:00	法尔胜(000890.XSHE)	卖	市价单	-5700股	4.33	-24,681.00	2,117.25	29.68",parsed
2025-08-20,09:30:00,603709.XSHG,中源家居,sell,-1700,14.6,-24820.0,29.82,0,0,-24849.82,母版交易记录-20250101-20251231.txt,441,"2025-08-20	09:30:00	中源家居(603709.XSHG)	卖	市价单	-1700股	14.6	-24,820.00	1,748.17	29.82",parsed
2025-08-20,09:30:00,300163.XSHE,先锋新材,sell,-200,3.39,-678.0,5.68,0,0,-683.68,母版交易记录-20250101-20251231.txt,442,2025-08-20	09:30:00	先锋新材(300163.XSHE)	卖	市价单	-200股	3.39	-678.00	11.96	5.68,parsed
2025-08-20,09:30:00,300854.XSHE,中兰环保,sell,-300,18.6,-5580.0,10.58,0,0,-5590.58,母版交易记录-20250101-20251231.txt,443,"2025-08-20	09:30:00	中兰环保(300854.XSHE)	卖	市价单	-300股	18.6	-5,580.00	342.40	10.58",parsed
2025-08-20,09:30:00,600847.XSHG,万里股份,buy,2300,11.63,26749.0,5.0,0,0,26754.0,母版交易记录-20250101-20251231.txt,444,"2025-08-20	09:30:00	万里股份(600847.XSHG)	买	市价单	2300股	11.63	26,749.00	0.00	5.00",parsed
2025-08-20,09:30:00,300736.XSHE,百邦科技,buy,100,12.16,1216.0,5.0,0,0,1221.0,母版交易记录-20250101-20251231.txt,445,"2025-08-20	09:30:00	百邦科技(300736.XSHE)	买	市价单	100股	12.16	1,216.00	0.00	5.00",parsed
2025-08-20,09:30:00,300929.XSHE,华骐环保,buy,200,11.8,2360.0,5.0,0,0,2365.0,母版交易记录-20250101-20251231.txt,446,"2025-08-20	09:30:00	华骐环保(300929.XSHE)	买	市价单	200股	11.8	2,360.00	0.00	5.00",parsed
2025-08-20,09:30:00,600455.XSHG,博通股份,buy,900,28.2,25380.0,5.0,0,0,25385.0,母版交易记录-20250101-20251231.txt,447,"2025-08-20	09:30:00	博通股份(600455.XSHG)	买	市价单	900股	28.2	25,380.00	0.00	5.00",parsed
2025-08-25,09:30:00,300929.XSHE,华骐环保,buy,100,11.73,1173.0,5.0,0,0,1178.0,母版交易记录-20250101-20251231.txt,449,"2025-08-25	09:30:00	华骐环保(300929.XSHE)	买	市价单	100股	11.73	1,173.00	0.00	5.00",parsed
2025-08-25,09:30:00,002193.XSHE,如意集团,buy,100,6.32,632.0,5.0,0,0,637.0,母版交易记录-20250101-20251231.txt,450,2025-08-25	09:30:00	如意集团(002193.XSHE)	买	市价单	100股	6.32	632.00	0.00	5.00,parsed
2025-08-25,09:30:00,000890.XSHE,法尔胜,buy,100,4.2,420.0,5.0,0,0,425.0,母版交易记录-20250101-20251231.txt,451,2025-08-25	09:30:00	法尔胜(000890.XSHE)	买	市价单	100股	4.2	420.00	0.00	5.00,parsed
2025-08-25,09:30:00,300163.XSHE,先锋新材,sell,-400,3.44,-1376.0,6.38,0,0,-1382.38,母版交易记录-20250101-20251231.txt,452,"2025-08-25	09:30:00	先锋新材(300163.XSHE)	卖	市价单	-400股	3.44	-1,376.00	43.93	6.38",parsed
2025-08-25,09:30:00,300854.XSHE,中兰环保,sell,-1800,20.45,-36810.0,41.81,0,0,-36851.81,母版交易记录-20250101-20251231.txt,453,"2025-08-25	09:30:00	中兰环保(300854.XSHE)	卖	市价单	-1800股	20.45	-36,810.00	5,384.40	41.81",parsed
2025-08-25,09:30:00,600455.XSHG,博通股份,buy,900,28.5,25650.0,5.0,0,0,25655.0,母版交易记录-20250101-20251231.txt,454,"2025-08-25	09:30:00	博通股份(600455.XSHG)	买	市价单	900股	28.5	25,650.00	0.00	5.00",parsed
2025-08-25,09:30:00,300948.XSHE,冠中生态,buy,300,12.1,3630.0,5.0,0,0,3635.0,母版交易记录-20250101-20251231.txt,455,"2025-08-25	09:30:00	冠中生态(300948.XSHE)	买	市价单	300股	12.1	3,630.00	0.00	5.00",parsed
2025-08-25,09:30:00,002719.XSHE,麦趣尔,buy,100,9.92,992.0,5.0,0,0,997.0,母版交易记录-20250101-20251231.txt,456,2025-08-25	09:30:00	麦趣尔(002719.XSHE)	买	市价单	100股	9.92	992.00	0.00	5.00,parsed
2025-08-25,09:30:00,002193.XSHE,如意集团,buy,300,6.32,1896.0,5.0,0,0,1901.0,母版交易记录-20250101-20251231.txt,457,"2025-08-25	09:30:00	如意集团(002193.XSHE)	买	市价单	300股	6.32	1,896.00	0.00	5.00",parsed
2025-08-28,09:30:00,300736.XSHE,百邦科技,sell,-800,13,-10400.0,15.4,0,0,-10415.4,母版交易记录-20250101-20251231.txt,459,"2025-08-28	09:30:00	百邦科技(300736.XSHE)	卖	市价单	-800股	13	-10,400.00	2,616.67	15.40",parsed
2025-08-28,09:30:00,300929.XSHE,华骐环保,buy,500,10.96,5480.0,5.0,0,0,5485.0,母版交易记录-20250101-20251231.txt,460,"2025-08-28	09:30:00	华骐环保(300929.XSHE)	买	市价单	500股	10.96	5,480.00	0.00	5.00",parsed
2025-08-28,09:30:00,002193.XSHE,如意集团,buy,300,6.07,1821.0,5.0,0,0,1826.0,母版交易记录-20250101-20251231.txt,461,"2025-08-28	09:30:00	如意集团(002193.XSHE)	买	市价单	300股	6.07	1,821.00	0.00	5.00",parsed
2025-08-28,09:30:00,300948.XSHE,冠中生态,buy,200,11.66,2332.0,5.0,0,0,2337.0,母版交易记录-20250101-20251231.txt,462,"2025-08-28	09:30:00	冠中生态(300948.XSHE)	买	市价单	200股	11.66	2,332.00	0.00	5.00",parsed
2025-08-28,09:30:00,600768.XSHG,宁波富邦,buy,100,12.52,1252.0,5.0,0,0,1257.0,母版交易记录-20250101-20251231.txt,463,"2025-08-28	09:30:00	宁波富邦(600768.XSHG)	买	市价单	100股	12.52	1,252.00	0.00	5.00",parsed
2025-08-28,09:30:00,001211.XSHE,双枪科技,sell,-1000,24.54,-24540.0,29.54,0,0,-24569.54,母版交易记录-20250101-20251231.txt,464,"2025-08-28	09:30:00	双枪科技(001211.XSHE)	卖	市价单	-1000股	24.54	-24,540.00	1,282.93	29.54",parsed
2025-08-28,09:30:00,000890.XSHE,法尔胜,buy,6500,4.02,26130.0,5.0,0,0,26135.0,母版交易记录-20250101-20251231.txt,465,"2025-08-28	09:30:00	法尔胜(000890.XSHE)	买	市价单	6500股	4.02	26,130.00	0.00	5.00",parsed
2025-08-28,09:30:00,300163.XSHE,先锋新材,sell,-700,3.41,-2387.0,7.39,0,0,-2394.39,母版交易记录-20250101-20251231.txt,466,"2025-08-28	09:30:00	先锋新材(300163.XSHE)	卖	市价单	-700股	3.41	-2,387.00	55.88	7.39",parsed
2025-08-28,09:30:00,300854.XSHE,中兰环保,sell,-1200,19.7,-23640.0,28.64,0,0,-23668.64,母版交易记录-20250101-20251231.txt,467,"2025-08-28	09:30:00	中兰环保(300854.XSHE)	卖	市价单	-1200股	19.7	-23,640.00	2,689.60	28.64",parsed
2025-08-28,09:30:00,600847.XSHG,万里股份,buy,2500,11.02,27550.0,5.0,0,0,27555.0,母版交易记录-20250101-20251231.txt,468,"2025-08-28	09:30:00	万里股份(600847.XSHG)	买	市价单	2500股	11.02	27,550.00	0.00	5.00",parsed
2025-09-02,09:30:00,002193.XSHE,如意集团,buy,300,5.9,1770.0,5.0,0,0,1775.0,母版交易记录-20250101-20251231.txt,470,"2025-09-02	09:30:00	如意集团(002193.XSHE)	买	市价单	300股	5.9	1,770.00	0.00	5.00",parsed
2025-09-02,09:30:00,002719.XSHE,麦趣尔,sell,-2500,9.6,-24000.0,29.0,0,0,-24029.0,母版交易记录-20250101-20251231.txt,471,"2025-09-02	09:30:00	麦趣尔(002719.XSHE)	卖	市价单	-2500股	9.6	-24,000.00	1,408.59	29.00",parsed
2025-09-02,09:30:00,001211.XSHE,双枪科技,sell,-1100,26.12,-28732.0,33.73,0,0,-28765.73,母版交易记录-20250101-20251231.txt,472,"2025-09-02	09:30:00	双枪科技(001211.XSHE)	卖	市价单	-1100股	26.12	-28,732.00	3,149.22	33.73",parsed
2025-09-02,09:30:00,000890.XSHE,法尔胜,buy,6400,4.01,25664.0,5.0,0,0,25669.0,母版交易记录-20250101-20251231.txt,473,"2025-09-02	09:30:00	法尔胜(000890.XSHE)	买	市价单	6400股	4.01	25,664.00	0.00	5.00",parsed
2025-09-02,09:30:00,300163.XSHE,先锋新材,sell,-8700,3.52,-30624.0,35.62,0,0,-30659.62,母版交易记录-20250101-20251231.txt,474,"2025-09-02	09:30:00	先锋新材(300163.XSHE)	卖	市价单	-8700股	3.52	-30,624.00	1,651.45	35.62",parsed
2025-09-02,09:30:00,300854.XSHE,中兰环保,sell,-1400,21.4,-29960.0,34.96,0,0,-29994.96,母版交易记录-20250101-20251231.txt,475,"2025-09-02	09:30:00	中兰环保(300854.XSHE)	卖	市价单	-1400股	21.4	-29,960.00	5,517.87	34.96",parsed
2025-09-02,09:30:00,600847.XSHG,万里股份,buy,2400,10.95,26280.0,5.0,0,0,26285.0,母版交易记录-20250101-20251231.txt,476,"2025-09-02	09:30:00	万里股份(600847.XSHG)	买	市价单	2400股	10.95	26,280.00	0.00	5.00",parsed
2025-09-02,09:30:00,600455.XSHG,博通股份,buy,100,26.8,2680.0,5.0,0,0,2685.0,母版交易记录-20250101-20251231.txt,477,"2025-09-02	09:30:00	博通股份(600455.XSHG)	买	市价单	100股	26.8	2,680.00	0.00	5.00",parsed
2025-09-02,09:30:00,002193.XSHE,如意集团,buy,200,5.9,1180.0,5.0,0,0,1185.0,母版交易记录-20250101-20251231.txt,478,"2025-09-02	09:30:00	如意集团(002193.XSHE)	买	市价单	200股	5.9	1,180.00	0.00	5.00",parsed
2025-09-02,09:30:00,603729.XSHG,龙韵股份,buy,200,17.11,3422.0,5.0,0,0,3427.0,母版交易记录-20250101-20251231.txt,479,"2025-09-02	09:30:00	龙韵股份(603729.XSHG)	买	市价单	200股	17.11	3,422.00	0.00	5.00",parsed
2025-09-02,09:30:00,300948.XSHE,冠中生态,buy,300,11.29,3387.0,5.0,0,0,3392.0,母版交易记录-20250101-20251231.txt,480,"2025-09-02	09:30:00	冠中生态(300948.XSHE)	买	市价单	300股	11.29	3,387.00	0.00	5.00",parsed
2025-09-02,09:30:00,300594.XSHE,朗进科技,buy,1400,17.88,25032.0,5.0,0,0,25037.0,母版交易记录-20250101-20251231.txt,481,"2025-09-02	09:30:00	朗进科技(300594.XSHE)	买	市价单	1400股	17.88	25,032.00	0.00	5.00",parsed
2025-09-02,09:30:00,301098.XSHE,金埔园林,buy,2800,9.09,25452.0,5.0,0,0,25457.0,母版交易记录-20250101-20251231.txt,482,"2025-09-02	09:30:00	金埔园林(301098.XSHE)	买	市价单	2800股	9.09	25,452.00	0.00	5.00",parsed
2025-09-05,09:30:00,002193.XSHE,如意集团,sell,-300,5.88,-1764.0,6.76,0,0,-1770.76,母版交易记录-20250101-20251231.txt,484,"2025-09-05	09:30:00	如意集团(002193.XSHE)	卖	市价单	-300股	5.88	-1,764.00	67.91	6.76",parsed
2025-09-05,09:30:00,600768.XSHG,宁波富邦,buy,100,12.1,1210.0,5.0,0,0,1215.0,母版交易记录-20250101-20251231.txt,485,"2025-09-05	09:30:00	宁波富邦(600768.XSHG)	买	市价单	100股	12.1	1,210.00	0.00	5.00",parsed
2025-09-05,09:30:00,000890.XSHE,法尔胜,sell,-300,4.03,-1209.0,6.21,0,0,-1215.21,母版交易记录-20250101-20251231.txt,486,"2025-09-05	09:30:00	法尔胜(000890.XSHE)	卖	市价单	-300股	4.03	-1,209.00	9.67	6.21",parsed
2025-09-05,09:30:00,300163.XSHE,先锋新材,buy,400,3.4,1360.0,5.0,0,0,1365.0,母版交易记录-20250101-20251231.txt,487,"2025-09-05	09:30:00	先锋新材(300163.XSHE)	买	市价单	400股	3.4	1,360.00	0.00	5.00",parsed
2025-09-05,09:30:00,300854.XSHE,中兰环保,sell,-1300,19.81,-25753.0,30.75,0,0,-25783.75,母版交易记录-20250101-20251231.txt,488,"2025-09-05	09:30:00	中兰环保(300854.XSHE)	卖	市价单	-1300股	19.81	-25,753.00	3,056.73	30.75",parsed
2025-09-05,09:30:00,600847.XSHG,万里股份,sell,-2400,10.9,-26160.0,31.16,0,0,-26191.16,母版交易记录-20250101-20251231.txt,489,"2025-09-05	09:30:00	万里股份(600847.XSHG)	卖	市价单	-2400股	10.9	-26,160.00	-811.15	31.16",parsed
2025-09-05,09:30:00,300594.XSHE,朗进科技,buy,1400,17.49,24486.0,5.0,0,0,24491.0,母版交易记录-20250101-20251231.txt,490,"2025-09-05	09:30:00	朗进科技(300594.XSHE)	买	市价单	1400股	17.49	24,486.00	0.00	5.00",parsed
2025-09-05,09:30:00,301098.XSHE,金埔园林,buy,2700,9.05,24435.0,5.0,0,0,24440.0,母版交易记录-20250101-20251231.txt,491,"2025-09-05	09:30:00	金埔园林(301098.XSHE)	买	市价单	2700股	9.05	24,435.00	0.00	5.00",parsed
2025-09-05,09:30:00,300736.XSHE,百邦科技,buy,200,12.35,2470.0,5.0,0,0,2475.0,母版交易记录-20250101-20251231.txt,492,"2025-09-05	09:30:00	百邦科技(300736.XSHE)	买	市价单	200股	12.35	2,470.00	0.00	5.00",parsed
2025-09-10,09:30:00,002193.XSHE,如意集团,buy,100,6.01,601.0,5.0,0,0,606.0,母版交易记录-20250101-20251231.txt,494,2025-09-10	09:30:00	如意集团(002193.XSHE)	买	市价单	100股	6.01	601.00	0.00	5.00,parsed
2025-09-10,09:30:00,000890.XSHE,法尔胜,buy,100,4.08,408.0,5.0,0,0,413.0,母版交易记录-20250101-20251231.txt,495,2025-09-10	09:30:00	法尔胜(000890.XSHE)	买	市价单	100股	4.08	408.00	0.00	5.00,parsed
2025-09-10,09:30:00,300163.XSHE,先锋新材,sell,-200,3.53,-706.0,5.71,0,0,-711.71,母版交易记录-20250101-20251231.txt,496,2025-09-10	09:30:00	先锋新材(300163.XSHE)	卖	市价单	-200股	3.53	-706.00	39.78	5.71,parsed
2025-09-10,09:30:00,600847.XSHG,万里股份,sell,-2500,11.57,-28925.0,33.92,0,0,-28958.92,母版交易记录-20250101-20251231.txt,497,"2025-09-10	09:30:00	万里股份(600847.XSHG)	卖	市价单	-2500股	11.57	-28,925.00	830.05	33.92",parsed
2025-09-10,09:30:00,600455.XSHG,博通股份,sell,-900,27.1,-24390.0,29.39,0,0,-24419.39,母版交易记录-20250101-20251231.txt,498,"2025-09-10	09:30:00	博通股份(600455.XSHG)	卖	市价单	-900股	27.1	-24,390.00	-1,051.58	29.39",parsed
2025-09-10,09:30:00,300594.XSHE,朗进科技,buy,1600,17.72,28352.0,5.0,0,0,28357.0,母版交易记录-20250101-20251231.txt,499,"2025-09-10	09:30:00	朗进科技(300594.XSHE)	买	市价单	1600股	17.72	28,352.00	0.00	5.00",parsed
2025-09-10,09:30:00,301098.XSHE,金埔园林,buy,2800,9.13,25564.0,5.0,0,0,25569.0,母版交易记录-20250101-20251231.txt,500,"2025-09-10	09:30:00	金埔园林(301098.XSHE)	买	市价单	2800股	9.13	25,564.00	0.00	5.00",parsed
2025-09-15,09:30:00,000890.XSHE,法尔胜,sell,-6500,4.17,-27105.0,32.11,0,0,-27137.11,母版交易记录-20250101-20251231.txt,502,"2025-09-15	09:30:00	法尔胜(000890.XSHE)	卖	市价单	-6500股	4.17	-27,105.00	1,116.73	32.11",parsed
2025-09-15,09:30:00,300163.XSHE,先锋新材,sell,-100,3.54,-354.0,5.35,0,0,-359.35,母版交易记录-20250101-20251231.txt,503,2025-09-15	09:30:00	先锋新材(300163.XSHE)	卖	市价单	-100股	3.54	-354.00	20.89	5.35,parsed
2025-09-15,09:30:00,600455.XSHG,博通股份,sell,-1000,27.05,-27050.0,32.05,0,0,-27082.05,母版交易记录-20250101-20251231.txt,504,"2025-09-15	09:30:00	博通股份(600455.XSHG)	卖	市价单	-1000股	27.05	-27,050.00	-1,218.42	32.05",parsed
2025-09-15,09:30:00,300594.XSHE,朗进科技,buy,1300,18.04,23452.0,5.0,0,0,23457.0,母版交易记录-20250101-20251231.txt,505,"2025-09-15	09:30:00	朗进科技(300594.XSHE)	买	市价单	1300股	18.04	23,452.00	0.00	5.00",parsed
2025-09-15,09:30:00,301098.XSHE,金埔园林,buy,3200,9.03,28896.0,5.0,0,0,28901.0,母版交易记录-20250101-20251231.txt,506,"2025-09-15	09:30:00	金埔园林(301098.XSHE)	买	市价单	3200股	9.03	28,896.00	0.00	5.00",parsed
2025-09-15,09:30:00,002193.XSHE,如意集团,buy,100,5.96,596.0,5.0,0,0,601.0,母版交易记录-20250101-20251231.txt,507,2025-09-15	09:30:00	如意集团(002193.XSHE)	买	市价单	100股	5.96	596.00	0.00	5.00,parsed
2025-09-15,09:30:00,300736.XSHE,百邦科技,buy,100,12.53,1253.0,5.0,0,0,1258.0,母版交易记录-20250101-20251231.txt,508,"2025-09-15	09:30:00	百邦科技(300736.XSHE)	买	市价单	100股	12.53	1,253.00	0.00	5.00",parsed
2025-09-18,09:30:00,300736.XSHE,百邦科技,sell,-3300,15.36,-50688.0,55.76,0,0,-50743.76,母版交易记录-20250101-20251231.txt,510,"2025-09-18	09:30:00	百邦科技(300736.XSHE)	卖	市价单	-3300股	15.36	-50,688.00	18,324.07	55.76",parsed
2025-09-18,09:30:00,300929.XSHE,华骐环保,buy,300,11.09,3327.0,5.0,0,0,3332.0,母版交易记录-20250101-20251231.txt,511,"2025-09-18	09:30:00	华骐环保(300929.XSHE)	买	市价单	300股	11.09	3,327.00	0.00	5.00",parsed
2025-09-18,09:30:00,002193.XSHE,如意集团,buy,600,6,3600.0,5.0,0,0,3605.0,母版交易记录-20250101-20251231.txt,512,"2025-09-18	09:30:00	如意集团(002193.XSHE)	买	市价单	600股	6	3,600.00	0.00	5.00",parsed
2025-09-18,09:30:00,300948.XSHE,冠中生态,buy,100,11.62,1162.0,5.0,0,0,1167.0,母版交易记录-20250101-20251231.txt,513,"2025-09-18	09:30:00	冠中生态(300948.XSHE)	买	市价单	100股	11.62	1,162.00	0.00	5.00",parsed
2025-09-18,09:30:00,600768.XSHG,宁波富邦,buy,200,12.58,2516.0,5.0,0,0,2521.0,母版交易记录-20250101-20251231.txt,514,"2025-09-18	09:30:00	宁波富邦(600768.XSHG)	买	市价单	200股	12.58	2,516.00	0.00	5.00",parsed
2025-09-18,09:30:00,603729.XSHG,龙韵股份,buy,100,17.5,1750.0,5.0,0,0,1755.0,母版交易记录-20250101-20251231.txt,515,"2025-09-18	09:30:00	龙韵股份(603729.XSHG)	买	市价单	100股	17.5	1,750.00	0.00	5.00",parsed
2025-09-18,09:30:00,002719.XSHE,麦趣尔,buy,400,9.51,3804.0,5.0,0,0,3809.0,母版交易记录-20250101-20251231.txt,516,"2025-09-18	09:30:00	麦趣尔(002719.XSHE)	买	市价单	400股	9.51	3,804.00	0.00	5.00",parsed
2025-09-18,09:30:00,000890.XSHE,法尔胜,sell,-6100,4.25,-25925.0,30.92,0,0,-25955.92,母版交易记录-20250101-20251231.txt,517,"2025-09-18	09:30:00	法尔胜(000890.XSHE)	卖	市价单	-6100股	4.25	-25,925.00	1,536.01	30.92",parsed
2025-09-18,09:30:00,300163.XSHE,先锋新材,sell,-600,3.73,-2238.0,7.24,0,0,-2245.24,母版交易记录-20250101-20251231.txt,518,"2025-09-18	09:30:00	先锋新材(300163.XSHE)	卖	市价单	-600股	3.73	-2,238.00	239.33	7.24",parsed
2025-09-18,09:30:00,600847.XSHG,万里股份,sell,-2100,11.53,-24213.0,29.21,0,0,-24242.21,母版交易记录-20250101-20251231.txt,519,"2025-09-18	09:30:00	万里股份(600847.XSHG)	卖	市价单	-2100股	11.53	-24,213.00	613.24	29.21",parsed
2025-09-18,09:30:00,300594.XSHE,朗进科技,buy,1500,18.47,27705.0,5.0,0,0,27710.0,母版交易记录-20250101-20251231.txt,520,"2025-09-18	09:30:00	朗进科技(300594.XSHE)	买	市价单	1500股	18.47	27,705.00	0.00	5.00",parsed
2025-09-18,09:30:00,301098.XSHE,金埔园林,buy,3100,9.17,28427.0,5.0,0,0,28432.0,母版交易记录-20250101-20251231.txt,521,"2025-09-18	09:30:00	金埔园林(301098.XSHE)	买	市价单	3100股	9.17	28,427.00	0.00	5.00",parsed
2025-09-18,09:30:00,600455.XSHG,博通股份,buy,900,27.3,24570.0,5.0,0,0,24575.0,母版交易记录-20250101-20251231.txt,522,"2025-09-18	09:30:00	博通股份(600455.XSHG)	买	市价单	900股	27.3	24,570.00	0.00	5.00",parsed
2025-09-23,09:30:00,300736.XSHE,百邦科技,sell,-1500,13.84,-20760.0,25.76,0,0,-20785.76,母版交易记录-20250101-20251231.txt,524,"2025-09-23	09:30:00	百邦科技(300736.XSHE)	卖	市价单	-1500股	13.84	-20,760.00	6,049.12	25.76",parsed
2025-09-23,09:30:00,002193.XSHE,如意集团,buy,200,5.6,1120.0,5.0,0,0,1125.0,母版交易记录-20250101-20251231.txt,525,"2025-09-23	09:30:00	如意集团(002193.XSHE)	买	市价单	200股	5.6	1,120.00	0.00	5.00",parsed
2025-09-23,09:30:00,002719.XSHE,麦趣尔,buy,2900,8.77,25433.0,5.0,0,0,25438.0,母版交易记录-20250101-20251231.txt,526,"2025-09-23	09:30:00	麦趣尔(002719.XSHE)	买	市价单	2900股	8.77	25,433.00	0.00	5.00",parsed
2025-09-23,09:30:00,000890.XSHE,法尔胜,sell,-6400,4.35,-27840.0,32.84,0,0,-27872.84,母版交易记录-20250101-20251231.txt,527,"2025-09-23	09:30:00	法尔胜(000890.XSHE)	卖	市价单	-6400股	4.35	-27,840.00	2,251.55	32.84",parsed
2025-09-23,09:30:00,300163.XSHE,先锋新材,buy,7900,3.44,27176.0,5.0,0,0,27181.0,母版交易记录-20250101-20251231.txt,528,"2025-09-23	09:30:00	先锋新材(300163.XSHE)	买	市价单	7900股	3.44	27,176.00	0.00	5.00",parsed
2025-09-23,09:30:00,600847.XSHG,万里股份,sell,-2400,11.03,-26472.0,31.47,0,0,-26503.47,母版交易记录-20250101-20251231.txt,529,"2025-09-23	09:30:00	万里股份(600847.XSHG)	卖	市价单	-2400股	11.03	-26,472.00	-499.15	31.47",parsed
2025-09-23,09:30:00,300594.XSHE,朗进科技,sell,-100,17.87,-1787.0,6.79,0,0,-1793.79,母版交易记录-20250101-20251231.txt,530,"2025-09-23	09:30:00	朗进科技(300594.XSHE)	卖	市价单	-100股	17.87	-1,787.00	-5.04	6.79",parsed
2025-09-23,09:30:00,600455.XSHG,博通股份,buy,1000,26.34,26340.0,5.0,0,0,26345.0,母版交易记录-20250101-20251231.txt,531,"2025-09-23	09:30:00	博通股份(600455.XSHG)	买	市价单	1000股	26.34	26,340.00	0.00	5.00",parsed
2025-09-23,09:30:00,002719.XSHE,麦趣尔,buy,300,8.77,2631.0,5.0,0,0,2636.0,母版交易记录-20250101-20251231.txt,532,"2025-09-23	09:30:00	麦趣尔(002719.XSHE)	买	市价单	300股	8.77	2,631.00	0.00	5.00",parsed
2025-09-23,09:30:00,300405.XSHE,科隆股份,buy,100,5.87,587.0,5.0,0,0,592.0,母版交易记录-20250101-20251231.txt,533,2025-09-23	09:30:00	科隆股份(300405.XSHE)	买	市价单	100股	5.87	587.00	0.00	5.00,parsed
2025-09-26,09:30:00,002193.XSHE,如意集团,sell,-500,5.75,-2875.0,7.88,0,0,-2882.88,母版交易记录-20250101-20251231.txt,535,"2025-09-26	09:30:00	如意集团(002193.XSHE)	卖	市价单	-500股	5.75	-2,875.00	42.33	7.88",parsed
2025-09-26,09:30:00,603729.XSHG,龙韵股份,sell,-100,16.9,-1690.0,6.69,0,0,-1696.69,母版交易记录-20250101-20251231.txt,536,"2025-09-26	09:30:00	龙韵股份(603729.XSHG)	卖	市价单	-100股	16.9	-1,690.00	37.08	6.69",parsed
2025-09-26,09:30:00,002719.XSHE,麦趣尔,sell,-100,8.87,-887.0,5.89,0,0,-892.89,母版交易记录-20250101-20251231.txt,537,2025-09-26	09:30:00	麦趣尔(002719.XSHE)	卖	市价单	-100股	8.87	-887.00	-12.05	5.89,parsed
2025-09-26,09:30:00,300163.XSHE,先锋新材,buy,1300,3.32,4316.0,5.0,0,0,4321.0,母版交易记录-20250101-20251231.txt,538,"2025-09-26	09:30:00	先锋新材(300163.XSHE)	买	市价单	1300股	3.32	4,316.00	0.00	5.00",parsed
2025-09-26,09:30:00,300405.XSHE,科隆股份,buy,100,6.07,607.0,5.0,0,0,612.0,母版交易记录-20250101-20251231.txt,539,2025-09-26	09:30:00	科隆股份(300405.XSHE)	买	市价单	100股	6.07	607.00	0.00	5.00,parsed
2025-10-09,09:30:00,300736.XSHE,百邦科技,sell,-1300,13.39,-17407.0,22.41,0,0,-17429.41,母版交易记录-20250101-20251231.txt,541,"2025-10-09	09:30:00	百邦科技(300736.XSHE)	卖	市价单	-1300股	13.39	-17,407.00	4,657.57	22.41",parsed
2025-10-09,09:30:00,300929.XSHE,华骐环保,buy,600,10.93,6558.0,5.0,0,0,6563.0,母版交易记录-20250101-20251231.txt,542,"2025-10-09	09:30:00	华骐环保(300929.XSHE)	买	市价单	600股	10.93	6,558.00	0.00	5.00",parsed
2025-10-09,09:30:00,002193.XSHE,如意集团,buy,1800,5.86,10548.0,5.0,0,0,10553.0,母版交易记录-20250101-20251231.txt,543,"2025-10-09	09:30:00	如意集团(002193.XSHE)	买	市价单	1800股	5.86	10,548.00	0.00	5.00",parsed
2025-10-09,09:30:00,300163.XSHE,先锋新材,buy,200,3.61,722.0,5.0,0,0,727.0,母版交易记录-20250101-20251231.txt,544,2025-10-09	09:30:00	先锋新材(300163.XSHE)	买	市价单	200股	3.61	722.00	0.00	5.00,parsed
2025-10-10,14:00:00,300948.XSHE,冠中生态,sell,-8900,22.74,-202386.0,222.62,0,0,-202608.62,母版交易记录-20250101-20251231.txt,546,"2025-10-10	14:00:00	冠中生态(300948.XSHE)	卖	市价单	-8900股	22.74	-202,386.00	111,774.19	222.62",parsed
2025-10-14,09:30:00,300929.XSHE,华骐环保,buy,100,11.18,1118.0,5.0,0,0,1123.0,母版交易记录-20250101-20251231.txt,548,"2025-10-14	09:30:00	华骐环保(300929.XSHE)	买	市价单	100股	11.18	1,118.00	0.00	5.00",parsed
2025-10-14,09:30:00,002193.XSHE,如意集团,buy,800,5.8,4640.0,5.0,0,0,4645.0,母版交易记录-20250101-20251231.txt,549,"2025-10-14	09:30:00	如意集团(002193.XSHE)	买	市价单	800股	5.8	4,640.00	0.00	5.00",parsed
2025-10-14,09:30:00,300948.XSHE,冠中生态,sell,-1000,18.51,-18510.0,23.51,0,0,-18533.51,母版交易记录-20250101-20251231.txt,550,"2025-10-14	09:30:00	冠中生态(300948.XSHE)	卖	市价单	-1000股	18.51	-18,510.00	8,328.90	23.51",parsed
2025-10-14,09:30:00,600768.XSHG,宁波富邦,buy,600,12.76,7656.0,5.0,0,0,7661.0,母版交易记录-20250101-20251231.txt,551,"2025-10-14	09:30:00	宁波富邦(600768.XSHG)	买	市价单	600股	12.76	7,656.00	0.00	5.00",parsed
2025-10-14,09:30:00,603729.XSHG,龙韵股份,buy,1000,16.83,16830.0,5.0,0,0,16835.0,母版交易记录-20250101-20251231.txt,552,"2025-10-14	09:30:00	龙韵股份(603729.XSHG)	买	市价单	1000股	16.83	16,830.00	0.00	5.00",parsed
2025-10-14,09:30:00,002719.XSHE,麦趣尔,buy,600,9.58,5748.0,5.0,0,0,5753.0,母版交易记录-20250101-20251231.txt,553,"2025-10-14	09:30:00	麦趣尔(002719.XSHE)	买	市价单	600股	9.58	5,748.00	0.00	5.00",parsed
2025-10-14,09:30:00,300163.XSHE,先锋新材,buy,1500,3.6,5400.0,5.0,0,0,5405.0,母版交易记录-20250101-20251231.txt,554,"2025-10-14	09:30:00	先锋新材(300163.XSHE)	买	市价单	1500股	3.6	5,400.00	0.00	5.00",parsed
2025-10-14,09:30:00,300594.XSHE,朗进科技,buy,900,17.89,16101.0,5.0,0,0,16106.0,母版交易记录-20250101-20251231.txt,555,"2025-10-14	09:30:00	朗进科技(300594.XSHE)	买	市价单	900股	17.89	16,101.00	0.00	5.00",parsed
2025-10-14,09:30:00,301098.XSHE,金埔园林,buy,1100,9.07,9977.0,5.0,0,0,9982.0,母版交易记录-20250101-20251231.txt,556,"2025-10-14	09:30:00	金埔园林(301098.XSHE)	买	市价单	1100股	9.07	9,977.00	0.00	5.00",parsed
2025-10-14,09:30:00,600455.XSHG,博通股份,buy,3600,25.83,92988.0,9.3,0,0,92997.3,母版交易记录-20250101-20251231.txt,557,"2025-10-14	09:30:00	博通股份(600455.XSHG)	买	市价单	3600股	25.83	92,988.00	0.00	9.30",parsed
2025-10-14,09:30:00,300405.XSHE,科隆股份,buy,4100,6.64,27224.0,5.0,0,0,27229.0,母版交易记录-20250101-20251231.txt,558,"2025-10-14	09:30:00	科隆股份(300405.XSHE)	买	市价单	4100股	6.64	27,224.00	0.00	5.00",parsed
2025-10-14,09:30:00,300385.XSHE,雪浪环境,buy,5400,5.29,28566.0,5.0,0,0,28571.0,母版交易记录-20250101-20251231.txt,559,"2025-10-14	09:30:00	雪浪环境(300385.XSHE)	买	市价单	5400股	5.29	28,566.00	0.00	5.00",parsed
2025-10-17,09:30:00,300736.XSHE,百邦科技,buy,300,13.02,3906.0,5.0,0,0,3911.0,母版交易记录-20250101-20251231.txt,561,"2025-10-17	09:30:00	百邦科技(300736.XSHE)	买	市价单	300股	13.02	3,906.00	0.00	5.00",parsed
2025-10-17,09:30:00,300948.XSHE,冠中生态,sell,-1600,19.99,-31984.0,36.98,0,0,-32020.98,母版交易记录-20250101-20251231.txt,562,"2025-10-17	09:30:00	冠中生态(300948.XSHE)	卖	市价单	-1600股	19.99	-31,984.00	15,694.24	36.98",parsed
2025-10-17,09:30:00,002719.XSHE,麦趣尔,sell,-400,9.7,-3880.0,8.88,0,0,-3888.88,母版交易记录-20250101-20251231.txt,563,"2025-10-17	09:30:00	麦趣尔(002719.XSHE)	卖	市价单	-400股	9.7	-3,880.00	274.31	8.88",parsed
2025-10-17,09:30:00,300163.XSHE,先锋新材,buy,100,3.51,351.0,5.0,0,0,356.0,母版交易记录-20250101-20251231.txt,564,2025-10-17	09:30:00	先锋新材(300163.XSHE)	买	市价单	100股	3.51	351.00	0.00	5.00,parsed
2025-10-17,09:30:00,301098.XSHE,金埔园林,sell,-100,9,-900.0,5.9,0,0,-905.9,母版交易记录-20250101-20251231.txt,565,2025-10-17	09:30:00	金埔园林(301098.XSHE)	卖	市价单	-100股	9	-900.00	-9.24	5.90,parsed
2025-10-17,09:30:00,600455.XSHG,博通股份,sell,-100,25.99,-2599.0,7.6,0,0,-2606.6,母版交易记录-20250101-20251231.txt,566,"2025-10-17	09:30:00	博通股份(600455.XSHG)	卖	市价单	-100股	25.99	-2,599.00	-17.33	7.60",parsed
2025-10-17,09:30:00,300405.XSHE,科隆股份,buy,200,6.15,1230.0,5.0,0,0,1235.0,母版交易记录-20250101-20251231.txt,567,"2025-10-17	09:30:00	科隆股份(300405.XSHE)	买	市价单	200股	6.15	1,230.00	0.00	5.00",parsed
2025-10-17,09:30:00,002193.XSHE,如意集团,buy,2300,5.19,11937.0,5.0,0,0,11942.0,母版交易记录-20250101-20251231.txt,568,"2025-10-17	09:30:00	如意集团(002193.XSHE)	买	市价单	2300股	5.19	11,937.00	0.00	5.00",parsed
2025-10-17,09:30:00,300736.XSHE,百邦科技,buy,1900,13.02,24738.0,5.0,0,0,24743.0,母版交易记录-20250101-20251231.txt,569,"2025-10-17	09:30:00	百邦科技(300736.XSHE)	买	市价单	1900股	13.02	24,738.00	0.00	5.00",parsed
2025-10-22,09:30:00,300736.XSHE,百邦科技,buy,100,12.99,1299.0,5.0,0,0,1304.0,母版交易记录-20250101-20251231.txt,571,"2025-10-22	09:30:00	百邦科技(300736.XSHE)	买	市价单	100股	12.99	1,299.00	0.00	5.00",parsed
2025-10-22,09:30:00,002193.XSHE,如意集团,sell,-800,5.59,-4472.0,9.47,0,0,-4481.47,母版交易记录-20250101-20251231.txt,572,"2025-10-22	09:30:00	如意集团(002193.XSHE)	卖	市价单	-800股	5.59	-4,472.00	-41.39	9.47",parsed
2025-10-22,09:30:00,600768.XSHG,宁波富邦,buy,100,12.86,1286.0,5.0,0,0,1291.0,母版交易记录-20250101-20251231.txt,573,"2025-10-22	09:30:00	宁波富邦(600768.XSHG)	买	市价单	100股	12.86	1,286.00	0.00	5.00",parsed
2025-10-22,09:30:00,002719.XSHE,麦趣尔,sell,-100,10.13,-1013.0,6.01,0,0,-1019.01,母版交易记录-20250101-20251231.txt,574,"2025-10-22	09:30:00	麦趣尔(002719.XSHE)	卖	市价单	-100股	10.13	-1,013.00	111.58	6.01",parsed
2025-10-22,09:30:00,300405.XSHE,科隆股份,sell,-4500,6.39,-28755.0,33.75,0,0,-28788.75,母版交易记录-20250101-20251231.txt,575,"2025-10-22	09:30:00	科隆股份(300405.XSHE)	卖	市价单	-4500股	6.39	-28,755.00	-893.00	33.75",parsed
2025-10-22,09:30:00,300736.XSHE,百邦科技,buy,2400,12.99,31176.0,5.0,0,0,31181.0,母版交易记录-20250101-20251231.txt,576,"2025-10-22	09:30:00	百邦科技(300736.XSHE)	买	市价单	2400股	12.99	31,176.00	0.00	5.00",parsed
2025-10-27,09:30:00,300736.XSHE,百邦科技,sell,-300,13.92,-4176.0,9.18,0,0,-4185.18,母版交易记录-20250101-20251231.txt,578,"2025-10-27	09:30:00	百邦科技(300736.XSHE)	卖	市价单	-300股	13.92	-4,176.00	727.37	9.18",parsed
2025-10-27,09:30:00,300929.XSHE,华骐环保,buy,300,11.36,3408.0,5.0,0,0,3413.0,母版交易记录-20250101-20251231.txt,579,"2025-10-27	09:30:00	华骐环保(300929.XSHE)	买	市价单	300股	11.36	3,408.00	0.00	5.00",parsed
2025-10-27,09:30:00,002193.XSHE,如意集团,buy,400,5.6,2240.0,5.0,0,0,2245.0,母版交易记录-20250101-20251231.txt,580,"2025-10-27	09:30:00	如意集团(002193.XSHE)	买	市价单	400股	5.6	2,240.00	0.00	5.00",parsed
2025-10-27,09:30:00,600768.XSHG,宁波富邦,sell,-100,13.32,-1332.0,6.33,0,0,-1338.33,母版交易记录-20250101-20251231.txt,581,"2025-10-27	09:30:00	宁波富邦(600768.XSHG)	卖	市价单	-100股	13.32	-1,332.00	246.57	6.33",parsed
2025-10-27,09:30:00,002719.XSHE,麦趣尔,buy,100,9.91,991.0,5.0,0,0,996.0,母版交易记录-20250101-20251231.txt,582,2025-10-27	09:30:00	麦趣尔(002719.XSHE)	买	市价单	100股	9.91	991.00	0.00	5.00,parsed
2025-10-27,09:30:00,300163.XSHE,先锋新材,sell,-400,3.78,-1512.0,6.51,0,0,-1518.51,母版交易记录-20250101-20251231.txt,583,"2025-10-27	09:30:00	先锋新材(300163.XSHE)	卖	市价单	-400股	3.78	-1,512.00	166.26	6.51",parsed
2025-10-27,09:30:00,301098.XSHE,金埔园林,buy,100,9.47,947.0,5.0,0,0,952.0,母版交易记录-20250101-20251231.txt,584,2025-10-27	09:30:00	金埔园林(301098.XSHE)	买	市价单	100股	9.47	947.00	0.00	5.00,parsed
2025-10-27,09:30:00,002719.XSHE,麦趣尔,buy,100,9.91,991.0,5.0,0,0,996.0,母版交易记录-20250101-20251231.txt,585,2025-10-27	09:30:00	麦趣尔(002719.XSHE)	买	市价单	100股	9.91	991.00	0.00	5.00,parsed
2025-10-29,14:00:00,300163.XSHE,先锋新材,sell,-7700,4.71,-36267.0,41.27,0,0,-36308.27,母版交易记录-20250101-20251231.txt,587,"2025-10-29	14:00:00	先锋新材(300163.XSHE)	卖	市价单	-7700股	4.71	-36,267.00	10,361.49	41.27",parsed
2025-10-30,09:30:00,300736.XSHE,百邦科技,sell,-200,14.35,-2870.0,7.87,0,0,-2877.87,母版交易记录-20250101-20251231.txt,589,"2025-10-30	09:30:00	百邦科技(300736.XSHE)	卖	市价单	-200股	14.35	-2,870.00	570.91	7.87",parsed
2025-10-30,09:30:00,300929.XSHE,华骐环保,buy,300,11.17,3351.0,5.0,0,0,3356.0,母版交易记录-20250101-20251231.txt,590,"2025-10-30	09:30:00	华骐环保(300929.XSHE)	买	市价单	300股	11.17	3,351.00	0.00	5.00",parsed
2025-10-30,09:30:00,002193.XSHE,如意集团,buy,800,5.5,4400.0,5.0,0,0,4405.0,母版交易记录-20250101-20251231.txt,591,"2025-10-30	09:30:00	如意集团(002193.XSHE)	买	市价单	800股	5.5	4,400.00	0.00	5.00",parsed
2025-10-30,09:30:00,600768.XSHG,宁波富邦,buy,100,13.21,1321.0,5.0,0,0,1326.0,母版交易记录-20250101-20251231.txt,592,"2025-10-30	09:30:00	宁波富邦(600768.XSHG)	买	市价单	100股	13.21	1,321.00	0.00	5.00",parsed
2025-10-30,09:30:00,603729.XSHG,龙韵股份,buy,300,17.04,5112.0,5.0,0,0,5117.0,母版交易记录-20250101-20251231.txt,593,"2025-10-30	09:30:00	龙韵股份(603729.XSHG)	买	市价单	300股	17.04	5,112.00	0.00	5.00",parsed
2025-10-30,09:30:00,002719.XSHE,麦趣尔,buy,1500,9.3,13950.0,5.0,0,0,13955.0,母版交易记录-20250101-20251231.txt,594,"2025-10-30	09:30:00	麦趣尔(002719.XSHE)	买	市价单	1500股	9.3	13,950.00	0.00	5.00",parsed
2025-10-30,09:30:00,300163.XSHE,先锋新材,sell,-5900,4.68,-27612.0,32.61,0,0,-27644.61,母版交易记录-20250101-20251231.txt,595,"2025-10-30	09:30:00	先锋新材(300163.XSHE)	卖	市价单	-5900股	4.68	-27,612.00	7,762.32	32.61",parsed
2025-10-30,09:30:00,300594.XSHE,朗进科技,buy,200,18.36,3672.0,5.0,0,0,3677.0,母版交易记录-20250101-20251231.txt,596,"2025-10-30	09:30:00	朗进科技(300594.XSHE)	买	市价单	200股	18.36	3,672.00	0.00	5.00",parsed
2025-10-30,09:30:00,301098.XSHE,金埔园林,buy,200,9.46,1892.0,5.0,0,0,1897.0,母版交易记录-20250101-20251231.txt,597,"2025-10-30	09:30:00	金埔园林(301098.XSHE)	买	市价单	200股	9.46	1,892.00	0.00	5.00",parsed
2025-10-30,09:30:00,300385.XSHE,雪浪环境,buy,100,5.4,540.0,5.0,0,0,545.0,母版交易记录-20250101-20251231.txt,598,2025-10-30	09:30:00	雪浪环境(300385.XSHE)	买	市价单	100股	5.4	540.00	0.00	5.00,parsed
2025-10-30,09:30:00,300405.XSHE,科隆股份,buy,4700,6.38,29986.0,5.0,0,0,29991.0,母版交易记录-20250101-20251231.txt,599,"2025-10-30	09:30:00	科隆股份(300405.XSHE)	买	市价单	4700股	6.38	29,986.00	0.00	5.00",parsed
2025-11-04,09:30:00,300736.XSHE,百邦科技,buy,100,13.82,1382.0,5.0,0,0,1387.0,母版交易记录-20250101-20251231.txt,601,"2025-11-04	09:30:00	百邦科技(300736.XSHE)	买	市价单	100股	13.82	1,382.00	0.00	5.00",parsed
2025-11-04,09:30:00,300929.XSHE,华骐环保,buy,100,11.35,1135.0,5.0,0,0,1140.0,母版交易记录-20250101-20251231.txt,602,"2025-11-04	09:30:00	华骐环保(300929.XSHE)	买	市价单	100股	11.35	1,135.00	0.00	5.00",parsed
2025-11-04,09:30:00,002193.XSHE,如意集团,sell,-600,5.75,-3450.0,8.45,0,0,-3458.45,母版交易记录-20250101-20251231.txt,603,"2025-11-04	09:30:00	如意集团(002193.XSHE)	卖	市价单	-600股	5.75	-3,450.00	67.82	8.45",parsed
2025-11-04,09:30:00,603729.XSHG,龙韵股份,sell,-100,17.69,-1769.0,6.77,0,0,-1775.77,母版交易记录-20250101-20251231.txt,604,"2025-11-04	09:30:00	龙韵股份(603729.XSHG)	卖	市价单	-100股	17.69	-1,769.00	110.92	6.77",parsed
2025-11-04,09:30:00,002719.XSHE,麦趣尔,buy,200,9.38,1876.0,5.0,0,0,1881.0,母版交易记录-20250101-20251231.txt,605,"2025-11-04	09:30:00	麦趣尔(002719.XSHE)	买	市价单	200股	9.38	1,876.00	0.00	5.00",parsed
2025-11-04,09:30:00,300163.XSHE,先锋新材,sell,-6700,4.82,-32294.0,37.29,0,0,-32331.29,母版交易记录-20250101-20251231.txt,606,"2025-11-04	09:30:00	先锋新材(300163.XSHE)	卖	市价单	-6700股	4.82	-32,294.00	9,752.84	37.29",parsed
2025-11-04,09:30:00,300594.XSHE,朗进科技,sell,-100,19.02,-1902.0,6.9,0,0,-1908.9,母版交易记录-20250101-20251231.txt,607,"2025-11-04	09:30:00	朗进科技(300594.XSHE)	卖	市价单	-100股	19.02	-1,902.00	109.22	6.90",parsed
2025-11-04,09:30:00,301098.XSHE,金埔园林,buy,300,9.42,2826.0,5.0,0,0,2831.0,母版交易记录-20250101-20251231.txt,608,"2025-11-04	09:30:00	金埔园林(301098.XSHE)	买	市价单	300股	9.42	2,826.00	0.00	5.00",parsed
2025-11-04,09:30:00,300385.XSHE,雪浪环境,sell,-200,5.79,-1158.0,6.16,0,0,-1164.16,母版交易记录-20250101-20251231.txt,609,"2025-11-04	09:30:00	雪浪环境(300385.XSHE)	卖	市价单	-200股	5.79	-1,158.00	99.60	6.16",parsed
2025-11-04,09:30:00,300736.XSHE,百邦科技,buy,300,13.82,4146.0,5.0,0,0,4151.0,母版交易记录-20250101-20251231.txt,610,"2025-11-04	09:30:00	百邦科技(300736.XSHE)	买	市价单	300股	13.82	4,146.00	0.00	5.00",parsed
2025-11-04,09:30:00,002883.XSHE,中设股份,buy,2600,11.74,30524.0,5.0,0,0,30529.0,母版交易记录-20250101-20251231.txt,611,"2025-11-04	09:30:00	中设股份(002883.XSHE)	买	市价单	2600股	11.74	30,524.00	0.00	5.00",parsed
2025-11-07,09:30:00,300736.XSHE,百邦科技,sell,-2700,15.5,-41850.0,46.85,0,0,-41896.85,母版交易记录-20250101-20251231.txt,613,"2025-11-07	09:30:00	百邦科技(300736.XSHE)	卖	市价单	-2700股	15.5	-41,850.00	10,527.01	46.85",parsed
2025-11-07,09:30:00,300929.XSHE,华骐环保,sell,-200,11.85,-2370.0,7.37,0,0,-2377.37,母版交易记录-20250101-20251231.txt,614,"2025-11-07	09:30:00	华骐环保(300929.XSHE)	卖	市价单	-200股	11.85	-2,370.00	385.43	7.37",parsed
2025-11-07,09:30:00,002193.XSHE,如意集团,sell,-200,5.93,-1186.0,6.19,0,0,-1192.19,母版交易记录-20250101-20251231.txt,615,"2025-11-07	09:30:00	如意集团(002193.XSHE)	卖	市价单	-200股	5.93	-1,186.00	58.61	6.19",parsed
2025-11-07,09:30:00,600768.XSHG,宁波富邦,buy,100,13.75,1375.0,5.0,0,0,1380.0,母版交易记录-20250101-20251231.txt,616,"2025-11-07	09:30:00	宁波富邦(600768.XSHG)	买	市价单	100股	13.75	1,375.00	0.00	5.00",parsed
2025-11-07,09:30:00,300163.XSHE,先锋新材,sell,-6600,5.06,-33396.0,38.4,0,0,-33434.4,母版交易记录-20250101-20251231.txt,617,"2025-11-07	09:30:00	先锋新材(300163.XSHE)	卖	市价单	-6600股	5.06	-33,396.00	11,191.28	38.40",parsed
2025-11-07,09:30:00,300594.XSHE,朗进科技,buy,200,18.8,3760.0,5.0,0,0,3765.0,母版交易记录-20250101-20251231.txt,618,"2025-11-07	09:30:00	朗进科技(300594.XSHE)	买	市价单	200股	18.8	3,760.00	0.00	5.00",parsed
2025-11-07,09:30:00,301098.XSHE,金埔园林,buy,400,9.41,3764.0,5.0,0,0,3769.0,母版交易记录-20250101-20251231.txt,619,"2025-11-07	09:30:00	金埔园林(301098.XSHE)	买	市价单	400股	9.41	3,764.00	0.00	5.00",parsed
2025-11-07,09:30:00,600455.XSHG,博通股份,buy,100,28.21,2821.0,5.0,0,0,2826.0,母版交易记录-20250101-20251231.txt,620,"2025-11-07	09:30:00	博通股份(600455.XSHG)	买	市价单	100股	28.21	2,821.00	0.00	5.00",parsed
2025-11-07,09:30:00,300385.XSHE,雪浪环境,buy,100,5.79,579.0,5.0,0,0,584.0,母版交易记录-20250101-20251231.txt,621,2025-11-07	09:30:00	雪浪环境(300385.XSHE)	买	市价单	100股	5.79	579.00	0.00	5.00,parsed
2025-11-07,09:30:00,300405.XSHE,科隆股份,buy,4800,6.58,31584.0,5.0,0,0,31589.0,母版交易记录-20250101-20251231.txt,622,"2025-11-07	09:30:00	科隆股份(300405.XSHE)	买	市价单	4800股	6.58	31,584.00	0.00	5.00",parsed
2025-11-07,09:30:00,002883.XSHE,中设股份,buy,2700,11.82,31914.0,5.0,0,0,31919.0,母版交易记录-20250101-20251231.txt,623,"2025-11-07	09:30:00	中设股份(002883.XSHE)	买	市价单	2700股	11.82	31,914.00	0.00	5.00",parsed
2025-11-12,09:30:00,300736.XSHE,百邦科技,sell,-2300,17.32,-39836.0,44.84,0,0,-39880.84,母版交易记录-20250101-20251231.txt,625,"2025-11-12	09:30:00	百邦科技(300736.XSHE)	卖	市价单	-2300股	17.32	-39,836.00	13,153.46	44.84",parsed
2025-11-12,09:30:00,002193.XSHE,如意集团,sell,-300,6.15,-1845.0,6.84,0,0,-1851.84,母版交易记录-20250101-20251231.txt,626,"2025-11-12	09:30:00	如意集团(002193.XSHE)	卖	市价单	-300股	6.15	-1,845.00	153.91	6.84",parsed
2025-11-12,09:30:00,600768.XSHG,宁波富邦,buy,400,13.62,5448.0,5.0,0,0,5453.0,母版交易记录-20250101-20251231.txt,627,"2025-11-12	09:30:00	宁波富邦(600768.XSHG)	买	市价单	400股	13.62	5,448.00	0.00	5.00",parsed
2025-11-12,09:30:00,603729.XSHG,龙韵股份,buy,100,18.19,1819.0,5.0,0,0,1824.0,母版交易记录-20250101-20251231.txt,628,"2025-11-12	09:30:00	龙韵股份(603729.XSHG)	买	市价单	100股	18.19	1,819.00	0.00	5.00",parsed
2025-11-12,09:30:00,002719.XSHE,麦趣尔,sell,-400,10.13,-4052.0,9.05,0,0,-4061.05,母版交易记录-20250101-20251231.txt,629,"2025-11-12	09:30:00	麦趣尔(002719.XSHE)	卖	市价单	-400股	10.13	-4,052.00	429.60	9.05",parsed
2025-11-12,09:30:00,300163.XSHE,先锋新材,sell,-5800,4.82,-27956.0,32.96,0,0,-27988.96,母版交易记录-20250101-20251231.txt,630,"2025-11-12	09:30:00	先锋新材(300163.XSHE)	卖	市价单	-5800股	4.82	-27,956.00	8,442.76	32.96",parsed
2025-11-12,09:30:00,300594.XSHE,朗进科技,buy,100,18.95,1895.0,5.0,0,0,1900.0,母版交易记录-20250101-20251231.txt,631,"2025-11-12	09:30:00	朗进科技(300594.XSHE)	买	市价单	100股	18.95	1,895.00	0.00	5.00",parsed
2025-11-12,09:30:00,301098.XSHE,金埔园林,buy,200,9.58,1916.0,5.0,0,0,1921.0,母版交易记录-20250101-20251231.txt,632,"2025-11-12	09:30:00	金埔园林(301098.XSHE)	买	市价单	200股	9.58	1,916.00	0.00	5.00",parsed
2025-11-12,09:30:00,600455.XSHG,博通股份,buy,100,28.3,2830.0,5.0,0,0,2835.0,母版交易记录-20250101-20251231.txt,633,"2025-11-12	09:30:00	博通股份(600455.XSHG)	买	市价单	100股	28.3	2,830.00	0.00	5.00",parsed
2025-11-12,09:30:00,300385.XSHE,雪浪环境,sell,-400,6.46,-2584.0,7.58,0,0,-2591.58,母版交易记录-20250101-20251231.txt,634,"2025-11-12	09:30:00	雪浪环境(300385.XSHE)	卖	市价单	-400股	6.46	-2,584.00	463.51	7.58",parsed
2025-11-12,09:30:00,300405.XSHE,科隆股份,sell,-300,7.01,-2103.0,7.1,0,0,-2110.1,母版交易记录-20250101-20251231.txt,635,"2025-11-12	09:30:00	科隆股份(300405.XSHE)	卖	市价单	-300股	7.01	-2,103.00	158.68	7.10",parsed
2025-11-12,09:30:00,002883.XSHE,中设股份,buy,2700,12.02,32454.0,5.0,0,0,32459.0,母版交易记录-20250101-20251231.txt,636,"2025-11-12	09:30:00	中设股份(002883.XSHE)	买	市价单	2700股	12.02	32,454.00	0.00	5.00",parsed
2025-11-12,09:30:00,300417.XSHE,南华仪器,buy,2200,14.08,30976.0,5.0,0,0,30981.0,母版交易记录-20250101-20251231.txt,637,"2025-11-12	09:30:00	南华仪器(300417.XSHE)	买	市价单	2200股	14.08	30,976.00	0.00	5.00",parsed
2025-11-17,09:30:00,300736.XSHE,百邦科技,sell,-2000,19,-38000.0,43.0,0,0,-38043.0,母版交易记录-20250101-20251231.txt,639,"2025-11-17	09:30:00	百邦科技(300736.XSHE)	卖	市价单	-2000股	19	-38,000.00	14,797.79	43.00",parsed
2025-11-17,09:30:00,002193.XSHE,如意集团,sell,-400,6.44,-2576.0,7.58,0,0,-2583.58,母版交易记录-20250101-20251231.txt,640,"2025-11-17	09:30:00	如意集团(002193.XSHE)	卖	市价单	-400股	6.44	-2,576.00	321.21	7.58",parsed
2025-11-17,09:30:00,603729.XSHG,龙韵股份,buy,100,18.44,1844.0,5.0,0,0,1849.0,母版交易记录-20250101-20251231.txt,641,"2025-11-17	09:30:00	龙韵股份(603729.XSHG)	买	市价单	100股	18.44	1,844.00	0.00	5.00",parsed
2025-11-17,09:30:00,300163.XSHE,先锋新材,sell,-6700,4.99,-33433.0,38.43,0,0,-33471.43,母版交易记录-20250101-20251231.txt,642,"2025-11-17	09:30:00	先锋新材(300163.XSHE)	卖	市价单	-6700股	4.99	-33,433.00	10,891.84	38.43",parsed
2025-11-17,09:30:00,301098.XSHE,金埔园林,buy,100,9.81,981.0,5.0,0,0,986.0,母版交易记录-20250101-20251231.txt,643,2025-11-17	09:30:00	金埔园林(301098.XSHE)	买	市价单	100股	9.81	981.00	0.00	5.00,parsed
2025-11-17,09:30:00,600455.XSHG,博通股份,buy,100,28.87,2887.0,5.0,0,0,2892.0,母版交易记录-20250101-20251231.txt,644,"2025-11-17	09:30:00	博通股份(600455.XSHG)	买	市价单	100股	28.87	2,887.00	0.00	5.00",parsed
2025-11-17,09:30:00,300385.XSHE,雪浪环境,buy,100,6.38,638.0,5.0,0,0,643.0,母版交易记录-20250101-20251231.txt,645,2025-11-17	09:30:00	雪浪环境(300385.XSHE)	买	市价单	100股	6.38	638.00	0.00	5.00,parsed
2025-11-17,09:30:00,300405.XSHE,科隆股份,sell,-100,7.37,-737.0,5.74,0,0,-742.74,母版交易记录-20250101-20251231.txt,646,2025-11-17	09:30:00	科隆股份(300405.XSHE)	卖	市价单	-100股	7.37	-737.00	88.89	5.74,parsed
2025-11-17,09:30:00,002883.XSHE,中设股份,buy,2800,12.21,34188.0,5.0,0,0,34193.0,母版交易记录-20250101-20251231.txt,647,"2025-11-17	09:30:00	中设股份(002883.XSHE)	买	市价单	2800股	12.21	34,188.00	0.00	5.00",parsed
2025-11-17,09:30:00,300417.XSHE,南华仪器,buy,2300,14.54,33442.0,5.0,0,0,33447.0,母版交易记录-20250101-20251231.txt,648,"2025-11-17	09:30:00	南华仪器(300417.XSHE)	买	市价单	2300股	14.54	33,442.00	0.00	5.00",parsed
2025-11-20,09:30:00,300736.XSHE,百邦科技,sell,-100,19.6,-1960.0,6.96,0,0,-1966.96,母版交易记录-20250101-20251231.txt,650,"2025-11-20	09:30:00	百邦科技(300736.XSHE)	卖	市价单	-100股	19.6	-1,960.00	799.89	6.96",parsed
2025-11-20,09:30:00,002193.XSHE,如意集团,buy,200,6.13,1226.0,5.0,0,0,1231.0,母版交易记录-20250101-20251231.txt,651,"2025-11-20	09:30:00	如意集团(002193.XSHE)	买	市价单	200股	6.13	1,226.00	0.00	5.00",parsed
2025-11-20,09:30:00,600768.XSHG,宁波富邦,buy,300,13.17,3951.0,5.0,0,0,3956.0,母版交易记录-20250101-20251231.txt,652,"2025-11-20	09:30:00	宁波富邦(600768.XSHG)	买	市价单	300股	13.17	3,951.00	0.00	5.00",parsed
2025-11-20,09:30:00,002719.XSHE,麦趣尔,buy,200,9.73,1946.0,5.0,0,0,1951.0,母版交易记录-20250101-20251231.txt,653,"2025-11-20	09:30:00	麦趣尔(002719.XSHE)	买	市价单	200股	9.73	1,946.00	0.00	5.00",parsed
2025-11-20,09:30:00,300385.XSHE,雪浪环境,sell,-5100,6.84,-34884.0,39.88,0,0,-34923.88,母版交易记录-20250101-20251231.txt,654,"2025-11-20	09:30:00	雪浪环境(300385.XSHE)	卖	市价单	-5100股	6.84	-34,884.00	7,739.89	39.88",parsed
2025-11-20,09:30:00,300405.XSHE,科隆股份,sell,-4800,7.59,-36432.0,41.43,0,0,-36473.43,母版交易记录-20250101-20251231.txt,655,"2025-11-20	09:30:00	科隆股份(300405.XSHE)	卖	市价单	-4800股	7.59	-36,432.00	5,322.95	41.43",parsed
2025-11-20,09:30:00,002883.XSHE,中设股份,buy,2500,11.96,29900.0,5.0,0,0,29905.0,母版交易记录-20250101-20251231.txt,656,"2025-11-20	09:30:00	中设股份(002883.XSHE)	买	市价单	2500股	11.96	29,900.00	0.00	5.00",parsed
2025-11-20,09:30:00,300417.XSHE,南华仪器,buy,2600,13.48,35048.0,5.0,0,0,35053.0,母版交易记录-20250101-20251231.txt,657,"2025-11-20	09:30:00	南华仪器(300417.XSHE)	买	市价单	2600股	13.48	35,048.00	0.00	5.00",parsed
2025-11-20,09:30:00,002719.XSHE,麦趣尔,buy,300,9.73,2919.0,5.0,0,0,2924.0,母版交易记录-20250101-20251231.txt,658,"2025-11-20	09:30:00	麦趣尔(002719.XSHE)	买	市价单	300股	9.73	2,919.00	0.00	5.00",parsed
2025-11-20,09:30:00,300594.XSHE,朗进科技,buy,200,18.55,3710.0,5.0,0,0,3715.0,母版交易记录-20250101-20251231.txt,659,"2025-11-20	09:30:00	朗进科技(300594.XSHE)	买	市价单	200股	18.55	3,710.00	0.00	5.00",parsed
2025-11-25,09:30:00,300736.XSHE,百邦科技,sell,-1700,19.2,-32640.0,37.64,0,0,-32677.64,母版交易记录-20250101-20251231.txt,661,"2025-11-25	09:30:00	百邦科技(300736.XSHE)	卖	市价单	-1700股	19.2	-32,640.00	12,918.12	37.64",parsed
2025-11-25,09:30:00,300929.XSHE,华骐环保,buy,100,11.43,1143.0,5.0,0,0,1148.0,母版交易记录-20250101-20251231.txt,662,"2025-11-25	09:30:00	华骐环保(300929.XSHE)	买	市价单	100股	11.43	1,143.00	0.00	5.00",parsed
2025-11-25,09:30:00,603729.XSHG,龙韵股份,sell,-200,17.84,-3568.0,8.57,0,0,-3576.57,母版交易记录-20250101-20251231.txt,663,"2025-11-25	09:30:00	龙韵股份(603729.XSHG)	卖	市价单	-200股	17.84	-3,568.00	244.05	8.57",parsed
2025-11-25,09:30:00,002719.XSHE,麦趣尔,buy,500,9.09,4545.0,5.0,0,0,4550.0,母版交易记录-20250101-20251231.txt,664,"2025-11-25	09:30:00	麦趣尔(002719.XSHE)	买	市价单	500股	9.09	4,545.00	0.00	5.00",parsed
2025-11-25,09:30:00,300594.XSHE,朗进科技,sell,-200,18.4,-3680.0,8.68,0,0,-3688.68,母版交易记录-20250101-20251231.txt,665,"2025-11-25	09:30:00	朗进科技(300594.XSHE)	卖	市价单	-200股	18.4	-3,680.00	85.11	8.68",parsed
2025-11-25,09:30:00,301098.XSHE,金埔园林,buy,200,8.99,1798.0,5.0,0,0,1803.0,母版交易记录-20250101-20251231.txt,666,"2025-11-25	09:30:00	金埔园林(301098.XSHE)	买	市价单	200股	8.99	1,798.00	0.00	5.00",parsed
2025-11-25,09:30:00,600455.XSHG,博通股份,buy,100,26.35,2635.0,5.0,0,0,2640.0,母版交易记录-20250101-20251231.txt,667,"2025-11-25	09:30:00	博通股份(600455.XSHG)	买	市价单	100股	26.35	2,635.00	0.00	5.00",parsed
2025-11-25,09:30:00,300405.XSHE,科隆股份,buy,200,6.82,1364.0,5.0,0,0,1369.0,母版交易记录-20250101-20251231.txt,668,"2025-11-25	09:30:00	科隆股份(300405.XSHE)	买	市价单	200股	6.82	1,364.00	0.00	5.00",parsed
2025-11-25,09:30:00,002883.XSHE,中设股份,sell,-2600,11.54,-30004.0,35.0,0,0,-30039.0,母版交易记录-20250101-20251231.txt,669,"2025-11-25	09:30:00	中设股份(002883.XSHE)	卖	市价单	-2600股	11.54	-30,004.00	-1,074.80	35.00",parsed
2025-11-25,09:30:00,300417.XSHE,南华仪器,buy,2200,13.18,28996.0,5.0,0,0,29001.0,母版交易记录-20250101-20251231.txt,670,"2025-11-25	09:30:00	南华仪器(300417.XSHE)	买	市价单	2200股	13.18	28,996.00	0.00	5.00",parsed
2025-11-25,09:30:00,300854.XSHE,中兰环保,buy,1600,17.49,27984.0,5.0,0,0,27989.0,母版交易记录-20250101-20251231.txt,671,"2025-11-25	09:30:00	中兰环保(300854.XSHE)	买	市价单	1600股	17.49	27,984.00	0.00	5.00",parsed
2025-11-28,09:30:00,300929.XSHE,华骐环保,buy,100,11.36,1136.0,5.0,0,0,1141.0,母版交易记录-20250101-20251231.txt,673,"2025-11-28	09:30:00	华骐环保(300929.XSHE)	买	市价单	100股	11.36	1,136.00	0.00	5.00",parsed
2025-11-28,09:30:00,002193.XSHE,如意集团,sell,-600,6.13,-3678.0,8.68,0,0,-3686.68,母版交易记录-20250101-20251231.txt,674,"2025-11-28	09:30:00	如意集团(002193.XSHE)	卖	市价单	-600股	6.13	-3,678.00	293.54	8.68",parsed
2025-11-28,09:30:00,600768.XSHG,宁波富邦,sell,-100,13.01,-1301.0,6.3,0,0,-1307.3,母版交易记录-20250101-20251231.txt,675,"2025-11-28	09:30:00	宁波富邦(600768.XSHG)	卖	市价单	-100股	13.01	-1,301.00	196.34	6.30",parsed
2025-11-28,09:30:00,603729.XSHG,龙韵股份,buy,100,17.55,1755.0,5.0,0,0,1760.0,母版交易记录-20250101-20251231.txt,676,"2025-11-28	09:30:00	龙韵股份(603729.XSHG)	买	市价单	100股	17.55	1,755.00	0.00	5.00",parsed
2025-11-28,09:30:00,002719.XSHE,麦趣尔,sell,-400,9.45,-3780.0,8.78,0,0,-3788.78,母版交易记录-20250101-20251231.txt,677,"2025-11-28	09:30:00	麦趣尔(002719.XSHE)	卖	市价单	-400股	9.45	-3,780.00	149.22	8.78",parsed
2025-11-28,09:30:00,300594.XSHE,朗进科技,buy,200,18.06,3612.0,5.0,0,0,3617.0,母版交易记录-20250101-20251231.txt,678,"2025-11-28	09:30:00	朗进科技(300594.XSHE)	买	市价单	200股	18.06	3,612.00	0.00	5.00",parsed
2025-11-28,09:30:00,300405.XSHE,科隆股份,sell,-4500,7.26,-32670.0,37.67,0,0,-32707.67,母版交易记录-20250101-20251231.txt,679,"2025-11-28	09:30:00	科隆股份(300405.XSHE)	卖	市价单	-4500股	7.26	-32,670.00	3,437.47	37.67",parsed
2025-11-28,09:30:00,002883.XSHE,中设股份,sell,-2700,11.68,-31536.0,36.54,0,0,-31572.54,母版交易记录-20250101-20251231.txt,680,"2025-11-28	09:30:00	中设股份(002883.XSHE)	卖	市价单	-2700股	11.68	-31,536.00	-738.14	36.54",parsed
2025-11-28,09:30:00,300417.XSHE,南华仪器,buy,2500,13.13,32825.0,5.0,0,0,32830.0,母版交易记录-20250101-20251231.txt,681,"2025-11-28	09:30:00	南华仪器(300417.XSHE)	买	市价单	2500股	13.13	32,825.00	0.00	5.00",parsed
2025-11-28,09:30:00,300854.XSHE,中兰环保,buy,1900,17.5,33250.0,5.0,0,0,33255.0,母版交易记录-20250101-20251231.txt,682,"2025-11-28	09:30:00	中兰环保(300854.XSHE)	买	市价单	1900股	17.5	33,250.00	0.00	5.00",parsed
2025-11-28,09:30:00,300929.XSHE,华骐环保,buy,100,11.36,1136.0,5.0,0,0,1141.0,母版交易记录-20250101-20251231.txt,683,"2025-11-28	09:30:00	华骐环保(300929.XSHE)	买	市价单	100股	11.36	1,136.00	0.00	5.00",parsed
2025-12-03,09:30:00,002193.XSHE,如意集团,buy,100,6.13,613.0,5.0,0,0,618.0,母版交易记录-20250101-20251231.txt,685,2025-12-03	09:30:00	如意集团(002193.XSHE)	买	市价单	100股	6.13	613.00	0.00	5.00,parsed
2025-12-03,09:30:00,600768.XSHG,宁波富邦,sell,-400,13.78,-5512.0,10.51,0,0,-5522.51,母版交易记录-20250101-20251231.txt,686,"2025-12-03	09:30:00	宁波富邦(600768.XSHG)	卖	市价单	-400股	13.78	-5,512.00	1,093.37	10.51",parsed
2025-12-03,09:30:00,603729.XSHG,龙韵股份,buy,300,17.48,5244.0,5.0,0,0,5249.0,母版交易记录-20250101-20251231.txt,687,"2025-12-03	09:30:00	龙韵股份(603729.XSHG)	买	市价单	300股	17.48	5,244.00	0.00	5.00",parsed
2025-12-03,09:30:00,301098.XSHE,金埔园林,sell,-300,9.5,-2850.0,7.85,0,0,-2857.85,母版交易记录-20250101-20251231.txt,688,"2025-12-03	09:30:00	金埔园林(301098.XSHE)	卖	市价单	-300股	9.5	-2,850.00	113.76	7.85",parsed
2025-12-03,09:30:00,002883.XSHE,中设股份,buy,100,11.77,1177.0,5.0,0,0,1182.0,母版交易记录-20250101-20251231.txt,689,"2025-12-03	09:30:00	中设股份(002883.XSHE)	买	市价单	100股	11.77	1,177.00	0.00	5.00",parsed
2025-12-03,09:30:00,300417.XSHE,南华仪器,sell,-2600,13.92,-36192.0,41.19,0,0,-36233.19,母版交易记录-20250101-20251231.txt,690,"2025-12-03	09:30:00	南华仪器(300417.XSHE)	卖	市价单	-2600股	13.92	-36,192.00	654.19	41.19",parsed
2025-12-03,09:30:00,300854.XSHE,中兰环保,buy,1900,17.5,33250.0,5.0,0,0,33255.0,母版交易记录-20250101-20251231.txt,691,"2025-12-03	09:30:00	中兰环保(300854.XSHE)	买	市价单	1900股	17.5	33,250.00	0.00	5.00",parsed
2025-12-03,09:30:00,002193.XSHE,如意集团,buy,400,6.13,2452.0,5.0,0,0,2457.0,母版交易记录-20250101-20251231.txt,692,"2025-12-03	09:30:00	如意集团(002193.XSHE)	买	市价单	400股	6.13	2,452.00	0.00	5.00",parsed
2025-12-03,09:30:00,300594.XSHE,朗进科技,buy,100,18.19,1819.0,5.0,0,0,1824.0,母版交易记录-20250101-20251231.txt,693,"2025-12-03	09:30:00	朗进科技(300594.XSHE)	买	市价单	100股	18.19	1,819.00	0.00	5.00",parsed
2025-12-08,09:30:00,600768.XSHG,宁波富邦,sell,-100,13.68,-1368.0,6.37,0,0,-1374.37,母版交易记录-20250101-20251231.txt,695,"2025-12-08	09:30:00	宁波富邦(600768.XSHG)	卖	市价单	-100股	13.68	-1,368.00	263.34	6.37",parsed
2025-12-08,09:30:00,603729.XSHG,龙韵股份,buy,100,17,1700.0,5.0,0,0,1705.0,母版交易记录-20250101-20251231.txt,696,"2025-12-08	09:30:00	龙韵股份(603729.XSHG)	买	市价单	100股	17	1,700.00	0.00	5.00",parsed
2025-12-08,09:30:00,301098.XSHE,金埔园林,sell,-100,9.38,-938.0,5.94,0,0,-943.94,母版交易记录-20250101-20251231.txt,697,2025-12-08	09:30:00	金埔园林(301098.XSHE)	卖	市价单	-100股	9.38	-938.00	25.92	5.94,parsed
2025-12-08,09:30:00,300417.XSHE,南华仪器,sell,-2500,14.14,-35350.0,40.35,0,0,-35390.35,母版交易记录-20250101-20251231.txt,698,"2025-12-08	09:30:00	南华仪器(300417.XSHE)	卖	市价单	-2500股	14.14	-35,350.00	1,179.03	40.35",parsed
2025-12-08,09:30:00,300854.XSHE,中兰环保,buy,1700,17.49,29733.0,5.0,0,0,29738.0,母版交易记录-20250101-20251231.txt,699,"2025-12-08	09:30:00	中兰环保(300854.XSHE)	买	市价单	1700股	17.49	29,733.00	0.00	5.00",parsed
2025-12-08,09:30:00,300929.XSHE,华骐环保,buy,200,11.34,2268.0,5.0,0,0,2273.0,母版交易记录-20250101-20251231.txt,700,"2025-12-08	09:30:00	华骐环保(300929.XSHE)	买	市价单	200股	11.34	2,268.00	0.00	5.00",parsed
2025-12-08,09:30:00,300594.XSHE,朗进科技,buy,100,17.64,1764.0,5.0,0,0,1769.0,母版交易记录-20250101-20251231.txt,701,"2025-12-08	09:30:00	朗进科技(300594.XSHE)	买	市价单	100股	17.64	1,764.00	0.00	5.00",parsed
2025-12-11,09:30:00,300929.XSHE,华骐环保,sell,-200,11.25,-2250.0,7.25,0,0,-2257.25,母版交易记录-20250101-20251231.txt,703,"2025-12-11	09:30:00	华骐环保(300929.XSHE)	卖	市价单	-200股	11.25	-2,250.00	254.97	7.25",parsed
2025-12-11,09:30:00,002193.XSHE,如意集团,buy,300,5.81,1743.0,5.0,0,0,1748.0,母版交易记录-20250101-20251231.txt,704,"2025-12-11	09:30:00	如意集团(002193.XSHE)	买	市价单	300股	5.81	1,743.00	0.00	5.00",parsed
2025-12-11,09:30:00,301098.XSHE,金埔园林,buy,200,9,1800.0,5.0,0,0,1805.0,母版交易记录-20250101-20251231.txt,705,"2025-12-11	09:30:00	金埔园林(301098.XSHE)	买	市价单	200股	9	1,800.00	0.00	5.00",parsed
2025-12-11,09:30:00,300417.XSHE,南华仪器,sell,-2300,14.13,-32499.0,37.5,0,0,-32536.5,母版交易记录-20250101-20251231.txt,706,"2025-12-11	09:30:00	南华仪器(300417.XSHE)	卖	市价单	-2300股	14.13	-32,499.00	1,061.70	37.50",parsed
2025-12-11,09:30:00,300854.XSHE,中兰环保,buy,1900,16.85,32015.0,5.0,0,0,32020.0,母版交易记录-20250101-20251231.txt,707,"2025-12-11	09:30:00	中兰环保(300854.XSHE)	买	市价单	1900股	16.85	32,015.00	0.00	5.00",parsed
2025-12-16,09:30:00,600768.XSHG,宁波富邦,sell,-100,12.8,-1280.0,6.28,0,0,-1286.28,母版交易记录-20250101-20251231.txt,709,"2025-12-16	09:30:00	宁波富邦(600768.XSHG)	卖	市价单	-100股	12.8	-1,280.00	175.34	6.28",parsed
2025-12-16,09:30:00,002719.XSHE,麦趣尔,buy,300,8.64,2592.0,5.0,0,0,2597.0,母版交易记录-20250101-20251231.txt,710,"2025-12-16	09:30:00	麦趣尔(002719.XSHE)	买	市价单	300股	8.64	2,592.00	0.00	5.00",parsed
2025-12-16,09:30:00,300417.XSHE,南华仪器,sell,-2200,13.49,-29678.0,34.68,0,0,-29712.68,母版交易记录-20250101-20251231.txt,711,"2025-12-16	09:30:00	南华仪器(300417.XSHE)	卖	市价单	-2200股	13.49	-29,678.00	-392.46	34.68",parsed
2025-12-16,09:30:00,301098.XSHE,金埔园林,buy,200,8.45,1690.0,5.0,0,0,1695.0,母版交易记录-20250101-20251231.txt,712,"2025-12-16	09:30:00	金埔园林(301098.XSHE)	买	市价单	200股	8.45	1,690.00	0.00	5.00",parsed
2025-12-16,09:30:00,002883.XSHE,中设股份,buy,2600,10.78,28028.0,5.0,0,0,28033.0,母版交易记录-20250101-20251231.txt,713,"2025-12-16	09:30:00	中设股份(002883.XSHE)	买	市价单	2600股	10.78	28,028.00	0.00	5.00",parsed
2025-12-19,09:30:00,300929.XSHE,华骐环保,sell,-400,11.2,-4480.0,9.48,0,0,-4489.48,母版交易记录-20250101-20251231.txt,715,"2025-12-19	09:30:00	华骐环保(300929.XSHE)	卖	市价单	-400股	11.2	-4,480.00	489.94	9.48",parsed
2025-12-19,09:30:00,002193.XSHE,如意集团,buy,500,5.51,2755.0,5.0,0,0,2760.0,母版交易记录-20250101-20251231.txt,716,"2025-12-19	09:30:00	如意集团(002193.XSHE)	买	市价单	500股	5.51	2,755.00	0.00	5.00",parsed
2025-12-19,09:30:00,603729.XSHG,龙韵股份,buy,100,15.8,1580.0,5.0,0,0,1585.0,母版交易记录-20250101-20251231.txt,717,"2025-12-19	09:30:00	龙韵股份(603729.XSHG)	买	市价单	100股	15.8	1,580.00	0.00	5.00",parsed
2025-12-19,09:30:00,002719.XSHE,麦趣尔,sell,-300,8.94,-2682.0,7.68,0,0,-2689.68,母版交易记录-20250101-20251231.txt,718,"2025-12-19	09:30:00	麦趣尔(002719.XSHE)	卖	市价单	-300股	8.94	-2,682.00	-38.74	7.68",parsed
2025-12-19,09:30:00,300594.XSHE,朗进科技,sell,-100,17.05,-1705.0,6.7,0,0,-1711.7,母版交易记录-20250101-20251231.txt,719,"2025-12-19	09:30:00	朗进科技(300594.XSHE)	卖	市价单	-100股	17.05	-1,705.00	-92.50	6.70",parsed
2025-12-19,09:30:00,301098.XSHE,金埔园林,buy,200,8.51,1702.0,5.0,0,0,1707.0,母版交易记录-20250101-20251231.txt,720,"2025-12-19	09:30:00	金埔园林(301098.XSHE)	买	市价单	200股	8.51	1,702.00	0.00	5.00",parsed
2025-12-19,09:30:00,002883.XSHE,中设股份,buy,200,10.94,2188.0,5.0,0,0,2193.0,母版交易记录-20250101-20251231.txt,721,"2025-12-19	09:30:00	中设股份(002883.XSHE)	买	市价单	200股	10.94	2,188.00	0.00	5.00",parsed
2025-12-19,09:30:00,300417.XSHE,南华仪器,sell,-2200,13.25,-29150.0,34.15,0,0,-29184.15,母版交易记录-20250101-20251231.txt,722,"2025-12-19	09:30:00	南华仪器(300417.XSHE)	卖	市价单	-2200股	13.25	-29,150.00	-920.46	34.15",parsed
2025-12-19,09:30:00,300854.XSHE,中兰环保,buy,100,16.05,1605.0,5.0,0,0,1610.0,母版交易记录-20250101-20251231.txt,723,"2025-12-19	09:30:00	中兰环保(300854.XSHE)	买	市价单	100股	16.05	1,605.00	0.00	5.00",parsed
2025-12-19,09:30:00,002883.XSHE,中设股份,buy,2500,10.94,27350.0,5.0,0,0,27355.0,母版交易记录-20250101-20251231.txt,724,"2025-12-19	09:30:00	中设股份(002883.XSHE)	买	市价单	2500股	10.94	27,350.00	0.00	5.00",parsed
2025-12-24,09:30:00,300929.XSHE,华骐环保,buy,100,10.76,1076.0,5.0,0,0,1081.0,母版交易记录-20250101-20251231.txt,726,"2025-12-24	09:30:00	华骐环保(300929.XSHE)	买	市价单	100股	10.76	1,076.00	0.00	5.00",parsed
2025-12-24,09:30:00,600768.XSHG,宁波富邦,sell,-2400,13.29,-31896.0,36.9,0,0,-31932.9,母版交易记录-20250101-20251231.txt,727,"2025-12-24	09:30:00	宁波富邦(600768.XSHG)	卖	市价单	-2400股	13.29	-31,896.00	5,384.20	36.90",parsed
2025-12-24,09:30:00,002719.XSHE,麦趣尔,buy,300,8.84,2652.0,5.0,0,0,2657.0,母版交易记录-20250101-20251231.txt,728,"2025-12-24	09:30:00	麦趣尔(002719.XSHE)	买	市价单	300股	8.84	2,652.00	0.00	5.00",parsed
2025-12-24,09:30:00,300594.XSHE,朗进科技,sell,-2400,19.1,-45840.0,50.84,0,0,-45890.84,母版交易记录-20250101-20251231.txt,729,"2025-12-24	09:30:00	朗进科技(300594.XSHE)	卖	市价单	-2400股	19.1	-45,840.00	2,699.92	50.84",parsed
2025-12-24,09:30:00,301098.XSHE,金埔园林,buy,100,8.51,851.0,5.0,0,0,856.0,母版交易记录-20250101-20251231.txt,730,2025-12-24	09:30:00	金埔园林(301098.XSHE)	买	市价单	100股	8.51	851.00	0.00	5.00,parsed
2025-12-24,09:30:00,002883.XSHE,中设股份,buy,200,10.87,2174.0,5.0,0,0,2179.0,母版交易记录-20250101-20251231.txt,731,"2025-12-24	09:30:00	中设股份(002883.XSHE)	买	市价单	200股	10.87	2,174.00	0.00	5.00",parsed
2025-12-24,09:30:00,300854.XSHE,中兰环保,buy,100,16.01,1601.0,5.0,0,0,1606.0,母版交易记录-20250101-20251231.txt,732,"2025-12-24	09:30:00	中兰环保(300854.XSHE)	买	市价单	100股	16.01	1,601.00	0.00	5.00",parsed
2025-12-24,09:30:00,300929.XSHE,华骐环保,buy,500,10.76,5380.0,5.0,0,0,5385.0,母版交易记录-20250101-20251231.txt,733,"2025-12-24	09:30:00	华骐环保(300929.XSHE)	买	市价单	500股	10.76	5,380.00	0.00	5.00",parsed
2025-12-24,09:30:00,002193.XSHE,如意集团,buy,800,5.41,4328.0,5.0,0,0,4333.0,母版交易记录-20250101-20251231.txt,734,"2025-12-24	09:30:00	如意集团(002193.XSHE)	买	市价单	800股	5.41	4,328.00	0.00	5.00",parsed
2025-12-24,09:30:00,301372.XSHE,科净源,buy,1100,25.23,27753.0,5.0,0,0,27758.0,母版交易记录-20250101-20251231.txt,735,"2025-12-24	09:30:00	科净源(301372.XSHE)	买	市价单	1100股	25.23	27,753.00	0.00	5.00",parsed
2025-12-24,09:30:00,600543.XSHG,莫高股份,buy,5400,5.42,29268.0,5.0,0,0,29273.0,母版交易记录-20250101-20251231.txt,736,"2025-12-24	09:30:00	莫高股份(600543.XSHG)	买	市价单	5400股	5.42	29,268.00	0.00	5.00",parsed
2025-12-29,09:30:00,300929.XSHE,华骐环保,buy,100,10.74,1074.0,5.0,0,0,1079.0,母版交易记录-20250101-20251231.txt,738,"2025-12-29	09:30:00	华骐环保(300929.XSHE)	买	市价单	100股	10.74	1,074.00	0.00	5.00",parsed
2025-12-29,09:30:00,002193.XSHE,如意集团,buy,300,5.38,1614.0,5.0,0,0,1619.0,母版交易记录-20250101-20251231.txt,739,"2025-12-29	09:30:00	如意集团(002193.XSHE)	买	市价单	300股	5.38	1,614.00	0.00	5.00",parsed
2025-12-29,09:30:00,600768.XSHG,宁波富邦,sell,-2300,13.49,-31027.0,36.03,0,0,-31063.03,母版交易记录-20250101-20251231.txt,740,"2025-12-29	09:30:00	宁波富邦(600768.XSHG)	卖	市价单	-2300股	13.49	-31,027.00	5,619.86	36.03",parsed
2025-12-29,09:30:00,002719.XSHE,麦趣尔,buy,300,8.74,2622.0,5.0,0,0,2627.0,母版交易记录-20250101-20251231.txt,741,"2025-12-29	09:30:00	麦趣尔(002719.XSHE)	买	市价单	300股	8.74	2,622.00	0.00	5.00",parsed
2025-12-29,09:30:00,300594.XSHE,朗进科技,sell,-1600,19.46,-31136.0,36.14,0,0,-31172.14,母版交易记录-20250101-20251231.txt,742,"2025-12-29	09:30:00	朗进科技(300594.XSHE)	卖	市价单	-1600股	19.46	-31,136.00	2,375.95	36.14",parsed
2025-12-29,09:30:00,300854.XSHE,中兰环保,sell,-200,16.75,-3350.0,8.35,0,0,-3358.35,母版交易记录-20250101-20251231.txt,743,"2025-12-29	09:30:00	中兰环保(300854.XSHE)	卖	市价单	-200股	16.75	-3,350.00	-116.04	8.35",parsed
2025-12-29,09:30:00,301372.XSHE,科净源,buy,1200,25.36,30432.0,5.0,0,0,30437.0,母版交易记录-20250101-20251231.txt,744,"2025-12-29	09:30:00	科净源(301372.XSHE)	买	市价单	1200股	25.36	30,432.00	0.00	5.00",parsed
