date,code,side,jq_quantity,local_quantity,quantity_diff,jq_price,local_price,price_diff,jq_gross_amount,local_gross_amount,gross_amount_diff,jq_commission,local_commission,jq_tax,local_tax,match_status,diff_reason
2020-01-02,511880.XSHG,buy,9900,9900,0,100.106,100.106,0.0,991049.4,991049.3999999999,-1.1641532182693481e-10,0.0,0.0,0,0.0,exact_match,unknown
2020-02-03,002076.XSHE,buy,9600,9600,0,2.08,2.08,0.0,19968.0,19968.0,0.0,5.0,5.0,0,0.0,exact_match,unknown
2020-02-03,300218.XSHE,buy,2800,2800,0,6.95,6.95,0.0,19460.0,19460.0,0.0,5.0,5.0,0,0.0,exact_match,unknown
2020-02-03,300412.XSHE,buy,3200,3200,0,6.09,6.09,0.0,19488.0,19488.0,0.0,5.0,5.0,0,0.0,exact_match,unknown
2020-02-03,300539.XSHE,buy,3100,3100,0,6.38,6.38,0.0,19778.0,19778.0,0.0,5.0,5.0,0,0.0,exact_match,unknown
2020-02-03,511880.XSHG,sell,9900,9900,0,100.311,100.311,0.0,993078.9,993078.9,0.0,0.0,0.0,0,0.0,exact_match,unknown
2020-02-03,600671.XSHG,buy,1700,1700,0,11.24,11.24,0.0,19108.0,19108.0,0.0,5.0,5.0,0,0.0,exact_match,unknown
2020-02-03,600766.XSHG,buy,2900,2900,0,6.76,6.76,0.0,19604.0,19604.0,0.0,5.0,5.0,0,0.0,exact_match,unknown
2020-02-03,600791.XSHG,buy,6300,6300,0,3.15,3.15,0.0,19845.0,19845.0,0.0,5.0,5.0,0,0.0,exact_match,unknown
2020-02-03,600889.XSHG,buy,4800,4800,0,4.13,4.13,0.0,19824.0,19824.0,0.0,5.0,5.0,0,0.0,exact_match,unknown
2020-02-03,603139.XSHG,buy,1200,1200,0,15.64,15.64,0.0,18768.0,18768.0,0.0,5.0,5.0,0,0.0,exact_match,unknown
2020-02-03,603356.XSHG,buy,1600,1600,0,11.99,11.99,0.0,19184.0,19184.0,0.0,5.0,5.0,0,0.0,exact_match,unknown
2020-02-06,000679.XSHE,buy,6600,6600,0,3.03,3.03,0.0,19998.0,19998.0,0.0,5.0,5.0,0,0.0,exact_match,unknown
2020-02-06,000691.XSHE,buy,5700,5700,0,3.5,3.5,0.0,19950.0,19950.0,0.0,5.0,5.0,0,0.0,exact_match,unknown
2020-02-06,000929.XSHE,buy,3300,3300,0,6.05,6.05,0.0,19965.0,19965.0,0.0,5.0,5.0,0,0.0,exact_match,unknown
2020-02-06,002076.XSHE,sell,400,400,0,2.22,2.22,0.0,888.0,888.0000000000001,1.1368683772161603e-13,5.89,5.0,0,0.89,exact_match,unknown
2020-02-06,002473.XSHE,buy,2900,2900,0,6.86,6.86,0.0,19894.0,19894.0,0.0,5.0,5.0,0,0.0,exact_match,unknown
2020-02-06,300029.XSHE,buy,3800,3800,0,5.33,5.33,0.0,20254.0,20254.0,0.0,5.0,5.0,0,0.0,exact_match,unknown
2020-02-06,300106.XSHE,buy,3800,3800,0,5.25,5.25,0.0,19950.0,19950.0,0.0,5.0,5.0,0,0.0,exact_match,unknown
2020-02-06,300412.XSHE,sell,100,100,0,6.72,6.72,0.0,672.0,672.0,0.0,5.67,5.0,0,0.67,exact_match,unknown
2020-02-06,300665.XSHE,buy,2100,2100,0,9.29,9.29,0.0,19509.0,19509.0,0.0,5.0,5.0,0,0.0,exact_match,unknown
2020-02-06,600241.XSHG,buy,5100,5100,0,3.94,3.94,0.0,20094.0,20094.0,0.0,5.0,5.0,0,0.0,exact_match,unknown
2020-02-06,600561.XSHG,buy,4300,4300,0,4.62,4.62,0.0,19866.0,19866.0,0.0,5.0,5.0,0,0.0,exact_match,unknown
2020-02-06,600889.XSHG,sell,100,100,0,4.39,4.39,0.0,439.0,438.99999999999994,-5.684341886080802e-14,5.44,5.0,0,0.44,exact_match,unknown
2020-02-06,603991.XSHG,buy,1300,1300,0,15.22,15.22,0.0,19786.0,19786.0,0.0,5.0,5.0,0,0.0,exact_match,unknown
2020-02-11,000679.XSHE,buy,5900,5900,0,3.29,3.29,0.0,19411.0,19411.0,0.0,5.0,5.0,0,0.0,exact_match,unknown
2020-02-11,000691.XSHE,buy,5600,5600,0,3.65,3.65,0.0,20440.0,20440.0,0.0,5.0,5.0,0,0.0,exact_match,unknown
2020-02-11,000929.XSHE,buy,3200,3200,0,6.3,6.3,0.0,20160.0,20160.0,0.0,5.0,5.0,0,0.0,exact_match,unknown
2020-02-11,002076.XSHE,sell,700,700,0,2.45,2.45,0.0,1715.0,1715.0000000000002,2.2737367544323206e-13,6.72,5.0,0,1.72,exact_match,unknown
2020-02-11,002473.XSHE,buy,2800,2800,0,7.2,7.2,0.0,20160.0,20160.0,0.0,5.0,5.0,0,0.0,exact_match,unknown
2020-02-11,300029.XSHE,buy,3700,3700,0,5.45,5.45,0.0,20165.0,20165.0,0.0,5.0,5.0,0,0.0,exact_match,unknown
2020-02-11,300106.XSHE,sell,100,100,0,5.69,5.69,0.0,569.0,569.0,0.0,5.57,5.0,0,0.57,exact_match,unknown
2020-02-11,300412.XSHE,sell,100,100,0,7.04,7.04,0.0,704.0,704.0,0.0,5.7,5.0,0,0.7,exact_match,unknown
2020-02-11,300665.XSHE,buy,2200,2200,0,9.54,9.54,0.0,20988.0,20987.999999999996,-3.637978807091713e-12,5.0,5.0,0,0.0,exact_match,unknown
2020-02-11,300736.XSHE,buy,2200,2200,0,9.19,9.19,0.0,20218.0,20218.0,0.0,5.0,5.0,0,0.0,exact_match,unknown
2020-02-11,600241.XSHG,buy,5100,5100,0,4.05,4.05,0.0,20655.0,20655.0,0.0,5.0,5.0,0,0.0,exact_match,unknown
2020-02-11,600561.XSHG,buy,4200,4200,0,4.86,4.86,0.0,20412.0,20412.0,0.0,5.0,5.0,0,0.0,exact_match,unknown
2020-02-11,600766.XSHG,sell,100,100,0,7.45,7.45,0.0,745.0,745.0,0.0,5.74,5.0,0,0.74,exact_match,unknown
2020-02-11,600889.XSHG,sell,100,100,0,4.56,4.56,0.0,456.0,455.99999999999994,-5.684341886080802e-14,5.46,5.0,0,0.46,exact_match,unknown
2020-02-11,603991.XSHG,buy,1300,1300,0,15.67,15.67,0.0,20371.0,20371.0,0.0,5.0,5.0,0,0.0,exact_match,unknown
2020-02-14,000679.XSHE,sell,100,100,0,3.3,3.3,0.0,330.0,330.0,0.0,5.33,5.0,0,0.33,exact_match,unknown
2020-02-14,000691.XSHE,buy,6000,6000,0,3.53,3.53,0.0,21180.0,21180.0,0.0,5.0,5.0,0,0.0,exact_match,unknown
2020-02-14,000929.XSHE,buy,3300,3300,0,6.21,6.21,0.0,20493.0,20493.0,0.0,5.0,5.0,0,0.0,exact_match,unknown
2020-02-14,002076.XSHE,buy,600,600,0,2.23,2.23,0.0,1338.0,1338.0,0.0,5.0,5.0,0,0.0,exact_match,unknown
2020-02-14,002473.XSHE,buy,2700,2700,0,7.27,7.27,0.0,19629.0,19629.0,0.0,5.0,5.0,0,0.0,exact_match,unknown
2020-02-14,002633.XSHE,buy,2600,2600,0,7.77,7.77,0.0,20202.0,20202.0,0.0,5.0,5.0,0,0.0,exact_match,unknown
2020-02-14,300029.XSHE,buy,3700,3700,0,5.43,5.43,0.0,20091.0,20091.0,0.0,5.0,5.0,0,0.0,exact_match,unknown
2020-02-14,300106.XSHE,buy,3700,3700,0,5.47,5.47,0.0,20239.0,20239.0,0.0,5.0,5.0,0,0.0,exact_match,unknown
2020-02-14,300665.XSHE,buy,2200,2200,0,9.36,9.36,0.0,20592.0,20592.0,0.0,5.0,5.0,0,0.0,exact_match,unknown
2020-02-14,300736.XSHE,buy,2300,2300,0,9.01,9.01,0.0,20723.0,20723.0,0.0,5.0,5.0,0,0.0,exact_match,unknown
2020-02-14,600241.XSHG,sell,100,100,0,4.07,4.07,0.0,407.0,407.0,0.0,5.41,5.0,0,0.41,exact_match,unknown
2020-02-14,600561.XSHG,buy,4300,4300,0,4.78,4.78,0.0,20554.0,20554.0,0.0,5.0,5.0,0,0.0,exact_match,unknown
2020-02-14,600766.XSHG,sell,100,100,0,7.66,7.66,0.0,766.0,766.0,0.0,5.77,5.0,0,0.77,exact_match,unknown
2020-02-14,603991.XSHG,buy,1300,1300,0,15.48,15.48,0.0,20124.0,20124.0,0.0,5.0,5.0,0,0.0,exact_match,unknown
2020-02-19,000679.XSHE,buy,6500,6500,0,3.41,3.41,0.0,22165.0,22165.0,0.0,5.0,5.0,0,0.0,exact_match,unknown
2020-02-19,000691.XSHE,buy,5600,5600,0,3.75,3.75,0.0,21000.0,21000.0,0.0,5.0,5.0,0,0.0,exact_match,unknown
2020-02-19,000929.XSHE,buy,3500,3500,0,6.48,6.48,0.0,22680.0,22680.0,0.0,5.0,5.0,0,0.0,exact_match,unknown
2020-02-19,002076.XSHE,buy,100,100,0,2.32,2.32,0.0,232.0,231.99999999999997,-2.842170943040401e-14,5.0,5.0,0,0.0,exact_match,unknown
2020-02-19,002473.XSHE,buy,2700,2700,0,7.7,7.7,0.0,20790.0,20790.0,0.0,5.0,5.0,0,0.0,exact_match,unknown
2020-02-19,002633.XSHE,buy,1500,1500,0,8.1,8.1,0.0,12150.0,12150.0,0.0,5.0,5.0,0,0.0,exact_match,unknown
2020-02-19,300029.XSHE,sell,900,900,0,6.33,6.33,0.0,5697.0,5697.0,0.0,10.7,5.0,0,5.7,exact_match,unknown
2020-02-19,300106.XSHE,buy,3500,3500,0,5.89,5.89,0.0,20615.0,20615.0,0.0,5.0,5.0,0,0.0,exact_match,unknown
2020-02-19,300412.XSHE,sell,500,500,0,8.74,8.73,-0.009999999999999787,4370.0,4365.0,-5.0,9.37,5.0,0,4.37,price_diff,unknown
2020-02-19,300665.XSHE,buy,2200,2200,0,9.85,9.85,0.0,21670.0,21670.0,0.0,5.0,5.0,0,0.0,exact_match,unknown
2020-02-19,600241.XSHG,buy,5200,5200,0,4.22,4.22,0.0,21944.0,21944.0,0.0,5.0,5.0,0,0.0,exact_match,unknown
2020-02-19,600561.XSHG,buy,4200,4200,0,5.05,5.05,0.0,21210.0,21210.0,0.0,5.0,5.0,0,0.0,exact_match,unknown
2020-02-19,603991.XSHG,buy,1400,1400,0,16.0,16.0,0.0,22400.0,22400.0,0.0,5.0,5.0,0,0.0,exact_match,unknown
2020-02-21,300029.XSHE,sell,400,400,0,6.71,6.71,0.0,2684.0,2684.0,0.0,7.68,5.0,0,2.68,exact_match,unknown
2020-02-24,000679.XSHE,buy,6400,6400,0,3.47,3.47,0.0,22208.0,22208.0,0.0,5.0,5.0,0,0.0,exact_match,unknown
2020-02-24,000691.XSHE,buy,5300,5300,0,3.9,3.9,0.0,20670.0,20670.0,0.0,5.0,5.0,0,0.0,exact_match,unknown
2020-02-24,000929.XSHE,buy,3300,3300,0,6.62,6.62,0.0,21846.0,21846.0,0.0,5.0,5.0,0,0.0,exact_match,unknown
2020-02-24,002076.XSHE,sell,9200,9200,0,2.33,2.33,0.0,21436.0,21436.0,0.0,26.44,5.0,0,21.44,exact_match,unknown
2020-02-24,002473.XSHE,sell,100,100,0,8.07,8.07,0.0,807.0,807.0,0.0,5.81,5.0,0,0.81,exact_match,unknown
2020-02-24,002633.XSHE,buy,3900,3900,0,8.18,8.18,0.0,31902.0,31902.0,0.0,5.0,5.0,0,0.0,exact_match,unknown
2020-02-24,300029.XSHE,buy,700,700,0,6.22,6.22,0.0,4354.0,4354.0,0.0,5.0,5.0,0,0.0,exact_match,unknown
2020-02-24,300106.XSHE,buy,3800,3800,0,5.97,5.97,0.0,22686.0,22686.0,0.0,5.0,5.0,0,0.0,exact_match,unknown
2020-02-24,300218.XSHE,sell,2800,2800,0,7.8,7.8,0.0,21840.0,21840.0,0.0,26.84,5.0,0,21.84,exact_match,unknown
2020-02-24,300412.XSHE,sell,2500,2500,0,7.9,7.9,0.0,19750.0,19750.0,0.0,24.75,5.0,0,19.75,exact_match,unknown
2020-02-24,300539.XSHE,sell,3100,3100,0,7.16,7.16,0.0,22196.0,22196.0,0.0,27.2,5.0,0,22.2,exact_match,unknown
2020-02-24,300665.XSHE,buy,2000,2000,0,10.24,10.24,0.0,20480.0,20480.0,0.0,5.0,5.0,0,0.0,exact_match,unknown
2020-02-24,300736.XSHE,sell,100,100,0,10.01,10.01,0.0,1001.0,1001.0,0.0,6.0,5.0,0,1.0,exact_match,unknown
2020-02-24,600241.XSHG,buy,5000,5000,0,4.33,4.33,0.0,21650.0,21650.0,0.0,5.0,5.0,0,0.0,exact_match,unknown
2020-02-24,600561.XSHG,buy,4200,4200,0,5.18,5.18,0.0,21756.0,21756.0,0.0,5.0,5.0,0,0.0,exact_match,unknown
2020-02-24,600671.XSHG,sell,1700,1700,0,12.63,12.63,0.0,21471.0,21471.0,0.0,26.47,5.0,0,21.47,exact_match,unknown
2020-02-24,600766.XSHG,sell,2700,2700,0,8.9,8.9,0.0,24030.0,24030.0,0.0,29.03,5.0,0,24.03,exact_match,unknown
2020-02-24,600791.XSHG,sell,6300,6300,0,3.48,3.48,0.0,21924.0,21924.0,0.0,26.92,5.0,0,21.92,exact_match,unknown
2020-02-24,600889.XSHG,sell,4600,4600,0,4.71,4.71,0.0,21666.0,21666.0,0.0,26.67,5.0,0,21.67,exact_match,unknown
2020-02-24,603139.XSHG,sell,1200,1200,0,17.85,17.85,0.0,21420.0,21420.0,0.0,26.42,5.0,0,21.42,exact_match,unknown
2020-02-24,603269.XSHG,buy,1500,1500,0,13.9,13.9,0.0,20850.0,20850.0,0.0,5.0,5.0,0,0.0,exact_match,unknown
2020-02-24,603356.XSHG,sell,1600,1600,0,13.7,13.7,0.0,21920.0,21920.0,0.0,26.92,5.0,0,21.92,exact_match,unknown
2020-02-24,603991.XSHG,buy,1200,1200,0,16.7,16.7,0.0,20040.0,20040.0,0.0,5.0,5.0,0,0.0,exact_match,unknown
2020-02-27,000929.XSHE,buy,200,200,0,6.42,6.42,0.0,1284.0,1284.0,0.0,5.0,5.0,0,0.0,exact_match,unknown
2020-02-27,002633.XSHE,buy,2600,2600,0,8.07,8.07,0.0,20982.0,20982.0,0.0,5.0,5.0,0,0.0,exact_match,unknown
2020-02-27,300106.XSHE,sell,3800,3800,0,5.95,5.95,0.0,22610.0,22610.0,0.0,27.61,5.0,0,22.61,exact_match,unknown
2020-02-27,300736.XSHE,sell,200,200,0,10.31,10.31,0.0,2062.0,2062.0,0.0,7.06,5.0,0,2.06,exact_match,unknown
2020-02-27,600561.XSHG,buy,400,400,0,4.99,4.99,0.0,1996.0,1996.0,0.0,5.0,5.0,0,0.0,exact_match,unknown
2020-03-03,000691.XSHE,sell,400,400,0,3.81,3.81,0.0,1524.0,1524.0,0.0,6.52,5.0,0,1.52,exact_match,unknown
2020-03-03,002473.XSHE,sell,2800,2800,0,7.75,7.75,0.0,21700.0,21700.0,0.0,26.7,5.0,0,21.7,exact_match,unknown
2020-03-03,002633.XSHE,buy,2300,2300,0,8.15,8.15,0.0,18745.0,18745.0,0.0,5.0,5.0,0,0.0,exact_match,unknown
2020-03-03,300029.XSHE,buy,500,500,0,5.72,5.72,0.0,2860.0,2860.0,0.0,5.0,5.0,0,0.0,exact_match,unknown
2020-03-03,300106.XSHE,buy,4000,4000,0,5.66,5.66,0.0,22640.0,22640.0,0.0,5.0,5.0,0,0.0,exact_match,unknown
2020-03-03,300736.XSHE,sell,2000,2000,0,9.64,9.64,0.0,19280.0,19280.0,0.0,24.28,5.0,0,19.28,exact_match,unknown
2020-03-03,600241.XSHG,buy,500,500,0,4.059999999999999,4.059999999999999,0.0,2030.0,2029.9999999999995,-4.547473508864641e-13,10.0,10.0,0,0.0,exact_match,unknown
2020-03-06,000679.XSHE,buy,5400,5400,0,3.56,3.56,0.0,19224.0,19224.0,0.0,5.0,5.0,0,0.0,exact_match,unknown
2020-03-06,000691.XSHE,sell,5300,5300,0,3.9,3.9,0.0,20670.0,20670.0,0.0,25.67,5.0,0,20.67,exact_match,unknown
2020-03-06,000929.XSHE,sell,200,200,0,6.63,6.63,0.0,1326.0,1326.0,0.0,6.33,5.0,0,1.33,exact_match,unknown
2020-03-06,002633.XSHE,buy,400,400,0,8.22,8.22,0.0,3288.0,3288.0000000000005,4.547473508864641e-13,5.0,5.0,0,0.0,exact_match,unknown
2020-03-06,300106.XSHE,sell,100,100,0,5.96,5.96,0.0,596.0,596.0,0.0,5.6,5.0,0,0.6,exact_match,unknown
2020-03-06,300736.XSHE,sell,2200,2200,0,10.17,10.17,0.0,22374.0,22374.0,0.0,27.37,5.0,0,22.37,exact_match,unknown
2020-03-06,600241.XSHG,buy,5500,5500,0,4.16,4.16,0.0,22880.0,22880.0,0.0,5.0,5.0,0,0.0,exact_match,unknown
2020-03-06,600561.XSHG,sell,100,100,0,5.12,5.12,0.0,512.0,512.0,0.0,5.51,5.0,0,0.51,exact_match,unknown
2020-03-11,603991.XSHG,sell,2100,2100,0,21.19,21.19,0.0,44499.0,44499.0,0.0,49.5,5.0,0,44.5,exact_match,unknown
2020-03-13,603991.XSHG,sell,700,700,0,24.76,24.76,0.0,17332.0,17332.0,0.0,22.33,5.0,0,17.33,exact_match,unknown
2020-03-16,000679.XSHE,sell,5700,5700,0,3.64,3.64,0.0,20748.0,20748.0,0.0,25.75,5.0,0,20.75,exact_match,unknown
2020-03-16,000691.XSHE,sell,5900,5900,0,4.11,4.11,0.0,24249.0,24249.000000000004,3.637978807091713e-12,29.25,5.0,0,24.25,exact_match,unknown
2020-03-16,000929.XSHE,buy,600,600,0,6.59,6.59,0.0,3954.0,3954.0,0.0,10.0,10.0,0,0.0,exact_match,unknown
2020-03-16,002209.XSHE,buy,3500,3500,0,6.47,6.47,0.0,22645.0,22645.0,0.0,5.0,5.0,0,0.0,exact_match,unknown
2020-03-16,002473.XSHE,buy,3500,3500,0,7.76,7.76,0.0,27160.0,27160.0,0.0,5.0,5.0,0,0.0,exact_match,unknown
2020-03-16,002633.XSHE,buy,100,100,0,8.46,8.46,0.0,846.0,846.0000000000001,1.1368683772161603e-13,5.0,5.0,0,0.0,exact_match,unknown
2020-03-16,300029.XSHE,buy,8100,8100,0,5.9,5.9,0.0,47790.0,47790.0,0.0,5.0,5.0,0,0.0,exact_match,unknown
2020-03-16,300106.XSHE,buy,600,600,0,5.9,5.9,0.0,3540.0,3540.0,0.0,5.0,5.0,0,0.0,exact_match,unknown
2020-03-16,300665.XSHE,buy,100,100,0,10.49,10.49,0.0,1049.0,1049.0,0.0,5.0,5.0,0,0.0,exact_match,unknown
2020-03-16,300736.XSHE,buy,2300,2300,0,9.68,9.68,0.0,22264.0,22264.0,0.0,5.0,5.0,0,0.0,exact_match,unknown
2020-03-16,600241.XSHG,buy,1000,1000,0,4.15,4.15,0.0,4150.0,4150.0,0.0,5.0,5.0,0,0.0,exact_match,unknown
2020-03-16,600561.XSHG,buy,600,600,0,5.14,5.14,0.0,3084.0,3084.0,0.0,5.0,5.0,0,0.0,exact_match,unknown
2020-03-16,603269.XSHG,sell,1500,1500,0,13.88,13.88,0.0,20820.0,20820.0,0.0,25.82,5.0,0,20.82,exact_match,unknown
2020-03-16,603991.XSHG,sell,500,500,0,21.56,21.56,0.0,10780.0,10780.0,0.0,15.78,5.0,0,10.78,exact_match,unknown
2020-03-19,000679.XSHE,buy,700,700,0,3.33,3.33,0.0,2331.0,2331.0,0.0,10.0,10.0,0,0.0,exact_match,unknown
2020-03-19,000691.XSHE,buy,500,500,0,3.74,3.74,0.0,1870.0,1870.0,0.0,5.0,5.0,0,0.0,exact_match,unknown
2020-03-19,002209.XSHE,buy,3500,3500,0,6.1,6.1,0.0,21350.0,21350.0,0.0,5.0,5.0,0,0.0,exact_match,unknown
2020-03-19,002473.XSHE,sell,3600,3600,0,7.97,7.97,0.0,28692.0,28692.0,0.0,33.69,5.0,0,28.69,exact_match,unknown
2020-03-19,002633.XSHE,buy,100,100,0,7.9,7.9,0.0,790.0,790.0,0.0,5.0,5.0,0,0.0,exact_match,unknown
2020-03-19,300029.XSHE,sell,100,100,0,5.63,5.63,0.0,563.0,563.0,0.0,5.56,5.0,0,0.56,exact_match,unknown
2020-03-19,300106.XSHE,sell,400,400,0,5.75,5.75,0.0,2300.0,2300.0,0.0,7.3,5.0,0,2.3,exact_match,unknown
2020-03-19,300665.XSHE,buy,200,200,0,9.74,9.74,0.0,1948.0,1948.0,0.0,5.0,5.0,0,0.0,exact_match,unknown
2020-03-19,600241.XSHG,buy,200,200,0,3.89,3.89,0.0,778.0,778.0,0.0,5.0,5.0,0,0.0,exact_match,unknown
2020-03-19,600561.XSHG,sell,100,100,0,4.88,4.88,0.0,488.0,488.0,0.0,5.49,5.0,0,0.49,exact_match,unknown
2020-03-19,603389.XSHG,buy,4700,4700,0,4.47,4.47,0.0,21009.0,21009.0,0.0,5.0,5.0,0,0.0,exact_match,unknown
2020-03-19,603991.XSHG,sell,900,900,0,18.69,18.69,0.0,16821.0,16821.0,0.0,21.82,5.0,0,16.82,exact_match,unknown
2020-03-20,000679.XSHE,sell,1500,1500,0,3.68,3.68,0.0,5520.0,5520.0,0.0,10.52,5.0,0,5.52,exact_match,unknown
2020-03-20,603991.XSHG,sell,300,300,0,22.41,22.41,0.0,6723.0,6723.0,0.0,11.72,5.0,0,6.72,exact_match,unknown
2020-03-24,000679.XSHE,sell,5500,5500,0,3.6,3.6,0.0,19800.0,19800.0,0.0,24.8,5.0,0,19.8,exact_match,unknown
2020-03-24,000691.XSHE,sell,5800,5800,0,3.98,3.98,0.0,23084.0,23084.0,0.0,28.08,5.0,0,23.08,exact_match,unknown
2020-03-24,000929.XSHE,sell,800,800,0,6.84,6.84,0.0,5472.0,5472.0,0.0,10.47,5.0,0,5.47,exact_match,unknown
2020-03-24,002209.XSHE,buy,3900,3900,0,6.15,6.15,0.0,23985.0,23985.0,0.0,5.0,5.0,0,0.0,exact_match,unknown
2020-03-24,002473.XSHE,sell,300,300,0,8.61,8.61,0.0,2583.0,2583.0,0.0,7.58,5.0,0,2.58,exact_match,unknown
2020-03-24,002633.XSHE,buy,400,400,0,8.02,8.02,0.0,3208.0,3208.0,0.0,5.0,5.0,0,0.0,exact_match,unknown
2020-03-24,300029.XSHE,buy,400,400,0,5.71,5.71,0.0,2284.0,2284.0,0.0,5.0,5.0,0,0.0,exact_match,unknown
2020-03-24,300106.XSHE,sell,4100,4100,0,6.19,6.19,0.0,25379.0,25379.0,0.0,30.38,5.0,0,25.38,exact_match,unknown
2020-03-24,300665.XSHE,sell,2300,2300,0,10.28,10.28,0.0,23644.0,23644.0,0.0,28.64,5.0,0,23.64,exact_match,unknown
2020-03-24,300736.XSHE,buy,2500,2500,0,9.23,9.23,0.0,23075.0,23075.0,0.0,5.0,5.0,0,0.0,exact_match,unknown
2020-03-24,600241.XSHG,buy,1600,1600,0,3.83,3.83,0.0,6128.0,6128.0,0.0,5.0,5.0,0,0.0,exact_match,unknown
2020-03-24,600506.XSHG,buy,2700,2600,-100,8.25,8.25,0.0,22275.0,21450.0,-825.0,5.0,5.0,0,0.0,quantity_diff,unknown
2020-03-24,600561.XSHG,buy,900,900,0,4.88,4.88,0.0,4392.0,4392.0,0.0,5.0,5.0,0,0.0,exact_match,unknown
2020-03-24,600599.XSHG,buy,3000,3000,0,7.3,7.3,0.0,21900.0,21900.0,0.0,5.0,5.0,0,0.0,exact_match,unknown
2020-03-24,603389.XSHG,buy,5500,5500,0,4.35,4.35,0.0,23925.0,23924.999999999996,-3.637978807091713e-12,5.0,5.0,0,0.0,exact_match,unknown
2020-03-24,603991.XSHG,sell,900,900,0,20.86,20.86,0.0,18774.0,18774.0,0.0,23.77,5.0,0,18.77,exact_match,unknown
2020-03-26,300029.XSHE,sell,1600,1600,0,6.35,6.34,-0.009999999999999787,10160.0,10144.0,-16.0,15.16,5.0,0,10.14,price_diff,unknown
2020-03-27,000679.XSHE,buy,800,700,-100,3.48,3.48,0.0,2784.0,2436.0,-348.0,5.0,5.0,0,0.0,quantity_diff,unknown
2020-03-27,000691.XSHE,buy,200,200,0,3.92,3.92,0.0,784.0,784.0,0.0,5.0,5.0,0,0.0,exact_match,unknown
2020-03-27,000929.XSHE,buy,800,800,0,6.55,6.55,0.0,5240.0,5240.0,0.0,5.0,5.0,0,0.0,exact_match,unknown
2020-03-27,002209.XSHE,sell,200,200,0,6.36,6.36,0.0,1272.0,1272.0,0.0,6.27,5.0,0,1.27,exact_match,unknown
2020-03-27,002473.XSHE,sell,2400,2400,0,8.4,8.4,0.0,20160.0,20160.0,0.0,25.16,5.0,0,20.16,exact_match,unknown
2020-03-27,300029.XSHE,buy,500,500,0,6.13,6.13,0.0,3065.0,3065.0,0.0,5.0,5.0,0,0.0,exact_match,unknown
2020-03-27,300106.XSHE,sell,3600,3600,0,6.27,6.27,0.0,22572.0,22572.0,0.0,27.57,5.0,0,22.57,exact_match,unknown
2020-03-27,300665.XSHE,sell,2100,2100,0,10.32,10.32,0.0,21672.0,21672.0,0.0,26.67,5.0,0,21.67,exact_match,unknown
2020-03-27,300736.XSHE,buy,2200,2200,0,9.59,9.59,0.0,21098.0,21098.0,0.0,5.0,5.0,0,0.0,exact_match,unknown
2020-03-27,600506.XSHG,sell,100,0,-100,8.79,,,879.0,0.0,-879.0,5.88,0.0,0,0.0,missing_in_local,unknown
2020-03-27,600561.XSHG,sell,600,600,0,5.08,5.08,0.0,3048.0,3048.0,0.0,8.05,5.0,0,3.05,exact_match,unknown
2020-03-27,600599.XSHG,buy,3100,3100,0,7.37,7.37,0.0,22847.0,22847.0,0.0,5.0,5.0,0,0.0,exact_match,unknown
2020-03-27,603269.XSHG,buy,1600,1600,0,13.68,13.68,0.0,21888.0,21888.0,0.0,5.0,5.0,0,0.0,exact_match,unknown
2020-03-27,603389.XSHG,buy,4900,4900,0,4.48,4.48,0.0,21952.0,21952.000000000004,3.637978807091713e-12,5.0,5.0,0,0.0,exact_match,unknown
2020-03-27,603991.XSHG,sell,1100,1100,0,19.87,19.87,0.0,21857.0,21857.0,0.0,26.86,5.0,0,21.86,exact_match,unknown
2020-03-30,300029.XSHE,sell,800,800,0,6.32,6.32,0.0,5056.0,5056.0,0.0,10.06,5.0,0,5.06,exact_match,unknown
2020-03-31,300106.XSHE,sell,1700,1700,0,7.98,7.98,0.0,13566.0,13566.0,0.0,18.57,5.0,0,13.57,exact_match,unknown
2020-04-01,000679.XSHE,sell,19500,19400,-100,3.13,3.13,0.0,61035.0,60722.0,-313.0,67.14,6.07,0,60.72,quantity_diff,unknown
2020-04-01,000691.XSHE,sell,11500,11500,0,3.68,3.68,0.0,42320.0,42320.0,0.0,47.32,5.0,0,42.32,exact_match,unknown
2020-04-01,000929.XSHE,sell,17200,17200,0,6.57,6.57,0.0,113004.0,113004.0,0.0,124.3,11.3,0,113.0,exact_match,unknown
2020-04-01,002209.XSHE,sell,10700,10700,0,6.26,6.26,0.0,66982.0,66982.0,0.0,73.68,6.7,0,66.98,exact_match,unknown
2020-04-01,002473.XSHE,sell,5400,5400,0,7.4,7.4,0.0,39960.0,39960.0,0.0,44.96,5.0,0,39.96,exact_match,unknown
2020-04-01,002633.XSHE,sell,13900,13900,0,7.92,7.92,0.0,110088.0,110088.0,0.0,121.1,11.01,0,110.09,exact_match,unknown
2020-04-01,300029.XSHE,sell,17600,17600,0,6.19,6.19,0.0,108944.0,108944.0,0.0,119.84,10.89,0,108.94,exact_match,unknown
2020-04-01,300106.XSHE,sell,5600,5600,0,7.6,7.6,0.0,42560.0,42560.0,0.0,47.56,5.0,0,42.56,exact_match,unknown
2020-04-01,300665.XSHE,sell,6600,6600,0,9.93,9.93,0.0,65538.0,65538.0,0.0,72.09,6.55,0,65.54,exact_match,unknown
2020-04-01,300736.XSHE,sell,7000,7000,0,9.08,9.08,0.0,63560.0,63560.0,0.0,69.92,6.36,0,63.56,exact_match,unknown
2020-04-01,511880.XSHG,buy,10900,10900,0,100.715,100.715,0.0,1097793.5,1097793.5,0.0,0.0,0.0,0,0.0,exact_match,unknown
2020-04-01,600241.XSHG,sell,29100,29100,0,3.73,3.73,0.0,108543.0,108543.0,0.0,119.4,10.85,0,108.54,exact_match,unknown
2020-04-01,600506.XSHG,sell,2600,2600,0,9.17,9.17,0.0,23842.0,23842.0,0.0,28.84,5.0,0,23.84,exact_match,unknown
2020-04-01,600561.XSHG,sell,22300,22300,0,4.93,4.93,0.0,109939.0,109939.0,0.0,120.93,10.99,0,109.94,exact_match,unknown
2020-04-01,600599.XSHG,sell,6100,6100,0,6.75,6.75,0.0,41175.0,41175.0,0.0,46.18,5.0,0,41.18,exact_match,unknown
2020-04-01,603269.XSHG,sell,1600,1600,0,13.33,13.33,0.0,21328.0,21328.0,0.0,26.33,5.0,0,21.33,exact_match,unknown
2020-04-01,603389.XSHG,sell,15100,15100,0,4.2,4.2,0.0,63420.0,63420.0,0.0,69.76,6.34,0,63.42,exact_match,unknown
2020-05-06,000929.XSHE,buy,3600,3600,0,6.07,6.07,0.0,21852.0,21852.0,0.0,5.0,5.0,0,0.0,exact_match,unknown
2020-05-06,002071.XSHE,buy,12300,12300,0,1.78,1.78,0.0,21894.0,21894.0,0.0,5.0,5.0,0,0.0,exact_match,unknown
2020-05-06,002209.XSHE,buy,3900,3900,0,5.63,5.63,0.0,21957.0,21957.0,0.0,5.0,5.0,0,0.0,exact_match,unknown
2020-05-06,002633.XSHE,buy,2900,2900,0,7.4,7.4,0.0,21460.0,21460.0,0.0,5.0,5.0,0,0.0,exact_match,unknown
2020-05-06,300029.XSHE,buy,4000,4000,0,5.5,5.5,0.0,22000.0,22000.0,0.0,5.0,5.0,0,0.0,exact_match,unknown
2020-05-06,300665.XSHE,buy,2300,2300,0,9.48,9.48,0.0,21804.0,21804.0,0.0,5.0,5.0,0,0.0,exact_match,unknown
2020-05-06,300736.XSHE,buy,2500,2500,0,8.7,8.7,0.0,21750.0,21750.0,0.0,5.0,5.0,0,0.0,exact_match,unknown
2020-05-06,511880.XSHG,sell,10900,10900,0,100.83100000000002,100.83100000000002,0.0,1099057.9,1099057.9000000001,2.3283064365386963e-10,0.0,0.0,0,0.0,exact_match,unknown
2020-05-06,600520.XSHG,buy,2900,2900,0,7.43,7.43,0.0,21547.0,21547.0,0.0,5.0,5.0,0,0.0,exact_match,unknown
2020-05-06,600561.XSHG,buy,4700,4700,0,4.6,4.6,0.0,21620.0,21620.0,0.0,5.0,5.0,0,0.0,exact_match,unknown
2020-05-06,600599.XSHG,buy,3600,3600,0,6.02,6.02,0.0,21672.0,21672.0,0.0,5.0,5.0,0,0.0,exact_match,unknown
2020-05-11,000929.XSHE,buy,3500,3500,0,6.24,6.24,0.0,21840.0,21840.0,0.0,5.0,5.0,0,0.0,exact_match,unknown
2020-05-11,002071.XSHE,buy,11300,11300,0,1.88,1.88,0.0,21244.0,21244.0,0.0,5.0,5.0,0,0.0,exact_match,unknown
2020-05-11,002209.XSHE,buy,3600,3600,0,5.89,5.89,0.0,21204.0,21204.0,0.0,5.0,5.0,0,0.0,exact_match,unknown
2020-05-11,002633.XSHE,buy,2800,2800,0,7.75,7.75,0.0,21700.0,21700.0,0.0,5.0,5.0,0,0.0,exact_match,unknown
2020-05-11,300029.XSHE,buy,3800,3800,0,5.65,5.65,0.0,21470.0,21470.0,0.0,5.0,5.0,0,0.0,exact_match,unknown
2020-05-11,300156.XSHE,buy,25800,25800,0,0.86,0.86,0.0,22188.0,22188.0,0.0,5.0,5.0,0,0.0,exact_match,unknown
2020-05-11,300665.XSHE,buy,2200,2200,0,9.78,9.78,0.0,21516.0,21516.0,0.0,5.0,5.0,0,0.0,exact_match,unknown
2020-05-11,300736.XSHE,buy,2500,2500,0,8.8,8.8,0.0,22000.0,22000.0,0.0,5.0,5.0,0,0.0,exact_match,unknown
2020-05-11,600561.XSHG,buy,4900,4900,0,4.62,4.62,0.0,22638.0,22638.0,0.0,5.0,5.0,0,0.0,exact_match,unknown
2020-05-11,600599.XSHG,buy,3200,3200,0,6.44,6.44,0.0,20608.0,20608.0,0.0,5.0,5.0,0,0.0,exact_match,unknown
2020-05-14,000929.XSHE,buy,3400,3400,0,6.26,6.26,0.0,21284.0,21284.0,0.0,5.0,5.0,0,0.0,exact_match,unknown
2020-05-14,002071.XSHE,buy,14200,14200,0,1.74,1.74,0.0,24708.0,24708.0,0.0,5.0,5.0,0,0.0,exact_match,unknown
2020-05-14,002209.XSHE,buy,3700,3700,0,5.85,5.85,0.0,21645.0,21645.0,0.0,5.0,5.0,0,0.0,exact_match,unknown
2020-05-14,002633.XSHE,buy,2700,2700,0,7.79,7.79,0.0,21033.0,21033.0,0.0,5.0,5.0,0,0.0,exact_match,unknown
2020-05-14,300029.XSHE,buy,4200,4200,0,5.47,5.47,0.0,22974.0,22974.0,0.0,5.0,5.0,0,0.0,exact_match,unknown
2020-05-14,300156.XSHE,buy,32000,32000,0,0.76,0.76,0.0,24320.0,24320.0,0.0,5.0,5.0,0,0.0,exact_match,unknown
2020-05-14,300665.XSHE,buy,2300,2300,0,9.68,9.68,0.0,22264.0,22264.0,0.0,5.0,5.0,0,0.0,exact_match,unknown
2020-05-14,300736.XSHE,buy,2600,2600,0,8.67,8.67,0.0,22542.0,22542.0,0.0,5.0,5.0,0,0.0,exact_match,unknown
2020-05-14,600561.XSHG,buy,5000,5000,0,4.5,4.5,0.0,22500.0,22500.0,0.0,5.0,5.0,0,0.0,exact_match,unknown
2020-05-14,600599.XSHG,buy,3800,3800,0,6.17,6.17,0.0,23446.0,23446.0,0.0,5.0,5.0,0,0.0,exact_match,unknown
2020-05-19,000929.XSHE,buy,3300,3300,0,6.25,6.25,0.0,20625.0,20625.0,0.0,5.0,5.0,0,0.0,exact_match,unknown
2020-05-19,002071.XSHE,buy,16900,16900,0,1.58,1.58,0.0,26702.0,26702.0,0.0,5.0,5.0,0,0.0,exact_match,unknown
2020-05-19,002209.XSHE,buy,3900,3900,0,5.72,5.72,0.0,22308.0,22308.0,0.0,5.0,5.0,0,0.0,exact_match,unknown
2020-05-19,002633.XSHE,buy,2800,2800,0,7.69,7.69,0.0,21532.0,21532.0,0.0,5.0,5.0,0,0.0,exact_match,unknown
2020-05-19,300029.XSHE,buy,4000,4000,0,5.38,5.38,0.0,21520.0,21520.0,0.0,5.0,5.0,0,0.0,exact_match,unknown
2020-05-19,300156.XSHE,buy,46700,46700,0,0.62,0.62,0.0,28954.0,28954.0,0.0,5.0,5.0,0,0.0,exact_match,unknown
2020-05-19,300665.XSHE,buy,2200,2200,0,9.57,9.57,0.0,21054.0,21054.0,0.0,5.0,5.0,0,0.0,exact_match,unknown
2020-05-19,300736.XSHE,buy,2300,2300,0,8.71,8.71,0.0,20033.0,20033.000000000004,3.637978807091713e-12,5.0,5.0,0,0.0,exact_match,unknown
2020-05-19,600561.XSHG,buy,4500,4500,0,4.52,4.52,0.0,20340.0,20339.999999999996,-3.637978807091713e-12,5.0,5.0,0,0.0,exact_match,unknown
2020-05-19,600599.XSHG,buy,3400,3400,0,6.16,6.16,0.0,20944.0,20944.0,0.0,5.0,5.0,0,0.0,exact_match,unknown
2020-05-21,600520.XSHG,sell,200,200,0,8.44,8.44,0.0,1688.0,1688.0,0.0,6.69,5.0,0,1.69,exact_match,unknown
2020-05-21,600599.XSHG,sell,2900,2900,0,8.02,8.02,0.0,23258.0,23258.0,0.0,28.26,5.0,0,23.26,exact_match,unknown
2020-05-22,000502.XSHE,buy,3500,3500,0,6.19,6.19,0.0,21665.0,21665.0,0.0,5.0,5.0,0,0.0,exact_match,unknown
2020-05-22,000929.XSHE,buy,3800,3800,0,6.28,6.28,0.0,23864.0,23864.0,0.0,5.0,5.0,0,0.0,exact_match,unknown
2020-05-22,002209.XSHE,buy,4100,4100,0,5.76,5.76,0.0,23616.0,23616.0,0.0,5.0,5.0,0,0.0,exact_match,unknown
2020-05-22,002473.XSHE,buy,2900,2900,0,7.55,7.55,0.0,21895.0,21895.0,0.0,5.0,5.0,0,0.0,exact_match,unknown
2020-05-22,002633.XSHE,buy,3400,3400,0,7.55,7.55,0.0,25670.0,25670.0,0.0,5.0,5.0,0,0.0,exact_match,unknown
2020-05-22,300029.XSHE,buy,4700,4600,-100,5.36,5.36,0.0,25192.0,24656.0,-536.0,5.0,5.0,0,0.0,quantity_diff,unknown
2020-05-22,300665.XSHE,buy,2700,2700,0,9.45,9.45,0.0,25515.0,25514.999999999996,-3.637978807091713e-12,5.0,5.0,0,0.0,exact_match,unknown
2020-05-22,300736.XSHE,buy,3000,3000,0,8.59,8.59,0.0,25770.0,25770.0,0.0,5.0,5.0,0,0.0,exact_match,unknown
2020-05-22,600520.XSHG,sell,100,100,0,8.55,8.55,0.0,855.0,855.0000000000001,1.1368683772161603e-13,5.86,5.0,0,0.86,exact_match,unknown
2020-05-22,600561.XSHG,buy,5000,5000,0,4.6,4.6,0.0,23000.0,23000.0,0.0,5.0,5.0,0,0.0,exact_match,unknown
2020-05-22,600599.XSHG,buy,700,800,100,7.39,7.39,0.0,5173.0,5912.0,739.0,5.0,5.0,0,0.0,quantity_diff,unknown
2020-05-22,603269.XSHG,buy,1700,1700,0,12.86,12.86,0.0,21862.0,21862.0,0.0,5.0,5.0,0,0.0,exact_match,unknown
2020-05-25,002071.XSHE,sell,10100,10100,0,1.93,1.93,0.0,19493.0,19493.0,0.0,24.49,5.0,0,19.49,exact_match,unknown
2020-05-27,000502.XSHE,buy,3200,3200,0,6.46,6.46,0.0,20672.0,20672.0,0.0,5.0,5.0,0,0.0,exact_match,unknown
2020-05-27,000929.XSHE,sell,200,200,0,6.31,6.31,0.0,1262.0,1262.0,0.0,6.26,5.0,0,1.26,exact_match,unknown
2020-05-27,002071.XSHE,buy,1100,1100,0,1.91,1.91,0.0,2101.0,2101.0,0.0,5.0,5.0,0,0.0,exact_match,unknown
2020-05-27,002209.XSHE,sell,500,500,0,5.85,5.85,0.0,2925.0,2925.0,0.0,7.93,5.0,0,2.93,exact_match,unknown
2020-05-27,002473.XSHE,sell,100,100,0,7.96,7.96,0.0,796.0,796.0,0.0,5.8,5.0,0,0.8,exact_match,unknown
2020-05-27,002633.XSHE,sell,300,300,0,7.67,7.67,0.0,2301.0,2301.0,0.0,7.3,5.0,0,2.3,exact_match,unknown
2020-05-27,300029.XSHE,sell,200,100,-100,5.33,5.33,0.0,1066.0,533.0,-533.0,6.07,5.0,0,0.53,quantity_diff,unknown
2020-05-27,300665.XSHE,sell,200,200,0,9.5,9.5,0.0,1900.0,1900.0,0.0,6.9,5.0,0,1.9,exact_match,unknown
2020-05-27,300736.XSHE,sell,400,400,0,8.75,8.75,0.0,3500.0,3500.0,0.0,8.5,5.0,0,3.5,exact_match,unknown
2020-05-27,600520.XSHG,sell,2600,2600,0,10.06,10.03,-0.030000000000001137,26156.0,26078.0,-78.0,31.16,5.0,0,26.08,price_diff,unknown
2020-05-27,600599.XSHG,sell,3000,3100,100,7.52,7.52,0.0,22560.0,23312.0,752.0,27.56,5.0,0,23.31,quantity_diff,unknown
2020-05-27,603269.XSHG,buy,800,700,-100,12.95,12.95,0.0,10360.0,9065.0,-1295.0,10.0,5.0,0,0.0,quantity_diff,unknown
2020-05-29,600599.XSHG,sell,600,600,0,8.28,8.28,0.0,4968.0,4968.0,0.0,9.97,5.0,0,4.97,exact_match,unknown
2020-06-01,000502.XSHE,buy,3700,3700,0,6.53,6.53,0.0,24161.0,24161.0,0.0,5.0,5.0,0,0.0,exact_match,unknown
2020-06-01,000929.XSHE,buy,200,200,0,6.44,6.44,0.0,1288.0,1288.0,0.0,5.0,5.0,0,0.0,exact_match,unknown
2020-06-01,002209.XSHE,buy,600,600,0,5.86,5.86,0.0,3516.0,3516.0,0.0,5.0,5.0,0,0.0,exact_match,unknown
2020-06-01,002633.XSHE,buy,300,300,0,7.76,7.76,0.0,2328.0,2328.0,0.0,5.0,5.0,0,0.0,exact_match,unknown
2020-06-01,300029.XSHE,buy,400,400,0,5.41,5.41,0.0,2164.0,2164.0,0.0,5.0,5.0,0,0.0,exact_match,unknown
2020-06-01,300665.XSHE,buy,200,200,0,9.63,9.63,0.0,1926.0,1926.0000000000002,2.2737367544323206e-13,5.0,5.0,0,0.0,exact_match,unknown
2020-06-01,300736.XSHE,buy,400,400,0,8.8,8.8,0.0,3520.0,3520.0000000000005,4.547473508864641e-13,5.0,5.0,0,0.0,exact_match,unknown
2020-06-01,600561.XSHG,buy,900,900,0,4.53,4.53,0.0,4077.0,4077.0,0.0,5.0,5.0,0,0.0,exact_match,unknown
2020-06-01,603269.XSHG,buy,800,900,100,13.04,13.04,0.0,10432.0,11736.0,1304.0,5.0,5.0,0,0.0,quantity_diff,unknown
2020-06-04,000502.XSHE,buy,3700,3700,0,6.67,6.67,0.0,24679.0,24679.0,0.0,5.0,5.0,0,0.0,exact_match,unknown
2020-06-04,000929.XSHE,sell,4400,4400,0,7.53,7.53,0.0,33132.0,33132.0,0.0,38.13,5.0,0,33.13,exact_match,unknown
2020-06-04,002209.XSHE,buy,300,300,0,6.11,6.11,0.0,1833.0,1833.0,0.0,5.0,5.0,0,0.0,exact_match,unknown
2020-06-04,002633.XSHE,buy,700,700,0,7.85,7.85,0.0,5495.0,5495.0,0.0,5.0,5.0,0,0.0,exact_match,unknown
2020-06-04,300029.XSHE,buy,700,700,0,5.56,5.56,0.0,3892.0,3891.9999999999995,-4.547473508864641e-13,5.0,5.0,0,0.0,exact_match,unknown
2020-06-04,300665.XSHE,buy,300,300,0,10.01,10.01,0.0,3003.0,3003.0,0.0,5.0,5.0,0,0.0,exact_match,unknown
2020-06-04,300736.XSHE,buy,100,100,0,9.18,9.18,0.0,918.0,918.0,0.0,5.0,5.0,0,0.0,exact_match,unknown
2020-06-04,600561.XSHG,buy,500,500,0,4.7,4.7,0.0,2350.0,2350.0,0.0,5.0,5.0,0,0.0,exact_match,unknown
2020-06-04,600599.XSHG,sell,5200,5200,0,8.15,8.15,0.0,42380.0,42380.0,0.0,47.38,5.0,0,42.38,exact_match,unknown
2020-06-05,002071.XSHE,sell,31500,31500,0,3.47,3.47,0.0,109305.0,109305.0,0.0,120.24,10.93,0,109.31,exact_match,unknown
2020-06-05,600561.XSHG,sell,300,300,0,4.88,4.88,0.0,1464.0,1464.0,0.0,6.46,5.0,0,1.46,exact_match,unknown
2020-06-09,000502.XSHE,buy,4000,4000,0,6.62,6.62,0.0,26480.0,26480.0,0.0,5.0,5.0,0,0.0,exact_match,unknown
2020-06-09,000929.XSHE,buy,1100,1100,0,6.7,6.7,0.0,7370.0,7370.0,0.0,5.0,5.0,0,0.0,exact_match,unknown
2020-06-09,002209.XSHE,buy,300,300,0,6.04,6.04,0.0,1812.0,1812.0,0.0,5.0,5.0,0,0.0,exact_match,unknown
2020-06-09,002473.XSHE,buy,200,200,0,7.94,7.94,0.0,1588.0,1588.0,0.0,5.0,5.0,0,0.0,exact_match,unknown
2020-06-09,002633.XSHE,buy,100,100,0,7.81,7.81,0.0,781.0,781.0,0.0,5.0,5.0,0,0.0,exact_match,unknown
2020-06-09,300029.XSHE,sell,400,400,0,5.7,5.7,0.0,2280.0,2280.0,0.0,7.28,5.0,0,2.28,exact_match,unknown
2020-06-09,300405.XSHE,buy,100,100,0,5.75,5.75,0.0,575.0,575.0,0.0,5.0,5.0,0,0.0,exact_match,unknown
2020-06-09,300535.XSHE,buy,4100,4100,0,12.13,12.13,0.0,49733.0,49733.0,0.0,5.0,5.0,0,0.0,exact_match,unknown
2020-06-09,300665.XSHE,buy,300,300,0,9.74,9.74,0.0,2922.0,2922.0,0.0,5.0,5.0,0,0.0,exact_match,unknown
2020-06-09,300736.XSHE,buy,500,500,0,8.85,8.85,0.0,4425.0,4425.0,0.0,5.0,5.0,0,0.0,exact_match,unknown
2020-06-09,600561.XSHG,buy,100,100,0,4.75,4.75,0.0,475.0,475.0,0.0,5.0,5.0,0,0.0,exact_match,unknown
2020-06-09,600599.XSHG,buy,300,300,0,7.25,7.25,0.0,2175.0,2175.0,0.0,5.0,5.0,0,0.0,exact_match,unknown
2020-06-09,603269.XSHG,buy,3300,3300,0,14.56,14.56,0.0,48048.0,48048.0,0.0,5.0,5.0,0,0.0,exact_match,unknown
2020-06-10,002071.XSHE,sell,6300,6300,0,3.1,3.1,0.0,19530.0,19530.0,0.0,24.53,5.0,0,19.53,exact_match,unknown
2020-06-11,600599.XSHG,buy,100,100,0,7.09,7.09,0.0,709.0,709.0,0.0,5.0,5.0,0,0.0,exact_match,unknown
2020-06-12,000929.XSHE,sell,100,100,0,6.7,6.7,0.0,670.0,670.0,0.0,5.67,5.0,0,0.67,exact_match,unknown
2020-06-12,002071.XSHE,buy,400,400,0,2.83,2.83,0.0,1132.0,1132.0,0.0,5.0,5.0,0,0.0,exact_match,unknown
2020-06-12,002209.XSHE,buy,100,100,0,5.91,5.91,0.0,591.0,591.0,0.0,5.0,5.0,0,0.0,exact_match,unknown
2020-06-12,002473.XSHE,sell,3000,3000,0,8.06,8.06,0.0,24180.0,24180.0,0.0,29.18,5.0,0,24.18,exact_match,unknown
2020-06-12,002633.XSHE,sell,200,200,0,7.81,7.81,0.0,1562.0,1562.0,0.0,6.56,5.0,0,1.56,exact_match,unknown
2020-06-12,300029.XSHE,sell,100,100,0,5.63,5.63,0.0,563.0,563.0,0.0,5.56,5.0,0,0.56,exact_match,unknown
2020-06-12,300405.XSHE,buy,6800,6800,0,5.65,5.65,0.0,38420.0,38420.0,0.0,5.0,5.0,0,0.0,exact_match,unknown
2020-06-12,300535.XSHE,buy,1700,1700,0,12.19,12.19,0.0,20723.0,20723.0,0.0,5.0,5.0,0,0.0,exact_match,unknown
2020-06-12,300665.XSHE,buy,100,100,0,9.5,9.5,0.0,950.0,950.0,0.0,5.0,5.0,0,0.0,exact_match,unknown
2020-06-12,300736.XSHE,sell,100,100,0,8.88,8.88,0.0,888.0,888.0000000000001,1.1368683772161603e-13,5.89,5.0,0,0.89,exact_match,unknown
2020-06-12,600561.XSHG,buy,500,500,0,4.59,4.59,0.0,2295.0,2295.0,0.0,5.0,5.0,0,0.0,exact_match,unknown
2020-06-12,603269.XSHG,sell,1300,1300,0,13.6,13.6,0.0,17680.0,17680.0,0.0,22.68,5.0,0,17.68,exact_match,unknown
2020-06-17,000502.XSHE,buy,400,300,-100,6.58,6.58,0.0,2632.0,1974.0,-658.0,5.0,5.0,0,0.0,quantity_diff,unknown
2020-06-17,000638.XSHE,buy,5500,5500,0,4.14,4.14,0.0,22770.0,22770.0,0.0,5.0,5.0,0,0.0,exact_match,unknown
2020-06-17,000929.XSHE,sell,3900,3900,0,7.15,7.15,0.0,27885.0,27885.0,0.0,32.89,5.0,0,27.89,exact_match,unknown
2020-06-17,002071.XSHE,sell,8300,8300,0,2.42,2.42,0.0,20086.0,20086.0,0.0,25.09,5.0,0,20.09,exact_match,unknown
2020-06-17,002209.XSHE,sell,200,200,0,6.15,6.15,0.0,1230.0,1230.0,0.0,6.23,5.0,0,1.23,exact_match,unknown
2020-06-17,002473.XSHE,buy,3000,3000,0,7.89,7.89,0.0,23670.0,23670.0,0.0,5.0,5.0,0,0.0,exact_match,unknown
2020-06-17,002633.XSHE,sell,4400,4400,0,9.07,9.07,0.0,39908.0,39908.0,0.0,44.91,5.0,0,39.91,exact_match,unknown
2020-06-17,300029.XSHE,buy,600,600,0,5.59,5.59,0.0,3354.0,3354.0,0.0,5.0,5.0,0,0.0,exact_match,unknown
2020-06-17,300405.XSHE,buy,1400,1400,0,5.85,5.85,0.0,8190.0,8189.999999999999,-9.094947017729282e-13,5.0,5.0,0,0.0,exact_match,unknown
2020-06-17,300535.XSHE,buy,2100,2100,0,12.25,12.25,0.0,25725.0,25725.0,0.0,5.0,5.0,0,0.0,exact_match,unknown
2020-06-17,300665.XSHE,buy,100,100,0,9.69,9.69,0.0,969.0,969.0,0.0,5.0,5.0,0,0.0,exact_match,unknown
2020-06-17,600561.XSHG,buy,200,200,0,4.68,4.68,0.0,936.0,936.0,0.0,5.0,5.0,0,0.0,exact_match,unknown
2020-06-17,603269.XSHG,buy,100,100,0,13.34,13.34,0.0,1334.0,1334.0,0.0,5.0,5.0,0,0.0,exact_match,unknown
2020-06-22,000502.XSHE,buy,0,100,100,,6.57,,0.0,657.0,657.0,0.0,5.0,0,0.0,missing_in_jq,unknown
2020-06-22,000638.XSHE,buy,800,700,-100,5.4,5.4,0.0,4320.0,3780.0000000000005,-539.9999999999995,5.0,5.0,0,0.0,quantity_diff,unknown
2020-06-22,000929.XSHE,buy,0,100,100,,6.75,,0.0,675.0,675.0,0.0,5.0,0,0.0,missing_in_jq,unknown
2020-06-22,002473.XSHE,buy,3100,3100,0,7.97,7.97,0.0,24707.0,24707.0,0.0,5.0,5.0,0,0.0,exact_match,unknown
2020-06-22,002633.XSHE,buy,200,100,-100,7.98,7.98,0.0,1596.0,798.0,-798.0,5.0,5.0,0,0.0,quantity_diff,unknown
2020-06-22,300029.XSHE,buy,100,100,0,5.56,5.56,0.0,556.0,556.0,0.0,5.0,5.0,0,0.0,exact_match,unknown
2020-06-22,300535.XSHE,sell,1900,1900,0,12.35,12.35,0.0,23465.0,23465.0,0.0,28.46,5.0,0,23.46,exact_match,unknown
2020-06-22,300665.XSHE,sell,300,300,0,9.98,9.98,0.0,2994.0,2994.0,0.0,7.99,5.0,0,2.99,exact_match,unknown
2020-06-22,300736.XSHE,sell,300,300,0,9.32,9.32,0.0,2796.0,2796.0,0.0,7.8,5.0,0,2.8,exact_match,unknown
2020-06-22,600561.XSHG,sell,400,400,0,4.76,4.76,0.0,1904.0,1904.0,0.0,6.9,5.0,0,1.9,exact_match,unknown
2020-06-22,600599.XSHG,buy,100,0,-100,5.52,,,552.0,0.0,-552.0,5.0,0.0,0,0.0,missing_in_local,unknown
2020-06-29,000502.XSHE,sell,200,200,0,6.5,6.5,0.0,1300.0,1300.0,0.0,6.3,5.0,0,1.3,exact_match,unknown
2020-06-29,000638.XSHE,buy,5000,5100,100,4.18,4.18,0.0,20900.0,21318.0,418.0,5.0,5.0,0,0.0,quantity_diff,unknown
2020-06-29,000929.XSHE,buy,100,0,-100,6.55,,,655.0,0.0,-655.0,5.0,0.0,0,0.0,missing_in_local,unknown
2020-06-29,002473.XSHE,buy,3000,3000,0,7.78,7.78,0.0,23340.0,23340.0,0.0,5.0,5.0,0,0.0,exact_match,unknown
2020-06-29,002633.XSHE,buy,600,700,100,7.9,7.9,0.0,4740.0,5530.0,790.0,5.0,5.0,0,0.0,quantity_diff,unknown
2020-06-29,300029.XSHE,sell,100,100,0,5.48,5.48,0.0,548.0,548.0,0.0,5.55,5.0,0,0.55,exact_match,unknown
2020-06-29,300405.XSHE,sell,4000,4000,0,5.6,5.6,0.0,22400.0,22400.0,0.0,27.4,5.0,0,22.4,exact_match,unknown
2020-06-29,300535.XSHE,sell,2000,2000,0,12.05,12.05,0.0,24100.0,24100.0,0.0,29.1,5.0,0,24.1,exact_match,unknown
2020-06-29,300665.XSHE,sell,100,200,100,9.87,9.87,0.0,987.0,1973.9999999999998,986.9999999999998,5.99,5.0,0,1.97,quantity_diff,unknown
2020-06-29,300736.XSHE,sell,100,100,0,9.18,9.18,0.0,918.0,918.0,0.0,5.92,5.0,0,0.92,exact_match,unknown
2020-06-29,600561.XSHG,buy,100,100,0,4.6,4.6,0.0,460.0,459.99999999999994,-5.684341886080802e-14,5.0,5.0,0,0.0,exact_match,unknown
2020-07-01,300736.XSHE,sell,700,700,0,9.85,9.85,0.0,6895.0,6895.0,0.0,11.9,5.0,0,6.9,exact_match,unknown
2020-07-02,000502.XSHE,sell,4000,4000,0,6.83,6.83,0.0,27320.0,27320.0,0.0,32.32,5.0,0,27.32,exact_match,unknown
2020-07-02,000638.XSHE,buy,300,300,0,4.17,4.17,0.0,1251.0,1251.0,0.0,5.0,5.0,0,0.0,exact_match,unknown
2020-07-02,000929.XSHE,buy,3400,3300,-100,6.57,6.57,0.0,22338.0,21681.0,-657.0,10.0,10.0,0,0.0,quantity_diff,unknown
2020-07-02,002209.XSHE,buy,300,300,0,6.04,6.04,0.0,1812.0,1812.0,0.0,5.0,5.0,0,0.0,exact_match,unknown
2020-07-02,002473.XSHE,buy,3200,3200,0,7.88,7.88,0.0,25216.0,25216.0,0.0,5.0,5.0,0,0.0,exact_match,unknown
2020-07-02,002633.XSHE,buy,500,500,0,7.98,7.98,0.0,3990.0,3990.0,0.0,5.0,5.0,0,0.0,exact_match,unknown
2020-07-02,300029.XSHE,buy,200,200,0,5.54,5.54,0.0,1108.0,1108.0,0.0,5.0,5.0,0,0.0,exact_match,unknown
2020-07-02,300405.XSHE,buy,4200,4100,-100,5.72,5.72,0.0,24024.0,23452.0,-572.0,5.0,5.0,0,0.0,quantity_diff,unknown
2020-07-02,300535.XSHE,sell,2000,2000,0,12.25,12.25,0.0,24500.0,24500.0,0.0,29.5,5.0,0,24.5,exact_match,unknown
2020-07-02,300665.XSHE,buy,0,100,100,,10.04,,0.0,1003.9999999999999,1003.9999999999999,0.0,5.0,0,0.0,missing_in_jq,unknown
2020-07-02,300736.XSHE,sell,2800,2800,0,10.3,10.3,0.0,28840.0,28840.000000000004,3.637978807091713e-12,33.84,5.0,0,28.84,exact_match,unknown
2020-07-02,600561.XSHG,buy,200,200,0,4.68,4.68,0.0,936.0,936.0,0.0,5.0,5.0,0,0.0,exact_match,unknown
2020-07-02,600599.XSHG,sell,3500,3400,-100,5.25,5.25,0.0,18375.0,17850.0,-525.0,23.38,5.0,0,17.85,quantity_diff,unknown
2020-07-02,603269.XSHG,buy,1900,1900,0,13.16,13.16,0.0,25004.0,25004.0,0.0,5.0,5.0,0,0.0,exact_match,unknown
2020-07-07,000502.XSHE,sell,200,200,0,7.34,7.34,0.0,1468.0,1468.0,0.0,6.47,5.0,0,1.47,exact_match,unknown
2020-07-07,000638.XSHE,sell,5900,5900,0,4.53,4.53,0.0,26727.0,26727.0,0.0,31.73,5.0,0,26.73,exact_match,unknown
2020-07-07,000929.XSHE,buy,800,900,100,7.0,7.0,0.0,5600.0,6300.0,700.0,5.0,5.0,0,0.0,quantity_diff,unknown
2020-07-07,002209.XSHE,sell,600,600,0,6.6,6.6,0.0,3960.0,3960.0,0.0,8.96,5.0,0,3.96,exact_match,unknown
2020-07-07,002473.XSHE,sell,600,700,100,8.88,8.88,0.0,5328.0,6216.000000000001,888.0000000000009,10.33,5.0,0,6.22,quantity_diff,unknown
2020-07-07,002633.XSHE,buy,400,300,-100,8.23,8.23,0.0,3292.0,2469.0,-823.0,5.0,5.0,0,0.0,quantity_diff,unknown
2020-07-07,300535.XSHE,buy,900,1000,100,12.78,12.78,0.0,11502.0,12780.0,1278.0,10.0,5.0,0,0.0,quantity_diff,unknown
2020-07-07,300665.XSHE,buy,100,100,0,10.52,10.52,0.0,1052.0,1052.0,0.0,5.0,5.0,0,0.0,exact_match,unknown
2020-07-07,300736.XSHE,buy,1000,900,-100,9.79,9.79,0.0,9790.0,8811.0,-979.0,5.0,5.0,0,0.0,quantity_diff,unknown
2020-07-07,600561.XSHG,sell,5300,5300,0,5.0,5.0,0.0,26500.0,26500.0,0.0,31.5,5.0,0,26.5,exact_match,unknown
2020-07-07,600768.XSHG,buy,100,100,0,10.22,10.22,0.0,1022.0,1022.0000000000001,1.1368683772161603e-13,5.0,5.0,0,0.0,exact_match,unknown
2020-07-07,603269.XSHG,buy,1900,1900,0,13.88,13.88,0.0,26372.0,26372.0,0.0,10.0,10.0,0,0.0,exact_match,unknown
2020-07-10,000502.XSHE,buy,200,200,0,7.34,7.34,0.0,1468.0,1468.0,0.0,5.0,5.0,0,0.0,exact_match,unknown
2020-07-10,000638.XSHE,sell,5700,5700,0,4.66,4.66,0.0,26562.0,26562.0,0.0,31.56,5.0,0,26.56,exact_match,unknown
2020-07-10,000929.XSHE,buy,3500,3500,0,7.25,7.25,0.0,25375.0,25375.0,0.0,10.0,10.0,0,0.0,exact_match,unknown
2020-07-10,002209.XSHE,buy,200,200,0,6.65,6.65,0.0,1330.0,1330.0,0.0,5.0,5.0,0,0.0,exact_match,unknown
2020-07-10,002473.XSHE,sell,2800,2700,-100,8.88,8.88,0.0,24864.0,23976.000000000004,-887.9999999999964,29.86,5.0,0,23.98,quantity_diff,unknown
2020-07-10,002633.XSHE,buy,2700,2800,100,8.61,8.61,0.0,23247.0,24108.0,861.0,5.0,5.0,0,0.0,quantity_diff,unknown
2020-07-10,300029.XSHE,buy,200,200,0,5.94,5.94,0.0,1188.0,1188.0,0.0,5.0,5.0,0,0.0,exact_match,unknown
2020-07-10,300405.XSHE,buy,0,100,100,,6.27,,0.0,627.0,627.0,0.0,5.0,0,0.0,missing_in_jq,unknown
2020-07-10,300535.XSHE,buy,600,400,-200,13.22,13.22,0.0,7932.0,5288.0,-2644.0,10.0,5.0,0,0.0,quantity_diff,unknown
2020-07-10,300736.XSHE,sell,300,200,-100,10.33,10.33,0.0,3099.0,2066.0,-1033.0,8.1,5.0,0,2.07,quantity_diff,unknown
2020-07-10,600561.XSHG,sell,5000,5000,0,5.07,5.07,0.0,25350.0,25350.0,0.0,30.35,5.0,0,25.35,exact_match,unknown
2020-07-10,600768.XSHG,buy,2300,2300,0,10.59,10.59,0.0,24357.0,24357.0,0.0,5.0,5.0,0,0.0,exact_match,unknown
2020-07-14,300156.XSHE,sell,0,0,0,,,,0.0,0.0,0.0,0.0,0.0,0,0.0,missing_in_local,unknown
2020-07-15,000502.XSHE,buy,400,400,0,7.21,7.21,0.0,2884.0,2884.0,0.0,5.0,5.0,0,0.0,exact_match,unknown
2020-07-15,002209.XSHE,sell,200,200,0,6.81,6.81,0.0,1362.0,1362.0,0.0,6.36,5.0,0,1.36,exact_match,unknown
2020-07-15,002473.XSHE,sell,3000,3000,0,9.0,9.0,0.0,27000.0,27000.0,0.0,32.0,5.0,0,27.0,exact_match,unknown
2020-07-15,002633.XSHE,buy,200,200,0,8.59,8.59,0.0,1718.0,1718.0,0.0,5.0,5.0,0,0.0,exact_match,unknown
2020-07-15,300029.XSHE,sell,300,300,0,6.1,6.1,0.0,1830.0,1830.0,0.0,6.83,5.0,0,1.83,exact_match,unknown
2020-07-15,300405.XSHE,buy,200,0,-200,6.48,,,1296.0,0.0,-1296.0,10.0,0.0,0,0.0,missing_in_local,unknown
2020-07-15,300535.XSHE,buy,2100,2200,100,13.28,13.28,0.0,27888.0,29216.0,1328.0,5.0,5.0,0,0.0,quantity_diff,unknown
2020-07-15,300665.XSHE,sell,100,100,0,11.0,11.0,0.0,1100.0,1100.0,0.0,6.1,5.0,0,1.1,exact_match,unknown
2020-07-15,600561.XSHG,sell,5300,5400,100,5.2,5.2,0.0,27560.0,28080.0,520.0,32.56,5.0,0,28.08,quantity_diff,unknown
2020-07-15,600768.XSHG,buy,2500,2500,0,10.68,10.68,0.0,26700.0,26700.0,0.0,5.0,5.0,0,0.0,exact_match,unknown
2020-07-15,603269.XSHG,sell,100,100,0,14.64,14.64,0.0,1464.0,1464.0,0.0,6.46,5.0,0,1.46,exact_match,unknown
2020-07-20,000502.XSHE,sell,300,300,0,6.99,6.99,0.0,2097.0,2097.0,0.0,7.1,5.0,0,2.1,exact_match,unknown
2020-07-20,000929.XSHE,buy,100,100,0,6.87,6.87,0.0,687.0,687.0,0.0,5.0,5.0,0,0.0,exact_match,unknown
2020-07-20,002209.XSHE,sell,100,100,0,6.48,6.48,0.0,648.0,648.0,0.0,5.65,5.0,0,0.65,exact_match,unknown
2020-07-20,002633.XSHE,sell,0,100,100,,8.2,,0.0,819.9999999999999,819.9999999999999,0.0,5.0,0,0.82,missing_in_jq,unknown
2020-07-20,300029.XSHE,sell,0,100,100,,5.78,,0.0,578.0,578.0,0.0,5.0,0,0.58,missing_in_jq,unknown
2020-07-20,300405.XSHE,buy,100,0,-100,6.48,,,648.0,0.0,-648.0,5.0,0.0,0,0.0,missing_in_local,unknown
2020-07-20,300535.XSHE,buy,2100,2300,200,12.69,12.69,0.0,26649.0,29187.0,2538.0,5.0,5.0,0,0.0,quantity_diff,unknown
2020-07-20,300665.XSHE,sell,200,200,0,10.59,10.59,0.0,2118.0,2118.0,0.0,7.12,5.0,0,2.12,exact_match,unknown
2020-07-20,300736.XSHE,buy,200,200,0,9.63,9.63,0.0,1926.0,1926.0000000000002,2.2737367544323206e-13,5.0,5.0,0,0.0,exact_match,unknown
2020-07-20,600561.XSHG,sell,5100,5100,0,4.92,4.92,0.0,25092.0,25092.0,0.0,30.09,5.0,0,25.09,exact_match,unknown
2020-07-23,000502.XSHE,buy,3600,3600,0,7.07,7.07,0.0,25452.0,25452.0,0.0,5.0,10.0,0,0.0,exact_match,unknown
2020-07-23,002209.XSHE,buy,100,100,0,6.54,6.54,0.0,654.0,654.0,0.0,5.0,5.0,0,0.0,exact_match,unknown
2020-07-23,002473.XSHE,buy,100,100,0,8.51,8.51,0.0,851.0,851.0,0.0,5.0,5.0,0,0.0,exact_match,unknown
2020-07-23,002633.XSHE,sell,400,400,0,8.59,8.59,0.0,3436.0,3436.0,0.0,8.44,5.0,0,3.44,exact_match,unknown
2020-07-23,300029.XSHE,sell,200,100,-100,5.94,5.94,0.0,1188.0,594.0,-594.0,6.19,5.0,0,0.59,quantity_diff,unknown
2020-07-23,300156.XSHE,sell,104500,104500,0,0.15,0.15,0.0,15675.0,15675.0,0.0,20.68,5.0,0,15.68,exact_match,unknown
2020-07-23,300405.XSHE,sell,900,600,-300,6.51,6.51,0.0,5859.0,3906.0,-1953.0,10.86,5.0,0,3.91,quantity_diff,unknown
2020-07-23,300736.XSHE,buy,2000,2000,0,10.26,10.26,0.0,20520.0,20520.0,0.0,5.0,5.0,0,0.0,exact_match,unknown
2020-07-23,600561.XSHG,sell,5200,5100,-100,5.15,5.15,0.0,26780.0,26265.0,-515.0,31.78,5.0,0,26.27,quantity_diff,unknown
2020-07-23,600768.XSHG,buy,500,200,-300,10.42,10.42,0.0,5210.0,2084.0,-3126.0,5.0,5.0,0,0.0,quantity_diff,unknown
2020-07-28,000502.XSHE,sell,200,200,0,7.02,7.02,0.0,1404.0,1404.0,0.0,6.4,5.0,0,1.4,exact_match,unknown
2020-07-28,000929.XSHE,buy,300,200,-100,6.72,6.72,0.0,2016.0,1344.0,-672.0,5.0,5.0,0,0.0,quantity_diff,unknown
2020-07-28,002633.XSHE,buy,0,100,100,,8.26,,0.0,826.0,826.0,0.0,5.0,0,0.0,missing_in_jq,unknown
2020-07-28,300029.XSHE,sell,2000,2000,0,6.37,6.37,0.0,12740.0,12740.0,0.0,17.74,5.0,0,12.74,exact_match,unknown
2020-07-28,300312.XSHE,buy,100,100,0,4.28,4.28,0.0,428.0,428.0,0.0,5.0,5.0,0,0.0,exact_match,unknown
2020-07-28,300405.XSHE,sell,4000,4000,0,6.38,6.38,0.0,25520.0,25520.0,0.0,30.52,5.0,0,25.52,exact_match,unknown
2020-07-28,300535.XSHE,buy,700,700,0,12.58,12.58,0.0,8806.0,8806.0,0.0,5.0,5.0,0,0.0,exact_match,unknown
2020-07-28,300736.XSHE,buy,300,300,0,9.78,9.78,0.0,2934.0,2934.0,0.0,5.0,5.0,0,0.0,exact_match,unknown
2020-07-28,600768.XSHG,buy,2500,2500,0,10.12,10.12,0.0,25300.0,25299.999999999996,-3.637978807091713e-12,5.0,5.0,0,0.0,exact_match,unknown
2020-07-28,603269.XSHG,sell,5100,5100,0,12.65,12.65,0.0,64515.0,64515.0,0.0,70.97,6.45,0,64.52,exact_match,unknown
2020-07-31,000502.XSHE,sell,100,100,0,7.2,7.2,0.0,720.0,720.0,0.0,5.72,5.0,0,0.72,exact_match,unknown
2020-07-31,000929.XSHE,sell,100,0,-100,6.93,,,693.0,0.0,-693.0,5.69,0.0,0,0.0,missing_in_local,unknown
2020-07-31,300312.XSHE,buy,5600,5600,0,4.43,4.43,0.0,24808.0,24808.0,0.0,5.0,5.0,0,0.0,exact_match,unknown
2020-07-31,300405.XSHE,sell,3900,3900,0,6.42,6.42,0.0,25038.0,25038.0,0.0,30.04,5.0,0,25.04,exact_match,unknown
2020-07-31,300535.XSHE,buy,1500,1300,-200,12.82,12.82,0.0,19230.0,16666.0,-2564.0,5.0,5.0,0,0.0,quantity_diff,unknown
2020-07-31,300736.XSHE,sell,500,500,0,10.51,10.51,0.0,5255.0,5255.0,0.0,10.26,5.0,0,5.25,exact_match,unknown
2020-07-31,600365.XSHG,buy,7400,7400,0,3.42,3.42,0.0,25308.0,25308.0,0.0,5.0,5.0,0,0.0,exact_match,unknown
2020-07-31,600768.XSHG,buy,4300,4600,300,10.38,10.38,0.0,44634.0,47748.0,3114.0,5.0,5.0,0,0.0,quantity_diff,unknown
2020-07-31,603269.XSHG,sell,2000,2000,0,13.21,13.21,0.0,26420.0,26420.0,0.0,31.42,5.0,0,26.42,exact_match,unknown
2020-08-05,000502.XSHE,buy,200,200,0,7.3,7.3,0.0,1460.0,1460.0,0.0,5.0,5.0,0,0.0,exact_match,unknown
2020-08-05,000929.XSHE,sell,300,300,0,7.26,7.26,0.0,2178.0,2178.0,0.0,7.18,5.0,0,2.18,exact_match,unknown
2020-08-05,002209.XSHE,sell,700,700,0,6.99,6.99,0.0,4893.0,4893.0,0.0,9.89,5.0,0,4.89,exact_match,unknown
2020-08-05,002473.XSHE,buy,1700,1700,0,6.73,6.73,0.0,11441.0,11441.0,0.0,5.0,5.0,0,0.0,exact_match,unknown
2020-08-05,002633.XSHE,sell,100,100,0,8.82,8.82,0.0,882.0,882.0,0.0,5.88,5.0,0,0.88,exact_match,unknown
2020-08-05,300029.XSHE,sell,500,600,100,6.9,6.9,0.0,3450.0,4140.0,690.0,8.45,5.0,0,4.14,quantity_diff,unknown
2020-08-05,300535.XSHE,buy,100,0,-100,13.11,,,1311.0,0.0,-1311.0,5.0,0.0,0,0.0,missing_in_local,unknown
2020-08-05,300736.XSHE,buy,300,300,0,10.45,10.45,0.0,3135.0,3135.0,0.0,5.0,5.0,0,0.0,exact_match,unknown
2020-08-05,600365.XSHG,buy,7800,7700,-100,3.45,3.45,0.0,26910.0,26565.0,-345.0,5.0,5.0,0,0.0,quantity_diff,unknown
2020-08-05,603269.XSHG,sell,2000,2000,0,13.05,13.05,0.0,26100.0,26100.0,0.0,31.1,5.0,0,26.1,exact_match,unknown
2020-08-06,300312.XSHE,sell,200,200,0,4.93,4.93,0.0,986.0,986.0,0.0,5.99,5.0,0,0.99,exact_match,unknown
2020-08-10,002473.XSHE,sell,3700,3700,0,6.75,6.75,0.0,24975.0,24975.0,0.0,29.98,5.0,0,24.98,exact_match,unknown
2020-08-10,300029.XSHE,buy,400,600,200,6.11,6.11,0.0,2444.0,3666.0,1222.0,5.0,5.0,0,0.0,quantity_diff,unknown
2020-08-10,600365.XSHG,buy,5800,6000,200,3.45,3.45,0.0,20010.0,20700.0,690.0,5.0,5.0,0,0.0,quantity_diff,unknown
2020-08-10,600768.XSHG,buy,500,400,-100,10.5,10.5,0.0,5250.0,4200.0,-1050.0,5.0,5.0,0,0.0,quantity_diff,unknown
2020-08-11,002209.XSHE,sell,6600,6600,0,8.95,8.95,0.0,59070.0,59069.99999999999,-7.275957614183426e-12,64.98,5.91,0,59.07,exact_match,unknown
2020-08-12,002473.XSHE,sell,300,400,100,7.27,7.27,0.0,2181.0,2908.0,727.0,7.18,5.0,0,2.91,quantity_diff,unknown
2020-08-13,000502.XSHE,sell,600,600,0,7.65,7.65,0.0,4590.0,4590.0,0.0,9.59,5.0,0,4.59,exact_match,unknown
2020-08-13,002209.XSHE,sell,1400,1500,100,7.42,7.42,0.0,10388.0,11130.0,742.0,15.39,5.0,0,11.13,quantity_diff,unknown
2020-08-13,002473.XSHE,sell,3700,3600,-100,7.22,7.22,0.0,26714.0,25992.0,-722.0,31.71,5.0,0,25.99,quantity_diff,unknown
2020-08-13,002633.XSHE,buy,300,300,0,8.69,8.69,0.0,2607.0,2607.0,0.0,5.0,5.0,0,0.0,exact_match,unknown
2020-08-13,300029.XSHE,buy,1800,1700,-100,6.19,6.19,0.0,11142.0,10523.0,-619.0,5.0,5.0,0,0.0,quantity_diff,unknown
2020-08-13,300478.XSHE,buy,2300,2300,0,11.19,11.19,0.0,25737.0,25737.0,0.0,5.0,5.0,0,0.0,exact_match,unknown
2020-08-13,300535.XSHE,buy,0,100,100,,13.12,,0.0,1312.0,1312.0,0.0,5.0,0,0.0,missing_in_jq,unknown
2020-08-13,300736.XSHE,buy,500,500,0,10.15,10.15,0.0,5075.0,5075.0,0.0,5.0,5.0,0,0.0,exact_match,unknown
2020-08-13,600365.XSHG,buy,9700,9600,-100,3.44,3.44,0.0,33368.0,33024.0,-344.0,5.0,5.0,0,0.0,quantity_diff,unknown
2020-08-13,600561.XSHG,buy,4700,4600,-100,5.26,5.26,0.0,24722.0,24196.0,-526.0,5.0,5.0,0,0.0,quantity_diff,unknown
2020-08-13,600768.XSHG,buy,0,100,100,,10.4,,0.0,1040.0,1040.0,0.0,5.0,0,0.0,missing_in_jq,unknown
2020-08-14,300312.XSHE,sell,1400,1400,0,6.6,6.6,0.0,9240.0,9240.0,0.0,14.24,5.0,0,9.24,exact_match,unknown
2020-08-18,000502.XSHE,buy,900,900,0,7.41,7.41,0.0,6669.0,6669.0,0.0,5.0,5.0,0,0.0,exact_match,unknown
2020-08-18,002209.XSHE,buy,100,200,100,7.44,7.44,0.0,744.0,1488.0,744.0,5.0,5.0,0,0.0,quantity_diff,unknown
2020-08-18,002633.XSHE,sell,500,500,0,9.22,9.22,0.0,4610.0,4610.0,0.0,9.61,5.0,0,4.61,exact_match,unknown
2020-08-18,300029.XSHE,buy,500,500,0,6.2,6.2,0.0,3100.0,3100.0,0.0,5.0,5.0,0,0.0,exact_match,unknown
2020-08-18,300312.XSHE,sell,4100,4100,0,5.6,5.6,0.0,22960.0,22960.0,0.0,27.96,5.0,0,22.96,exact_match,unknown
2020-08-18,600365.XSHG,buy,7000,6900,-100,3.59,3.59,0.0,25130.0,24771.0,-359.0,5.0,5.0,0,0.0,quantity_diff,unknown
2020-08-18,600561.XSHG,buy,400,300,-100,5.26,5.26,0.0,2104.0,1578.0,-526.0,5.0,5.0,0,0.0,quantity_diff,unknown
2020-08-18,600768.XSHG,sell,100,100,0,10.75,10.75,0.0,1075.0,1075.0,0.0,6.08,5.0,0,1.07,exact_match,unknown
2020-08-20,600365.XSHG,sell,2200,2200,0,3.81,3.81,0.0,8382.0,8382.0,0.0,13.38,5.0,0,8.38,exact_match,unknown
2020-08-21,000502.XSHE,buy,200,200,0,7.27,7.27,0.0,1454.0,1454.0,0.0,5.0,5.0,0,0.0,exact_match,unknown
2020-08-21,002209.XSHE,buy,100,100,0,7.31,7.31,0.0,731.0,731.0,0.0,5.0,5.0,0,0.0,exact_match,unknown
2020-08-21,002633.XSHE,buy,200,200,0,9.0,9.0,0.0,1800.0,1800.0,0.0,5.0,5.0,0,0.0,exact_match,unknown
2020-08-21,300029.XSHE,sell,300,300,0,6.26,6.26,0.0,1878.0,1878.0,0.0,6.88,5.0,0,1.88,exact_match,unknown
2020-08-21,300478.XSHE,buy,2400,2400,0,11.33,11.33,0.0,27192.0,27192.0,0.0,5.0,5.0,0,0.0,exact_match,unknown
2020-08-21,300535.XSHE,buy,200,100,-100,13.17,13.17,0.0,2634.0,1317.0,-1317.0,5.0,5.0,0,0.0,quantity_diff,unknown
2020-08-21,600365.XSHG,sell,7100,7000,-100,3.79,3.79,0.0,26909.0,26530.0,-379.0,31.91,5.0,0,26.53,quantity_diff,unknown
2020-08-21,600561.XSHG,buy,0,200,200,,5.24,,0.0,1048.0,1048.0,0.0,5.0,0,0.0,missing_in_jq,unknown
2020-08-25,600365.XSHG,buy,900,900,0,3.71,3.71,0.0,3339.0,3339.0,0.0,5.0,5.0,0,0.0,exact_match,unknown
2020-08-26,000502.XSHE,buy,100,100,0,7.36,7.36,0.0,736.0,736.0,0.0,5.0,5.0,0,0.0,exact_match,unknown
2020-08-26,000929.XSHE,sell,100,100,0,7.61,7.61,0.0,761.0,761.0,0.0,5.76,5.0,0,0.76,exact_match,unknown
2020-08-26,002209.XSHE,buy,300,300,0,7.23,7.23,0.0,2169.0,2169.0,0.0,5.0,5.0,0,0.0,exact_match,unknown
2020-08-26,002633.XSHE,sell,200,200,0,9.33,9.33,0.0,1866.0,1866.0,0.0,6.87,5.0,0,1.87,exact_match,unknown
2020-08-26,300029.XSHE,sell,200,200,0,6.44,6.44,0.0,1288.0,1288.0,0.0,6.29,5.0,0,1.29,exact_match,unknown
2020-08-26,300535.XSHE,sell,100,0,-100,13.67,,,1367.0,0.0,-1367.0,6.37,0.0,0,0.0,missing_in_local,unknown
2020-08-26,300665.XSHE,sell,100,200,100,11.69,11.69,0.0,1169.0,2338.0,1169.0,6.17,5.0,0,2.34,quantity_diff,unknown
2020-08-26,300736.XSHE,sell,300,400,100,10.86,10.86,0.0,3258.0,4344.0,1086.0,8.26,5.0,0,4.34,quantity_diff,unknown
2020-08-26,600520.XSHG,buy,400,500,100,9.23,9.23,0.0,3692.0,4615.0,923.0,5.0,5.0,0,0.0,quantity_diff,unknown
2020-08-26,600768.XSHG,buy,300,300,0,10.57,10.57,0.0,3171.0,3171.0,0.0,5.0,5.0,0,0.0,exact_match,unknown
2020-08-31,000929.XSHE,sell,300,300,0,7.82,7.82,0.0,2346.0,2346.0,0.0,7.35,5.0,0,2.35,exact_match,unknown
2020-08-31,002209.XSHE,buy,800,800,0,7.07,7.07,0.0,5656.0,5656.0,0.0,10.0,5.0,0,0.0,exact_match,unknown
2020-08-31,002633.XSHE,sell,200,200,0,9.53,9.53,0.0,1906.0,1905.9999999999998,-2.2737367544323206e-13,6.91,5.0,0,1.91,exact_match,unknown
2020-08-31,300029.XSHE,sell,500,600,100,6.66,6.66,0.0,3330.0,3996.0,666.0,8.33,5.0,0,4.0,quantity_diff,unknown
2020-08-31,300478.XSHE,sell,100,100,0,12.1,12.1,0.0,1210.0,1210.0,0.0,6.21,5.0,0,1.21,exact_match,unknown
2020-08-31,300535.XSHE,sell,200,300,100,14.07,14.07,0.0,2814.0,4221.0,1407.0,7.81,5.0,0,4.22,quantity_diff,unknown
2020-08-31,300665.XSHE,sell,200,200,0,11.99,11.99,0.0,2398.0,2398.0,0.0,7.4,5.0,0,2.4,exact_match,unknown
2020-08-31,300736.XSHE,sell,100,0,-100,10.99,,,1099.0,0.0,-1099.0,6.1,0.0,0,0.0,missing_in_local,unknown
2020-08-31,600520.XSHG,buy,4000,4100,100,9.24,9.24,0.0,36960.0,37884.0,924.0,5.0,5.0,0,0.0,quantity_diff,unknown
2020-08-31,600561.XSHG,sell,5100,5100,0,5.39,5.39,0.0,27489.0,27489.0,0.0,32.49,5.0,0,27.49,exact_match,unknown
2020-09-02,000502.XSHE,sell,1500,1500,0,8.45,8.45,0.0,12675.0,12674.999999999998,-1.8189894035458565e-12,17.67,5.0,0,12.67,exact_match,unknown
2020-09-03,000502.XSHE,sell,3300,3300,0,8.4,8.4,0.0,27720.0,27720.0,0.0,32.72,5.0,0,27.72,exact_match,unknown
2020-09-03,000929.XSHE,buy,400,300,-100,7.91,7.91,0.0,3164.0,2373.0,-791.0,5.0,5.0,0,0.0,quantity_diff,unknown
2020-09-03,002209.XSHE,buy,7600,7600,0,7.26,7.26,0.0,55176.0,55176.0,0.0,10.0,10.0,0,0.0,exact_match,unknown
2020-09-03,300029.XSHE,sell,600,500,-100,7.09,7.09,0.0,4254.0,3545.0,-709.0,9.25,5.0,0,3.54,quantity_diff,unknown
2020-09-03,300478.XSHE,sell,2300,2300,0,12.74,12.74,0.0,29302.0,29302.0,0.0,34.3,5.0,0,29.3,exact_match,unknown
2020-09-03,300535.XSHE,sell,300,200,-100,14.95,14.95,0.0,4485.0,2990.0,-1495.0,9.48,5.0,0,2.99,quantity_diff,unknown
2020-09-03,300736.XSHE,sell,300,300,0,11.7,11.7,0.0,3510.0,3510.0,0.0,8.51,5.0,0,3.51,exact_match,unknown
2020-09-03,600365.XSHG,sell,18700,18700,0,2.72,2.72,0.0,50864.0,50864.00000000001,7.275957614183426e-12,55.95,5.09,0,50.86,exact_match,unknown
2020-09-03,600520.XSHG,buy,4800,4600,-200,9.25,9.25,0.0,44400.0,42550.0,-1850.0,5.0,5.0,0,0.0,quantity_diff,unknown
2020-09-03,600561.XSHG,buy,5000,5100,100,5.3,5.3,0.0,26500.0,27030.0,530.0,5.0,5.0,0,0.0,quantity_diff,unknown
2020-09-03,600768.XSHG,buy,300,300,0,10.82,10.82,0.0,3246.0,3246.0,0.0,5.0,5.0,0,0.0,exact_match,unknown
2020-09-08,000502.XSHE,buy,2200,2200,0,7.33,7.33,0.0,16126.0,16126.0,0.0,5.0,5.0,0,0.0,exact_match,unknown
2020-09-08,000929.XSHE,sell,800,700,-100,8.48,8.48,0.0,6784.0,5936.0,-848.0,11.78,5.0,0,5.94,quantity_diff,unknown
2020-09-08,002209.XSHE,buy,300,200,-100,7.32,7.32,0.0,2196.0,1464.0,-732.0,5.0,5.0,0,0.0,quantity_diff,unknown
2020-09-08,002633.XSHE,buy,600,600,0,9.69,9.69,0.0,5814.0,5814.0,0.0,5.0,5.0,0,0.0,exact_match,unknown
2020-09-08,300029.XSHE,sell,5500,5500,0,8.0,8.0,0.0,44000.0,44000.0,0.0,49.0,5.0,0,44.0,exact_match,unknown
2020-09-08,300478.XSHE,sell,100,100,0,13.46,13.46,0.0,1346.0,1346.0,0.0,6.35,5.0,0,1.35,exact_match,unknown
2020-09-08,300535.XSHE,sell,1900,1900,0,15.39,15.39,0.0,29241.0,29241.0,0.0,34.24,5.0,0,29.24,exact_match,unknown
2020-09-08,300736.XSHE,sell,3100,3100,0,12.8,12.8,0.0,39680.0,39680.0,0.0,44.68,5.0,0,39.68,exact_match,unknown
2020-09-08,600365.XSHG,sell,10600,10600,0,2.81,2.81,0.0,29786.0,29786.0,0.0,34.79,5.0,0,29.79,exact_match,unknown
2020-09-08,600506.XSHG,buy,2800,2800,0,10.29,10.29,0.0,28812.0,28811.999999999996,-3.637978807091713e-12,5.0,5.0,0,0.0,exact_match,unknown
2020-09-08,600520.XSHG,buy,3300,3200,-100,9.37,9.37,0.0,30921.0,29983.999999999996,-937.0000000000036,5.0,5.0,0,0.0,quantity_diff,unknown
2020-09-08,600561.XSHG,buy,6000,5900,-100,5.32,5.32,0.0,31920.0,31388.0,-532.0,5.0,5.0,0,0.0,quantity_diff,unknown
2020-09-08,600768.XSHG,buy,400,400,0,10.71,10.71,0.0,4284.0,4284.0,0.0,5.0,5.0,0,0.0,exact_match,unknown
2020-09-08,600778.XSHG,buy,300,600,300,5.06,5.06,0.0,1518.0,3035.9999999999995,1517.9999999999995,5.0,5.0,0,0.0,quantity_diff,unknown
2020-09-08,603269.XSHG,buy,2100,2100,0,13.8,13.8,0.0,28980.0,28980.0,0.0,5.0,5.0,0,0.0,exact_match,unknown
2020-09-09,300736.XSHE,sell,1300,1300,0,15.58,15.55,-0.02999999999999936,20254.0,20215.0,-39.0,25.25,5.0,0,20.21,price_diff,unknown
2020-09-10,300478.XSHE,sell,0,0,0,,,,0.0,0.0,0.0,0.0,0.0,0,0.0,missing_in_local,unknown
2020-09-11,000502.XSHE,sell,300,300,0,6.94,6.94,0.0,2082.0,2082.0,0.0,7.08,5.0,0,2.08,exact_match,unknown
2020-09-11,000929.XSHE,sell,5200,5200,0,9.0,9.0,0.0,46800.0,46800.0,0.0,51.8,5.0,0,46.8,exact_match,unknown
2020-09-11,002209.XSHE,sell,300,300,0,6.9,6.9,0.0,2070.0,2070.0,0.0,7.07,5.0,0,2.07,exact_match,unknown
2020-09-11,300029.XSHE,buy,4000,4000,0,5.01,5.01,0.0,20040.0,20040.0,0.0,5.0,5.0,0,0.0,exact_match,unknown
2020-09-11,300478.XSHE,sell,2200,2200,0,11.8,11.8,0.0,25960.0,25960.0,0.0,30.96,5.0,0,25.96,exact_match,unknown
2020-09-11,300535.XSHE,sell,2000,2000,0,14.33,14.33,0.0,28660.0,28660.0,0.0,33.66,5.0,0,28.66,exact_match,unknown
2020-09-11,300736.XSHE,buy,2400,2300,-100,10.5,10.5,0.0,25200.0,24150.0,-1050.0,5.0,5.0,0,0.0,quantity_diff,unknown
2020-09-11,600506.XSHG,sell,100,100,0,10.35,10.35,0.0,1035.0,1035.0,0.0,6.04,5.0,0,1.03,exact_match,unknown
2020-09-11,600520.XSHG,buy,3400,3500,100,8.5,8.5,0.0,28900.0,29750.0,850.0,5.0,5.0,0,0.0,quantity_diff,unknown
2020-09-11,600561.XSHG,buy,4800,4800,0,5.11,5.11,0.0,24528.0,24528.0,0.0,5.0,5.0,0,0.0,exact_match,unknown
2020-09-11,600768.XSHG,sell,300,300,0,10.18,10.18,0.0,3054.0,3054.0,0.0,8.05,5.0,0,3.05,exact_match,unknown
2020-09-11,600778.XSHG,buy,1000,1000,0,5.11,5.11,0.0,5110.0,5110.0,0.0,5.0,5.0,0,0.0,exact_match,unknown
2020-09-11,603269.XSHG,buy,2000,2000,0,13.03,13.03,0.0,26060.0,26060.0,0.0,5.0,5.0,0,0.0,exact_match,unknown
2020-09-15,300665.XSHE,sell,7400,7300,-100,13.65,13.63,-0.019999999999999574,101010.0,99499.0,-1511.0,111.11,9.95,0,99.5,price_and_quantity_diff,unknown
2020-09-16,000502.XSHE,buy,100,100,0,7.32,7.32,0.0,732.0,732.0,0.0,5.0,5.0,0,0.0,exact_match,unknown
2020-09-16,000702.XSHE,buy,4900,4900,0,5.76,5.76,0.0,28224.0,28224.0,0.0,5.0,5.0,0,0.0,exact_match,unknown
2020-09-16,000929.XSHE,sell,2500,2500,0,9.0,9.0,0.0,22500.0,22500.0,0.0,27.5,5.0,0,22.5,exact_match,unknown
2020-09-16,002209.XSHE,buy,400,500,100,7.15,7.15,0.0,2860.0,3575.0,715.0,5.0,5.0,0,0.0,quantity_diff,unknown
2020-09-16,002633.XSHE,buy,200,200,0,9.39,9.39,0.0,1878.0,1878.0,0.0,5.0,5.0,0,0.0,exact_match,unknown
2020-09-16,300029.XSHE,sell,3300,3300,0,5.61,5.61,0.0,18513.0,18513.0,0.0,23.51,5.0,0,18.51,exact_match,unknown
2020-09-16,300535.XSHE,sell,2100,2100,0,16.25,16.25,0.0,34125.0,34125.0,0.0,39.12,5.0,0,34.12,exact_match,unknown
2020-09-16,300665.XSHE,sell,2000,2000,0,13.6,13.6,0.0,27200.0,27200.0,0.0,32.2,5.0,0,27.2,exact_match,unknown
2020-09-16,300736.XSHE,sell,500,400,-100,11.82,11.82,0.0,5910.0,4728.0,-1182.0,10.91,5.0,0,4.73,quantity_diff,unknown
2020-09-16,600099.XSHG,buy,4100,4100,0,6.98,6.98,0.0,28618.0,28618.0,0.0,5.0,5.0,0,0.0,exact_match,unknown
2020-09-16,600520.XSHG,buy,200,200,0,8.92,8.92,0.0,1784.0,1784.0,0.0,5.0,5.0,0,0.0,exact_match,unknown
2020-09-16,600561.XSHG,buy,6500,6500,0,5.15,5.15,0.0,33475.0,33475.0,0.0,5.0,5.0,0,0.0,exact_match,unknown
2020-09-16,600768.XSHG,buy,300,300,0,10.56,10.56,0.0,3168.0,3168.0,0.0,5.0,5.0,0,0.0,exact_match,unknown
2020-09-16,600778.XSHG,buy,10000,9700,-300,5.06,5.06,0.0,50600.0,49081.99999999999,-1518.0000000000073,5.06,5.0,0,0.0,quantity_diff,unknown
2020-09-16,603029.XSHG,buy,1700,1600,-100,16.9,16.9,0.0,28730.0,27039.999999999996,-1690.0000000000036,5.0,5.0,0,0.0,quantity_diff,unknown
2020-09-16,603286.XSHG,buy,1600,1600,0,17.78,17.78,0.0,28448.0,28448.0,0.0,5.0,5.0,0,0.0,exact_match,unknown
2020-09-21,000502.XSHE,buy,400,400,0,7.14,7.14,0.0,2856.0,2856.0,0.0,5.0,5.0,0,0.0,exact_match,unknown
2020-09-21,000702.XSHE,buy,5000,5000,0,5.77,5.77,0.0,28850.0,28849.999999999996,-3.637978807091713e-12,5.0,5.0,0,0.0,exact_match,unknown
2020-09-21,000929.XSHE,sell,3200,3200,0,9.04,9.04,0.0,28928.0,28927.999999999996,-3.637978807091713e-12,33.93,5.0,0,28.93,exact_match,unknown
2020-09-21,002209.XSHE,sell,100,100,0,7.21,7.21,0.0,721.0,721.0,0.0,5.72,5.0,0,0.72,exact_match,unknown
2020-09-21,300029.XSHE,sell,3900,4000,100,5.05,5.05,0.0,19695.0,20200.0,505.0,24.7,5.0,0,20.2,quantity_diff,unknown
2020-09-21,300535.XSHE,sell,1700,1700,0,15.93,15.93,0.0,27081.0,27081.0,0.0,32.08,5.0,0,27.08,exact_match,unknown
2020-09-21,300665.XSHE,sell,2200,2200,0,12.78,12.78,0.0,28116.0,28116.0,0.0,33.12,5.0,0,28.12,exact_match,unknown
2020-09-21,300736.XSHE,sell,100,100,0,11.9,11.9,0.0,1190.0,1190.0,0.0,6.19,5.0,0,1.19,exact_match,unknown
2020-09-21,600520.XSHG,sell,100,100,0,9.0,9.0,0.0,900.0,900.0,0.0,5.9,5.0,0,0.9,exact_match,unknown
2020-09-21,600561.XSHG,buy,4900,4900,0,5.28,5.28,0.0,25872.0,25872.0,0.0,5.0,5.0,0,0.0,exact_match,unknown
2020-09-21,600768.XSHG,sell,100,100,0,10.67,10.67,0.0,1067.0,1067.0,0.0,6.07,5.0,0,1.07,exact_match,unknown
2020-09-21,600778.XSHG,sell,1100,1100,0,5.66,5.66,0.0,6226.0,6226.0,0.0,11.23,5.0,0,6.23,exact_match,unknown
2020-09-21,603269.XSHG,buy,2100,2100,0,13.91,13.91,0.0,29211.0,29211.0,0.0,5.0,5.0,0,0.0,exact_match,unknown
2020-09-21,603286.XSHG,buy,1500,1500,0,17.5,17.5,0.0,26250.0,26250.0,0.0,5.0,5.0,0,0.0,exact_match,unknown
2020-09-24,000502.XSHE,buy,2700,2700,0,7.51,7.51,0.0,20277.0,20277.0,0.0,5.0,5.0,0,0.0,exact_match,unknown
2020-09-24,000702.XSHE,buy,5100,5100,0,5.64,5.64,0.0,28764.0,28764.0,0.0,5.0,5.0,0,0.0,exact_match,unknown
2020-09-24,000929.XSHE,sell,3300,3300,0,9.13,9.13,0.0,30129.0,30129.000000000004,3.637978807091713e-12,35.13,5.0,0,30.13,exact_match,unknown
2020-09-24,002209.XSHE,buy,100,100,0,7.03,7.03,0.0,703.0,703.0,0.0,5.0,5.0,0,0.0,exact_match,unknown
2020-09-24,002633.XSHE,buy,100,100,0,9.14,9.14,0.0,914.0,914.0,0.0,5.0,5.0,0,0.0,exact_match,unknown
2020-09-24,300029.XSHE,sell,5900,5800,-100,5.1,5.1,0.0,30090.0,29579.999999999996,-510.00000000000364,35.09,5.0,0,29.58,quantity_diff,unknown
2020-09-24,300535.XSHE,sell,1900,1900,0,16.0,16.0,0.0,30400.0,30400.0,0.0,35.4,5.0,0,30.4,exact_match,unknown
2020-09-24,300665.XSHE,buy,2300,2300,0,12.23,12.23,0.0,28129.0,28129.0,0.0,5.0,5.0,0,0.0,exact_match,unknown
2020-09-24,300736.XSHE,sell,2600,2600,0,12.0,12.0,0.0,31200.0,31200.0,0.0,36.2,5.0,0,31.2,exact_match,unknown
2020-09-24,600520.XSHG,buy,400,400,0,8.61,8.61,0.0,3444.0,3444.0,0.0,5.0,5.0,0,0.0,exact_match,unknown
2020-09-24,600561.XSHG,buy,700,700,0,5.06,5.06,0.0,3542.0,3541.9999999999995,-4.547473508864641e-13,5.0,5.0,0,0.0,exact_match,unknown
2020-09-24,600768.XSHG,buy,200,200,0,10.28,10.28,0.0,2056.0,2056.0,0.0,5.0,5.0,0,0.0,exact_match,unknown
2020-09-24,600778.XSHG,sell,5200,5200,0,5.75,5.75,0.0,29900.0,29900.0,0.0,34.9,5.0,0,29.9,exact_match,unknown
2020-09-24,603029.XSHG,buy,1800,1900,100,16.02,16.02,0.0,28836.0,30438.0,1602.0,5.0,5.0,0,0.0,quantity_diff,unknown
2020-09-24,603286.XSHG,buy,1900,1900,0,16.89,16.89,0.0,32091.0,32091.0,0.0,5.0,5.0,0,0.0,exact_match,unknown
2020-09-29,000502.XSHE,sell,4900,4900,0,7.72,7.72,0.0,37828.0,37828.0,0.0,42.83,5.0,0,37.83,exact_match,unknown
2020-09-29,000702.XSHE,sell,100,100,0,5.39,5.39,0.0,539.0,539.0,0.0,5.54,5.0,0,0.54,exact_match,unknown
2020-09-29,000929.XSHE,sell,3100,3100,0,8.32,8.32,0.0,25792.0,25792.0,0.0,30.79,5.0,0,25.79,exact_match,unknown
2020-09-29,002209.XSHE,buy,400,400,0,6.49,6.49,0.0,2596.0,2596.0,0.0,10.0,10.0,0,0.0,exact_match,unknown
2020-09-29,002633.XSHE,buy,300,300,0,8.46,8.46,0.0,2538.0,2538.0000000000005,4.547473508864641e-13,5.0,10.0,0,0.0,exact_match,unknown
2020-09-29,300029.XSHE,buy,100,100,0,4.62,4.62,0.0,462.0,462.0,0.0,5.0,5.0,0,0.0,exact_match,unknown
2020-09-29,300665.XSHE,buy,2300,2300,0,11.56,11.56,0.0,26588.0,26588.0,0.0,5.0,5.0,0,0.0,exact_match,unknown
2020-09-29,300736.XSHE,buy,2600,2600,0,10.99,10.99,0.0,28574.0,28574.0,0.0,10.0,10.0,0,0.0,exact_match,unknown
2020-09-29,600099.XSHG,sell,100,100,0,6.7,6.7,0.0,670.0,670.0,0.0,5.67,5.0,0,0.67,exact_match,unknown
2020-09-29,600506.XSHG,buy,100,100,0,9.37,9.37,0.0,937.0,936.9999999999999,-1.1368683772161603e-13,5.0,5.0,0,0.0,exact_match,unknown
2020-09-29,600520.XSHG,buy,400,300,-100,7.95,7.95,0.0,3180.0,2385.0,-795.0,5.0,5.0,0,0.0,quantity_diff,unknown
2020-09-29,600561.XSHG,sell,400,400,0,4.86,4.86,0.0,1944.0,1944.0000000000002,2.2737367544323206e-13,6.94,5.0,0,1.94,exact_match,unknown
2020-09-29,600768.XSHG,buy,100,100,0,9.64,9.64,0.0,964.0,964.0,0.0,5.0,5.0,0,0.0,exact_match,unknown
2020-09-29,600778.XSHG,sell,5000,5000,0,5.19,5.19,0.0,25950.0,25950.000000000004,3.637978807091713e-12,30.95,5.0,0,25.95,exact_match,unknown
2020-09-29,603029.XSHG,buy,1800,1800,0,15.03,15.03,0.0,27054.0,27054.0,0.0,5.0,5.0,0,0.0,exact_match,unknown
2020-09-29,603269.XSHG,sell,2000,2000,0,12.8,12.8,0.0,25600.0,25600.0,0.0,30.6,5.0,0,25.6,exact_match,unknown
2020-09-29,603286.XSHG,buy,1600,1600,0,16.02,16.02,0.0,25632.0,25632.0,0.0,5.0,5.0,0,0.0,exact_match,unknown
2020-09-30,600506.XSHG,sell,100,100,0,10.01,10.01,0.0,1001.0,1001.0,0.0,6.0,5.0,0,1.0,exact_match,unknown
2020-10-12,000502.XSHE,buy,300,300,0,7.85,7.85,0.0,2355.0,2355.0,0.0,5.0,5.0,0,0.0,exact_match,unknown
2020-10-12,002209.XSHE,sell,100,200,100,6.9,6.9,0.0,690.0,1380.0,690.0,5.69,5.0,0,1.38,quantity_diff,unknown
2020-10-12,300029.XSHE,sell,5700,5700,0,4.84,4.84,0.0,27588.0,27588.0,0.0,32.59,5.0,0,27.59,exact_match,unknown
2020-10-12,300665.XSHE,buy,200,200,0,12.24,12.24,0.0,2448.0,2448.0,0.0,5.0,5.0,0,0.0,exact_match,unknown
2020-10-12,300736.XSHE,sell,2600,2700,100,12.0,12.0,0.0,31200.0,32400.0,1200.0,36.2,5.0,0,32.4,quantity_diff,unknown
2020-10-12,600506.XSHG,buy,2800,2800,0,10.03,10.03,0.0,28084.0,28084.0,0.0,5.0,5.0,0,0.0,exact_match,unknown
2020-10-12,600561.XSHG,sell,400,400,0,5.18,5.18,0.0,2072.0,2072.0,0.0,7.07,5.0,0,2.07,exact_match,unknown
2020-10-12,600768.XSHG,buy,300,300,0,9.9,9.9,0.0,2970.0,2970.0,0.0,5.0,5.0,0,0.0,exact_match,unknown
2020-10-12,603029.XSHG,buy,100,100,0,15.53,15.53,0.0,1553.0,1553.0,0.0,5.0,5.0,0,0.0,exact_match,unknown
2020-10-12,603286.XSHG,buy,1700,1700,0,16.81,16.81,0.0,28577.0,28576.999999999996,-3.637978807091713e-12,5.0,5.0,0,0.0,exact_match,unknown
2020-10-15,000702.XSHE,buy,300,300,0,5.63,5.63,0.0,1689.0,1689.0,0.0,5.0,5.0,0,0.0,exact_match,unknown
2020-10-15,002209.XSHE,sell,400,300,-100,7.18,7.18,0.0,2872.0,2154.0,-718.0,7.87,5.0,0,2.15,quantity_diff,unknown
2020-10-15,300665.XSHE,buy,100,100,0,12.92,12.92,0.0,1292.0,1292.0,0.0,5.0,5.0,0,0.0,exact_match,unknown
2020-10-15,300736.XSHE,sell,2600,2500,-100,12.89,12.89,0.0,33514.0,32225.0,-1289.0,38.51,5.0,0,32.23,quantity_diff,unknown
2020-10-15,600099.XSHG,buy,100,100,0,6.97,6.97,0.0,697.0,697.0,0.0,5.0,5.0,0,0.0,exact_match,unknown
2020-10-15,600355.XSHG,buy,300,100,-200,3.05,3.05,0.0,915.0,305.0,-610.0,5.0,5.0,0,0.0,quantity_diff,unknown
2020-10-15,600506.XSHG,sell,100,200,100,10.82,10.82,0.0,1082.0,2164.0,1082.0,6.08,5.0,0,2.16,quantity_diff,unknown
2020-10-15,600520.XSHG,buy,400,500,100,8.3,8.3,0.0,3320.0,4150.0,830.0,5.0,5.0,0,0.0,quantity_diff,unknown
2020-10-15,600561.XSHG,sell,6200,6300,100,5.51,5.51,0.0,34162.0,34713.0,551.0,39.16,5.0,0,34.71,quantity_diff,unknown
2020-10-15,600768.XSHG,buy,200,200,0,9.99,9.99,0.0,1998.0,1998.0,0.0,5.0,5.0,0,0.0,exact_match,unknown
2020-10-15,603029.XSHG,buy,2000,2000,0,15.33,15.33,0.0,30660.0,30660.0,0.0,5.0,5.0,0,0.0,exact_match,unknown
2020-10-15,603269.XSHG,buy,2200,2200,0,13.28,13.28,0.0,29216.0,29216.0,0.0,5.0,5.0,0,0.0,exact_match,unknown
2020-10-15,603286.XSHG,buy,100,100,0,16.92,16.92,0.0,1692.0,1692.0000000000002,2.2737367544323206e-13,5.0,5.0,0,0.0,exact_match,unknown
2020-10-19,002633.XSHE,sell,5900,6000,100,8.9,8.9,0.0,52510.0,53400.0,890.0,57.76,5.34,0,53.4,quantity_diff,unknown
2020-10-20,000702.XSHE,buy,400,400,0,5.49,5.49,0.0,2196.0,2196.0,0.0,5.0,5.0,0,0.0,exact_match,unknown
2020-10-20,000929.XSHE,buy,3600,3500,-100,7.9,7.9,0.0,28440.0,27650.0,-790.0,5.0,5.0,0,0.0,quantity_diff,unknown
2020-10-20,002209.XSHE,sell,200,200,0,7.24,7.24,0.0,1448.0,1448.0,0.0,6.45,5.0,0,1.45,exact_match,unknown
2020-10-20,300665.XSHE,buy,1400,1400,0,13.61,13.61,0.0,19054.0,19054.0,0.0,5.0,5.0,0,0.0,exact_match,unknown
2020-10-20,300736.XSHE,sell,2200,2200,0,12.96,12.96,0.0,28512.0,28512.000000000004,3.637978807091713e-12,33.51,5.0,0,28.51,exact_match,unknown
2020-10-20,600355.XSHG,buy,18400,18500,100,3.06,3.06,0.0,56304.0,56610.0,306.0,5.63,5.66,0,0.0,quantity_diff,unknown
2020-10-20,600506.XSHG,buy,100,200,100,10.4,10.4,0.0,1040.0,2080.0,1040.0,5.0,5.0,0,0.0,quantity_diff,unknown
2020-10-20,600520.XSHG,buy,100,100,0,8.25,8.25,0.0,825.0,825.0,0.0,5.0,5.0,0,0.0,exact_match,unknown
2020-10-20,600561.XSHG,sell,5100,5000,-100,5.46,5.46,0.0,27846.0,27300.0,-546.0,32.85,5.0,0,27.3,quantity_diff,unknown
2020-10-20,600768.XSHG,buy,100,100,0,9.89,9.89,0.0,989.0,989.0,0.0,5.0,5.0,0,0.0,exact_match,unknown
2020-10-20,603029.XSHG,buy,1900,1900,0,15.34,15.34,0.0,29146.0,29146.0,0.0,5.0,5.0,0,0.0,exact_match,unknown
2020-10-20,603269.XSHG,sell,2200,2200,0,13.66,13.66,0.0,30052.0,30052.0,0.0,35.05,5.0,0,30.05,exact_match,unknown
2020-10-20,603286.XSHG,buy,100,100,0,16.82,16.82,0.0,1682.0,1682.0,0.0,5.0,5.0,0,0.0,exact_match,unknown
2020-10-23,000502.XSHE,buy,300,300,0,7.95,7.95,0.0,2385.0,2385.0,0.0,5.0,5.0,0,0.0,exact_match,unknown
2020-10-23,000702.XSHE,buy,300,300,0,5.43,5.43,0.0,1629.0,1629.0,0.0,5.0,5.0,0,0.0,exact_match,unknown
2020-10-23,000929.XSHE,buy,3700,3800,100,7.84,7.84,0.0,29008.0,29792.0,784.0,5.0,5.0,0,0.0,quantity_diff,unknown
2020-10-23,002209.XSHE,sell,300,300,0,7.41,7.41,0.0,2223.0,2223.0,0.0,7.22,5.0,0,2.22,exact_match,unknown
2020-10-23,002633.XSHE,sell,300,200,-100,9.14,9.14,0.0,2742.0,1828.0,-914.0,7.74,5.0,0,1.83,quantity_diff,unknown
2020-10-23,300665.XSHE,sell,2100,2100,0,13.98,13.98,0.0,29358.0,29358.0,0.0,34.36,5.0,0,29.36,exact_match,unknown
2020-10-23,300736.XSHE,sell,200,200,0,13.94,13.94,0.0,2788.0,2788.0,0.0,7.79,5.0,0,2.79,exact_match,unknown
2020-10-23,600355.XSHG,buy,200,300,100,3.04,3.04,0.0,608.0,912.0,304.0,5.0,5.0,0,0.0,quantity_diff,unknown
2020-10-23,600506.XSHG,buy,200,200,0,10.1,10.1,0.0,2020.0,2020.0,0.0,5.0,5.0,0,0.0,exact_match,unknown
2020-10-23,600520.XSHG,buy,400,400,0,8.14,8.14,0.0,3256.0,3256.0,0.0,5.0,10.0,0,0.0,exact_match,unknown
2020-10-23,600561.XSHG,sell,5900,5900,0,5.87,5.87,0.0,34633.0,34633.0,0.0,39.63,5.0,0,34.63,exact_match,unknown
2020-10-23,600768.XSHG,buy,200,200,0,9.84,9.84,0.0,1968.0,1968.0,0.0,5.0,5.0,0,0.0,exact_match,unknown
2020-10-23,600778.XSHG,buy,6000,5800,-200,4.75,4.75,0.0,28500.0,27550.0,-950.0,5.0,5.0,0,0.0,quantity_diff,unknown
2020-10-23,603269.XSHG,buy,100,100,0,13.37,13.37,0.0,1337.0,1337.0,0.0,5.0,5.0,0,0.0,exact_match,unknown
2020-10-28,000502.XSHE,buy,3900,3900,0,7.7,7.7,0.0,30030.0,30030.0,0.0,5.0,5.0,0,0.0,exact_match,unknown
2020-10-28,000702.XSHE,buy,5100,5100,0,5.4,5.4,0.0,27540.0,27540.0,0.0,5.0,5.0,0,0.0,exact_match,unknown
2020-10-28,000929.XSHE,buy,3700,3600,-100,7.74,7.74,0.0,28638.0,27864.0,-774.0,5.0,5.0,0,0.0,quantity_diff,unknown
2020-10-28,002209.XSHE,sell,400,400,0,7.46,7.46,0.0,2984.0,2984.0,0.0,7.98,5.0,0,2.98,exact_match,unknown
2020-10-28,002633.XSHE,sell,0,100,100,,9.06,,0.0,906.0,906.0,0.0,5.0,0,0.91,missing_in_jq,unknown
2020-10-28,300665.XSHE,sell,2100,2100,0,13.69,13.69,0.0,28749.0,28749.0,0.0,33.75,5.0,0,28.75,exact_match,unknown
2020-10-28,300736.XSHE,sell,2100,2100,0,14.38,14.38,0.0,30198.0,30198.0,0.0,35.2,5.0,0,30.2,exact_match,unknown
2020-10-28,600355.XSHG,buy,200,200,0,2.96,2.96,0.0,592.0,592.0,0.0,5.0,5.0,0,0.0,exact_match,unknown
2020-10-28,600520.XSHG,buy,300,300,0,7.85,7.85,0.0,2355.0,2355.0,0.0,5.0,5.0,0,0.0,exact_match,unknown
2020-10-28,600561.XSHG,sell,4800,4800,0,5.64,5.64,0.0,27072.0,27072.0,0.0,32.07,5.0,0,27.07,exact_match,unknown
2020-10-28,600778.XSHG,buy,6500,6600,100,4.52,4.52,0.0,29380.0,29831.999999999996,451.99999999999636,5.0,5.0,0,0.0,quantity_diff,unknown
2020-10-28,603286.XSHG,sell,1700,1700,0,16.79,16.79,0.0,28543.0,28543.0,0.0,33.54,5.0,0,28.54,exact_match,unknown
2020-11-02,000502.XSHE,buy,200,100,-100,7.39,7.39,0.0,1478.0,739.0,-739.0,5.0,5.0,0,0.0,quantity_diff,unknown
2020-11-02,000702.XSHE,buy,5500,5500,0,5.17,5.17,0.0,28435.0,28435.0,0.0,5.0,5.0,0,0.0,exact_match,unknown
2020-11-02,000929.XSHE,sell,800,700,-100,8.11,8.11,0.0,6488.0,5677.0,-811.0,11.49,5.0,0,5.68,quantity_diff,unknown
2020-11-02,002209.XSHE,sell,3800,3900,100,7.23,7.23,0.0,27474.0,28197.0,723.0,32.47,5.0,0,28.2,quantity_diff,unknown
2020-11-02,002633.XSHE,buy,2900,3000,100,8.85,8.85,0.0,25665.0,26550.0,885.0,5.0,5.0,0,0.0,quantity_diff,unknown
2020-11-02,300665.XSHE,sell,2100,2100,0,13.1,13.1,0.0,27510.0,27510.0,0.0,32.51,5.0,0,27.51,exact_match,unknown
2020-11-02,600355.XSHG,buy,10000,10000,0,2.83,2.83,0.0,28300.0,28300.0,0.0,5.0,5.0,0,0.0,exact_match,unknown
2020-11-02,600506.XSHG,buy,100,100,0,9.4,9.4,0.0,940.0,940.0,0.0,5.0,5.0,0,0.0,exact_match,unknown
2020-11-02,600520.XSHG,buy,300,200,-100,7.51,7.51,0.0,2253.0,1502.0,-751.0,5.0,5.0,0,0.0,quantity_diff,unknown
2020-11-02,600561.XSHG,sell,5100,5100,0,5.35,5.35,0.0,27285.0,27285.0,0.0,32.28,5.0,0,27.29,exact_match,unknown
2020-11-02,600768.XSHG,buy,100,100,0,9.34,9.34,0.0,934.0,934.0,0.0,5.0,5.0,0,0.0,exact_match,unknown
2020-11-02,600778.XSHG,buy,6300,6400,100,4.38,4.38,0.0,27594.0,28032.0,438.0,5.0,5.0,0,0.0,quantity_diff,unknown
2020-11-02,603029.XSHG,buy,100,100,0,14.6,14.6,0.0,1460.0,1460.0,0.0,5.0,5.0,0,0.0,exact_match,unknown
2020-11-02,603269.XSHG,sell,2100,2100,0,12.85,12.85,0.0,26985.0,26985.0,0.0,31.98,5.0,0,26.98,exact_match,unknown
2020-11-02,603286.XSHG,sell,1700,1700,0,16.34,16.34,0.0,27778.0,27778.0,0.0,32.78,5.0,0,27.78,exact_match,unknown
2020-11-02,603958.XSHG,buy,4100,4100,0,6.45,6.45,0.0,26445.0,26445.0,0.0,5.0,5.0,0,0.0,exact_match,unknown
2020-11-05,000502.XSHE,sell,300,200,-100,7.75,7.75,0.0,2325.0,1550.0,-775.0,7.32,5.0,0,1.55,quantity_diff,unknown
2020-11-05,000695.XSHE,buy,4300,4000,-300,6.47,6.47,0.0,27821.0,25880.0,-1941.0,5.0,5.0,0,0.0,quantity_diff,unknown
2020-11-05,000702.XSHE,buy,400,400,0,5.25,5.25,0.0,2100.0,2100.0,0.0,5.0,5.0,0,0.0,exact_match,unknown
2020-11-05,000929.XSHE,buy,200,200,0,8.14,8.14,0.0,1628.0,1628.0,0.0,5.0,5.0,0,0.0,exact_match,unknown
2020-11-05,002209.XSHE,sell,4100,4000,-100,7.63,7.63,0.0,31283.0,30520.0,-763.0,36.28,5.0,0,30.52,quantity_diff,unknown
2020-11-05,002633.XSHE,buy,3400,3400,0,8.94,8.94,0.0,30396.0,30396.0,0.0,5.0,5.0,0,0.0,exact_match,unknown
2020-11-05,600099.XSHG,sell,4100,4100,0,6.83,6.83,0.0,28003.0,28003.0,0.0,33.0,5.0,0,28.0,exact_match,unknown
2020-11-05,600355.XSHG,buy,500,500,0,2.86,2.86,0.0,1430.0,1430.0,0.0,5.0,5.0,0,0.0,exact_match,unknown
2020-11-05,600506.XSHG,buy,2900,2900,0,9.65,9.65,0.0,27985.0,27985.0,0.0,5.0,5.0,0,0.0,exact_match,unknown
2020-11-05,600520.XSHG,sell,500,400,-100,7.97,7.97,0.0,3985.0,3188.0,-797.0,8.98,5.0,0,3.19,quantity_diff,unknown
2020-11-05,600778.XSHG,buy,7200,7200,0,4.34,4.34,0.0,31248.0,31248.0,0.0,5.0,5.0,0,0.0,exact_match,unknown
2020-11-05,603269.XSHG,sell,2200,2200,0,12.99,12.99,0.0,28578.0,28578.0,0.0,33.58,5.0,0,28.58,exact_match,unknown
2020-11-05,603286.XSHG,sell,1700,1700,0,17.11,17.11,0.0,29087.0,29087.0,0.0,34.09,5.0,0,29.09,exact_match,unknown
2020-11-10,000502.XSHE,buy,300,200,-100,7.74,7.74,0.0,2322.0,1548.0,-774.0,5.0,5.0,0,0.0,quantity_diff,unknown
2020-11-10,000695.XSHE,sell,300,0,-300,7.36,,,2208.0,0.0,-2208.0,7.21,0.0,0,0.0,missing_in_local,unknown
2020-11-10,000702.XSHE,sell,200,200,0,5.4,5.4,0.0,1080.0,1080.0,0.0,6.08,5.0,0,1.08,exact_match,unknown
2020-11-10,000929.XSHE,sell,3400,3400,0,8.3,8.3,0.0,28220.0,28220.000000000004,3.637978807091713e-12,33.22,5.0,0,28.22,exact_match,unknown
2020-11-10,002209.XSHE,sell,3700,3700,0,7.71,7.71,0.0,28527.0,28527.0,0.0,33.53,5.0,0,28.53,exact_match,unknown
2020-11-10,002633.XSHE,buy,500,400,-100,8.82,8.82,0.0,4410.0,3528.0,-882.0,5.0,5.0,0,0.0,quantity_diff,unknown
2020-11-10,600355.XSHG,sell,300,300,0,2.95,2.95,0.0,885.0,885.0,0.0,5.88,5.0,0,0.89,exact_match,unknown
2020-11-10,600455.XSHG,buy,1100,1100,0,23.88,23.88,0.0,26268.0,26268.0,0.0,5.0,5.0,0,0.0,exact_match,unknown
2020-11-10,600506.XSHG,buy,3000,3000,0,9.82,9.82,0.0,29460.0,29460.0,0.0,10.0,10.0,0,0.0,exact_match,unknown
2020-11-10,600768.XSHG,sell,0,100,100,,9.85,,0.0,985.0,985.0,0.0,5.0,0,0.98,missing_in_jq,unknown
2020-11-10,600778.XSHG,buy,6400,6300,-100,4.44,4.44,0.0,28416.0,27972.000000000004,-443.99999999999636,5.0,5.0,0,0.0,quantity_diff,unknown
2020-11-10,603286.XSHG,sell,1700,1700,0,17.62,17.62,0.0,29954.0,29954.0,0.0,34.95,5.0,0,29.95,exact_match,unknown
2020-11-12,000695.XSHE,sell,100,100,0,7.5,7.51,0.009999999999999787,750.0,751.0,1.0,5.75,5.0,0,0.75,price_diff,unknown
2020-11-13,000502.XSHE,buy,500,600,100,7.44,7.44,0.0,3720.0,4464.0,744.0,5.0,5.0,0,0.0,quantity_diff,unknown
2020-11-13,000695.XSHE,buy,200,200,0,6.9,6.9,0.0,1380.0,1380.0,0.0,5.0,5.0,0,0.0,exact_match,unknown
2020-11-13,000702.XSHE,buy,300,200,-100,5.28,5.28,0.0,1584.0,1056.0,-528.0,10.0,10.0,0,0.0,quantity_diff,unknown
2020-11-13,000929.XSHE,sell,3800,3800,0,8.97,8.97,0.0,34086.0,34086.0,0.0,39.09,5.0,0,34.09,exact_match,unknown
2020-11-13,002209.XSHE,sell,3700,3700,0,7.55,7.55,0.0,27935.0,27935.0,0.0,32.94,5.0,0,27.94,exact_match,unknown
2020-11-13,002633.XSHE,buy,0,100,100,,8.73,,0.0,873.0,873.0,0.0,5.0,0,0.0,missing_in_jq,unknown
2020-11-13,600355.XSHG,sell,500,600,100,2.98,2.98,0.0,1490.0,1788.0,298.0,6.49,5.0,0,1.79,quantity_diff,unknown
2020-11-13,600455.XSHG,buy,1300,1300,0,23.11,23.11,0.0,30043.0,30043.0,0.0,5.0,5.0,0,0.0,exact_match,unknown
2020-11-13,600506.XSHG,buy,2800,2800,0,9.77,9.77,0.0,27356.0,27356.0,0.0,10.0,10.0,0,0.0,exact_match,unknown
2020-11-13,600520.XSHG,buy,400,300,-100,7.83,7.83,0.0,3132.0,2349.0,-783.0,5.0,5.0,0,0.0,quantity_diff,unknown
2020-11-13,600561.XSHG,buy,5500,5500,0,5.13,5.13,0.0,28215.0,28215.0,0.0,5.0,5.0,0,0.0,exact_match,unknown
2020-11-13,600768.XSHG,sell,100,100,0,9.82,9.82,0.0,982.0,982.0,0.0,5.98,5.0,0,0.98,exact_match,unknown
2020-11-13,603286.XSHG,sell,1700,1700,0,17.3,17.3,0.0,29410.0,29410.0,0.0,34.41,5.0,0,29.41,exact_match,unknown
2020-11-13,603958.XSHG,sell,200,200,0,7.49,7.49,0.0,1498.0,1498.0,0.0,6.5,5.0,0,1.5,exact_match,unknown
2020-11-18,000502.XSHE,buy,300,200,-100,7.34,7.34,0.0,2202.0,1468.0,-734.0,5.0,5.0,0,0.0,quantity_diff,unknown
2020-11-18,000702.XSHE,sell,500,500,0,5.4,5.4,0.0,2700.0,2700.0,0.0,7.7,5.0,0,2.7,exact_match,unknown
2020-11-18,000929.XSHE,sell,3200,3200,0,8.69,8.69,0.0,27808.0,27808.0,0.0,32.81,5.0,0,27.81,exact_match,unknown
2020-11-18,002209.XSHE,sell,3800,3800,0,7.47,7.47,0.0,28386.0,28386.0,0.0,33.39,5.0,0,28.39,exact_match,unknown
2020-11-18,600455.XSHG,buy,1200,1200,0,23.15,23.15,0.0,27780.0,27780.0,0.0,5.0,5.0,0,0.0,exact_match,unknown
2020-11-18,600506.XSHG,buy,200,200,0,9.64,9.64,0.0,1928.0,1928.0,0.0,5.0,5.0,0,0.0,exact_match,unknown
2020-11-18,600561.XSHG,buy,5700,5600,-100,5.09,5.09,0.0,29013.0,28504.0,-509.0,5.0,5.0,0,0.0,quantity_diff,unknown
2020-11-18,600768.XSHG,sell,300,200,-100,10.02,10.02,0.0,3006.0,2004.0,-1002.0,8.01,5.0,0,2.0,quantity_diff,unknown
2020-11-18,600778.XSHG,sell,300,300,0,4.45,4.45,0.0,1335.0,1335.0,0.0,6.34,5.0,0,1.33,exact_match,unknown
2020-11-23,000502.XSHE,sell,400,400,0,7.64,7.64,0.0,3056.0,3056.0,0.0,8.06,5.0,0,3.06,exact_match,unknown
2020-11-23,000702.XSHE,sell,100,0,-100,5.48,,,548.0,0.0,-548.0,5.55,0.0,0,0.0,missing_in_local,unknown
2020-11-23,600355.XSHG,sell,9400,9300,-100,2.98,2.98,0.0,28012.0,27714.0,-298.0,33.01,5.0,0,27.71,quantity_diff,unknown
2020-11-23,600455.XSHG,buy,1300,1300,0,23.27,23.27,0.0,30251.0,30251.0,0.0,5.0,5.0,0,0.0,exact_match,unknown
2020-11-23,600506.XSHG,sell,100,100,0,9.9,9.9,0.0,990.0,990.0,0.0,5.99,5.0,0,0.99,exact_match,unknown
2020-11-23,600561.XSHG,buy,5600,5700,100,5.14,5.14,0.0,28784.0,29297.999999999996,513.9999999999964,5.0,5.0,0,0.0,quantity_diff,unknown
2020-11-23,600768.XSHG,sell,200,200,0,10.3,10.3,0.0,2060.0,2060.0,0.0,7.06,5.0,0,2.06,exact_match,unknown
2020-11-23,600778.XSHG,buy,1500,1500,0,4.3,4.3,0.0,6450.0,6450.0,0.0,5.0,5.0,0,0.0,exact_match,unknown
2020-11-23,603958.XSHG,sell,3900,3900,0,7.62,7.62,0.0,29718.0,29718.0,0.0,34.72,5.0,0,29.72,exact_match,unknown
2020-11-26,000502.XSHE,sell,4200,4100,-100,7.78,7.78,0.0,32676.0,31898.0,-778.0,37.68,5.0,0,31.9,quantity_diff,unknown
2020-11-26,000695.XSHE,sell,4100,4100,0,6.82,6.82,0.0,27962.0,27962.0,0.0,32.96,5.0,0,27.96,exact_match,unknown
2020-11-26,000702.XSHE,buy,400,400,0,5.34,5.34,0.0,2136.0,2136.0,0.0,5.0,5.0,0,0.0,exact_match,unknown
2020-11-26,002633.XSHE,buy,300,300,0,8.59,8.59,0.0,2577.0,2577.0,0.0,10.0,10.0,0,0.0,exact_match,unknown
2020-11-26,300478.XSHE,buy,2600,2600,0,10.83,10.83,0.0,28158.0,28158.0,0.0,5.0,5.0,0,0.0,exact_match,unknown
2020-11-26,600355.XSHG,sell,9600,9600,0,2.93,2.93,0.0,28128.0,28128.0,0.0,33.13,5.0,0,28.13,exact_match,unknown
2020-11-26,600455.XSHG,buy,1300,1300,0,23.0,23.0,0.0,29900.0,29900.0,0.0,5.0,5.0,0,0.0,exact_match,unknown
2020-11-26,600506.XSHG,sell,2900,2900,0,9.81,9.81,0.0,28449.0,28449.0,0.0,33.45,5.0,0,28.45,exact_match,unknown
2020-11-26,600520.XSHG,buy,100,200,100,7.82,7.82,0.0,782.0,1564.0,782.0,5.0,5.0,0,0.0,quantity_diff,unknown
2020-11-26,600561.XSHG,buy,5700,5700,0,5.08,5.08,0.0,28956.0,28956.0,0.0,5.0,5.0,0,0.0,exact_match,unknown
2020-11-26,600768.XSHG,buy,200,200,0,9.96,9.96,0.0,1992.0,1992.0000000000002,2.2737367544323206e-13,5.0,5.0,0,0.0,exact_match,unknown
2020-11-26,600778.XSHG,sell,1900,1900,0,4.53,4.53,0.0,8607.0,8607.0,0.0,13.61,5.0,0,8.61,exact_match,unknown
2020-11-26,603269.XSHG,buy,2200,2200,0,12.8,12.8,0.0,28160.0,28160.0,0.0,5.0,5.0,0,0.0,exact_match,unknown
2020-12-01,000502.XSHE,buy,300,200,-100,7.59,7.59,0.0,2277.0,1518.0,-759.0,5.0,5.0,0,0.0,quantity_diff,unknown
2020-12-01,000702.XSHE,sell,6600,6600,0,5.68,5.68,0.0,37488.0,37488.0,0.0,42.49,5.0,0,37.49,exact_match,unknown
2020-12-01,002633.XSHE,buy,500,400,-100,8.37,8.37,0.0,4185.0,3347.9999999999995,-837.0000000000005,5.0,10.0,0,0.0,quantity_diff,unknown
2020-12-01,300478.XSHE,buy,2500,2500,0,11.04,11.04,0.0,27600.0,27599.999999999996,-3.637978807091713e-12,5.0,5.0,0,0.0,exact_match,unknown
2020-12-01,600455.XSHG,sell,1200,1200,0,23.02,23.02,0.0,27624.0,27624.0,0.0,32.62,5.0,0,27.62,exact_match,unknown
2020-12-01,600506.XSHG,sell,3000,3000,0,9.97,9.97,0.0,29910.0,29910.000000000004,3.637978807091713e-12,34.91,5.0,0,29.91,exact_match,unknown
2020-12-01,600520.XSHG,buy,200,200,0,7.73,7.73,0.0,1546.0,1546.0,0.0,5.0,5.0,0,0.0,exact_match,unknown
2020-12-01,600561.XSHG,buy,6300,6300,0,4.96,4.96,0.0,31248.0,31248.0,0.0,5.0,5.0,0,0.0,exact_match,unknown
2020-12-01,600768.XSHG,buy,100,100,0,9.92,9.92,0.0,992.0,992.0,0.0,5.0,5.0,0,0.0,exact_match,unknown
2020-12-01,600778.XSHG,buy,100,100,0,4.5,4.5,0.0,450.0,450.0,0.0,5.0,5.0,0,0.0,exact_match,unknown
2020-12-01,603269.XSHG,buy,2300,2300,0,12.71,12.71,0.0,29233.0,29233.000000000004,3.637978807091713e-12,5.0,5.0,0,0.0,exact_match,unknown
2020-12-04,000502.XSHE,sell,300,300,0,7.9,7.9,0.0,2370.0,2370.0,0.0,7.37,5.0,0,2.37,exact_match,unknown
2020-12-04,000702.XSHE,sell,5300,5300,0,5.86,5.86,0.0,31058.0,31058.0,0.0,36.06,5.0,0,31.06,exact_match,unknown
2020-12-04,002633.XSHE,buy,300,400,100,8.31,8.31,0.0,2493.0,3324.0,831.0,10.0,10.0,0,0.0,quantity_diff,unknown
2020-12-04,300478.XSHE,buy,2800,2800,0,10.98,10.98,0.0,30744.0,30744.0,0.0,5.0,5.0,0,0.0,exact_match,unknown
2020-12-04,600355.XSHG,sell,300,300,0,3.06,3.06,0.0,918.0,918.0,0.0,5.92,5.0,0,0.92,exact_match,unknown
2020-12-04,600506.XSHG,sell,2900,2900,0,10.14,10.14,0.0,29406.0,29406.0,0.0,34.41,5.0,0,29.41,exact_match,unknown
2020-12-04,600520.XSHG,sell,100,100,0,7.9,7.9,0.0,790.0,790.0,0.0,5.79,5.0,0,0.79,exact_match,unknown
2020-12-04,600561.XSHG,buy,300,200,-100,4.99,4.99,0.0,1497.0,998.0,-499.0,5.0,5.0,0,0.0,quantity_diff,unknown
2020-12-04,600768.XSHG,buy,200,300,100,9.82,9.82,0.0,1964.0,2946.0,982.0,5.0,10.0,0,0.0,quantity_diff,unknown
2020-12-04,603269.XSHG,buy,2300,2200,-100,12.8,12.8,0.0,29440.0,28160.0,-1280.0,5.0,5.0,0,0.0,quantity_diff,unknown
2020-12-09,000502.XSHE,buy,300,400,100,7.73,7.73,0.0,2319.0,3092.0,773.0,5.0,5.0,0,0.0,quantity_diff,unknown
2020-12-09,000702.XSHE,sell,6100,6100,0,6.65,6.65,0.0,40565.0,40565.0,0.0,45.56,5.0,0,40.56,exact_match,unknown
2020-12-09,300478.XSHE,buy,2800,2800,0,10.87,10.87,0.0,30436.0,30435.999999999996,-3.637978807091713e-12,5.0,5.0,0,0.0,exact_match,unknown
2020-12-09,600506.XSHG,sell,2900,2900,0,10.15,10.15,0.0,29435.0,29435.0,0.0,34.44,5.0,0,29.44,exact_match,unknown
2020-12-09,600520.XSHG,sell,100,100,0,8.0,8.0,0.0,800.0,800.0,0.0,5.8,5.0,0,0.8,exact_match,unknown
2020-12-09,600561.XSHG,buy,300,300,0,4.97,4.97,0.0,1491.0,1491.0,0.0,5.0,5.0,0,0.0,exact_match,unknown
2020-12-09,600778.XSHG,buy,200,200,0,4.57,4.57,0.0,914.0,914.0,0.0,5.0,5.0,0,0.0,exact_match,unknown
2020-12-09,603029.XSHG,buy,200,100,-100,15.23,15.23,0.0,3046.0,1523.0,-1523.0,5.0,5.0,0,0.0,quantity_diff,unknown
2020-12-09,603269.XSHG,buy,2300,2400,100,12.74,12.74,0.0,29302.0,30576.0,1274.0,5.0,5.0,0,0.0,quantity_diff,unknown
2020-12-14,000502.XSHE,sell,5100,5100,0,8.62,8.62,0.0,43962.0,43961.99999999999,-7.275957614183426e-12,48.96,5.0,0,43.96,exact_match,unknown
2020-12-14,000702.XSHE,sell,4300,4300,0,6.42,6.42,0.0,27606.0,27606.0,0.0,32.61,5.0,0,27.61,exact_match,unknown
2020-12-14,002209.XSHE,buy,4000,4000,0,7.1,7.1,0.0,28400.0,28400.0,0.0,5.0,5.0,0,0.0,exact_match,unknown
2020-12-14,002633.XSHE,buy,300,200,-100,8.05,8.05,0.0,2415.0,1610.0000000000002,-804.9999999999998,5.0,5.0,0,0.0,quantity_diff,unknown
2020-12-14,300478.XSHE,buy,2900,2900,0,10.47,10.47,0.0,30363.0,30363.000000000004,3.637978807091713e-12,5.0,5.0,0,0.0,exact_match,unknown
2020-12-14,300736.XSHE,buy,2700,2600,-100,10.56,10.56,0.0,28512.0,27456.0,-1056.0,5.0,5.0,0,0.0,quantity_diff,unknown
2020-12-14,600355.XSHG,buy,200,200,0,2.92,2.92,0.0,584.0,584.0,0.0,5.0,5.0,0,0.0,exact_match,unknown
2020-12-14,600455.XSHG,buy,200,200,0,21.89,21.89,0.0,4378.0,4378.0,0.0,5.0,5.0,0,0.0,exact_match,unknown
2020-12-14,600506.XSHG,sell,2900,2900,0,10.15,10.15,0.0,29435.0,29435.0,0.0,34.44,5.0,0,29.44,exact_match,unknown
2020-12-14,600520.XSHG,buy,100,100,0,7.72,7.72,0.0,772.0,772.0,0.0,5.0,5.0,0,0.0,exact_match,unknown
2020-12-14,600561.XSHG,sell,200,100,-100,4.89,4.89,0.0,978.0,488.99999999999994,-489.00000000000006,5.98,5.0,0,0.49,quantity_diff,unknown
2020-12-14,600768.XSHG,buy,500,400,-100,9.4,9.4,0.0,4700.0,3760.0,-940.0,5.0,5.0,0,0.0,quantity_diff,unknown
2020-12-14,600778.XSHG,buy,800,900,100,4.34,4.34,0.0,3472.0,3906.0,434.0,5.0,5.0,0,0.0,quantity_diff,unknown
2020-12-14,603029.XSHG,sell,2000,1900,-100,15.07,15.07,0.0,30140.0,28633.0,-1507.0,35.14,5.0,0,28.63,quantity_diff,unknown
2020-12-14,603269.XSHG,buy,2500,2500,0,12.25,12.25,0.0,30625.0,30625.0,0.0,5.0,5.0,0,0.0,exact_match,unknown
2020-12-17,000502.XSHE,sell,0,100,100,,8.25,,0.0,825.0,825.0,0.0,5.0,0,0.83,missing_in_jq,unknown
2020-12-17,000702.XSHE,sell,4500,4500,0,6.19,6.19,0.0,27855.0,27855.0,0.0,32.86,5.0,0,27.86,exact_match,unknown
2020-12-17,002633.XSHE,sell,100,0,-100,7.75,,,775.0,0.0,-775.0,5.78,0.0,0,0.0,missing_in_local,unknown
2020-12-17,300478.XSHE,buy,200,200,0,9.84,9.84,0.0,1968.0,1968.0,0.0,5.0,5.0,0,0.0,exact_match,unknown
2020-12-17,300736.XSHE,buy,2500,2600,100,10.39,10.39,0.0,25975.0,27014.0,1039.0,5.0,5.0,0,0.0,quantity_diff,unknown
2020-12-17,600355.XSHG,buy,300,300,0,2.71,2.71,0.0,813.0,813.0,0.0,5.0,5.0,0,0.0,exact_match,unknown
2020-12-17,600520.XSHG,buy,400,400,0,7.24,7.24,0.0,2896.0,2896.0,0.0,5.0,10.0,0,0.0,exact_match,unknown
2020-12-17,600561.XSHG,buy,500,500,0,4.58,4.58,0.0,2290.0,2290.0,0.0,5.0,5.0,0,0.0,exact_match,unknown
2020-12-17,600615.XSHG,buy,4000,3900,-100,6.81,6.81,0.0,27240.0,26559.0,-681.0,5.0,5.0,0,0.0,quantity_diff,unknown
2020-12-17,600766.XSHG,buy,4400,4200,-200,5.81,5.81,0.0,25564.0,24402.0,-1162.0,5.0,5.0,0,0.0,quantity_diff,unknown
2020-12-17,600768.XSHG,sell,100,100,0,9.13,9.13,0.0,913.0,913.0000000000001,1.1368683772161603e-13,5.91,5.0,0,0.91,exact_match,unknown
2020-12-17,603029.XSHG,sell,1900,1900,0,14.42,14.42,0.0,27398.0,27398.0,0.0,32.4,5.0,0,27.4,exact_match,unknown
2020-12-17,603269.XSHG,sell,2400,2400,0,11.94,11.94,0.0,28656.0,28656.0,0.0,33.66,5.0,0,28.66,exact_match,unknown
2020-12-22,000502.XSHE,sell,4100,4000,-100,9.45,9.45,0.0,38745.0,37800.0,-945.0,43.74,5.0,0,37.8,quantity_diff,unknown
2020-12-22,002633.XSHE,buy,300,400,100,7.62,7.62,0.0,2286.0,3048.0,762.0,5.0,5.0,0,0.0,quantity_diff,unknown
2020-12-22,300478.XSHE,sell,100,100,0,10.14,10.14,0.0,1014.0,1014.0,0.0,6.01,5.0,0,1.01,exact_match,unknown
2020-12-22,300736.XSHE,buy,200,200,0,10.15,10.15,0.0,2030.0,2030.0,0.0,5.0,5.0,0,0.0,exact_match,unknown
2020-12-22,600355.XSHG,buy,400,400,0,2.64,2.64,0.0,1056.0,1056.0,0.0,5.0,5.0,0,0.0,exact_match,unknown
2020-12-22,600455.XSHG,buy,1400,1300,-100,20.91,20.91,0.0,29274.0,27183.0,-2091.0,5.0,5.0,0,0.0,quantity_diff,unknown
2020-12-22,600561.XSHG,buy,300,200,-100,4.6,4.6,0.0,1380.0,919.9999999999999,-460.0000000000001,5.0,5.0,0,0.0,quantity_diff,unknown
2020-12-22,600615.XSHG,buy,4000,4100,100,6.86,6.86,0.0,27440.0,28126.0,686.0,5.0,5.0,0,0.0,quantity_diff,unknown
2020-12-22,600766.XSHG,buy,5100,5300,200,5.77,5.77,0.0,29427.0,30580.999999999996,1153.9999999999964,5.0,5.0,0,0.0,quantity_diff,unknown
2020-12-22,600768.XSHG,buy,100,100,0,9.12,9.12,0.0,912.0,911.9999999999999,-1.1368683772161603e-13,5.0,5.0,0,0.0,exact_match,unknown
2020-12-22,600778.XSHG,sell,300,400,100,4.26,4.26,0.0,1278.0,1704.0,426.0,6.28,5.0,0,1.7,quantity_diff,unknown
2020-12-22,603029.XSHG,sell,1800,1800,0,14.32,14.32,0.0,25776.0,25776.0,0.0,30.78,5.0,0,25.78,exact_match,unknown
2020-12-22,603269.XSHG,sell,2300,2300,0,12.1,12.1,0.0,27830.0,27830.0,0.0,32.83,5.0,0,27.83,exact_match,unknown
2020-12-25,000502.XSHE,sell,2900,2900,0,8.76,8.76,0.0,25404.0,25404.0,0.0,30.4,5.0,0,25.4,exact_match,unknown
2020-12-25,002209.XSHE,sell,100,100,0,6.7,6.7,0.0,670.0,670.0,0.0,5.67,5.0,0,0.67,exact_match,unknown
2020-12-25,002633.XSHE,buy,100,100,0,7.12,7.12,0.0,712.0,712.0,0.0,5.0,5.0,0,0.0,exact_match,unknown
2020-12-25,300478.XSHE,buy,300,300,0,9.19,9.19,0.0,2757.0,2757.0,0.0,5.0,5.0,0,0.0,exact_match,unknown
2020-12-25,300736.XSHE,buy,3100,3100,0,9.07,9.07,0.0,28117.0,28117.0,0.0,5.0,5.0,0,0.0,exact_match,unknown
2020-12-25,600355.XSHG,buy,10900,10900,0,2.42,2.42,0.0,26378.0,26378.0,0.0,5.0,5.0,0,0.0,exact_match,unknown
2020-12-25,600520.XSHG,sell,200,200,0,6.97,6.97,0.0,1394.0,1394.0,0.0,6.39,5.0,0,1.39,exact_match,unknown
2020-12-25,600615.XSHG,sell,200,200,0,6.67,6.67,0.0,1334.0,1334.0,0.0,6.33,5.0,0,1.33,exact_match,unknown
2020-12-25,600766.XSHG,buy,4700,4800,100,5.4,5.4,0.0,25380.0,25920.0,540.0,5.0,5.0,0,0.0,quantity_diff,unknown
2020-12-25,600768.XSHG,sell,400,500,100,8.86,8.86,0.0,3544.0,4430.0,886.0,8.54,5.0,0,4.43,quantity_diff,unknown
2020-12-25,600778.XSHG,sell,6500,6400,-100,3.99,3.99,0.0,25935.0,25536.0,-399.0,30.94,5.0,0,25.54,quantity_diff,unknown
2020-12-25,603269.XSHG,sell,2200,2300,100,11.25,11.25,0.0,24750.0,25875.0,1125.0,29.75,5.0,0,25.88,quantity_diff,unknown
2020-12-30,000502.XSHE,sell,3000,3000,0,9.24,9.24,0.0,27720.0,27720.0,0.0,32.72,5.0,0,27.72,exact_match,unknown
2020-12-30,002633.XSHE,buy,100,0,-100,7.13,,,713.0,0.0,-713.0,5.0,0.0,0,0.0,missing_in_local,unknown
2020-12-30,300478.XSHE,buy,100,100,0,9.11,9.11,0.0,911.0,911.0,0.0,5.0,5.0,0,0.0,exact_match,unknown
2020-12-30,300736.XSHE,buy,2900,2900,0,9.01,9.01,0.0,26129.0,26129.0,0.0,5.0,5.0,0,0.0,exact_match,unknown
2020-12-30,600355.XSHG,buy,10300,10300,0,2.45,2.45,0.0,25235.0,25235.0,0.0,10.0,10.0,0,0.0,exact_match,unknown
2020-12-30,600520.XSHG,buy,700,600,-100,6.7,6.7,0.0,4690.0,4020.0,-670.0,5.0,5.0,0,0.0,quantity_diff,unknown
2020-12-30,600561.XSHG,sell,7000,7000,0,4.51,4.51,0.0,31570.0,31570.0,0.0,36.57,5.0,0,31.57,exact_match,unknown
2020-12-30,600766.XSHG,buy,4500,4400,-100,5.51,5.51,0.0,24795.0,24244.0,-551.0,5.0,5.0,0,0.0,quantity_diff,unknown
2020-12-30,600768.XSHG,buy,200,200,0,8.68,8.68,0.0,1736.0,1736.0,0.0,5.0,5.0,0,0.0,exact_match,unknown
2020-12-30,600778.XSHG,buy,100,100,0,3.95,3.95,0.0,395.0,395.0,0.0,5.0,5.0,0,0.0,exact_match,unknown
2020-12-30,603269.XSHG,sell,2300,2300,0,11.24,11.24,0.0,25852.0,25852.0,0.0,30.85,5.0,0,25.85,exact_match,unknown
2021-01-04,002209.XSHE,sell,3900,0,-3900,6.75,,,26325.0,0.0,-26325.0,31.32,0.0,0,0.0,missing_in_local,unknown
2021-01-04,002633.XSHE,sell,18100,0,-18100,7.21,,,130501.0,0.0,-130501.0,143.55,0.0,0,0.0,missing_in_local,unknown
2021-01-04,300478.XSHE,sell,14100,0,-14100,9.96,,,140436.0,0.0,-140436.0,154.48,0.0,0,0.0,missing_in_local,unknown
2021-01-04,300736.XSHE,sell,11400,0,-11400,9.25,,,105450.0,0.0,-105450.0,116.0,0.0,0,0.0,missing_in_local,unknown
2021-01-04,511880.XSHG,buy,13100,0,-13100,100.136,,,1311781.6,0.0,-1311781.6,0.0,0.0,0,0.0,missing_in_local,unknown
2021-01-04,600355.XSHG,sell,31600,0,-31600,2.56,,,80896.0,0.0,-80896.0,88.99,0.0,0,0.0,missing_in_local,unknown
2021-01-04,600455.XSHG,sell,6600,0,-6600,20.4,,,134640.0,0.0,-134640.0,148.1,0.0,0,0.0,missing_in_local,unknown
2021-01-04,600520.XSHG,sell,19300,0,-19300,6.8,,,131240.0,0.0,-131240.0,144.36,0.0,0,0.0,missing_in_local,unknown
2021-01-04,600561.XSHG,sell,23000,0,-23000,4.47,,,102810.0,0.0,-102810.0,113.09,0.0,0,0.0,missing_in_local,unknown
2021-01-04,600615.XSHG,sell,7800,0,-7800,6.7,,,52260.0,0.0,-52260.0,57.49,0.0,0,0.0,missing_in_local,unknown
2021-01-04,600766.XSHG,sell,18700,0,-18700,5.39,,,100793.0,0.0,-100793.0,110.87,0.0,0,0.0,missing_in_local,unknown
2021-01-04,600768.XSHG,sell,14900,0,-14900,8.78,,,130822.0,0.0,-130822.0,143.9,0.0,0,0.0,missing_in_local,unknown
2021-01-04,600778.XSHG,sell,26100,0,-26100,4.0,,,104400.0,0.0,-104400.0,114.84,0.0,0,0.0,missing_in_local,unknown
2021-01-04,603029.XSHG,sell,3900,0,-3900,13.16,,,51324.0,0.0,-51324.0,56.46,0.0,0,0.0,missing_in_local,unknown
2021-01-04,603269.XSHG,sell,2400,0,-2400,11.5,,,27600.0,0.0,-27600.0,32.6,0.0,0,0.0,missing_in_local,unknown
2021-02-01,511880.XSHG,sell,13100,0,-13100,100.31,,,1314061.0,0.0,-1314061.0,0.0,0.0,0,0.0,missing_in_local,unknown
2021-02-02,000007.XSHE,buy,9700,0,-9700,2.71,,,26287.0,0.0,-26287.0,5.0,0.0,0,0.0,missing_in_local,unknown
2021-02-02,002633.XSHE,buy,4500,0,-4500,5.84,,,26280.0,0.0,-26280.0,5.0,0.0,0,0.0,missing_in_local,unknown
2021-02-02,002862.XSHE,buy,3200,0,-3200,8.15,,,26080.0,0.0,-26080.0,5.0,0.0,0,0.0,missing_in_local,unknown
2021-02-02,300478.XSHE,buy,3300,0,-3300,7.81,,,25773.0,0.0,-25773.0,5.0,0.0,0,0.0,missing_in_local,unknown
2021-02-02,300736.XSHE,buy,3600,0,-3600,7.15,,,25740.0,0.0,-25740.0,5.0,0.0,0,0.0,missing_in_local,unknown
2021-02-02,600355.XSHG,buy,13000,0,-13000,2.02,,,26260.0,0.0,-26260.0,5.0,0.0,0,0.0,missing_in_local,unknown
2021-02-02,600520.XSHG,buy,4000,0,-4000,6.53,,,26120.0,0.0,-26120.0,5.0,0.0,0,0.0,missing_in_local,unknown
2021-02-02,600766.XSHG,buy,6800,0,-6800,3.85,,,26180.0,0.0,-26180.0,5.0,0.0,0,0.0,missing_in_local,unknown
2021-02-02,600768.XSHG,buy,3500,0,-3500,7.4,,,25900.0,0.0,-25900.0,5.0,0.0,0,0.0,missing_in_local,unknown
2021-02-02,600778.XSHG,buy,8200,0,-8200,3.22,,,26404.0,0.0,-26404.0,5.0,0.0,0,0.0,missing_in_local,unknown
2021-02-05,000007.XSHE,buy,10600,0,-10600,2.57,,,27242.0,0.0,-27242.0,5.0,0.0,0,0.0,missing_in_local,unknown
2021-02-05,002633.XSHE,buy,4800,0,-4800,5.59,,,26832.0,0.0,-26832.0,5.0,0.0,0,0.0,missing_in_local,unknown
2021-02-05,002862.XSHE,buy,3500,0,-3500,7.74,,,27090.0,0.0,-27090.0,5.0,0.0,0,0.0,missing_in_local,unknown
2021-02-05,300312.XSHE,buy,8500,0,-8500,3.06,,,26010.0,0.0,-26010.0,5.0,0.0,0,0.0,missing_in_local,unknown
2021-02-05,300478.XSHE,buy,3800,0,-3800,7.32,,,27816.0,0.0,-27816.0,5.0,0.0,0,0.0,missing_in_local,unknown
2021-02-05,300736.XSHE,buy,4200,0,-4200,6.68,,,28056.0,0.0,-28056.0,5.0,0.0,0,0.0,missing_in_local,unknown
2021-02-05,600355.XSHG,buy,14300,0,-14300,1.91,,,27313.0,0.0,-27313.0,5.0,0.0,0,0.0,missing_in_local,unknown
2021-02-05,600520.XSHG,buy,200,0,-200,6.18,,,1236.0,0.0,-1236.0,5.0,0.0,0,0.0,missing_in_local,unknown
2021-02-05,600766.XSHG,buy,7900,0,-7900,3.54,,,27966.0,0.0,-27966.0,5.0,0.0,0,0.0,missing_in_local,unknown
2021-02-05,600768.XSHG,buy,3900,0,-3900,7.04,,,27456.0,0.0,-27456.0,5.0,0.0,0,0.0,missing_in_local,unknown
2021-02-05,600778.XSHG,buy,8500,0,-8500,3.13,,,26605.0,0.0,-26605.0,5.0,0.0,0,0.0,missing_in_local,unknown
2021-02-10,000007.XSHE,buy,10800,0,-10800,2.49,,,26892.0,0.0,-26892.0,5.0,0.0,0,0.0,missing_in_local,unknown
2021-02-10,000502.XSHE,buy,4900,0,-4900,5.18,,,25382.0,0.0,-25382.0,5.0,0.0,0,0.0,missing_in_local,unknown
2021-02-10,002633.XSHE,buy,4600,0,-4600,5.56,,,25576.0,0.0,-25576.0,5.0,0.0,0,0.0,missing_in_local,unknown
2021-02-10,002862.XSHE,buy,3100,0,-3100,7.91,,,24521.0,0.0,-24521.0,5.0,0.0,0,0.0,missing_in_local,unknown
2021-02-10,300312.XSHE,buy,9700,0,-9700,2.83,,,27451.0,0.0,-27451.0,5.0,0.0,0,0.0,missing_in_local,unknown
2021-02-10,300478.XSHE,buy,3700,0,-3700,7.13,,,26381.0,0.0,-26381.0,5.0,0.0,0,0.0,missing_in_local,unknown
2021-02-10,300736.XSHE,buy,4100,0,-4100,6.5,,,26650.0,0.0,-26650.0,5.0,0.0,0,0.0,missing_in_local,unknown
2021-02-10,600355.XSHG,buy,14000,0,-14000,1.88,,,26320.0,0.0,-26320.0,5.0,0.0,0,0.0,missing_in_local,unknown
2021-02-10,600766.XSHG,buy,9900,0,-9900,3.15,,,31185.0,0.0,-31185.0,5.0,0.0,0,0.0,missing_in_local,unknown
2021-02-10,600768.XSHG,buy,3500,0,-3500,7.07,,,24745.0,0.0,-24745.0,5.0,0.0,0,0.0,missing_in_local,unknown
2021-02-22,000007.XSHE,buy,5400,0,-5400,3.14,,,16956.0,0.0,-16956.0,5.0,0.0,0,0.0,missing_in_local,unknown
2021-02-22,000502.XSHE,sell,100,0,-100,6.07,,,607.0,0.0,-607.0,5.61,0.0,0,0.0,missing_in_local,unknown
2021-02-22,002633.XSHE,buy,4900,0,-4900,6.08,,,29792.0,0.0,-29792.0,5.0,0.0,0,0.0,missing_in_local,unknown
2021-02-22,002862.XSHE,buy,3300,0,-3300,8.73,,,28809.0,0.0,-28809.0,5.0,0.0,0,0.0,missing_in_local,unknown
2021-02-22,300478.XSHE,buy,3300,0,-3300,8.12,,,26796.0,0.0,-26796.0,5.0,0.0,0,0.0,missing_in_local,unknown
2021-02-22,300736.XSHE,buy,4000,0,-4000,7.2,,,28800.0,0.0,-28800.0,5.0,0.0,0,0.0,missing_in_local,unknown
2021-02-22,600355.XSHG,buy,13100,0,-13100,2.11,,,27641.0,0.0,-27641.0,5.0,0.0,0,0.0,missing_in_local,unknown
2021-02-22,600506.XSHG,buy,3700,0,-3700,7.56,,,27972.0,0.0,-27972.0,5.0,0.0,0,0.0,missing_in_local,unknown
2021-02-22,600520.XSHG,buy,4400,0,-4400,6.63,,,29172.0,0.0,-29172.0,5.0,0.0,0,0.0,missing_in_local,unknown
2021-02-22,600778.XSHG,buy,8300,0,-8300,3.44,,,28552.0,0.0,-28552.0,5.0,0.0,0,0.0,missing_in_local,unknown
2021-02-22,603029.XSHG,buy,2500,0,-2500,11.39,,,28475.0,0.0,-28475.0,5.0,0.0,0,0.0,missing_in_local,unknown
2021-02-23,000007.XSHE,sell,900,0,-900,3.3,,,2970.0,0.0,-2970.0,7.97,0.0,0,0.0,missing_in_local,unknown
2021-02-23,300312.XSHE,sell,4700,0,-4700,4.37,,,20539.0,0.0,-20539.0,25.54,0.0,0,0.0,missing_in_local,unknown
2021-02-24,300312.XSHE,sell,3000,0,-3000,5.81,,,17430.0,0.0,-17430.0,22.43,0.0,0,0.0,missing_in_local,unknown
2021-02-25,000007.XSHE,buy,1300,0,-1300,3.3,,,4290.0,0.0,-4290.0,5.0,0.0,0,0.0,missing_in_local,unknown
2021-02-25,002633.XSHE,buy,5500,0,-5500,6.25,,,34375.0,0.0,-34375.0,5.0,0.0,0,0.0,missing_in_local,unknown
2021-02-25,002862.XSHE,sell,100,0,-100,9.35,,,935.0,0.0,-935.0,5.94,0.0,0,0.0,missing_in_local,unknown
2021-02-25,300312.XSHE,buy,1100,0,-1100,5.22,,,5742.0,0.0,-5742.0,5.0,0.0,0,0.0,missing_in_local,unknown
2021-02-25,300478.XSHE,buy,3000,0,-3000,8.91,,,26730.0,0.0,-26730.0,5.0,0.0,0,0.0,missing_in_local,unknown
2021-02-25,300736.XSHE,buy,4000,0,-4000,7.63,,,30520.0,0.0,-30520.0,5.0,0.0,0,0.0,missing_in_local,unknown
2021-02-25,600355.XSHG,buy,14500,0,-14500,2.21,,,32045.0,0.0,-32045.0,5.0,0.0,0,0.0,missing_in_local,unknown
2021-02-25,600506.XSHG,buy,3400,0,-3400,7.49,,,25466.0,0.0,-25466.0,5.0,0.0,0,0.0,missing_in_local,unknown
2021-02-25,600520.XSHG,buy,4400,0,-4400,6.99,,,30756.0,0.0,-30756.0,5.0,0.0,0,0.0,missing_in_local,unknown
2021-02-25,600766.XSHG,sell,7300,0,-7300,5.26,,,38398.0,0.0,-38398.0,43.4,0.0,0,0.0,missing_in_local,unknown
2021-02-25,600768.XSHG,buy,4400,0,-4400,7.93,,,34892.0,0.0,-34892.0,5.0,0.0,0,0.0,missing_in_local,unknown
2021-02-25,600778.XSHG,buy,9200,0,-9200,3.56,,,32752.0,0.0,-32752.0,5.0,0.0,0,0.0,missing_in_local,unknown
2021-02-25,603029.XSHG,buy,2800,0,-2800,11.36,,,31808.0,0.0,-31808.0,5.0,0.0,0,0.0,missing_in_local,unknown
2021-02-26,000007.XSHE,sell,5600,0,-5600,3.98,,,22288.0,0.0,-22288.0,27.29,0.0,0,0.0,missing_in_local,unknown
2021-03-01,000007.XSHE,sell,2500,0,-2500,4.42,,,11050.0,0.0,-11050.0,16.05,0.0,0,0.0,missing_in_local,unknown
2021-03-01,600506.XSHG,buy,100,0,-100,8.8,,,880.0,0.0,-880.0,5.0,0.0,0,0.0,missing_in_local,unknown
2021-03-02,000007.XSHE,sell,4900,0,-4900,3.97,,,19453.0,0.0,-19453.0,24.45,0.0,0,0.0,missing_in_local,unknown
2021-03-02,000502.XSHE,buy,5400,0,-5400,6.16,,,33264.0,0.0,-33264.0,5.0,0.0,0,0.0,missing_in_local,unknown
2021-03-02,002862.XSHE,sell,3900,0,-3900,10.51,,,40989.0,0.0,-40989.0,45.99,0.0,0,0.0,missing_in_local,unknown
2021-03-02,300312.XSHE,sell,300,0,-300,5.6,,,1680.0,0.0,-1680.0,6.68,0.0,0,0.0,missing_in_local,unknown
2021-03-02,300478.XSHE,buy,1000,0,-1000,8.71,,,8710.0,0.0,-8710.0,5.0,0.0,0,0.0,missing_in_local,unknown
2021-03-02,300736.XSHE,sell,200,0,-200,8.02,,,1604.0,0.0,-1604.0,6.6,0.0,0,0.0,missing_in_local,unknown
2021-03-02,600355.XSHG,buy,2800,0,-2800,2.2,,,6160.0,0.0,-6160.0,5.0,0.0,0,0.0,missing_in_local,unknown
2021-03-02,600506.XSHG,buy,200,0,-200,8.49,,,1698.0,0.0,-1698.0,5.0,0.0,0,0.0,missing_in_local,unknown
2021-03-02,600520.XSHG,buy,400,0,-400,7.06,,,2824.0,0.0,-2824.0,5.0,0.0,0,0.0,missing_in_local,unknown
2021-03-02,600766.XSHG,buy,2300,0,-2300,4.82,,,11086.0,0.0,-11086.0,5.0,0.0,0,0.0,missing_in_local,unknown
2021-03-02,600768.XSHG,buy,700,0,-700,7.86,,,5502.0,0.0,-5502.0,5.0,0.0,0,0.0,missing_in_local,unknown
2021-03-02,600778.XSHG,buy,300,0,-300,3.65,,,1095.0,0.0,-1095.0,5.0,0.0,0,0.0,missing_in_local,unknown
2021-03-02,603029.XSHG,buy,2800,0,-2800,11.64,,,32592.0,0.0,-32592.0,5.0,0.0,0,0.0,missing_in_local,unknown
2021-03-02,603729.XSHG,buy,2500,0,-2500,12.44,,,31100.0,0.0,-31100.0,5.0,0.0,0,0.0,missing_in_local,unknown
2021-03-05,000007.XSHE,sell,6900,0,-6900,3.67,,,25323.0,0.0,-25323.0,30.32,0.0,0,0.0,missing_in_local,unknown
2021-03-05,000502.XSHE,buy,5000,0,-5000,6.13,,,30650.0,0.0,-30650.0,5.0,0.0,0,0.0,missing_in_local,unknown
2021-03-05,002633.XSHE,buy,300,0,-300,6.31,,,1893.0,0.0,-1893.0,10.0,0.0,0,0.0,missing_in_local,unknown
2021-03-05,002862.XSHE,sell,2600,0,-2600,9.7,,,25220.0,0.0,-25220.0,30.22,0.0,0,0.0,missing_in_local,unknown
2021-03-05,300312.XSHE,sell,7000,0,-7000,7.54,,,52780.0,0.0,-52780.0,58.06,0.0,0,0.0,missing_in_local,unknown
2021-03-05,300478.XSHE,buy,400,0,-400,8.4,,,3360.0,0.0,-3360.0,5.0,0.0,0,0.0,missing_in_local,unknown
2021-03-05,600355.XSHG,sell,2200,0,-2200,2.24,,,4928.0,0.0,-4928.0,9.93,0.0,0,0.0,missing_in_local,unknown
2021-03-05,600520.XSHG,buy,4100,0,-4100,7.1,,,29110.0,0.0,-29110.0,5.0,0.0,0,0.0,missing_in_local,unknown
2021-03-05,600778.XSHG,sell,9200,0,-9200,3.7,,,34040.0,0.0,-34040.0,39.04,0.0,0,0.0,missing_in_local,unknown
2021-03-05,603029.XSHG,buy,2200,0,-2200,11.66,,,25652.0,0.0,-25652.0,5.0,0.0,0,0.0,missing_in_local,unknown
2021-03-10,000007.XSHE,sell,10200,0,-10200,4.47,,,45594.0,0.0,-45594.0,50.59,0.0,0,0.0,missing_in_local,unknown
2021-03-10,000502.XSHE,buy,600,0,-600,5.91,,,3546.0,0.0,-3546.0,5.0,0.0,0,0.0,missing_in_local,unknown
2021-03-10,002633.XSHE,buy,100,0,-100,6.29,,,629.0,0.0,-629.0,5.0,0.0,0,0.0,missing_in_local,unknown
2021-03-10,002862.XSHE,sell,3700,0,-3700,11.18,,,41366.0,0.0,-41366.0,46.37,0.0,0,0.0,missing_in_local,unknown
2021-03-10,300312.XSHE,sell,4300,0,-4300,5.66,,,24338.0,0.0,-24338.0,29.34,0.0,0,0.0,missing_in_local,unknown
2021-03-10,300478.XSHE,buy,500,0,-500,8.17,,,4085.0,0.0,-4085.0,5.0,0.0,0,0.0,missing_in_local,unknown
2021-03-10,300736.XSHE,buy,300,0,-300,7.78,,,2334.0,0.0,-2334.0,5.0,0.0,0,0.0,missing_in_local,unknown
2021-03-10,600355.XSHG,buy,1200,0,-1200,2.2,,,2640.0,0.0,-2640.0,5.0,0.0,0,0.0,missing_in_local,unknown
2021-03-10,600506.XSHG,buy,100,0,-100,7.9,,,790.0,0.0,-790.0,5.0,0.0,0,0.0,missing_in_local,unknown
2021-03-10,600766.XSHG,buy,2300,0,-2300,4.25,,,9775.0,0.0,-9775.0,5.0,0.0,0,0.0,missing_in_local,unknown
2021-03-10,600768.XSHG,buy,200,0,-200,7.65,,,1530.0,0.0,-1530.0,5.0,0.0,0,0.0,missing_in_local,unknown
2021-03-10,600778.XSHG,buy,8900,0,-8900,3.57,,,31773.0,0.0,-31773.0,5.0,0.0,0,0.0,missing_in_local,unknown
2021-03-10,603029.XSHG,buy,1700,0,-1700,11.69,,,19873.0,0.0,-19873.0,5.0,0.0,0,0.0,missing_in_local,unknown
2021-03-15,000007.XSHE,sell,6800,0,-6800,4.11,,,27948.0,0.0,-27948.0,32.95,0.0,0,0.0,missing_in_local,unknown
2021-03-15,000502.XSHE,buy,4700,0,-4700,6.04,,,28388.0,0.0,-28388.0,10.0,0.0,0,0.0,missing_in_local,unknown
2021-03-15,002862.XSHE,sell,2800,0,-2800,10.92,,,30576.0,0.0,-30576.0,35.58,0.0,0,0.0,missing_in_local,unknown
2021-03-15,300478.XSHE,sell,900,0,-900,8.58,,,7722.0,0.0,-7722.0,12.72,0.0,0,0.0,missing_in_local,unknown
2021-03-15,300736.XSHE,buy,300,0,-300,7.61,,,2283.0,0.0,-2283.0,5.0,0.0,0,0.0,missing_in_local,unknown
2021-03-15,600355.XSHG,buy,1400,0,-1400,2.15,,,3010.0,0.0,-3010.0,5.0,0.0,0,0.0,missing_in_local,unknown
2021-03-15,600506.XSHG,sell,3500,0,-3500,7.87,,,27545.0,0.0,-27545.0,32.54,0.0,0,0.0,missing_in_local,unknown
2021-03-15,600520.XSHG,buy,4900,0,-4900,6.92,,,33908.0,0.0,-33908.0,5.0,0.0,0,0.0,missing_in_local,unknown
2021-03-15,600766.XSHG,buy,8400,0,-8400,4.09,,,34356.0,0.0,-34356.0,5.0,0.0,0,0.0,missing_in_local,unknown
2021-03-15,600768.XSHG,buy,3700,0,-3700,7.77,,,28749.0,0.0,-28749.0,5.0,0.0,0,0.0,missing_in_local,unknown
2021-03-15,600778.XSHG,buy,800,0,-800,3.54,,,2832.0,0.0,-2832.0,5.0,0.0,0,0.0,missing_in_local,unknown
2021-03-15,603029.XSHG,buy,1400,0,-1400,11.49,,,16086.0,0.0,-16086.0,5.0,0.0,0,0.0,missing_in_local,unknown
2021-03-18,000609.XSHE,buy,200,0,-200,3.89,,,778.0,0.0,-778.0,5.0,0.0,0,0.0,missing_in_local,unknown
2021-03-18,002633.XSHE,buy,400,0,-400,6.49,,,2596.0,0.0,-2596.0,5.0,0.0,0,0.0,missing_in_local,unknown
2021-03-18,300478.XSHE,buy,1000,0,-1000,8.52,,,8520.0,0.0,-8520.0,5.0,0.0,0,0.0,missing_in_local,unknown
2021-03-18,300736.XSHE,buy,100,0,-100,7.99,,,799.0,0.0,-799.0,5.0,0.0,0,0.0,missing_in_local,unknown
2021-03-18,600355.XSHG,buy,600,0,-600,2.24,,,1344.0,0.0,-1344.0,5.0,0.0,0,0.0,missing_in_local,unknown
2021-03-18,600506.XSHG,sell,4000,0,-4000,8.64,,,34560.0,0.0,-34560.0,39.56,0.0,0,0.0,missing_in_local,unknown
2021-03-18,600520.XSHG,buy,800,0,-800,7.0,,,5600.0,0.0,-5600.0,5.0,0.0,0,0.0,missing_in_local,unknown
2021-03-18,600766.XSHG,buy,7100,0,-7100,4.35,,,30885.0,0.0,-30885.0,10.0,0.0,0,0.0,missing_in_local,unknown
2021-03-18,600768.XSHG,buy,700,0,-700,7.91,,,5537.0,0.0,-5537.0,5.0,0.0,0,0.0,missing_in_local,unknown
2021-03-18,600778.XSHG,sell,10300,0,-10300,3.96,,,40788.0,0.0,-40788.0,45.79,0.0,0,0.0,missing_in_local,unknown
2021-03-18,603029.XSHG,buy,200,0,-200,11.98,,,2396.0,0.0,-2396.0,5.0,0.0,0,0.0,missing_in_local,unknown
2021-03-18,603269.XSHG,buy,4400,0,-4400,10.21,,,44924.0,0.0,-44924.0,5.0,0.0,0,0.0,missing_in_local,unknown
2021-03-18,603729.XSHG,sell,2500,0,-2500,12.74,,,31850.0,0.0,-31850.0,36.85,0.0,0,0.0,missing_in_local,unknown
2021-03-19,600766.XSHG,sell,4800,0,-4800,5.1,,,24480.0,0.0,-24480.0,29.48,0.0,0,0.0,missing_in_local,unknown
