code,open_date,close_date,quantity,buy_price,sell_price,gross_pnl,gross_return,holding_days
511880.XSHG,2020-01-02,2020-02-03,9900,100.106000,100.311000,2029.500000,0.002048,32
002076.XSHE,2020-02-03,2020-02-06,400,2.080000,2.220000,56.000000,0.067308,3
600889.XSHG,2020-02-03,2020-02-06,100,4.130000,4.390000,26.000000,0.062954,3
300412.XSHE,2020-02-03,2020-02-06,100,6.090000,6.720000,63.000000,0.103448,3
600889.XSHG,2020-02-03,2020-02-11,100,4.130000,4.560000,43.000000,0.104116,8
600766.XSHG,2020-02-03,2020-02-11,100,6.760000,7.450000,69.000000,0.102071,8
300412.XSHE,2020-02-03,2020-02-11,100,6.090000,7.040000,95.000000,0.155993,8
300106.XSHE,2020-02-06,2020-02-11,100,5.250000,5.690000,44.000000,0.083810,5
002076.XSHE,2020-02-03,2020-02-11,700,2.080000,2.450000,259.000000,0.177885,8
600766.XSHG,2020-02-03,2020-02-14,100,6.760000,7.660000,90.000000,0.133136,11
000679.XSHE,2020-02-06,2020-02-14,100,3.030000,3.300000,27.000000,0.089109,8
600241.XSHG,2020-02-06,2020-02-14,100,3.940000,4.070000,13.000000,0.032995,8
300412.XSHE,2020-02-03,2020-02-19,500,6.090000,8.730000,1320.000000,0.433498,16
300029.XSHE,2020-02-06,2020-02-19,900,5.330000,6.330000,900.000000,0.187617,13
300029.XSHE,2020-02-06,2020-02-21,400,5.330000,6.710000,552.000000,0.258912,15
600671.XSHG,2020-02-03,2020-02-24,1700,11.240000,12.630000,2363.000000,0.123665,21
300539.XSHE,2020-02-03,2020-02-24,3100,6.380000,7.160000,2418.000000,0.122257,21
600791.XSHG,2020-02-03,2020-02-24,6300,3.150000,3.480000,2079.000000,0.104762,21
002076.XSHE,2020-02-03,2020-02-24,8500,2.080000,2.330000,2125.000000,0.120192,21
002076.XSHE,2020-02-14,2020-02-24,600,2.230000,2.330000,60.000000,0.044843,10
002076.XSHE,2020-02-19,2020-02-24,100,2.320000,2.330000,1.000000,0.004310,5
300218.XSHE,2020-02-03,2020-02-24,2800,6.950000,7.800000,2380.000000,0.122302,21
600889.XSHG,2020-02-03,2020-02-24,4600,4.130000,4.710000,2668.000000,0.140436,21
600766.XSHG,2020-02-03,2020-02-24,2700,6.760000,8.900000,5778.000000,0.316568,21
603139.XSHG,2020-02-03,2020-02-24,1200,15.640000,17.850000,2652.000000,0.141304,21
603356.XSHG,2020-02-03,2020-02-24,1600,11.990000,13.700000,2736.000000,0.142619,21
300412.XSHE,2020-02-03,2020-02-24,2500,6.090000,7.900000,4525.000000,0.297209,21
002473.XSHE,2020-02-06,2020-02-24,100,6.860000,8.070000,121.000000,0.176385,18
300736.XSHE,2020-02-11,2020-02-24,100,9.190000,10.010000,82.000000,0.089227,13
300106.XSHE,2020-02-06,2020-02-27,3700,5.250000,5.950000,2590.000000,0.133333,21
300106.XSHE,2020-02-14,2020-02-27,100,5.470000,5.950000,48.000000,0.087751,13
300736.XSHE,2020-02-11,2020-02-27,200,9.190000,10.310000,224.000000,0.121872,16
000691.XSHE,2020-02-06,2020-03-03,400,3.500000,3.810000,124.000000,0.088571,26
300736.XSHE,2020-02-11,2020-03-03,1900,9.190000,9.640000,855.000000,0.048966,21
300736.XSHE,2020-02-14,2020-03-03,100,9.010000,9.640000,63.000000,0.069922,18
002473.XSHE,2020-02-06,2020-03-03,2800,6.860000,7.750000,2492.000000,0.129738,26
600561.XSHG,2020-02-06,2020-03-06,100,4.620000,5.120000,50.000000,0.108225,29
300106.XSHE,2020-02-14,2020-03-06,100,5.470000,5.960000,49.000000,0.089580,21
000929.XSHE,2020-02-06,2020-03-06,200,6.050000,6.630000,116.000000,0.095868,29
000691.XSHE,2020-02-06,2020-03-06,5300,3.500000,3.900000,2120.000000,0.114286,29
300736.XSHE,2020-02-14,2020-03-06,2200,9.010000,10.170000,2552.000000,0.128746,21
603991.XSHG,2020-02-06,2020-03-11,1300,15.220000,21.190000,7761.000000,0.392247,34
603991.XSHG,2020-02-11,2020-03-11,800,15.670000,21.190000,4416.000000,0.352265,29
603991.XSHG,2020-02-11,2020-03-13,500,15.670000,24.760000,4545.000000,0.580089,31
603991.XSHG,2020-02-14,2020-03-13,200,15.480000,24.760000,1856.000000,0.599483,28
000679.XSHE,2020-02-06,2020-03-16,5700,3.030000,3.640000,3477.000000,0.201320,39
603991.XSHG,2020-02-14,2020-03-16,500,15.480000,21.560000,3040.000000,0.392765,31
000691.XSHE,2020-02-11,2020-03-16,5600,3.650000,4.110000,2576.000000,0.126027,34
000691.XSHE,2020-02-14,2020-03-16,300,3.530000,4.110000,174.000000,0.164306,31
603269.XSHG,2020-02-24,2020-03-16,1500,13.900000,13.880000,-30.000000,-0.001439,21
300029.XSHE,2020-02-06,2020-03-19,100,5.330000,5.630000,30.000000,0.056285,42
002473.XSHE,2020-02-11,2020-03-19,2800,7.200000,7.970000,2156.000000,0.106944,37
002473.XSHE,2020-02-14,2020-03-19,800,7.270000,7.970000,560.000000,0.096286,34
600561.XSHG,2020-02-06,2020-03-19,100,4.620000,4.880000,26.000000,0.056277,42
300106.XSHE,2020-02-14,2020-03-19,400,5.470000,5.750000,112.000000,0.051188,34
603991.XSHG,2020-02-14,2020-03-19,600,15.480000,18.690000,1926.000000,0.207364,34
603991.XSHG,2020-02-19,2020-03-19,300,16.000000,18.690000,807.000000,0.168125,29
000679.XSHE,2020-02-06,2020-03-20,800,3.030000,3.680000,520.000000,0.214521,43
000679.XSHE,2020-02-11,2020-03-20,700,3.290000,3.680000,273.000000,0.118541,38
603991.XSHG,2020-02-19,2020-03-20,300,16.000000,22.410000,1923.000000,0.400625,30
000679.XSHE,2020-02-11,2020-03-24,5200,3.290000,3.600000,1612.000000,0.094225,42
000679.XSHE,2020-02-19,2020-03-24,300,3.410000,3.600000,57.000000,0.055718,34
002473.XSHE,2020-02-14,2020-03-24,300,7.270000,8.610000,402.000000,0.184319,39
300106.XSHE,2020-02-14,2020-03-24,3100,5.470000,6.190000,2232.000000,0.131627,39
300106.XSHE,2020-02-19,2020-03-24,1000,5.890000,6.190000,300.000000,0.050934,34
000929.XSHE,2020-02-06,2020-03-24,800,6.050000,6.840000,632.000000,0.130579,47
300665.XSHE,2020-02-06,2020-03-24,2100,9.290000,10.280000,2079.000000,0.106566,47
300665.XSHE,2020-02-11,2020-03-24,200,9.540000,10.280000,148.000000,0.077568,42
603991.XSHG,2020-02-19,2020-03-24,800,16.000000,20.860000,3888.000000,0.303750,34
603991.XSHG,2020-02-24,2020-03-24,100,16.700000,20.860000,416.000000,0.249102,29
000691.XSHE,2020-02-14,2020-03-24,5700,3.530000,3.980000,2565.000000,0.127479,39
000691.XSHE,2020-02-19,2020-03-24,100,3.750000,3.980000,23.000000,0.061333,34
300029.XSHE,2020-02-06,2020-03-26,1600,5.330000,6.340000,1616.000000,0.189493,49
002473.XSHE,2020-02-14,2020-03-27,1600,7.270000,8.400000,1808.000000,0.155433,42
002473.XSHE,2020-02-19,2020-03-27,800,7.700000,8.400000,560.000000,0.090909,37
600561.XSHG,2020-02-06,2020-03-27,600,4.620000,5.080000,276.000000,0.099567,50
300106.XSHE,2020-02-19,2020-03-27,2500,5.890000,6.270000,950.000000,0.064516,37
300106.XSHE,2020-02-24,2020-03-27,1100,5.970000,6.270000,330.000000,0.050251,32
300665.XSHE,2020-02-11,2020-03-27,2000,9.540000,10.320000,1560.000000,0.081761,45
300665.XSHE,2020-02-14,2020-03-27,100,9.360000,10.320000,96.000000,0.102564,42
603991.XSHG,2020-02-24,2020-03-27,1100,16.700000,19.870000,3487.000000,0.189820,32
002209.XSHE,2020-03-16,2020-03-27,200,6.470000,6.360000,-22.000000,-0.017002,11
300029.XSHE,2020-02-06,2020-03-30,800,5.330000,6.320000,792.000000,0.185741,53
300106.XSHE,2020-02-24,2020-03-31,1700,5.970000,7.980000,3417.000000,0.336683,36
300029.XSHE,2020-02-11,2020-04-01,3700,5.450000,6.190000,2738.000000,0.135780,50
300029.XSHE,2020-02-14,2020-04-01,3700,5.430000,6.190000,2812.000000,0.139963,47
300029.XSHE,2020-02-24,2020-04-01,700,6.220000,6.190000,-21.000000,-0.004823,37
300029.XSHE,2020-03-03,2020-04-01,500,5.720000,6.190000,235.000000,0.082168,29
300029.XSHE,2020-03-16,2020-04-01,8100,5.900000,6.190000,2349.000000,0.049153,16
300029.XSHE,2020-03-24,2020-04-01,400,5.710000,6.190000,192.000000,0.084063,8
300029.XSHE,2020-03-27,2020-04-01,500,6.130000,6.190000,30.000000,0.009788,5
000679.XSHE,2020-02-19,2020-04-01,6200,3.410000,3.130000,-1736.000000,-0.082111,42
000679.XSHE,2020-02-24,2020-04-01,6400,3.470000,3.130000,-2176.000000,-0.097983,37
000679.XSHE,2020-03-06,2020-04-01,5400,3.560000,3.130000,-2322.000000,-0.120787,26
000679.XSHE,2020-03-19,2020-04-01,600,3.330000,3.130000,-120.000000,-0.060060,13
000679.XSHE,2020-03-19,2020-04-01,100,3.330000,3.130000,-20.000000,-0.060060,13
000679.XSHE,2020-03-27,2020-04-01,700,3.480000,3.130000,-245.000000,-0.100575,5
002473.XSHE,2020-02-19,2020-04-01,1900,7.700000,7.400000,-570.000000,-0.038961,42
002473.XSHE,2020-03-16,2020-04-01,3500,7.760000,7.400000,-1260.000000,-0.046392,16
600561.XSHG,2020-02-06,2020-04-01,3500,4.620000,4.930000,1085.000000,0.067100,55
600561.XSHG,2020-02-11,2020-04-01,4200,4.860000,4.930000,294.000000,0.014403,50
600561.XSHG,2020-02-14,2020-04-01,4300,4.780000,4.930000,645.000000,0.031381,47
600561.XSHG,2020-02-19,2020-04-01,4200,5.050000,4.930000,-504.000000,-0.023762,42
600561.XSHG,2020-02-24,2020-04-01,4200,5.180000,4.930000,-1050.000000,-0.048263,37
600561.XSHG,2020-02-27,2020-04-01,400,4.990000,4.930000,-24.000000,-0.012024,34
600561.XSHG,2020-03-16,2020-04-01,600,5.140000,4.930000,-126.000000,-0.040856,16
600561.XSHG,2020-03-24,2020-04-01,900,4.880000,4.930000,45.000000,0.010246,8
300106.XSHE,2020-02-24,2020-04-01,1000,5.970000,7.600000,1630.000000,0.273032,37
300106.XSHE,2020-03-03,2020-04-01,4000,5.660000,7.600000,7760.000000,0.342756,29
300106.XSHE,2020-03-16,2020-04-01,600,5.900000,7.600000,1020.000000,0.288136,16
000929.XSHE,2020-02-06,2020-04-01,2300,6.050000,6.570000,1196.000000,0.085950,55
000929.XSHE,2020-02-11,2020-04-01,3200,6.300000,6.570000,864.000000,0.042857,50
000929.XSHE,2020-02-14,2020-04-01,3300,6.210000,6.570000,1188.000000,0.057971,47
000929.XSHE,2020-02-19,2020-04-01,3500,6.480000,6.570000,315.000000,0.013889,42
000929.XSHE,2020-02-24,2020-04-01,3300,6.620000,6.570000,-165.000000,-0.007553,37
000929.XSHE,2020-02-27,2020-04-01,200,6.420000,6.570000,30.000000,0.023364,34
000929.XSHE,2020-03-16,2020-04-01,100,6.590000,6.570000,-2.000000,-0.003035,16
000929.XSHE,2020-03-16,2020-04-01,500,6.590000,6.570000,-10.000000,-0.003035,16
000929.XSHE,2020-03-27,2020-04-01,800,6.550000,6.570000,16.000000,0.003053,5
300665.XSHE,2020-02-14,2020-04-01,2100,9.360000,9.930000,1197.000000,0.060897,47
300665.XSHE,2020-02-19,2020-04-01,2200,9.850000,9.930000,176.000000,0.008122,42
300665.XSHE,2020-02-24,2020-04-01,2000,10.240000,9.930000,-620.000000,-0.030273,37
300665.XSHE,2020-03-16,2020-04-01,100,10.490000,9.930000,-56.000000,-0.053384,16
300665.XSHE,2020-03-19,2020-04-01,200,9.740000,9.930000,38.000000,0.019507,13
000691.XSHE,2020-02-19,2020-04-01,5500,3.750000,3.680000,-385.000000,-0.018667,42
000691.XSHE,2020-02-24,2020-04-01,5300,3.900000,3.680000,-1166.000000,-0.056410,37
000691.XSHE,2020-03-19,2020-04-01,500,3.740000,3.680000,-30.000000,-0.016043,13
000691.XSHE,2020-03-27,2020-04-01,200,3.920000,3.680000,-48.000000,-0.061224,5
600241.XSHG,2020-02-06,2020-04-01,5000,3.940000,3.730000,-1050.000000,-0.053299,55
600241.XSHG,2020-02-11,2020-04-01,5100,4.050000,3.730000,-1632.000000,-0.079012,50
600241.XSHG,2020-02-19,2020-04-01,5200,4.220000,3.730000,-2548.000000,-0.116114,42
600241.XSHG,2020-02-24,2020-04-01,5000,4.330000,3.730000,-3000.000000,-0.138568,37
600241.XSHG,2020-03-03,2020-04-01,300,4.060000,3.730000,-99.000000,-0.081281,29
600241.XSHG,2020-03-03,2020-04-01,200,4.060000,3.730000,-66.000000,-0.081281,29
600241.XSHG,2020-03-06,2020-04-01,5500,4.160000,3.730000,-2365.000000,-0.103365,26
600241.XSHG,2020-03-16,2020-04-01,1000,4.150000,3.730000,-420.000000,-0.101205,16
600241.XSHG,2020-03-19,2020-04-01,200,3.890000,3.730000,-32.000000,-0.041131,13
600241.XSHG,2020-03-24,2020-04-01,1600,3.830000,3.730000,-160.000000,-0.026110,8
002633.XSHE,2020-02-14,2020-04-01,2600,7.770000,7.920000,390.000000,0.019305,47
002633.XSHE,2020-02-19,2020-04-01,1500,8.100000,7.920000,-270.000000,-0.022222,42
002633.XSHE,2020-02-24,2020-04-01,3900,8.180000,7.920000,-1014.000000,-0.031785,37
002633.XSHE,2020-02-27,2020-04-01,2600,8.070000,7.920000,-390.000000,-0.018587,34
002633.XSHE,2020-03-03,2020-04-01,2300,8.150000,7.920000,-529.000000,-0.028221,29
002633.XSHE,2020-03-06,2020-04-01,400,8.220000,7.920000,-120.000000,-0.036496,26
002633.XSHE,2020-03-16,2020-04-01,100,8.460000,7.920000,-54.000000,-0.063830,16
002633.XSHE,2020-03-19,2020-04-01,100,7.900000,7.920000,2.000000,0.002532,13
002633.XSHE,2020-03-24,2020-04-01,400,8.020000,7.920000,-40.000000,-0.012469,8
300736.XSHE,2020-03-16,2020-04-01,2300,9.680000,9.080000,-1380.000000,-0.061983,16
300736.XSHE,2020-03-24,2020-04-01,2500,9.230000,9.080000,-375.000000,-0.016251,8
300736.XSHE,2020-03-27,2020-04-01,2200,9.590000,9.080000,-1122.000000,-0.053180,5
002209.XSHE,2020-03-16,2020-04-01,3300,6.470000,6.260000,-693.000000,-0.032457,16
002209.XSHE,2020-03-19,2020-04-01,3500,6.100000,6.260000,560.000000,0.026230,13
002209.XSHE,2020-03-24,2020-04-01,3900,6.150000,6.260000,429.000000,0.017886,8
603389.XSHG,2020-03-19,2020-04-01,4700,4.470000,4.200000,-1269.000000,-0.060403,13
603389.XSHG,2020-03-24,2020-04-01,5500,4.350000,4.200000,-825.000000,-0.034483,8
603389.XSHG,2020-03-27,2020-04-01,4900,4.480000,4.200000,-1372.000000,-0.062500,5
600599.XSHG,2020-03-24,2020-04-01,3000,7.300000,6.750000,-1650.000000,-0.075342,8
600599.XSHG,2020-03-27,2020-04-01,3100,7.370000,6.750000,-1922.000000,-0.084125,5
600506.XSHG,2020-03-24,2020-04-01,2600,8.250000,9.170000,2392.000000,0.111515,8
603269.XSHG,2020-03-27,2020-04-01,1600,13.680000,13.330000,-560.000000,-0.025585,5
511880.XSHG,2020-04-01,2020-05-06,10900,100.715000,100.831000,1264.400000,0.001152,35
600599.XSHG,2020-05-06,2020-05-21,2900,6.020000,8.020000,5800.000000,0.332226,15
600520.XSHG,2020-05-06,2020-05-21,200,7.430000,8.440000,202.000000,0.135935,15
600520.XSHG,2020-05-06,2020-05-22,100,7.430000,8.550000,112.000000,0.150740,16
002071.XSHE,2020-05-06,2020-05-25,10100,1.780000,1.930000,1515.000000,0.084270,19
300029.XSHE,2020-05-06,2020-05-27,100,5.500000,5.330000,-17.000000,-0.030909,21
002633.XSHE,2020-05-06,2020-05-27,300,7.400000,7.670000,81.000000,0.036486,21
002209.XSHE,2020-05-06,2020-05-27,500,5.630000,5.850000,110.000000,0.039076,21
000929.XSHE,2020-05-06,2020-05-27,200,6.070000,6.310000,48.000000,0.039539,21
300736.XSHE,2020-05-06,2020-05-27,400,8.700000,8.750000,20.000000,0.005747,21
300665.XSHE,2020-05-06,2020-05-27,200,9.480000,9.500000,4.000000,0.002110,21
002473.XSHE,2020-05-22,2020-05-27,100,7.550000,7.960000,41.000000,0.054305,5
600599.XSHG,2020-05-06,2020-05-27,700,6.020000,7.520000,1050.000000,0.249169,21
600599.XSHG,2020-05-11,2020-05-27,2400,6.440000,7.520000,2592.000000,0.167702,16
600520.XSHG,2020-05-06,2020-05-27,2600,7.430000,10.030000,6760.000000,0.349933,21
600599.XSHG,2020-05-11,2020-05-29,600,6.440000,8.280000,1104.000000,0.285714,18
600599.XSHG,2020-05-11,2020-06-04,200,6.440000,8.150000,342.000000,0.265528,24
600599.XSHG,2020-05-14,2020-06-04,3800,6.170000,8.150000,7524.000000,0.320908,21
600599.XSHG,2020-05-19,2020-06-04,1200,6.160000,8.150000,2388.000000,0.323052,16
000929.XSHE,2020-05-06,2020-06-04,3400,6.070000,7.530000,4964.000000,0.240527,29
000929.XSHE,2020-05-11,2020-06-04,1000,6.240000,7.530000,1290.000000,0.206731,24
002071.XSHE,2020-05-06,2020-06-05,2200,1.780000,3.470000,3718.000000,0.949438,30
002071.XSHE,2020-05-11,2020-06-05,11300,1.880000,3.470000,17967.000000,0.845745,25
002071.XSHE,2020-05-14,2020-06-05,14200,1.740000,3.470000,24566.000000,0.994253,22
002071.XSHE,2020-05-19,2020-06-05,3800,1.580000,3.470000,7182.000000,1.196203,17
600561.XSHG,2020-05-06,2020-06-05,300,4.600000,4.880000,84.000000,0.060870,30
300029.XSHE,2020-05-06,2020-06-09,400,5.500000,5.700000,80.000000,0.036364,34
002071.XSHE,2020-05-19,2020-06-10,6300,1.580000,3.100000,9576.000000,0.962025,22
300029.XSHE,2020-05-06,2020-06-12,100,5.500000,5.630000,13.000000,0.023636,37
002633.XSHE,2020-05-06,2020-06-12,200,7.400000,7.810000,82.000000,0.055405,37
000929.XSHE,2020-05-11,2020-06-12,100,6.240000,6.700000,46.000000,0.073718,32
300736.XSHE,2020-05-06,2020-06-12,100,8.700000,8.880000,18.000000,0.020690,37
603269.XSHG,2020-05-22,2020-06-12,1300,12.860000,13.600000,962.000000,0.057543,21
002473.XSHE,2020-05-22,2020-06-12,2800,7.550000,8.060000,1428.000000,0.067550,21
002473.XSHE,2020-06-09,2020-06-12,200,7.940000,8.060000,24.000000,0.015113,3
002071.XSHE,2020-05-19,2020-06-17,6800,1.580000,2.420000,5712.000000,0.531646,29
002071.XSHE,2020-05-27,2020-06-17,1100,1.910000,2.420000,561.000000,0.267016,21
002071.XSHE,2020-06-12,2020-06-17,400,2.830000,2.420000,-164.000000,-0.144876,5
002633.XSHE,2020-05-06,2020-06-17,2400,7.400000,9.070000,4008.000000,0.225676,42
002633.XSHE,2020-05-11,2020-06-17,2000,7.750000,9.070000,2640.000000,0.170323,37
002209.XSHE,2020-05-06,2020-06-17,200,5.630000,6.150000,104.000000,0.092362,42
000929.XSHE,2020-05-11,2020-06-17,2400,6.240000,7.150000,2184.000000,0.145833,37
000929.XSHE,2020-05-14,2020-06-17,1500,6.260000,7.150000,1335.000000,0.142173,34
600561.XSHG,2020-05-06,2020-06-22,400,4.600000,4.760000,64.000000,0.034783,47
300736.XSHE,2020-05-06,2020-06-22,300,8.700000,9.320000,186.000000,0.071264,47
300665.XSHE,2020-05-06,2020-06-22,300,9.480000,9.980000,150.000000,0.052743,47
300535.XSHE,2020-06-09,2020-06-22,1900,12.130000,12.350000,418.000000,0.018137,13
300029.XSHE,2020-05-06,2020-06-29,100,5.500000,5.480000,-2.000000,-0.003636,54
300736.XSHE,2020-05-06,2020-06-29,100,8.700000,9.180000,48.000000,0.055172,54
300665.XSHE,2020-05-06,2020-06-29,200,9.480000,9.870000,78.000000,0.041139,54
000502.XSHE,2020-05-22,2020-06-29,200,6.190000,6.500000,62.000000,0.050081,38
300535.XSHE,2020-06-09,2020-06-29,2000,12.130000,12.050000,-160.000000,-0.006595,20
300405.XSHE,2020-06-09,2020-06-29,100,5.750000,5.600000,-15.000000,-0.026087,20
300405.XSHE,2020-06-12,2020-06-29,3900,5.650000,5.600000,-195.000000,-0.008850,17
300736.XSHE,2020-05-06,2020-07-01,700,8.700000,9.850000,805.000000,0.132184,56
600599.XSHG,2020-05-19,2020-07-02,2200,6.160000,5.250000,-2002.000000,-0.147727,44
600599.XSHG,2020-05-22,2020-07-02,800,7.390000,5.250000,-1712.000000,-0.289581,41
600599.XSHG,2020-06-09,2020-07-02,300,7.250000,5.250000,-600.000000,-0.275862,23
600599.XSHG,2020-06-11,2020-07-02,100,7.090000,5.250000,-184.000000,-0.259520,21
300736.XSHE,2020-05-06,2020-07-02,900,8.700000,10.300000,1440.000000,0.183908,57
300736.XSHE,2020-05-11,2020-07-02,1900,8.800000,10.300000,2850.000000,0.170455,52
000502.XSHE,2020-05-22,2020-07-02,3300,6.190000,6.830000,2112.000000,0.103393,41
000502.XSHE,2020-05-27,2020-07-02,700,6.460000,6.830000,259.000000,0.057276,36
300535.XSHE,2020-06-09,2020-07-02,200,12.130000,12.250000,24.000000,0.009893,23
300535.XSHE,2020-06-12,2020-07-02,1700,12.190000,12.250000,102.000000,0.004922,20
300535.XSHE,2020-06-17,2020-07-02,100,12.250000,12.250000,0.000000,0.000000,15
600561.XSHG,2020-05-06,2020-07-07,4000,4.600000,5.000000,1600.000000,0.086957,62
600561.XSHG,2020-05-11,2020-07-07,1300,4.620000,5.000000,494.000000,0.082251,57
002209.XSHE,2020-05-06,2020-07-07,600,5.630000,6.600000,582.000000,0.172291,62
000502.XSHE,2020-05-27,2020-07-07,200,6.460000,7.340000,176.000000,0.136223,41
000638.XSHE,2020-06-17,2020-07-07,5500,4.140000,4.530000,2145.000000,0.094203,20
000638.XSHE,2020-06-22,2020-07-07,400,5.400000,4.530000,-348.000000,-0.161111,15
002473.XSHE,2020-06-17,2020-07-07,700,7.890000,8.880000,693.000000,0.125475,20
600561.XSHG,2020-05-11,2020-07-10,3600,4.620000,5.070000,1620.000000,0.097403,60
600561.XSHG,2020-05-14,2020-07-10,1400,4.500000,5.070000,798.000000,0.126667,57
300736.XSHE,2020-05-11,2020-07-10,200,8.800000,10.330000,306.000000,0.173864,60
002473.XSHE,2020-06-17,2020-07-10,2300,7.890000,8.880000,2277.000000,0.125475,23
002473.XSHE,2020-06-22,2020-07-10,400,7.970000,8.880000,364.000000,0.114178,18
000638.XSHE,2020-06-22,2020-07-10,300,5.400000,4.660000,-222.000000,-0.137037,18
000638.XSHE,2020-06-29,2020-07-10,5100,4.180000,4.660000,2448.000000,0.114833,11
000638.XSHE,2020-07-02,2020-07-10,300,4.170000,4.660000,147.000000,0.117506,8
600561.XSHG,2020-05-14,2020-07-15,3600,4.500000,5.200000,2520.000000,0.155556,62
600561.XSHG,2020-05-19,2020-07-15,1800,4.520000,5.200000,1224.000000,0.150442,57
300029.XSHE,2020-05-06,2020-07-15,300,5.500000,6.100000,180.000000,0.109091,70
002209.XSHE,2020-05-06,2020-07-15,200,5.630000,6.810000,236.000000,0.209591,70
300665.XSHE,2020-05-06,2020-07-15,100,9.480000,11.000000,152.000000,0.160338,70
603269.XSHG,2020-05-22,2020-07-15,100,12.860000,14.640000,178.000000,0.138414,54
002473.XSHE,2020-06-22,2020-07-15,2700,7.970000,9.000000,2781.000000,0.129235,23
002473.XSHE,2020-06-29,2020-07-15,300,7.780000,9.000000,366.000000,0.156812,16
600561.XSHG,2020-05-19,2020-07-20,2700,4.520000,4.920000,1080.000000,0.088496,62
600561.XSHG,2020-05-22,2020-07-20,2400,4.600000,4.920000,768.000000,0.069565,59
300029.XSHE,2020-05-06,2020-07-20,100,5.500000,5.780000,28.000000,0.050909,75
002633.XSHE,2020-05-11,2020-07-20,100,7.750000,8.200000,45.000000,0.058065,70
002209.XSHE,2020-05-06,2020-07-20,100,5.630000,6.480000,85.000000,0.150977,75
300665.XSHE,2020-05-06,2020-07-20,200,9.480000,10.590000,222.000000,0.117089,75
000502.XSHE,2020-05-27,2020-07-20,300,6.460000,6.990000,159.000000,0.082043,54
600561.XSHG,2020-05-22,2020-07-23,2600,4.600000,5.150000,1430.000000,0.119565,62
600561.XSHG,2020-06-01,2020-07-23,900,4.530000,5.150000,558.000000,0.136865,52
600561.XSHG,2020-06-04,2020-07-23,500,4.700000,5.150000,225.000000,0.095745,49
600561.XSHG,2020-06-09,2020-07-23,100,4.750000,5.150000,40.000000,0.084211,44
600561.XSHG,2020-06-12,2020-07-23,500,4.590000,5.150000,280.000000,0.122004,41
600561.XSHG,2020-06-17,2020-07-23,200,4.680000,5.150000,94.000000,0.100427,36
600561.XSHG,2020-06-29,2020-07-23,100,4.600000,5.150000,55.000000,0.119565,24
600561.XSHG,2020-07-02,2020-07-23,200,4.680000,5.150000,94.000000,0.100427,21
300029.XSHE,2020-05-06,2020-07-23,100,5.500000,5.940000,44.000000,0.080000,78
002633.XSHE,2020-05-11,2020-07-23,400,7.750000,8.590000,336.000000,0.108387,73
300156.XSHE,2020-05-11,2020-07-23,25800,0.860000,0.150000,-18318.000000,-0.825581,73
300156.XSHE,2020-05-14,2020-07-23,32000,0.760000,0.150000,-19520.000000,-0.802632,70
300156.XSHE,2020-05-19,2020-07-23,46700,0.620000,0.150000,-21949.000000,-0.758065,65
300405.XSHE,2020-06-12,2020-07-23,600,5.650000,6.510000,516.000000,0.152212,41
300029.XSHE,2020-05-06,2020-07-28,2000,5.500000,6.370000,1740.000000,0.158182,83
000502.XSHE,2020-05-27,2020-07-28,200,6.460000,7.020000,112.000000,0.086687,62
300405.XSHE,2020-06-12,2020-07-28,2300,5.650000,6.380000,1679.000000,0.129204,46
300405.XSHE,2020-06-17,2020-07-28,1400,5.850000,6.380000,742.000000,0.090598,41
300405.XSHE,2020-07-02,2020-07-28,300,5.720000,6.380000,198.000000,0.115385,26
603269.XSHG,2020-05-22,2020-07-28,300,12.860000,12.650000,-63.000000,-0.016330,67
603269.XSHG,2020-05-27,2020-07-28,700,12.950000,12.650000,-210.000000,-0.023166,62
603269.XSHG,2020-06-01,2020-07-28,900,13.040000,12.650000,-351.000000,-0.029908,57
603269.XSHG,2020-06-09,2020-07-28,3200,14.560000,12.650000,-6112.000000,-0.131181,49
300736.XSHE,2020-05-11,2020-07-31,400,8.800000,10.510000,684.000000,0.194318,81
300736.XSHE,2020-05-14,2020-07-31,100,8.670000,10.510000,184.000000,0.212226,78
000502.XSHE,2020-05-27,2020-07-31,100,6.460000,7.200000,74.000000,0.114551,65
603269.XSHG,2020-06-09,2020-07-31,100,14.560000,13.210000,-135.000000,-0.092720,52
603269.XSHG,2020-06-17,2020-07-31,100,13.340000,13.210000,-13.000000,-0.009745,44
603269.XSHG,2020-07-02,2020-07-31,1800,13.160000,13.210000,90.000000,0.003799,29
300405.XSHE,2020-07-02,2020-07-31,3800,5.720000,6.420000,2660.000000,0.122378,29
300405.XSHE,2020-07-10,2020-07-31,100,6.270000,6.420000,15.000000,0.023923,21
300029.XSHE,2020-05-06,2020-08-05,600,5.500000,6.900000,840.000000,0.254545,91
002633.XSHE,2020-05-11,2020-08-05,100,7.750000,8.820000,107.000000,0.138065,86
002209.XSHE,2020-05-06,2020-08-05,700,5.630000,6.990000,952.000000,0.241563,91
000929.XSHE,2020-05-14,2020-08-05,300,6.260000,7.260000,300.000000,0.159744,83
603269.XSHG,2020-07-02,2020-08-05,100,13.160000,13.050000,-11.000000,-0.008359,34
603269.XSHG,2020-07-07,2020-08-05,900,13.880000,13.050000,-747.000000,-0.059798,29
603269.XSHG,2020-07-07,2020-08-05,1000,13.880000,13.050000,-830.000000,-0.059798,29
300312.XSHE,2020-07-28,2020-08-06,100,4.280000,4.930000,65.000000,0.151869,9
300312.XSHE,2020-07-31,2020-08-06,100,4.430000,4.930000,50.000000,0.112867,6
002473.XSHE,2020-06-29,2020-08-10,2700,7.780000,6.750000,-2781.000000,-0.132391,42
002473.XSHE,2020-07-02,2020-08-10,1000,7.880000,6.750000,-1130.000000,-0.143401,39
002209.XSHE,2020-05-06,2020-08-11,1600,5.630000,8.950000,5312.000000,0.589698,97
002209.XSHE,2020-05-11,2020-08-11,3600,5.890000,8.950000,11016.000000,0.519525,92
002209.XSHE,2020-05-14,2020-08-11,1400,5.850000,8.950000,4340.000000,0.529915,89
002473.XSHE,2020-07-02,2020-08-12,400,7.880000,7.270000,-244.000000,-0.077411,41
002209.XSHE,2020-05-14,2020-08-13,1500,5.850000,7.420000,2355.000000,0.268376,91
000502.XSHE,2020-05-27,2020-08-13,600,6.460000,7.650000,714.000000,0.184211,78
002473.XSHE,2020-07-02,2020-08-13,1800,7.880000,7.220000,-1188.000000,-0.083756,42
002473.XSHE,2020-07-23,2020-08-13,100,8.510000,7.220000,-129.000000,-0.151586,21
002473.XSHE,2020-08-05,2020-08-13,1700,6.730000,7.220000,833.000000,0.072808,8
300312.XSHE,2020-07-31,2020-08-14,1400,4.430000,6.600000,3038.000000,0.489842,14
002633.XSHE,2020-05-11,2020-08-18,200,7.750000,9.220000,294.000000,0.189677,99
002633.XSHE,2020-05-14,2020-08-18,300,7.790000,9.220000,429.000000,0.183569,96
600768.XSHG,2020-07-07,2020-08-18,100,10.220000,10.750000,53.000000,0.051859,42
300312.XSHE,2020-07-31,2020-08-18,4100,4.430000,5.600000,4797.000000,0.264108,18
600365.XSHG,2020-07-31,2020-08-20,2200,3.420000,3.810000,858.000000,0.114035,20
300029.XSHE,2020-05-06,2020-08-21,200,5.500000,6.260000,152.000000,0.138182,107
300029.XSHE,2020-05-11,2020-08-21,100,5.650000,6.260000,61.000000,0.107965,102
600365.XSHG,2020-07-31,2020-08-21,5200,3.420000,3.790000,1924.000000,0.108187,21
600365.XSHG,2020-08-05,2020-08-21,1800,3.450000,3.790000,612.000000,0.098551,16
300029.XSHE,2020-05-11,2020-08-26,200,5.650000,6.440000,158.000000,0.139823,107
002633.XSHE,2020-05-14,2020-08-26,200,7.790000,9.330000,308.000000,0.197689,104
000929.XSHE,2020-05-14,2020-08-26,100,6.260000,7.610000,135.000000,0.215655,104
300736.XSHE,2020-05-14,2020-08-26,400,8.670000,10.860000,876.000000,0.252595,104
300665.XSHE,2020-05-06,2020-08-26,200,9.480000,11.690000,442.000000,0.233122,112
300029.XSHE,2020-05-11,2020-08-31,600,5.650000,6.660000,606.000000,0.178761,112
002633.XSHE,2020-05-14,2020-08-31,200,7.790000,9.530000,348.000000,0.223363,109
000929.XSHE,2020-05-14,2020-08-31,300,6.260000,7.820000,468.000000,0.249201,109
300665.XSHE,2020-05-06,2020-08-31,200,9.480000,11.990000,502.000000,0.264768,117
300535.XSHE,2020-06-17,2020-08-31,300,12.250000,14.070000,546.000000,0.148571,75
300478.XSHE,2020-08-13,2020-08-31,100,11.190000,12.100000,91.000000,0.081323,18
600561.XSHG,2020-08-13,2020-08-31,4600,5.260000,5.390000,598.000000,0.024715,18
600561.XSHG,2020-08-18,2020-08-31,300,5.260000,5.390000,39.000000,0.024715,13
600561.XSHG,2020-08-21,2020-08-31,200,5.240000,5.390000,30.000000,0.028626,10
000502.XSHE,2020-05-27,2020-09-02,1100,6.460000,8.450000,2189.000000,0.308050,98
000502.XSHE,2020-06-01,2020-09-02,400,6.530000,8.450000,768.000000,0.294028,93
300029.XSHE,2020-05-11,2020-09-03,500,5.650000,7.090000,720.000000,0.254867,115
300736.XSHE,2020-05-14,2020-09-03,300,8.670000,11.700000,909.000000,0.349481,112
000502.XSHE,2020-06-01,2020-09-03,3300,6.530000,8.400000,6171.000000,0.286371,94
300535.XSHE,2020-06-17,2020-09-03,200,12.250000,14.950000,540.000000,0.220408,78
600365.XSHG,2020-08-05,2020-09-03,5900,3.450000,2.720000,-4307.000000,-0.211594,29
600365.XSHG,2020-08-10,2020-09-03,6000,3.450000,2.720000,-4380.000000,-0.211594,24
600365.XSHG,2020-08-13,2020-09-03,6800,3.440000,2.720000,-4896.000000,-0.209302,21
300478.XSHE,2020-08-13,2020-09-03,2200,11.190000,12.740000,3410.000000,0.138517,21
300478.XSHE,2020-08-21,2020-09-03,100,11.330000,12.740000,141.000000,0.124448,13
300029.XSHE,2020-05-11,2020-09-08,2400,5.650000,8.000000,5640.000000,0.415929,120
300029.XSHE,2020-05-14,2020-09-08,3100,5.470000,8.000000,7843.000000,0.462523,117
000929.XSHE,2020-05-14,2020-09-08,700,6.260000,8.480000,1554.000000,0.354633,117
300736.XSHE,2020-05-14,2020-09-08,1800,8.670000,12.800000,7434.000000,0.476355,117
300736.XSHE,2020-05-19,2020-09-08,1300,8.710000,12.800000,5317.000000,0.469575,112
300535.XSHE,2020-06-17,2020-09-08,1500,12.250000,15.390000,4710.000000,0.256327,83
300535.XSHE,2020-07-07,2020-09-08,400,12.780000,15.390000,1044.000000,0.204225,63
600365.XSHG,2020-08-13,2020-09-08,2800,3.440000,2.810000,-1764.000000,-0.183140,26
600365.XSHG,2020-08-18,2020-09-08,6900,3.590000,2.810000,-5382.000000,-0.217270,21
600365.XSHG,2020-08-25,2020-09-08,900,3.710000,2.810000,-810.000000,-0.242588,14
300478.XSHE,2020-08-21,2020-09-08,100,11.330000,13.460000,213.000000,0.187996,18
300736.XSHE,2020-05-19,2020-09-09,1000,8.710000,15.550000,6840.000000,0.785304,113
300736.XSHE,2020-05-22,2020-09-09,300,8.590000,15.550000,2088.000000,0.810244,110
002209.XSHE,2020-05-14,2020-09-11,300,5.850000,6.900000,315.000000,0.179487,120
000929.XSHE,2020-05-14,2020-09-11,500,6.260000,9.000000,1370.000000,0.437700,120
000929.XSHE,2020-05-19,2020-09-11,3300,6.250000,9.000000,9075.000000,0.440000,115
000929.XSHE,2020-05-22,2020-09-11,1400,6.280000,9.000000,3808.000000,0.433121,112
000502.XSHE,2020-06-04,2020-09-11,300,6.670000,6.940000,81.000000,0.040480,99
300535.XSHE,2020-07-07,2020-09-11,600,12.780000,14.330000,930.000000,0.121283,66
300535.XSHE,2020-07-10,2020-09-11,400,13.220000,14.330000,444.000000,0.083964,63
300535.XSHE,2020-07-15,2020-09-11,1000,13.280000,14.330000,1050.000000,0.079066,58
600768.XSHG,2020-07-10,2020-09-11,300,10.590000,10.180000,-123.000000,-0.038716,63
300478.XSHE,2020-08-21,2020-09-11,2200,11.330000,11.800000,1034.000000,0.041483,21
600506.XSHG,2020-09-08,2020-09-11,100,10.290000,10.350000,6.000000,0.005831,3
300665.XSHE,2020-05-06,2020-09-15,900,9.480000,13.630000,3735.000000,0.437764,132
300665.XSHE,2020-05-11,2020-09-15,2200,9.780000,13.630000,8470.000000,0.393661,127
300665.XSHE,2020-05-14,2020-09-15,2300,9.680000,13.630000,9085.000000,0.408058,124
300665.XSHE,2020-05-19,2020-09-15,1900,9.570000,13.630000,7714.000000,0.424242,119
300029.XSHE,2020-05-14,2020-09-16,1100,5.470000,5.610000,154.000000,0.025594,125
300029.XSHE,2020-05-19,2020-09-16,2200,5.380000,5.610000,506.000000,0.042751,120
000929.XSHE,2020-05-22,2020-09-16,2400,6.280000,9.000000,6528.000000,0.433121,117
000929.XSHE,2020-06-01,2020-09-16,100,6.440000,9.000000,256.000000,0.397516,107
300736.XSHE,2020-05-22,2020-09-16,400,8.590000,11.820000,1292.000000,0.376019,117
300665.XSHE,2020-05-19,2020-09-16,300,9.570000,13.600000,1209.000000,0.421108,120
300665.XSHE,2020-05-22,2020-09-16,1700,9.450000,13.600000,7055.000000,0.439153,117
300535.XSHE,2020-07-15,2020-09-16,1200,13.280000,16.250000,3564.000000,0.223645,63
300535.XSHE,2020-07-20,2020-09-16,900,12.690000,16.250000,3204.000000,0.280536,58
300029.XSHE,2020-05-19,2020-09-21,1800,5.380000,5.050000,-594.000000,-0.061338,125
300029.XSHE,2020-05-22,2020-09-21,2200,5.360000,5.050000,-682.000000,-0.057836,122
002209.XSHE,2020-05-14,2020-09-21,100,5.850000,7.210000,136.000000,0.232479,130
000929.XSHE,2020-06-01,2020-09-21,100,6.440000,9.040000,260.000000,0.403727,112
000929.XSHE,2020-06-09,2020-09-21,1100,6.700000,9.040000,2574.000000,0.349254,104
000929.XSHE,2020-06-22,2020-09-21,100,6.750000,9.040000,229.000000,0.339259,91
000929.XSHE,2020-07-02,2020-09-21,1900,6.570000,9.040000,4693.000000,0.375951,81
300736.XSHE,2020-05-22,2020-09-21,100,8.590000,11.900000,331.000000,0.385332,122
300665.XSHE,2020-05-22,2020-09-21,1000,9.450000,12.780000,3330.000000,0.352381,122
300665.XSHE,2020-06-01,2020-09-21,200,9.630000,12.780000,630.000000,0.327103,112
300665.XSHE,2020-06-04,2020-09-21,300,10.010000,12.780000,831.000000,0.276723,109
300665.XSHE,2020-06-09,2020-09-21,300,9.740000,12.780000,912.000000,0.312115,104
300665.XSHE,2020-06-12,2020-09-21,100,9.500000,12.780000,328.000000,0.345263,101
300665.XSHE,2020-06-17,2020-09-21,100,9.690000,12.780000,309.000000,0.318885,96
300665.XSHE,2020-07-02,2020-09-21,100,10.040000,12.780000,274.000000,0.272908,81
300665.XSHE,2020-07-07,2020-09-21,100,10.520000,12.780000,226.000000,0.214829,76
300535.XSHE,2020-07-20,2020-09-21,1400,12.690000,15.930000,4536.000000,0.255319,63
300535.XSHE,2020-07-28,2020-09-21,300,12.580000,15.930000,1005.000000,0.266296,55
600768.XSHG,2020-07-10,2020-09-21,100,10.590000,10.670000,8.000000,0.007554,73
600520.XSHG,2020-08-26,2020-09-21,100,9.230000,9.000000,-23.000000,-0.024919,26
600778.XSHG,2020-09-08,2020-09-21,600,5.060000,5.660000,360.000000,0.118577,13
600778.XSHG,2020-09-11,2020-09-21,500,5.110000,5.660000,275.000000,0.107632,10
300029.XSHE,2020-05-22,2020-09-24,2400,5.360000,5.100000,-624.000000,-0.048507,125
300029.XSHE,2020-06-01,2020-09-24,400,5.410000,5.100000,-124.000000,-0.057301,115
300029.XSHE,2020-06-04,2020-09-24,700,5.560000,5.100000,-322.000000,-0.082734,112
300029.XSHE,2020-06-17,2020-09-24,600,5.590000,5.100000,-294.000000,-0.087657,99
300029.XSHE,2020-06-22,2020-09-24,100,5.560000,5.100000,-46.000000,-0.082734,94
300029.XSHE,2020-07-02,2020-09-24,200,5.540000,5.100000,-88.000000,-0.079422,84
300029.XSHE,2020-07-10,2020-09-24,200,5.940000,5.100000,-168.000000,-0.141414,76
300029.XSHE,2020-08-10,2020-09-24,600,6.110000,5.100000,-606.000000,-0.165303,45
300029.XSHE,2020-08-13,2020-09-24,600,6.190000,5.100000,-654.000000,-0.176090,42
000929.XSHE,2020-07-02,2020-09-24,700,6.570000,9.130000,1792.000000,0.389650,84
000929.XSHE,2020-07-02,2020-09-24,700,6.570000,9.130000,1792.000000,0.389650,84
000929.XSHE,2020-07-07,2020-09-24,900,7.000000,9.130000,1917.000000,0.304286,79
000929.XSHE,2020-07-10,2020-09-24,600,7.250000,9.130000,1128.000000,0.259310,76
000929.XSHE,2020-07-10,2020-09-24,400,7.250000,9.130000,752.000000,0.259310,76
300736.XSHE,2020-05-22,2020-09-24,2200,8.590000,12.000000,7502.000000,0.396973,125
300736.XSHE,2020-06-01,2020-09-24,400,8.800000,12.000000,1280.000000,0.363636,115
300535.XSHE,2020-07-28,2020-09-24,400,12.580000,16.000000,1368.000000,0.271860,58
300535.XSHE,2020-07-31,2020-09-24,1300,12.820000,16.000000,4134.000000,0.248050,55
300535.XSHE,2020-08-13,2020-09-24,100,13.120000,16.000000,288.000000,0.219512,42
300535.XSHE,2020-08-21,2020-09-24,100,13.170000,16.000000,283.000000,0.214882,34
600778.XSHG,2020-09-11,2020-09-24,500,5.110000,5.750000,320.000000,0.125245,13
600778.XSHG,2020-09-16,2020-09-24,4700,5.060000,5.750000,3243.000000,0.136364,8
000929.XSHE,2020-07-10,2020-09-29,2500,7.250000,8.320000,2675.000000,0.147586,81
000929.XSHE,2020-07-20,2020-09-29,100,6.870000,8.320000,145.000000,0.211063,71
000929.XSHE,2020-07-28,2020-09-29,200,6.720000,8.320000,320.000000,0.238095,63
000929.XSHE,2020-09-03,2020-09-29,300,7.910000,8.320000,123.000000,0.051833,26
000502.XSHE,2020-06-04,2020-09-29,3400,6.670000,7.720000,3570.000000,0.157421,117
000502.XSHE,2020-06-09,2020-09-29,1500,6.620000,7.720000,1650.000000,0.166163,112
600561.XSHG,2020-09-03,2020-09-29,400,5.300000,4.860000,-176.000000,-0.083019,26
603269.XSHG,2020-09-08,2020-09-29,2000,13.800000,12.800000,-2000.000000,-0.072464,21
600778.XSHG,2020-09-16,2020-09-29,5000,5.060000,5.190000,650.000000,0.025692,13
000702.XSHE,2020-09-16,2020-09-29,100,5.760000,5.390000,-37.000000,-0.064236,13
600099.XSHG,2020-09-16,2020-09-29,100,6.980000,6.700000,-28.000000,-0.040115,13
600506.XSHG,2020-09-08,2020-09-30,100,10.290000,10.010000,-28.000000,-0.027211,22
300029.XSHE,2020-08-13,2020-10-12,1100,6.190000,4.840000,-1485.000000,-0.218094,60
300029.XSHE,2020-08-18,2020-10-12,500,6.200000,4.840000,-680.000000,-0.219355,55
300029.XSHE,2020-09-11,2020-10-12,4000,5.010000,4.840000,-680.000000,-0.033932,31
300029.XSHE,2020-09-29,2020-10-12,100,4.620000,4.840000,22.000000,0.047619,13
002209.XSHE,2020-05-14,2020-10-12,200,5.850000,6.900000,210.000000,0.179487,151
300736.XSHE,2020-06-04,2020-10-12,100,9.180000,12.000000,282.000000,0.307190,130
300736.XSHE,2020-06-09,2020-10-12,500,8.850000,12.000000,1575.000000,0.355932,125
300736.XSHE,2020-07-07,2020-10-12,900,9.790000,12.000000,1989.000000,0.225741,97
300736.XSHE,2020-07-20,2020-10-12,200,9.630000,12.000000,474.000000,0.246106,84
300736.XSHE,2020-07-23,2020-10-12,1000,10.260000,12.000000,1740.000000,0.169591,81
600561.XSHG,2020-09-03,2020-10-12,400,5.300000,5.180000,-48.000000,-0.022642,39
002209.XSHE,2020-05-14,2020-10-15,200,5.850000,7.180000,266.000000,0.227350,154
002209.XSHE,2020-05-19,2020-10-15,100,5.720000,7.180000,146.000000,0.255245,149
300736.XSHE,2020-07-23,2020-10-15,1000,10.260000,12.890000,2630.000000,0.256335,84
300736.XSHE,2020-07-28,2020-10-15,300,9.780000,12.890000,933.000000,0.317996,79
300736.XSHE,2020-08-05,2020-10-15,300,10.450000,12.890000,732.000000,0.233493,71
300736.XSHE,2020-08-13,2020-10-15,500,10.150000,12.890000,1370.000000,0.269951,63
300736.XSHE,2020-09-11,2020-10-15,400,10.500000,12.890000,956.000000,0.227619,34
600561.XSHG,2020-09-03,2020-10-15,4300,5.300000,5.510000,903.000000,0.039623,42
600561.XSHG,2020-09-08,2020-10-15,2000,5.320000,5.510000,380.000000,0.035714,37
600506.XSHG,2020-09-08,2020-10-15,200,10.290000,10.820000,106.000000,0.051506,37
002633.XSHE,2020-05-14,2020-10-19,2000,7.790000,8.900000,2220.000000,0.142490,158
002633.XSHE,2020-05-19,2020-10-19,2800,7.690000,8.900000,3388.000000,0.157347,153
002633.XSHE,2020-05-22,2020-10-19,1200,7.550000,8.900000,1620.000000,0.178808,150
002209.XSHE,2020-05-19,2020-10-20,200,5.720000,7.240000,304.000000,0.265734,154
300736.XSHE,2020-09-11,2020-10-20,1900,10.500000,12.960000,4674.000000,0.234286,39
300736.XSHE,2020-09-29,2020-10-20,300,10.990000,12.960000,591.000000,0.179254,21
600561.XSHG,2020-09-08,2020-10-20,3900,5.320000,5.460000,546.000000,0.026316,42
600561.XSHG,2020-09-11,2020-10-20,1100,5.110000,5.460000,385.000000,0.068493,39
603269.XSHG,2020-09-08,2020-10-20,100,13.800000,13.660000,-14.000000,-0.010145,42
603269.XSHG,2020-09-11,2020-10-20,2000,13.030000,13.660000,1260.000000,0.048350,39
603269.XSHG,2020-09-21,2020-10-20,100,13.910000,13.660000,-25.000000,-0.017973,29
002633.XSHE,2020-05-22,2020-10-23,200,7.550000,9.140000,318.000000,0.210596,154
002209.XSHE,2020-05-19,2020-10-23,300,5.720000,7.410000,507.000000,0.295455,157
300736.XSHE,2020-09-29,2020-10-23,200,10.990000,13.940000,590.000000,0.268426,24
600561.XSHG,2020-09-11,2020-10-23,3700,5.110000,5.870000,2812.000000,0.148728,42
600561.XSHG,2020-09-16,2020-10-23,2200,5.150000,5.870000,1584.000000,0.139806,37
300665.XSHE,2020-09-24,2020-10-23,2100,12.230000,13.980000,3675.000000,0.143091,29
002633.XSHE,2020-05-22,2020-10-28,100,7.550000,9.060000,151.000000,0.200000,159
002209.XSHE,2020-05-19,2020-10-28,400,5.720000,7.460000,696.000000,0.304196,162
300736.XSHE,2020-09-29,2020-10-28,1800,10.990000,14.380000,6102.000000,0.308462,29
300736.XSHE,2020-09-29,2020-10-28,300,10.990000,14.380000,1017.000000,0.308462,29
600561.XSHG,2020-09-16,2020-10-28,4300,5.150000,5.640000,2107.000000,0.095146,42
600561.XSHG,2020-09-21,2020-10-28,500,5.280000,5.640000,180.000000,0.068182,37
603286.XSHG,2020-09-16,2020-10-28,1600,17.780000,16.790000,-1584.000000,-0.055681,42
603286.XSHG,2020-09-21,2020-10-28,100,17.500000,16.790000,-71.000000,-0.040571,37
300665.XSHE,2020-09-24,2020-10-28,200,12.230000,13.690000,292.000000,0.119379,34
300665.XSHE,2020-09-29,2020-10-28,1900,11.560000,13.690000,4047.000000,0.184256,29
002209.XSHE,2020-05-19,2020-11-02,2900,5.720000,7.230000,4379.000000,0.263986,167
002209.XSHE,2020-05-22,2020-11-02,1000,5.760000,7.230000,1470.000000,0.255208,164
600561.XSHG,2020-09-21,2020-11-02,4400,5.280000,5.350000,308.000000,0.013258,42
600561.XSHG,2020-09-24,2020-11-02,700,5.060000,5.350000,203.000000,0.057312,39
603269.XSHG,2020-09-21,2020-11-02,2000,13.910000,12.850000,-2120.000000,-0.076204,42
603269.XSHG,2020-10-15,2020-11-02,100,13.280000,12.850000,-43.000000,-0.032380,18
603286.XSHG,2020-09-21,2020-11-02,1400,17.500000,16.340000,-1624.000000,-0.066286,42
603286.XSHG,2020-09-24,2020-11-02,300,16.890000,16.340000,-165.000000,-0.032564,39
300665.XSHE,2020-09-29,2020-11-02,400,11.560000,13.100000,616.000000,0.133218,34
300665.XSHE,2020-10-12,2020-11-02,200,12.240000,13.100000,172.000000,0.070261,21
300665.XSHE,2020-10-15,2020-11-02,100,12.920000,13.100000,18.000000,0.013932,18
300665.XSHE,2020-10-20,2020-11-02,1400,13.610000,13.100000,-714.000000,-0.037472,13
000929.XSHE,2020-10-20,2020-11-02,700,7.900000,8.110000,147.000000,0.026582,13
002209.XSHE,2020-05-22,2020-11-05,3100,5.760000,7.630000,5797.000000,0.324653,167
002209.XSHE,2020-06-01,2020-11-05,600,5.860000,7.630000,1062.000000,0.302048,157
002209.XSHE,2020-06-04,2020-11-05,300,6.110000,7.630000,456.000000,0.248773,154
000502.XSHE,2020-06-09,2020-11-05,200,6.620000,7.750000,226.000000,0.170695,149
600520.XSHG,2020-08-26,2020-11-05,400,9.230000,7.970000,-504.000000,-0.136511,71
603269.XSHG,2020-10-15,2020-11-05,2100,13.280000,12.990000,-609.000000,-0.021837,21
603269.XSHG,2020-10-23,2020-11-05,100,13.370000,12.990000,-38.000000,-0.028422,13
600099.XSHG,2020-09-16,2020-11-05,4000,6.980000,6.830000,-600.000000,-0.021490,50
600099.XSHG,2020-10-15,2020-11-05,100,6.970000,6.830000,-14.000000,-0.020086,21
603286.XSHG,2020-09-24,2020-11-05,1600,16.890000,17.110000,352.000000,0.013025,42
603286.XSHG,2020-09-29,2020-11-05,100,16.020000,17.110000,109.000000,0.068040,37
002209.XSHE,2020-06-09,2020-11-10,300,6.040000,7.710000,501.000000,0.276490,154
002209.XSHE,2020-06-12,2020-11-10,100,5.910000,7.710000,180.000000,0.304569,151
002209.XSHE,2020-07-02,2020-11-10,300,6.040000,7.710000,501.000000,0.276490,131
002209.XSHE,2020-07-10,2020-11-10,200,6.650000,7.710000,212.000000,0.159398,123
002209.XSHE,2020-07-23,2020-11-10,100,6.540000,7.710000,117.000000,0.178899,110
002209.XSHE,2020-08-18,2020-11-10,200,7.440000,7.710000,54.000000,0.036290,84
002209.XSHE,2020-08-21,2020-11-10,100,7.310000,7.710000,40.000000,0.054720,81
002209.XSHE,2020-08-26,2020-11-10,300,7.230000,7.710000,144.000000,0.066390,76
002209.XSHE,2020-08-31,2020-11-10,800,7.070000,7.710000,512.000000,0.090523,71
002209.XSHE,2020-09-03,2020-11-10,1300,7.260000,7.710000,585.000000,0.061983,68
600768.XSHG,2020-07-10,2020-11-10,100,10.590000,9.850000,-74.000000,-0.069877,123
000702.XSHE,2020-09-16,2020-11-10,200,5.760000,5.400000,-72.000000,-0.062500,55
603286.XSHG,2020-09-29,2020-11-10,1500,16.020000,17.620000,2400.000000,0.099875,42
603286.XSHG,2020-10-12,2020-11-10,200,16.810000,17.620000,162.000000,0.048186,29
600355.XSHG,2020-10-15,2020-11-10,100,3.050000,2.950000,-10.000000,-0.032787,26
600355.XSHG,2020-10-20,2020-11-10,200,3.060000,2.950000,-22.000000,-0.035948,21
000929.XSHE,2020-10-20,2020-11-10,2800,7.900000,8.300000,1120.000000,0.050633,21
000929.XSHE,2020-10-23,2020-11-10,600,7.840000,8.300000,276.000000,0.058673,18
000695.XSHE,2020-11-05,2020-11-12,100,6.470000,7.510000,104.000000,0.160742,7
002209.XSHE,2020-09-03,2020-11-13,900,7.260000,7.550000,261.000000,0.039945,71
002209.XSHE,2020-09-03,2020-11-13,2800,7.260000,7.550000,812.000000,0.039945,71
600768.XSHG,2020-07-10,2020-11-13,100,10.590000,9.820000,-77.000000,-0.072710,126
603286.XSHG,2020-10-12,2020-11-13,1500,16.810000,17.300000,735.000000,0.029149,32
603286.XSHG,2020-10-15,2020-11-13,100,16.920000,17.300000,38.000000,0.022459,29
603286.XSHG,2020-10-20,2020-11-13,100,16.820000,17.300000,48.000000,0.028537,24
600355.XSHG,2020-10-20,2020-11-13,600,3.060000,2.980000,-48.000000,-0.026144,24
000929.XSHE,2020-10-23,2020-11-13,3200,7.840000,8.970000,3616.000000,0.144133,21
000929.XSHE,2020-10-28,2020-11-13,600,7.740000,8.970000,738.000000,0.158915,16
603958.XSHG,2020-11-02,2020-11-13,200,6.450000,7.490000,208.000000,0.161240,11
002209.XSHE,2020-09-03,2020-11-18,2600,7.260000,7.470000,546.000000,0.028926,76
002209.XSHE,2020-09-08,2020-11-18,200,7.320000,7.470000,30.000000,0.020492,71
002209.XSHE,2020-09-16,2020-11-18,500,7.150000,7.470000,160.000000,0.044755,63
002209.XSHE,2020-09-24,2020-11-18,100,7.030000,7.470000,44.000000,0.062589,55
002209.XSHE,2020-09-29,2020-11-18,100,6.490000,7.470000,98.000000,0.151002,50
002209.XSHE,2020-09-29,2020-11-18,300,6.490000,7.470000,294.000000,0.151002,50
600768.XSHG,2020-07-10,2020-11-18,200,10.590000,10.020000,-114.000000,-0.053824,131
000702.XSHE,2020-09-16,2020-11-18,500,5.760000,5.400000,-180.000000,-0.062500,63
000929.XSHE,2020-10-28,2020-11-18,3000,7.740000,8.690000,2850.000000,0.122739,21
000929.XSHE,2020-11-05,2020-11-18,200,8.140000,8.690000,110.000000,0.067568,13
600778.XSHG,2020-10-23,2020-11-18,300,4.750000,4.450000,-90.000000,-0.063158,26
000502.XSHE,2020-06-09,2020-11-23,400,6.620000,7.640000,408.000000,0.154079,167
600768.XSHG,2020-07-10,2020-11-23,200,10.590000,10.300000,-58.000000,-0.027384,136
600506.XSHG,2020-09-08,2020-11-23,100,10.290000,9.900000,-39.000000,-0.037901,76
600355.XSHG,2020-10-20,2020-11-23,9300,3.060000,2.980000,-744.000000,-0.026144,34
603958.XSHG,2020-11-02,2020-11-23,3900,6.450000,7.620000,4563.000000,0.181395,21
000502.XSHE,2020-06-09,2020-11-26,1900,6.620000,7.780000,2204.000000,0.175227,170
000502.XSHE,2020-06-17,2020-11-26,300,6.580000,7.780000,360.000000,0.182371,162
000502.XSHE,2020-06-22,2020-11-26,100,6.570000,7.780000,121.000000,0.184170,157
000502.XSHE,2020-07-10,2020-11-26,200,7.340000,7.780000,88.000000,0.059946,139
000502.XSHE,2020-07-15,2020-11-26,400,7.210000,7.780000,228.000000,0.079057,134
000502.XSHE,2020-07-23,2020-11-26,1200,7.070000,7.780000,852.000000,0.100424,126
600506.XSHG,2020-09-08,2020-11-26,2300,10.290000,9.810000,-1104.000000,-0.046647,79
600506.XSHG,2020-09-29,2020-11-26,100,9.370000,9.810000,44.000000,0.046958,58
600506.XSHG,2020-10-12,2020-11-26,500,10.030000,9.810000,-110.000000,-0.021934,45
600355.XSHG,2020-10-20,2020-11-26,8400,3.060000,2.930000,-1092.000000,-0.042484,37
600355.XSHG,2020-10-23,2020-11-26,300,3.040000,2.930000,-33.000000,-0.036184,34
600355.XSHG,2020-10-28,2020-11-26,200,2.960000,2.930000,-6.000000,-0.010135,29
600355.XSHG,2020-11-02,2020-11-26,700,2.830000,2.930000,70.000000,0.035336,24
600778.XSHG,2020-10-23,2020-11-26,1900,4.750000,4.530000,-418.000000,-0.046316,34
000695.XSHE,2020-11-05,2020-11-26,3900,6.470000,6.820000,1365.000000,0.054096,21
000695.XSHE,2020-11-13,2020-11-26,200,6.900000,6.820000,-16.000000,-0.011594,13
600506.XSHG,2020-10-12,2020-12-01,2300,10.030000,9.970000,-138.000000,-0.005982,50
600506.XSHG,2020-10-20,2020-12-01,200,10.400000,9.970000,-86.000000,-0.041346,42
600506.XSHG,2020-10-23,2020-12-01,200,10.100000,9.970000,-26.000000,-0.012871,39
600506.XSHG,2020-11-02,2020-12-01,100,9.400000,9.970000,57.000000,0.060638,29
600506.XSHG,2020-11-05,2020-12-01,200,9.650000,9.970000,64.000000,0.033161,26
000702.XSHE,2020-09-16,2020-12-01,4100,5.760000,5.680000,-328.000000,-0.013889,76
000702.XSHE,2020-09-21,2020-12-01,2500,5.770000,5.680000,-225.000000,-0.015598,71
600455.XSHG,2020-11-10,2020-12-01,1100,23.880000,23.020000,-946.000000,-0.036013,21
600455.XSHG,2020-11-13,2020-12-01,100,23.110000,23.020000,-9.000000,-0.003894,18
000502.XSHE,2020-07-23,2020-12-04,300,7.070000,7.900000,249.000000,0.117397,134
600520.XSHG,2020-08-31,2020-12-04,100,9.240000,7.900000,-134.000000,-0.145022,95
600506.XSHG,2020-11-05,2020-12-04,2700,9.650000,10.140000,1323.000000,0.050777,29
600506.XSHG,2020-11-10,2020-12-04,200,9.820000,10.140000,64.000000,0.032587,24
000702.XSHE,2020-09-21,2020-12-04,2500,5.770000,5.860000,225.000000,0.015598,74
000702.XSHE,2020-09-24,2020-12-04,2800,5.640000,5.860000,616.000000,0.039007,71
600355.XSHG,2020-11-02,2020-12-04,300,2.830000,3.060000,69.000000,0.081272,32
600520.XSHG,2020-08-31,2020-12-09,100,9.240000,8.000000,-124.000000,-0.134199,100
600506.XSHG,2020-11-10,2020-12-09,2600,9.820000,10.150000,858.000000,0.033605,29
600506.XSHG,2020-11-10,2020-12-09,200,9.820000,10.150000,66.000000,0.033605,29
600506.XSHG,2020-11-13,2020-12-09,100,9.770000,10.150000,38.000000,0.038895,26
000702.XSHE,2020-09-24,2020-12-09,2300,5.640000,6.650000,2323.000000,0.179078,76
000702.XSHE,2020-10-15,2020-12-09,300,5.630000,6.650000,306.000000,0.181172,55
000702.XSHE,2020-10-20,2020-12-09,400,5.490000,6.650000,464.000000,0.211293,50
000702.XSHE,2020-10-23,2020-12-09,300,5.430000,6.650000,366.000000,0.224678,47
000702.XSHE,2020-10-28,2020-12-09,2800,5.400000,6.650000,3500.000000,0.231481,42
000502.XSHE,2020-07-23,2020-12-14,2000,7.070000,8.620000,3100.000000,0.219236,144
000502.XSHE,2020-07-23,2020-12-14,100,7.070000,8.620000,155.000000,0.219236,144
000502.XSHE,2020-08-05,2020-12-14,200,7.300000,8.620000,264.000000,0.180822,131
000502.XSHE,2020-08-18,2020-12-14,900,7.410000,8.620000,1089.000000,0.163293,118
000502.XSHE,2020-08-21,2020-12-14,200,7.270000,8.620000,270.000000,0.185695,115
000502.XSHE,2020-08-26,2020-12-14,100,7.360000,8.620000,126.000000,0.171196,110
000502.XSHE,2020-09-08,2020-12-14,1600,7.330000,8.620000,2064.000000,0.175989,97
600506.XSHG,2020-11-13,2020-12-14,2200,9.770000,10.150000,836.000000,0.038895,31
600506.XSHG,2020-11-13,2020-12-14,500,9.770000,10.150000,190.000000,0.038895,31
600506.XSHG,2020-11-18,2020-12-14,200,9.640000,10.150000,102.000000,0.052905,26
000702.XSHE,2020-10-28,2020-12-14,2300,5.400000,6.420000,2346.000000,0.188889,47
000702.XSHE,2020-11-02,2020-12-14,2000,5.170000,6.420000,2500.000000,0.241779,42
603029.XSHG,2020-09-16,2020-12-14,1600,16.900000,15.070000,-2928.000000,-0.108284,89
603029.XSHG,2020-09-24,2020-12-14,300,16.020000,15.070000,-285.000000,-0.059301,81
600561.XSHG,2020-11-13,2020-12-14,100,5.130000,4.890000,-24.000000,-0.046784,31
000502.XSHE,2020-09-08,2020-12-17,100,7.330000,8.250000,92.000000,0.125512,100
600768.XSHG,2020-07-10,2020-12-17,100,10.590000,9.130000,-146.000000,-0.137866,160
000702.XSHE,2020-11-02,2020-12-17,3500,5.170000,6.190000,3570.000000,0.197292,45
000702.XSHE,2020-11-05,2020-12-17,400,5.250000,6.190000,376.000000,0.179048,42
000702.XSHE,2020-11-13,2020-12-17,100,5.280000,6.190000,91.000000,0.172348,34
000702.XSHE,2020-11-13,2020-12-17,100,5.280000,6.190000,91.000000,0.172348,34
000702.XSHE,2020-11-26,2020-12-17,400,5.340000,6.190000,340.000000,0.159176,21
603029.XSHG,2020-09-24,2020-12-17,1600,16.020000,14.420000,-2560.000000,-0.099875,84
603029.XSHG,2020-09-29,2020-12-17,300,15.030000,14.420000,-183.000000,-0.040585,79
603269.XSHG,2020-11-26,2020-12-17,2200,12.800000,11.940000,-1892.000000,-0.067188,21
603269.XSHG,2020-12-01,2020-12-17,200,12.710000,11.940000,-154.000000,-0.060582,16
000502.XSHE,2020-09-08,2020-12-22,500,7.330000,9.450000,1060.000000,0.289222,105
000502.XSHE,2020-09-16,2020-12-22,100,7.320000,9.450000,213.000000,0.290984,97
000502.XSHE,2020-09-21,2020-12-22,400,7.140000,9.450000,924.000000,0.323529,92
000502.XSHE,2020-09-24,2020-12-22,2700,7.510000,9.450000,5238.000000,0.258322,89
000502.XSHE,2020-10-12,2020-12-22,300,7.850000,9.450000,480.000000,0.203822,71
603029.XSHG,2020-09-29,2020-12-22,1500,15.030000,14.320000,-1065.000000,-0.047239,84
603029.XSHG,2020-10-12,2020-12-22,100,15.530000,14.320000,-121.000000,-0.077914,71
603029.XSHG,2020-10-15,2020-12-22,200,15.330000,14.320000,-202.000000,-0.065884,68
600778.XSHG,2020-10-23,2020-12-22,400,4.750000,4.260000,-196.000000,-0.103158,60
300478.XSHE,2020-11-26,2020-12-22,100,10.830000,10.140000,-69.000000,-0.063712,26
603269.XSHG,2020-12-01,2020-12-22,2100,12.710000,12.100000,-1281.000000,-0.047994,21
603269.XSHG,2020-12-04,2020-12-22,200,12.800000,12.100000,-140.000000,-0.054688,18
000502.XSHE,2020-10-23,2020-12-25,300,7.950000,8.760000,243.000000,0.101887,63
000502.XSHE,2020-10-28,2020-12-25,2600,7.700000,8.760000,2756.000000,0.137662,58
600768.XSHG,2020-07-10,2020-12-25,500,10.590000,8.860000,-865.000000,-0.163362,168
600520.XSHG,2020-08-31,2020-12-25,200,9.240000,6.970000,-454.000000,-0.245671,116
600778.XSHG,2020-10-23,2020-12-25,3200,4.750000,3.990000,-2432.000000,-0.160000,63
600778.XSHG,2020-10-28,2020-12-25,3200,4.520000,3.990000,-1696.000000,-0.117257,58
603269.XSHG,2020-12-04,2020-12-25,2000,12.800000,11.250000,-3100.000000,-0.121094,21
603269.XSHG,2020-12-09,2020-12-25,300,12.740000,11.250000,-447.000000,-0.116954,16
002209.XSHE,2020-12-14,2020-12-25,100,7.100000,6.700000,-40.000000,-0.056338,11
600615.XSHG,2020-12-17,2020-12-25,200,6.810000,6.670000,-28.000000,-0.020558,8
000502.XSHE,2020-10-28,2020-12-30,1300,7.700000,9.240000,2002.000000,0.200000,63
000502.XSHE,2020-11-02,2020-12-30,100,7.390000,9.240000,185.000000,0.250338,58
000502.XSHE,2020-11-10,2020-12-30,200,7.740000,9.240000,300.000000,0.193798,50
000502.XSHE,2020-11-13,2020-12-30,600,7.440000,9.240000,1080.000000,0.241935,47
000502.XSHE,2020-11-18,2020-12-30,200,7.340000,9.240000,380.000000,0.258856,42
000502.XSHE,2020-12-01,2020-12-30,200,7.590000,9.240000,330.000000,0.217391,29
000502.XSHE,2020-12-09,2020-12-30,400,7.730000,9.240000,604.000000,0.195343,21
600561.XSHG,2020-11-13,2020-12-30,5400,5.130000,4.510000,-3348.000000,-0.120858,47
600561.XSHG,2020-11-18,2020-12-30,1600,5.090000,4.510000,-928.000000,-0.113949,42
603269.XSHG,2020-12-09,2020-12-30,2100,12.740000,11.240000,-3150.000000,-0.117739,21
603269.XSHG,2020-12-14,2020-12-30,200,12.250000,11.240000,-202.000000,-0.082449,16
002633.XSHE,2020-05-22,2021-01-04,1900,7.550000,7.210000,-646.000000,-0.045033,227
002633.XSHE,2020-06-01,2021-01-04,300,7.760000,7.210000,-165.000000,-0.070876,217
002633.XSHE,2020-06-04,2021-01-04,700,7.850000,7.210000,-448.000000,-0.081529,214
002633.XSHE,2020-06-09,2021-01-04,100,7.810000,7.210000,-60.000000,-0.076825,209
002633.XSHE,2020-06-22,2021-01-04,100,7.980000,7.210000,-77.000000,-0.096491,196
002633.XSHE,2020-06-29,2021-01-04,700,7.900000,7.210000,-483.000000,-0.087342,189
002633.XSHE,2020-07-02,2021-01-04,500,7.980000,7.210000,-385.000000,-0.096491,186
002633.XSHE,2020-07-07,2021-01-04,300,8.230000,7.210000,-306.000000,-0.123937,181
002633.XSHE,2020-07-10,2021-01-04,2800,8.610000,7.210000,-3920.000000,-0.162602,178
002633.XSHE,2020-07-15,2021-01-04,200,8.590000,7.210000,-276.000000,-0.160652,173
002633.XSHE,2020-07-28,2021-01-04,100,8.260000,7.210000,-105.000000,-0.127119,160
002633.XSHE,2020-08-13,2021-01-04,300,8.690000,7.210000,-444.000000,-0.170311,144
002633.XSHE,2020-08-21,2021-01-04,200,9.000000,7.210000,-358.000000,-0.198889,136
002633.XSHE,2020-09-08,2021-01-04,600,9.690000,7.210000,-1488.000000,-0.255934,118
002633.XSHE,2020-09-16,2021-01-04,200,9.390000,7.210000,-436.000000,-0.232162,110
002633.XSHE,2020-09-24,2021-01-04,100,9.140000,7.210000,-193.000000,-0.211160,102
002633.XSHE,2020-09-29,2021-01-04,100,8.460000,7.210000,-125.000000,-0.147754,97
002633.XSHE,2020-09-29,2021-01-04,200,8.460000,7.210000,-250.000000,-0.147754,97
002633.XSHE,2020-11-02,2021-01-04,3000,8.850000,7.210000,-4920.000000,-0.185311,63
002633.XSHE,2020-11-05,2021-01-04,3400,8.940000,7.210000,-5882.000000,-0.193512,60
002633.XSHE,2020-11-10,2021-01-04,400,8.820000,7.210000,-644.000000,-0.182540,55
002633.XSHE,2020-11-13,2021-01-04,100,8.730000,7.210000,-152.000000,-0.174112,52
002633.XSHE,2020-11-26,2021-01-04,100,8.590000,7.210000,-138.000000,-0.160652,39
002633.XSHE,2020-11-26,2021-01-04,200,8.590000,7.210000,-276.000000,-0.160652,39
002633.XSHE,2020-12-01,2021-01-04,300,8.370000,7.210000,-348.000000,-0.138590,34
002633.XSHE,2020-12-01,2021-01-04,100,8.370000,7.210000,-116.000000,-0.138590,34
002633.XSHE,2020-12-04,2021-01-04,200,8.310000,7.210000,-220.000000,-0.132371,31
002633.XSHE,2020-12-04,2021-01-04,200,8.310000,7.210000,-220.000000,-0.132371,31
002633.XSHE,2020-12-14,2021-01-04,200,8.050000,7.210000,-168.000000,-0.104348,21
002633.XSHE,2020-12-22,2021-01-04,400,7.620000,7.210000,-164.000000,-0.053806,13
002633.XSHE,2020-12-25,2021-01-04,100,7.120000,7.210000,9.000000,0.012640,10
600768.XSHG,2020-07-10,2021-01-04,700,10.590000,8.780000,-1267.000000,-0.170916,178
600768.XSHG,2020-07-15,2021-01-04,2500,10.680000,8.780000,-4750.000000,-0.177903,173
600768.XSHG,2020-07-23,2021-01-04,200,10.420000,8.780000,-328.000000,-0.157390,165
600768.XSHG,2020-07-28,2021-01-04,2500,10.120000,8.780000,-3350.000000,-0.132411,160
600768.XSHG,2020-07-31,2021-01-04,4600,10.380000,8.780000,-7360.000000,-0.154143,157
600768.XSHG,2020-08-10,2021-01-04,400,10.500000,8.780000,-688.000000,-0.163810,147
600768.XSHG,2020-08-13,2021-01-04,100,10.400000,8.780000,-162.000000,-0.155769,144
600768.XSHG,2020-08-26,2021-01-04,300,10.570000,8.780000,-537.000000,-0.169347,131
600768.XSHG,2020-09-03,2021-01-04,300,10.820000,8.780000,-612.000000,-0.188540,123
600768.XSHG,2020-09-08,2021-01-04,400,10.710000,8.780000,-772.000000,-0.180205,118
600768.XSHG,2020-09-16,2021-01-04,300,10.560000,8.780000,-534.000000,-0.168561,110
600768.XSHG,2020-09-24,2021-01-04,200,10.280000,8.780000,-300.000000,-0.145914,102
600768.XSHG,2020-09-29,2021-01-04,100,9.640000,8.780000,-86.000000,-0.089212,97
600768.XSHG,2020-10-12,2021-01-04,300,9.900000,8.780000,-336.000000,-0.113131,84
600768.XSHG,2020-10-15,2021-01-04,200,9.990000,8.780000,-242.000000,-0.121121,81
600768.XSHG,2020-10-20,2021-01-04,100,9.890000,8.780000,-111.000000,-0.112235,76
600768.XSHG,2020-10-23,2021-01-04,200,9.840000,8.780000,-212.000000,-0.107724,73
600768.XSHG,2020-11-02,2021-01-04,100,9.340000,8.780000,-56.000000,-0.059957,63
600768.XSHG,2020-11-26,2021-01-04,200,9.960000,8.780000,-236.000000,-0.118474,39
600768.XSHG,2020-12-01,2021-01-04,100,9.920000,8.780000,-114.000000,-0.114919,34
600768.XSHG,2020-12-04,2021-01-04,200,9.820000,8.780000,-208.000000,-0.105906,31
600768.XSHG,2020-12-04,2021-01-04,100,9.820000,8.780000,-104.000000,-0.105906,31
600768.XSHG,2020-12-14,2021-01-04,400,9.400000,8.780000,-248.000000,-0.065957,21
600768.XSHG,2020-12-22,2021-01-04,100,9.120000,8.780000,-34.000000,-0.037281,13
600768.XSHG,2020-12-30,2021-01-04,200,8.680000,8.780000,20.000000,0.011521,5
600520.XSHG,2020-08-31,2021-01-04,3700,9.240000,6.800000,-9028.000000,-0.264069,126
600520.XSHG,2020-09-03,2021-01-04,4600,9.250000,6.800000,-11270.000000,-0.264865,123
600520.XSHG,2020-09-08,2021-01-04,3200,9.370000,6.800000,-8224.000000,-0.274280,118
600520.XSHG,2020-09-11,2021-01-04,3500,8.500000,6.800000,-5950.000000,-0.200000,115
600520.XSHG,2020-09-16,2021-01-04,200,8.920000,6.800000,-424.000000,-0.237668,110
600520.XSHG,2020-09-24,2021-01-04,400,8.610000,6.800000,-724.000000,-0.210221,102
600520.XSHG,2020-09-29,2021-01-04,300,7.950000,6.800000,-345.000000,-0.144654,97
600520.XSHG,2020-10-15,2021-01-04,500,8.300000,6.800000,-750.000000,-0.180723,81
600520.XSHG,2020-10-20,2021-01-04,100,8.250000,6.800000,-145.000000,-0.175758,76
600520.XSHG,2020-10-23,2021-01-04,300,8.140000,6.800000,-402.000000,-0.164619,73
600520.XSHG,2020-10-23,2021-01-04,100,8.140000,6.800000,-134.000000,-0.164619,73
600520.XSHG,2020-10-28,2021-01-04,300,7.850000,6.800000,-315.000000,-0.133758,68
600520.XSHG,2020-11-02,2021-01-04,200,7.510000,6.800000,-142.000000,-0.094541,63
600520.XSHG,2020-11-13,2021-01-04,300,7.830000,6.800000,-309.000000,-0.131545,52
600520.XSHG,2020-11-26,2021-01-04,200,7.820000,6.800000,-204.000000,-0.130435,39
600520.XSHG,2020-12-01,2021-01-04,200,7.730000,6.800000,-186.000000,-0.120310,34
600520.XSHG,2020-12-14,2021-01-04,100,7.720000,6.800000,-92.000000,-0.119171,21
600520.XSHG,2020-12-17,2021-01-04,300,7.240000,6.800000,-132.000000,-0.060773,18
600520.XSHG,2020-12-17,2021-01-04,100,7.240000,6.800000,-44.000000,-0.060773,18
600520.XSHG,2020-12-30,2021-01-04,600,6.700000,6.800000,60.000000,0.014925,5
603029.XSHG,2020-10-15,2021-01-04,1800,15.330000,13.160000,-3906.000000,-0.141553,81
603029.XSHG,2020-10-20,2021-01-04,1900,15.340000,13.160000,-4142.000000,-0.142112,76
603029.XSHG,2020-11-02,2021-01-04,100,14.600000,13.160000,-144.000000,-0.098630,63
603029.XSHG,2020-12-09,2021-01-04,100,15.230000,13.160000,-207.000000,-0.135916,26
600355.XSHG,2020-11-02,2021-01-04,9000,2.830000,2.560000,-2430.000000,-0.095406,63
600355.XSHG,2020-11-05,2021-01-04,500,2.860000,2.560000,-150.000000,-0.104895,60
600355.XSHG,2020-12-14,2021-01-04,200,2.920000,2.560000,-72.000000,-0.123288,21
600355.XSHG,2020-12-17,2021-01-04,300,2.710000,2.560000,-45.000000,-0.055351,18
600355.XSHG,2020-12-22,2021-01-04,400,2.640000,2.560000,-32.000000,-0.030303,13
600355.XSHG,2020-12-25,2021-01-04,10900,2.420000,2.560000,1526.000000,0.057851,10
600355.XSHG,2020-12-30,2021-01-04,9300,2.450000,2.560000,1023.000000,0.044898,5
600355.XSHG,2020-12-30,2021-01-04,1000,2.450000,2.560000,110.000000,0.044898,5
600778.XSHG,2020-10-28,2021-01-04,3400,4.520000,4.000000,-1768.000000,-0.115044,68
600778.XSHG,2020-11-02,2021-01-04,6400,4.380000,4.000000,-2432.000000,-0.086758,63
600778.XSHG,2020-11-05,2021-01-04,7200,4.340000,4.000000,-2448.000000,-0.078341,60
600778.XSHG,2020-11-10,2021-01-04,6300,4.440000,4.000000,-2772.000000,-0.099099,55
600778.XSHG,2020-11-23,2021-01-04,1500,4.300000,4.000000,-450.000000,-0.069767,42
600778.XSHG,2020-12-01,2021-01-04,100,4.500000,4.000000,-50.000000,-0.111111,34
600778.XSHG,2020-12-09,2021-01-04,200,4.570000,4.000000,-114.000000,-0.124726,26
600778.XSHG,2020-12-14,2021-01-04,900,4.340000,4.000000,-306.000000,-0.078341,21
600778.XSHG,2020-12-30,2021-01-04,100,3.950000,4.000000,5.000000,0.012658,5
600455.XSHG,2020-11-13,2021-01-04,1200,23.110000,20.400000,-3252.000000,-0.117265,52
600455.XSHG,2020-11-18,2021-01-04,1200,23.150000,20.400000,-3300.000000,-0.118790,47
600455.XSHG,2020-11-23,2021-01-04,1300,23.270000,20.400000,-3731.000000,-0.123335,42
600455.XSHG,2020-11-26,2021-01-04,1300,23.000000,20.400000,-3380.000000,-0.113043,39
600455.XSHG,2020-12-14,2021-01-04,200,21.890000,20.400000,-298.000000,-0.068068,21
600455.XSHG,2020-12-22,2021-01-04,1300,20.910000,20.400000,-663.000000,-0.024390,13
600561.XSHG,2020-11-18,2021-01-04,4000,5.090000,4.470000,-2480.000000,-0.121807,47
600561.XSHG,2020-11-23,2021-01-04,5700,5.140000,4.470000,-3819.000000,-0.130350,42
600561.XSHG,2020-11-26,2021-01-04,5700,5.080000,4.470000,-3477.000000,-0.120079,39
600561.XSHG,2020-12-01,2021-01-04,6300,4.960000,4.470000,-3087.000000,-0.098790,34
600561.XSHG,2020-12-04,2021-01-04,200,4.990000,4.470000,-104.000000,-0.104208,31
600561.XSHG,2020-12-09,2021-01-04,300,4.970000,4.470000,-150.000000,-0.100604,26
600561.XSHG,2020-12-17,2021-01-04,500,4.580000,4.470000,-55.000000,-0.024017,18
600561.XSHG,2020-12-22,2021-01-04,200,4.600000,4.470000,-26.000000,-0.028261,13
300478.XSHE,2020-11-26,2021-01-04,2500,10.830000,9.960000,-2175.000000,-0.080332,39
300478.XSHE,2020-12-01,2021-01-04,2500,11.040000,9.960000,-2700.000000,-0.097826,34
300478.XSHE,2020-12-04,2021-01-04,2800,10.980000,9.960000,-2856.000000,-0.092896,31
300478.XSHE,2020-12-09,2021-01-04,2800,10.870000,9.960000,-2548.000000,-0.083717,26
300478.XSHE,2020-12-14,2021-01-04,2900,10.470000,9.960000,-1479.000000,-0.048711,21
300478.XSHE,2020-12-17,2021-01-04,200,9.840000,9.960000,24.000000,0.012195,18
300478.XSHE,2020-12-25,2021-01-04,300,9.190000,9.960000,231.000000,0.083787,10
300478.XSHE,2020-12-30,2021-01-04,100,9.110000,9.960000,85.000000,0.093304,5
603269.XSHG,2020-12-14,2021-01-04,2300,12.250000,11.500000,-1725.000000,-0.061224,21
002209.XSHE,2020-12-14,2021-01-04,3900,7.100000,6.750000,-1365.000000,-0.049296,21
300736.XSHE,2020-12-14,2021-01-04,2600,10.560000,9.250000,-3406.000000,-0.124053,21
300736.XSHE,2020-12-17,2021-01-04,2600,10.390000,9.250000,-2964.000000,-0.109721,18
300736.XSHE,2020-12-22,2021-01-04,200,10.150000,9.250000,-180.000000,-0.088670,13
300736.XSHE,2020-12-25,2021-01-04,3100,9.070000,9.250000,558.000000,0.019846,10
300736.XSHE,2020-12-30,2021-01-04,2900,9.010000,9.250000,696.000000,0.026637,5
600615.XSHG,2020-12-17,2021-01-04,3700,6.810000,6.700000,-407.000000,-0.016153,18
600615.XSHG,2020-12-22,2021-01-04,4100,6.860000,6.700000,-656.000000,-0.023324,13
600766.XSHG,2020-12-17,2021-01-04,4200,5.810000,5.390000,-1764.000000,-0.072289,18
600766.XSHG,2020-12-22,2021-01-04,5300,5.770000,5.390000,-2014.000000,-0.065858,13
600766.XSHG,2020-12-25,2021-01-04,4800,5.400000,5.390000,-48.000000,-0.001852,10
600766.XSHG,2020-12-30,2021-01-04,4400,5.510000,5.390000,-528.000000,-0.021779,5
511880.XSHG,2021-01-04,2021-02-01,13100,100.136000,100.310000,2279.400000,0.001738,28
000502.XSHE,2021-02-10,2021-02-22,100,5.180000,6.070000,89.000000,0.171815,12
000007.XSHE,2021-02-02,2021-02-23,900,2.710000,3.300000,531.000000,0.217712,21
300312.XSHE,2021-02-05,2021-02-23,4800,3.060000,4.370000,6288.000000,0.428105,18
300312.XSHE,2021-02-05,2021-02-24,2900,3.060000,5.820000,8004.000000,0.901961,19
600766.XSHG,2021-02-02,2021-02-25,6800,3.850000,5.260000,9588.000000,0.366234,23
600766.XSHG,2021-02-05,2021-02-25,500,3.540000,5.260000,860.000000,0.485876,20
002862.XSHE,2021-02-02,2021-02-25,100,8.150000,9.350000,120.000000,0.147239,23
000007.XSHE,2021-02-02,2021-02-26,5600,2.710000,3.980000,7112.000000,0.468635,24
000007.XSHE,2021-02-02,2021-03-01,2600,2.710000,4.420000,4446.000000,0.630996,27
300736.XSHE,2021-02-02,2021-03-02,200,7.150000,8.020000,174.000000,0.121678,28
000007.XSHE,2021-02-02,2021-03-02,600,2.710000,3.970000,756.000000,0.464945,28
000007.XSHE,2021-02-05,2021-03-02,4200,2.570000,3.970000,5880.000000,0.544747,25
002862.XSHE,2021-02-02,2021-03-02,3100,8.150000,10.510000,7316.000000,0.289571,28
002862.XSHE,2021-02-05,2021-03-02,900,7.740000,10.510000,2493.000000,0.357881,25
300312.XSHE,2021-02-05,2021-03-02,300,3.060000,5.600000,762.000000,0.830065,25
000007.XSHE,2021-02-05,2021-03-05,6400,2.570000,3.670000,7040.000000,0.428016,28
000007.XSHE,2021-02-10,2021-03-05,500,2.490000,3.670000,590.000000,0.473896,23
002862.XSHE,2021-02-05,2021-03-05,2500,7.740000,9.700000,4900.000000,0.253230,28
600355.XSHG,2021-02-02,2021-03-05,2100,2.020000,2.240000,462.000000,0.108911,31
600778.XSHG,2021-02-02,2021-03-05,8100,3.220000,3.700000,3888.000000,0.149068,31
600778.XSHG,2021-02-05,2021-03-05,1200,3.130000,3.700000,684.000000,0.182109,28
300312.XSHE,2021-02-05,2021-03-05,500,3.060000,7.530000,2235.000000,1.460784,28
300312.XSHE,2021-02-10,2021-03-05,6500,2.830000,7.530000,30550.000000,1.660777,23
300312.XSHE,2021-02-10,2021-03-10,3200,2.830000,5.660000,9056.000000,1.000000,28
300312.XSHE,2021-02-25,2021-03-10,1100,5.220000,5.660000,484.000000,0.084291,13
000007.XSHE,2021-02-10,2021-03-10,10200,2.490000,4.470000,20196.000000,0.795181,28
002862.XSHE,2021-02-05,2021-03-10,100,7.740000,11.180000,344.000000,0.444444,33
002862.XSHE,2021-02-10,2021-03-10,3000,7.910000,11.180000,9810.000000,0.413401,28
002862.XSHE,2021-02-22,2021-03-10,600,8.730000,11.180000,1470.000000,0.280641,16
000007.XSHE,2021-02-10,2021-03-15,100,2.490000,4.110000,162.000000,0.650602,33
000007.XSHE,2021-02-22,2021-03-15,5300,3.140000,4.110000,5141.000000,0.308917,21
000007.XSHE,2021-02-25,2021-03-15,1400,3.300000,4.110000,1134.000000,0.245455,18
300478.XSHE,2021-02-02,2021-03-15,900,7.810000,8.580000,693.000000,0.098592,41
600506.XSHG,2021-02-22,2021-03-15,3400,7.560000,7.870000,1054.000000,0.041005,21
002862.XSHE,2021-02-22,2021-03-15,2800,8.730000,10.920000,6132.000000,0.250859,21
600778.XSHG,2021-02-05,2021-03-18,7300,3.130000,3.960000,6059.000000,0.265176,41
600778.XSHG,2021-02-10,2021-03-18,100,3.090000,3.960000,87.000000,0.281553,36
600778.XSHG,2021-02-22,2021-03-18,2800,3.440000,3.960000,1456.000000,0.151163,24
603729.XSHG,2021-03-02,2021-03-18,2500,12.440000,12.740000,750.000000,0.024116,16
600506.XSHG,2021-02-22,2021-03-18,300,7.560000,8.640000,324.000000,0.142857,24
600506.XSHG,2021-02-25,2021-03-18,3200,7.490000,8.640000,3680.000000,0.153538,21
600506.XSHG,2021-03-01,2021-03-18,300,8.800000,8.640000,-48.000000,-0.018182,17
600506.XSHG,2021-03-02,2021-03-18,200,8.490000,8.640000,30.000000,0.017668,16
600766.XSHG,2021-02-05,2021-03-19,4900,3.540000,5.100000,7644.000000,0.440678,42
000502.XSHE,2021-02-10,2021-03-19,2100,5.180000,7.250000,4347.000000,0.399614,37
600766.XSHG,2021-02-05,2021-03-22,900,3.540000,5.270000,1557.000000,0.488701,45
300478.XSHE,2021-02-02,2021-03-23,300,7.810000,8.880000,321.000000,0.137004,49
000502.XSHE,2021-02-10,2021-03-23,2700,5.180000,7.110000,5211.000000,0.372587,41
000502.XSHE,2021-03-02,2021-03-23,1600,6.160000,7.110000,1520.000000,0.154221,21
002633.XSHE,2021-02-02,2021-03-26,300,5.840000,6.450000,183.000000,0.104452,52
300478.XSHE,2021-02-02,2021-03-26,500,7.810000,9.000000,595.000000,0.152369,52
600778.XSHG,2021-02-22,2021-03-26,500,3.440000,3.790000,175.000000,0.101744,32
000502.XSHE,2021-03-02,2021-03-26,3700,6.160000,6.390000,851.000000,0.037338,24
603029.XSHG,2021-02-22,2021-03-26,600,11.390000,12.480000,654.000000,0.095698,32
002633.XSHE,2021-02-02,2021-03-31,300,5.840000,6.300000,138.000000,0.078767,57
300736.XSHE,2021-02-02,2021-03-31,100,7.150000,7.170000,2.000000,0.002797,57
600768.XSHG,2021-02-02,2021-03-31,1300,7.400000,8.180000,1014.000000,0.105405,57
600355.XSHG,2021-02-02,2021-03-31,1500,2.020000,2.160000,210.000000,0.069307,57
600778.XSHG,2021-02-22,2021-03-31,4900,3.440000,3.810000,1813.000000,0.107558,37
600778.XSHG,2021-02-25,2021-03-31,4400,3.560000,3.810000,1100.000000,0.070225,34
000502.XSHE,2021-03-02,2021-03-31,100,6.160000,6.180000,2.000000,0.003247,29
000502.XSHE,2021-03-05,2021-03-31,5000,6.130000,6.180000,250.000000,0.008157,26
603029.XSHG,2021-02-22,2021-03-31,1900,11.390000,12.600000,2299.000000,0.106234,37
603029.XSHG,2021-02-25,2021-03-31,1100,11.360000,12.600000,1364.000000,0.109155,34
603269.XSHG,2021-03-18,2021-03-31,100,10.210000,10.190000,-2.000000,-0.001959,13
002633.XSHE,2021-02-02,2021-04-01,3900,5.840000,6.340000,1950.000000,0.085616,58
002633.XSHE,2021-02-05,2021-04-01,4800,5.590000,6.340000,3600.000000,0.134168,55
002633.XSHE,2021-02-10,2021-04-01,4600,5.560000,6.340000,3588.000000,0.140288,50
002633.XSHE,2021-02-22,2021-04-01,4900,6.080000,6.340000,1274.000000,0.042763,38
002633.XSHE,2021-02-25,2021-04-01,5500,6.250000,6.340000,495.000000,0.014400,35
002633.XSHE,2021-03-05,2021-04-01,200,6.310000,6.340000,6.000000,0.004754,27
002633.XSHE,2021-03-10,2021-04-01,100,6.290000,6.340000,5.000000,0.007949,22
002633.XSHE,2021-03-18,2021-04-01,400,6.490000,6.340000,-60.000000,-0.023112,14
002633.XSHE,2021-03-23,2021-04-01,700,6.440000,6.340000,-70.000000,-0.015528,9
600766.XSHG,2021-02-05,2021-04-01,1600,3.540000,4.310000,1232.000000,0.217514,55
600766.XSHG,2021-02-10,2021-04-01,9900,3.150000,4.310000,11484.000000,0.368254,50
600766.XSHG,2021-03-02,2021-04-01,2300,4.820000,4.310000,-1173.000000,-0.105809,30
600766.XSHG,2021-03-05,2021-04-01,100,4.400000,4.310000,-9.000000,-0.020455,27
600766.XSHG,2021-03-10,2021-04-01,2200,4.250000,4.310000,132.000000,0.014118,22
600766.XSHG,2021-03-15,2021-04-01,8300,4.090000,4.310000,1826.000000,0.053790,17
600766.XSHG,2021-03-18,2021-04-01,6500,4.350000,4.310000,-260.000000,-0.009195,14
600766.XSHG,2021-03-18,2021-04-01,700,4.350000,4.310000,-28.000000,-0.009195,14
600766.XSHG,2021-03-23,2021-04-01,1300,5.020000,4.310000,-923.000000,-0.141434,9
600766.XSHG,2021-03-25,2021-04-01,200,4.920000,4.310000,-122.000000,-0.123984,7
600766.XSHG,2021-03-31,2021-04-01,400,4.300000,4.310000,4.000000,0.002326,1
600766.XSHG,2021-03-31,2021-04-01,3100,4.300000,4.310000,31.000000,0.002326,1
300736.XSHE,2021-02-02,2021-04-01,3300,7.150000,7.360000,693.000000,0.029371,58
300736.XSHE,2021-02-05,2021-04-01,4200,6.680000,7.360000,2856.000000,0.101796,55
300736.XSHE,2021-02-10,2021-04-01,4100,6.500000,7.360000,3526.000000,0.132308,50
300736.XSHE,2021-02-22,2021-04-01,4000,7.200000,7.360000,640.000000,0.022222,38
300736.XSHE,2021-02-25,2021-04-01,4000,7.630000,7.360000,-1080.000000,-0.035387,35
300736.XSHE,2021-03-10,2021-04-01,200,7.780000,7.360000,-84.000000,-0.053985,22
300736.XSHE,2021-03-15,2021-04-01,400,7.610000,7.360000,-100.000000,-0.032852,17
300736.XSHE,2021-03-23,2021-04-01,1000,7.770000,7.360000,-410.000000,-0.052767,9
300736.XSHE,2021-03-26,2021-04-01,300,7.390000,7.360000,-9.000000,-0.004060,6
300736.XSHE,2021-03-26,2021-04-01,500,7.390000,7.360000,-15.000000,-0.004060,6
600768.XSHG,2021-02-02,2021-04-01,2200,7.400000,8.240000,1848.000000,0.113514,58
600768.XSHG,2021-02-05,2021-04-01,3900,7.040000,8.240000,4680.000000,0.170455,55
600768.XSHG,2021-02-10,2021-04-01,3500,7.070000,8.240000,4095.000000,0.165488,50
600768.XSHG,2021-02-25,2021-04-01,4400,7.930000,8.240000,1364.000000,0.039092,35
600768.XSHG,2021-03-02,2021-04-01,700,7.860000,8.240000,266.000000,0.048346,30
600768.XSHG,2021-03-10,2021-04-01,200,7.650000,8.240000,118.000000,0.077124,22
600768.XSHG,2021-03-15,2021-04-01,3700,7.770000,8.240000,1739.000000,0.060489,17
600768.XSHG,2021-03-18,2021-04-01,600,7.910000,8.240000,198.000000,0.041719,14
600768.XSHG,2021-03-26,2021-04-01,100,7.820000,8.240000,42.000000,0.053708,6
300478.XSHE,2021-02-02,2021-04-01,1600,7.810000,8.160000,560.000000,0.044814,58
300478.XSHE,2021-02-05,2021-04-01,3800,7.320000,8.160000,3192.000000,0.114754,55
300478.XSHE,2021-02-10,2021-04-01,3700,7.130000,8.160000,3811.000000,0.144460,50
300478.XSHE,2021-02-22,2021-04-01,3300,8.120000,8.160000,132.000000,0.004926,38
300478.XSHE,2021-02-25,2021-04-01,2900,8.910000,8.160000,-2175.000000,-0.084175,35
300478.XSHE,2021-03-02,2021-04-01,1000,8.710000,8.160000,-550.000000,-0.063146,30
300478.XSHE,2021-03-05,2021-04-01,400,8.400000,8.160000,-96.000000,-0.028571,27
300478.XSHE,2021-03-10,2021-04-01,600,8.170000,8.160000,-6.000000,-0.001224,22
300478.XSHE,2021-03-18,2021-04-01,900,8.520000,8.160000,-324.000000,-0.042254,14
300478.XSHE,2021-03-31,2021-04-01,900,8.240000,8.160000,-72.000000,-0.009709,1
600355.XSHG,2021-02-02,2021-04-01,9400,2.020000,2.260000,2256.000000,0.118812,58
600355.XSHG,2021-02-05,2021-04-01,14300,1.910000,2.260000,5005.000000,0.183246,55
600355.XSHG,2021-02-10,2021-04-01,13900,1.880000,2.260000,5282.000000,0.202128,50
600355.XSHG,2021-02-22,2021-04-01,13100,2.110000,2.260000,1965.000000,0.071090,38
600355.XSHG,2021-02-25,2021-04-01,14500,2.210000,2.260000,725.000000,0.022624,35
600355.XSHG,2021-03-02,2021-04-01,2700,2.200000,2.260000,162.000000,0.027273,30
600355.XSHG,2021-03-10,2021-04-01,1200,2.200000,2.260000,72.000000,0.027273,22
600355.XSHG,2021-03-15,2021-04-01,1300,2.150000,2.260000,143.000000,0.051163,17
600355.XSHG,2021-03-18,2021-04-01,100,2.240000,2.260000,2.000000,0.008929,14
600355.XSHG,2021-03-18,2021-04-01,600,2.240000,2.260000,12.000000,0.008929,14
600355.XSHG,2021-03-23,2021-04-01,300,2.270000,2.260000,-3.000000,-0.004405,9
600355.XSHG,2021-03-26,2021-04-01,1600,2.190000,2.260000,112.000000,0.031963,6
600778.XSHG,2021-02-25,2021-04-01,4900,3.560000,3.650000,441.000000,0.025281,35
600778.XSHG,2021-03-02,2021-04-01,300,3.650000,3.650000,0.000000,0.000000,30
600778.XSHG,2021-03-10,2021-04-01,8900,3.570000,3.650000,712.000000,0.022409,22
600778.XSHG,2021-03-10,2021-04-01,100,3.570000,3.650000,8.000000,0.022409,22
600778.XSHG,2021-03-15,2021-04-01,700,3.540000,3.650000,77.000000,0.031073,17
600778.XSHG,2021-03-23,2021-04-01,1700,3.750000,3.650000,-170.000000,-0.026667,9
600520.XSHG,2021-02-02,2021-04-01,4000,6.530000,6.830000,1200.000000,0.045942,58
600520.XSHG,2021-02-05,2021-04-01,200,6.180000,6.830000,130.000000,0.105178,55
600520.XSHG,2021-02-22,2021-04-01,4400,6.630000,6.830000,880.000000,0.030166,38
600520.XSHG,2021-02-25,2021-04-01,4400,6.990000,6.830000,-704.000000,-0.022890,35
600520.XSHG,2021-03-02,2021-04-01,300,7.060000,6.830000,-69.000000,-0.032578,30
600520.XSHG,2021-03-05,2021-04-01,4200,7.100000,6.830000,-1134.000000,-0.038028,27
600520.XSHG,2021-03-15,2021-04-01,4800,6.920000,6.830000,-432.000000,-0.013006,17
600520.XSHG,2021-03-18,2021-04-01,900,7.000000,6.830000,-153.000000,-0.024286,14
600520.XSHG,2021-03-23,2021-04-01,100,7.090000,6.830000,-26.000000,-0.036671,9
000502.XSHE,2021-03-10,2021-04-01,500,5.910000,6.120000,105.000000,0.035533,22
000502.XSHE,2021-03-15,2021-04-01,3000,6.040000,6.120000,240.000000,0.013245,17
000502.XSHE,2021-03-15,2021-04-01,1700,6.040000,6.120000,136.000000,0.013245,17
603029.XSHG,2021-02-25,2021-04-01,1700,11.360000,12.500000,1938.000000,0.100352,35
603029.XSHG,2021-03-02,2021-04-01,2800,11.640000,12.500000,2408.000000,0.073883,30
603029.XSHG,2021-03-05,2021-04-01,2100,11.660000,12.500000,1764.000000,0.072041,27
603029.XSHG,2021-03-10,2021-04-01,1800,11.690000,12.500000,1458.000000,0.069290,22
603029.XSHG,2021-03-15,2021-04-01,1400,11.490000,12.500000,1414.000000,0.087903,17
603029.XSHG,2021-03-18,2021-04-01,100,11.980000,12.500000,52.000000,0.043406,14
603029.XSHG,2021-03-23,2021-04-01,200,12.020000,12.500000,96.000000,0.039933,9
603269.XSHG,2021-03-18,2021-04-01,4500,10.210000,10.260000,225.000000,0.004897,14
603269.XSHG,2021-03-23,2021-04-01,1600,10.550000,10.260000,-464.000000,-0.027488,9
603269.XSHG,2021-03-26,2021-04-01,100,10.320000,10.260000,-6.000000,-0.005814,6
000609.XSHE,2021-03-18,2021-04-01,200,3.890000,3.670000,-44.000000,-0.056555,14
000609.XSHE,2021-03-23,2021-04-01,16700,3.910000,3.670000,-4008.000000,-0.061381,9
000609.XSHE,2021-03-26,2021-04-01,6900,4.110000,3.670000,-3036.000000,-0.107056,6
000609.XSHE,2021-03-29,2021-04-01,100,4.000000,3.670000,-33.000000,-0.082500,3
000609.XSHE,2021-03-31,2021-04-01,10600,3.650000,3.670000,212.000000,0.005479,1
002862.XSHE,2021-03-31,2021-04-01,3300,9.300000,9.590000,957.000000,0.031183,1
600561.XSHG,2021-03-31,2021-04-01,7500,4.030000,4.080000,375.000000,0.012407,1
511880.XSHG,2021-04-01,2021-05-06,15700,100.682000,100.881000,3124.300000,0.001977,35
600355.XSHG,2021-05-10,2021-05-24,5800,2.210000,2.730000,3016.000000,0.235294,14
300736.XSHE,2021-05-10,2021-05-26,1600,7.600000,10.300000,4320.000000,0.355263,16
300736.XSHE,2021-05-10,2021-05-31,2500,7.600000,11.300000,9250.000000,0.486842,21
300736.XSHE,2021-05-13,2021-05-31,1400,7.790000,11.300000,4914.000000,0.450578,18
300478.XSHE,2021-05-10,2021-05-31,300,8.340000,9.150000,243.000000,0.097122,21
600355.XSHG,2021-05-10,2021-05-31,8500,2.210000,2.660000,3825.000000,0.203620,21
600355.XSHG,2021-05-13,2021-05-31,4300,2.280000,2.660000,1634.000000,0.166667,18
300736.XSHE,2021-05-13,2021-06-03,2700,7.790000,11.750000,10692.000000,0.508344,21
300736.XSHE,2021-05-18,2021-06-03,400,8.170000,11.750000,1432.000000,0.438188,16
300478.XSHE,2021-05-10,2021-06-03,400,8.340000,9.450000,444.000000,0.133094,24
600355.XSHG,2021-05-13,2021-06-03,9400,2.280000,2.520000,2256.000000,0.105263,21
600355.XSHG,2021-05-18,2021-06-03,2400,2.280000,2.520000,576.000000,0.105263,16
603269.XSHG,2021-05-10,2021-06-03,200,10.210000,10.730000,104.000000,0.050930,24
600520.XSHG,2021-05-10,2021-06-04,1500,6.740000,7.850000,1665.000000,0.164688,25
300736.XSHE,2021-05-18,2021-06-08,3100,8.170000,12.720000,14105.000000,0.556916,21
600520.XSHG,2021-05-10,2021-06-08,3200,6.740000,7.860000,3584.000000,0.166172,29
600520.XSHG,2021-05-13,2021-06-08,1200,6.970000,7.860000,1068.000000,0.127690,26
600355.XSHG,2021-05-18,2021-06-08,11500,2.280000,2.570000,3335.000000,0.127193,21
600355.XSHG,2021-05-26,2021-06-08,2100,2.590000,2.570000,-42.000000,-0.007722,13
300736.XSHE,2021-05-21,2021-06-11,2800,8.840000,12.070000,9044.000000,0.365385,21
002633.XSHE,2021-05-10,2021-06-11,200,6.800000,7.080000,56.000000,0.041176,32
600768.XSHG,2021-05-10,2021-06-11,600,7.990000,8.880000,534.000000,0.111389,32
300478.XSHE,2021-05-10,2021-06-11,200,8.340000,9.780000,288.000000,0.172662,32
600561.XSHG,2021-05-21,2021-06-11,100,4.060000,4.230000,17.000000,0.041872,21
600778.XSHG,2021-06-08,2021-06-11,300,3.870000,4.100000,69.000000,0.059432,3
002633.XSHE,2021-05-10,2021-06-17,100,6.800000,7.020000,22.000000,0.032353,38
600520.XSHG,2021-05-13,2021-06-17,3200,6.970000,7.800000,2656.000000,0.119082,35
600520.XSHG,2021-05-18,2021-06-17,1400,6.900000,7.800000,1260.000000,0.130435,30
300478.XSHE,2021-05-10,2021-06-17,400,8.340000,9.850000,604.000000,0.181055,38
002633.XSHE,2021-05-10,2021-06-22,600,6.800000,7.270000,282.000000,0.069118,43
600520.XSHG,2021-05-18,2021-06-22,3300,6.900000,8.050000,3795.000000,0.166667,35
600520.XSHG,2021-05-21,2021-06-22,1300,6.940000,8.050000,1443.000000,0.159942,32
603029.XSHG,2021-05-10,2021-06-22,200,12.210000,12.910000,140.000000,0.057330,43
603813.XSHG,2021-05-10,2021-06-22,100,12.860000,13.610000,75.000000,0.058320,43
603269.XSHG,2021-05-10,2021-06-22,100,10.210000,11.020000,81.000000,0.079334,43
603389.XSHG,2021-05-26,2021-06-22,200,4.580000,4.360000,-44.000000,-0.048035,27
600520.XSHG,2021-05-21,2021-06-25,3400,6.940000,8.390000,4930.000000,0.208934,35
600520.XSHG,2021-05-26,2021-06-25,1100,7.080000,8.390000,1441.000000,0.185028,30
603029.XSHG,2021-05-10,2021-06-25,100,12.210000,13.190000,98.000000,0.080262,46
603269.XSHG,2021-05-10,2021-06-25,200,10.210000,11.200000,198.000000,0.096964,46
600561.XSHG,2021-05-21,2021-06-25,400,4.060000,4.250000,76.000000,0.046798,35
603389.XSHG,2021-05-26,2021-06-25,400,4.580000,4.440000,-56.000000,-0.030568,30
603389.XSHG,2021-05-26,2021-06-29,4400,4.580000,5.000000,1848.000000,0.091703,34
002633.XSHE,2021-05-10,2021-06-30,600,6.800000,7.510000,426.000000,0.104412,51
300478.XSHE,2021-05-10,2021-06-30,300,8.340000,9.330000,297.000000,0.118705,51
603389.XSHG,2021-05-26,2021-06-30,2200,4.580000,4.920000,748.000000,0.074236,35
603389.XSHG,2021-05-31,2021-06-30,4400,4.350000,4.920000,2508.000000,0.131034,30
600520.XSHG,2021-05-26,2021-07-01,200,7.080000,8.850000,354.000000,0.250000,36
600778.XSHG,2021-06-08,2021-07-02,4100,3.870000,4.620000,3075.000000,0.193798,24
600520.XSHG,2021-05-26,2021-07-05,3500,7.080000,8.420000,4690.000000,0.189266,40
600520.XSHG,2021-05-31,2021-07-05,200,7.180000,8.420000,248.000000,0.172702,35
600520.XSHG,2021-06-03,2021-07-05,100,7.220000,8.420000,120.000000,0.166205,32
600520.XSHG,2021-06-11,2021-07-05,300,7.830000,8.420000,177.000000,0.075351,24
603389.XSHG,2021-05-31,2021-07-05,3900,4.350000,4.830000,1872.000000,0.110345,35
603389.XSHG,2021-06-03,2021-07-05,2900,4.410000,4.830000,1218.000000,0.095238,32
600768.XSHG,2021-05-10,2021-07-08,100,7.990000,8.930000,94.000000,0.117647,59
300478.XSHE,2021-05-10,2021-07-08,2200,8.340000,10.710000,5214.000000,0.284173,59
300478.XSHE,2021-05-13,2021-07-08,3200,8.990000,10.710000,5504.000000,0.191324,56
603029.XSHG,2021-05-10,2021-07-08,100,12.210000,13.500000,129.000000,0.105651,59
603389.XSHG,2021-06-03,2021-07-08,4700,4.410000,4.950000,2538.000000,0.122449,35
603389.XSHG,2021-06-08,2021-07-08,2400,4.520000,4.950000,1032.000000,0.095133,30
600778.XSHG,2021-06-08,2021-07-08,4500,3.870000,4.490000,2790.000000,0.160207,30
600778.XSHG,2021-06-17,2021-07-08,2200,3.970000,4.490000,1144.000000,0.130982,21
300478.XSHE,2021-05-13,2021-07-13,100,8.990000,10.620000,163.000000,0.181313,61
300478.XSHE,2021-05-18,2021-07-13,3000,8.800000,10.620000,5460.000000,0.206818,56
600778.XSHG,2021-06-17,2021-07-13,6700,3.970000,4.400000,2881.000000,0.108312,26
600778.XSHG,2021-06-22,2021-07-13,700,3.950000,4.400000,315.000000,0.113924,21
603029.XSHG,2021-05-10,2021-07-13,2200,12.210000,15.430000,7084.000000,0.263718,64
603029.XSHG,2021-05-13,2021-07-13,1700,12.310000,15.430000,5304.000000,0.253452,61
002633.XSHE,2021-05-10,2021-07-16,200,6.800000,7.600000,160.000000,0.117647,67
600768.XSHG,2021-05-10,2021-07-16,300,7.990000,8.990000,300.000000,0.125156,67
300478.XSHE,2021-05-18,2021-07-16,700,8.800000,10.770000,1379.000000,0.223864,59
300478.XSHE,2021-05-21,2021-07-16,3100,8.780000,10.770000,6169.000000,0.226651,56
603813.XSHG,2021-05-10,2021-07-16,200,12.860000,13.490000,126.000000,0.048989,67
603269.XSHG,2021-05-10,2021-07-16,300,10.210000,10.840000,189.000000,0.061704,67
600561.XSHG,2021-05-21,2021-07-16,1100,4.060000,4.210000,165.000000,0.036946,56
600778.XSHG,2021-06-22,2021-07-16,8100,3.950000,4.400000,3645.000000,0.113924,24
600778.XSHG,2021-06-25,2021-07-16,800,4.030000,4.400000,296.000000,0.091811,21
603029.XSHG,2021-05-13,2021-07-21,800,12.310000,13.970000,1328.000000,0.134850,69
603029.XSHG,2021-05-18,2021-07-21,2100,12.110000,13.970000,3906.000000,0.153592,64
600561.XSHG,2021-05-21,2021-07-21,600,4.060000,4.230000,102.000000,0.041872,61
600778.XSHG,2021-06-25,2021-07-21,7800,4.030000,4.380000,2730.000000,0.086849,26
600778.XSHG,2021-06-30,2021-07-21,100,4.040000,4.380000,34.000000,0.084158,21
600778.XSHG,2021-07-05,2021-07-21,500,4.510000,4.380000,-65.000000,-0.028825,16
603286.XSHG,2021-06-30,2021-07-21,2500,14.090000,14.560000,1175.000000,0.033357,21
600520.XSHG,2021-07-08,2021-07-21,600,8.000000,8.120000,72.000000,0.015000,13
002633.XSHE,2021-05-10,2021-07-26,300,6.800000,7.370000,171.000000,0.083824,77
600768.XSHG,2021-05-10,2021-07-26,200,7.990000,8.900000,182.000000,0.113892,77
300478.XSHE,2021-05-21,2021-07-26,700,8.780000,10.530000,1225.000000,0.199317,66
300478.XSHE,2021-05-26,2021-07-26,3000,8.780000,10.530000,5250.000000,0.199317,61
600561.XSHG,2021-05-21,2021-07-26,400,4.060000,4.290000,92.000000,0.056650,66
600520.XSHG,2021-07-08,2021-07-26,700,8.000000,8.570000,399.000000,0.071250,18
600561.XSHG,2021-05-21,2021-07-29,1000,4.060000,4.140000,80.000000,0.019704,69
600520.XSHG,2021-07-08,2021-07-29,3300,8.000000,8.190000,627.000000,0.023750,21
600520.XSHG,2021-07-16,2021-07-29,1000,7.640000,8.190000,550.000000,0.071990,13
002633.XSHE,2021-05-10,2021-08-03,400,6.800000,7.250000,180.000000,0.066176,85
600768.XSHG,2021-05-10,2021-08-03,700,7.990000,9.020000,721.000000,0.128911,85
603029.XSHG,2021-05-18,2021-08-03,400,12.110000,14.090000,792.000000,0.163501,77
600520.XSHG,2021-07-16,2021-08-03,4300,7.640000,8.660000,4386.000000,0.133508,18
603029.XSHG,2021-05-18,2021-08-06,300,12.110000,15.790000,1104.000000,0.303881,80
603029.XSHG,2021-05-21,2021-08-06,2700,12.060000,15.790000,10071.000000,0.309287,77
603029.XSHG,2021-05-26,2021-08-06,100,12.240000,15.790000,355.000000,0.290033,72
603389.XSHG,2021-06-08,2021-08-06,300,4.520000,4.750000,69.000000,0.050885,59
600520.XSHG,2021-07-16,2021-08-06,4200,7.640000,8.350000,2982.000000,0.092932,21
002633.XSHE,2021-05-10,2021-08-11,500,6.800000,7.720000,460.000000,0.135294,93
600768.XSHG,2021-05-10,2021-08-11,100,7.990000,9.410000,142.000000,0.177722,93
600455.XSHG,2021-05-10,2021-08-11,100,17.500000,17.810000,31.000000,0.017714,93
002830.XSHE,2021-07-05,2021-08-11,200,9.450000,9.630000,36.000000,0.019048,37
002633.XSHE,2021-05-10,2021-08-16,100,6.800000,7.860000,106.000000,0.155882,98
603029.XSHG,2021-05-26,2021-08-16,2300,12.240000,14.720000,5704.000000,0.202614,82
603813.XSHG,2021-05-10,2021-08-16,100,12.860000,13.260000,40.000000,0.031104,98
603389.XSHG,2021-06-08,2021-08-16,4800,4.520000,4.990000,2256.000000,0.103982,69
603389.XSHG,2021-06-11,2021-08-16,3300,4.410000,4.990000,1914.000000,0.131519,66
603029.XSHG,2021-05-26,2021-08-19,400,12.240000,14.120000,752.000000,0.153595,85
603029.XSHG,2021-05-31,2021-08-19,200,12.360000,14.120000,352.000000,0.142395,80
603029.XSHG,2021-06-03,2021-08-19,100,12.410000,14.120000,171.000000,0.137792,77
603029.XSHG,2021-06-11,2021-08-19,100,12.740000,14.120000,138.000000,0.108320,69
603029.XSHG,2021-07-05,2021-08-19,300,12.840000,14.120000,384.000000,0.099688,45
603029.XSHG,2021-07-16,2021-08-19,1000,13.540000,14.120000,580.000000,0.042836,34
603029.XSHG,2021-07-26,2021-08-19,200,13.470000,14.120000,130.000000,0.048255,24
603029.XSHG,2021-08-11,2021-08-19,300,15.080000,14.120000,-288.000000,-0.063660,8
603269.XSHG,2021-05-10,2021-08-19,200,10.210000,11.060000,170.000000,0.083252,101
600561.XSHG,2021-05-21,2021-08-19,1500,4.060000,4.390000,495.000000,0.081281,90
603389.XSHG,2021-06-11,2021-08-19,5500,4.410000,4.870000,2530.000000,0.104308,69
603389.XSHG,2021-06-11,2021-08-19,200,4.410000,4.870000,92.000000,0.104308,69
603389.XSHG,2021-06-17,2021-08-19,900,4.290000,4.870000,522.000000,0.135198,63
603389.XSHG,2021-07-13,2021-08-19,400,4.890000,4.870000,-8.000000,-0.004090,37
002830.XSHE,2021-07-05,2021-08-19,3500,9.450000,10.000000,1925.000000,0.058201,45
002830.XSHE,2021-07-08,2021-08-19,900,9.690000,10.000000,279.000000,0.031992,42
600455.XSHG,2021-05-10,2021-08-24,100,17.500000,18.550000,105.000000,0.060000,106
603269.XSHG,2021-05-10,2021-08-24,100,10.210000,11.290000,108.000000,0.105779,106
600561.XSHG,2021-05-21,2021-08-24,2800,4.060000,4.650000,1652.000000,0.145320,95
600561.XSHG,2021-05-26,2021-08-24,7100,4.080000,4.650000,4047.000000,0.139706,90
002830.XSHE,2021-07-08,2021-08-24,3000,9.690000,10.000000,930.000000,0.031992,47
002830.XSHE,2021-07-13,2021-08-24,500,9.870000,10.000000,65.000000,0.013171,42
002633.XSHE,2021-05-10,2021-08-27,200,6.800000,8.300000,300.000000,0.220588,109
600561.XSHG,2021-05-26,2021-08-27,1100,4.080000,4.850000,847.000000,0.188725,93
600561.XSHG,2021-05-31,2021-08-27,7500,4.090000,4.850000,5700.000000,0.185819,88
603389.XSHG,2021-07-16,2021-08-27,200,4.700000,5.320000,124.000000,0.131915,42
603389.XSHG,2021-07-21,2021-08-27,7700,4.660000,5.320000,5082.000000,0.141631,37
603389.XSHG,2021-07-26,2021-08-27,500,4.720000,5.320000,300.000000,0.127119,32
002830.XSHE,2021-07-13,2021-08-27,3400,9.870000,10.420000,1870.000000,0.055724,45
002830.XSHE,2021-07-16,2021-08-27,100,9.460000,10.420000,96.000000,0.101480,42
002830.XSHE,2021-07-21,2021-08-27,500,9.410000,10.420000,505.000000,0.107333,37
600778.XSHG,2021-08-19,2021-08-27,100,4.060000,4.280000,22.000000,0.054187,8
300478.XSHE,2021-05-26,2021-09-01,100,8.780000,9.460000,68.000000,0.077449,98
603269.XSHG,2021-05-10,2021-09-01,200,10.210000,11.750000,308.000000,0.150833,114
600561.XSHG,2021-05-31,2021-09-01,1100,4.090000,5.060000,1067.000000,0.237164,93
600561.XSHG,2021-06-03,2021-09-01,7700,4.090000,5.060000,7469.000000,0.237164,90
603389.XSHG,2021-07-26,2021-09-01,7100,4.720000,5.230000,3621.000000,0.108051,37
603389.XSHG,2021-07-29,2021-09-01,200,4.460000,5.230000,154.000000,0.172646,34
002830.XSHE,2021-07-21,2021-09-01,3300,9.410000,10.290000,2904.000000,0.093518,42
002830.XSHE,2021-08-06,2021-09-01,400,9.220000,10.290000,428.000000,0.116052,26
600493.XSHG,2021-08-16,2021-09-01,1000,4.680000,4.970000,290.000000,0.061966,16
600778.XSHG,2021-08-19,2021-09-01,300,4.060000,4.360000,90.000000,0.073892,13
603813.XSHG,2021-05-10,2021-09-06,100,12.860000,14.050000,119.000000,0.092535,119
600561.XSHG,2021-06-03,2021-09-06,900,4.090000,4.990000,810.000000,0.220049,95
600561.XSHG,2021-06-08,2021-09-06,6700,4.130000,4.990000,5762.000000,0.208232,90
002830.XSHE,2021-08-06,2021-09-06,3800,9.220000,10.500000,4864.000000,0.138829,31
002830.XSHE,2021-08-16,2021-09-06,100,9.650000,10.500000,85.000000,0.088083,21
000702.XSHE,2021-07-05,2021-09-06,100,4.780000,4.620000,-16.000000,-0.033473,63
600493.XSHG,2021-08-16,2021-09-06,6800,4.680000,5.080000,2720.000000,0.085470,21
600493.XSHG,2021-08-19,2021-09-06,1500,4.660000,5.080000,630.000000,0.090129,18
600778.XSHG,2021-08-19,2021-09-06,300,4.060000,4.480000,126.000000,0.103448,18
603269.XSHG,2021-05-10,2021-09-09,1800,10.210000,12.400000,3942.000000,0.214496,122
603269.XSHG,2021-05-13,2021-09-09,1800,10.310000,12.400000,3762.000000,0.202716,119
600561.XSHG,2021-06-08,2021-09-09,1800,4.130000,5.460000,2394.000000,0.322034,93
600561.XSHG,2021-06-17,2021-09-09,200,4.140000,5.460000,264.000000,0.318841,84
600561.XSHG,2021-06-22,2021-09-09,100,4.170000,5.460000,129.000000,0.309353,79
600561.XSHG,2021-06-30,2021-09-09,600,4.190000,5.460000,762.000000,0.303103,71
600561.XSHG,2021-07-05,2021-09-09,700,4.130000,5.460000,931.000000,0.322034,66
600561.XSHG,2021-07-08,2021-09-09,900,4.210000,5.460000,1125.000000,0.296912,63
600561.XSHG,2021-07-13,2021-09-09,900,4.230000,5.460000,1107.000000,0.290780,58
600561.XSHG,2021-08-03,2021-09-09,600,4.060000,5.460000,840.000000,0.344828,37
600561.XSHG,2021-08-03,2021-09-09,1800,4.060000,5.460000,2520.000000,0.344828,37
600561.XSHG,2021-08-06,2021-09-09,200,4.100000,5.460000,272.000000,0.331707,34
600561.XSHG,2021-08-16,2021-09-09,300,4.240000,5.460000,366.000000,0.287736,24
600493.XSHG,2021-08-19,2021-09-09,6800,4.660000,5.250000,4012.000000,0.126609,21
600493.XSHG,2021-08-24,2021-09-09,900,4.690000,5.250000,504.000000,0.119403,16
600778.XSHG,2021-08-19,2021-09-09,8500,4.060000,4.880000,6970.000000,0.201970,21
600778.XSHG,2021-08-24,2021-09-09,800,4.120000,4.880000,608.000000,0.184466,16
600768.XSHG,2021-05-10,2021-09-09,400,7.990000,9.680000,676.000000,0.211514,122
603389.XSHG,2021-07-29,2021-09-09,300,4.460000,5.710000,375.000000,0.280269,42
600778.XSHG,2021-08-24,2021-09-13,500,4.120000,5.070000,475.000000,0.230583,20
603269.XSHG,2021-05-13,2021-09-14,1300,10.310000,12.500000,2847.000000,0.212415,124
603269.XSHG,2021-05-18,2021-09-14,2400,10.200000,12.500000,5520.000000,0.225490,119
603389.XSHG,2021-07-29,2021-09-14,500,4.460000,5.750000,645.000000,0.289238,47
603389.XSHG,2021-07-29,2021-09-14,6600,4.460000,5.750000,8514.000000,0.289238,47
603389.XSHG,2021-08-11,2021-09-14,200,4.850000,5.750000,180.000000,0.185567,34
000702.XSHE,2021-07-05,2021-09-14,600,4.780000,4.730000,-30.000000,-0.010460,71
600493.XSHG,2021-08-24,2021-09-14,7500,4.690000,5.400000,5325.000000,0.151386,21
600493.XSHG,2021-08-27,2021-09-14,800,4.800000,5.400000,480.000000,0.125000,18
600778.XSHG,2021-08-24,2021-09-14,8100,4.120000,4.990000,7047.000000,0.211165,21
600455.XSHG,2021-05-10,2021-09-17,400,17.500000,20.280000,1112.000000,0.158857,130
603269.XSHG,2021-05-18,2021-09-17,700,10.200000,12.600000,1680.000000,0.235294,122
603269.XSHG,2021-05-21,2021-09-17,2600,10.250000,12.600000,6110.000000,0.229268,119
000702.XSHE,2021-07-05,2021-09-17,100,4.780000,4.730000,-5.000000,-0.010460,74
600493.XSHG,2021-08-27,2021-09-17,7600,4.800000,5.360000,4256.000000,0.116667,21
002836.XSHE,2021-08-27,2021-09-17,4700,8.310000,8.580000,1269.000000,0.032491,21
600520.XSHG,2021-09-09,2021-09-17,200,8.620000,8.860000,48.000000,0.027842,8
002633.XSHE,2021-05-10,2021-09-24,300,6.800000,7.810000,303.000000,0.148529,137
600455.XSHG,2021-05-10,2021-09-24,100,17.500000,20.200000,270.000000,0.154286,137
603813.XSHG,2021-05-10,2021-09-24,100,12.860000,14.130000,127.000000,0.098756,137
603269.XSHG,2021-05-21,2021-09-24,600,10.250000,12.360000,1266.000000,0.205854,126
603269.XSHG,2021-05-26,2021-09-24,2600,10.430000,12.360000,5018.000000,0.185043,121
000702.XSHE,2021-07-05,2021-09-24,100,4.780000,4.690000,-9.000000,-0.018828,81
002836.XSHE,2021-09-01,2021-09-24,4700,8.330000,8.540000,987.000000,0.025210,23
002836.XSHE,2021-09-09,2021-09-24,100,8.700000,8.540000,-16.000000,-0.018391,15
600768.XSHG,2021-05-10,2021-09-29,100,7.990000,8.380000,39.000000,0.048811,142
603269.XSHG,2021-05-26,2021-09-29,700,10.430000,11.460000,721.000000,0.098754,126
603269.XSHG,2021-05-31,2021-09-29,300,10.470000,11.460000,297.000000,0.094556,121
603269.XSHG,2021-06-08,2021-09-29,100,10.750000,11.460000,71.000000,0.066047,113
603269.XSHG,2021-06-11,2021-09-29,100,10.910000,11.460000,55.000000,0.050412,110
603269.XSHG,2021-06-30,2021-09-29,800,10.640000,11.460000,656.000000,0.077068,91
603269.XSHG,2021-07-08,2021-09-29,300,10.860000,11.460000,180.000000,0.055249,83
603269.XSHG,2021-07-13,2021-09-29,400,10.900000,11.460000,224.000000,0.051376,78
603269.XSHG,2021-07-29,2021-09-29,100,10.050000,11.460000,141.000000,0.140299,62
603269.XSHG,2021-08-06,2021-09-29,100,10.520000,11.460000,94.000000,0.089354,54
603269.XSHG,2021-08-11,2021-09-29,100,10.760000,11.460000,70.000000,0.065056,49
603269.XSHG,2021-08-27,2021-09-29,100,11.540000,11.460000,-8.000000,-0.006932,33
603269.XSHG,2021-09-06,2021-09-29,100,11.660000,11.460000,-20.000000,-0.017153,23
603269.XSHG,2021-09-06,2021-09-29,100,11.660000,11.460000,-20.000000,-0.017153,23
000702.XSHE,2021-07-05,2021-09-29,1200,4.780000,4.460000,-384.000000,-0.066946,86
603709.XSHG,2021-09-01,2021-09-29,2400,16.310000,15.990000,-768.000000,-0.019620,28
603709.XSHG,2021-09-06,2021-09-29,300,16.640000,15.990000,-195.000000,-0.039062,23
002633.XSHE,2021-05-10,2021-10-11,400,6.800000,7.630000,332.000000,0.122059,154
600455.XSHG,2021-05-10,2021-10-11,300,17.500000,20.340000,852.000000,0.162286,154
603813.XSHG,2021-05-10,2021-10-11,100,12.860000,13.900000,104.000000,0.080871,154
000702.XSHE,2021-07-05,2021-10-11,100,4.780000,4.720000,-6.000000,-0.012552,98
002417.XSHE,2021-08-27,2021-10-11,1000,4.880000,4.710000,-170.000000,-0.034836,45
603813.XSHG,2021-05-10,2021-10-14,500,12.860000,14.200000,670.000000,0.104199,157
000702.XSHE,2021-07-05,2021-10-14,400,4.780000,4.710000,-28.000000,-0.014644,101
002417.XSHE,2021-08-27,2021-10-14,700,4.880000,4.730000,-105.000000,-0.030738,48
600768.XSHG,2021-05-10,2021-10-19,200,7.990000,8.520000,106.000000,0.066333,162
300478.XSHE,2021-05-26,2021-10-19,700,8.780000,8.740000,-28.000000,-0.004556,146
603709.XSHG,2021-09-06,2021-10-19,2000,16.640000,15.950000,-1380.000000,-0.041466,43
603709.XSHG,2021-09-09,2021-10-19,400,16.850000,15.950000,-360.000000,-0.053412,40
603286.XSHG,2021-09-17,2021-10-19,2500,15.680000,15.350000,-825.000000,-0.021046,32
600768.XSHG,2021-05-10,2021-10-22,300,7.990000,8.370000,114.000000,0.047559,165
300478.XSHE,2021-05-26,2021-10-22,200,8.780000,8.550000,-46.000000,-0.026196,149
000702.XSHE,2021-07-05,2021-10-22,400,4.780000,4.600000,-72.000000,-0.037657,109
603709.XSHG,2021-09-09,2021-10-22,2300,16.850000,15.760000,-2507.000000,-0.064688,43
603709.XSHG,2021-09-14,2021-10-22,200,16.940000,15.760000,-236.000000,-0.069658,38
002836.XSHE,2021-09-29,2021-10-22,200,7.840000,8.350000,102.000000,0.065051,23
002633.XSHE,2021-05-10,2021-10-27,300,6.800000,7.150000,105.000000,0.051471,170
600768.XSHG,2021-05-10,2021-10-27,100,7.990000,8.180000,19.000000,0.023780,170
300478.XSHE,2021-05-26,2021-10-27,200,8.780000,8.540000,-48.000000,-0.027335,154
300478.XSHE,2021-06-08,2021-10-27,200,9.430000,8.540000,-178.000000,-0.094380,141
300478.XSHE,2021-06-22,2021-10-27,200,9.320000,8.540000,-156.000000,-0.083691,127
002417.XSHE,2021-08-27,2021-10-27,100,4.880000,4.330000,-55.000000,-0.112705,61
603709.XSHG,2021-09-14,2021-10-27,100,16.940000,15.560000,-138.000000,-0.081464,43
603029.XSHG,2021-09-06,2021-10-27,100,14.190000,12.310000,-188.000000,-0.132488,51
002836.XSHE,2021-09-29,2021-10-27,4300,7.840000,8.110000,1161.000000,0.034439,28
002836.XSHE,2021-10-11,2021-10-27,200,8.300000,8.110000,-38.000000,-0.022892,16
600455.XSHG,2021-05-10,2021-11-01,100,17.500000,18.350000,85.000000,0.048571,175
603709.XSHG,2021-09-14,2021-11-01,1900,16.940000,15.020000,-3648.000000,-0.113341,48
603709.XSHG,2021-09-17,2021-11-01,300,16.830000,15.020000,-543.000000,-0.107546,45
300478.XSHE,2021-06-22,2021-11-01,900,9.320000,9.750000,387.000000,0.046137,132
300478.XSHE,2021-06-25,2021-11-01,500,9.140000,9.750000,305.000000,0.066740,129
300478.XSHE,2021-07-05,2021-11-01,200,9.230000,9.750000,104.000000,0.056338,119
300478.XSHE,2021-07-21,2021-11-01,300,10.000000,9.750000,-75.000000,-0.025000,103
300478.XSHE,2021-07-29,2021-11-01,100,9.450000,9.750000,30.000000,0.031746,95
300478.XSHE,2021-08-03,2021-11-01,1200,9.300000,9.750000,540.000000,0.048387,90
300478.XSHE,2021-08-03,2021-11-01,2700,9.300000,9.750000,1215.000000,0.048387,90
600455.XSHG,2021-05-10,2021-11-02,700,17.500000,19.500000,1400.000000,0.114286,176
300478.XSHE,2021-08-03,2021-11-04,100,9.300000,9.460000,16.000000,0.017204,93
300478.XSHE,2021-08-06,2021-11-04,100,9.160000,9.460000,30.000000,0.032751,90
300478.XSHE,2021-08-06,2021-11-04,3300,9.160000,9.460000,990.000000,0.032751,90
603709.XSHG,2021-09-17,2021-11-04,2200,16.830000,15.210000,-3564.000000,-0.096257,48
603709.XSHG,2021-10-11,2021-11-04,300,16.110000,15.210000,-270.000000,-0.055866,24
600520.XSHG,2021-09-09,2021-11-04,300,8.620000,7.550000,-321.000000,-0.124130,56
600455.XSHG,2021-05-13,2021-11-04,1700,18.050000,20.910000,4862.000000,0.158449,175
600455.XSHG,2021-05-18,2021-11-04,500,17.430000,20.910000,1740.000000,0.199656,170
600768.XSHG,2021-05-10,2021-11-09,300,7.990000,8.430000,132.000000,0.055069,183
600455.XSHG,2021-05-18,2021-11-09,1400,17.430000,20.530000,4340.000000,0.177854,175
600455.XSHG,2021-05-21,2021-11-09,200,17.590000,20.530000,588.000000,0.167140,172
000702.XSHE,2021-07-05,2021-11-09,500,4.780000,4.600000,-90.000000,-0.037657,127
002417.XSHE,2021-08-27,2021-11-09,100,4.880000,4.370000,-51.000000,-0.104508,74
603029.XSHG,2021-09-06,2021-11-09,300,14.190000,12.660000,-459.000000,-0.107822,64
600520.XSHG,2021-09-09,2021-11-09,2500,8.620000,7.850000,-1925.000000,-0.089327,61
600520.XSHG,2021-09-14,2021-11-09,3000,8.630000,7.850000,-2340.000000,-0.090382,56
002209.XSHE,2021-10-19,2021-11-09,200,6.450000,5.940000,-102.000000,-0.079070,21
002633.XSHE,2021-05-10,2021-11-12,400,6.800000,7.480000,272.000000,0.100000,186
600455.XSHG,2021-05-21,2021-11-12,1700,17.590000,20.750000,5372.000000,0.179648,175
600455.XSHG,2021-05-26,2021-11-12,200,17.880000,20.750000,574.000000,0.160515,170
002417.XSHE,2021-08-27,2021-11-12,1500,4.880000,4.630000,-375.000000,-0.051230,77
600520.XSHG,2021-09-14,2021-11-12,3400,8.630000,8.050000,-1972.000000,-0.067207,59
600520.XSHG,2021-09-24,2021-11-12,1500,8.450000,8.050000,-600.000000,-0.047337,49
603389.XSHG,2021-11-04,2021-11-12,100,4.610000,4.960000,35.000000,0.075922,8
603389.XSHG,2021-11-09,2021-11-12,100,4.660000,4.960000,30.000000,0.064378,3
600455.XSHG,2021-05-26,2021-11-17,1700,17.880000,21.320000,5848.000000,0.192394,175
600455.XSHG,2021-05-31,2021-11-17,100,18.060000,21.320000,326.000000,0.180509,170
600455.XSHG,2021-06-08,2021-11-17,100,18.300000,21.320000,302.000000,0.165027,162
000702.XSHE,2021-07-05,2021-11-17,200,4.780000,4.780000,0.000000,0.000000,135
002417.XSHE,2021-08-27,2021-11-17,500,4.880000,4.790000,-45.000000,-0.018443,82
600520.XSHG,2021-09-24,2021-11-17,3500,8.450000,8.430000,-70.000000,-0.002367,54
600520.XSHG,2021-09-29,2021-11-17,1600,7.690000,8.430000,1184.000000,0.096229,49
600768.XSHG,2021-05-10,2021-11-22,400,7.990000,8.970000,392.000000,0.122653,196
600455.XSHG,2021-06-25,2021-11-22,300,18.120000,21.700000,1074.000000,0.197572,150
600455.XSHG,2021-06-30,2021-11-22,200,17.890000,21.700000,762.000000,0.212968,145
600455.XSHG,2021-07-05,2021-11-22,100,17.670000,21.700000,403.000000,0.228070,140
600455.XSHG,2021-07-08,2021-11-22,200,18.040000,21.700000,732.000000,0.202882,137
600455.XSHG,2021-07-26,2021-11-22,100,17.590000,21.700000,411.000000,0.233655,119
600455.XSHG,2021-08-03,2021-11-22,100,17.070000,21.700000,463.000000,0.271236,111
600455.XSHG,2021-08-06,2021-11-22,200,17.100000,21.700000,920.000000,0.269006,108
600455.XSHG,2021-09-09,2021-11-22,100,19.780000,21.700000,192.000000,0.097068,74
600455.XSHG,2021-10-14,2021-11-22,100,19.690000,21.700000,201.000000,0.102082,39
600455.XSHG,2021-10-19,2021-11-22,200,19.240000,21.700000,492.000000,0.127859,34
600455.XSHG,2021-10-22,2021-11-22,200,18.370000,21.700000,666.000000,0.181274,31
600455.XSHG,2021-10-27,2021-11-22,100,17.620000,21.700000,408.000000,0.231555,26
002417.XSHE,2021-08-27,2021-11-22,4100,4.880000,4.980000,410.000000,0.020492,87
002417.XSHE,2021-09-01,2021-11-22,4900,4.780000,4.980000,980.000000,0.041841,82
600520.XSHG,2021-09-29,2021-11-22,3500,7.690000,8.650000,3360.000000,0.124837,54
600520.XSHG,2021-10-14,2021-11-22,200,7.950000,8.650000,140.000000,0.088050,39
600520.XSHG,2021-10-19,2021-11-22,1100,7.860000,8.650000,869.000000,0.100509,34
002830.XSHE,2021-11-04,2021-11-22,4000,8.970000,9.680000,2840.000000,0.079153,18
002633.XSHE,2021-05-13,2021-11-25,200,6.810000,7.830000,204.000000,0.149780,196
600768.XSHG,2021-05-10,2021-11-25,100,7.990000,9.430000,144.000000,0.180225,199
600768.XSHG,2021-05-13,2021-11-25,700,8.240000,9.430000,833.000000,0.144417,196
300478.XSHE,2021-08-06,2021-11-25,300,9.160000,10.320000,348.000000,0.126638,111
000702.XSHE,2021-07-05,2021-11-25,600,4.780000,4.950000,102.000000,0.035565,143
600520.XSHG,2021-10-19,2021-11-25,4000,7.860000,8.870000,4040.000000,0.128499,37
600520.XSHG,2021-10-22,2021-11-25,200,7.560000,8.870000,262.000000,0.173280,34
600520.XSHG,2021-10-27,2021-11-25,100,7.330000,8.870000,154.000000,0.210095,29
600520.XSHG,2021-11-01,2021-11-25,500,7.300000,8.870000,785.000000,0.215068,24
603389.XSHG,2021-11-09,2021-11-25,8000,4.660000,5.280000,4960.000000,0.133047,16
002633.XSHE,2021-05-13,2021-11-30,200,6.810000,7.720000,182.000000,0.133627,201
600768.XSHG,2021-05-13,2021-11-30,500,8.240000,9.460000,610.000000,0.148058,201
300478.XSHE,2021-08-06,2021-11-30,500,9.160000,10.030000,435.000000,0.094978,116
300478.XSHE,2021-08-16,2021-11-30,200,9.540000,10.030000,98.000000,0.051363,106
300478.XSHE,2021-08-16,2021-11-30,3200,9.540000,10.030000,1568.000000,0.051363,106
002205.XSHE,2021-11-17,2021-11-30,400,6.910000,7.200000,116.000000,0.041968,13
002633.XSHE,2021-05-13,2021-12-03,200,6.810000,7.950000,228.000000,0.167401,204
300478.XSHE,2021-08-16,2021-12-03,600,9.540000,10.790000,750.000000,0.131027,109
300478.XSHE,2021-08-19,2021-12-03,3900,9.150000,10.790000,6396.000000,0.179235,106
603813.XSHG,2021-05-10,2021-12-03,200,12.860000,14.200000,268.000000,0.104199,207
002209.XSHE,2021-10-19,2021-12-03,300,6.450000,6.370000,-24.000000,-0.012403,45
002830.XSHE,2021-11-04,2021-12-03,2500,8.970000,9.920000,2375.000000,0.105909,29
002830.XSHE,2021-11-09,2021-12-03,1800,9.160000,9.920000,1368.000000,0.082969,24
600561.XSHG,2021-11-22,2021-12-03,200,4.560000,4.750000,38.000000,0.041667,11
300478.XSHE,2021-08-19,2021-12-08,800,9.150000,10.260000,888.000000,0.121311,111
300478.XSHE,2021-08-24,2021-12-08,100,9.310000,10.260000,95.000000,0.102041,106
300478.XSHE,2021-08-27,2021-12-08,400,9.400000,10.260000,344.000000,0.091489,103
300478.XSHE,2021-09-09,2021-12-08,500,9.720000,10.260000,270.000000,0.055556,90
300478.XSHE,2021-09-14,2021-12-08,100,9.250000,10.260000,101.000000,0.109189,85
300478.XSHE,2021-09-14,2021-12-08,500,9.250000,10.260000,505.000000,0.109189,85
300478.XSHE,2021-09-17,2021-12-08,300,9.120000,10.260000,342.000000,0.125000,82
300478.XSHE,2021-09-29,2021-12-08,100,8.260000,10.260000,200.000000,0.242131,70
300478.XSHE,2021-09-29,2021-12-08,100,8.260000,10.260000,200.000000,0.242131,70
300478.XSHE,2021-10-14,2021-12-08,400,8.450000,10.260000,724.000000,0.214201,55
300478.XSHE,2021-11-09,2021-12-08,500,9.200000,10.260000,530.000000,0.115217,29
002417.XSHE,2021-09-01,2021-12-08,500,4.780000,4.760000,-10.000000,-0.004184,98
002830.XSHE,2021-11-09,2021-12-08,4200,9.160000,9.880000,3024.000000,0.078603,29
002830.XSHE,2021-11-12,2021-12-08,200,9.360000,9.880000,104.000000,0.055556,26
002205.XSHE,2021-11-17,2021-12-08,5400,6.910000,7.090000,972.000000,0.026049,21
002205.XSHE,2021-11-22,2021-12-08,1000,7.000000,7.090000,90.000000,0.012857,16
300478.XSHE,2021-11-12,2021-12-13,100,9.280000,10.520000,124.000000,0.133621,31
300478.XSHE,2021-11-22,2021-12-13,400,9.900000,10.520000,248.000000,0.062626,21
300478.XSHE,2021-11-22,2021-12-13,3500,9.900000,10.520000,2170.000000,0.062626,21
603813.XSHG,2021-05-10,2021-12-13,900,12.860000,14.980000,1908.000000,0.164852,217
002209.XSHE,2021-10-19,2021-12-13,300,6.450000,6.490000,12.000000,0.006202,55
002205.XSHE,2021-11-22,2021-12-13,4900,7.000000,7.850000,4165.000000,0.121429,21
002205.XSHE,2021-11-25,2021-12-13,1600,7.110000,7.850000,1184.000000,0.104079,18
600561.XSHG,2021-11-22,2021-12-13,8600,4.560000,4.780000,1892.000000,0.048246,21
603813.XSHG,2021-05-10,2021-12-14,100,12.860000,16.260000,340.000000,0.264386,218
603813.XSHG,2021-05-13,2021-12-14,800,12.880000,16.260000,2704.000000,0.262422,215
603813.XSHG,2021-05-13,2021-12-16,1700,12.880000,15.570000,4573.000000,0.208851,217
603813.XSHG,2021-05-18,2021-12-16,500,13.180000,15.570000,1195.000000,0.181335,212
002417.XSHE,2021-09-01,2021-12-16,300,4.780000,4.840000,18.000000,0.012552,106
002830.XSHE,2021-11-12,2021-12-16,4100,9.360000,10.810000,5945.000000,0.154915,34
002830.XSHE,2021-11-17,2021-12-16,600,9.570000,10.810000,744.000000,0.129572,29
002205.XSHE,2021-11-25,2021-12-16,4200,7.110000,7.630000,2184.000000,0.073136,21
002205.XSHE,2021-12-03,2021-12-16,1000,7.030000,7.630000,600.000000,0.085349,13
603813.XSHG,2021-05-18,2021-12-21,1800,13.180000,17.380000,7560.000000,0.318665,217
603813.XSHG,2021-05-21,2021-12-21,1500,13.020000,17.380000,6540.000000,0.334869,214
002417.XSHE,2021-09-01,2021-12-21,500,4.780000,5.060000,140.000000,0.058577,111
002830.XSHE,2021-11-17,2021-12-21,3600,9.570000,10.520000,3420.000000,0.099269,34
002830.XSHE,2021-12-13,2021-12-21,100,10.040000,10.520000,48.000000,0.047809,8
600561.XSHG,2021-11-22,2021-12-21,100,4.560000,5.040000,48.000000,0.105263,29
600778.XSHG,2021-11-30,2021-12-21,200,4.100000,4.460000,72.000000,0.087805,21
002633.XSHE,2021-05-13,2021-12-24,200,6.810000,8.130000,264.000000,0.193833,225
603813.XSHG,2021-05-21,2021-12-24,1200,13.020000,17.910000,5868.000000,0.375576,217
603813.XSHG,2021-05-26,2021-12-24,1500,13.240000,17.910000,7005.000000,0.352719,212
000702.XSHE,2021-07-05,2021-12-24,700,4.780000,4.900000,84.000000,0.025105,172
002209.XSHE,2021-10-19,2021-12-24,200,6.450000,6.660000,42.000000,0.032558,66
002205.XSHE,2021-12-03,2021-12-24,5600,7.030000,7.870000,4704.000000,0.119488,21
600778.XSHG,2021-11-30,2021-12-24,9700,4.100000,4.450000,3395.000000,0.085366,24
600778.XSHG,2021-12-03,2021-12-27,2200,4.230000,4.700000,1034.000000,0.111111,24
002633.XSHE,2021-05-13,2021-12-29,200,6.810000,8.320000,302.000000,0.221733,230
603813.XSHG,2021-05-26,2021-12-29,1000,13.240000,17.560000,4320.000000,0.326284,217
603813.XSHG,2021-05-31,2021-12-29,100,13.450000,17.560000,411.000000,0.305576,212
603813.XSHG,2021-06-08,2021-12-29,300,13.430000,17.560000,1239.000000,0.307520,204
603813.XSHG,2021-06-11,2021-12-29,200,13.520000,17.560000,808.000000,0.298817,201
603813.XSHG,2021-06-30,2021-12-29,300,13.350000,17.560000,1263.000000,0.315356,182
603813.XSHG,2021-07-08,2021-12-29,300,13.620000,17.560000,1182.000000,0.289280,174
603813.XSHG,2021-07-13,2021-12-29,200,13.660000,17.560000,780.000000,0.285505,169
000702.XSHE,2021-07-05,2021-12-29,300,4.780000,5.020000,72.000000,0.050209,177
002209.XSHE,2021-10-19,2021-12-29,500,6.450000,6.890000,220.000000,0.068217,71
603709.XSHG,2021-11-09,2021-12-29,2200,15.270000,17.250000,4356.000000,0.129666,50
603709.XSHG,2021-11-12,2021-12-29,400,15.630000,17.250000,648.000000,0.103647,47
600561.XSHG,2021-11-22,2021-12-29,100,4.560000,5.030000,47.000000,0.103070,37
600561.XSHG,2021-12-08,2021-12-29,8700,4.660000,5.030000,3219.000000,0.079399,21
600778.XSHG,2021-12-03,2021-12-29,7600,4.230000,4.610000,2888.000000,0.089835,26
600778.XSHG,2021-12-08,2021-12-29,700,4.210000,4.610000,280.000000,0.095012,21
002633.XSHE,2021-05-13,2022-01-04,3700,6.810000,8.560000,6475.000000,0.256975,236
002633.XSHE,2021-05-18,2022-01-04,4800,6.780000,8.560000,8544.000000,0.262537,231
002633.XSHE,2021-05-21,2022-01-04,4800,6.800000,8.560000,8448.000000,0.258824,228
002633.XSHE,2021-05-26,2022-01-04,5500,6.750000,8.560000,9955.000000,0.268148,223
002633.XSHE,2021-06-03,2022-01-04,100,6.940000,8.560000,162.000000,0.233429,215
002633.XSHE,2021-06-08,2022-01-04,600,6.890000,8.560000,1002.000000,0.242380,210
002633.XSHE,2021-07-05,2022-01-04,700,7.280000,8.560000,896.000000,0.175824,183
002633.XSHE,2021-07-13,2022-01-04,100,7.690000,8.560000,87.000000,0.113134,175
002633.XSHE,2021-07-21,2022-01-04,900,7.220000,8.560000,1206.000000,0.185596,167
002633.XSHE,2021-07-29,2022-01-04,300,6.840000,8.560000,516.000000,0.251462,159
002633.XSHE,2021-09-01,2022-01-04,600,8.040000,8.560000,312.000000,0.064677,125
002633.XSHE,2021-09-06,2022-01-04,400,7.990000,8.560000,228.000000,0.071339,120
002633.XSHE,2021-09-09,2022-01-04,1000,8.020000,8.560000,540.000000,0.067332,117
002633.XSHE,2021-09-14,2022-01-04,200,7.800000,8.560000,152.000000,0.097436,112
002633.XSHE,2021-09-29,2022-01-04,400,7.090000,8.560000,588.000000,0.207334,97
002633.XSHE,2021-10-22,2022-01-04,100,7.220000,8.560000,134.000000,0.185596,74
002633.XSHE,2021-11-04,2022-01-04,1000,7.080000,8.560000,1480.000000,0.209040,61
002633.XSHE,2021-11-09,2022-01-04,100,7.180000,8.560000,138.000000,0.192201,56
002633.XSHE,2021-11-17,2022-01-04,500,7.480000,8.560000,540.000000,0.144385,48
002633.XSHE,2021-11-22,2022-01-04,100,7.620000,8.560000,94.000000,0.123360,43
002633.XSHE,2021-12-08,2022-01-04,100,7.720000,8.560000,84.000000,0.108808,27
002633.XSHE,2021-12-13,2022-01-04,400,7.850000,8.560000,284.000000,0.090446,22
002633.XSHE,2021-12-16,2022-01-04,100,7.920000,8.560000,64.000000,0.080808,19
002633.XSHE,2021-12-21,2022-01-04,500,8.030000,8.560000,265.000000,0.066002,14
600768.XSHG,2021-05-13,2022-01-04,2600,8.240000,9.560000,3432.000000,0.160194,236
600768.XSHG,2021-05-18,2022-01-04,4000,8.120000,9.560000,5760.000000,0.177340,231
600768.XSHG,2021-05-21,2022-01-04,4200,8.080000,9.560000,6216.000000,0.183168,228
600768.XSHG,2021-05-26,2022-01-04,4100,8.220000,9.560000,5494.000000,0.163017,223
600768.XSHG,2021-06-03,2022-01-04,200,8.420000,9.560000,228.000000,0.135392,215
600768.XSHG,2021-06-08,2022-01-04,300,8.410000,9.560000,345.000000,0.136742,210
600768.XSHG,2021-06-22,2022-01-04,300,8.670000,9.560000,267.000000,0.102653,196
600768.XSHG,2021-06-30,2022-01-04,600,8.500000,9.560000,636.000000,0.124706,188
600768.XSHG,2021-07-21,2022-01-04,400,8.730000,9.560000,332.000000,0.095074,167
600768.XSHG,2021-08-06,2022-01-04,100,9.060000,9.560000,50.000000,0.055188,151
600768.XSHG,2021-08-19,2022-01-04,100,9.400000,9.560000,16.000000,0.017021,138
600768.XSHG,2021-08-24,2022-01-04,200,9.400000,9.560000,32.000000,0.017021,133
600768.XSHG,2021-08-27,2022-01-04,200,9.480000,9.560000,16.000000,0.008439,130
600768.XSHG,2021-08-27,2022-01-04,400,9.480000,9.560000,32.000000,0.008439,130
600768.XSHG,2021-09-01,2022-01-04,700,9.150000,9.560000,287.000000,0.044809,125
600768.XSHG,2021-09-06,2022-01-04,200,9.180000,9.560000,76.000000,0.041394,120
600768.XSHG,2021-09-14,2022-01-04,600,9.300000,9.560000,156.000000,0.027957,112
600768.XSHG,2021-09-17,2022-01-04,300,9.160000,9.560000,120.000000,0.043668,109
600768.XSHG,2021-09-24,2022-01-04,200,8.980000,9.560000,116.000000,0.064588,102
600768.XSHG,2021-10-11,2022-01-04,300,8.660000,9.560000,270.000000,0.103926,85
600768.XSHG,2021-10-11,2022-01-04,100,8.660000,9.560000,90.000000,0.103926,85
600768.XSHG,2021-10-14,2022-01-04,200,8.410000,9.560000,230.000000,0.136742,82
600768.XSHG,2021-10-14,2022-01-04,100,8.410000,9.560000,115.000000,0.136742,82
600768.XSHG,2021-11-04,2022-01-04,700,8.160000,9.560000,980.000000,0.171569,61
600768.XSHG,2021-11-12,2022-01-04,300,8.500000,9.560000,318.000000,0.124706,53
600768.XSHG,2021-11-17,2022-01-04,200,8.600000,9.560000,192.000000,0.111628,48
600768.XSHG,2021-12-03,2022-01-04,100,9.340000,9.560000,22.000000,0.023555,32
600768.XSHG,2021-12-03,2022-01-04,500,9.340000,9.560000,110.000000,0.023555,32
600768.XSHG,2021-12-08,2022-01-04,100,9.110000,9.560000,45.000000,0.049396,27
600768.XSHG,2021-12-13,2022-01-04,900,9.080000,9.560000,432.000000,0.052863,22
600768.XSHG,2021-12-16,2022-01-04,300,9.040000,9.560000,156.000000,0.057522,19
600768.XSHG,2021-12-21,2022-01-04,300,9.230000,9.560000,99.000000,0.035753,14
600768.XSHG,2021-12-24,2022-01-04,300,9.060000,9.560000,150.000000,0.055188,11
600768.XSHG,2021-12-24,2022-01-04,200,9.060000,9.560000,100.000000,0.055188,11
603813.XSHG,2021-07-13,2022-01-04,100,13.660000,16.860000,320.000000,0.234261,175
603813.XSHG,2021-07-26,2022-01-04,300,13.060000,16.860000,1140.000000,0.290965,162
603813.XSHG,2021-07-29,2022-01-04,100,12.250000,16.860000,461.000000,0.376327,159
603813.XSHG,2021-08-03,2022-01-04,300,12.430000,16.860000,1329.000000,0.356396,154
603813.XSHG,2021-08-11,2022-01-04,100,12.900000,16.860000,396.000000,0.306977,146
603813.XSHG,2021-08-19,2022-01-04,100,13.050000,16.860000,381.000000,0.291954,138
603813.XSHG,2021-09-09,2022-01-04,100,14.420000,16.860000,244.000000,0.169209,117
603813.XSHG,2021-10-27,2022-01-04,500,12.720000,16.860000,2070.000000,0.325472,69
603813.XSHG,2021-10-27,2022-01-04,100,12.720000,16.860000,414.000000,0.325472,69
603813.XSHG,2021-11-01,2022-01-04,100,12.820000,16.860000,404.000000,0.315133,64
603813.XSHG,2021-11-22,2022-01-04,100,14.110000,16.860000,275.000000,0.194897,43
603813.XSHG,2021-11-25,2022-01-04,300,14.050000,16.860000,843.000000,0.200000,40
603813.XSHG,2021-11-30,2022-01-04,200,13.610000,16.860000,650.000000,0.238795,35
603813.XSHG,2021-12-08,2022-01-04,200,13.530000,16.860000,666.000000,0.246120,27
000702.XSHE,2021-07-05,2022-01-04,2100,4.780000,5.000000,462.000000,0.046025,183
000702.XSHE,2021-07-08,2022-01-04,7600,4.900000,5.000000,760.000000,0.020408,180
000702.XSHE,2021-07-13,2022-01-04,2600,4.890000,5.000000,286.000000,0.022495,175
000702.XSHE,2021-07-16,2022-01-04,14500,4.560000,5.000000,6380.000000,0.096491,172
000702.XSHE,2021-07-21,2022-01-04,8000,4.520000,5.000000,3840.000000,0.106195,167
000702.XSHE,2021-07-26,2022-01-04,200,4.460000,5.000000,108.000000,0.121076,162
000702.XSHE,2021-07-26,2022-01-04,600,4.460000,5.000000,324.000000,0.121076,162
000702.XSHE,2021-07-29,2022-01-04,300,4.170000,5.000000,249.000000,0.199041,159
000702.XSHE,2021-08-06,2022-01-04,500,4.340000,5.000000,330.000000,0.152074,151
000702.XSHE,2021-08-11,2022-01-04,100,4.460000,5.000000,54.000000,0.121076,146
000702.XSHE,2021-08-16,2022-01-04,300,4.480000,5.000000,156.000000,0.116071,141
000702.XSHE,2021-08-19,2022-01-04,300,4.440000,5.000000,168.000000,0.126126,138
000702.XSHE,2021-08-24,2022-01-04,700,4.450000,5.000000,385.000000,0.123596,133
000702.XSHE,2021-08-27,2022-01-04,200,4.560000,5.000000,88.000000,0.096491,130
000702.XSHE,2021-09-01,2022-01-04,100,4.550000,5.000000,45.000000,0.098901,125
000702.XSHE,2021-09-09,2022-01-04,500,4.750000,5.000000,125.000000,0.052632,117
000702.XSHE,2021-10-27,2022-01-04,100,4.430000,5.000000,57.000000,0.128668,69
000702.XSHE,2021-11-01,2022-01-04,100,4.380000,5.000000,62.000000,0.141553,64
000702.XSHE,2021-11-01,2022-01-04,100,4.380000,5.000000,62.000000,0.141553,64
000702.XSHE,2021-11-04,2022-01-04,1100,4.460000,5.000000,594.000000,0.121076,61
000702.XSHE,2021-11-12,2022-01-04,500,4.650000,5.000000,175.000000,0.075269,53
000702.XSHE,2021-11-22,2022-01-04,600,4.800000,5.000000,120.000000,0.041667,43
000702.XSHE,2021-11-30,2022-01-04,900,4.740000,5.000000,234.000000,0.054852,35
000702.XSHE,2021-12-03,2022-01-04,600,4.790000,5.000000,126.000000,0.043841,32
000702.XSHE,2021-12-08,2022-01-04,300,4.640000,5.000000,108.000000,0.077586,27
000702.XSHE,2021-12-13,2022-01-04,800,4.720000,5.000000,224.000000,0.059322,22
000702.XSHE,2021-12-16,2022-01-04,600,4.700000,5.000000,180.000000,0.063830,19
000702.XSHE,2021-12-21,2022-01-04,400,4.810000,5.000000,76.000000,0.039501,14
002417.XSHE,2021-09-01,2022-01-04,2300,4.780000,5.100000,736.000000,0.066946,125
002417.XSHE,2021-09-06,2022-01-04,7800,4.910000,5.100000,1482.000000,0.038697,120
002417.XSHE,2021-09-09,2022-01-04,8200,5.120000,5.100000,-164.000000,-0.003906,117
002417.XSHE,2021-09-14,2022-01-04,7600,5.080000,5.100000,152.000000,0.003937,112
002417.XSHE,2021-09-17,2022-01-04,600,5.000000,5.100000,60.000000,0.020000,109
002417.XSHE,2021-09-24,2022-01-04,200,4.920000,5.100000,36.000000,0.036585,102
002417.XSHE,2021-09-29,2022-01-04,1900,4.340000,5.100000,1444.000000,0.175115,97
002417.XSHE,2021-10-19,2022-01-04,400,4.660000,5.100000,176.000000,0.094421,77
002417.XSHE,2021-10-22,2022-01-04,800,4.430000,5.100000,536.000000,0.151242,74
002417.XSHE,2021-11-01,2022-01-04,100,4.250000,5.100000,85.000000,0.200000,64
002417.XSHE,2021-11-04,2022-01-04,1800,4.280000,5.100000,1476.000000,0.191589,61
002417.XSHE,2021-11-25,2022-01-04,1100,4.880000,5.100000,242.000000,0.045082,40
002417.XSHE,2021-11-30,2022-01-04,400,4.730000,5.100000,148.000000,0.078224,35
002417.XSHE,2021-12-03,2022-01-04,300,4.800000,5.100000,90.000000,0.062500,32
002417.XSHE,2021-12-13,2022-01-04,10100,4.750000,5.100000,3535.000000,0.073684,22
002417.XSHE,2021-12-24,2022-01-04,100,5.040000,5.100000,6.000000,0.011905,11
002417.XSHE,2021-12-29,2022-01-04,800,5.040000,5.100000,48.000000,0.011905,6
603029.XSHG,2021-09-06,2022-01-04,2400,14.190000,14.280000,216.000000,0.006342,120
603029.XSHG,2021-09-09,2022-01-04,2800,14.810000,14.280000,-1484.000000,-0.035787,117
603029.XSHG,2021-09-14,2022-01-04,2800,14.460000,14.280000,-504.000000,-0.012448,112
603029.XSHG,2021-09-17,2022-01-04,2900,14.350000,14.280000,-203.000000,-0.004878,109
603029.XSHG,2021-09-24,2022-01-04,3100,13.900000,14.280000,1178.000000,0.027338,102
603029.XSHG,2021-10-11,2022-01-04,300,13.320000,14.280000,288.000000,0.072072,85
603029.XSHG,2021-10-14,2022-01-04,200,12.970000,14.280000,262.000000,0.101002,82
603029.XSHG,2021-10-22,2022-01-04,100,12.510000,14.280000,177.000000,0.141487,74
603029.XSHG,2021-11-01,2022-01-04,400,12.100000,14.280000,872.000000,0.180165,64
603029.XSHG,2021-11-04,2022-01-04,200,12.130000,14.280000,430.000000,0.177246,61
603029.XSHG,2021-11-25,2022-01-04,200,13.470000,14.280000,162.000000,0.060134,40
603029.XSHG,2021-12-08,2022-01-04,100,13.080000,14.280000,120.000000,0.091743,27
603029.XSHG,2021-12-13,2022-01-04,100,13.510000,14.280000,77.000000,0.056995,22
603029.XSHG,2021-12-21,2022-01-04,100,14.010000,14.280000,27.000000,0.019272,14
603029.XSHG,2021-12-24,2022-01-04,100,13.930000,14.280000,35.000000,0.025126,11
002209.XSHE,2021-10-19,2022-01-04,4500,6.450000,6.900000,2025.000000,0.069767,77
002209.XSHE,2021-10-22,2022-01-04,6200,6.120000,6.900000,4836.000000,0.127451,74
002209.XSHE,2021-10-27,2022-01-04,6300,5.920000,6.900000,6174.000000,0.165541,69
002209.XSHE,2021-11-01,2022-01-04,4100,5.850000,6.900000,4305.000000,0.179487,64
002209.XSHE,2021-11-04,2022-01-04,10000,5.780000,6.900000,11200.000000,0.193772,61
002209.XSHE,2021-11-22,2022-01-04,100,6.310000,6.900000,59.000000,0.093502,43
002209.XSHE,2021-11-25,2022-01-04,600,6.290000,6.900000,366.000000,0.096979,40
002209.XSHE,2021-12-08,2022-01-04,100,6.180000,6.900000,72.000000,0.116505,27
002209.XSHE,2021-12-16,2022-01-04,600,6.400000,6.900000,300.000000,0.078125,19
002209.XSHE,2021-12-21,2022-01-04,100,6.610000,6.900000,29.000000,0.043873,14
002830.XSHE,2021-12-13,2022-01-04,300,10.040000,10.650000,183.000000,0.060757,22
002830.XSHE,2021-12-13,2022-01-04,3900,10.040000,10.650000,2379.000000,0.060757,22
002830.XSHE,2021-12-29,2022-01-04,4400,10.390000,10.650000,1144.000000,0.025024,6
603709.XSHG,2021-11-12,2022-01-04,2400,15.630000,16.920000,3096.000000,0.082534,53
603709.XSHG,2021-11-22,2022-01-04,2500,16.250000,16.920000,1675.000000,0.041231,43
603709.XSHG,2021-11-25,2022-01-04,2800,16.060000,16.920000,2408.000000,0.053549,40
603709.XSHG,2021-12-08,2022-01-04,2500,15.840000,16.920000,2700.000000,0.068182,27
603709.XSHG,2021-12-16,2022-01-04,200,16.390000,16.920000,106.000000,0.032337,19
603709.XSHG,2021-12-24,2022-01-04,100,16.740000,16.920000,18.000000,0.010753,11
600778.XSHG,2021-12-08,2022-01-04,8600,4.210000,4.500000,2494.000000,0.068884,27
600778.XSHG,2021-12-13,2022-01-04,10300,4.290000,4.500000,2163.000000,0.048951,22
600778.XSHG,2021-12-16,2022-01-04,10300,4.290000,4.500000,2163.000000,0.048951,19
300478.XSHE,2021-12-16,2022-01-04,4200,10.090000,10.180000,378.000000,0.008920,19
300478.XSHE,2021-12-21,2022-01-04,4600,10.000000,10.180000,828.000000,0.018000,14
300478.XSHE,2021-12-24,2022-01-04,4400,9.970000,10.180000,924.000000,0.021063,11
300478.XSHE,2021-12-29,2022-01-04,4700,10.010000,10.180000,799.000000,0.016983,6
603389.XSHG,2021-12-16,2022-01-04,8100,5.150000,5.290000,1134.000000,0.027184,19
603389.XSHG,2021-12-21,2022-01-04,100,5.330000,5.290000,-4.000000,-0.007505,14
603389.XSHG,2021-12-24,2022-01-04,300,5.180000,5.290000,33.000000,0.021236,11
603389.XSHG,2021-12-29,2022-01-04,8700,5.200000,5.290000,783.000000,0.017308,6
600455.XSHG,2021-12-21,2022-01-04,1900,21.620000,23.180000,2964.000000,0.072155,14
600455.XSHG,2021-12-24,2022-01-04,2100,21.930000,23.180000,2625.000000,0.057000,11
600520.XSHG,2021-12-24,2022-01-04,5000,8.630000,8.770000,700.000000,0.016222,11
600520.XSHG,2021-12-29,2022-01-04,5100,8.670000,8.770000,510.000000,0.011534,6
511880.XSHG,2022-01-04,2022-02-07,22500,100.114000,100.319000,4612.500000,0.002048,34
000702.XSHE,2022-02-07,2022-02-10,700,4.790000,5.260000,329.000000,0.098121,3
600520.XSHG,2022-02-07,2022-02-10,300,8.380000,9.070000,207.000000,0.082339,3
600520.XSHG,2022-02-07,2022-02-15,200,8.380000,9.400000,204.000000,0.121718,8
603029.XSHG,2022-02-07,2022-02-18,2100,14.100000,23.300000,19320.000000,0.652482,11
603029.XSHG,2022-02-07,2022-02-21,100,14.100000,24.570000,1047.000000,0.742553,14
603029.XSHG,2022-02-07,2022-02-22,100,14.100000,24.900000,1080.000000,0.765957,15
603029.XSHG,2022-02-07,2022-02-23,100,14.100000,25.490000,1139.000000,0.807801,16
603813.XSHG,2022-02-07,2022-02-28,700,14.600000,16.420000,1274.000000,0.124658,21
603029.XSHG,2022-02-07,2022-02-28,800,14.100000,19.910000,4648.000000,0.412057,21
603029.XSHG,2022-02-10,2022-02-28,600,14.720000,19.910000,3114.000000,0.352582,18
600520.XSHG,2022-02-07,2022-02-28,4900,8.380000,9.690000,6419.000000,0.156325,21
600455.XSHG,2022-02-07,2022-02-28,2000,21.990000,23.500000,3020.000000,0.068668,21
600768.XSHG,2022-02-07,2022-02-28,900,9.120000,10.180000,954.000000,0.116228,21
603029.XSHG,2022-02-10,2022-03-03,2400,14.720000,19.820000,12240.000000,0.346467,21
603029.XSHG,2022-02-24,2022-03-03,100,24.040000,19.820000,-422.000000,-0.175541,7
600137.XSHG,2022-02-10,2022-03-03,3100,14.290000,15.620000,4123.000000,0.093072,21
600137.XSHG,2022-02-15,2022-03-03,100,14.230000,15.620000,139.000000,0.097681,16
600768.XSHG,2022-02-07,2022-03-08,4000,9.120000,10.900000,7120.000000,0.195175,29
600768.XSHG,2022-02-10,2022-03-08,1500,9.420000,10.900000,2220.000000,0.157113,26
002209.XSHE,2022-02-07,2022-03-08,800,6.710000,7.370000,528.000000,0.098361,29
603389.XSHG,2022-02-07,2022-03-08,800,5.160000,5.400000,192.000000,0.046512,29
600137.XSHG,2022-02-15,2022-03-08,3200,14.230000,15.130000,2880.000000,0.063247,21
600137.XSHG,2022-02-23,2022-03-08,100,14.870000,15.130000,26.000000,0.017485,13
600778.XSHG,2022-02-10,2022-03-08,1300,4.470000,4.680000,273.000000,0.046980,26
603958.XSHG,2022-02-18,2022-03-08,1300,6.420000,6.650000,299.000000,0.035826,18
603709.XSHG,2022-02-07,2022-03-11,100,16.180000,16.280000,10.000000,0.006180,32
002633.XSHE,2022-02-07,2022-03-11,400,8.750000,8.830000,32.000000,0.009143,32
600455.XSHG,2022-02-10,2022-03-11,2000,22.320000,23.050000,1460.000000,0.032706,29
600455.XSHG,2022-02-15,2022-03-11,200,22.150000,23.050000,180.000000,0.040632,24
600778.XSHG,2022-02-10,2022-03-11,8900,4.470000,4.700000,2047.000000,0.051454,29
600778.XSHG,2022-02-15,2022-03-11,3200,4.480000,4.700000,704.000000,0.049107,24
000702.XSHE,2022-02-07,2022-03-16,1100,4.790000,5.000000,231.000000,0.043841,37
603813.XSHG,2022-02-07,2022-03-16,300,14.600000,15.340000,222.000000,0.050685,37
002633.XSHE,2022-02-07,2022-03-16,100,8.750000,8.550000,-20.000000,-0.022857,37
603389.XSHG,2022-02-07,2022-03-16,100,5.160000,5.030000,-13.000000,-0.025194,37
600778.XSHG,2022-02-15,2022-03-16,7100,4.480000,4.710000,1633.000000,0.051339,29
600778.XSHG,2022-02-18,2022-03-16,4000,4.470000,4.710000,960.000000,0.053691,26
300716.XSHE,2022-03-08,2022-03-16,500,9.250000,10.110000,430.000000,0.092973,8
002209.XSHE,2022-02-07,2022-03-17,1600,6.710000,7.480000,1232.000000,0.114754,38
002209.XSHE,2022-02-07,2022-03-21,4300,6.710000,7.740000,4429.000000,0.153502,42
002209.XSHE,2022-02-10,2022-03-21,1800,6.860000,7.740000,1584.000000,0.128280,39
603389.XSHG,2022-02-07,2022-03-21,300,5.160000,5.480000,96.000000,0.062016,42
600778.XSHG,2022-02-18,2022-03-21,7000,4.470000,5.140000,4690.000000,0.149888,31
600778.XSHG,2022-02-23,2022-03-21,2700,4.550000,5.140000,1593.000000,0.129670,26
002633.XSHE,2022-02-07,2022-03-21,4600,8.750000,10.150000,6440.000000,0.160000,42
002633.XSHE,2022-02-10,2022-03-21,2500,8.770000,10.150000,3450.000000,0.157355,39
000702.XSHE,2022-02-07,2022-03-24,500,4.790000,5.400000,305.000000,0.127349,45
603813.XSHG,2022-02-07,2022-03-24,2100,14.600000,16.680000,4368.000000,0.142466,45
603813.XSHG,2022-02-10,2022-03-24,900,15.090000,16.680000,1431.000000,0.105368,42
002633.XSHE,2022-02-10,2022-03-24,2800,8.770000,9.810000,2912.000000,0.118586,42
002633.XSHE,2022-02-15,2022-03-24,1500,8.740000,9.810000,1605.000000,0.122426,37
002209.XSHE,2022-02-10,2022-03-24,4800,6.860000,7.610000,3600.000000,0.109329,42
002209.XSHE,2022-02-15,2022-03-24,1100,6.970000,7.610000,704.000000,0.091822,37
600778.XSHG,2022-02-23,2022-03-24,7900,4.550000,5.000000,3555.000000,0.098901,29
600778.XSHG,2022-02-28,2022-03-24,1300,4.520000,5.000000,624.000000,0.106195,24
603958.XSHG,2022-02-18,2022-03-24,400,6.420000,6.480000,24.000000,0.009346,34
300716.XSHE,2022-03-08,2022-03-24,4500,9.250000,10.430000,5310.000000,0.127568,16
600137.XSHG,2022-02-23,2022-03-28,700,14.870000,15.290000,294.000000,0.028245,33
000702.XSHE,2022-02-07,2022-03-29,7100,4.790000,5.510000,5112.000000,0.150313,50
000702.XSHE,2022-02-15,2022-03-29,2500,5.150000,5.510000,900.000000,0.069903,42
603813.XSHG,2022-02-10,2022-03-29,2000,15.090000,17.130000,4080.000000,0.135189,47
603813.XSHG,2022-02-15,2022-03-29,1100,15.070000,17.130000,2266.000000,0.136695,42
002209.XSHE,2022-02-15,2022-03-29,5300,6.970000,7.500000,2809.000000,0.076040,42
002209.XSHE,2022-02-18,2022-03-29,900,7.190000,7.500000,279.000000,0.043115,39
603389.XSHG,2022-02-07,2022-03-29,400,5.160000,5.570000,164.000000,0.079457,50
600137.XSHG,2022-02-23,2022-03-29,200,14.870000,15.470000,120.000000,0.040350,34
600778.XSHG,2022-02-28,2022-03-29,9900,4.520000,4.960000,4356.000000,0.097345,29
600768.XSHG,2022-02-10,2022-04-01,3200,9.420000,9.650000,736.000000,0.024416,50
600768.XSHG,2022-02-15,2022-04-01,5100,9.320000,9.650000,1683.000000,0.035408,45
600768.XSHG,2022-02-18,2022-04-01,4300,9.890000,9.650000,-1032.000000,-0.024267,42
600768.XSHG,2022-02-23,2022-04-01,5300,9.830000,9.650000,-954.000000,-0.018311,37
600768.XSHG,2022-03-11,2022-04-01,1000,9.890000,9.650000,-240.000000,-0.024267,21
600768.XSHG,2022-03-16,2022-04-01,100,9.000000,9.650000,65.000000,0.072222,16
600768.XSHG,2022-03-16,2022-04-01,1000,9.000000,9.650000,650.000000,0.072222,16
600768.XSHG,2022-03-21,2022-04-01,600,9.500000,9.650000,90.000000,0.015789,11
600768.XSHG,2022-03-24,2022-04-01,3500,10.150000,9.650000,-1750.000000,-0.049261,8
600768.XSHG,2022-03-29,2022-04-01,1000,9.830000,9.650000,-180.000000,-0.018311,3
000702.XSHE,2022-02-15,2022-04-01,6600,5.150000,5.650000,3300.000000,0.097087,45
000702.XSHE,2022-02-18,2022-04-01,9500,5.160000,5.650000,4655.000000,0.094961,42
000702.XSHE,2022-02-23,2022-04-01,9600,5.190000,5.650000,4416.000000,0.088632,37
000702.XSHE,2022-02-28,2022-04-01,500,5.150000,5.650000,250.000000,0.097087,32
000702.XSHE,2022-03-03,2022-04-01,1700,5.530000,5.650000,204.000000,0.021700,29
000702.XSHE,2022-03-03,2022-04-01,100,5.530000,5.650000,12.000000,0.021700,29
000702.XSHE,2022-03-08,2022-04-01,6500,5.310000,5.650000,2210.000000,0.064030,24
000702.XSHE,2022-03-11,2022-04-01,700,5.040000,5.650000,427.000000,0.121032,21
000702.XSHE,2022-03-21,2022-04-01,700,5.310000,5.650000,238.000000,0.064030,11
603709.XSHG,2022-02-07,2022-04-01,2700,16.180000,16.440000,702.000000,0.016069,53
603709.XSHG,2022-02-10,2022-04-01,2700,16.450000,16.440000,-27.000000,-0.000608,50
603709.XSHG,2022-02-15,2022-04-01,2900,16.300000,16.440000,406.000000,0.008589,45
603709.XSHG,2022-02-18,2022-04-01,2800,16.650000,16.440000,-588.000000,-0.012613,42
603709.XSHG,2022-02-23,2022-04-01,2900,16.890000,16.440000,-1305.000000,-0.026643,37
603709.XSHG,2022-03-03,2022-04-01,400,17.250000,16.440000,-324.000000,-0.046957,29
603709.XSHG,2022-03-16,2022-04-01,200,15.460000,16.440000,196.000000,0.063389,16
603709.XSHG,2022-03-21,2022-04-01,100,16.340000,16.440000,10.000000,0.006120,11
603709.XSHG,2022-03-24,2022-04-01,200,16.380000,16.440000,12.000000,0.003663,8
603813.XSHG,2022-02-15,2022-04-01,2000,15.070000,16.500000,2860.000000,0.094891,45
603813.XSHG,2022-02-18,2022-04-01,3000,15.460000,16.500000,3120.000000,0.067270,42
603813.XSHG,2022-02-23,2022-04-01,3300,15.510000,16.500000,3267.000000,0.063830,37
603813.XSHG,2022-03-08,2022-04-01,100,16.360000,16.500000,14.000000,0.008557,24
603813.XSHG,2022-03-11,2022-04-01,100,15.300000,16.500000,120.000000,0.078431,21
603813.XSHG,2022-03-11,2022-04-01,200,15.300000,16.500000,240.000000,0.078431,21
002633.XSHE,2022-02-15,2022-04-01,3800,8.740000,9.370000,2394.000000,0.072082,45
002633.XSHE,2022-02-18,2022-04-01,5000,9.080000,9.370000,1450.000000,0.031938,42
002633.XSHE,2022-02-23,2022-04-01,5400,9.170000,9.370000,1080.000000,0.021810,37
002633.XSHE,2022-02-28,2022-04-01,500,9.050000,9.370000,160.000000,0.035359,32
002633.XSHE,2022-03-08,2022-04-01,400,8.970000,9.370000,160.000000,0.044593,24
002633.XSHE,2022-03-29,2022-04-01,400,9.520000,9.370000,-60.000000,-0.015756,3
002209.XSHE,2022-02-18,2022-04-01,5500,7.190000,7.670000,2640.000000,0.066759,42
002209.XSHE,2022-02-23,2022-04-01,6800,7.280000,7.670000,2652.000000,0.053571,37
002209.XSHE,2022-02-28,2022-04-01,300,7.250000,7.670000,126.000000,0.057931,32
002209.XSHE,2022-03-03,2022-04-01,600,7.510000,7.670000,96.000000,0.021305,29
603389.XSHG,2022-02-07,2022-04-01,7100,5.160000,5.610000,3195.000000,0.087209,53
603389.XSHG,2022-02-10,2022-04-01,8800,5.190000,5.610000,3696.000000,0.080925,50
603389.XSHG,2022-02-15,2022-04-01,9200,5.150000,5.610000,4232.000000,0.089320,45
603389.XSHG,2022-02-18,2022-04-01,8800,5.280000,5.610000,2904.000000,0.062500,42
603389.XSHG,2022-02-23,2022-04-01,9000,5.380000,5.610000,2070.000000,0.042751,37
603389.XSHG,2022-02-28,2022-04-01,400,5.370000,5.610000,96.000000,0.044693,32
603389.XSHG,2022-03-03,2022-04-01,1000,5.530000,5.610000,80.000000,0.014467,29
603389.XSHG,2022-03-24,2022-04-01,100,5.470000,5.610000,14.000000,0.025594,8
600455.XSHG,2022-02-15,2022-04-01,2000,22.150000,21.370000,-1560.000000,-0.035214,45
600455.XSHG,2022-02-18,2022-04-01,2000,22.790000,21.370000,-2840.000000,-0.062308,42
600455.XSHG,2022-03-03,2022-04-01,100,23.900000,21.370000,-253.000000,-0.105858,29
600455.XSHG,2022-03-21,2022-04-01,2100,22.760000,21.370000,-2919.000000,-0.061072,11
600455.XSHG,2022-03-24,2022-04-01,500,21.730000,21.370000,-180.000000,-0.016567,8
600455.XSHG,2022-03-29,2022-04-01,200,21.240000,21.370000,26.000000,0.006121,3
600137.XSHG,2022-02-23,2022-04-01,2200,14.870000,15.290000,924.000000,0.028245,37
600137.XSHG,2022-02-28,2022-04-01,3400,14.840000,15.290000,1530.000000,0.030323,32
600137.XSHG,2022-03-11,2022-04-01,3000,14.700000,15.290000,1770.000000,0.040136,21
600137.XSHG,2022-03-16,2022-04-01,500,13.520000,15.290000,885.000000,0.130917,16
600137.XSHG,2022-03-21,2022-04-01,100,14.430000,15.290000,86.000000,0.059598,11
600137.XSHG,2022-03-24,2022-04-01,3600,14.310000,15.290000,3528.000000,0.068484,8
603958.XSHG,2022-02-18,2022-04-01,5600,6.420000,6.540000,672.000000,0.018692,42
603958.XSHG,2022-02-23,2022-04-01,7400,6.500000,6.540000,296.000000,0.006154,37
603958.XSHG,2022-02-28,2022-04-01,3900,6.530000,6.540000,39.000000,0.001531,32
603958.XSHG,2022-03-03,2022-04-01,12000,6.630000,6.540000,-1080.000000,-0.013575,29
603958.XSHG,2022-03-11,2022-04-01,400,6.300000,6.540000,96.000000,0.038095,21
603958.XSHG,2022-03-16,2022-04-01,400,6.000000,6.540000,216.000000,0.090000,16
603958.XSHG,2022-03-21,2022-04-01,700,6.350000,6.540000,133.000000,0.029921,11
603958.XSHG,2022-03-29,2022-04-01,7000,6.590000,6.540000,-350.000000,-0.007587,3
002417.XSHE,2022-03-08,2022-04-01,8900,5.420000,5.110000,-2759.000000,-0.057196,24
002417.XSHE,2022-03-11,2022-04-01,9000,5.210000,5.110000,-900.000000,-0.019194,21
002417.XSHE,2022-03-16,2022-04-01,9700,4.910000,5.110000,1940.000000,0.040733,16
002417.XSHE,2022-03-21,2022-04-01,8900,5.150000,5.110000,-356.000000,-0.007767,11
002417.XSHE,2022-03-24,2022-04-01,10700,5.200000,5.110000,-963.000000,-0.017308,8
002417.XSHE,2022-03-29,2022-04-01,800,5.140000,5.110000,-24.000000,-0.005837,3
300736.XSHE,2022-03-24,2022-04-01,9000,10.900000,10.710000,-1710.000000,-0.017431,8
300736.XSHE,2022-03-29,2022-04-01,4700,10.800000,10.710000,-423.000000,-0.008333,3
300478.XSHE,2022-03-24,2022-04-01,4400,11.020000,10.690000,-1452.000000,-0.029946,8
300478.XSHE,2022-03-29,2022-04-01,4500,11.070000,10.690000,-1710.000000,-0.034327,3
002883.XSHE,2022-03-29,2022-04-01,4300,11.250000,11.300000,215.000000,0.004444,3
511880.XSHG,2022-04-01,2022-05-05,24300,100.621000,100.770000,3620.700000,0.001481,34
002856.XSHE,2022-05-05,2022-05-06,300,8.310000,8.810000,150.000000,0.060168,1
002856.XSHE,2022-05-05,2022-05-10,100,8.310000,9.090000,78.000000,0.093863,5
002862.XSHE,2022-05-05,2022-05-10,100,9.810000,10.090000,28.000000,0.028542,5
603958.XSHG,2022-05-05,2022-05-10,100,5.300000,5.450000,15.000000,0.028302,5
002856.XSHE,2022-05-05,2022-05-13,300,8.310000,9.680000,411.000000,0.164862,8
600520.XSHG,2022-05-05,2022-05-13,300,7.430000,8.020000,177.000000,0.079408,8
000702.XSHE,2022-05-10,2022-05-18,1000,4.420000,4.800000,380.000000,0.085973,8
002633.XSHE,2022-05-05,2022-05-19,1200,7.410000,8.540000,1356.000000,0.152497,14
002856.XSHE,2022-05-05,2022-05-19,100,8.310000,10.110000,180.000000,0.216606,14
002633.XSHE,2022-05-05,2022-05-26,5400,7.410000,8.830000,7668.000000,0.191633,21
002633.XSHE,2022-05-10,2022-05-26,1100,7.360000,8.830000,1617.000000,0.199728,16
002856.XSHE,2022-05-05,2022-05-26,5100,8.310000,10.350000,10404.000000,0.245487,21
002856.XSHE,2022-05-18,2022-05-26,100,9.470000,10.350000,88.000000,0.092925,8
600520.XSHG,2022-05-05,2022-05-26,6300,7.430000,8.280000,5355.000000,0.114401,21
000702.XSHE,2022-05-10,2022-05-26,300,4.420000,5.000000,174.000000,0.131222,16
002862.XSHE,2022-05-05,2022-05-26,4900,9.810000,12.730000,14308.000000,0.297655,21
002862.XSHE,2022-05-13,2022-05-26,1400,10.430000,12.730000,3220.000000,0.220518,13
600455.XSHG,2022-05-05,2022-05-31,300,17.400000,19.490000,627.000000,0.120115,26
603389.XSHG,2022-05-05,2022-05-31,300,4.420000,4.860000,132.000000,0.099548,26
300736.XSHE,2022-05-10,2022-05-31,200,8.890000,9.500000,122.000000,0.068616,21
603580.XSHG,2022-05-10,2022-05-31,5400,9.050000,10.380000,7182.000000,0.146961,21
603580.XSHG,2022-05-13,2022-05-31,1100,9.310000,10.380000,1177.000000,0.114930,18
000702.XSHE,2022-05-10,2022-05-31,9800,4.420000,5.250000,8134.000000,0.187783,21
000702.XSHE,2022-05-13,2022-05-31,1200,4.530000,5.250000,864.000000,0.158940,18
603286.XSHG,2022-05-10,2022-05-31,3600,13.350000,14.890000,5544.000000,0.115356,21
300282.XSHE,2022-05-05,2022-05-31,8100,3.130000,2.990000,-1134.000000,-0.044728,26
600768.XSHG,2022-05-05,2022-06-06,100,7.940000,9.210000,127.000000,0.159950,32
300282.XSHE,2022-05-05,2022-06-06,7600,3.130000,3.190000,456.000000,0.019169,32
300282.XSHE,2022-05-10,2022-06-06,11800,3.060000,3.190000,1534.000000,0.042484,27
300736.XSHE,2022-05-10,2022-06-06,1000,8.890000,10.140000,1250.000000,0.140607,27
603580.XSHG,2022-05-13,2022-06-06,4200,9.310000,10.930000,6804.000000,0.174006,24
603580.XSHG,2022-05-18,2022-06-06,1200,9.410000,10.930000,1824.000000,0.161530,19
000702.XSHE,2022-05-13,2022-06-06,9700,4.530000,5.250000,6984.000000,0.158940,24
000702.XSHE,2022-05-23,2022-06-06,500,4.870000,5.250000,190.000000,0.078029,14
002652.XSHE,2022-06-06,2022-06-08,3800,2.610000,3.170000,2128.000000,0.214559,2
300282.XSHE,2022-05-10,2022-06-09,4600,3.060000,3.200000,644.000000,0.045752,30
300282.XSHE,2022-05-13,2022-06-09,12800,3.170000,3.200000,384.000000,0.009464,27
603580.XSHG,2022-05-18,2022-06-09,4100,9.410000,11.250000,7544.000000,0.195537,22
603580.XSHG,2022-05-23,2022-06-09,1300,9.870000,11.250000,1794.000000,0.139818,17
603269.XSHG,2022-05-18,2022-06-09,4500,11.120000,12.300000,5310.000000,0.106115,22
603269.XSHG,2022-05-23,2022-06-09,100,11.350000,12.300000,95.000000,0.083700,17
603269.XSHG,2022-05-26,2022-06-09,100,11.450000,12.300000,85.000000,0.074236,14
002633.XSHE,2022-05-10,2022-06-14,5600,7.360000,8.980000,9072.000000,0.220109,35
002633.XSHE,2022-05-23,2022-06-14,1000,8.500000,8.980000,480.000000,0.056471,22
300282.XSHE,2022-05-13,2022-06-14,2300,3.170000,3.080000,-207.000000,-0.028391,32
300282.XSHE,2022-05-18,2022-06-14,14100,3.240000,3.080000,-2256.000000,-0.049383,27
603580.XSHG,2022-05-23,2022-06-14,3900,9.870000,11.760000,7371.000000,0.191489,22
603580.XSHG,2022-05-26,2022-06-14,1100,9.800000,11.760000,2156.000000,0.200000,19
603269.XSHG,2022-05-26,2022-06-14,300,11.450000,12.670000,366.000000,0.106550,19
300554.XSHE,2022-05-31,2022-06-14,400,13.800000,15.700000,760.000000,0.137681,14
600768.XSHG,2022-05-05,2022-06-17,400,7.940000,9.300000,544.000000,0.171285,43
600455.XSHG,2022-05-05,2022-06-17,300,17.400000,19.930000,759.000000,0.145402,43
603389.XSHG,2022-05-05,2022-06-17,900,4.420000,4.990000,513.000000,0.128959,43
300282.XSHE,2022-05-18,2022-06-17,900,3.240000,3.200000,-36.000000,-0.012346,30
300282.XSHE,2022-05-23,2022-06-17,15200,3.390000,3.200000,-2888.000000,-0.056047,25
300282.XSHE,2022-05-26,2022-06-17,1600,3.350000,3.200000,-240.000000,-0.044776,22
603958.XSHG,2022-05-05,2022-06-17,9100,5.300000,6.040000,6734.000000,0.139623,43
603958.XSHG,2022-05-13,2022-06-17,900,5.590000,6.040000,405.000000,0.080501,35
603580.XSHG,2022-05-26,2022-06-17,4700,9.800000,11.690000,8883.000000,0.192857,22
603269.XSHG,2022-05-26,2022-06-17,2200,11.450000,11.830000,836.000000,0.033188,22
603269.XSHG,2022-05-31,2022-06-17,1700,11.640000,11.830000,323.000000,0.016323,17
300417.XSHE,2022-05-18,2022-06-17,100,9.160000,9.760000,60.000000,0.065502,30
300554.XSHE,2022-05-31,2022-06-17,3500,13.800000,15.850000,7175.000000,0.148551,17
002633.XSHE,2022-05-23,2022-06-22,5400,8.500000,9.200000,3780.000000,0.082353,30
002633.XSHE,2022-05-31,2022-06-22,400,8.520000,9.200000,272.000000,0.079812,22
002633.XSHE,2022-06-06,2022-06-22,1300,8.800000,9.200000,520.000000,0.045455,16
603389.XSHG,2022-05-05,2022-06-22,300,4.420000,5.040000,186.000000,0.140271,48
603269.XSHG,2022-05-31,2022-06-22,4700,11.640000,11.980000,1598.000000,0.029210,22
300417.XSHE,2022-05-18,2022-06-22,5400,9.160000,9.990000,4482.000000,0.090611,35
300417.XSHE,2022-05-31,2022-06-22,400,9.490000,9.990000,200.000000,0.052687,22
300554.XSHE,2022-05-31,2022-06-22,1200,13.800000,15.830000,2436.000000,0.147101,22
300554.XSHE,2022-06-06,2022-06-22,2300,14.660000,15.830000,2691.000000,0.079809,16
002652.XSHE,2022-06-06,2022-06-22,300,2.610000,2.620000,3.000000,0.003831,16
000691.XSHE,2022-06-14,2022-06-22,600,4.060000,4.200000,84.000000,0.034483,8
002633.XSHE,2022-06-06,2022-06-27,1400,8.800000,9.420000,868.000000,0.070455,21
002633.XSHE,2022-06-06,2022-06-27,3500,8.800000,9.420000,2170.000000,0.070455,21
002633.XSHE,2022-06-09,2022-06-27,1100,8.760000,9.420000,726.000000,0.075342,18
002633.XSHE,2022-06-09,2022-06-27,100,8.760000,9.420000,66.000000,0.075342,18
603709.XSHG,2022-05-05,2022-06-27,100,14.190000,16.100000,191.000000,0.134602,53
300417.XSHE,2022-05-31,2022-06-27,5200,9.490000,10.150000,3432.000000,0.069547,27
300417.XSHE,2022-06-06,2022-06-27,400,9.790000,10.150000,144.000000,0.036772,21
002652.XSHE,2022-06-06,2022-06-27,16800,2.610000,2.780000,2856.000000,0.065134,21
002652.XSHE,2022-06-09,2022-06-27,1700,2.880000,2.780000,-170.000000,-0.034722,18
002652.XSHE,2022-06-14,2022-06-27,1900,2.630000,2.780000,285.000000,0.057034,13
002652.XSHE,2022-06-17,2022-06-27,1700,2.580000,2.780000,340.000000,0.077519,10
002652.XSHE,2022-06-17,2022-06-28,600,2.580000,2.940000,216.000000,0.139535,11
002633.XSHE,2022-06-09,2022-06-30,5000,8.760000,9.130000,1850.000000,0.042237,21
002633.XSHE,2022-06-17,2022-06-30,700,8.750000,9.130000,266.000000,0.043429,13
603389.XSHG,2022-05-05,2022-06-30,9600,4.420000,5.300000,8448.000000,0.199095,56
603389.XSHG,2022-05-10,2022-06-30,2800,4.360000,5.300000,2632.000000,0.215596,51
002862.XSHE,2022-05-13,2022-06-30,400,10.430000,11.300000,348.000000,0.083413,48
603958.XSHG,2022-05-13,2022-06-30,300,5.590000,6.150000,168.000000,0.100179,48
300417.XSHE,2022-06-06,2022-06-30,5200,9.790000,9.950000,832.000000,0.016343,24
300417.XSHE,2022-06-09,2022-06-30,300,9.560000,9.950000,117.000000,0.040795,21
000691.XSHE,2022-06-14,2022-06-30,700,4.060000,4.370000,217.000000,0.076355,16
002633.XSHE,2022-06-17,2022-07-05,100,8.750000,9.260000,51.000000,0.058286,18
603709.XSHG,2022-05-05,2022-07-05,500,14.190000,16.400000,1105.000000,0.155743,61
603389.XSHG,2022-05-10,2022-07-05,8600,4.360000,5.280000,7912.000000,0.211009,56
603389.XSHG,2022-05-13,2022-07-05,1700,4.520000,5.280000,1292.000000,0.168142,53
002862.XSHE,2022-05-13,2022-07-05,2800,10.430000,11.350000,2576.000000,0.088207,53
002862.XSHE,2022-05-18,2022-07-05,100,10.490000,11.350000,86.000000,0.081983,48
002862.XSHE,2022-05-23,2022-07-05,2100,10.700000,11.350000,1365.000000,0.060748,43
300779.XSHE,2022-06-14,2022-07-05,4000,13.330000,13.750000,1680.000000,0.031508,21
300779.XSHE,2022-06-27,2022-07-05,100,13.550000,13.750000,20.000000,0.014760,8
300779.XSHE,2022-06-30,2022-07-05,200,13.320000,13.750000,86.000000,0.032282,5
000691.XSHE,2022-06-14,2022-07-05,12100,4.060000,4.270000,2541.000000,0.051724,21
000691.XSHE,2022-06-17,2022-07-05,400,4.070000,4.270000,80.000000,0.049140,18
600768.XSHG,2022-05-05,2022-07-08,600,7.940000,9.340000,840.000000,0.176322,64
600455.XSHG,2022-05-05,2022-07-08,200,17.400000,19.380000,396.000000,0.113793,64
002633.XSHE,2022-06-17,2022-07-08,300,8.750000,9.090000,102.000000,0.038857,21
002633.XSHE,2022-06-17,2022-07-08,5800,8.750000,9.090000,1972.000000,0.038857,21
603389.XSHG,2022-05-13,2022-07-08,8900,4.520000,5.170000,5785.000000,0.143805,56
603389.XSHG,2022-05-18,2022-07-08,1800,4.600000,5.170000,1026.000000,0.123913,51
002862.XSHE,2022-05-23,2022-07-08,3000,10.700000,11.000000,900.000000,0.028037,46
002862.XSHE,2022-05-31,2022-07-08,1200,11.020000,11.000000,-24.000000,-0.001815,38
002862.XSHE,2022-06-06,2022-07-08,300,11.000000,11.000000,0.000000,0.000000,32
002862.XSHE,2022-06-09,2022-07-08,300,10.860000,11.000000,42.000000,0.012891,29
603958.XSHG,2022-05-13,2022-07-08,200,5.590000,6.080000,98.000000,0.087657,56
300736.XSHE,2022-05-10,2022-07-08,500,8.890000,9.770000,440.000000,0.098988,59
002652.XSHE,2022-06-17,2022-07-08,19500,2.580000,2.840000,5070.000000,0.100775,21
002652.XSHE,2022-06-30,2022-07-08,100,2.860000,2.840000,-2.000000,-0.006993,8
002652.XSHE,2022-07-05,2022-07-08,100,2.850000,2.840000,-1.000000,-0.003509,3
603729.XSHG,2022-06-09,2022-07-08,100,13.900000,13.180000,-72.000000,-0.051799,29
000691.XSHE,2022-06-17,2022-07-08,13100,4.070000,4.200000,1703.000000,0.031941,21
000691.XSHE,2022-06-27,2022-07-08,100,4.220000,4.200000,-2.000000,-0.004739,11
603709.XSHG,2022-05-05,2022-07-13,800,14.190000,16.120000,1544.000000,0.136011,69
603389.XSHG,2022-05-18,2022-07-13,8900,4.600000,5.110000,4539.000000,0.110870,56
603389.XSHG,2022-05-23,2022-07-13,1700,4.830000,5.110000,476.000000,0.057971,51
002862.XSHE,2022-06-09,2022-07-13,200,10.860000,11.100000,48.000000,0.022099,34
603958.XSHG,2022-05-13,2022-07-13,7300,5.590000,6.020000,3139.000000,0.076923,61
603958.XSHG,2022-05-18,2022-07-13,1600,5.500000,6.020000,832.000000,0.094545,56
002209.XSHE,2022-07-05,2022-07-13,300,6.760000,6.850000,27.000000,0.013314,8
600768.XSHG,2022-05-05,2022-07-18,100,7.940000,8.900000,96.000000,0.120907,74
600455.XSHG,2022-05-05,2022-07-18,200,17.400000,19.240000,368.000000,0.105747,74
603389.XSHG,2022-05-23,2022-07-18,8800,4.830000,4.930000,880.000000,0.020704,56
603389.XSHG,2022-05-26,2022-07-18,700,4.810000,4.930000,84.000000,0.024948,53
603389.XSHG,2022-06-06,2022-07-18,700,4.930000,4.930000,0.000000,0.000000,42
603389.XSHG,2022-06-09,2022-07-18,100,4.870000,4.930000,6.000000,0.012320,39
603389.XSHG,2022-06-09,2022-07-18,300,4.870000,4.930000,18.000000,0.012320,39
603389.XSHG,2022-06-14,2022-07-18,200,4.860000,4.930000,14.000000,0.014403,34
300736.XSHE,2022-05-10,2022-07-18,100,8.890000,9.520000,63.000000,0.070866,69
603813.XSHG,2022-06-22,2022-07-18,3600,14.970000,14.750000,-792.000000,-0.014696,26
603813.XSHG,2022-06-27,2022-07-18,100,15.240000,14.750000,-49.000000,-0.032152,21
603269.XSHG,2022-06-30,2022-07-18,800,11.790000,12.220000,344.000000,0.036472,18
002209.XSHE,2022-07-05,2022-07-18,500,6.760000,6.970000,105.000000,0.031065,13
600768.XSHG,2022-05-05,2022-07-21,100,7.940000,9.580000,164.000000,0.206549,77
603958.XSHG,2022-05-18,2022-07-21,8000,5.500000,6.220000,5760.000000,0.130909,64
603958.XSHG,2022-05-23,2022-07-21,1400,5.860000,6.220000,504.000000,0.061433,59
603729.XSHG,2022-06-09,2022-07-21,700,13.900000,14.170000,189.000000,0.019424,42
300779.XSHE,2022-06-30,2022-07-21,4100,13.320000,14.100000,3198.000000,0.058559,21
603269.XSHG,2022-06-30,2022-07-21,3900,11.790000,12.520000,2847.000000,0.061917,21
603269.XSHG,2022-07-05,2022-07-21,100,12.020000,12.520000,50.000000,0.041597,16
002209.XSHE,2022-07-05,2022-07-21,1300,6.760000,8.160000,1820.000000,0.207101,16
002862.XSHE,2022-06-09,2022-07-25,1300,10.860000,12.550000,2197.000000,0.155617,46
600455.XSHG,2022-05-05,2022-07-26,200,17.400000,20.900000,700.000000,0.201149,82
300779.XSHE,2022-07-13,2022-07-26,200,13.150000,14.730000,316.000000,0.120152,13
603813.XSHG,2022-06-27,2022-07-26,200,15.240000,16.480000,248.000000,0.081365,29
603269.XSHG,2022-07-05,2022-07-26,4500,12.020000,12.800000,3510.000000,0.064892,21
603269.XSHG,2022-07-08,2022-07-26,200,11.730000,12.800000,214.000000,0.091219,18
002719.XSHE,2022-07-05,2022-07-26,700,7.510000,7.180000,-231.000000,-0.043941,21
002209.XSHE,2022-07-05,2022-07-26,6200,6.760000,8.070000,8122.000000,0.193787,21
002209.XSHE,2022-07-08,2022-07-26,800,6.710000,8.070000,1088.000000,0.202683,18
000691.XSHE,2022-07-18,2022-07-26,300,3.930000,4.290000,108.000000,0.091603,8
002209.XSHE,2022-07-08,2022-07-27,300,6.710000,8.530000,546.000000,0.271237,19
600768.XSHG,2022-05-05,2022-07-29,500,7.940000,9.820000,940.000000,0.236776,85
603813.XSHG,2022-06-27,2022-07-29,3400,15.240000,16.580000,4556.000000,0.087927,32
603813.XSHG,2022-07-08,2022-07-29,200,15.010000,16.580000,314.000000,0.104597,21
603269.XSHG,2022-07-08,2022-07-29,4600,11.730000,13.050000,6072.000000,0.112532,21
002719.XSHE,2022-07-05,2022-07-29,1200,7.510000,7.500000,-12.000000,-0.001332,24
002209.XSHE,2022-07-08,2022-07-29,7000,6.710000,8.610000,13300.000000,0.283159,21
603389.XSHG,2022-07-21,2022-07-29,1200,5.260000,5.510000,300.000000,0.047529,8
600768.XSHG,2022-05-05,2022-08-03,500,7.940000,9.580000,820.000000,0.206549,90
603958.XSHG,2022-05-23,2022-08-03,700,5.860000,6.230000,259.000000,0.063140,72
300736.XSHE,2022-05-10,2022-08-03,200,8.890000,9.880000,198.000000,0.111361,85
300779.XSHE,2022-07-13,2022-08-03,4000,13.150000,14.040000,3560.000000,0.067681,21
300478.XSHE,2022-06-22,2022-08-03,200,10.310000,10.170000,-28.000000,-0.013579,42
603813.XSHG,2022-07-08,2022-08-03,3500,15.010000,16.200000,4165.000000,0.079280,26
603813.XSHG,2022-07-13,2022-08-03,100,14.750000,16.200000,145.000000,0.098305,21
000691.XSHE,2022-07-18,2022-08-03,100,3.930000,4.210000,28.000000,0.071247,16
000691.XSHE,2022-07-18,2022-08-04,700,3.930000,4.380000,315.000000,0.114504,17
600455.XSHG,2022-05-05,2022-08-08,300,17.400000,21.170000,1131.000000,0.216667,95
603958.XSHG,2022-05-23,2022-08-08,6300,5.860000,6.210000,2205.000000,0.059727,77
603958.XSHG,2022-05-26,2022-08-08,700,5.800000,6.210000,287.000000,0.070690,74
603958.XSHG,2022-05-31,2022-08-08,1400,5.880000,6.210000,462.000000,0.056122,69
300736.XSHE,2022-05-10,2022-08-08,100,8.890000,10.300000,141.000000,0.158605,90
300478.XSHE,2022-06-22,2022-08-08,300,10.310000,10.660000,105.000000,0.033948,47
002719.XSHE,2022-07-05,2022-08-08,1000,7.510000,7.670000,160.000000,0.021305,34
000691.XSHE,2022-07-18,2022-08-08,12500,3.930000,4.330000,5000.000000,0.101781,21
000691.XSHE,2022-07-21,2022-08-08,200,4.170000,4.330000,32.000000,0.038369,18
000691.XSHE,2022-07-21,2022-08-09,600,4.170000,4.600000,258.000000,0.103118,19
603389.XSHG,2022-07-21,2022-08-10,1800,5.260000,5.760000,900.000000,0.095057,20
000691.XSHE,2022-07-21,2022-08-11,13400,4.170000,4.700000,7102.000000,0.127098,21
603389.XSHG,2022-07-21,2022-08-11,3900,5.260000,5.740000,1872.000000,0.091255,21
603389.XSHG,2022-07-26,2022-08-11,6700,5.130000,5.740000,4087.000000,0.118908,16
002719.XSHE,2022-07-05,2022-08-15,4600,7.510000,9.570000,9476.000000,0.274301,41
002719.XSHE,2022-07-08,2022-08-15,7200,6.840000,9.570000,19656.000000,0.399123,38
603709.XSHG,2022-05-05,2022-08-16,100,14.190000,17.250000,306.000000,0.215645,103
002719.XSHE,2022-07-08,2022-08-16,1400,6.840000,9.710000,4018.000000,0.419591,39
002719.XSHE,2022-07-13,2022-08-16,5600,6.960000,9.710000,15400.000000,0.395115,34
603389.XSHG,2022-07-26,2022-08-18,9300,5.130000,7.690000,23808.000000,0.499025,23
603389.XSHG,2022-08-03,2022-08-18,6900,5.090000,7.690000,17940.000000,0.510806,15
603958.XSHG,2022-05-31,2022-08-19,7200,5.880000,7.080000,8640.000000,0.204082,80
603958.XSHG,2022-06-09,2022-08-19,600,5.950000,7.080000,678.000000,0.189916,71
603958.XSHG,2022-06-14,2022-08-19,700,5.860000,7.080000,854.000000,0.208191,66
603958.XSHG,2022-06-22,2022-08-19,100,6.040000,7.080000,104.000000,0.172185,58
603958.XSHG,2022-06-27,2022-08-19,400,6.040000,7.080000,416.000000,0.172185,53
603958.XSHG,2022-07-18,2022-08-19,600,5.760000,7.080000,792.000000,0.229167,32
603958.XSHG,2022-07-26,2022-08-19,300,6.180000,7.080000,270.000000,0.145631,24
603958.XSHG,2022-07-29,2022-08-19,400,6.300000,7.080000,312.000000,0.123810,21
002862.XSHE,2022-06-09,2022-08-24,3300,10.860000,12.480000,5346.000000,0.149171,76
002862.XSHE,2022-06-14,2022-08-24,200,10.720000,12.480000,352.000000,0.164179,71
002862.XSHE,2022-06-17,2022-08-24,400,10.820000,12.480000,664.000000,0.153420,68
002862.XSHE,2022-06-17,2022-08-24,2000,10.820000,12.480000,3320.000000,0.153420,68
603958.XSHG,2022-07-29,2022-08-24,300,6.300000,7.160000,258.000000,0.136508,26
300736.XSHE,2022-05-10,2022-08-24,500,8.890000,11.210000,1160.000000,0.260967,106
000691.XSHE,2022-07-29,2022-08-24,500,4.350000,4.830000,240.000000,0.110345,26
603389.XSHG,2022-08-03,2022-08-24,5100,5.090000,7.510000,12342.000000,0.475442,21
603389.XSHG,2022-08-08,2022-08-24,3500,5.200000,7.510000,8085.000000,0.444231,16
600137.XSHG,2022-07-26,2022-08-24,100,14.200000,14.830000,63.000000,0.044366,29
600768.XSHG,2022-05-05,2022-08-29,300,7.940000,10.010000,621.000000,0.260705,116
002862.XSHE,2022-06-17,2022-08-29,2700,10.820000,12.020000,3240.000000,0.110906,73
002862.XSHE,2022-06-22,2022-08-29,2600,10.980000,12.020000,2704.000000,0.094718,68
603958.XSHG,2022-07-29,2022-08-29,100,6.300000,6.890000,59.000000,0.093651,31
300478.XSHE,2022-06-22,2022-08-29,200,10.310000,10.600000,58.000000,0.028128,68
000691.XSHE,2022-07-29,2022-08-29,400,4.350000,4.790000,176.000000,0.101149,31
603958.XSHG,2022-07-29,2022-09-01,8500,6.300000,7.110000,6885.000000,0.128571,34
603958.XSHG,2022-08-11,2022-09-01,700,6.580000,7.110000,371.000000,0.080547,21
603729.XSHG,2022-06-09,2022-09-01,100,13.900000,14.390000,49.000000,0.035252,84
000691.XSHE,2022-07-29,2022-09-01,100,4.350000,4.870000,52.000000,0.119540,34
603389.XSHG,2022-08-08,2022-09-01,8400,5.200000,5.830000,5292.000000,0.121154,24
603389.XSHG,2022-08-19,2022-09-01,300,7.500000,5.830000,-501.000000,-0.222667,13
000023.XSHE,2022-08-19,2022-09-01,5900,10.920000,10.280000,-3776.000000,-0.058608,13
002862.XSHE,2022-06-22,2022-09-01,2200,10.980000,13.800000,6204.000000,0.256831,71
002862.XSHE,2022-06-27,2022-09-01,200,10.990000,13.800000,562.000000,0.255687,66
002862.XSHE,2022-07-18,2022-09-01,100,10.770000,13.800000,303.000000,0.281337,45
002862.XSHE,2022-07-21,2022-09-01,100,11.270000,13.800000,253.000000,0.224490,42
002862.XSHE,2022-07-21,2022-09-01,300,11.270000,13.800000,759.000000,0.224490,42
002862.XSHE,2022-07-26,2022-09-01,300,12.250000,13.800000,465.000000,0.126531,37
002862.XSHE,2022-07-29,2022-09-01,500,11.810000,13.800000,995.000000,0.168501,34
002862.XSHE,2022-07-29,2022-09-01,200,11.810000,13.800000,398.000000,0.168501,34
002862.XSHE,2022-08-03,2022-09-01,200,11.170000,13.800000,526.000000,0.235452,29
002862.XSHE,2022-08-08,2022-09-01,100,11.500000,13.800000,230.000000,0.200000,24
002862.XSHE,2022-08-11,2022-09-01,100,12.100000,13.800000,170.000000,0.140496,21
002862.XSHE,2022-08-11,2022-09-01,200,12.100000,13.800000,340.000000,0.140496,21
002862.XSHE,2022-08-16,2022-09-01,1800,12.230000,13.800000,2826.000000,0.128373,16
002862.XSHE,2022-08-16,2022-09-06,3600,12.230000,12.710000,1728.000000,0.039248,21
002862.XSHE,2022-08-19,2022-09-06,500,12.150000,12.710000,280.000000,0.046091,18
603958.XSHG,2022-08-11,2022-09-06,4100,6.580000,7.560000,4018.000000,0.148936,26
603958.XSHG,2022-08-16,2022-09-06,4200,6.730000,7.560000,3486.000000,0.123328,21
603958.XSHG,2022-08-16,2022-09-06,600,6.730000,7.560000,498.000000,0.123328,21
300736.XSHE,2022-05-10,2022-09-06,2900,8.890000,11.860000,8613.000000,0.334083,119
300736.XSHE,2022-05-13,2022-09-06,4900,8.980000,11.860000,14112.000000,0.320713,116
603729.XSHG,2022-06-09,2022-09-06,200,13.900000,15.030000,226.000000,0.081295,89
300417.XSHE,2022-08-16,2022-09-06,3800,10.970000,10.950000,-76.000000,-0.001823,21
300417.XSHE,2022-08-19,2022-09-06,2000,11.140000,10.950000,-380.000000,-0.017056,18
300417.XSHE,2022-08-24,2022-09-06,100,10.990000,10.950000,-4.000000,-0.003640,13
600768.XSHG,2022-05-05,2022-09-09,300,7.940000,10.180000,672.000000,0.282116,127
002862.XSHE,2022-08-19,2022-09-09,5200,12.150000,12.360000,1092.000000,0.017284,21
300736.XSHE,2022-05-13,2022-09-09,700,8.980000,11.400000,1694.000000,0.269488,119
300736.XSHE,2022-05-18,2022-09-09,4400,8.830000,11.400000,11308.000000,0.291053,114
300478.XSHE,2022-06-22,2022-09-09,400,10.310000,10.820000,204.000000,0.049467,79
000691.XSHE,2022-07-29,2022-09-09,12500,4.350000,4.960000,7625.000000,0.140230,42
000691.XSHE,2022-08-16,2022-09-09,100,4.750000,4.960000,21.000000,0.044211,24
000691.XSHE,2022-08-19,2022-09-09,400,4.650000,4.960000,124.000000,0.066667,21
000691.XSHE,2022-09-06,2022-09-09,600,4.800000,4.960000,96.000000,0.033333,3
600137.XSHG,2022-07-26,2022-09-09,300,14.200000,14.850000,195.000000,0.045775,45
603813.XSHG,2022-08-24,2022-09-09,400,16.200000,16.570000,148.000000,0.022840,16
603709.XSHG,2022-05-05,2022-09-15,100,14.190000,17.190000,300.000000,0.211416,133
300736.XSHE,2022-05-18,2022-09-15,1600,8.830000,12.190000,5376.000000,0.380521,120
300736.XSHE,2022-05-23,2022-09-15,4700,9.580000,12.190000,12267.000000,0.272443,115
600137.XSHG,2022-07-26,2022-09-15,3700,14.200000,15.070000,3219.000000,0.061268,51
600137.XSHG,2022-07-29,2022-09-15,600,14.560000,15.070000,306.000000,0.035027,48
603813.XSHG,2022-08-24,2022-09-15,3600,16.200000,16.660000,1656.000000,0.028395,22
603813.XSHG,2022-08-29,2022-09-15,200,15.900000,16.660000,152.000000,0.047799,17
600455.XSHG,2022-05-05,2022-09-20,100,17.400000,20.060000,266.000000,0.152874,138
300736.XSHE,2022-05-23,2022-09-20,100,9.580000,11.500000,192.000000,0.200418,120
300736.XSHE,2022-05-26,2022-09-20,5300,9.360000,11.500000,11342.000000,0.228632,117
300478.XSHE,2022-06-22,2022-09-20,200,10.310000,9.990000,-64.000000,-0.031038,90
002719.XSHE,2022-07-13,2022-09-20,500,6.960000,7.450000,245.000000,0.070402,69
600137.XSHG,2022-07-29,2022-09-20,3400,14.560000,13.840000,-2448.000000,-0.049451,53
600137.XSHG,2022-08-03,2022-09-20,800,13.830000,13.840000,8.000000,0.000723,48
603813.XSHG,2022-08-29,2022-09-20,3600,15.900000,15.350000,-1980.000000,-0.034591,22
603813.XSHG,2022-09-01,2022-09-20,300,15.340000,15.350000,3.000000,0.000652,19
603580.XSHG,2022-08-24,2022-09-20,5800,11.190000,10.430000,-4408.000000,-0.067918,27
603580.XSHG,2022-08-29,2022-09-20,400,10.700000,10.430000,-108.000000,-0.025234,22
600768.XSHG,2022-05-05,2022-09-23,1100,7.940000,9.790000,2035.000000,0.232997,141
300736.XSHE,2022-05-26,2022-09-23,1000,9.360000,11.630000,2270.000000,0.242521,120
300736.XSHE,2022-06-09,2022-09-23,400,9.900000,11.630000,692.000000,0.174747,106
300736.XSHE,2022-06-27,2022-09-23,500,9.980000,11.630000,825.000000,0.165331,88
300736.XSHE,2022-06-30,2022-09-23,500,9.880000,11.630000,875.000000,0.177126,85
300736.XSHE,2022-07-05,2022-09-23,400,9.770000,11.630000,744.000000,0.190379,80
300736.XSHE,2022-07-13,2022-09-23,200,9.640000,11.630000,398.000000,0.206432,72
300736.XSHE,2022-07-21,2022-09-23,300,10.090000,11.630000,462.000000,0.152626,64
300736.XSHE,2022-07-26,2022-09-23,500,10.060000,11.630000,785.000000,0.156064,59
300736.XSHE,2022-08-16,2022-09-23,600,10.960000,11.630000,402.000000,0.061131,38
300736.XSHE,2022-08-19,2022-09-23,100,11.000000,11.630000,63.000000,0.057273,35
300736.XSHE,2022-08-29,2022-09-23,500,10.510000,11.630000,560.000000,0.106565,25
300736.XSHE,2022-09-01,2022-09-23,300,10.550000,11.630000,324.000000,0.102370,22
603813.XSHG,2022-09-01,2022-09-23,3900,15.340000,15.640000,1170.000000,0.019557,22
603580.XSHG,2022-09-01,2022-09-23,3900,10.800000,11.120000,1248.000000,0.029630,22
603580.XSHG,2022-09-06,2022-09-23,2600,11.190000,11.120000,-182.000000,-0.006256,17
002862.XSHE,2022-09-15,2022-09-23,600,12.020000,13.180000,696.000000,0.096506,8
603269.XSHG,2022-09-20,2022-09-23,200,11.860000,12.670000,162.000000,0.068297,3
002719.XSHE,2022-07-13,2022-09-28,300,6.960000,7.480000,156.000000,0.074713,77
603813.XSHG,2022-09-01,2022-09-28,300,15.340000,14.730000,-183.000000,-0.039765,27
603813.XSHG,2022-09-06,2022-09-28,3700,16.350000,14.730000,-5994.000000,-0.099083,22
603580.XSHG,2022-09-06,2022-09-28,6100,11.190000,11.440000,1525.000000,0.022341,22
000023.XSHE,2022-09-06,2022-09-28,6200,10.440000,9.770000,-4154.000000,-0.064176,22
000023.XSHE,2022-09-09,2022-09-28,400,10.100000,9.770000,-132.000000,-0.032673,19
002862.XSHE,2022-09-15,2022-09-28,400,12.020000,13.830000,724.000000,0.150582,13
300478.XSHE,2022-06-22,2022-10-10,800,10.310000,9.800000,-408.000000,-0.049467,110
600137.XSHG,2022-08-03,2022-10-10,3500,13.830000,13.510000,-1120.000000,-0.023138,68
600137.XSHG,2022-08-08,2022-10-10,900,14.180000,13.510000,-603.000000,-0.047250,63
603580.XSHG,2022-09-06,2022-10-10,4600,11.190000,10.890000,-1380.000000,-0.026810,34
603580.XSHG,2022-09-09,2022-10-10,600,11.040000,10.890000,-90.000000,-0.013587,31
000023.XSHE,2022-09-09,2022-10-10,6100,10.100000,10.080000,-122.000000,-0.001980,31
000023.XSHE,2022-09-15,2022-10-10,1200,10.330000,10.080000,-300.000000,-0.024201,25
603729.XSHG,2022-06-09,2022-10-13,200,13.900000,12.860000,-208.000000,-0.074820,126
002719.XSHE,2022-07-13,2022-10-13,400,6.960000,7.210000,100.000000,0.035920,92
600137.XSHG,2022-08-08,2022-10-13,500,14.180000,14.300000,60.000000,0.008463,66
603580.XSHG,2022-09-09,2022-10-13,5100,11.040000,11.300000,1326.000000,0.023551,34
603580.XSHG,2022-09-15,2022-10-13,400,11.020000,11.300000,112.000000,0.025408,28
000023.XSHE,2022-09-15,2022-10-13,5000,10.330000,10.190000,-700.000000,-0.013553,28
000023.XSHE,2022-09-20,2022-10-13,900,9.700000,10.190000,441.000000,0.050515,23
002862.XSHE,2022-09-15,2022-10-13,4400,12.020000,12.460000,1936.000000,0.036606,28
002862.XSHE,2022-10-10,2022-10-13,200,12.620000,12.460000,-32.000000,-0.012678,3
000023.XSHE,2022-09-20,2022-10-18,5100,9.700000,10.450000,3825.000000,0.077320,28
000023.XSHE,2022-09-23,2022-10-18,500,9.840000,10.450000,305.000000,0.061992,25
300899.XSHE,2022-09-09,2022-10-18,500,22.630000,21.830000,-400.000000,-0.035351,39
300417.XSHE,2022-09-20,2022-10-18,6100,9.870000,10.320000,2745.000000,0.045593,28
300417.XSHE,2022-09-23,2022-10-18,700,10.270000,10.320000,35.000000,0.004869,25
603269.XSHG,2022-09-20,2022-10-18,4900,11.860000,12.750000,4361.000000,0.075042,28
603269.XSHG,2022-09-28,2022-10-18,500,11.960000,12.750000,395.000000,0.066054,20
600455.XSHG,2022-05-05,2022-10-21,200,17.400000,20.300000,580.000000,0.166667,169
603709.XSHG,2022-05-05,2022-10-21,300,14.190000,15.530000,402.000000,0.094433,169
600137.XSHG,2022-08-08,2022-10-21,2800,14.180000,14.700000,1456.000000,0.036671,74
600137.XSHG,2022-08-11,2022-10-21,1300,14.620000,14.700000,104.000000,0.005472,71
000023.XSHE,2022-09-23,2022-10-21,6100,9.840000,10.250000,2501.000000,0.041667,28
300899.XSHE,2022-09-09,2022-10-21,2300,22.630000,21.860000,-1771.000000,-0.034026,42
300899.XSHE,2022-09-15,2022-10-21,800,22.890000,21.860000,-824.000000,-0.044998,36
300417.XSHE,2022-09-23,2022-10-21,5200,10.270000,10.500000,1196.000000,0.022395,28
300417.XSHE,2022-09-28,2022-10-21,1400,9.840000,10.500000,924.000000,0.067073,23
600768.XSHG,2022-05-05,2022-10-26,200,7.940000,9.120000,236.000000,0.148615,174
600455.XSHG,2022-05-05,2022-10-26,100,17.400000,19.870000,247.000000,0.141954,174
600137.XSHG,2022-08-11,2022-10-26,3700,14.620000,13.980000,-2368.000000,-0.043776,76
600137.XSHG,2022-08-16,2022-10-26,400,14.680000,13.980000,-280.000000,-0.047684,71
600137.XSHG,2022-08-19,2022-10-26,100,14.710000,13.980000,-73.000000,-0.049626,68
600137.XSHG,2022-10-18,2022-10-26,100,15.080000,13.980000,-110.000000,-0.072944,8
300899.XSHE,2022-09-15,2022-10-26,2000,22.890000,21.100000,-3580.000000,-0.078200,41
300899.XSHE,2022-09-20,2022-10-26,800,20.660000,21.100000,352.000000,0.021297,36
300417.XSHE,2022-09-28,2022-10-26,5100,9.840000,10.200000,1836.000000,0.036585,28
300417.XSHE,2022-10-10,2022-10-26,900,9.410000,10.200000,711.000000,0.083953,16
603269.XSHG,2022-09-28,2022-10-26,4700,11.960000,12.430000,2209.000000,0.039298,28
603269.XSHG,2022-10-13,2022-10-26,300,11.490000,12.430000,282.000000,0.081810,13
600455.XSHG,2022-05-05,2022-10-31,700,17.400000,20.630000,2261.000000,0.185632,179
603729.XSHG,2022-06-09,2022-10-31,300,13.900000,12.720000,-354.000000,-0.084892,144
300417.XSHE,2022-10-10,2022-10-31,5600,9.410000,10.160000,4200.000000,0.079702,21
300417.XSHE,2022-10-13,2022-10-31,400,9.390000,10.160000,308.000000,0.082002,18
603709.XSHG,2022-05-05,2022-11-03,300,14.190000,15.620000,429.000000,0.100775,182
002719.XSHE,2022-07-13,2022-11-03,300,6.960000,7.490000,159.000000,0.076149,113
300899.XSHE,2022-09-20,2022-11-03,2300,20.660000,22.000000,3082.000000,0.064860,44
300899.XSHE,2022-09-23,2022-11-03,600,20.880000,22.000000,672.000000,0.053640,41
300417.XSHE,2022-10-13,2022-11-03,6000,9.390000,10.560000,7020.000000,0.124601,21
603269.XSHG,2022-10-13,2022-11-03,5000,11.490000,12.780000,6450.000000,0.112272,21
300535.XSHE,2022-10-10,2022-11-03,400,12.360000,13.390000,412.000000,0.083333,24
600768.XSHG,2022-05-05,2022-11-08,700,7.940000,9.650000,1197.000000,0.215365,187
603729.XSHG,2022-06-09,2022-11-08,100,13.900000,13.610000,-29.000000,-0.020863,152
300899.XSHE,2022-09-23,2022-11-08,2500,20.880000,22.770000,4725.000000,0.090517,46
300899.XSHE,2022-09-28,2022-11-08,400,20.240000,22.770000,1012.000000,0.125000,41
300321.XSHE,2022-10-10,2022-11-08,4000,14.430000,16.280000,7400.000000,0.128205,29
300321.XSHE,2022-10-13,2022-11-08,400,14.520000,16.280000,704.000000,0.121212,26
002856.XSHE,2022-10-18,2022-11-08,300,10.210000,10.500000,87.000000,0.028404,21
600768.XSHG,2022-05-05,2022-11-11,300,7.940000,9.840000,570.000000,0.239295,190
603709.XSHG,2022-05-05,2022-11-11,300,14.190000,16.220000,609.000000,0.143058,190
002719.XSHE,2022-07-13,2022-11-11,300,6.960000,7.800000,252.000000,0.120690,121
603958.XSHG,2022-10-21,2022-11-11,9700,6.310000,6.560000,2425.000000,0.039620,21
603958.XSHG,2022-10-26,2022-11-11,300,6.110000,6.560000,135.000000,0.073650,16
002652.XSHE,2022-11-03,2022-11-11,800,2.710000,2.880000,136.000000,0.062731,8
603709.XSHG,2022-05-05,2022-11-14,700,14.190000,16.950000,1932.000000,0.194503,193
603729.XSHG,2022-06-09,2022-11-16,300,13.900000,14.150000,75.000000,0.017986,160
300321.XSHE,2022-10-13,2022-11-16,100,14.520000,16.570000,205.000000,0.141185,34
002856.XSHE,2022-10-18,2022-11-16,5700,10.210000,10.870000,3762.000000,0.064643,29
002856.XSHE,2022-10-21,2022-11-16,600,10.240000,10.870000,378.000000,0.061523,26
600768.XSHG,2022-05-05,2022-11-21,100,7.940000,9.900000,196.000000,0.246851,200
600455.XSHG,2022-05-05,2022-11-21,200,17.400000,22.150000,950.000000,0.272989,200
600455.XSHG,2022-05-10,2022-11-21,200,17.300000,22.150000,970.000000,0.280347,195
603729.XSHG,2022-06-09,2022-11-21,100,13.900000,14.320000,42.000000,0.030216,165
603958.XSHG,2022-10-26,2022-11-21,200,6.110000,6.680000,114.000000,0.093290,26
002652.XSHE,2022-11-03,2022-11-21,3100,2.710000,3.130000,1302.000000,0.154982,18
600768.XSHG,2022-05-05,2022-11-24,500,7.940000,9.840000,950.000000,0.239295,203
300478.XSHE,2022-06-22,2022-11-24,100,10.310000,10.220000,-9.000000,-0.008729,155
002856.XSHE,2022-10-21,2022-11-24,5600,10.240000,10.710000,2632.000000,0.045898,34
002856.XSHE,2022-10-26,2022-11-24,900,9.970000,10.710000,666.000000,0.074223,29
600137.XSHG,2022-11-03,2022-11-24,4400,14.200000,14.850000,2860.000000,0.045775,21
002652.XSHE,2022-11-03,2022-11-24,18600,2.710000,3.120000,7626.000000,0.151292,21
002652.XSHE,2022-11-08,2022-11-24,3100,2.790000,3.120000,1023.000000,0.118280,16
600455.XSHG,2022-05-10,2022-11-29,300,17.300000,21.700000,1320.000000,0.254335,203
603709.XSHG,2022-05-05,2022-11-29,200,14.190000,16.460000,454.000000,0.159972,208
603709.XSHG,2022-05-10,2022-11-29,200,14.360000,16.460000,420.000000,0.146240,203
603729.XSHG,2022-06-09,2022-11-29,200,13.900000,14.150000,50.000000,0.017986,173
603958.XSHG,2022-10-26,2022-11-29,9200,6.110000,6.470000,3312.000000,0.058920,34
603958.XSHG,2022-10-31,2022-11-29,600,6.040000,6.470000,258.000000,0.071192,29
002652.XSHE,2022-11-08,2022-11-29,20700,2.790000,3.190000,8280.000000,0.143369,21
002652.XSHE,2022-11-16,2022-11-29,300,2.900000,3.190000,87.000000,0.100000,13
600768.XSHG,2022-05-05,2022-12-02,200,7.940000,9.880000,388.000000,0.244332,211
300478.XSHE,2022-06-22,2022-12-02,900,10.310000,10.410000,90.000000,0.009699,163
002719.XSHE,2022-07-13,2022-12-02,200,6.960000,8.020000,212.000000,0.152299,142
002719.XSHE,2022-07-18,2022-12-02,1200,6.540000,8.020000,1776.000000,0.226300,137
300321.XSHE,2022-10-13,2022-12-02,3600,14.520000,16.220000,6120.000000,0.117080,50
300321.XSHE,2022-10-18,2022-12-02,300,15.560000,16.220000,198.000000,0.042416,45
002856.XSHE,2022-10-26,2022-12-02,5200,9.970000,10.640000,3484.000000,0.067202,37
002856.XSHE,2022-10-31,2022-12-02,700,9.830000,10.640000,567.000000,0.082401,32
603958.XSHG,2022-11-08,2022-12-02,500,6.460000,6.910000,225.000000,0.069659,24
600455.XSHG,2022-05-10,2022-12-07,100,17.300000,22.100000,480.000000,0.277457,211
002719.XSHE,2022-07-18,2022-12-07,200,6.540000,8.190000,330.000000,0.252294,142
300321.XSHE,2022-10-18,2022-12-07,3800,15.560000,16.490000,3534.000000,0.059769,50
300321.XSHE,2022-10-21,2022-12-07,300,15.680000,16.490000,243.000000,0.051658,47
603958.XSHG,2022-11-08,2022-12-07,9500,6.460000,6.870000,3895.000000,0.063467,29
603958.XSHG,2022-11-16,2022-12-07,200,6.550000,6.870000,64.000000,0.048855,21
300321.XSHE,2022-10-21,2022-12-12,3500,15.680000,16.440000,2660.000000,0.048469,52
300321.XSHE,2022-10-26,2022-12-12,500,14.940000,16.440000,750.000000,0.100402,47
002856.XSHE,2022-10-31,2022-12-12,5500,9.830000,10.850000,5610.000000,0.103764,42
002856.XSHE,2022-11-03,2022-12-12,600,10.100000,10.850000,450.000000,0.074257,39
300535.XSHE,2022-10-10,2022-12-12,4300,12.360000,16.190000,16469.000000,0.309871,63
300535.XSHE,2022-10-18,2022-12-12,3400,13.150000,16.190000,10336.000000,0.231179,55
002719.XSHE,2022-07-18,2022-12-15,7900,6.540000,8.530000,15721.000000,0.304281,150
002719.XSHE,2022-07-21,2022-12-15,1500,6.950000,8.530000,2370.000000,0.227338,147
300535.XSHE,2022-10-18,2022-12-15,1500,13.150000,14.880000,2595.000000,0.131559,58
300535.XSHE,2022-10-21,2022-12-15,1500,12.950000,14.880000,2895.000000,0.149035,55
002856.XSHE,2022-11-03,2022-12-15,100,10.100000,10.760000,66.000000,0.065347,42
600455.XSHG,2022-05-10,2022-12-20,2200,17.300000,22.800000,12100.000000,0.317919,224
600455.XSHG,2022-05-13,2022-12-20,1600,17.600000,22.800000,8320.000000,0.295455,221
300478.XSHE,2022-06-22,2022-12-20,100,10.310000,9.900000,-41.000000,-0.039767,181
002719.XSHE,2022-07-21,2022-12-20,7200,6.950000,8.080000,8136.000000,0.162590,152
002719.XSHE,2022-08-19,2022-12-20,300,8.550000,8.080000,-141.000000,-0.054971,123
300535.XSHE,2022-10-21,2022-12-20,3400,12.950000,14.170000,4148.000000,0.094208,60
300535.XSHE,2022-10-26,2022-12-20,1000,12.690000,14.170000,1480.000000,0.116627,55
600455.XSHG,2022-05-13,2022-12-23,1300,17.600000,22.460000,6318.000000,0.276136,224
600455.XSHG,2022-05-18,2022-12-23,1600,17.920000,22.460000,7264.000000,0.253348,219
300535.XSHE,2022-10-26,2022-12-23,3700,12.690000,13.510000,3034.000000,0.064618,58
300535.XSHE,2022-11-08,2022-12-23,300,13.540000,13.510000,-9.000000,-0.002216,45
300535.XSHE,2022-11-11,2022-12-23,200,13.530000,13.510000,-4.000000,-0.001478,42
300535.XSHE,2022-11-16,2022-12-23,100,13.680000,13.510000,-17.000000,-0.012427,37
300535.XSHE,2022-11-24,2022-12-23,100,13.540000,13.510000,-3.000000,-0.002216,29
300535.XSHE,2022-11-24,2022-12-23,100,13.540000,13.510000,-3.000000,-0.002216,29
600455.XSHG,2022-05-18,2022-12-28,1100,17.920000,22.440000,4972.000000,0.252232,224
600455.XSHG,2022-05-23,2022-12-28,1500,18.700000,22.440000,5610.000000,0.200000,219
300535.XSHE,2022-11-24,2022-12-28,4500,13.540000,13.300000,-1080.000000,-0.017725,34
300535.XSHE,2022-12-02,2022-12-28,300,13.600000,13.300000,-90.000000,-0.022059,26
002719.XSHE,2022-08-19,2022-12-30,2500,8.550000,15.930000,18450.000000,0.863158,133
002719.XSHE,2022-08-24,2022-12-30,900,8.200000,15.930000,6957.000000,0.942683,128
002719.XSHE,2022-08-29,2022-12-30,300,7.760000,15.930000,2451.000000,1.052835,123
002719.XSHE,2022-09-01,2022-12-30,7700,7.840000,15.930000,62293.000000,1.031888,120
002719.XSHE,2022-09-06,2022-12-30,8700,8.030000,15.930000,68730.000000,0.983811,115
600768.XSHG,2022-05-05,2023-01-03,100,7.940000,9.200000,126.000000,0.158690,243
600768.XSHG,2022-05-10,2023-01-03,6400,7.860000,9.200000,8576.000000,0.170483,238
600768.XSHG,2022-05-13,2023-01-03,6400,7.920000,9.200000,8192.000000,0.161616,235
600768.XSHG,2022-05-18,2023-01-03,6000,8.080000,9.200000,6720.000000,0.138614,230
600768.XSHG,2022-05-23,2023-01-03,4400,8.930000,9.200000,1188.000000,0.030235,225
600768.XSHG,2022-05-26,2023-01-03,300,8.910000,9.200000,87.000000,0.032548,222
600768.XSHG,2022-05-31,2023-01-03,200,8.910000,9.200000,58.000000,0.032548,217
600768.XSHG,2022-06-14,2023-01-03,300,9.060000,9.200000,42.000000,0.015453,203
600768.XSHG,2022-06-22,2023-01-03,100,9.250000,9.200000,-5.000000,-0.005405,195
600768.XSHG,2022-06-22,2023-01-03,100,9.250000,9.200000,-5.000000,-0.005405,195
600768.XSHG,2022-06-27,2023-01-03,200,9.270000,9.200000,-14.000000,-0.007551,190
600768.XSHG,2022-06-30,2023-01-03,200,9.280000,9.200000,-16.000000,-0.008621,187
600768.XSHG,2022-07-13,2023-01-03,100,9.000000,9.200000,20.000000,0.022222,174
600768.XSHG,2022-07-13,2023-01-03,800,9.000000,9.200000,160.000000,0.022222,174
600768.XSHG,2022-07-26,2023-01-03,600,9.520000,9.200000,-192.000000,-0.033613,161
600768.XSHG,2022-08-08,2023-01-03,400,9.800000,9.200000,-240.000000,-0.061224,148
600768.XSHG,2022-08-16,2023-01-03,700,10.420000,9.200000,-854.000000,-0.117083,140
600768.XSHG,2022-08-19,2023-01-03,100,10.480000,9.200000,-128.000000,-0.122137,137
600768.XSHG,2022-08-24,2023-01-03,400,10.300000,9.200000,-440.000000,-0.106796,132
600768.XSHG,2022-09-01,2023-01-03,100,10.080000,9.200000,-88.000000,-0.087302,124
600768.XSHG,2022-09-06,2023-01-03,700,10.230000,9.200000,-721.000000,-0.100684,119
600768.XSHG,2022-09-15,2023-01-03,200,10.200000,9.200000,-200.000000,-0.098039,110
600768.XSHG,2022-09-20,2023-01-03,200,9.210000,9.200000,-2.000000,-0.001086,105
600768.XSHG,2022-09-20,2023-01-03,700,9.210000,9.200000,-7.000000,-0.001086,105
600768.XSHG,2022-09-28,2023-01-03,200,9.200000,9.200000,0.000000,0.000000,97
600768.XSHG,2022-09-28,2023-01-03,100,9.200000,9.200000,0.000000,0.000000,97
600768.XSHG,2022-10-10,2023-01-03,600,8.920000,9.200000,168.000000,0.031390,85
600768.XSHG,2022-10-10,2023-01-03,400,8.920000,9.200000,112.000000,0.031390,85
600768.XSHG,2022-10-13,2023-01-03,200,8.830000,9.200000,74.000000,0.041903,82
600768.XSHG,2022-10-13,2023-01-03,200,8.830000,9.200000,74.000000,0.041903,82
600768.XSHG,2022-10-18,2023-01-03,100,9.430000,9.200000,-23.000000,-0.024390,77
600768.XSHG,2022-10-21,2023-01-03,200,9.290000,9.200000,-18.000000,-0.009688,74
600768.XSHG,2022-10-31,2023-01-03,500,8.840000,9.200000,180.000000,0.040724,64
600768.XSHG,2022-11-03,2023-01-03,300,9.150000,9.200000,15.000000,0.005464,61
600768.XSHG,2022-11-16,2023-01-03,600,9.790000,9.200000,-354.000000,-0.060266,48
600768.XSHG,2022-11-29,2023-01-03,400,9.680000,9.200000,-192.000000,-0.049587,35
600768.XSHG,2022-11-29,2023-01-03,100,9.680000,9.200000,-48.000000,-0.049587,35
600768.XSHG,2022-12-15,2023-01-03,400,9.950000,9.200000,-300.000000,-0.075377,19
600768.XSHG,2022-12-20,2023-01-03,600,9.420000,9.200000,-132.000000,-0.023355,14
600768.XSHG,2022-12-23,2023-01-03,100,9.110000,9.200000,9.000000,0.009879,11
600455.XSHG,2022-05-23,2023-01-03,1300,18.700000,22.120000,4446.000000,0.182888,225
600455.XSHG,2022-06-06,2023-01-03,100,19.680000,22.120000,244.000000,0.123984,211
600455.XSHG,2022-06-09,2023-01-03,300,19.290000,22.120000,849.000000,0.146708,208
600455.XSHG,2022-06-22,2023-01-03,600,19.060000,22.120000,1836.000000,0.160546,195
600455.XSHG,2022-06-27,2023-01-03,100,19.120000,22.120000,300.000000,0.156904,190
600455.XSHG,2022-07-21,2023-01-03,200,20.150000,22.120000,394.000000,0.097767,166
600455.XSHG,2022-08-03,2023-01-03,300,19.800000,22.120000,696.000000,0.117172,153
600455.XSHG,2022-08-11,2023-01-03,100,22.250000,22.120000,-13.000000,-0.005843,145
600455.XSHG,2022-08-16,2023-01-03,600,21.710000,22.120000,246.000000,0.018885,140
600455.XSHG,2022-08-24,2023-01-03,100,21.580000,22.120000,54.000000,0.025023,132
600455.XSHG,2022-08-24,2023-01-03,100,21.580000,22.120000,54.000000,0.025023,132
600455.XSHG,2022-08-29,2023-01-03,100,20.590000,22.120000,153.000000,0.074308,127
600455.XSHG,2022-09-09,2023-01-03,100,21.120000,22.120000,100.000000,0.047348,116
600455.XSHG,2022-09-23,2023-01-03,400,19.990000,22.120000,852.000000,0.106553,102
600455.XSHG,2022-10-10,2023-01-03,100,18.890000,22.120000,323.000000,0.170990,85
600455.XSHG,2022-10-13,2023-01-03,100,18.750000,22.120000,337.000000,0.179733,82
600455.XSHG,2022-11-03,2023-01-03,200,21.070000,22.120000,210.000000,0.049834,61
600455.XSHG,2022-11-08,2023-01-03,300,21.030000,22.120000,327.000000,0.051831,56
600455.XSHG,2022-11-11,2023-01-03,100,21.300000,22.120000,82.000000,0.038498,53
600455.XSHG,2022-11-16,2023-01-03,200,21.350000,22.120000,154.000000,0.036066,48
600455.XSHG,2022-11-24,2023-01-03,300,21.100000,22.120000,306.000000,0.048341,40
600455.XSHG,2022-11-24,2023-01-03,100,21.100000,22.120000,102.000000,0.048341,40
600455.XSHG,2022-12-02,2023-01-03,200,21.430000,22.120000,138.000000,0.032198,32
603709.XSHG,2022-05-10,2023-01-03,3200,14.360000,15.400000,3328.000000,0.072423,238
603709.XSHG,2022-05-13,2023-01-03,2900,15.300000,15.400000,290.000000,0.006536,235
603709.XSHG,2022-05-18,2023-01-03,3700,15.000000,15.400000,1480.000000,0.026667,230
603709.XSHG,2022-05-23,2023-01-03,3300,15.700000,15.400000,-990.000000,-0.019108,225
603709.XSHG,2022-05-26,2023-01-03,400,15.460000,15.400000,-24.000000,-0.003881,222
603709.XSHG,2022-06-14,2023-01-03,300,15.630000,15.400000,-69.000000,-0.014715,203
603709.XSHG,2022-06-17,2023-01-03,100,15.650000,15.400000,-25.000000,-0.015974,200
603709.XSHG,2022-06-30,2023-01-03,300,15.850000,15.400000,-135.000000,-0.028391,187
603709.XSHG,2022-07-08,2023-01-03,700,15.420000,15.400000,-14.000000,-0.001297,179
603709.XSHG,2022-07-18,2023-01-03,400,15.370000,15.400000,12.000000,0.001952,169
603709.XSHG,2022-07-21,2023-01-03,400,16.200000,15.400000,-320.000000,-0.049383,166
603709.XSHG,2022-07-26,2023-01-03,100,16.280000,15.400000,-88.000000,-0.054054,161
603709.XSHG,2022-07-29,2023-01-03,200,16.360000,15.400000,-192.000000,-0.058680,158
603709.XSHG,2022-08-08,2023-01-03,100,16.200000,15.400000,-80.000000,-0.049383,148
603709.XSHG,2022-08-11,2023-01-03,600,16.730000,15.400000,-798.000000,-0.079498,145
603709.XSHG,2022-08-19,2023-01-03,100,17.170000,15.400000,-177.000000,-0.103087,137
603709.XSHG,2022-08-24,2023-01-03,100,17.040000,15.400000,-164.000000,-0.096244,132
603709.XSHG,2022-09-06,2023-01-03,100,17.090000,15.400000,-169.000000,-0.098888,119
603709.XSHG,2022-09-23,2023-01-03,100,15.970000,15.400000,-57.000000,-0.035692,102
603709.XSHG,2022-09-23,2023-01-03,300,15.970000,15.400000,-171.000000,-0.035692,102
603709.XSHG,2022-09-28,2023-01-03,200,15.390000,15.400000,2.000000,0.000650,97
603709.XSHG,2022-10-10,2023-01-03,100,14.900000,15.400000,50.000000,0.033557,85
603709.XSHG,2022-10-13,2023-01-03,100,14.910000,15.400000,49.000000,0.032864,82
603709.XSHG,2022-10-18,2023-01-03,100,15.370000,15.400000,3.000000,0.001952,77
603709.XSHG,2022-10-18,2023-01-03,700,15.370000,15.400000,21.000000,0.001952,77
603709.XSHG,2022-10-31,2023-01-03,200,14.690000,15.400000,142.000000,0.048332,64
603709.XSHG,2022-11-08,2023-01-03,300,15.760000,15.400000,-108.000000,-0.022843,56
603709.XSHG,2022-11-21,2023-01-03,700,16.320000,15.400000,-644.000000,-0.056373,43
603709.XSHG,2022-11-21,2023-01-03,200,16.320000,15.400000,-184.000000,-0.056373,43
603709.XSHG,2022-12-02,2023-01-03,100,16.450000,15.400000,-105.000000,-0.063830,32
603709.XSHG,2022-12-15,2023-01-03,100,16.760000,15.400000,-136.000000,-0.081146,19
603709.XSHG,2022-12-20,2023-01-03,100,16.030000,15.400000,-63.000000,-0.039301,14
603709.XSHG,2022-12-28,2023-01-03,1000,15.650000,15.400000,-250.000000,-0.015974,6
603729.XSHG,2022-06-09,2023-01-03,1600,13.900000,13.260000,-1024.000000,-0.046043,208
603729.XSHG,2022-06-14,2023-01-03,3900,13.820000,13.260000,-2184.000000,-0.040521,203
603729.XSHG,2022-06-17,2023-01-03,4400,13.500000,13.260000,-1056.000000,-0.017778,200
603729.XSHG,2022-06-22,2023-01-03,4500,13.160000,13.260000,450.000000,0.007599,195
603729.XSHG,2022-06-27,2023-01-03,4000,13.460000,13.260000,-800.000000,-0.014859,190
603729.XSHG,2022-06-30,2023-01-03,300,13.350000,13.260000,-27.000000,-0.006742,187
603729.XSHG,2022-07-05,2023-01-03,100,13.290000,13.260000,-3.000000,-0.002257,182
603729.XSHG,2022-07-13,2023-01-03,100,13.010000,13.260000,25.000000,0.019216,174
603729.XSHG,2022-07-18,2023-01-03,100,12.700000,13.260000,56.000000,0.044094,169
603729.XSHG,2022-07-29,2023-01-03,500,14.150000,13.260000,-445.000000,-0.062898,158
603729.XSHG,2022-08-03,2023-01-03,100,13.540000,13.260000,-28.000000,-0.020679,153
603729.XSHG,2022-08-08,2023-01-03,100,13.970000,13.260000,-71.000000,-0.050823,148
603729.XSHG,2022-08-11,2023-01-03,300,14.670000,13.260000,-423.000000,-0.096115,145
603729.XSHG,2022-08-16,2023-01-03,300,14.800000,13.260000,-462.000000,-0.104054,140
603729.XSHG,2022-08-24,2023-01-03,300,14.660000,13.260000,-420.000000,-0.095498,132
603729.XSHG,2022-09-09,2023-01-03,700,14.260000,13.260000,-700.000000,-0.070126,116
603729.XSHG,2022-09-20,2023-01-03,200,13.300000,13.260000,-8.000000,-0.003008,105
603729.XSHG,2022-09-23,2023-01-03,300,13.440000,13.260000,-54.000000,-0.013393,102
603729.XSHG,2022-10-10,2023-01-03,200,12.680000,13.260000,116.000000,0.045741,85
603729.XSHG,2022-10-21,2023-01-03,600,13.130000,13.260000,78.000000,0.009901,74
603729.XSHG,2022-10-21,2023-01-03,300,13.130000,13.260000,39.000000,0.009901,74
603729.XSHG,2022-10-26,2023-01-03,200,12.630000,13.260000,126.000000,0.049881,69
603729.XSHG,2022-11-03,2023-01-03,100,13.150000,13.260000,11.000000,0.008365,61
603729.XSHG,2022-12-02,2023-01-03,200,14.150000,13.260000,-178.000000,-0.062898,32
603729.XSHG,2022-12-07,2023-01-03,200,14.250000,13.260000,-198.000000,-0.069474,27
603729.XSHG,2022-12-20,2023-01-03,700,13.400000,13.260000,-98.000000,-0.010448,14
603729.XSHG,2022-12-23,2023-01-03,200,13.120000,13.260000,28.000000,0.010671,11
603729.XSHG,2022-12-28,2023-01-03,500,13.310000,13.260000,-25.000000,-0.003757,6
300478.XSHE,2022-06-22,2023-01-03,2100,10.310000,9.220000,-2289.000000,-0.105723,195
300478.XSHE,2022-06-27,2023-01-03,5400,10.390000,9.220000,-6318.000000,-0.112608,190
300478.XSHE,2022-06-30,2023-01-03,5100,10.660000,9.220000,-7344.000000,-0.135084,187
300478.XSHE,2022-07-05,2023-01-03,5600,10.520000,9.220000,-7280.000000,-0.123574,182
300478.XSHE,2022-07-08,2023-01-03,5600,10.200000,9.220000,-5488.000000,-0.096078,179
300478.XSHE,2022-07-13,2023-01-03,300,10.060000,9.220000,-252.000000,-0.083499,174
300478.XSHE,2022-07-18,2023-01-03,200,9.810000,9.220000,-118.000000,-0.060143,169
300478.XSHE,2022-07-21,2023-01-03,300,10.430000,9.220000,-363.000000,-0.116012,166
300478.XSHE,2022-07-29,2023-01-03,600,10.480000,9.220000,-756.000000,-0.120229,158
300478.XSHE,2022-08-11,2023-01-03,1100,10.920000,9.220000,-1870.000000,-0.155678,145
300478.XSHE,2022-08-16,2023-01-03,400,11.000000,9.220000,-712.000000,-0.161818,140
300478.XSHE,2022-08-19,2023-01-03,200,10.990000,9.220000,-354.000000,-0.161056,137
300478.XSHE,2022-09-01,2023-01-03,300,10.610000,9.220000,-417.000000,-0.131008,124
300478.XSHE,2022-09-06,2023-01-03,500,10.810000,9.220000,-795.000000,-0.147086,119
300478.XSHE,2022-09-15,2023-01-03,700,10.680000,9.220000,-1022.000000,-0.136704,110
300478.XSHE,2022-09-23,2023-01-03,400,10.070000,9.220000,-340.000000,-0.084409,102
300478.XSHE,2022-09-28,2023-01-03,200,9.820000,9.220000,-120.000000,-0.061100,97
300478.XSHE,2022-10-18,2023-01-03,200,10.440000,9.220000,-244.000000,-0.116858,77
300478.XSHE,2022-10-21,2023-01-03,100,10.180000,9.220000,-96.000000,-0.094303,74
300478.XSHE,2022-10-21,2023-01-03,400,10.180000,9.220000,-384.000000,-0.094303,74
300478.XSHE,2022-10-31,2023-01-03,400,9.680000,9.220000,-184.000000,-0.047521,64
300478.XSHE,2022-11-03,2023-01-03,300,9.900000,9.220000,-204.000000,-0.068687,61
300478.XSHE,2022-11-03,2023-01-03,200,9.900000,9.220000,-136.000000,-0.068687,61
300478.XSHE,2022-11-11,2023-01-03,200,10.260000,9.220000,-208.000000,-0.101365,53
300478.XSHE,2022-11-21,2023-01-03,100,10.360000,9.220000,-114.000000,-0.110039,43
300478.XSHE,2022-11-21,2023-01-03,200,10.360000,9.220000,-228.000000,-0.110039,43
300478.XSHE,2022-11-29,2023-01-03,700,9.970000,9.220000,-525.000000,-0.075226,35
300478.XSHE,2022-12-07,2023-01-03,200,10.480000,9.220000,-252.000000,-0.120229,27
300478.XSHE,2022-12-15,2023-01-03,1000,10.210000,9.220000,-990.000000,-0.096964,19
300478.XSHE,2022-12-23,2023-01-03,700,9.540000,9.220000,-224.000000,-0.033543,11
300478.XSHE,2022-12-28,2023-01-03,900,9.630000,9.220000,-369.000000,-0.042575,6
002719.XSHE,2022-09-06,2023-01-03,300,8.030000,15.700000,2301.000000,0.955168,119
002719.XSHE,2022-09-09,2023-01-03,400,7.830000,15.700000,3148.000000,1.005109,116
002719.XSHE,2022-09-15,2023-01-03,100,7.900000,15.700000,780.000000,0.987342,110
002719.XSHE,2022-09-23,2023-01-03,200,7.570000,15.700000,1626.000000,1.073976,102
002719.XSHE,2022-10-10,2023-01-03,900,7.090000,15.700000,7749.000000,1.214386,85
002719.XSHE,2022-10-18,2023-01-03,600,7.590000,15.700000,4866.000000,1.068511,77
002719.XSHE,2022-10-21,2023-01-03,200,7.490000,15.700000,1642.000000,1.096128,74
002719.XSHE,2022-10-31,2023-01-03,400,7.130000,15.700000,3428.000000,1.201964,64
002719.XSHE,2022-11-08,2023-01-03,200,7.640000,15.700000,1612.000000,1.054974,56
002719.XSHE,2022-11-08,2023-01-03,100,7.640000,15.700000,806.000000,1.054974,56
002719.XSHE,2022-11-16,2023-01-03,500,7.810000,15.700000,3945.000000,1.010243,48
002719.XSHE,2022-11-29,2023-01-03,300,7.650000,15.700000,2415.000000,1.052288,35
300899.XSHE,2022-09-28,2023-01-03,2700,20.240000,19.710000,-1431.000000,-0.026186,97
300899.XSHE,2022-10-13,2023-01-03,200,19.490000,19.710000,44.000000,0.011288,82
300899.XSHE,2022-11-11,2023-01-03,200,22.660000,19.710000,-590.000000,-0.130185,53
300899.XSHE,2022-11-11,2023-01-03,2600,22.660000,19.710000,-7670.000000,-0.130185,53
300899.XSHE,2022-11-16,2023-01-03,200,22.580000,19.710000,-574.000000,-0.127104,48
300899.XSHE,2022-11-16,2023-01-03,2900,22.580000,19.710000,-8323.000000,-0.127104,48
300899.XSHE,2022-11-24,2023-01-03,3100,21.830000,19.710000,-6572.000000,-0.097114,40
300899.XSHE,2022-11-29,2023-01-03,300,21.570000,19.710000,-558.000000,-0.086231,35
300899.XSHE,2022-12-02,2023-01-03,3000,21.740000,19.710000,-6090.000000,-0.093376,32
300899.XSHE,2022-12-07,2023-01-03,100,22.010000,19.710000,-230.000000,-0.104498,27
300899.XSHE,2022-12-15,2023-01-03,300,21.630000,19.710000,-576.000000,-0.088766,19
300899.XSHE,2022-12-20,2023-01-03,200,20.600000,19.710000,-178.000000,-0.043204,14
300899.XSHE,2022-12-23,2023-01-03,300,19.920000,19.710000,-63.000000,-0.010542,11
300899.XSHE,2022-12-28,2023-01-03,600,19.900000,19.710000,-114.000000,-0.009548,6
300321.XSHE,2022-10-26,2023-01-03,3800,14.940000,14.730000,-798.000000,-0.014056,69
300321.XSHE,2022-11-11,2023-01-03,100,16.080000,14.730000,-135.000000,-0.083955,53
300321.XSHE,2022-11-11,2023-01-03,200,16.080000,14.730000,-270.000000,-0.083955,53
300321.XSHE,2022-11-24,2023-01-03,100,16.110000,14.730000,-138.000000,-0.085661,40
300321.XSHE,2022-12-20,2023-01-03,4200,15.410000,14.730000,-2856.000000,-0.044127,14
300321.XSHE,2022-12-23,2023-01-03,3300,14.920000,14.730000,-627.000000,-0.012735,11
300321.XSHE,2022-12-28,2023-01-03,1000,14.990000,14.730000,-260.000000,-0.017345,6
002856.XSHE,2022-11-03,2023-01-03,5900,10.100000,10.020000,-472.000000,-0.007921,61
002856.XSHE,2022-11-21,2023-01-03,400,10.710000,10.020000,-276.000000,-0.064426,43
002856.XSHE,2022-12-20,2023-01-03,100,10.080000,10.020000,-6.000000,-0.005952,14
002856.XSHE,2022-12-28,2023-01-03,200,10.120000,10.020000,-20.000000,-0.009881,6
300836.XSHE,2022-11-24,2023-01-03,2900,22.260000,20.090000,-6293.000000,-0.097484,40
300836.XSHE,2022-11-29,2023-01-03,2900,21.710000,20.090000,-4698.000000,-0.074620,35
300836.XSHE,2022-12-02,2023-01-03,3200,22.030000,20.090000,-6208.000000,-0.088062,32
300836.XSHE,2022-12-12,2023-01-03,3300,22.200000,20.090000,-6963.000000,-0.095045,22
300836.XSHE,2022-12-15,2023-01-03,100,21.730000,20.090000,-164.000000,-0.075472,19
300836.XSHE,2022-12-20,2023-01-03,100,20.850000,20.090000,-76.000000,-0.036451,14
300836.XSHE,2022-12-23,2023-01-03,100,20.350000,20.090000,-26.000000,-0.012776,11
300836.XSHE,2022-12-28,2023-01-03,3000,20.540000,20.090000,-1350.000000,-0.021908,6
300555.XSHE,2022-12-02,2023-01-03,9700,6.810000,6.250000,-5432.000000,-0.082232,32
300555.XSHE,2022-12-07,2023-01-03,9900,6.870000,6.250000,-6138.000000,-0.090247,27
300555.XSHE,2022-12-12,2023-01-03,8700,6.790000,6.250000,-4698.000000,-0.079529,22
300555.XSHE,2022-12-15,2023-01-03,12000,6.710000,6.250000,-5520.000000,-0.068554,19
300555.XSHE,2022-12-20,2023-01-03,9200,6.590000,6.250000,-3128.000000,-0.051593,14
300555.XSHE,2022-12-23,2023-01-03,1500,6.300000,6.250000,-75.000000,-0.007937,11
300555.XSHE,2022-12-28,2023-01-03,100,6.450000,6.250000,-20.000000,-0.031008,6
300417.XSHE,2022-12-07,2023-01-03,6200,10.690000,9.720000,-6014.000000,-0.090739,27
300417.XSHE,2022-12-15,2023-01-03,13400,10.320000,9.720000,-8040.000000,-0.058140,19
300417.XSHE,2022-12-20,2023-01-03,6800,9.870000,9.720000,-1020.000000,-0.015198,14
300417.XSHE,2022-12-23,2023-01-03,5000,9.900000,9.720000,-900.000000,-0.018182,11
511880.XSHG,2023-01-03,2023-02-01,33200,100.135000,100.234000,3286.800000,0.000989,29
600768.XSHG,2023-02-01,2023-02-02,500,10.730000,11.930000,600.000000,0.111836,1
300535.XSHE,2023-02-01,2023-02-14,100,13.800000,14.760000,96.000000,0.069565,13
300478.XSHE,2023-02-01,2023-02-22,200,9.950000,10.130000,36.000000,0.018090,21
600768.XSHG,2023-02-01,2023-02-22,5700,10.730000,11.310000,3306.000000,0.054054,21
600768.XSHG,2023-02-09,2023-02-22,100,11.480000,11.310000,-17.000000,-0.014808,13
600768.XSHG,2023-02-17,2023-02-22,100,11.170000,11.310000,14.000000,0.012534,5
603709.XSHG,2023-02-01,2023-02-27,600,16.770000,18.580000,1086.000000,0.107931,26
300535.XSHE,2023-02-01,2023-02-27,4500,13.800000,14.500000,3150.000000,0.050725,26
300321.XSHE,2023-02-01,2023-02-27,3900,16.380000,17.100000,2808.000000,0.043956,26
603729.XSHG,2023-02-01,2023-03-02,500,13.990000,14.520000,265.000000,0.037884,29
300417.XSHE,2023-02-01,2023-03-02,100,10.690000,11.050000,36.000000,0.033676,29
300535.XSHE,2023-02-01,2023-03-02,200,13.800000,14.720000,184.000000,0.066667,29
300535.XSHE,2023-02-06,2023-03-02,4500,14.000000,14.720000,3240.000000,0.051429,24
002652.XSHE,2023-02-06,2023-03-02,1300,2.890000,2.920000,39.000000,0.010381,24
600455.XSHG,2023-02-09,2023-03-02,2700,23.720000,24.600000,2376.000000,0.037099,21
300478.XSHE,2023-02-01,2023-03-07,200,9.950000,10.190000,48.000000,0.024121,34
603729.XSHG,2023-02-01,2023-03-07,300,13.990000,14.510000,156.000000,0.037169,34
002856.XSHE,2023-02-01,2023-03-07,100,10.600000,10.700000,10.000000,0.009434,34
300321.XSHE,2023-02-01,2023-03-07,100,16.380000,17.140000,76.000000,0.046398,34
300321.XSHE,2023-02-06,2023-03-07,3800,16.700000,17.140000,1672.000000,0.026347,29
600455.XSHG,2023-02-09,2023-03-07,100,23.720000,24.350000,63.000000,0.026560,26
600455.XSHG,2023-02-14,2023-03-07,2700,24.420000,24.350000,-189.000000,-0.002867,21
603729.XSHG,2023-02-01,2023-03-10,400,13.990000,14.950000,384.000000,0.068620,37
300899.XSHE,2023-02-01,2023-03-10,300,21.860000,23.370000,453.000000,0.069076,37
300417.XSHE,2023-02-01,2023-03-10,6100,10.690000,11.250000,3416.000000,0.052385,37
300417.XSHE,2023-02-06,2023-03-10,500,10.700000,11.250000,275.000000,0.051402,32
002856.XSHE,2023-02-01,2023-03-10,600,10.600000,11.040000,264.000000,0.041509,37
300535.XSHE,2023-02-06,2023-03-10,200,14.000000,14.670000,134.000000,0.047857,32
300535.XSHE,2023-02-09,2023-03-10,4400,14.360000,14.670000,1364.000000,0.021588,29
002652.XSHE,2023-02-06,2023-03-10,1800,2.890000,2.910000,36.000000,0.006920,32
300478.XSHE,2023-02-01,2023-03-15,400,9.950000,9.960000,4.000000,0.001005,42
300417.XSHE,2023-02-06,2023-03-15,5800,10.700000,10.950000,1450.000000,0.023364,37
300417.XSHE,2023-02-09,2023-03-15,400,11.070000,10.950000,-48.000000,-0.010840,34
002816.XSHE,2023-02-01,2023-03-15,700,14.190000,14.010000,-126.000000,-0.012685,42
300535.XSHE,2023-02-09,2023-03-15,100,14.360000,14.070000,-29.000000,-0.020195,34
300535.XSHE,2023-02-17,2023-03-15,4600,14.380000,14.070000,-1426.000000,-0.021558,26
300321.XSHE,2023-02-06,2023-03-15,200,16.700000,16.610000,-18.000000,-0.005389,37
300321.XSHE,2023-02-14,2023-03-15,3700,17.280000,16.610000,-2479.000000,-0.038773,29
600455.XSHG,2023-02-27,2023-03-15,100,24.120000,24.480000,36.000000,0.014925,16
603729.XSHG,2023-02-01,2023-03-20,500,13.990000,14.780000,395.000000,0.056469,47
300899.XSHE,2023-02-01,2023-03-20,2700,21.860000,22.750000,2403.000000,0.040714,47
300899.XSHE,2023-02-06,2023-03-20,300,22.310000,22.750000,132.000000,0.019722,42
300417.XSHE,2023-02-09,2023-03-20,5300,11.070000,10.790000,-1484.000000,-0.025294,39
300417.XSHE,2023-02-14,2023-03-20,400,11.290000,10.790000,-200.000000,-0.044287,34
002856.XSHE,2023-02-01,2023-03-20,200,10.600000,10.450000,-30.000000,-0.014151,47
600768.XSHG,2023-02-17,2023-03-20,6000,11.170000,10.810000,-2160.000000,-0.032229,31
600768.XSHG,2023-02-27,2023-03-20,700,11.320000,10.810000,-357.000000,-0.045053,21
600455.XSHG,2023-02-27,2023-03-20,2700,24.120000,24.050000,-189.000000,-0.002902,21
603729.XSHG,2023-02-01,2023-03-23,100,13.990000,15.250000,126.000000,0.090064,50
603709.XSHG,2023-02-01,2023-03-23,400,16.770000,17.690000,368.000000,0.054860,50
300899.XSHE,2023-02-06,2023-03-23,2700,22.310000,23.470000,3132.000000,0.051995,45
300899.XSHE,2023-02-09,2023-03-23,200,22.310000,23.470000,232.000000,0.051995,42
300417.XSHE,2023-02-14,2023-03-23,5500,11.290000,11.310000,110.000000,0.001771,37
300417.XSHE,2023-02-17,2023-03-23,800,10.840000,11.310000,376.000000,0.043358,34
002856.XSHE,2023-02-01,2023-03-23,100,10.600000,10.730000,13.000000,0.012264,50
300321.XSHE,2023-02-14,2023-03-23,100,17.280000,17.130000,-15.000000,-0.008681,37
300321.XSHE,2023-03-02,2023-03-23,3900,17.280000,17.130000,-585.000000,-0.008681,21
603389.XSHG,2023-03-10,2023-03-23,100,5.710000,5.760000,5.000000,0.008757,13
300478.XSHE,2023-02-01,2023-03-28,400,9.950000,10.240000,116.000000,0.029146,55
300899.XSHE,2023-02-09,2023-03-28,2800,22.310000,23.180000,2436.000000,0.038996,47
300899.XSHE,2023-02-14,2023-03-28,100,22.850000,23.180000,33.000000,0.014442,42
300417.XSHE,2023-02-17,2023-03-28,5800,10.840000,11.210000,2146.000000,0.034133,39
300417.XSHE,2023-02-22,2023-03-28,200,10.800000,11.210000,82.000000,0.037963,34
002856.XSHE,2023-02-01,2023-03-28,100,10.600000,10.610000,1.000000,0.000943,55
600768.XSHG,2023-02-27,2023-03-28,300,11.320000,11.070000,-75.000000,-0.022085,29
603389.XSHG,2023-03-10,2023-03-28,300,5.710000,5.840000,39.000000,0.022767,18
300169.XSHE,2023-03-20,2023-03-28,200,4.450000,4.590000,28.000000,0.031461,8
603729.XSHG,2023-02-01,2023-03-31,300,13.990000,14.580000,177.000000,0.042173,58
603709.XSHG,2023-02-01,2023-03-31,100,16.770000,16.580000,-19.000000,-0.011330,58
002652.XSHE,2023-02-06,2023-03-31,200,2.890000,2.610000,-56.000000,-0.096886,53
603389.XSHG,2023-03-10,2023-03-31,11000,5.710000,5.360000,-3850.000000,-0.061296,21
603389.XSHG,2023-03-15,2023-03-31,500,5.500000,5.360000,-70.000000,-0.025455,16
300478.XSHE,2023-02-01,2023-04-03,5500,9.950000,9.760000,-1045.000000,-0.019095,61
300478.XSHE,2023-02-06,2023-04-03,6400,10.230000,9.760000,-3008.000000,-0.045943,56
300478.XSHE,2023-02-09,2023-04-03,6600,10.230000,9.760000,-3102.000000,-0.045943,53
300478.XSHE,2023-02-14,2023-04-03,6400,10.450000,9.760000,-4416.000000,-0.066029,48
300478.XSHE,2023-02-17,2023-04-03,7100,10.030000,9.760000,-1917.000000,-0.026919,45
300478.XSHE,2023-02-27,2023-04-03,200,10.120000,9.760000,-72.000000,-0.035573,35
300478.XSHE,2023-03-10,2023-04-03,400,10.140000,9.760000,-152.000000,-0.037475,24
603729.XSHG,2023-02-01,2023-04-03,2600,13.990000,14.760000,2002.000000,0.055039,61
603729.XSHG,2023-02-06,2023-04-03,4600,14.340000,14.760000,1932.000000,0.029289,56
603729.XSHG,2023-02-09,2023-04-03,4900,14.110000,14.760000,3185.000000,0.046067,53
603729.XSHG,2023-02-14,2023-04-03,4500,14.550000,14.760000,945.000000,0.014433,48
603729.XSHG,2023-02-17,2023-04-03,5000,14.030000,14.760000,3650.000000,0.052031,45
603729.XSHG,2023-02-22,2023-04-03,100,14.000000,14.760000,76.000000,0.054286,40
603729.XSHG,2023-02-27,2023-04-03,200,14.000000,14.760000,152.000000,0.054286,35
603709.XSHG,2023-02-01,2023-04-03,2800,16.770000,16.720000,-140.000000,-0.002982,61
603709.XSHG,2023-02-06,2023-04-03,3900,17.120000,16.720000,-1560.000000,-0.023364,56
603709.XSHG,2023-02-09,2023-04-03,3900,17.180000,16.720000,-1794.000000,-0.026775,53
603709.XSHG,2023-02-14,2023-04-03,3500,17.930000,16.720000,-4235.000000,-0.067485,48
603709.XSHG,2023-02-17,2023-04-03,3200,18.120000,16.720000,-4480.000000,-0.077263,45
603709.XSHG,2023-02-22,2023-04-03,300,17.800000,16.720000,-324.000000,-0.060674,40
603709.XSHG,2023-03-02,2023-04-03,300,18.430000,16.720000,-513.000000,-0.092784,32
603709.XSHG,2023-03-10,2023-04-03,300,17.600000,16.720000,-264.000000,-0.050000,24
603709.XSHG,2023-03-10,2023-04-03,500,17.600000,16.720000,-440.000000,-0.050000,24
603709.XSHG,2023-03-15,2023-04-03,200,16.820000,16.720000,-20.000000,-0.005945,19
603709.XSHG,2023-03-15,2023-04-03,100,16.820000,16.720000,-10.000000,-0.005945,19
603709.XSHG,2023-03-28,2023-04-03,300,17.100000,16.720000,-114.000000,-0.022222,6
300899.XSHE,2023-02-14,2023-04-03,2800,22.850000,21.980000,-2436.000000,-0.038074,48
300899.XSHE,2023-02-17,2023-04-03,2900,22.390000,21.980000,-1189.000000,-0.018312,45
300899.XSHE,2023-03-02,2023-04-03,100,22.770000,21.980000,-79.000000,-0.034695,32
002856.XSHE,2023-02-01,2023-04-03,5100,10.600000,10.190000,-2091.000000,-0.038679,61
002856.XSHE,2023-02-06,2023-04-03,6400,10.610000,10.190000,-2688.000000,-0.039585,56
002856.XSHE,2023-02-09,2023-04-03,6200,10.690000,10.190000,-3100.000000,-0.046773,53
002856.XSHE,2023-02-14,2023-04-03,5700,11.140000,10.190000,-5415.000000,-0.085278,48
002856.XSHE,2023-02-17,2023-04-03,6800,10.630000,10.190000,-2992.000000,-0.041392,45
002856.XSHE,2023-02-27,2023-04-03,200,10.650000,10.190000,-92.000000,-0.043192,35
002856.XSHE,2023-03-15,2023-04-03,1000,10.310000,10.190000,-120.000000,-0.011639,19
002856.XSHE,2023-03-31,2023-04-03,100,10.100000,10.190000,9.000000,0.008911,3
002816.XSHE,2023-02-01,2023-04-03,4000,14.190000,13.070000,-4480.000000,-0.078929,61
002816.XSHE,2023-02-06,2023-04-03,4300,14.800000,13.070000,-7439.000000,-0.116892,56
002816.XSHE,2023-02-09,2023-04-03,4700,14.700000,13.070000,-7661.000000,-0.110884,53
002816.XSHE,2023-02-14,2023-04-03,4700,14.780000,13.070000,-8037.000000,-0.115697,48
002816.XSHE,2023-02-17,2023-04-03,5000,14.200000,13.070000,-5650.000000,-0.079577,45
002816.XSHE,2023-03-02,2023-04-03,200,14.380000,13.070000,-262.000000,-0.091099,32
002816.XSHE,2023-03-07,2023-04-03,400,13.950000,13.070000,-352.000000,-0.063082,27
002816.XSHE,2023-03-10,2023-04-03,200,14.010000,13.070000,-188.000000,-0.067095,24
002816.XSHE,2023-03-20,2023-04-03,400,13.760000,13.070000,-276.000000,-0.050145,14
002816.XSHE,2023-03-23,2023-04-03,500,13.810000,13.070000,-370.000000,-0.053584,11
600768.XSHG,2023-02-27,2023-04-03,4800,11.320000,10.580000,-3552.000000,-0.065371,35
600768.XSHG,2023-03-02,2023-04-03,6000,11.370000,10.580000,-4740.000000,-0.069481,32
600768.XSHG,2023-03-02,2023-04-03,100,11.370000,10.580000,-79.000000,-0.069481,32
600768.XSHG,2023-03-07,2023-04-03,100,11.110000,10.580000,-53.000000,-0.047705,27
600768.XSHG,2023-03-07,2023-04-03,6100,11.110000,10.580000,-3233.000000,-0.047705,27
600768.XSHG,2023-03-10,2023-04-03,500,11.000000,10.580000,-210.000000,-0.038182,24
600768.XSHG,2023-03-15,2023-04-03,6500,10.520000,10.580000,390.000000,0.005703,19
600768.XSHG,2023-03-31,2023-04-03,400,10.390000,10.580000,76.000000,0.018287,3
002652.XSHE,2023-02-06,2023-04-03,19900,2.890000,2.650000,-4776.000000,-0.083045,56
002652.XSHE,2023-02-09,2023-04-03,23000,2.910000,2.650000,-5980.000000,-0.089347,53
002652.XSHE,2023-02-14,2023-04-03,22700,2.970000,2.650000,-7264.000000,-0.107744,48
002652.XSHE,2023-02-17,2023-04-03,24300,2.860000,2.650000,-5103.000000,-0.073427,45
002652.XSHE,2023-02-22,2023-04-03,22800,2.880000,2.650000,-5244.000000,-0.079861,40
002652.XSHE,2023-02-27,2023-04-03,1900,2.850000,2.650000,-380.000000,-0.070175,35
002652.XSHE,2023-03-07,2023-04-03,1900,2.830000,2.650000,-342.000000,-0.063604,27
002652.XSHE,2023-03-15,2023-04-03,800,2.790000,2.650000,-112.000000,-0.050179,19
002652.XSHE,2023-03-20,2023-04-03,2600,2.740000,2.650000,-234.000000,-0.032847,14
002652.XSHE,2023-03-23,2023-04-03,1800,2.770000,2.650000,-216.000000,-0.043321,11
002652.XSHE,2023-03-28,2023-04-03,500,2.720000,2.650000,-35.000000,-0.025735,6
603958.XSHG,2023-03-07,2023-04-03,9200,6.810000,6.400000,-3772.000000,-0.060206,27
603958.XSHG,2023-03-10,2023-04-03,11200,6.640000,6.400000,-2688.000000,-0.036145,24
603958.XSHG,2023-03-15,2023-04-03,10000,6.470000,6.400000,-700.000000,-0.010819,19
603958.XSHG,2023-03-20,2023-04-03,10500,6.430000,6.400000,-315.000000,-0.004666,14
603958.XSHG,2023-03-23,2023-04-03,10100,6.620000,6.400000,-2222.000000,-0.033233,11
603030.XSHG,2023-03-15,2023-04-03,25700,2.400000,2.220000,-4626.000000,-0.075000,19
603030.XSHG,2023-03-20,2023-04-03,29100,2.400000,2.220000,-5238.000000,-0.075000,14
603030.XSHG,2023-03-23,2023-04-03,28600,2.430000,2.220000,-6006.000000,-0.086420,11
603030.XSHG,2023-03-28,2023-04-03,31400,2.320000,2.220000,-3140.000000,-0.043103,6
603030.XSHG,2023-03-31,2023-04-03,28400,2.220000,2.220000,0.000000,0.000000,3
300169.XSHE,2023-03-20,2023-04-03,14600,4.450000,4.410000,-584.000000,-0.008989,14
603286.XSHG,2023-03-20,2023-04-03,3600,16.460000,16.820000,1296.000000,0.021871,14
603286.XSHG,2023-03-23,2023-04-03,300,17.320000,16.820000,-150.000000,-0.028868,11
000023.XSHE,2023-03-23,2023-04-03,6000,10.760000,10.250000,-3060.000000,-0.047398,11
000023.XSHE,2023-03-28,2023-04-03,6400,10.450000,10.250000,-1280.000000,-0.019139,6
511880.XSHG,2023-04-03,2023-05-04,31900,100.529000,100.693000,5231.600000,0.001631,31
603729.XSHG,2023-05-08,2023-05-11,200,14.770000,15.910000,228.000000,0.077183,3
600768.XSHG,2023-05-08,2023-05-19,400,9.980000,10.790000,324.000000,0.081162,11
600768.XSHG,2023-05-08,2023-05-24,200,9.980000,10.840000,172.000000,0.086172,16
300417.XSHE,2023-05-08,2023-05-24,500,9.880000,10.470000,295.000000,0.059717,16
603286.XSHG,2023-05-11,2023-05-24,100,15.790000,16.600000,81.000000,0.051298,13
300478.XSHE,2023-05-08,2023-05-29,1100,9.600000,10.140000,594.000000,0.056250,21
600768.XSHG,2023-05-08,2023-05-29,5800,9.980000,10.980000,5800.000000,0.100200,21
600768.XSHG,2023-05-11,2023-05-29,300,10.000000,10.980000,294.000000,0.098000,18
300169.XSHE,2023-05-08,2023-05-29,300,4.080000,4.130000,15.000000,0.012255,21
300417.XSHE,2023-05-08,2023-05-29,6000,9.880000,10.490000,3660.000000,0.061741,21
300417.XSHE,2023-05-11,2023-05-29,100,9.860000,10.490000,63.000000,0.063895,18
600768.XSHG,2023-05-11,2023-06-01,5900,10.000000,10.810000,4779.000000,0.081000,21
300169.XSHE,2023-05-08,2023-06-01,500,4.080000,4.070000,-5.000000,-0.002451,24
603389.XSHG,2023-05-08,2023-06-01,500,5.150000,5.140000,-5.000000,-0.001942,24
300417.XSHE,2023-05-11,2023-06-01,6300,9.860000,10.380000,3276.000000,0.052738,21
002856.XSHE,2023-05-08,2023-06-01,500,10.140000,10.020000,-60.000000,-0.011834,24
603286.XSHG,2023-05-11,2023-06-01,3900,15.790000,16.820000,4017.000000,0.065231,21
600768.XSHG,2023-05-11,2023-06-06,200,10.000000,10.900000,180.000000,0.090000,26
600768.XSHG,2023-05-16,2023-06-06,5800,10.420000,10.900000,2784.000000,0.046065,21
603389.XSHG,2023-05-08,2023-06-06,3700,5.150000,5.650000,1850.000000,0.097087,29
603709.XSHG,2023-05-08,2023-06-06,100,16.790000,17.520000,73.000000,0.043478,29
603729.XSHG,2023-05-08,2023-06-06,300,14.770000,15.610000,252.000000,0.056872,29
000702.XSHE,2023-05-16,2023-06-06,300,5.230000,5.260000,9.000000,0.005736,21
603709.XSHG,2023-05-08,2023-06-09,200,16.790000,17.500000,142.000000,0.042287,32
603729.XSHG,2023-05-08,2023-06-09,3800,14.770000,15.600000,3154.000000,0.056195,32
603729.XSHG,2023-05-16,2023-06-09,100,15.120000,15.600000,48.000000,0.031746,24
603729.XSHG,2023-05-19,2023-06-09,500,14.710000,15.600000,445.000000,0.060503,21
002652.XSHE,2023-05-08,2023-06-09,3300,2.680000,2.680000,0.000000,0.000000,32
002856.XSHE,2023-05-08,2023-06-09,400,10.140000,10.020000,-48.000000,-0.011834,32
600455.XSHG,2023-05-08,2023-06-09,100,22.160000,23.280000,112.000000,0.050542,32
000702.XSHE,2023-05-16,2023-06-09,1000,5.230000,5.280000,50.000000,0.009560,24
000609.XSHE,2023-06-06,2023-06-09,100,4.760000,4.890000,13.000000,0.027311,3
300478.XSHE,2023-05-08,2023-06-14,500,9.600000,9.660000,30.000000,0.006250,37
603729.XSHG,2023-05-19,2023-06-14,4100,14.710000,15.860000,4715.000000,0.078178,26
603729.XSHG,2023-05-24,2023-06-14,200,14.200000,15.860000,332.000000,0.116901,21
600455.XSHG,2023-05-08,2023-06-14,2800,22.160000,22.970000,2268.000000,0.036552,37
000691.XSHE,2023-05-11,2023-06-14,400,4.230000,4.160000,-28.000000,-0.016548,34
000702.XSHE,2023-05-16,2023-06-14,11000,5.230000,5.310000,880.000000,0.015296,29
000702.XSHE,2023-05-19,2023-06-14,1700,5.290000,5.310000,34.000000,0.003781,26
300478.XSHE,2023-05-08,2023-06-19,1000,9.600000,9.850000,250.000000,0.026042,42
300169.XSHE,2023-05-08,2023-06-19,900,4.080000,4.020000,-54.000000,-0.014706,42
603729.XSHG,2023-05-24,2023-06-19,4100,14.200000,15.430000,5043.000000,0.086620,26
600455.XSHG,2023-05-24,2023-06-19,2800,22.180000,22.780000,1680.000000,0.027051,26
000691.XSHE,2023-05-11,2023-06-19,200,4.230000,4.130000,-20.000000,-0.023641,39
000702.XSHE,2023-05-19,2023-06-19,10700,5.290000,5.340000,535.000000,0.009452,31
000702.XSHE,2023-05-24,2023-06-19,2100,5.300000,5.340000,84.000000,0.007547,26
603389.XSHG,2023-05-08,2023-06-26,100,5.150000,4.800000,-35.000000,-0.067961,49
603729.XSHG,2023-05-24,2023-06-26,500,14.200000,14.550000,175.000000,0.024648,33
603729.XSHG,2023-06-01,2023-06-26,3700,14.690000,14.550000,-518.000000,-0.009530,25
600455.XSHG,2023-05-24,2023-06-26,100,22.180000,22.120000,-6.000000,-0.002705,33
600455.XSHG,2023-05-29,2023-06-26,100,22.080000,22.120000,4.000000,0.001812,28
600455.XSHG,2023-06-01,2023-06-26,2700,22.200000,22.120000,-216.000000,-0.003604,25
000691.XSHE,2023-05-11,2023-06-26,200,4.230000,3.930000,-60.000000,-0.070922,46
000702.XSHE,2023-05-24,2023-06-26,9800,5.300000,5.250000,-490.000000,-0.009434,33
000702.XSHE,2023-05-29,2023-06-26,3100,5.180000,5.250000,217.000000,0.013514,28
600768.XSHG,2023-06-09,2023-06-26,300,10.600000,10.060000,-162.000000,-0.050943,17
300210.XSHE,2023-06-14,2023-06-26,300,2.930000,2.820000,-33.000000,-0.037543,12
000702.XSHE,2023-05-29,2023-06-29,10300,5.180000,5.350000,1751.000000,0.032819,31
000702.XSHE,2023-06-01,2023-06-29,800,5.060000,5.350000,232.000000,0.057312,28
000609.XSHE,2023-06-06,2023-06-29,13400,4.760000,4.810000,670.000000,0.010504,23
000609.XSHE,2023-06-14,2023-06-29,3900,4.710000,4.810000,390.000000,0.021231,15
300169.XSHE,2023-05-08,2023-07-04,1700,4.080000,4.300000,374.000000,0.053922,57
603389.XSHG,2023-05-08,2023-07-04,800,5.150000,5.460000,248.000000,0.060194,57
300417.XSHE,2023-05-11,2023-07-04,100,9.860000,10.660000,80.000000,0.081136,54
300417.XSHE,2023-05-16,2023-07-04,5700,10.080000,10.660000,3306.000000,0.057540,49
000702.XSHE,2023-06-01,2023-07-04,12300,5.060000,5.530000,5781.000000,0.092885,33
600768.XSHG,2023-06-09,2023-07-04,5400,10.600000,11.000000,2160.000000,0.037736,25
600768.XSHG,2023-06-14,2023-07-04,400,10.630000,11.000000,148.000000,0.034807,20
600768.XSHG,2023-06-19,2023-07-04,400,10.290000,11.000000,284.000000,0.068999,15
000691.XSHE,2023-05-11,2023-07-05,14400,4.230000,4.620000,5616.000000,0.092199,55
000691.XSHE,2023-05-16,2023-07-05,15300,4.240000,4.620000,5814.000000,0.089623,50
000691.XSHE,2023-05-19,2023-07-05,3200,4.300000,4.620000,1024.000000,0.074419,47
300478.XSHE,2023-05-08,2023-07-07,200,9.600000,10.600000,200.000000,0.104167,60
603389.XSHG,2023-05-08,2023-07-07,300,5.150000,5.550000,120.000000,0.077670,60
300417.XSHE,2023-05-16,2023-07-07,500,10.080000,10.940000,430.000000,0.085317,52
300417.XSHE,2023-05-19,2023-07-07,6100,10.330000,10.940000,3721.000000,0.059051,49
300417.XSHE,2023-06-06,2023-07-07,100,10.510000,10.940000,43.000000,0.040913,31
603709.XSHG,2023-05-08,2023-07-07,300,16.790000,18.600000,543.000000,0.107802,60
000609.XSHE,2023-06-14,2023-07-07,200,4.710000,4.760000,10.000000,0.010616,23
300210.XSHE,2023-06-14,2023-07-07,21700,2.930000,3.150000,4774.000000,0.075085,23
300210.XSHE,2023-06-19,2023-07-07,100,2.910000,3.150000,24.000000,0.082474,18
300210.XSHE,2023-06-29,2023-07-07,200,2.960000,3.150000,38.000000,0.064189,8
300210.XSHE,2023-07-04,2023-07-07,100,3.110000,3.150000,4.000000,0.012862,3
000691.XSHE,2023-05-19,2023-07-07,11900,4.300000,4.820000,6188.000000,0.120930,49
000691.XSHE,2023-05-24,2023-07-07,4300,4.220000,4.820000,2580.000000,0.142180,44
300169.XSHE,2023-05-08,2023-07-12,400,4.080000,4.320000,96.000000,0.058824,65
603389.XSHG,2023-05-08,2023-07-12,7000,5.150000,5.640000,3430.000000,0.095146,65
603389.XSHG,2023-05-11,2023-07-12,6400,5.150000,5.640000,3136.000000,0.095146,62
002652.XSHE,2023-05-08,2023-07-12,1400,2.680000,2.750000,98.000000,0.026119,65
002856.XSHE,2023-05-08,2023-07-12,200,10.140000,10.150000,2.000000,0.000986,65
000691.XSHE,2023-05-24,2023-07-12,11400,4.220000,4.620000,4560.000000,0.094787,49
000691.XSHE,2023-05-29,2023-07-12,2400,4.210000,4.620000,984.000000,0.097387,44
000609.XSHE,2023-06-14,2023-07-12,900,4.710000,4.830000,108.000000,0.025478,28
300478.XSHE,2023-05-08,2023-07-17,500,9.600000,10.460000,430.000000,0.089583,70
300169.XSHE,2023-05-08,2023-07-17,1900,4.080000,4.380000,570.000000,0.073529,70
603709.XSHG,2023-05-08,2023-07-17,1500,16.790000,15.790000,-1500.000000,-0.059559,70
002652.XSHE,2023-05-08,2023-07-17,400,2.680000,2.730000,20.000000,0.018657,70
002856.XSHE,2023-05-08,2023-07-17,200,10.140000,10.110000,-6.000000,-0.002959,70
000691.XSHE,2023-05-29,2023-07-17,13700,4.210000,4.660000,6165.000000,0.106888,49
000691.XSHE,2023-06-01,2023-07-17,200,4.110000,4.660000,110.000000,0.133820,46
000691.XSHE,2023-06-06,2023-07-17,1000,4.200000,4.660000,460.000000,0.109524,41
000691.XSHE,2023-06-09,2023-07-17,200,4.140000,4.660000,104.000000,0.125604,38
300321.XSHE,2023-06-26,2023-07-17,100,15.200000,16.690000,149.000000,0.098026,21
000609.XSHE,2023-06-14,2023-07-17,9200,4.710000,5.000000,2668.000000,0.061571,33
000609.XSHE,2023-06-19,2023-07-17,7000,4.550000,5.000000,3150.000000,0.098901,28
300169.XSHE,2023-05-08,2023-07-20,1700,4.080000,4.580000,850.000000,0.122549,73
603709.XSHG,2023-05-08,2023-07-20,1700,16.790000,16.420000,-629.000000,-0.022037,73
603709.XSHG,2023-05-11,2023-07-20,2900,17.050000,16.420000,-1827.000000,-0.036950,70
002652.XSHE,2023-05-08,2023-07-20,200,2.680000,2.800000,24.000000,0.044776,73
002856.XSHE,2023-05-08,2023-07-20,100,10.140000,10.380000,24.000000,0.023669,73
000609.XSHE,2023-06-19,2023-07-20,600,4.550000,5.180000,378.000000,0.138462,31
300417.XSHE,2023-06-09,2023-07-25,600,9.960000,11.530000,942.000000,0.157631,46
300417.XSHE,2023-06-14,2023-07-25,200,10.250000,11.530000,256.000000,0.124878,41
300417.XSHE,2023-06-14,2023-07-25,100,10.250000,11.530000,128.000000,0.124878,41
603709.XSHG,2023-05-11,2023-07-25,800,17.050000,16.810000,-192.000000,-0.014076,75
603709.XSHG,2023-05-16,2023-07-25,3600,17.000000,16.810000,-684.000000,-0.011176,70
000609.XSHE,2023-06-19,2023-07-25,7300,4.550000,5.320000,5621.000000,0.169231,36
000609.XSHE,2023-06-26,2023-07-25,6900,4.170000,5.320000,7935.000000,0.275779,29
300169.XSHE,2023-05-08,2023-07-28,2900,4.080000,4.700000,1798.000000,0.151961,81
603709.XSHG,2023-05-16,2023-07-28,300,17.000000,17.050000,15.000000,0.002941,73
603709.XSHG,2023-05-19,2023-07-28,3600,17.440000,17.050000,-1404.000000,-0.022362,70
603709.XSHG,2023-05-24,2023-07-28,400,17.150000,17.050000,-40.000000,-0.005831,65
002652.XSHE,2023-05-08,2023-07-28,3000,2.680000,2.880000,600.000000,0.074627,81
002856.XSHE,2023-05-08,2023-07-28,800,10.140000,10.790000,520.000000,0.064103,81
000609.XSHE,2023-06-26,2023-07-28,9300,4.170000,5.410000,11532.000000,0.297362,32
000609.XSHE,2023-07-04,2023-07-28,4100,4.680000,5.410000,2993.000000,0.155983,24
300210.XSHE,2023-07-25,2023-07-28,600,3.150000,3.290000,84.000000,0.044444,3
000609.XSHE,2023-07-04,2023-07-31,400,4.680000,5.900000,488.000000,0.260684,27
300169.XSHE,2023-05-08,2023-08-01,5400,4.080000,6.890000,15174.000000,0.688725,85
300169.XSHE,2023-05-11,2023-08-01,15900,4.020000,6.890000,45633.000000,0.713930,82
300169.XSHE,2023-05-11,2023-08-02,400,4.020000,6.510000,996.000000,0.619403,83
300169.XSHE,2023-05-16,2023-08-02,8200,4.070000,6.510000,20008.000000,0.599509,78
603709.XSHG,2023-05-24,2023-08-02,3400,17.150000,16.980000,-578.000000,-0.009913,70
603709.XSHG,2023-05-29,2023-08-02,200,17.120000,16.980000,-28.000000,-0.008178,65
603709.XSHG,2023-06-19,2023-08-02,200,17.000000,16.980000,-4.000000,-0.001176,44
603709.XSHG,2023-07-04,2023-08-02,200,17.990000,16.980000,-202.000000,-0.056142,29
603709.XSHG,2023-07-12,2023-08-02,200,18.280000,16.980000,-260.000000,-0.071116,21
000609.XSHE,2023-07-04,2023-08-02,12900,4.680000,5.590000,11739.000000,0.194444,29
300417.XSHE,2023-06-14,2023-08-03,2600,10.250000,12.330000,5408.000000,0.202927,50
300169.XSHE,2023-05-16,2023-08-04,7500,4.070000,8.980000,36825.000000,1.206388,80
300169.XSHE,2023-05-19,2023-08-04,4400,4.140000,8.980000,21296.000000,1.169082,77
300169.XSHE,2023-05-19,2023-08-07,6900,4.140000,8.350000,29049.000000,1.016908,80
300417.XSHE,2023-06-14,2023-08-07,3000,10.250000,12.520000,6810.000000,0.221463,54
300417.XSHE,2023-06-19,2023-08-07,1000,10.040000,12.520000,2480.000000,0.247012,49
300417.XSHE,2023-06-19,2023-08-07,2700,10.040000,12.520000,6696.000000,0.247012,49
300478.XSHE,2023-05-08,2023-08-10,300,9.600000,10.400000,240.000000,0.083333,94
300169.XSHE,2023-05-19,2023-08-10,4200,4.140000,8.210000,17094.000000,0.983092,83
300169.XSHE,2023-05-24,2023-08-10,4900,4.080000,8.210000,20237.000000,1.012255,78
300417.XSHE,2023-06-19,2023-08-10,2900,10.040000,12.000000,5684.000000,0.195219,52
300417.XSHE,2023-06-26,2023-08-10,2800,9.650000,12.000000,6580.000000,0.243523,45
002856.XSHE,2023-05-08,2023-08-10,700,10.140000,10.860000,504.000000,0.071006,94
300210.XSHE,2023-07-25,2023-08-10,500,3.150000,3.310000,80.000000,0.050794,16
002652.XSHE,2023-05-08,2023-08-11,9400,2.680000,3.060000,3572.000000,0.141791,95
300169.XSHE,2023-05-24,2023-08-15,8100,4.080000,7.300000,26082.000000,0.789216,83
002652.XSHE,2023-05-08,2023-08-15,6300,2.680000,3.030000,2205.000000,0.130597,99
002652.XSHE,2023-05-11,2023-08-15,18000,2.610000,3.030000,7560.000000,0.160920,96
600768.XSHG,2023-06-19,2023-08-15,100,10.290000,10.660000,37.000000,0.035957,57
300321.XSHE,2023-06-26,2023-08-15,500,15.200000,16.580000,690.000000,0.090789,50
600455.XSHG,2023-07-07,2023-08-15,300,23.450000,22.650000,-240.000000,-0.034115,39
300210.XSHE,2023-07-25,2023-08-15,21300,3.150000,3.290000,2982.000000,0.044444,21
300210.XSHE,2023-08-02,2023-08-15,800,3.320000,3.290000,-24.000000,-0.009036,13
300210.XSHE,2023-08-07,2023-08-15,700,3.270000,3.290000,14.000000,0.006116,8
300535.XSHE,2023-08-02,2023-08-15,100,14.940000,14.630000,-31.000000,-0.020750,13
300929.XSHE,2023-08-07,2023-08-15,100,11.700000,11.690000,-1.000000,-0.000855,8
002652.XSHE,2023-05-11,2023-08-17,3100,2.610000,3.190000,1798.000000,0.222222,98
300478.XSHE,2023-05-08,2023-08-18,400,9.600000,10.680000,432.000000,0.112500,102
300169.XSHE,2023-05-24,2023-08-18,3100,4.080000,8.050000,12307.000000,0.973039,86
300169.XSHE,2023-06-06,2023-08-18,2000,4.100000,8.050000,7900.000000,0.963415,73
300169.XSHE,2023-06-09,2023-08-18,200,4.040000,8.050000,802.000000,0.992574,70
300169.XSHE,2023-06-14,2023-08-18,500,4.010000,8.050000,2020.000000,1.007481,65
300169.XSHE,2023-06-26,2023-08-18,1300,3.750000,8.050000,5590.000000,1.146667,53
300169.XSHE,2023-06-29,2023-08-18,100,3.960000,8.050000,409.000000,1.032828,50
300169.XSHE,2023-06-29,2023-08-18,100,3.960000,8.050000,409.000000,1.032828,50
300169.XSHE,2023-07-07,2023-08-18,900,4.300000,8.050000,3375.000000,0.872093,42
300169.XSHE,2023-07-25,2023-08-18,2100,4.470000,8.050000,7518.000000,0.800895,24
603389.XSHG,2023-05-11,2023-08-18,200,5.150000,5.710000,112.000000,0.108738,99
002652.XSHE,2023-05-11,2023-08-18,4300,2.610000,3.200000,2537.000000,0.226054,99
002652.XSHE,2023-05-16,2023-08-18,19200,2.670000,3.200000,10176.000000,0.198502,94
300535.XSHE,2023-08-02,2023-08-18,200,14.940000,15.200000,52.000000,0.017403,16
300478.XSHE,2023-05-08,2023-08-23,200,9.600000,10.720000,224.000000,0.116667,107
300417.XSHE,2023-06-26,2023-08-23,3300,9.650000,11.550000,6270.000000,0.196891,58
300417.XSHE,2023-07-20,2023-08-23,200,10.890000,11.550000,132.000000,0.060606,34
300417.XSHE,2023-07-28,2023-08-23,1100,10.960000,11.550000,649.000000,0.053832,26
300417.XSHE,2023-07-28,2023-08-23,2800,10.960000,11.550000,1652.000000,0.053832,26
002652.XSHE,2023-05-16,2023-08-23,4100,2.670000,3.020000,1435.000000,0.131086,99
002652.XSHE,2023-05-19,2023-08-23,17200,2.720000,3.020000,5160.000000,0.110294,96
603729.XSHG,2023-07-04,2023-08-23,300,15.100000,15.910000,243.000000,0.053642,50
600455.XSHG,2023-07-07,2023-08-23,400,23.450000,23.500000,20.000000,0.002132,47
300535.XSHE,2023-08-02,2023-08-23,4700,14.940000,15.100000,752.000000,0.010710,21
300535.XSHE,2023-08-07,2023-08-23,300,14.620000,15.100000,144.000000,0.032832,16
300478.XSHE,2023-05-08,2023-08-28,500,9.600000,10.970000,685.000000,0.142708,112
300321.XSHE,2023-06-26,2023-08-28,3300,15.200000,17.430000,7359.000000,0.146711,63
300321.XSHE,2023-06-29,2023-08-28,1500,15.460000,17.430000,2955.000000,0.127426,60
603729.XSHG,2023-07-04,2023-08-28,200,15.100000,16.200000,220.000000,0.072848,55
300535.XSHE,2023-08-07,2023-08-28,5000,14.620000,15.000000,1900.000000,0.025992,21
300929.XSHE,2023-08-07,2023-08-28,6400,11.700000,12.700000,6400.000000,0.085470,21
002058.XSHE,2023-08-10,2023-08-28,1000,10.430000,10.940000,510.000000,0.048897,18
603389.XSHG,2023-05-11,2023-08-31,2000,5.150000,5.930000,1560.000000,0.151456,112
300417.XSHE,2023-07-28,2023-08-31,700,10.960000,12.630000,1169.000000,0.152372,34
002652.XSHE,2023-05-19,2023-08-31,100,2.720000,2.940000,22.000000,0.080882,104
002856.XSHE,2023-05-08,2023-08-31,100,10.140000,10.900000,76.000000,0.074951,115
300535.XSHE,2023-08-07,2023-08-31,100,14.620000,15.760000,114.000000,0.077975,24
300535.XSHE,2023-08-10,2023-08-31,5100,14.480000,15.760000,6528.000000,0.088398,21
002058.XSHE,2023-08-10,2023-08-31,6000,10.430000,11.420000,5940.000000,0.094919,21
002058.XSHE,2023-08-15,2023-08-31,1300,10.340000,11.420000,1404.000000,0.104449,16
603709.XSHG,2023-08-23,2023-08-31,100,15.960000,17.050000,109.000000,0.068296,8
300417.XSHE,2023-07-28,2023-09-05,3000,10.960000,12.270000,3930.000000,0.119526,39
300417.XSHE,2023-08-02,2023-09-05,1500,10.880000,12.270000,2085.000000,0.127757,34
300417.XSHE,2023-08-15,2023-09-05,1500,11.000000,12.270000,1905.000000,0.115455,21
600768.XSHG,2023-06-19,2023-09-05,100,10.290000,11.140000,85.000000,0.082604,78
002058.XSHE,2023-08-15,2023-09-05,6100,10.340000,11.970000,9943.000000,0.157640,21
002058.XSHE,2023-08-18,2023-09-05,1200,10.570000,11.970000,1680.000000,0.132450,18
603389.XSHG,2023-05-11,2023-09-05,4000,5.150000,6.170000,4080.000000,0.198058,117
603389.XSHG,2023-05-16,2023-09-05,11200,5.240000,6.170000,10416.000000,0.177481,112
603709.XSHG,2023-08-23,2023-09-05,200,15.960000,17.720000,352.000000,0.110276,13
600768.XSHG,2023-06-19,2023-09-08,200,10.290000,10.990000,140.000000,0.068027,81
002058.XSHE,2023-08-18,2023-09-08,6200,10.570000,11.980000,8742.000000,0.133396,21
002058.XSHE,2023-08-23,2023-09-08,800,10.440000,11.980000,1232.000000,0.147510,16
002633.XSHE,2023-08-15,2023-09-08,7300,10.000000,10.970000,7081.000000,0.097000,24
002633.XSHE,2023-08-18,2023-09-08,1200,10.210000,10.970000,912.000000,0.074437,21
300478.XSHE,2023-05-08,2023-09-13,1100,9.600000,10.970000,1507.000000,0.142708,128
603389.XSHG,2023-05-16,2023-09-13,800,5.240000,5.530000,232.000000,0.055344,120
603389.XSHG,2023-05-19,2023-09-13,9000,5.340000,5.530000,1710.000000,0.035581,117
300417.XSHE,2023-08-15,2023-09-13,100,11.000000,11.600000,60.000000,0.054545,29
300321.XSHE,2023-06-29,2023-09-13,2000,15.460000,17.780000,4640.000000,0.150065,76
300321.XSHE,2023-07-04,2023-09-13,3000,16.410000,17.780000,4110.000000,0.083486,71
603729.XSHG,2023-07-04,2023-09-13,200,15.100000,15.520000,84.000000,0.027815,71
600455.XSHG,2023-07-07,2023-09-13,300,23.450000,23.160000,-87.000000,-0.012367,68
002058.XSHE,2023-08-23,2023-09-13,6800,10.440000,12.240000,12240.000000,0.172414,21
002633.XSHE,2023-08-18,2023-09-13,6500,10.210000,10.550000,2210.000000,0.033301,26
002633.XSHE,2023-08-23,2023-09-13,600,10.050000,10.550000,300.000000,0.049751,21
300736.XSHE,2023-08-28,2023-09-13,100,11.990000,12.340000,35.000000,0.029191,16
603389.XSHG,2023-05-19,2023-09-18,1400,5.340000,5.670000,462.000000,0.061798,122
603729.XSHG,2023-07-04,2023-09-18,100,15.100000,15.520000,42.000000,0.027815,76
002633.XSHE,2023-08-23,2023-09-18,7200,10.050000,10.300000,1800.000000,0.024876,26
603709.XSHG,2023-08-23,2023-09-18,4300,15.960000,16.900000,4042.000000,0.058897,26
603709.XSHG,2023-08-28,2023-09-18,700,16.140000,16.900000,532.000000,0.047088,21
300736.XSHE,2023-08-28,2023-09-18,6300,11.990000,12.270000,1764.000000,0.023353,21
300736.XSHE,2023-09-05,2023-09-18,100,12.490000,12.270000,-22.000000,-0.017614,13
603389.XSHG,2023-05-19,2023-09-19,1600,5.340000,6.000000,1056.000000,0.123596,123
603389.XSHG,2023-05-24,2023-09-19,600,5.200000,6.000000,480.000000,0.153846,118
603389.XSHG,2023-05-24,2023-09-21,12200,5.200000,5.820000,7564.000000,0.119231,120
002652.XSHE,2023-05-19,2023-09-21,500,2.720000,2.950000,115.000000,0.084559,125
002856.XSHE,2023-05-08,2023-09-21,300,10.140000,10.540000,120.000000,0.039448,136
600768.XSHG,2023-06-19,2023-09-21,200,10.290000,10.590000,60.000000,0.029155,94
300321.XSHE,2023-07-04,2023-09-21,100,16.410000,17.520000,111.000000,0.067642,79
600455.XSHG,2023-07-07,2023-09-21,100,23.450000,22.800000,-65.000000,-0.027719,76
002633.XSHE,2023-08-23,2023-09-21,100,10.050000,10.370000,32.000000,0.031841,29
002633.XSHE,2023-08-28,2023-09-21,6700,10.450000,10.370000,-536.000000,-0.007656,24
002633.XSHE,2023-08-31,2023-09-21,800,10.520000,10.370000,-120.000000,-0.014259,21
300321.XSHE,2023-07-04,2023-09-26,2000,16.410000,17.750000,2680.000000,0.081658,84
300321.XSHE,2023-07-07,2023-09-26,2700,16.600000,17.750000,3105.000000,0.069277,81
603729.XSHG,2023-07-04,2023-09-26,300,15.100000,15.440000,102.000000,0.022517,84
002633.XSHE,2023-08-31,2023-09-26,7500,10.520000,10.470000,-375.000000,-0.004753,26
300478.XSHE,2023-05-08,2023-10-09,200,9.600000,11.020000,284.000000,0.147917,154
300417.XSHE,2023-08-15,2023-10-09,5900,11.000000,11.770000,4543.000000,0.070000,55
300417.XSHE,2023-08-15,2023-10-09,300,11.000000,11.770000,231.000000,0.070000,55
300417.XSHE,2023-08-18,2023-10-09,400,11.050000,11.770000,288.000000,0.065158,52
300417.XSHE,2023-09-08,2023-10-09,200,11.650000,11.770000,24.000000,0.010300,31
300417.XSHE,2023-09-18,2023-10-09,300,11.440000,11.770000,99.000000,0.028846,21
002652.XSHE,2023-05-19,2023-10-09,3000,2.720000,3.030000,930.000000,0.113971,143
002856.XSHE,2023-05-08,2023-10-09,100,10.140000,10.790000,65.000000,0.064103,154
300321.XSHE,2023-07-07,2023-10-09,1500,16.600000,18.080000,2220.000000,0.089157,94
300321.XSHE,2023-08-02,2023-10-09,2800,17.130000,18.080000,2660.000000,0.055458,68
603729.XSHG,2023-07-04,2023-10-12,100,15.100000,15.930000,83.000000,0.054967,100
603709.XSHG,2023-08-28,2023-10-12,4200,16.140000,16.570000,1806.000000,0.026642,45
603709.XSHG,2023-09-08,2023-10-12,200,17.070000,16.570000,-100.000000,-0.029291,34
603709.XSHG,2023-09-13,2023-10-12,200,16.260000,16.570000,62.000000,0.019065,29
002652.XSHE,2023-05-19,2023-10-13,2700,2.720000,3.480000,2052.000000,0.279412,147
002652.XSHE,2023-05-24,2023-10-13,25400,2.660000,3.480000,20828.000000,0.308271,142
002652.XSHE,2023-05-29,2023-10-13,100,2.680000,3.480000,80.000000,0.298507,137
002652.XSHE,2023-06-01,2023-10-13,2500,2.570000,3.480000,2275.000000,0.354086,134
002652.XSHE,2023-06-06,2023-10-13,900,2.640000,3.480000,756.000000,0.318182,129
002652.XSHE,2023-06-14,2023-10-13,1600,2.640000,3.480000,1344.000000,0.318182,121
002652.XSHE,2023-06-19,2023-10-13,100,2.610000,3.480000,87.000000,0.333333,116
002652.XSHE,2023-06-26,2023-10-13,2500,2.430000,3.480000,2625.000000,0.432099,109
002652.XSHE,2023-07-04,2023-10-13,1500,2.700000,3.480000,1170.000000,0.288889,101
002652.XSHE,2023-07-07,2023-10-13,500,2.720000,3.480000,380.000000,0.279412,98
002652.XSHE,2023-07-25,2023-10-13,1300,2.780000,3.480000,910.000000,0.251799,80
002652.XSHE,2023-08-02,2023-10-13,2300,2.970000,3.480000,1173.000000,0.171717,72
002652.XSHE,2023-08-07,2023-10-13,700,2.920000,3.480000,392.000000,0.191781,67
300478.XSHE,2023-05-08,2023-10-17,300,9.600000,10.910000,393.000000,0.136458,162
603389.XSHG,2023-05-24,2023-10-17,400,5.200000,5.690000,196.000000,0.094231,146
603389.XSHG,2023-05-29,2023-10-17,100,5.200000,5.690000,49.000000,0.094231,141
300417.XSHE,2023-09-18,2023-10-17,300,11.440000,11.280000,-48.000000,-0.013986,29
300417.XSHE,2023-09-18,2023-10-17,6100,11.440000,11.280000,-976.000000,-0.013986,29
300417.XSHE,2023-09-21,2023-10-17,100,11.000000,11.280000,28.000000,0.025455,26
002652.XSHE,2023-08-07,2023-10-17,3300,2.920000,3.250000,1089.000000,0.113014,71
002652.XSHE,2023-08-10,2023-10-17,1900,2.840000,3.250000,779.000000,0.144366,68
002652.XSHE,2023-08-28,2023-10-17,600,2.840000,3.250000,246.000000,0.144366,50
002652.XSHE,2023-08-28,2023-10-17,3000,2.840000,3.250000,1230.000000,0.144366,50
002652.XSHE,2023-09-05,2023-10-17,8300,3.090000,3.250000,1328.000000,0.051780,42
300321.XSHE,2023-08-02,2023-10-17,2500,17.130000,17.260000,325.000000,0.007589,76
300321.XSHE,2023-08-07,2023-10-17,1100,16.560000,17.260000,770.000000,0.042271,71
300321.XSHE,2023-08-10,2023-10-17,100,16.290000,17.260000,97.000000,0.059546,68
300321.XSHE,2023-08-31,2023-10-17,200,17.670000,17.260000,-82.000000,-0.023203,47
300321.XSHE,2023-09-08,2023-10-17,200,17.640000,17.260000,-76.000000,-0.021542,39
300321.XSHE,2023-09-18,2023-10-17,100,17.300000,17.260000,-4.000000,-0.002312,29
000691.XSHE,2023-08-31,2023-10-17,500,4.980000,4.420000,-280.000000,-0.112450,47
300417.XSHE,2023-09-21,2023-10-20,6900,11.000000,11.150000,1035.000000,0.013636,29
002652.XSHE,2023-09-05,2023-10-20,15600,3.090000,3.030000,-936.000000,-0.019417,45
002652.XSHE,2023-09-05,2023-10-20,200,3.090000,3.030000,-12.000000,-0.019417,45
002652.XSHE,2023-09-08,2023-10-20,5800,3.040000,3.030000,-58.000000,-0.003289,42
300321.XSHE,2023-09-18,2023-10-20,4600,17.300000,17.030000,-1242.000000,-0.015607,32
603729.XSHG,2023-07-04,2023-10-20,400,15.100000,15.000000,-40.000000,-0.006623,108
300478.XSHE,2023-05-08,2023-10-25,400,9.600000,11.430000,732.000000,0.190625,170
300478.XSHE,2023-05-11,2023-10-25,800,9.520000,11.430000,1528.000000,0.200630,167
300417.XSHE,2023-09-21,2023-10-25,600,11.000000,11.500000,300.000000,0.045455,34
300417.XSHE,2023-09-26,2023-10-25,6300,11.280000,11.500000,1386.000000,0.019504,29
002652.XSHE,2023-09-08,2023-10-25,21500,3.040000,3.090000,1075.000000,0.016447,47
002652.XSHE,2023-09-13,2023-10-25,3200,2.950000,3.090000,448.000000,0.047458,42
002856.XSHE,2023-05-08,2023-10-25,200,10.140000,10.570000,86.000000,0.042406,170
603729.XSHG,2023-07-04,2023-10-25,700,15.100000,16.000000,630.000000,0.059603,113
000691.XSHE,2023-08-31,2023-10-25,900,4.980000,4.530000,-405.000000,-0.090361,55
300478.XSHE,2023-05-11,2023-10-30,200,9.520000,11.880000,472.000000,0.247899,172
603389.XSHG,2023-05-29,2023-10-30,400,5.200000,6.100000,360.000000,0.173077,154
603389.XSHG,2023-06-09,2023-10-30,4800,5.150000,6.100000,4560.000000,0.184466,143
603389.XSHG,2023-06-19,2023-10-30,700,5.040000,6.100000,742.000000,0.210317,133
603389.XSHG,2023-07-17,2023-10-30,500,5.520000,6.100000,290.000000,0.105072,105
603389.XSHG,2023-07-20,2023-10-30,100,5.640000,6.100000,46.000000,0.081560,102
603389.XSHG,2023-07-28,2023-10-30,100,5.710000,6.100000,39.000000,0.068301,94
603389.XSHG,2023-08-02,2023-10-30,8700,5.850000,6.100000,2175.000000,0.042735,89
002652.XSHE,2023-09-13,2023-10-30,19600,2.950000,3.140000,3724.000000,0.064407,47
002652.XSHE,2023-09-13,2023-10-30,3200,2.950000,3.140000,608.000000,0.064407,47
002652.XSHE,2023-09-18,2023-10-30,300,2.940000,3.140000,60.000000,0.068027,42
002652.XSHE,2023-09-26,2023-10-30,2400,2.890000,3.140000,600.000000,0.086505,34
603729.XSHG,2023-07-04,2023-10-30,100,15.100000,16.580000,148.000000,0.098013,118
300929.XSHE,2023-09-08,2023-10-30,100,11.790000,11.710000,-8.000000,-0.006785,52
603729.XSHG,2023-07-04,2023-11-02,200,15.100000,16.990000,378.000000,0.125166,121
000691.XSHE,2023-08-31,2023-11-02,1300,4.980000,4.730000,-325.000000,-0.050201,63
600539.XSHG,2023-10-09,2023-11-02,1000,6.850000,6.960000,110.000000,0.016058,24
002633.XSHE,2023-10-17,2023-11-02,8000,10.080000,10.790000,5680.000000,0.070437,16
002633.XSHE,2023-10-17,2023-11-07,6900,10.080000,10.850000,5313.000000,0.076389,21
603729.XSHG,2023-07-04,2023-11-09,4600,15.100000,27.690000,57914.000000,0.833775,128
603729.XSHG,2023-07-07,2023-11-09,6400,15.300000,27.690000,79296.000000,0.809804,125
603729.XSHG,2023-07-12,2023-11-09,600,15.540000,27.690000,7290.000000,0.781853,120
002633.XSHE,2023-10-17,2023-11-10,500,10.080000,10.870000,395.000000,0.078373,24
002633.XSHE,2023-10-20,2023-11-10,7500,9.890000,10.870000,7350.000000,0.099090,21
603389.XSHG,2023-08-02,2023-11-15,100,5.850000,6.210000,36.000000,0.061538,105
002856.XSHE,2023-05-08,2023-11-15,400,10.140000,11.230000,436.000000,0.107495,191
603729.XSHG,2023-07-12,2023-11-15,3700,15.540000,20.510000,18389.000000,0.319820,126
603729.XSHG,2023-07-17,2023-11-15,400,15.910000,20.510000,1840.000000,0.289126,121
600455.XSHG,2023-07-07,2023-11-15,200,23.450000,24.780000,266.000000,0.056716,131
000691.XSHE,2023-08-31,2023-11-15,1200,4.980000,4.970000,-12.000000,-0.002008,76
600539.XSHG,2023-10-09,2023-11-15,500,6.850000,7.130000,140.000000,0.040876,37
002856.XSHE,2023-05-08,2023-11-20,900,10.140000,11.660000,1368.000000,0.149901,196
603729.XSHG,2023-07-17,2023-11-20,2200,15.910000,20.900000,10978.000000,0.313639,126
603729.XSHG,2023-07-20,2023-11-20,1500,16.000000,20.900000,7350.000000,0.306250,123
603729.XSHG,2023-07-25,2023-11-20,200,15.910000,20.900000,998.000000,0.313639,118
603729.XSHG,2023-07-28,2023-11-20,500,15.750000,20.900000,2575.000000,0.326984,115
000691.XSHE,2023-08-31,2023-11-20,400,4.980000,5.060000,32.000000,0.016064,81
600539.XSHG,2023-10-09,2023-11-20,9700,6.850000,7.330000,4656.000000,0.070073,42
600539.XSHG,2023-10-12,2023-11-20,3500,6.620000,7.330000,2485.000000,0.107251,39
600455.XSHG,2023-07-07,2023-11-22,1400,23.450000,27.390000,5516.000000,0.168017,138
600768.XSHG,2023-06-19,2023-11-23,300,10.290000,11.420000,339.000000,0.109815,157
603729.XSHG,2023-08-02,2023-11-23,100,16.490000,22.870000,638.000000,0.386901,113
603729.XSHG,2023-08-07,2023-11-23,1400,15.740000,22.870000,9982.000000,0.452986,108
603729.XSHG,2023-08-10,2023-11-23,300,15.350000,22.870000,2256.000000,0.489902,105
603729.XSHG,2023-08-31,2023-11-23,200,16.490000,22.870000,1276.000000,0.386901,84
603729.XSHG,2023-09-08,2023-11-23,1200,15.800000,22.870000,8484.000000,0.447468,76
603729.XSHG,2023-09-21,2023-11-23,300,15.240000,22.870000,2289.000000,0.500656,63
603729.XSHG,2023-10-17,2023-11-23,800,15.000000,22.870000,6296.000000,0.524667,37
600455.XSHG,2023-07-07,2023-11-23,2700,23.450000,26.410000,7992.000000,0.126226,139
600455.XSHG,2023-07-12,2023-11-23,200,23.160000,26.410000,650.000000,0.140328,134
600539.XSHG,2023-10-12,2023-11-23,5700,6.620000,7.440000,4674.000000,0.123867,42
600539.XSHG,2023-10-17,2023-11-23,6800,6.500000,7.440000,6392.000000,0.144615,37
300478.XSHE,2023-05-11,2023-11-28,200,9.520000,12.300000,556.000000,0.292017,201
600539.XSHG,2023-10-17,2023-11-28,8600,6.500000,7.310000,6966.000000,0.124615,42
600539.XSHG,2023-10-20,2023-11-28,2800,6.360000,7.310000,2660.000000,0.149371,39
002856.XSHE,2023-05-08,2023-11-29,1400,10.140000,14.790000,6510.000000,0.458580,205
002856.XSHE,2023-05-11,2023-11-29,6400,10.080000,14.790000,30144.000000,0.467262,202
002856.XSHE,2023-05-16,2023-11-29,6200,10.150000,14.790000,28768.000000,0.457143,197
002856.XSHE,2023-05-16,2023-12-01,200,10.150000,14.230000,816.000000,0.401970,199
002856.XSHE,2023-05-19,2023-12-01,5600,10.210000,14.230000,22512.000000,0.393732,196
600539.XSHG,2023-10-20,2023-12-01,9100,6.360000,7.310000,8645.000000,0.149371,42
600539.XSHG,2023-10-25,2023-12-01,3200,6.570000,7.310000,2368.000000,0.112633,37
300478.XSHE,2023-05-11,2023-12-06,400,9.520000,12.720000,1280.000000,0.336134,209
603389.XSHG,2023-08-02,2023-12-06,500,5.850000,6.440000,295.000000,0.100855,126
002856.XSHE,2023-05-19,2023-12-06,900,10.210000,14.960000,4275.000000,0.465230,201
002856.XSHE,2023-05-24,2023-12-06,6200,9.990000,14.960000,30814.000000,0.497497,196
600455.XSHG,2023-07-12,2023-12-06,200,23.160000,25.680000,504.000000,0.108808,147
600539.XSHG,2023-10-25,2023-12-06,9000,6.570000,7.500000,8370.000000,0.141553,42
600539.XSHG,2023-10-30,2023-12-06,500,6.740000,7.500000,380.000000,0.112760,37
600539.XSHG,2023-11-10,2023-12-06,3200,6.950000,7.500000,1760.000000,0.079137,26
603389.XSHG,2023-08-02,2023-12-11,4800,5.850000,6.170000,1536.000000,0.054701,131
603389.XSHG,2023-08-07,2023-12-11,3000,5.670000,6.170000,1500.000000,0.088183,126
603389.XSHG,2023-08-15,2023-12-11,400,5.530000,6.170000,256.000000,0.115732,118
603389.XSHG,2023-08-23,2023-12-11,900,5.590000,6.170000,522.000000,0.103757,110
603389.XSHG,2023-08-23,2023-12-11,400,5.590000,6.170000,232.000000,0.103757,110
603389.XSHG,2023-08-28,2023-12-11,800,5.570000,6.170000,480.000000,0.107720,105
603389.XSHG,2023-09-26,2023-12-11,4200,5.850000,6.170000,1344.000000,0.054701,76
002856.XSHE,2023-05-24,2023-12-11,500,9.990000,13.720000,1865.000000,0.373373,201
002856.XSHE,2023-05-29,2023-12-11,100,10.050000,13.720000,367.000000,0.365174,196
002856.XSHE,2023-06-06,2023-12-11,1100,9.990000,13.720000,4103.000000,0.373373,188
002856.XSHE,2023-06-14,2023-12-11,400,9.870000,13.720000,1540.000000,0.390071,180
002856.XSHE,2023-06-19,2023-12-11,200,9.700000,13.720000,804.000000,0.414433,175
002856.XSHE,2023-07-04,2023-12-11,900,10.080000,13.720000,3276.000000,0.361111,160
002856.XSHE,2023-07-07,2023-12-11,400,10.090000,13.720000,1452.000000,0.359762,157
002856.XSHE,2023-08-02,2023-12-11,1600,10.800000,13.720000,4672.000000,0.270370,131
002856.XSHE,2023-08-07,2023-12-11,600,10.750000,13.720000,1782.000000,0.276279,126
002856.XSHE,2023-08-15,2023-12-11,100,10.350000,13.720000,337.000000,0.325604,118
600768.XSHG,2023-06-19,2023-12-11,700,10.290000,11.240000,665.000000,0.092323,175
600455.XSHG,2023-07-12,2023-12-11,100,23.160000,24.730000,157.000000,0.067789,152
000691.XSHE,2023-08-31,2023-12-11,2100,4.980000,4.910000,-147.000000,-0.014056,102
603389.XSHG,2023-09-26,2023-12-14,8800,5.850000,6.420000,5016.000000,0.097436,79
603389.XSHG,2023-10-09,2023-12-14,700,5.740000,6.420000,476.000000,0.118467,66
603389.XSHG,2023-10-09,2023-12-14,5400,5.740000,6.420000,3672.000000,0.118467,66
002856.XSHE,2023-08-15,2023-12-14,1300,10.350000,14.920000,5941.000000,0.441546,121
002856.XSHE,2023-08-18,2023-12-14,100,10.620000,14.920000,430.000000,0.404896,118
002856.XSHE,2023-08-28,2023-12-14,600,10.500000,14.920000,2652.000000,0.420952,108
002856.XSHE,2023-09-08,2023-12-14,200,10.880000,14.920000,808.000000,0.371324,97
002856.XSHE,2023-09-13,2023-12-14,200,10.520000,14.920000,880.000000,0.418251,92
002856.XSHE,2023-09-18,2023-12-14,100,10.420000,14.920000,450.000000,0.431862,87
002856.XSHE,2023-10-17,2023-12-14,700,10.350000,14.920000,3199.000000,0.441546,58
002856.XSHE,2023-11-02,2023-12-14,600,10.890000,14.920000,2418.000000,0.370064,42
002856.XSHE,2023-11-10,2023-12-14,1900,10.930000,14.920000,7581.000000,0.365050,34
002856.XSHE,2023-11-23,2023-12-14,900,11.440000,14.920000,3132.000000,0.304196,21
300417.XSHE,2023-11-10,2023-12-14,5800,11.950000,12.550000,3480.000000,0.050209,34
300417.XSHE,2023-11-15,2023-12-14,1200,12.320000,12.550000,276.000000,0.018669,29
300417.XSHE,2023-11-20,2023-12-14,200,12.410000,12.550000,28.000000,0.011281,24
300417.XSHE,2023-11-23,2023-12-14,700,12.270000,12.550000,196.000000,0.022820,21
603389.XSHG,2023-10-09,2023-12-19,9400,5.740000,6.830000,10246.000000,0.189895,71
603389.XSHG,2023-10-20,2023-12-19,100,5.530000,6.830000,130.000000,0.235081,60
603389.XSHG,2023-10-20,2023-12-19,6600,5.530000,6.830000,8580.000000,0.235081,60
300929.XSHE,2023-09-08,2023-12-19,600,11.790000,11.940000,90.000000,0.012723,102
002633.XSHE,2023-10-20,2023-12-19,100,9.890000,10.780000,89.000000,0.089990,60
300417.XSHE,2023-11-23,2023-12-19,6700,12.270000,12.390000,804.000000,0.009780,26
300417.XSHE,2023-12-01,2023-12-19,100,12.550000,12.390000,-16.000000,-0.012749,18
300417.XSHE,2023-12-06,2023-12-19,200,12.530000,12.390000,-28.000000,-0.011173,13
300417.XSHE,2023-12-11,2023-12-19,300,11.830000,12.390000,168.000000,0.047337,8
000691.XSHE,2023-08-31,2023-12-22,300,4.980000,5.220000,72.000000,0.048193,113
002633.XSHE,2023-10-25,2023-12-22,200,10.170000,11.290000,224.000000,0.110128,58
002633.XSHE,2023-10-30,2023-12-22,700,10.500000,11.290000,553.000000,0.075238,53
603709.XSHG,2023-12-14,2023-12-22,100,17.430000,18.950000,152.000000,0.087206,8
603389.XSHG,2023-10-20,2023-12-27,6900,5.530000,6.580000,7245.000000,0.189873,68
603389.XSHG,2023-10-25,2023-12-27,400,5.730000,6.580000,340.000000,0.148342,63
603389.XSHG,2023-11-02,2023-12-27,100,6.110000,6.580000,47.000000,0.076923,55
603389.XSHG,2023-11-02,2023-12-27,500,6.110000,6.580000,235.000000,0.076923,55
603389.XSHG,2023-11-10,2023-12-27,3100,6.100000,6.580000,1488.000000,0.078689,47
603389.XSHG,2023-11-20,2023-12-27,13700,6.330000,6.580000,3425.000000,0.039494,37
603389.XSHG,2023-11-23,2023-12-27,500,6.330000,6.580000,125.000000,0.039494,34
603389.XSHG,2023-12-01,2023-12-27,1900,6.330000,6.580000,475.000000,0.039494,26
600768.XSHG,2023-06-19,2023-12-27,500,10.290000,11.220000,465.000000,0.090379,191
000691.XSHE,2023-08-31,2023-12-27,9300,4.980000,4.970000,-93.000000,-0.002008,118
000691.XSHE,2023-09-05,2023-12-27,9300,4.930000,4.970000,372.000000,0.008114,113
605081.XSHG,2023-10-25,2023-12-27,400,13.230000,13.400000,68.000000,0.012850,63
300321.XSHE,2023-11-10,2023-12-27,4700,18.430000,18.490000,282.000000,0.003256,47
300321.XSHE,2023-11-20,2023-12-27,500,18.610000,18.490000,-60.000000,-0.006448,37
300665.XSHE,2023-12-01,2023-12-27,300,8.860000,8.260000,-180.000000,-0.067720,26
300478.XSHE,2023-05-11,2024-01-02,5200,9.520000,12.880000,17472.000000,0.352941,236
300478.XSHE,2023-05-16,2024-01-02,6600,9.660000,12.880000,21252.000000,0.333333,231
300478.XSHE,2023-05-19,2024-01-02,6300,9.890000,12.880000,18837.000000,0.302326,228
300478.XSHE,2023-05-24,2024-01-02,6900,9.700000,12.880000,21942.000000,0.327835,223
300478.XSHE,2023-06-01,2024-01-02,1700,9.380000,12.880000,5950.000000,0.373134,215
300478.XSHE,2023-06-06,2024-01-02,400,9.620000,12.880000,1304.000000,0.338877,210
300478.XSHE,2023-06-29,2024-01-02,100,9.750000,12.880000,313.000000,0.321026,187
300478.XSHE,2023-06-29,2024-01-02,100,9.750000,12.880000,313.000000,0.321026,187
300478.XSHE,2023-07-04,2024-01-02,100,10.400000,12.880000,248.000000,0.238462,182
300478.XSHE,2023-07-12,2024-01-02,600,10.380000,12.880000,1500.000000,0.240848,174
300478.XSHE,2023-07-25,2024-01-02,200,10.640000,12.880000,448.000000,0.210526,161
300478.XSHE,2023-08-02,2024-01-02,1500,10.830000,12.880000,3075.000000,0.189289,153
300478.XSHE,2023-08-07,2024-01-02,1800,10.450000,12.880000,4374.000000,0.232536,148
300478.XSHE,2023-08-15,2024-01-02,300,10.230000,12.880000,795.000000,0.259042,140
300478.XSHE,2023-08-31,2024-01-02,100,11.110000,12.880000,177.000000,0.159316,124
300478.XSHE,2023-08-31,2024-01-02,400,11.110000,12.880000,708.000000,0.159316,124
300478.XSHE,2023-09-05,2024-01-02,100,11.130000,12.880000,175.000000,0.157233,119
300478.XSHE,2023-09-05,2024-01-02,100,11.130000,12.880000,175.000000,0.157233,119
300478.XSHE,2023-09-08,2024-01-02,700,10.920000,12.880000,1372.000000,0.179487,116
300478.XSHE,2023-09-18,2024-01-02,100,10.820000,12.880000,206.000000,0.190388,106
300478.XSHE,2023-09-21,2024-01-02,200,10.780000,12.880000,420.000000,0.194805,103
300478.XSHE,2023-09-26,2024-01-02,200,10.670000,12.880000,442.000000,0.207123,98
300478.XSHE,2023-11-02,2024-01-02,500,11.860000,12.880000,510.000000,0.086003,61
300478.XSHE,2023-11-10,2024-01-02,1400,12.020000,12.880000,1204.000000,0.071547,53
300478.XSHE,2023-11-20,2024-01-02,400,12.220000,12.880000,264.000000,0.054010,43
300478.XSHE,2023-11-23,2024-01-02,700,12.070000,12.880000,567.000000,0.067109,40
300478.XSHE,2023-12-01,2024-01-02,100,12.430000,12.880000,45.000000,0.036203,32
300478.XSHE,2023-12-11,2024-01-02,300,12.050000,12.880000,249.000000,0.068880,22
300478.XSHE,2023-12-14,2024-01-02,400,12.300000,12.880000,232.000000,0.047154,19
300478.XSHE,2023-12-19,2024-01-02,100,12.140000,12.880000,74.000000,0.060956,14
300478.XSHE,2023-12-19,2024-01-02,400,12.140000,12.880000,296.000000,0.060956,14
600768.XSHG,2023-06-19,2024-01-02,3900,10.290000,11.850000,6084.000000,0.151603,197
600768.XSHG,2023-06-29,2024-01-02,300,10.420000,11.850000,429.000000,0.137236,187
600768.XSHG,2023-07-17,2024-01-02,6200,11.000000,11.850000,5270.000000,0.077273,169
600768.XSHG,2023-07-20,2024-01-02,6600,11.050000,11.850000,5280.000000,0.072398,166
600768.XSHG,2023-07-25,2024-01-02,6400,11.090000,11.850000,4864.000000,0.068530,161
600768.XSHG,2023-07-28,2024-01-02,6700,11.080000,11.850000,5159.000000,0.069495,158
600768.XSHG,2023-08-02,2024-01-02,1600,11.120000,11.850000,1168.000000,0.065647,153
600768.XSHG,2023-08-07,2024-01-02,1400,10.820000,11.850000,1442.000000,0.095194,148
600768.XSHG,2023-08-18,2024-01-02,600,10.770000,11.850000,648.000000,0.100279,137
600768.XSHG,2023-08-23,2024-01-02,400,10.640000,11.850000,484.000000,0.113722,132
600768.XSHG,2023-08-28,2024-01-02,200,10.650000,11.850000,240.000000,0.112676,127
600768.XSHG,2023-08-31,2024-01-02,700,10.800000,11.850000,735.000000,0.097222,124
600768.XSHG,2023-09-13,2024-01-02,100,10.600000,11.850000,125.000000,0.117925,111
600768.XSHG,2023-09-18,2024-01-02,100,10.510000,11.850000,134.000000,0.127498,106
600768.XSHG,2023-09-26,2024-01-02,200,10.490000,11.850000,272.000000,0.129647,98
600768.XSHG,2023-10-09,2024-01-02,100,10.710000,11.850000,114.000000,0.106443,85
600768.XSHG,2023-10-17,2024-01-02,200,10.430000,11.850000,284.000000,0.136146,77
600768.XSHG,2023-10-25,2024-01-02,900,10.310000,11.850000,1386.000000,0.149370,69
600768.XSHG,2023-11-10,2024-01-02,1600,10.960000,11.850000,1424.000000,0.081204,53
600768.XSHG,2023-11-20,2024-01-02,100,11.230000,11.850000,62.000000,0.055209,43
600768.XSHG,2023-11-28,2024-01-02,500,11.180000,11.850000,335.000000,0.059928,35
600768.XSHG,2023-12-01,2024-01-02,500,11.430000,11.850000,210.000000,0.036745,32
600768.XSHG,2023-12-06,2024-01-02,100,11.490000,11.850000,36.000000,0.031332,27
600768.XSHG,2023-12-14,2024-01-02,500,11.400000,11.850000,225.000000,0.039474,19
600768.XSHG,2023-12-19,2024-01-02,100,11.400000,11.850000,45.000000,0.039474,14
600455.XSHG,2023-07-12,2024-01-02,6100,23.160000,24.980000,11102.000000,0.078584,174
600455.XSHG,2023-07-20,2024-01-02,3000,23.460000,24.980000,4560.000000,0.064791,166
600455.XSHG,2023-07-28,2024-01-02,400,23.110000,24.980000,748.000000,0.080917,158
600455.XSHG,2023-08-02,2024-01-02,900,23.050000,24.980000,1737.000000,0.083731,153
600455.XSHG,2023-08-07,2024-01-02,600,22.550000,24.980000,1458.000000,0.107761,148
600455.XSHG,2023-08-18,2024-01-02,200,22.850000,24.980000,426.000000,0.093217,137
600455.XSHG,2023-08-28,2024-01-02,400,22.990000,24.980000,796.000000,0.086559,127
600455.XSHG,2023-08-31,2024-01-02,100,23.640000,24.980000,134.000000,0.056684,124
600455.XSHG,2023-09-08,2024-01-02,300,23.300000,24.980000,504.000000,0.072103,116
600455.XSHG,2023-09-18,2024-01-02,300,22.540000,24.980000,732.000000,0.108252,106
600455.XSHG,2023-10-25,2024-01-02,300,22.600000,24.980000,714.000000,0.105310,69
600455.XSHG,2023-10-30,2024-01-02,100,23.160000,24.980000,182.000000,0.078584,64
600455.XSHG,2023-11-02,2024-01-02,100,23.170000,24.980000,181.000000,0.078118,61
600455.XSHG,2023-11-02,2024-01-02,200,23.170000,24.980000,362.000000,0.078118,61
600455.XSHG,2023-11-10,2024-01-02,300,23.970000,24.980000,303.000000,0.042136,53
600455.XSHG,2023-11-20,2024-01-02,100,24.880000,24.980000,10.000000,0.004019,43
600455.XSHG,2023-12-01,2024-01-02,1100,24.980000,24.980000,0.000000,0.000000,32
600455.XSHG,2023-12-14,2024-01-02,3000,26.250000,24.980000,-3810.000000,-0.048381,19
600455.XSHG,2023-12-19,2024-01-02,600,25.530000,24.980000,-330.000000,-0.021543,14
600455.XSHG,2023-12-27,2024-01-02,900,23.580000,24.980000,1260.000000,0.059372,6
000691.XSHE,2023-09-05,2024-01-02,8000,4.930000,5.110000,1440.000000,0.036511,119
000691.XSHE,2023-09-08,2024-01-02,16900,4.800000,5.110000,5239.000000,0.064583,116
000691.XSHE,2023-09-13,2024-01-02,16200,4.710000,5.110000,6480.000000,0.084926,111
000691.XSHE,2023-09-18,2024-01-02,15100,4.760000,5.110000,5285.000000,0.073529,106
000691.XSHE,2023-09-21,2024-01-02,2100,4.640000,5.110000,987.000000,0.101293,103
000691.XSHE,2023-09-26,2024-01-02,1300,4.560000,5.110000,715.000000,0.120614,98
000691.XSHE,2023-10-09,2024-01-02,1100,4.610000,5.110000,550.000000,0.108460,85
000691.XSHE,2023-10-12,2024-01-02,2400,4.490000,5.110000,1488.000000,0.138085,82
000691.XSHE,2023-10-30,2024-01-02,1700,4.590000,5.110000,884.000000,0.113290,64
000691.XSHE,2023-11-07,2024-01-02,100,4.770000,5.110000,34.000000,0.071279,56
000691.XSHE,2023-11-10,2024-01-02,2700,4.830000,5.110000,756.000000,0.057971,53
000691.XSHE,2023-11-23,2024-01-02,1000,5.030000,5.110000,80.000000,0.015905,40
000691.XSHE,2023-11-28,2024-01-02,100,5.040000,5.110000,7.000000,0.013889,35
000691.XSHE,2023-12-01,2024-01-02,2300,5.030000,5.110000,184.000000,0.015905,32
000691.XSHE,2023-12-06,2024-01-02,1300,5.000000,5.110000,143.000000,0.022000,27
300929.XSHE,2023-09-08,2024-01-02,5000,11.790000,12.250000,2300.000000,0.039016,116
300929.XSHE,2023-09-13,2024-01-02,13900,11.940000,12.250000,4309.000000,0.025963,111
300929.XSHE,2023-09-18,2024-01-02,100,11.790000,12.250000,46.000000,0.039016,106
300929.XSHE,2023-09-21,2024-01-02,6700,11.640000,12.250000,4087.000000,0.052405,103
300929.XSHE,2023-10-09,2024-01-02,300,11.860000,12.250000,117.000000,0.032884,85
300929.XSHE,2023-10-12,2024-01-02,500,11.650000,12.250000,300.000000,0.051502,82
300929.XSHE,2023-10-17,2024-01-02,6900,11.380000,12.250000,6003.000000,0.076450,77
300929.XSHE,2023-10-20,2024-01-02,100,11.090000,12.250000,116.000000,0.104599,74
300929.XSHE,2023-10-25,2024-01-02,700,11.280000,12.250000,679.000000,0.085993,69
300929.XSHE,2023-11-10,2024-01-02,1700,11.930000,12.250000,544.000000,0.026823,53
300929.XSHE,2023-11-15,2024-01-02,100,12.070000,12.250000,18.000000,0.014913,48
300929.XSHE,2023-11-20,2024-01-02,200,12.160000,12.250000,18.000000,0.007401,43
300929.XSHE,2023-11-23,2024-01-02,400,12.090000,12.250000,64.000000,0.013234,40
300929.XSHE,2023-12-01,2024-01-02,800,12.160000,12.250000,72.000000,0.007401,32
300929.XSHE,2023-12-06,2024-01-02,500,12.120000,12.250000,65.000000,0.010726,27
300929.XSHE,2023-12-14,2024-01-02,900,11.700000,12.250000,495.000000,0.047009,19
300929.XSHE,2023-12-22,2024-01-02,100,12.060000,12.250000,19.000000,0.015755,11
002633.XSHE,2023-10-30,2024-01-02,7100,10.500000,11.690000,8449.000000,0.113333,64
002633.XSHE,2023-11-15,2024-01-02,7900,10.990000,11.690000,5530.000000,0.063694,48
002633.XSHE,2023-11-20,2024-01-02,400,10.920000,11.690000,308.000000,0.070513,43
002633.XSHE,2023-11-23,2024-01-02,8400,10.880000,11.690000,6804.000000,0.074449,40
002633.XSHE,2023-11-28,2024-01-02,7600,10.950000,11.690000,5624.000000,0.067580,35
002633.XSHE,2023-12-01,2024-01-02,9700,10.980000,11.690000,6887.000000,0.064663,32
002633.XSHE,2023-12-06,2024-01-02,700,10.890000,11.690000,560.000000,0.073462,27
002633.XSHE,2023-12-11,2024-01-02,200,10.410000,11.690000,256.000000,0.122959,22
605081.XSHG,2023-10-25,2024-01-02,5500,13.230000,13.990000,4180.000000,0.057445,69
605081.XSHG,2023-10-30,2024-01-02,6100,13.550000,13.990000,2684.000000,0.032472,64
605081.XSHG,2023-11-02,2024-01-02,5700,13.980000,13.990000,57.000000,0.000715,61
605081.XSHG,2023-11-07,2024-01-02,5300,14.090000,13.990000,-530.000000,-0.007097,56
605081.XSHG,2023-11-10,2024-01-02,8200,13.930000,13.990000,492.000000,0.004307,53
605081.XSHG,2023-11-15,2024-01-02,100,14.120000,13.990000,-13.000000,-0.009207,48
605081.XSHG,2023-11-20,2024-01-02,300,14.160000,13.990000,-51.000000,-0.012006,43
605081.XSHG,2023-11-23,2024-01-02,100,14.200000,13.990000,-21.000000,-0.014789,40
605081.XSHG,2023-12-01,2024-01-02,600,14.300000,13.990000,-186.000000,-0.021678,32
605081.XSHG,2023-12-06,2024-01-02,500,14.230000,13.990000,-120.000000,-0.016866,27
605081.XSHG,2023-12-11,2024-01-02,300,13.520000,13.990000,141.000000,0.034763,22
605081.XSHG,2023-12-14,2024-01-02,100,13.890000,13.990000,10.000000,0.007199,19
605081.XSHG,2023-12-22,2024-01-02,700,13.830000,13.990000,112.000000,0.011569,11
300321.XSHE,2023-11-20,2024-01-02,4400,18.610000,19.410000,3520.000000,0.042988,43
300321.XSHE,2023-11-23,2024-01-02,4900,18.570000,19.410000,4116.000000,0.045234,40
300321.XSHE,2023-12-01,2024-01-02,5200,18.790000,19.410000,3224.000000,0.032996,32
300321.XSHE,2023-12-06,2024-01-02,5000,18.900000,19.410000,2550.000000,0.026984,27
300417.XSHE,2023-12-11,2024-01-02,7500,11.830000,12.720000,6675.000000,0.075232,22
300665.XSHE,2023-12-01,2024-01-02,10100,8.860000,8.720000,-1414.000000,-0.015801,32
300665.XSHE,2023-12-06,2024-01-02,10700,8.770000,8.720000,-535.000000,-0.005701,27
300665.XSHE,2023-12-11,2024-01-02,10500,8.480000,8.720000,2520.000000,0.028302,22
300665.XSHE,2023-12-14,2024-01-02,11700,8.510000,8.720000,2457.000000,0.024677,19
300665.XSHE,2023-12-19,2024-01-02,11300,8.460000,8.720000,2938.000000,0.030733,14
300665.XSHE,2023-12-22,2024-01-02,100,8.580000,8.720000,14.000000,0.016317,11
603709.XSHG,2023-12-14,2024-01-02,5100,17.430000,18.020000,3009.000000,0.033850,19
603709.XSHG,2023-12-27,2024-01-02,100,17.000000,18.020000,102.000000,0.060000,6
002652.XSHE,2023-12-19,2024-01-02,28700,3.210000,3.210000,0.000000,0.000000,14
002652.XSHE,2023-12-22,2024-01-02,600,3.180000,3.210000,18.000000,0.009434,11
002652.XSHE,2023-12-27,2024-01-02,58000,3.080000,3.210000,7540.000000,0.042208,6
300736.XSHE,2023-12-27,2024-01-02,7300,12.130000,12.860000,5329.000000,0.060181,6
600539.XSHG,2023-12-27,2024-01-02,12900,6.930000,7.200000,3483.000000,0.038961,6
511880.XSHG,2024-01-02,2024-02-01,47400,100.094000,100.262000,7963.200000,0.001678,30
600768.XSHG,2024-02-01,2024-02-19,200,9.110000,6.870000,-448.000000,-0.245884,18
605081.XSHG,2024-02-01,2024-02-19,200,11.050000,9.010000,-408.000000,-0.184615,18
300321.XSHE,2024-02-01,2024-02-19,1700,14.560000,10.290000,-7259.000000,-0.293269,18
301040.XSHE,2024-02-06,2024-02-19,600,9.510000,10.250000,444.000000,0.077813,13
300836.XSHE,2024-02-06,2024-02-19,300,14.350000,15.380000,309.000000,0.071777,13
300716.XSHE,2024-02-19,2024-02-21,3400,5.530000,7.880000,7990.000000,0.424955,2
300321.XSHE,2024-02-01,2024-02-22,1800,14.560000,12.800000,-3168.000000,-0.120879,21
300995.XSHE,2024-02-06,2024-02-22,800,10.340000,12.860000,2016.000000,0.243714,16
300886.XSHE,2024-02-06,2024-02-22,200,13.050000,14.950000,380.000000,0.145594,16
300854.XSHE,2024-02-06,2024-02-22,200,9.330000,10.750000,284.000000,0.152197,16
300836.XSHE,2024-02-06,2024-02-22,200,14.350000,17.610000,652.000000,0.227178,16
300069.XSHE,2024-02-06,2024-02-22,400,8.550000,9.470000,368.000000,0.107602,16
000668.XSHE,2024-02-01,2024-02-22,5400,8.900000,7.640000,-6804.000000,-0.141573,21
300321.XSHE,2024-02-01,2024-02-27,700,14.560000,14.830000,189.000000,0.018544,26
300995.XSHE,2024-02-06,2024-02-27,600,10.340000,14.810000,2682.000000,0.432302,21
300886.XSHE,2024-02-06,2024-02-27,300,13.050000,17.300000,1275.000000,0.325670,21
300854.XSHE,2024-02-06,2024-02-27,400,9.330000,12.320000,1196.000000,0.320472,21
301040.XSHE,2024-02-06,2024-02-27,200,9.510000,12.990000,696.000000,0.365931,21
300836.XSHE,2024-02-06,2024-02-27,400,14.350000,21.180000,2732.000000,0.475958,21
300069.XSHE,2024-02-06,2024-02-27,500,8.550000,11.000000,1225.000000,0.286550,21
300716.XSHE,2024-02-19,2024-02-27,300,5.530000,8.560000,909.000000,0.547920,8
002856.XSHE,2024-02-01,2024-03-01,700,9.260000,8.040000,-854.000000,-0.131749,29
605081.XSHG,2024-02-01,2024-03-01,8400,11.050000,10.160000,-7476.000000,-0.080543,29
605081.XSHG,2024-02-06,2024-03-01,1600,8.810000,10.160000,2160.000000,0.153235,24
605081.XSHG,2024-02-22,2024-03-01,100,9.890000,10.160000,27.000000,0.027300,8
605081.XSHG,2024-02-27,2024-03-01,100,10.770000,10.160000,-61.000000,-0.056639,3
000668.XSHE,2024-02-01,2024-03-01,5200,8.900000,8.190000,-3692.000000,-0.079775,29
000668.XSHE,2024-02-19,2024-03-01,9200,5.580000,8.190000,24012.000000,0.467742,11
300321.XSHE,2024-02-01,2024-03-01,2300,14.560000,14.080000,-1104.000000,-0.032967,29
300321.XSHE,2024-02-06,2024-03-01,5100,9.370000,14.080000,24021.000000,0.502668,24
300929.XSHE,2024-02-01,2024-03-01,100,9.790000,8.370000,-142.000000,-0.145046,29
300716.XSHE,2024-02-19,2024-03-01,800,5.530000,8.800000,2616.000000,0.591320,11
600768.XSHG,2024-02-01,2024-03-06,600,9.110000,8.010000,-660.000000,-0.120746,34
300417.XSHE,2024-02-01,2024-03-06,100,9.090000,7.650000,-144.000000,-0.158416,34
600455.XSHG,2024-02-01,2024-03-06,800,19.500000,17.990000,-1208.000000,-0.077436,34
000668.XSHE,2024-02-19,2024-03-06,500,5.580000,8.140000,1280.000000,0.458781,16
300321.XSHE,2024-02-06,2024-03-06,7600,9.370000,13.610000,32224.000000,0.452508,29
300929.XSHE,2024-02-01,2024-03-06,1000,9.790000,8.110000,-1680.000000,-0.171604,34
300995.XSHE,2024-02-06,2024-03-06,7300,10.340000,13.520000,23214.000000,0.307544,29
300995.XSHE,2024-02-19,2024-03-06,200,10.950000,13.520000,514.000000,0.234703,16
300886.XSHE,2024-02-06,2024-03-06,6300,13.050000,15.820000,17451.000000,0.212261,29
300886.XSHE,2024-02-19,2024-03-06,100,12.950000,15.820000,287.000000,0.221622,16
300854.XSHE,2024-02-06,2024-03-06,9000,9.330000,11.100000,15930.000000,0.189711,29
300854.XSHE,2024-03-01,2024-03-06,200,11.590000,11.100000,-98.000000,-0.042278,5
301040.XSHE,2024-02-06,2024-03-06,8600,9.510000,11.980000,21242.000000,0.259727,29
300836.XSHE,2024-02-06,2024-03-06,5300,14.350000,19.330000,26394.000000,0.347038,29
300069.XSHE,2024-02-06,2024-03-06,9600,8.550000,9.800000,12000.000000,0.146199,29
300069.XSHE,2024-02-19,2024-03-06,500,8.130000,9.800000,835.000000,0.205412,16
300716.XSHE,2024-02-19,2024-03-06,300,5.530000,8.580000,915.000000,0.551537,16
002193.XSHE,2024-02-19,2024-03-07,4300,3.330000,4.340000,4343.000000,0.303303,17
603389.XSHG,2024-03-06,2024-03-07,300,4.060000,4.360000,90.000000,0.073892,1
002633.XSHE,2024-02-01,2024-03-11,200,8.020000,7.270000,-150.000000,-0.093516,39
300417.XSHE,2024-02-01,2024-03-11,500,9.090000,8.050000,-520.000000,-0.114411,39
000668.XSHE,2024-02-19,2024-03-11,11900,5.580000,8.060000,29512.000000,0.444444,21
000668.XSHE,2024-02-27,2024-03-11,700,8.050000,8.060000,7.000000,0.001242,13
300995.XSHE,2024-02-19,2024-03-11,7500,10.950000,14.800000,28875.000000,0.351598,21
300995.XSHE,2024-03-01,2024-03-11,100,14.090000,14.800000,71.000000,0.050390,10
300716.XSHE,2024-02-19,2024-03-11,11400,5.530000,9.200000,41838.000000,0.663653,21
300716.XSHE,2024-02-22,2024-03-11,500,7.510000,9.200000,845.000000,0.225033,18
000691.XSHE,2024-02-22,2024-03-11,3100,3.020000,3.480000,1426.000000,0.152318,18
002633.XSHE,2024-02-01,2024-03-14,500,8.020000,7.760000,-130.000000,-0.032419,42
600455.XSHG,2024-02-01,2024-03-14,4000,19.500000,20.300000,3200.000000,0.041026,42
600455.XSHG,2024-02-06,2024-03-14,1100,15.000000,20.300000,5830.000000,0.353333,37
600455.XSHG,2024-02-22,2024-03-14,900,16.660000,20.300000,3276.000000,0.218487,21
300929.XSHE,2024-02-01,2024-03-14,1100,9.790000,8.990000,-880.000000,-0.081716,42
600539.XSHG,2024-02-01,2024-03-14,900,5.470000,4.960000,-459.000000,-0.093236,42
600847.XSHG,2024-02-19,2024-03-14,15400,5.820000,7.810000,30646.000000,0.341924,24
600847.XSHG,2024-02-22,2024-03-14,100,6.900000,7.810000,91.000000,0.131884,21
603389.XSHG,2024-03-06,2024-03-14,500,4.060000,4.540000,240.000000,0.118227,8
000691.XSHE,2024-02-22,2024-03-18,6000,3.020000,4.040000,6120.000000,0.337748,25
603389.XSHG,2024-03-06,2024-03-18,4500,4.060000,5.350000,5805.000000,0.317734,12
002633.XSHE,2024-02-01,2024-03-19,200,8.020000,8.390000,74.000000,0.046135,47
600455.XSHG,2024-02-22,2024-03-19,5100,16.660000,20.460000,19380.000000,0.228091,26
000691.XSHE,2024-02-22,2024-03-19,24000,3.020000,3.980000,23040.000000,0.317881,26
000691.XSHE,2024-02-27,2024-03-19,4200,3.590000,3.980000,1638.000000,0.108635,21
605081.XSHG,2024-03-11,2024-03-19,1700,9.720000,12.000000,3876.000000,0.234568,8
605081.XSHG,2024-03-11,2024-03-20,1400,9.720000,13.040000,4648.000000,0.341564,9
002633.XSHE,2024-02-01,2024-03-22,200,8.020000,8.610000,118.000000,0.073566,50
600768.XSHG,2024-02-01,2024-03-22,100,9.110000,9.500000,39.000000,0.042810,50
600847.XSHG,2024-02-22,2024-03-22,13500,6.900000,8.670000,23895.000000,0.256522,29
600847.XSHG,2024-02-22,2024-03-22,600,6.880000,8.670000,1074.000000,0.260174,29
600847.XSHG,2024-02-27,2024-03-22,1700,7.660000,8.670000,1717.000000,0.131854,24
002193.XSHE,2024-02-19,2024-03-22,1000,3.330000,4.910000,1580.000000,0.474474,32
603813.XSHG,2024-03-19,2024-03-22,100,12.210000,12.700000,49.000000,0.040131,3
603813.XSHG,2024-03-19,2024-03-26,400,12.210000,12.820000,244.000000,0.049959,7
600847.XSHG,2024-02-27,2024-03-27,12000,7.660000,8.260000,7200.000000,0.078329,29
600847.XSHG,2024-03-01,2024-03-27,1700,7.420000,8.260000,1428.000000,0.113208,26
000691.XSHE,2024-02-27,2024-03-27,24200,3.590000,4.070000,11616.000000,0.133705,29
000691.XSHE,2024-03-01,2024-03-27,9000,3.440000,4.070000,5670.000000,0.183140,26
603813.XSHG,2024-03-19,2024-03-28,800,12.210000,14.310000,1680.000000,0.171990,9
002633.XSHE,2024-02-01,2024-04-01,10700,8.020000,8.200000,1926.000000,0.022444,60
002633.XSHE,2024-02-19,2024-04-01,20000,5.640000,8.200000,51200.000000,0.453901,42
002633.XSHE,2024-02-22,2024-04-01,12200,6.820000,8.200000,16836.000000,0.202346,39
002633.XSHE,2024-02-22,2024-04-01,1200,6.770000,8.200000,1716.000000,0.211226,39
002633.XSHE,2024-02-27,2024-04-01,11500,7.800000,8.200000,4600.000000,0.051282,34
002633.XSHE,2024-03-01,2024-04-01,1300,7.360000,8.200000,1092.000000,0.114130,31
002633.XSHE,2024-03-06,2024-04-01,200,6.940000,8.200000,252.000000,0.181556,26
002633.XSHE,2024-03-06,2024-04-01,15100,6.940000,8.200000,19026.000000,0.181556,26
002633.XSHE,2024-03-27,2024-04-01,700,8.130000,8.200000,49.000000,0.008610,5
002633.XSHE,2024-03-27,2024-04-01,1400,8.130000,8.200000,98.000000,0.008610,5
600768.XSHG,2024-02-01,2024-04-01,9500,9.110000,9.430000,3040.000000,0.035126,60
600768.XSHG,2024-02-06,2024-04-01,16000,6.800000,9.430000,42080.000000,0.386765,55
600768.XSHG,2024-02-22,2024-04-01,12300,7.790000,9.430000,20172.000000,0.210526,39
600768.XSHG,2024-02-27,2024-04-01,13000,8.590000,9.430000,10920.000000,0.097788,34
600768.XSHG,2024-03-11,2024-04-01,2500,8.280000,9.430000,2875.000000,0.138889,21
600768.XSHG,2024-03-11,2024-04-01,10700,8.280000,9.430000,12305.000000,0.138889,21
600768.XSHG,2024-03-14,2024-04-01,300,8.740000,9.430000,207.000000,0.078947,18
600768.XSHG,2024-03-19,2024-04-01,1100,9.260000,9.430000,187.000000,0.018359,13
600768.XSHG,2024-03-27,2024-04-01,1200,9.060000,9.430000,444.000000,0.040839,5
300417.XSHE,2024-02-01,2024-04-01,9800,9.090000,8.780000,-3038.000000,-0.034103,60
300417.XSHE,2024-02-06,2024-04-01,18900,6.140000,8.780000,49896.000000,0.429967,55
300417.XSHE,2024-02-19,2024-04-01,16800,5.850000,8.780000,49224.000000,0.500855,42
300417.XSHE,2024-02-22,2024-04-01,9500,7.200000,8.780000,15010.000000,0.219444,39
300417.XSHE,2024-02-27,2024-04-01,10800,8.330000,8.780000,4860.000000,0.054022,34
300417.XSHE,2024-03-01,2024-04-01,300,8.000000,8.780000,234.000000,0.097500,31
300417.XSHE,2024-03-14,2024-04-01,500,8.310000,8.780000,235.000000,0.056558,18
300417.XSHE,2024-03-14,2024-04-01,1100,8.310000,8.780000,517.000000,0.056558,18
300417.XSHE,2024-03-19,2024-04-01,100,8.950000,8.780000,-17.000000,-0.018994,13
300417.XSHE,2024-03-22,2024-04-01,1100,9.000000,8.780000,-242.000000,-0.024444,10
300417.XSHE,2024-03-27,2024-04-01,1600,8.560000,8.780000,352.000000,0.025701,5
600455.XSHG,2024-02-22,2024-04-01,100,16.660000,20.750000,409.000000,0.245498,39
600455.XSHG,2024-02-27,2024-04-01,5700,18.690000,20.750000,11742.000000,0.110219,34
600455.XSHG,2024-03-01,2024-04-01,100,17.900000,20.750000,285.000000,0.159218,31
600455.XSHG,2024-03-11,2024-04-01,100,18.550000,20.750000,220.000000,0.118598,21
002856.XSHE,2024-02-01,2024-04-01,9500,9.260000,8.740000,-4940.000000,-0.056156,60
002856.XSHE,2024-02-06,2024-04-01,3100,6.730000,8.740000,6231.000000,0.298663,55
002856.XSHE,2024-02-19,2024-04-01,15800,6.160000,8.740000,40764.000000,0.418831,42
002856.XSHE,2024-02-22,2024-04-01,11600,7.370000,8.740000,15892.000000,0.185889,39
002856.XSHE,2024-02-22,2024-04-01,300,7.470000,8.740000,381.000000,0.170013,39
002856.XSHE,2024-02-27,2024-04-01,12900,8.200000,8.740000,6966.000000,0.065854,34
002856.XSHE,2024-03-06,2024-04-01,2600,7.500000,8.740000,3224.000000,0.165333,26
002856.XSHE,2024-03-06,2024-04-01,12100,7.500000,8.740000,15004.000000,0.165333,26
002856.XSHE,2024-03-11,2024-04-01,300,7.740000,8.740000,300.000000,0.129199,21
002856.XSHE,2024-03-11,2024-04-01,400,7.740000,8.740000,400.000000,0.129199,21
002856.XSHE,2024-03-14,2024-04-01,400,8.150000,8.740000,236.000000,0.072393,18
002856.XSHE,2024-03-22,2024-04-01,100,8.980000,8.740000,-24.000000,-0.026726,10
002856.XSHE,2024-03-27,2024-04-01,1500,8.550000,8.740000,285.000000,0.022222,5
300929.XSHE,2024-02-01,2024-04-01,7500,9.790000,9.530000,-1950.000000,-0.026558,60
300929.XSHE,2024-02-06,2024-04-01,15900,7.010000,9.530000,40068.000000,0.359486,55
300929.XSHE,2024-02-19,2024-04-01,13500,6.900000,9.530000,35505.000000,0.381159,42
300929.XSHE,2024-02-22,2024-04-01,12900,7.700000,9.530000,23607.000000,0.237662,39
300929.XSHE,2024-02-27,2024-04-01,11900,8.660000,9.530000,10353.000000,0.100462,34
300929.XSHE,2024-03-11,2024-04-01,1000,8.320000,9.530000,1210.000000,0.145433,21
300929.XSHE,2024-03-19,2024-04-01,900,9.540000,9.530000,-9.000000,-0.001048,13
300929.XSHE,2024-03-27,2024-04-01,1500,9.270000,9.530000,390.000000,0.028047,5
600539.XSHG,2024-02-01,2024-04-01,16400,5.470000,5.400000,-1148.000000,-0.012797,60
600539.XSHG,2024-02-06,2024-04-01,4100,4.190000,5.400000,4961.000000,0.288783,55
600539.XSHG,2024-02-19,2024-04-01,25400,3.840000,5.400000,39624.000000,0.406250,42
600539.XSHG,2024-02-22,2024-04-01,21700,4.380000,5.400000,22134.000000,0.232877,39
600539.XSHG,2024-02-27,2024-04-01,21600,4.910000,5.400000,10584.000000,0.099796,34
600539.XSHG,2024-03-01,2024-04-01,300,4.720000,5.400000,204.000000,0.144068,31
600539.XSHG,2024-03-06,2024-04-01,23200,4.480000,5.400000,21344.000000,0.205357,26
600539.XSHG,2024-03-11,2024-04-01,900,4.640000,5.400000,684.000000,0.163793,21
600539.XSHG,2024-03-19,2024-04-01,500,5.320000,5.400000,40.000000,0.015038,13
600539.XSHG,2024-03-22,2024-04-01,600,5.410000,5.400000,-6.000000,-0.001848,10
600539.XSHG,2024-03-27,2024-04-01,1400,5.200000,5.400000,280.000000,0.038462,5
600847.XSHG,2024-03-01,2024-04-01,12500,7.420000,8.460000,13000.000000,0.140162,31
600847.XSHG,2024-03-06,2024-04-01,15500,6.970000,8.460000,23095.000000,0.213773,26
600847.XSHG,2024-03-11,2024-04-01,200,7.250000,8.460000,242.000000,0.166897,21
600847.XSHG,2024-03-19,2024-04-01,1100,8.260000,8.460000,220.000000,0.024213,13
002193.XSHE,2024-02-19,2024-04-01,21700,3.330000,4.730000,30380.000000,0.420420,42
002193.XSHE,2024-02-22,2024-04-01,24700,3.870000,4.730000,21242.000000,0.222222,39
002193.XSHE,2024-02-27,2024-04-01,22400,4.480000,4.730000,5600.000000,0.055804,34
002193.XSHE,2024-03-01,2024-04-01,24000,4.350000,4.730000,9120.000000,0.087356,31
002193.XSHE,2024-03-06,2024-04-01,28500,4.020000,4.730000,20235.000000,0.176617,26
002193.XSHE,2024-03-11,2024-04-01,2400,4.260000,4.730000,1128.000000,0.110329,21
002193.XSHE,2024-03-14,2024-04-01,1800,4.450000,4.730000,504.000000,0.062921,18
002193.XSHE,2024-03-19,2024-04-01,1000,4.760000,4.730000,-30.000000,-0.006303,13
002193.XSHE,2024-03-27,2024-04-01,3900,4.630000,4.730000,390.000000,0.021598,5
000691.XSHE,2024-03-01,2024-04-01,22600,3.440000,4.040000,13560.000000,0.174419,31
000691.XSHE,2024-03-06,2024-04-01,32200,3.250000,4.040000,25438.000000,0.243077,26
000691.XSHE,2024-03-14,2024-04-01,3600,3.580000,4.040000,1656.000000,0.128492,18
000691.XSHE,2024-03-22,2024-04-01,1000,4.020000,4.040000,20.000000,0.004975,10
605081.XSHG,2024-03-11,2024-04-01,7800,9.720000,11.700000,15444.000000,0.203704,21
605081.XSHG,2024-03-14,2024-04-01,11100,10.200000,11.700000,16650.000000,0.147059,18
605081.XSHG,2024-03-22,2024-04-01,1000,12.440000,11.700000,-740.000000,-0.059486,10
605081.XSHG,2024-03-27,2024-04-01,900,11.570000,11.700000,117.000000,0.011236,5
001211.XSHE,2024-03-14,2024-04-01,6900,16.160000,17.480000,9108.000000,0.081683,18
001211.XSHE,2024-03-19,2024-04-01,7100,17.270000,17.480000,1491.000000,0.012160,13
001211.XSHE,2024-03-22,2024-04-01,6900,17.680000,17.480000,-1380.000000,-0.011312,10
001211.XSHE,2024-03-22,2024-04-01,100,17.680000,17.480000,-20.000000,-0.011312,10
001211.XSHE,2024-03-27,2024-04-01,7400,17.000000,17.480000,3552.000000,0.028235,5
603813.XSHG,2024-03-19,2024-04-01,8600,12.210000,13.360000,9890.000000,0.094185,13
002629.XSHE,2024-03-27,2024-04-01,8500,2.800000,2.870000,595.000000,0.025000,5
511880.XSHG,2024-04-01,2024-05-06,58000,100.562000,100.703000,8178.000000,0.001402,35
603389.XSHG,2024-03-06,2024-05-06,19400,4.060000,4.680000,12028.000000,0.152709,61
603389.XSHG,2024-03-11,2024-05-06,25800,4.230000,4.680000,11610.000000,0.106383,56
603389.XSHG,2024-03-19,2024-05-06,1000,5.250000,4.680000,-570.000000,-0.108571,48
603389.XSHG,2024-03-22,2024-05-06,2400,5.100000,4.680000,-1008.000000,-0.082353,45
002193.XSHE,2024-05-06,2024-05-07,1300,3.760000,3.970000,273.000000,0.055851,1
002633.XSHE,2024-05-06,2024-05-07,1300,6.620000,7.220000,780.000000,0.090634,1
600847.XSHG,2024-05-06,2024-05-10,700,7.250000,7.670000,294.000000,0.057931,4
000668.XSHE,2024-05-06,2024-05-14,100,7.380000,7.700000,32.000000,0.043360,8
600847.XSHG,2024-05-06,2024-05-16,3800,7.250000,8.050000,3040.000000,0.110345,10
300329.XSHE,2024-05-14,2024-05-17,200,4.460000,4.680000,44.000000,0.049327,3
600847.XSHG,2024-05-06,2024-05-22,500,7.250000,7.910000,330.000000,0.091034,16
300417.XSHE,2024-05-06,2024-05-27,1900,7.660000,7.610000,-95.000000,-0.006527,21
002856.XSHE,2024-05-06,2024-05-27,2100,7.600000,7.800000,420.000000,0.026316,21
002629.XSHE,2024-05-06,2024-05-27,4900,2.370000,2.250000,-588.000000,-0.050633,21
000668.XSHE,2024-05-06,2024-05-27,300,7.380000,7.400000,6.000000,0.002710,21
600539.XSHG,2024-05-06,2024-05-27,1200,4.820000,4.820000,0.000000,0.000000,21
600847.XSHG,2024-05-06,2024-05-27,11700,7.250000,7.380000,1521.000000,0.017931,21
600847.XSHG,2024-05-09,2024-05-27,2400,7.490000,7.380000,-264.000000,-0.014686,18
603021.XSHG,2024-05-06,2024-05-27,33200,3.490000,3.450000,-1328.000000,-0.011461,21
300716.XSHE,2024-05-17,2024-05-27,500,7.250000,7.120000,-65.000000,-0.017931,10
002193.XSHE,2024-05-06,2024-05-30,2800,3.760000,3.770000,28.000000,0.002660,24
002633.XSHE,2024-05-06,2024-05-30,400,6.620000,7.060000,176.000000,0.066465,24
002629.XSHE,2024-05-06,2024-05-30,600,2.370000,2.270000,-60.000000,-0.042194,24
600847.XSHG,2024-05-09,2024-05-30,13500,7.490000,7.430000,-810.000000,-0.008011,21
600847.XSHG,2024-05-14,2024-05-30,2600,7.140000,7.430000,754.000000,0.040616,16
002856.XSHE,2024-05-06,2024-05-30,13800,7.600000,8.220000,8556.000000,0.081579,24
002856.XSHE,2024-05-09,2024-05-30,6000,7.830000,8.220000,2340.000000,0.049808,21
300417.XSHE,2024-05-06,2024-06-04,1800,7.660000,7.050000,-1098.000000,-0.079634,29
002856.XSHE,2024-05-09,2024-06-04,9200,7.830000,7.980000,1380.000000,0.019157,26
002856.XSHE,2024-05-14,2024-06-04,5800,7.560000,7.980000,2436.000000,0.055556,21
600847.XSHG,2024-05-14,2024-06-04,16000,7.140000,6.650000,-7840.000000,-0.068627,21
600847.XSHG,2024-05-17,2024-06-04,200,7.980000,6.650000,-266.000000,-0.166667,18
603021.XSHG,2024-05-06,2024-06-04,700,3.490000,3.130000,-252.000000,-0.103152,29
600455.XSHG,2024-05-06,2024-06-04,800,17.860000,16.010000,-1480.000000,-0.103583,29
300329.XSHE,2024-05-14,2024-06-04,24000,4.460000,4.030000,-10320.000000,-0.096413,21
300417.XSHE,2024-05-06,2024-06-06,12100,7.660000,7.630000,-363.000000,-0.003916,31
300417.XSHE,2024-05-09,2024-06-06,2900,7.790000,7.630000,-464.000000,-0.020539,28
002633.XSHE,2024-05-06,2024-06-07,2200,6.620000,5.910000,-1562.000000,-0.107251,32
300417.XSHE,2024-05-09,2024-06-07,6800,7.790000,7.000000,-5372.000000,-0.101412,29
002856.XSHE,2024-05-14,2024-06-07,10800,7.560000,8.320000,8208.000000,0.100529,24
002856.XSHE,2024-05-17,2024-06-07,7000,8.160000,8.320000,1120.000000,0.019608,21
000668.XSHE,2024-05-06,2024-06-07,600,7.380000,5.870000,-906.000000,-0.204607,32
600455.XSHG,2024-05-06,2024-06-07,5900,17.860000,14.910000,-17405.000000,-0.165174,32
600455.XSHG,2024-05-09,2024-06-07,2100,17.880000,14.910000,-6237.000000,-0.166107,29
300716.XSHE,2024-05-17,2024-06-07,16100,7.250000,5.480000,-28497.000000,-0.244138,21
000668.XSHE,2024-05-06,2024-06-11,700,7.380000,6.120000,-882.000000,-0.170732,36
600539.XSHG,2024-05-06,2024-06-11,2500,4.820000,3.790000,-2575.000000,-0.213693,36
300716.XSHE,2024-05-17,2024-06-11,600,7.250000,6.030000,-732.000000,-0.168276,25
300716.XSHE,2024-05-22,2024-06-11,500,7.190000,6.030000,-580.000000,-0.161335,20
300417.XSHE,2024-05-09,2024-06-13,5800,7.790000,7.740000,-290.000000,-0.006418,35
300417.XSHE,2024-05-14,2024-06-13,8400,7.420000,7.740000,2688.000000,0.043127,30
002856.XSHE,2024-05-17,2024-06-13,6400,8.160000,9.780000,10368.000000,0.198529,27
002856.XSHE,2024-05-22,2024-06-13,6100,7.790000,9.780000,12139.000000,0.255456,22
002629.XSHE,2024-05-06,2024-06-13,5400,2.370000,1.970000,-2160.000000,-0.168776,38
600539.XSHG,2024-05-06,2024-06-13,700,4.820000,4.070000,-525.000000,-0.155602,38
603021.XSHG,2024-05-06,2024-06-13,800,3.490000,2.860000,-504.000000,-0.180516,38
603021.XSHG,2024-05-09,2024-06-13,1000,3.520000,2.860000,-660.000000,-0.187500,35
300716.XSHE,2024-05-22,2024-06-13,16300,7.190000,6.240000,-15485.000000,-0.132128,22
300716.XSHE,2024-06-04,2024-06-13,600,6.450000,6.240000,-126.000000,-0.032558,9
002193.XSHE,2024-05-06,2024-06-18,1700,3.760000,3.000000,-1292.000000,-0.202128,43
002633.XSHE,2024-05-06,2024-06-18,4900,6.620000,6.180000,-2156.000000,-0.066465,43
300417.XSHE,2024-05-14,2024-06-18,8900,7.420000,7.450000,267.000000,0.004043,35
300417.XSHE,2024-05-17,2024-06-18,5500,7.840000,7.450000,-2145.000000,-0.049745,32
002856.XSHE,2024-05-22,2024-06-18,11200,7.790000,11.550000,42112.000000,0.482670,27
000668.XSHE,2024-05-06,2024-06-18,1500,7.380000,6.210000,-1755.000000,-0.158537,43
600455.XSHG,2024-05-09,2024-06-18,4800,17.880000,14.970000,-13968.000000,-0.162752,40
600455.XSHG,2024-05-14,2024-06-18,2500,17.040000,14.970000,-5175.000000,-0.121479,35
000679.XSHE,2024-06-04,2024-06-19,300,2.810000,2.530000,-84.000000,-0.099644,15
300417.XSHE,2024-05-17,2024-06-21,9500,7.840000,7.720000,-1140.000000,-0.015306,35
300417.XSHE,2024-05-22,2024-06-21,5000,7.630000,7.720000,450.000000,0.011796,30
002629.XSHE,2024-05-06,2024-06-21,1800,2.370000,1.740000,-1134.000000,-0.265823,46
600539.XSHG,2024-05-06,2024-06-21,100,4.820000,3.760000,-106.000000,-0.219917,46
600455.XSHG,2024-05-14,2024-06-21,5000,17.040000,15.060000,-9900.000000,-0.116197,38
600455.XSHG,2024-05-17,2024-06-21,2100,18.170000,15.060000,-6531.000000,-0.171161,35
300329.XSHE,2024-05-14,2024-06-21,2700,4.460000,3.600000,-2322.000000,-0.192825,38
300329.XSHE,2024-05-27,2024-06-21,26400,4.420000,3.600000,-21648.000000,-0.185520,25
603272.XSHG,2024-05-27,2024-06-21,600,10.780000,8.490000,-1374.000000,-0.212430,25
002193.XSHE,2024-05-06,2024-06-26,200,3.760000,2.780000,-196.000000,-0.260638,51
002633.XSHE,2024-05-06,2024-06-26,1700,6.620000,5.650000,-1649.000000,-0.146526,51
300417.XSHE,2024-05-22,2024-06-26,11500,7.630000,7.900000,3105.000000,0.035387,35
300417.XSHE,2024-05-30,2024-06-26,1800,7.430000,7.900000,846.000000,0.063257,27
000668.XSHE,2024-05-06,2024-06-26,13200,7.380000,5.870000,-19932.000000,-0.204607,51
000668.XSHE,2024-05-09,2024-06-26,5200,7.770000,5.870000,-9880.000000,-0.244530,48
600455.XSHG,2024-05-17,2024-06-26,4200,18.170000,13.950000,-17724.000000,-0.232251,40
600455.XSHG,2024-05-22,2024-06-26,2500,17.610000,13.950000,-9150.000000,-0.207836,35
603272.XSHG,2024-05-27,2024-06-26,1600,10.780000,8.200000,-4128.000000,-0.239332,30
002633.XSHE,2024-05-06,2024-07-01,600,6.620000,5.880000,-444.000000,-0.111782,56
002629.XSHE,2024-05-06,2024-07-01,2200,2.370000,1.540000,-1826.000000,-0.350211,56
000668.XSHE,2024-05-09,2024-07-01,1900,7.770000,6.250000,-2888.000000,-0.195624,53
600539.XSHG,2024-05-06,2024-07-01,800,4.820000,3.640000,-944.000000,-0.244813,56
603021.XSHG,2024-05-09,2024-07-01,2800,3.520000,2.580000,-2632.000000,-0.267045,53
600455.XSHG,2024-05-22,2024-07-01,100,17.610000,14.700000,-291.000000,-0.165247,40
300329.XSHE,2024-05-27,2024-07-01,700,4.420000,3.730000,-483.000000,-0.156109,35
300329.XSHE,2024-05-30,2024-07-01,1700,4.300000,3.730000,-969.000000,-0.132558,32
603272.XSHG,2024-05-27,2024-07-01,500,10.780000,8.550000,-1115.000000,-0.206865,35
002193.XSHE,2024-05-06,2024-07-03,3200,3.760000,3.130000,-2016.000000,-0.167553,58
000668.XSHE,2024-05-09,2024-07-03,3500,7.770000,7.280000,-1715.000000,-0.063063,55
000668.XSHE,2024-05-09,2024-07-04,4400,7.770000,6.470000,-5720.000000,-0.167310,56
000668.XSHE,2024-05-17,2024-07-04,4800,8.110000,6.470000,-7872.000000,-0.202219,48
300329.XSHE,2024-05-30,2024-07-04,300,4.300000,4.140000,-48.000000,-0.037209,35
300391.XSHE,2024-06-07,2024-07-04,38500,2.510000,3.840000,51205.000000,0.529880,27
300391.XSHE,2024-06-18,2024-07-04,100,2.630000,3.840000,121.000000,0.460076,16
300391.XSHE,2024-06-21,2024-07-04,3800,2.510000,3.840000,5054.000000,0.529880,13
000679.XSHE,2024-06-04,2024-07-05,33700,2.810000,3.170000,12132.000000,0.128114,31
300391.XSHE,2024-06-21,2024-07-08,16000,2.510000,4.700000,35040.000000,0.872510,17
002629.XSHE,2024-05-06,2024-07-09,4700,2.370000,1.630000,-3478.000000,-0.312236,64
300329.XSHE,2024-05-30,2024-07-09,23000,4.300000,4.150000,-3450.000000,-0.034884,40
300329.XSHE,2024-06-07,2024-07-09,700,3.550000,4.150000,420.000000,0.169014,32
300329.XSHE,2024-06-13,2024-07-09,700,3.870000,4.150000,196.000000,0.072351,26
300329.XSHE,2024-06-18,2024-07-09,1300,3.590000,4.150000,728.000000,0.155989,21
300329.XSHE,2024-06-26,2024-07-09,1600,3.450000,4.150000,1120.000000,0.202899,13
000679.XSHE,2024-06-04,2024-07-09,5000,2.810000,2.560000,-1250.000000,-0.088968,35
000679.XSHE,2024-06-07,2024-07-09,5700,2.220000,2.560000,1938.000000,0.153153,32
300391.XSHE,2024-06-21,2024-07-09,1000,2.510000,4.700000,2190.000000,0.872510,18
002633.XSHE,2024-05-06,2024-07-12,2800,6.620000,6.000000,-1736.000000,-0.093656,67
300391.XSHE,2024-06-21,2024-07-12,21800,2.510000,5.750000,70632.000000,1.290837,21
300391.XSHE,2024-06-26,2024-07-12,7700,2.340000,5.750000,26257.000000,1.457265,16
000679.XSHE,2024-06-07,2024-07-12,43300,2.220000,2.680000,19918.000000,0.207207,35
000953.XSHE,2024-06-07,2024-07-12,41900,2.350000,2.620000,11313.000000,0.114894,35
000953.XSHE,2024-06-13,2024-07-12,13000,2.640000,2.620000,-260.000000,-0.007576,29
002193.XSHE,2024-05-06,2024-07-16,23000,3.760000,3.250000,-11730.000000,-0.135638,71
002193.XSHE,2024-05-09,2024-07-16,1500,3.970000,3.250000,-1080.000000,-0.181360,68
002633.XSHE,2024-05-06,2024-07-17,1900,6.620000,6.000000,-1178.000000,-0.093656,72
300329.XSHE,2024-06-26,2024-07-17,25600,3.450000,3.980000,13568.000000,0.153623,21
000679.XSHE,2024-06-07,2024-07-17,800,2.220000,2.520000,240.000000,0.135135,40
000679.XSHE,2024-06-13,2024-07-17,27700,2.800000,2.520000,-7756.000000,-0.100000,34
000679.XSHE,2024-06-13,2024-07-17,100,2.530000,2.520000,-1.000000,-0.003953,34
000679.XSHE,2024-06-18,2024-07-17,8600,2.450000,2.520000,602.000000,0.028571,29
000953.XSHE,2024-06-13,2024-07-17,27500,2.640000,2.550000,-2475.000000,-0.034091,34
000953.XSHE,2024-06-18,2024-07-17,13100,2.470000,2.550000,1048.000000,0.032389,29
300391.XSHE,2024-06-26,2024-07-17,18100,2.340000,5.370000,54843.000000,1.294872,21
000679.XSHE,2024-06-18,2024-07-18,13200,2.450000,2.960000,6732.000000,0.208163,30
000953.XSHE,2024-06-18,2024-07-19,17100,2.470000,2.950000,8208.000000,0.194332,31
000668.XSHE,2024-05-17,2024-07-22,600,8.110000,5.700000,-1446.000000,-0.297164,66
000679.XSHE,2024-06-18,2024-07-22,30100,2.450000,2.790000,10234.000000,0.138776,34
000679.XSHE,2024-06-21,2024-07-22,3400,2.490000,2.790000,1020.000000,0.120482,31
000953.XSHE,2024-06-18,2024-07-22,12700,2.470000,2.790000,4064.000000,0.129555,34
000953.XSHE,2024-06-21,2024-07-22,19600,2.410000,2.790000,7448.000000,0.157676,31
300391.XSHE,2024-06-26,2024-07-22,15800,2.340000,5.910000,56406.000000,1.525641,26
300391.XSHE,2024-07-01,2024-07-22,4200,2.340000,5.910000,14994.000000,1.525641,21
002193.XSHE,2024-05-09,2024-07-23,7000,3.970000,3.230000,-5180.000000,-0.186398,75
000679.XSHE,2024-06-21,2024-07-23,3400,2.490000,3.190000,2380.000000,0.281124,32
002193.XSHE,2024-05-09,2024-07-25,900,3.970000,3.160000,-729.000000,-0.204030,77
002633.XSHE,2024-05-06,2024-07-25,2500,6.620000,6.650000,75.000000,0.004532,80
002633.XSHE,2024-05-09,2024-07-25,17300,7.110000,6.650000,-7958.000000,-0.064698,77
002633.XSHE,2024-05-14,2024-07-25,5900,6.780000,6.650000,-767.000000,-0.019174,72
000679.XSHE,2024-06-21,2024-07-25,29700,2.490000,3.050000,16632.000000,0.224900,34
000679.XSHE,2024-06-26,2024-07-25,200,2.340000,3.050000,142.000000,0.303419,29
000679.XSHE,2024-07-01,2024-07-25,5000,2.360000,3.050000,3450.000000,0.292373,24
000953.XSHE,2024-06-21,2024-07-25,24300,2.410000,2.630000,5346.000000,0.091286,34
000953.XSHE,2024-06-26,2024-07-25,11100,2.320000,2.630000,3441.000000,0.133621,29
002633.XSHE,2024-05-14,2024-07-30,13000,6.780000,6.690000,-1170.000000,-0.013274,77
002633.XSHE,2024-05-17,2024-07-30,800,7.250000,6.690000,-448.000000,-0.077241,74
002629.XSHE,2024-05-06,2024-07-30,3800,2.370000,1.590000,-2964.000000,-0.329114,85
000668.XSHE,2024-05-17,2024-07-30,1700,8.110000,6.140000,-3349.000000,-0.242910,74
600539.XSHG,2024-05-06,2024-07-30,200,4.820000,3.660000,-232.000000,-0.240664,85
603021.XSHG,2024-05-09,2024-07-30,4900,3.520000,2.580000,-4606.000000,-0.267045,82
603272.XSHG,2024-05-27,2024-07-30,1300,10.780000,8.380000,-3120.000000,-0.222635,64
000953.XSHE,2024-06-26,2024-07-30,26400,2.320000,2.950000,16632.000000,0.271552,34
000953.XSHE,2024-07-01,2024-07-30,3200,2.360000,2.950000,1888.000000,0.250000,29
000953.XSHE,2024-07-09,2024-07-30,11600,2.390000,2.950000,6496.000000,0.234310,21
002193.XSHE,2024-05-09,2024-08-02,800,3.970000,3.470000,-400.000000,-0.125945,85
002633.XSHE,2024-05-17,2024-08-02,14800,7.250000,6.870000,-5624.000000,-0.052414,77
002633.XSHE,2024-05-22,2024-08-02,1700,7.300000,6.870000,-731.000000,-0.058904,72
002629.XSHE,2024-05-06,2024-08-02,11800,2.370000,1.720000,-7670.000000,-0.274262,88
603021.XSHG,2024-05-09,2024-08-02,4900,3.520000,2.760000,-3724.000000,-0.215909,85
600455.XSHG,2024-05-22,2024-08-02,100,17.610000,14.740000,-287.000000,-0.162976,72
002620.XSHE,2024-07-17,2024-08-02,47500,2.300000,2.610000,14725.000000,0.134783,16
603316.XSHG,2024-07-30,2024-08-02,100,3.510000,3.740000,23.000000,0.065527,3
002193.XSHE,2024-05-09,2024-08-07,20400,3.970000,3.760000,-4284.000000,-0.052897,90
002193.XSHE,2024-05-14,2024-08-07,21500,3.910000,3.760000,-3225.000000,-0.038363,85
002633.XSHE,2024-05-22,2024-08-07,13200,7.300000,7.080000,-2904.000000,-0.030137,77
002633.XSHE,2024-05-27,2024-08-07,1500,6.980000,7.080000,150.000000,0.014327,72
002633.XSHE,2024-06-04,2024-08-07,900,6.430000,7.080000,585.000000,0.101089,64
002633.XSHE,2024-06-13,2024-08-07,1600,6.140000,7.080000,1504.000000,0.153094,55
002633.XSHE,2024-06-13,2024-08-07,300,6.140000,7.080000,282.000000,0.153094,55
600455.XSHG,2024-05-22,2024-08-07,1200,17.610000,15.540000,-2484.000000,-0.117547,77
002620.XSHE,2024-07-17,2024-08-07,45600,2.300000,2.860000,25536.000000,0.243478,21
002620.XSHE,2024-07-22,2024-08-07,6000,2.320000,2.860000,3240.000000,0.232759,16
600768.XSHG,2024-07-09,2024-08-09,5700,6.730000,7.210000,2736.000000,0.071322,31
002633.XSHE,2024-06-13,2024-08-12,3100,6.140000,7.150000,3131.000000,0.164495,60
002633.XSHE,2024-06-21,2024-08-12,3000,5.860000,7.150000,3870.000000,0.220137,52
002633.XSHE,2024-07-04,2024-08-12,2000,5.980000,7.150000,2340.000000,0.195652,39
002633.XSHE,2024-07-09,2024-08-12,7700,5.630000,7.150000,11704.000000,0.269982,34
002633.XSHE,2024-07-22,2024-08-12,1500,5.880000,7.150000,1905.000000,0.215986,21
002629.XSHE,2024-05-06,2024-08-12,12300,2.370000,1.740000,-7749.000000,-0.265823,98
000668.XSHE,2024-05-17,2024-08-12,7700,8.110000,6.520000,-12243.000000,-0.196054,87
000668.XSHE,2024-05-22,2024-08-12,13000,7.560000,6.520000,-13520.000000,-0.137566,82
600539.XSHG,2024-05-06,2024-08-12,1200,4.820000,3.850000,-1164.000000,-0.201245,98
603021.XSHG,2024-05-09,2024-08-12,1100,3.520000,2.760000,-836.000000,-0.215909,95
603272.XSHG,2024-05-27,2024-08-12,900,10.780000,8.690000,-1881.000000,-0.193878,77
603316.XSHG,2024-07-30,2024-08-12,1100,3.510000,3.810000,330.000000,0.085470,13
002629.XSHE,2024-05-06,2024-08-14,3700,2.370000,2.000000,-1369.000000,-0.156118,100
002629.XSHE,2024-05-09,2024-08-14,35000,2.470000,2.000000,-16450.000000,-0.190283,97
603272.XSHG,2024-05-27,2024-08-15,1000,10.780000,8.950000,-1830.000000,-0.169759,80
600768.XSHG,2024-07-09,2024-08-15,1000,6.730000,7.290000,560.000000,0.083210,37
002620.XSHE,2024-07-22,2024-08-15,39000,2.320000,2.700000,14820.000000,0.163793,24
002620.XSHE,2024-07-25,2024-08-15,9900,2.370000,2.700000,3267.000000,0.139241,21
300665.XSHE,2024-08-07,2024-08-15,100,5.140000,5.400000,26.000000,0.050584,8
300665.XSHE,2024-08-12,2024-08-15,500,5.160000,5.400000,120.000000,0.046512,3
600455.XSHG,2024-05-22,2024-08-20,1600,17.610000,15.280000,-3728.000000,-0.132311,90
300478.XSHE,2024-07-25,2024-08-20,15500,6.950000,8.490000,23870.000000,0.221583,26
300478.XSHE,2024-07-30,2024-08-20,11300,7.240000,8.490000,14125.000000,0.172652,21
300665.XSHE,2024-08-12,2024-08-20,600,5.160000,5.530000,222.000000,0.071705,8
000668.XSHE,2024-05-22,2024-08-23,1000,7.560000,6.130000,-1430.000000,-0.189153,93
600539.XSHG,2024-05-06,2024-08-23,1800,4.820000,3.630000,-2142.000000,-0.246888,109
603021.XSHG,2024-05-09,2024-08-23,3000,3.520000,2.600000,-2760.000000,-0.261364,106
603272.XSHG,2024-05-27,2024-08-23,100,10.780000,8.370000,-241.000000,-0.223562,88
300478.XSHE,2024-07-30,2024-08-23,4700,7.240000,7.570000,1551.000000,0.045580,24
300478.XSHE,2024-08-02,2024-08-23,6200,7.310000,7.570000,1612.000000,0.035568,21
002193.XSHE,2024-05-14,2024-08-23,9200,3.910000,3.580000,-3036.000000,-0.084399,101
002193.XSHE,2024-05-17,2024-08-23,30100,4.080000,3.580000,-15050.000000,-0.122549,98
002193.XSHE,2024-05-22,2024-08-23,5600,3.900000,3.580000,-1792.000000,-0.082051,93
603021.XSHG,2024-05-09,2024-08-28,10600,3.520000,2.690000,-8798.000000,-0.235795,111
600455.XSHG,2024-05-22,2024-08-28,1800,17.610000,15.270000,-4212.000000,-0.132879,98
600455.XSHG,2024-05-27,2024-08-28,600,16.830000,15.270000,-936.000000,-0.092692,93
600455.XSHG,2024-06-13,2024-08-28,1500,15.510000,15.270000,-360.000000,-0.015474,76
600455.XSHG,2024-07-04,2024-08-28,300,15.290000,15.270000,-6.000000,-0.001308,55
600455.XSHG,2024-07-09,2024-08-28,5400,14.260000,15.270000,5454.000000,0.070827,50
603272.XSHG,2024-05-27,2024-08-28,200,10.780000,8.270000,-502.000000,-0.232839,93
002620.XSHE,2024-07-25,2024-08-28,1100,2.370000,2.530000,176.000000,0.067511,34
300665.XSHE,2024-08-12,2024-08-28,22300,5.160000,4.950000,-4683.000000,-0.040698,16
002193.XSHE,2024-05-22,2024-09-02,5600,3.900000,3.760000,-784.000000,-0.035897,103
600539.XSHG,2024-05-06,2024-09-02,4300,4.820000,3.810000,-4343.000000,-0.209544,119
600455.XSHG,2024-07-09,2024-09-02,2300,14.260000,15.880000,3726.000000,0.113604,55
600455.XSHG,2024-07-17,2024-09-02,5100,13.860000,15.880000,10302.000000,0.145743,47
600768.XSHG,2024-07-09,2024-09-02,500,6.730000,7.080000,175.000000,0.052006,55
002620.XSHE,2024-07-25,2024-09-02,33500,2.370000,2.650000,9380.000000,0.118143,39
002620.XSHE,2024-07-30,2024-09-02,2300,2.470000,2.650000,414.000000,0.072874,34
002620.XSHE,2024-08-12,2024-09-02,8900,2.570000,2.650000,712.000000,0.031128,21
002620.XSHE,2024-08-20,2024-09-02,200,2.590000,2.650000,12.000000,0.023166,13
002620.XSHE,2024-08-20,2024-09-02,1500,2.590000,2.650000,90.000000,0.023166,13
300929.XSHE,2024-08-02,2024-09-02,200,7.330000,7.180000,-30.000000,-0.020464,31
002193.XSHE,2024-05-22,2024-09-05,23200,3.900000,3.800000,-2320.000000,-0.025641,106
002193.XSHE,2024-05-27,2024-09-05,800,3.680000,3.800000,96.000000,0.032609,101
002193.XSHE,2024-05-27,2024-09-05,4100,3.680000,3.800000,492.000000,0.032609,101
002193.XSHE,2024-06-04,2024-09-05,1800,3.430000,3.800000,666.000000,0.107872,93
002193.XSHE,2024-06-07,2024-09-05,6400,2.890000,3.800000,5824.000000,0.314879,90
002629.XSHE,2024-05-09,2024-09-05,4800,2.470000,1.730000,-3552.000000,-0.299595,119
600539.XSHG,2024-05-06,2024-09-05,1100,4.820000,3.740000,-1188.000000,-0.224066,122
600455.XSHG,2024-07-17,2024-09-05,7800,13.860000,15.990000,16614.000000,0.153680,50
600455.XSHG,2024-07-17,2024-09-05,500,13.860000,15.990000,1065.000000,0.153680,50
600768.XSHG,2024-07-09,2024-09-05,800,6.730000,6.970000,192.000000,0.035661,58
002193.XSHE,2024-06-07,2024-09-10,3500,2.890000,3.900000,3535.000000,0.349481,95
002193.XSHE,2024-06-13,2024-09-10,3300,3.130000,3.900000,2541.000000,0.246006,89
002193.XSHE,2024-06-21,2024-09-10,300,2.950000,3.900000,285.000000,0.322034,81
002193.XSHE,2024-06-21,2024-09-10,400,2.950000,3.900000,380.000000,0.322034,81
002193.XSHE,2024-07-01,2024-09-10,5100,2.770000,3.900000,5763.000000,0.407942,71
002193.XSHE,2024-07-04,2024-09-10,7900,3.000000,3.900000,7110.000000,0.300000,68
002193.XSHE,2024-07-09,2024-09-10,3300,2.850000,3.900000,3465.000000,0.368421,63
002193.XSHE,2024-07-12,2024-09-10,600,2.880000,3.900000,612.000000,0.354167,60
002193.XSHE,2024-07-12,2024-09-10,3500,2.880000,3.900000,3570.000000,0.354167,60
002193.XSHE,2024-07-17,2024-09-10,4300,3.150000,3.900000,3225.000000,0.238095,55
002629.XSHE,2024-05-09,2024-09-10,1200,2.470000,1.770000,-840.000000,-0.283401,124
000668.XSHE,2024-05-22,2024-09-10,2400,7.560000,6.230000,-3192.000000,-0.175926,111
600539.XSHG,2024-05-06,2024-09-10,1100,4.820000,3.840000,-1078.000000,-0.203320,127
600455.XSHG,2024-07-17,2024-09-10,2700,13.860000,15.640000,4806.000000,0.128427,55
600455.XSHG,2024-07-22,2024-09-10,2200,13.850000,15.640000,3938.000000,0.129242,50
600455.XSHG,2024-07-22,2024-09-10,2300,13.850000,15.640000,4117.000000,0.129242,50
600768.XSHG,2024-07-09,2024-09-10,17300,6.730000,7.110000,6574.000000,0.056464,63
603316.XSHG,2024-07-30,2024-09-10,30900,3.510000,3.680000,5253.000000,0.048433,42
603316.XSHG,2024-08-07,2024-09-10,1100,3.690000,3.680000,-11.000000,-0.002710,34
603316.XSHG,2024-08-15,2024-09-10,600,3.780000,3.680000,-60.000000,-0.026455,26
603316.XSHG,2024-08-20,2024-09-10,500,3.720000,3.680000,-20.000000,-0.010753,21
300665.XSHE,2024-09-05,2024-09-10,300,4.880000,5.070000,57.000000,0.038934,5
000668.XSHE,2024-05-22,2024-09-12,2200,7.560000,6.650000,-2002.000000,-0.120370,113
000668.XSHE,2024-05-30,2024-09-12,100,7.110000,6.650000,-46.000000,-0.064698,105
000668.XSHE,2024-06-04,2024-09-12,1800,6.510000,6.650000,252.000000,0.021505,100
002629.XSHE,2024-05-09,2024-09-13,6600,2.470000,1.840000,-4158.000000,-0.255061,127
002629.XSHE,2024-05-14,2024-09-13,500,2.370000,1.840000,-265.000000,-0.223629,122
000668.XSHE,2024-06-04,2024-09-13,17600,6.510000,6.510000,0.000000,0.000000,101
603021.XSHG,2024-05-09,2024-09-13,700,3.520000,2.790000,-511.000000,-0.207386,127
600455.XSHG,2024-07-22,2024-09-13,3100,13.850000,16.200000,7285.000000,0.169675,53
600455.XSHG,2024-07-25,2024-09-13,1800,13.420000,16.200000,5004.000000,0.207154,50
600455.XSHG,2024-07-30,2024-09-13,400,14.020000,16.200000,872.000000,0.155492,45
600455.XSHG,2024-08-12,2024-09-13,2100,14.640000,16.200000,3276.000000,0.106557,32
600455.XSHG,2024-08-15,2024-09-13,100,14.690000,16.200000,151.000000,0.102791,29
600455.XSHG,2024-08-15,2024-09-13,400,14.690000,16.200000,604.000000,0.102791,29
600768.XSHG,2024-07-09,2024-09-13,6100,6.730000,7.380000,3965.000000,0.096582,66
600768.XSHG,2024-07-12,2024-09-13,12200,6.900000,7.380000,5856.000000,0.069565,63
603316.XSHG,2024-08-23,2024-09-13,29000,3.500000,3.740000,6960.000000,0.068571,21
603316.XSHG,2024-08-28,2024-09-13,3500,3.570000,3.740000,595.000000,0.047619,16
603316.XSHG,2024-09-02,2024-09-13,600,3.730000,3.740000,6.000000,0.002681,11
603316.XSHG,2024-09-05,2024-09-13,300,3.620000,3.740000,36.000000,0.033149,8
002856.XSHE,2024-08-15,2024-09-13,200,7.220000,6.630000,-118.000000,-0.081717,29
002193.XSHE,2024-07-17,2024-09-20,300,3.150000,3.890000,222.000000,0.234921,65
002193.XSHE,2024-07-22,2024-09-20,9300,2.980000,3.890000,8463.000000,0.305369,60
002193.XSHE,2024-07-30,2024-09-20,100,3.300000,3.890000,59.000000,0.178788,52
002193.XSHE,2024-07-30,2024-09-20,1600,3.300000,3.890000,944.000000,0.178788,52
002193.XSHE,2024-08-12,2024-09-20,9200,3.490000,3.890000,3680.000000,0.114613,39
002193.XSHE,2024-08-15,2024-09-20,800,3.520000,3.890000,296.000000,0.105114,36
002193.XSHE,2024-08-20,2024-09-20,100,3.460000,3.890000,43.000000,0.124277,31
002193.XSHE,2024-08-20,2024-09-20,2000,3.460000,3.890000,860.000000,0.124277,31
002193.XSHE,2024-08-28,2024-09-20,8700,3.420000,3.890000,4089.000000,0.137427,23
000668.XSHE,2024-06-04,2024-09-20,700,6.510000,6.540000,21.000000,0.004608,108
000668.XSHE,2024-06-13,2024-09-20,1400,6.420000,6.540000,168.000000,0.018692,99
000668.XSHE,2024-06-21,2024-09-20,600,6.080000,6.540000,276.000000,0.075658,91
000668.XSHE,2024-07-09,2024-09-20,2400,5.960000,6.540000,1392.000000,0.097315,73
000668.XSHE,2024-07-12,2024-09-20,200,6.000000,6.540000,108.000000,0.090000,70
000668.XSHE,2024-07-17,2024-09-20,13500,5.660000,6.540000,11880.000000,0.155477,65
600539.XSHG,2024-05-06,2024-09-20,2100,4.820000,3.940000,-1848.000000,-0.182573,137
600768.XSHG,2024-07-12,2024-09-20,3900,6.900000,7.540000,2496.000000,0.092754,70
600768.XSHG,2024-07-17,2024-09-20,13400,6.520000,7.540000,13668.000000,0.156442,65
002856.XSHE,2024-08-15,2024-09-20,16900,7.220000,7.150000,-1183.000000,-0.009695,36
002856.XSHE,2024-08-20,2024-09-20,7700,7.090000,7.150000,462.000000,0.008463,31
002193.XSHE,2024-08-28,2024-09-25,30900,3.420000,4.150000,22557.000000,0.213450,28
002193.XSHE,2024-09-13,2024-09-25,1700,3.860000,4.150000,493.000000,0.075130,12
002629.XSHE,2024-05-14,2024-09-25,1100,2.370000,1.890000,-528.000000,-0.202532,134
600539.XSHG,2024-05-06,2024-09-25,1300,4.820000,4.110000,-923.000000,-0.147303,142
603021.XSHG,2024-05-09,2024-09-25,5600,3.520000,2.910000,-3416.000000,-0.173295,139
603021.XSHG,2024-05-14,2024-09-25,200,3.320000,2.910000,-82.000000,-0.123494,134
600768.XSHG,2024-07-17,2024-09-25,4700,6.520000,7.650000,5311.000000,0.173313,70
600768.XSHG,2024-07-22,2024-09-25,11700,6.440000,7.650000,14157.000000,0.187888,65
300929.XSHE,2024-08-02,2024-09-25,400,7.330000,7.260000,-28.000000,-0.009550,54
002620.XSHE,2024-09-10,2024-09-25,2600,2.540000,2.720000,468.000000,0.070866,15
002629.XSHE,2024-05-14,2024-09-30,6800,2.370000,2.160000,-1428.000000,-0.088608,139
000668.XSHE,2024-07-17,2024-09-30,3000,5.660000,7.860000,6600.000000,0.388693,75
603021.XSHG,2024-05-14,2024-09-30,5400,3.320000,3.340000,108.000000,0.006024,139
002856.XSHE,2024-08-20,2024-09-30,9900,7.090000,8.500000,13959.000000,0.198872,41
002856.XSHE,2024-08-28,2024-09-30,8000,6.600000,8.500000,15200.000000,0.287879,33
002620.XSHE,2024-09-10,2024-09-30,2500,2.540000,3.100000,1400.000000,0.220472,20
002629.XSHE,2024-05-14,2024-10-10,1300,2.370000,2.170000,-260.000000,-0.084388,149
300478.XSHE,2024-08-02,2024-10-10,2400,7.310000,8.510000,2880.000000,0.164159,69
300929.XSHE,2024-08-02,2024-10-10,600,7.330000,8.170000,504.000000,0.114598,69
002856.XSHE,2024-08-28,2024-10-10,20500,6.600000,9.380000,56990.000000,0.421212,43
300665.XSHE,2024-09-05,2024-10-10,4400,4.880000,6.010000,4972.000000,0.231557,35
000668.XSHE,2024-07-17,2024-10-11,800,5.660000,7.560000,1520.000000,0.335689,86
002856.XSHE,2024-08-28,2024-10-15,7800,6.600000,9.940000,26052.000000,0.506061,48
002856.XSHE,2024-09-02,2024-10-15,8300,6.810000,9.940000,25979.000000,0.459618,43
300665.XSHE,2024-09-05,2024-10-15,19900,4.880000,6.070000,23681.000000,0.243852,40
300665.XSHE,2024-09-13,2024-10-15,3300,5.060000,6.070000,3333.000000,0.199605,32
002620.XSHE,2024-09-10,2024-10-15,700,2.540000,3.100000,392.000000,0.220472,35
300929.XSHE,2024-08-02,2024-10-15,15000,7.330000,9.010000,25200.000000,0.229195,74
300929.XSHE,2024-08-07,2024-10-15,7000,7.260000,9.010000,12250.000000,0.241047,69
600193.XSHG,2024-09-20,2024-10-15,200,2.170000,2.780000,122.000000,0.281106,25
600193.XSHG,2024-09-25,2024-10-15,1700,2.650000,2.780000,221.000000,0.049057,20
600539.XSHG,2024-05-06,2024-10-18,4500,4.820000,4.520000,-1350.000000,-0.062241,165
603021.XSHG,2024-05-14,2024-10-18,4300,3.320000,3.230000,-387.000000,-0.027108,157
603272.XSHG,2024-05-27,2024-10-18,2400,10.780000,10.000000,-1872.000000,-0.072356,144
300478.XSHE,2024-08-02,2024-10-18,1000,7.310000,8.490000,1180.000000,0.161423,77
300665.XSHE,2024-09-13,2024-10-18,21800,5.060000,6.140000,23544.000000,0.213439,35
300665.XSHE,2024-09-20,2024-10-18,4600,5.080000,6.140000,4876.000000,0.208661,28
002620.XSHE,2024-09-10,2024-10-18,42500,2.540000,3.000000,19550.000000,0.181102,38
002620.XSHE,2024-09-13,2024-10-18,5000,2.540000,3.000000,2300.000000,0.181102,35
600193.XSHG,2024-09-25,2024-10-18,47400,2.650000,2.680000,1422.000000,0.011321,23
600193.XSHG,2024-09-30,2024-10-18,3500,2.780000,2.680000,-350.000000,-0.035971,18
600193.XSHG,2024-10-10,2024-10-18,4400,2.570000,2.680000,484.000000,0.042802,8
603021.XSHG,2024-05-14,2024-10-21,27000,3.320000,3.830000,13770.000000,0.153614,160
002856.XSHE,2024-09-02,2024-10-23,11400,6.810000,9.430000,29868.000000,0.384728,51
002856.XSHE,2024-09-05,2024-10-23,2400,6.470000,9.430000,7104.000000,0.457496,48
002856.XSHE,2024-09-10,2024-10-23,1500,6.490000,9.430000,4410.000000,0.453005,43
002856.XSHE,2024-10-18,2024-10-23,200,9.560000,9.430000,-26.000000,-0.013598,5
300665.XSHE,2024-09-20,2024-10-23,20700,5.080000,6.620000,31878.000000,0.303150,33
300665.XSHE,2024-09-25,2024-10-23,2800,5.170000,6.620000,4060.000000,0.280464,28
002629.XSHE,2024-05-14,2024-10-24,25800,2.370000,2.620000,6450.000000,0.105485,163
600768.XSHG,2024-07-22,2024-10-28,3500,6.440000,9.900000,12110.000000,0.537267,98
603955.XSHG,2024-10-18,2024-10-28,200,8.310000,10.440000,426.000000,0.256318,10
600539.XSHG,2024-05-06,2024-10-28,2200,4.820000,5.780000,2112.000000,0.199170,175
600539.XSHG,2024-05-09,2024-10-28,26000,4.780000,5.780000,26000.000000,0.209205,172
600539.XSHG,2024-05-14,2024-10-28,9400,4.620000,5.780000,10904.000000,0.251082,167
000668.XSHE,2024-07-17,2024-10-30,4900,5.660000,8.900000,15876.000000,0.572438,105
000668.XSHE,2024-07-25,2024-10-30,1500,5.710000,8.900000,4785.000000,0.558669,97
600539.XSHG,2024-05-14,2024-10-31,17600,4.620000,5.780000,20416.000000,0.251082,170
600539.XSHG,2024-05-17,2024-10-31,15900,4.860000,5.780000,14628.000000,0.189300,167
603272.XSHG,2024-05-27,2024-10-31,2200,10.780000,12.360000,3476.000000,0.146568,157
603272.XSHG,2024-06-04,2024-10-31,13900,9.680000,12.360000,37252.000000,0.276860,149
600768.XSHG,2024-07-22,2024-10-31,2100,6.440000,9.600000,6636.000000,0.490683,101
600768.XSHG,2024-07-25,2024-10-31,2700,6.320000,9.600000,8856.000000,0.518987,98
600768.XSHG,2024-07-30,2024-10-31,1400,6.560000,9.600000,4256.000000,0.463415,93
600768.XSHG,2024-08-02,2024-10-31,700,6.810000,9.600000,1953.000000,0.409692,90
600768.XSHG,2024-08-07,2024-10-31,2500,6.780000,9.600000,7050.000000,0.415929,85
600768.XSHG,2024-08-12,2024-10-31,1200,7.100000,9.600000,3000.000000,0.352113,80
600768.XSHG,2024-08-14,2024-10-31,100,7.250000,9.600000,235.000000,0.324138,78
600768.XSHG,2024-08-20,2024-10-31,800,7.100000,9.600000,2000.000000,0.352113,72
600768.XSHG,2024-08-20,2024-10-31,1100,7.100000,9.600000,2750.000000,0.352113,72
600768.XSHG,2024-08-23,2024-10-31,300,6.830000,9.600000,831.000000,0.405564,69
600768.XSHG,2024-08-28,2024-10-31,800,6.670000,9.600000,2344.000000,0.439280,64
600768.XSHG,2024-09-30,2024-10-31,500,8.250000,9.600000,675.000000,0.163636,31
600768.XSHG,2024-10-10,2024-10-31,2400,8.310000,9.600000,3096.000000,0.155235,21
002620.XSHE,2024-09-13,2024-10-31,45100,2.540000,3.580000,46904.000000,0.409449,48
002620.XSHE,2024-09-20,2024-10-31,4100,2.580000,3.580000,4100.000000,0.387597,41
603021.XSHG,2024-05-14,2024-10-31,2500,3.320000,6.190000,7175.000000,0.864458,170
603021.XSHG,2024-05-17,2024-10-31,29900,3.600000,6.190000,77441.000000,0.719444,167
603021.XSHG,2024-05-22,2024-10-31,32600,3.570000,6.190000,85412.000000,0.733894,162
603021.XSHG,2024-05-30,2024-10-31,3600,3.380000,6.190000,10116.000000,0.831361,154
603021.XSHG,2024-06-07,2024-10-31,13100,2.560000,6.190000,47553.000000,1.417969,146
603021.XSHG,2024-06-18,2024-10-31,40300,2.680000,6.190000,141453.000000,1.309701,135
603021.XSHG,2024-06-21,2024-10-31,2100,2.620000,6.190000,7497.000000,1.362595,132
603021.XSHG,2024-06-26,2024-10-31,300,2.460000,6.190000,1119.000000,1.516260,127
603021.XSHG,2024-07-04,2024-10-31,8300,2.730000,6.190000,28718.000000,1.267399,119
603021.XSHG,2024-07-09,2024-10-31,8800,2.500000,6.190000,32472.000000,1.476000,114
002620.XSHE,2024-09-20,2024-11-01,2000,2.580000,3.730000,2300.000000,0.445736,42
002719.XSHE,2024-10-18,2024-11-04,13800,6.520000,8.530000,27738.000000,0.308282,17
002629.XSHE,2024-05-14,2024-11-05,14100,2.370000,2.870000,7050.000000,0.210970,175
000668.XSHE,2024-07-25,2024-11-05,18200,5.710000,8.810000,56420.000000,0.542907,103
000668.XSHE,2024-08-02,2024-11-05,900,6.360000,8.810000,2205.000000,0.385220,95
000668.XSHE,2024-08-07,2024-11-05,1500,6.410000,8.810000,3600.000000,0.374415,90
000668.XSHE,2024-08-15,2024-11-05,1200,6.390000,8.810000,2904.000000,0.378717,82
600539.XSHG,2024-05-17,2024-11-05,8700,4.860000,5.800000,8178.000000,0.193416,172
600539.XSHG,2024-05-22,2024-11-05,22000,4.900000,5.800000,19800.000000,0.183673,167
600539.XSHG,2024-05-30,2024-11-05,100,4.310000,5.800000,149.000000,0.345708,159
600539.XSHG,2024-06-04,2024-11-05,500,4.260000,5.800000,770.000000,0.361502,154
603021.XSHG,2024-07-09,2024-11-05,2500,2.500000,4.900000,6000.000000,0.960000,119
603021.XSHG,2024-07-12,2024-11-05,3500,2.540000,4.900000,8260.000000,0.929134,116
603021.XSHG,2024-07-17,2024-11-05,2400,2.460000,4.900000,5856.000000,0.991870,111
603021.XSHG,2024-07-22,2024-11-05,4900,2.400000,4.900000,12250.000000,1.041667,106
603021.XSHG,2024-07-25,2024-11-05,3800,2.390000,4.900000,9538.000000,1.050209,103
603021.XSHG,2024-08-07,2024-11-05,5200,2.760000,4.900000,11128.000000,0.775362,90
603021.XSHG,2024-08-15,2024-11-05,200,2.750000,4.900000,430.000000,0.781818,82
603272.XSHG,2024-06-04,2024-11-05,9400,9.680000,12.560000,27072.000000,0.297521,154
603272.XSHG,2024-06-07,2024-11-05,5600,8.300000,12.560000,23856.000000,0.513253,151
600768.XSHG,2024-10-10,2024-11-05,15100,8.310000,9.550000,18724.000000,0.149218,26
600768.XSHG,2024-10-15,2024-11-05,3900,8.500000,9.550000,4095.000000,0.123529,21
300478.XSHE,2024-08-02,2024-11-05,7900,7.310000,11.060000,29625.000000,0.512996,95
300478.XSHE,2024-08-07,2024-11-05,19000,7.130000,11.060000,74670.000000,0.551192,90
002620.XSHE,2024-09-20,2024-11-05,42700,2.580000,3.690000,47397.000000,0.430233,46
002620.XSHE,2024-10-10,2024-11-05,5100,3.000000,3.690000,3519.000000,0.230000,26
002620.XSHE,2024-10-23,2024-11-05,2500,3.240000,3.690000,1125.000000,0.138889,13
002629.XSHE,2024-05-14,2024-11-06,3800,2.370000,3.300000,3534.000000,0.392405,176
002629.XSHE,2024-05-17,2024-11-06,20800,2.380000,3.300000,19136.000000,0.386555,173
000668.XSHE,2024-08-15,2024-11-06,1400,6.390000,10.180000,5306.000000,0.593114,83
000668.XSHE,2024-08-20,2024-11-06,1300,6.270000,10.180000,5083.000000,0.623604,78
000668.XSHE,2024-08-28,2024-11-06,1400,5.930000,10.180000,5950.000000,0.716695,70
000668.XSHE,2024-09-02,2024-11-06,2200,6.350000,10.180000,8426.000000,0.603150,65
000668.XSHE,2024-09-02,2024-11-06,500,6.350000,10.180000,1915.000000,0.603150,65
002629.XSHE,2024-05-17,2024-11-08,36700,2.380000,3.260000,32296.000000,0.369748,175
002629.XSHE,2024-05-22,2024-11-08,12400,2.270000,3.260000,12276.000000,0.436123,170
000668.XSHE,2024-09-02,2024-11-08,15500,6.350000,9.980000,56265.000000,0.571654,67
000668.XSHE,2024-09-05,2024-11-08,1000,5.960000,9.980000,4020.000000,0.674497,64
600539.XSHG,2024-06-04,2024-11-08,5200,4.260000,6.800000,13208.000000,0.596244,157
600539.XSHG,2024-06-07,2024-11-08,7600,3.600000,6.800000,24320.000000,0.888889,154
600539.XSHG,2024-06-18,2024-11-08,2100,3.800000,6.800000,6300.000000,0.789474,143
600539.XSHG,2024-06-26,2024-11-08,1300,3.500000,6.800000,4290.000000,0.942857,135
600539.XSHG,2024-07-09,2024-11-08,7600,3.680000,6.800000,23712.000000,0.847826,122
600539.XSHG,2024-07-12,2024-11-08,2300,3.740000,6.800000,7038.000000,0.818182,119
600539.XSHG,2024-07-17,2024-11-08,5500,3.530000,6.800000,17985.000000,0.926346,114
600539.XSHG,2024-07-22,2024-11-08,500,3.510000,6.800000,1645.000000,0.937322,109
600539.XSHG,2024-07-25,2024-11-08,2700,3.460000,6.800000,9018.000000,0.965318,106
603021.XSHG,2024-08-15,2024-11-08,3700,2.750000,5.140000,8843.000000,0.869091,85
603021.XSHG,2024-08-20,2024-11-08,7100,2.660000,5.140000,17608.000000,0.932331,80
603021.XSHG,2024-09-02,2024-11-08,6100,2.750000,5.140000,14579.000000,0.869091,67
603021.XSHG,2024-09-02,2024-11-08,500,2.750000,5.140000,1195.000000,0.869091,67
603021.XSHG,2024-09-05,2024-11-08,100,2.680000,5.140000,246.000000,0.917910,64
603021.XSHG,2024-09-10,2024-11-08,200,2.730000,5.140000,482.000000,0.882784,59
603021.XSHG,2024-09-20,2024-11-08,6800,2.740000,5.140000,16320.000000,0.875912,49
603021.XSHG,2024-10-10,2024-11-08,10200,3.200000,5.140000,19788.000000,0.606250,29
603021.XSHG,2024-10-15,2024-11-08,4200,3.230000,5.140000,8022.000000,0.591331,24
603272.XSHG,2024-06-07,2024-11-08,7800,8.300000,13.670000,41886.000000,0.646988,154
603272.XSHG,2024-06-13,2024-11-08,7000,9.020000,13.670000,32550.000000,0.515521,148
300478.XSHE,2024-08-07,2024-11-08,600,7.130000,11.800000,2802.000000,0.654979,93
300478.XSHE,2024-08-12,2024-11-08,14200,7.350000,11.800000,63190.000000,0.605442,88
300478.XSHE,2024-08-15,2024-11-08,600,7.270000,11.800000,2718.000000,0.623109,85
002719.XSHE,2024-10-18,2024-11-08,8800,6.520000,9.100000,22704.000000,0.395706,21
002719.XSHE,2024-10-23,2024-11-08,17800,6.810000,9.100000,40762.000000,0.336270,16
002629.XSHE,2024-05-22,2024-11-12,21800,2.270000,3.630000,29648.000000,0.599119,174
002629.XSHE,2024-05-22,2024-11-13,25400,2.270000,3.660000,35306.000000,0.612335,175
002629.XSHE,2024-06-04,2024-11-13,3700,2.060000,3.660000,5920.000000,0.776699,162
002629.XSHE,2024-06-07,2024-11-13,14100,1.750000,3.660000,26931.000000,1.091429,159
002629.XSHE,2024-06-18,2024-11-13,17700,1.750000,3.660000,33807.000000,1.091429,148
000668.XSHE,2024-09-05,2024-11-13,2800,5.960000,9.880000,10976.000000,0.657718,69
000668.XSHE,2024-09-25,2024-11-13,1000,6.640000,9.880000,3240.000000,0.487952,49
000668.XSHE,2024-10-10,2024-11-13,300,7.490000,9.880000,717.000000,0.319092,34
000668.XSHE,2024-10-10,2024-11-13,2500,7.490000,9.880000,5975.000000,0.319092,34
000668.XSHE,2024-10-15,2024-11-13,800,7.450000,9.880000,1944.000000,0.326174,29
000668.XSHE,2024-10-15,2024-11-13,12500,7.450000,9.880000,30375.000000,0.326174,29
600539.XSHG,2024-07-25,2024-11-13,1500,3.460000,7.300000,5760.000000,1.109827,111
600539.XSHG,2024-08-02,2024-11-13,300,3.820000,7.300000,1044.000000,0.910995,103
600539.XSHG,2024-08-07,2024-11-13,2900,3.840000,7.300000,10034.000000,0.901042,98
600539.XSHG,2024-08-15,2024-11-13,3100,3.830000,7.300000,10757.000000,0.906005,90
600539.XSHG,2024-08-20,2024-11-13,4400,3.720000,7.300000,15752.000000,0.962366,85
600539.XSHG,2024-08-28,2024-11-13,2700,3.520000,7.300000,10206.000000,1.073864,77
600539.XSHG,2024-09-13,2024-11-13,2800,3.840000,7.300000,9688.000000,0.901042,61
600539.XSHG,2024-09-30,2024-11-13,3700,4.500000,7.300000,10360.000000,0.622222,44
600539.XSHG,2024-10-10,2024-11-13,100,4.450000,7.300000,285.000000,0.640449,34
600539.XSHG,2024-10-10,2024-11-13,2200,4.450000,7.300000,6270.000000,0.640449,34
600539.XSHG,2024-10-15,2024-11-13,100,4.480000,7.300000,282.000000,0.629464,29
600539.XSHG,2024-10-15,2024-11-13,3300,4.480000,7.300000,9306.000000,0.629464,29
600539.XSHG,2024-10-23,2024-11-13,3900,4.890000,7.300000,9399.000000,0.492843,21
603272.XSHG,2024-06-13,2024-11-13,5800,9.020000,14.100000,29464.000000,0.563193,153
603272.XSHG,2024-06-18,2024-11-13,400,8.500000,14.100000,2240.000000,0.658824,148
603272.XSHG,2024-07-04,2024-11-13,3800,8.780000,14.100000,20216.000000,0.605923,132
603272.XSHG,2024-07-09,2024-11-13,1300,8.390000,14.100000,7423.000000,0.680572,127
603272.XSHG,2024-07-12,2024-11-13,1100,8.510000,14.100000,6149.000000,0.656874,124
603272.XSHG,2024-07-17,2024-11-13,2400,8.030000,14.100000,14568.000000,0.755915,119
603272.XSHG,2024-07-22,2024-11-13,800,7.870000,14.100000,4984.000000,0.791614,114
002719.XSHE,2024-10-23,2024-11-13,7900,6.810000,8.690000,14852.000000,0.276065,21
002719.XSHE,2024-10-28,2024-11-13,300,6.910000,8.690000,534.000000,0.257598,16
002719.XSHE,2024-10-31,2024-11-13,11000,7.280000,8.690000,15510.000000,0.193681,13
002856.XSHE,2024-11-05,2024-11-13,100,9.420000,10.500000,108.000000,0.114650,8
301273.XSHE,2024-11-05,2024-11-13,100,18.340000,20.220000,188.000000,0.102508,8
605303.XSHG,2024-11-05,2024-11-13,17500,7.910000,8.900000,17325.000000,0.125158,8
603955.XSHG,2024-10-18,2024-11-14,17600,8.310000,20.250000,210144.000000,1.436823,27
603955.XSHG,2024-10-31,2024-11-14,1400,9.820000,20.250000,14602.000000,1.062118,14
002629.XSHE,2024-06-18,2024-11-18,1000,1.750000,3.370000,1620.000000,0.925714,153
002629.XSHE,2024-06-26,2024-11-18,30900,1.480000,3.370000,58401.000000,1.277027,145
002629.XSHE,2024-07-08,2024-11-18,7700,1.630000,3.370000,13398.000000,1.067485,133
002629.XSHE,2024-07-12,2024-11-18,10700,1.570000,3.370000,19260.000000,1.146497,129
002629.XSHE,2024-07-12,2024-11-18,3000,1.570000,3.370000,5400.000000,1.146497,129
000668.XSHE,2024-10-15,2024-11-18,9800,7.450000,9.340000,18522.000000,0.253691,34
000668.XSHE,2024-10-18,2024-11-18,5500,7.220000,9.340000,11660.000000,0.293629,31
000668.XSHE,2024-10-18,2024-11-18,6000,7.220000,9.340000,12720.000000,0.293629,31
603272.XSHG,2024-07-22,2024-11-18,400,7.870000,14.800000,2772.000000,0.880559,119
603272.XSHG,2024-07-25,2024-11-18,1700,7.780000,14.800000,11934.000000,0.902314,116
603272.XSHG,2024-08-02,2024-11-18,2000,8.500000,14.800000,12600.000000,0.741176,108
603272.XSHG,2024-08-07,2024-11-18,800,8.610000,14.800000,4952.000000,0.718931,103
603272.XSHG,2024-08-20,2024-11-18,2100,8.650000,14.800000,12915.000000,0.710983,90
603272.XSHG,2024-09-02,2024-11-18,300,8.670000,14.800000,1839.000000,0.707036,77
603272.XSHG,2024-09-05,2024-11-18,100,8.440000,14.800000,636.000000,0.753555,74
603272.XSHG,2024-09-10,2024-11-18,400,8.560000,14.800000,2496.000000,0.728972,69
603272.XSHG,2024-09-13,2024-11-18,600,8.640000,14.800000,3696.000000,0.712963,66
603272.XSHG,2024-09-20,2024-11-18,500,8.690000,14.800000,3055.000000,0.703107,59
603272.XSHG,2024-09-25,2024-11-18,800,8.900000,14.800000,4720.000000,0.662921,54
603272.XSHG,2024-09-30,2024-11-18,2300,9.660000,14.800000,11822.000000,0.532091,49
603272.XSHG,2024-10-15,2024-11-18,800,9.860000,14.800000,3952.000000,0.501014,34
603272.XSHG,2024-10-23,2024-11-18,2400,10.710000,14.800000,9816.000000,0.381886,26
300478.XSHE,2024-08-15,2024-11-18,300,7.270000,10.600000,999.000000,0.458047,95
002719.XSHE,2024-10-31,2024-11-18,24200,7.280000,8.190000,22022.000000,0.125000,18
603880.XSHG,2024-10-31,2024-11-18,700,4.310000,4.520000,147.000000,0.048724,18
002856.XSHE,2024-11-05,2024-11-18,400,9.420000,10.170000,300.000000,0.079618,13
605303.XSHG,2024-11-05,2024-11-18,23400,7.910000,8.450000,12636.000000,0.068268,13
002629.XSHE,2024-07-12,2024-11-21,9700,1.570000,3.330000,17072.000000,1.121019,132
002629.XSHE,2024-07-17,2024-11-21,4000,1.520000,3.330000,7240.000000,1.190789,127
002629.XSHE,2024-07-22,2024-11-21,8600,1.480000,3.330000,15910.000000,1.250000,122
002629.XSHE,2024-07-25,2024-11-21,2200,1.490000,3.330000,4048.000000,1.234899,119
002629.XSHE,2024-08-07,2024-11-21,14700,1.690000,3.330000,24108.000000,0.970414,106
002629.XSHE,2024-08-15,2024-11-21,17400,1.880000,3.330000,25230.000000,0.771277,98
002629.XSHE,2024-08-20,2024-11-21,100,1.770000,3.330000,156.000000,0.881356,93
002629.XSHE,2024-08-20,2024-11-21,3000,1.770000,3.330000,4680.000000,0.881356,93
300478.XSHE,2024-08-15,2024-11-21,1200,7.270000,10.940000,4404.000000,0.504814,98
300478.XSHE,2024-08-28,2024-11-21,3600,6.910000,10.940000,14508.000000,0.583213,85
300478.XSHE,2024-09-02,2024-11-21,400,7.240000,10.940000,1480.000000,0.511050,80
300478.XSHE,2024-09-05,2024-11-21,700,6.960000,10.940000,2786.000000,0.571839,77
300478.XSHE,2024-09-10,2024-11-21,14300,7.100000,10.940000,54912.000000,0.540845,72
002719.XSHE,2024-10-31,2024-11-21,18900,7.280000,8.180000,17010.000000,0.123626,21
002719.XSHE,2024-11-05,2024-11-21,6300,8.000000,8.180000,1134.000000,0.022500,16
002856.XSHE,2024-11-05,2024-11-21,20200,9.420000,10.250000,16766.000000,0.088110,16
301273.XSHE,2024-11-05,2024-11-21,10200,18.340000,19.620000,13056.000000,0.069793,16
301273.XSHE,2024-11-08,2024-11-21,400,19.540000,19.620000,32.000000,0.004094,13
605303.XSHG,2024-11-05,2024-11-21,900,7.910000,8.700000,711.000000,0.099874,16
603709.XSHG,2024-11-05,2024-11-21,2300,10.130000,11.080000,2185.000000,0.093781,16
002629.XSHE,2024-08-20,2024-11-26,16500,1.770000,3.240000,24255.000000,0.830508,98
002629.XSHE,2024-08-23,2024-11-26,500,1.640000,3.240000,800.000000,0.975610,95
002629.XSHE,2024-08-28,2024-11-26,300,1.680000,3.240000,468.000000,0.928571,90
002629.XSHE,2024-09-02,2024-11-26,4100,1.750000,3.240000,6109.000000,0.851429,85
002629.XSHE,2024-09-20,2024-11-26,7900,1.820000,3.240000,11218.000000,0.780220,67
002629.XSHE,2024-10-08,2024-11-26,700,2.330000,3.240000,637.000000,0.390558,49
002629.XSHE,2024-10-18,2024-11-26,5900,2.150000,3.240000,6431.000000,0.506977,39
002629.XSHE,2024-10-23,2024-11-26,4800,2.350000,3.240000,4272.000000,0.378723,34
002629.XSHE,2024-10-28,2024-11-26,16200,2.690000,3.240000,8910.000000,0.204461,29
002629.XSHE,2024-10-31,2024-11-26,5800,2.700000,3.240000,3132.000000,0.200000,26
300665.XSHE,2024-09-25,2024-11-26,400,5.170000,6.950000,712.000000,0.344294,62
603813.XSHG,2024-09-10,2024-11-26,300,9.020000,12.460000,1032.000000,0.381375,77
002193.XSHE,2024-10-15,2024-11-26,100,4.350000,5.120000,77.000000,0.177011,42
002193.XSHE,2024-10-16,2024-11-26,2700,4.600000,5.120000,1404.000000,0.113043,41
603880.XSHG,2024-10-31,2024-11-26,3500,4.310000,4.610000,1050.000000,0.069606,26
002856.XSHE,2024-11-05,2024-11-26,19700,9.420000,10.320000,17730.000000,0.095541,21
002856.XSHE,2024-11-08,2024-11-26,800,10.280000,10.320000,32.000000,0.003891,18
605303.XSHG,2024-11-05,2024-11-26,23500,7.910000,8.510000,14100.000000,0.075853,21
603709.XSHG,2024-11-05,2024-11-26,15600,10.130000,11.030000,14040.000000,0.088845,21
603709.XSHG,2024-11-13,2024-11-26,3000,10.890000,11.030000,420.000000,0.012856,13
002620.XSHE,2024-11-18,2024-11-26,800,3.680000,3.780000,80.000000,0.027174,8
600455.XSHG,2024-11-21,2024-11-26,400,22.110000,23.190000,432.000000,0.048847,5
002193.XSHE,2024-10-16,2024-11-29,30100,4.600000,5.300000,21070.000000,0.152174,44
002193.XSHE,2024-10-23,2024-11-29,800,4.870000,5.300000,344.000000,0.088296,37
002193.XSHE,2024-10-31,2024-11-29,3600,5.000000,5.300000,1080.000000,0.060000,29
002193.XSHE,2024-11-05,2024-11-29,1800,4.870000,5.300000,774.000000,0.088296,24
002193.XSHE,2024-11-08,2024-11-29,6500,5.170000,5.300000,845.000000,0.025145,21
603880.XSHG,2024-10-31,2024-11-29,900,4.310000,4.730000,378.000000,0.097448,29
605303.XSHG,2024-11-05,2024-11-29,6900,7.910000,8.760000,5865.000000,0.107459,24
605303.XSHG,2024-11-08,2024-11-29,17600,8.320000,8.760000,7744.000000,0.052885,21
001211.XSHE,2024-11-05,2024-11-29,10700,17.690000,20.500000,30067.000000,0.158847,24
001211.XSHE,2024-11-13,2024-11-29,2400,19.000000,20.500000,3600.000000,0.078947,16
603709.XSHG,2024-11-13,2024-11-29,18900,10.890000,11.280000,7371.000000,0.035813,16
001211.XSHE,2024-11-13,2024-12-04,8500,19.000000,20.530000,13005.000000,0.080526,21
603709.XSHG,2024-11-13,2024-12-04,6000,10.890000,11.570000,4080.000000,0.062443,21
603709.XSHG,2024-11-18,2024-12-04,12200,10.630000,11.570000,11468.000000,0.088429,16
301336.XSHE,2024-11-18,2024-12-04,5900,34.170000,35.930000,10384.000000,0.051507,16
301336.XSHE,2024-11-29,2024-12-04,100,35.260000,35.930000,67.000000,0.019002,5
002629.XSHE,2024-11-29,2024-12-04,2200,3.150000,3.460000,682.000000,0.098413,5
002193.XSHE,2024-11-08,2024-12-05,35800,5.170000,7.090000,68736.000000,0.371373,27
002193.XSHE,2024-11-13,2024-12-05,29400,5.140000,7.090000,57330.000000,0.379377,22
002629.XSHE,2024-11-29,2024-12-05,8000,3.150000,3.940000,6320.000000,0.250794,6
603813.XSHG,2024-09-10,2024-12-09,5800,9.020000,13.430000,25578.000000,0.488914,90
603880.XSHG,2024-10-31,2024-12-09,2500,4.310000,5.120000,2025.000000,0.187935,39
001211.XSHE,2024-11-13,2024-12-09,10200,19.000000,20.330000,13566.000000,0.070000,26
603709.XSHG,2024-11-18,2024-12-09,19600,10.630000,11.740000,21756.000000,0.104421,21
002620.XSHE,2024-11-18,2024-12-09,55200,3.680000,4.130000,24840.000000,0.122283,21
002620.XSHE,2024-11-29,2024-12-09,500,3.820000,4.130000,155.000000,0.081152,10
002620.XSHE,2024-12-04,2024-12-09,800,4.000000,4.130000,104.000000,0.032500,5
002193.XSHE,2024-11-13,2024-12-10,14200,5.140000,9.330000,59498.000000,0.815175,27
002193.XSHE,2024-11-18,2024-12-10,31200,4.980000,9.330000,135720.000000,0.873494,22
002629.XSHE,2024-11-29,2024-12-10,6900,3.150000,4.440000,8901.000000,0.409524,11
000668.XSHE,2024-10-18,2024-12-12,2300,7.220000,9.590000,5451.000000,0.328255,55
002193.XSHE,2024-11-18,2024-12-12,9400,4.980000,8.000000,28388.000000,0.606426,24
002193.XSHE,2024-11-21,2024-12-12,11100,5.050000,8.000000,32745.000000,0.584158,21
603880.XSHG,2024-10-31,2024-12-12,38400,4.310000,5.480000,44928.000000,0.271462,42
603880.XSHG,2024-11-05,2024-12-12,15900,4.290000,5.480000,18921.000000,0.277389,37
600455.XSHG,2024-11-21,2024-12-12,9000,22.110000,24.490000,21420.000000,0.107644,21
600455.XSHG,2024-11-29,2024-12-12,100,23.180000,24.490000,131.000000,0.056514,13
600455.XSHG,2024-12-04,2024-12-12,200,24.190000,24.490000,60.000000,0.012402,8
600455.XSHG,2024-12-09,2024-12-12,200,24.250000,24.490000,48.000000,0.009897,3
300854.XSHE,2024-11-21,2024-12-12,200,13.670000,14.380000,142.000000,0.051939,21
002629.XSHE,2024-11-29,2024-12-12,200,3.150000,4.680000,306.000000,0.485714,13
603813.XSHG,2024-09-10,2024-12-13,2800,9.020000,14.350000,14924.000000,0.590909,94
600768.XSHG,2024-10-15,2024-12-17,100,8.500000,10.400000,190.000000,0.223529,63
603813.XSHG,2024-09-10,2024-12-17,2200,9.020000,14.490000,12034.000000,0.606430,98
002193.XSHE,2024-11-21,2024-12-17,27800,5.050000,7.810000,76728.000000,0.546535,26
002193.XSHE,2024-11-21,2024-12-17,1900,5.050000,7.810000,5244.000000,0.546535,26
603880.XSHG,2024-11-05,2024-12-17,42500,4.290000,5.540000,53125.000000,0.291375,42
002856.XSHE,2024-11-08,2024-12-17,700,10.280000,11.450000,819.000000,0.113813,39
001211.XSHE,2024-11-13,2024-12-17,600,19.000000,21.240000,1344.000000,0.117895,34
300854.XSHE,2024-11-21,2024-12-17,2100,13.670000,15.000000,2793.000000,0.097293,26
600768.XSHG,2024-10-15,2024-12-19,4800,8.500000,10.160000,7968.000000,0.195294,65
600768.XSHG,2024-10-18,2024-12-19,1600,8.490000,10.160000,2672.000000,0.196702,62
300929.XSHE,2024-08-07,2024-12-20,600,7.260000,9.630000,1422.000000,0.326446,135
603813.XSHG,2024-09-10,2024-12-20,2300,9.020000,13.460000,10212.000000,0.492239,101
603813.XSHG,2024-09-13,2024-12-20,14300,8.970000,13.460000,64207.000000,0.500557,98
603880.XSHG,2024-11-05,2024-12-20,28800,4.290000,4.930000,18432.000000,0.149184,45
603880.XSHG,2024-11-08,2024-12-20,10900,4.700000,4.930000,2507.000000,0.048936,42
002856.XSHE,2024-11-08,2024-12-20,19500,10.280000,11.510000,23985.000000,0.119650,42
002856.XSHE,2024-11-29,2024-12-20,700,10.160000,11.510000,945.000000,0.132874,21
002856.XSHE,2024-12-09,2024-12-20,2400,11.000000,11.510000,1224.000000,0.046364,11
001211.XSHE,2024-11-13,2024-12-20,300,19.000000,20.000000,300.000000,0.052632,37
002629.XSHE,2024-11-29,2024-12-20,50300,3.150000,4.110000,48288.000000,0.304762,21
002629.XSHE,2024-12-09,2024-12-20,2200,3.900000,4.110000,462.000000,0.053846,11
002629.XSHE,2024-12-17,2024-12-20,1100,4.490000,4.110000,-418.000000,-0.084633,3
301336.XSHE,2024-12-12,2024-12-20,1600,37.580000,43.000000,8672.000000,0.144226,8
002856.XSHE,2024-12-09,2024-12-24,2400,11.000000,12.010000,2424.000000,0.091818,15
300478.XSHE,2024-09-10,2024-12-25,500,7.100000,9.310000,1105.000000,0.311268,106
300665.XSHE,2024-09-25,2024-12-25,5300,5.170000,6.530000,7208.000000,0.263056,91
603880.XSHG,2024-11-08,2024-12-25,35000,4.700000,4.410000,-10150.000000,-0.061702,47
603880.XSHG,2024-11-13,2024-12-25,9000,4.680000,4.410000,-2430.000000,-0.057692,42
002856.XSHE,2024-12-09,2024-12-25,8400,11.000000,12.570000,13188.000000,0.142727,16
002856.XSHE,2024-12-09,2024-12-25,100,11.000000,12.570000,157.000000,0.142727,16
002856.XSHE,2024-12-12,2024-12-25,8600,11.070000,12.570000,12900.000000,0.135501,13
001211.XSHE,2024-11-13,2024-12-25,1100,19.000000,21.760000,3036.000000,0.145263,42
001211.XSHE,2024-11-18,2024-12-25,2300,18.490000,21.760000,7521.000000,0.176852,37
300854.XSHE,2024-11-21,2024-12-25,12900,13.670000,12.700000,-12513.000000,-0.070958,34
300854.XSHE,2024-11-26,2024-12-25,3500,13.690000,12.700000,-3465.000000,-0.072316,29
301273.XSHE,2024-12-09,2024-12-25,700,19.960000,17.330000,-1841.000000,-0.131764,16
301336.XSHE,2024-12-12,2024-12-25,1600,37.580000,46.500000,14272.000000,0.237360,13
301336.XSHE,2024-12-12,2024-12-27,1700,37.580000,59.090000,36567.000000,0.572379,15
600768.XSHG,2024-10-18,2024-12-30,100,8.490000,9.000000,51.000000,0.060071,73
300665.XSHE,2024-09-25,2024-12-30,2400,5.170000,6.710000,3696.000000,0.297872,96
603880.XSHG,2024-11-13,2024-12-30,40800,4.680000,4.550000,-5304.000000,-0.027778,47
603880.XSHG,2024-11-21,2024-12-30,1400,4.540000,4.550000,14.000000,0.002203,39
603880.XSHG,2024-12-04,2024-12-30,4600,4.920000,4.550000,-1702.000000,-0.075203,26
300854.XSHE,2024-11-26,2024-12-30,11700,13.690000,12.780000,-10647.000000,-0.066472,34
300854.XSHE,2024-11-29,2024-12-30,4200,13.680000,12.780000,-3780.000000,-0.065789,31
301273.XSHE,2024-12-09,2024-12-30,13000,19.960000,17.940000,-26260.000000,-0.101202,21
301336.XSHE,2024-12-12,2024-12-30,3300,37.580000,54.650000,56331.000000,0.454231,18
000668.XSHE,2024-10-18,2025-01-02,7800,7.220000,6.470000,-5850.000000,-0.103878,76
000668.XSHE,2024-10-23,2025-01-02,5900,7.560000,6.470000,-6431.000000,-0.144180,71
000668.XSHE,2024-10-28,2025-01-02,2900,8.180000,6.470000,-4959.000000,-0.209046,66
000668.XSHE,2024-10-31,2025-01-02,3200,8.620000,6.470000,-6880.000000,-0.249420,63
000668.XSHE,2024-11-21,2025-01-02,1200,8.930000,6.470000,-2952.000000,-0.275476,42
000668.XSHE,2024-11-26,2025-01-02,23400,8.800000,6.470000,-54522.000000,-0.264773,37
000668.XSHE,2024-11-26,2025-01-02,600,8.800000,6.470000,-1398.000000,-0.264773,37
000668.XSHE,2024-11-29,2025-01-02,100,9.020000,6.470000,-255.000000,-0.282705,34
000668.XSHE,2024-11-29,2025-01-02,23400,9.020000,6.470000,-59670.000000,-0.282705,34
000668.XSHE,2024-12-04,2025-01-02,300,9.240000,6.470000,-831.000000,-0.299784,29
000668.XSHE,2024-12-04,2025-01-02,19100,9.240000,6.470000,-52907.000000,-0.299784,29
000668.XSHE,2024-12-09,2025-01-02,35700,9.240000,6.470000,-98889.000000,-0.299784,24
000668.XSHE,2024-12-17,2025-01-02,3100,9.500000,6.470000,-9393.000000,-0.318947,16
000668.XSHE,2024-12-20,2025-01-02,4700,8.510000,6.470000,-9588.000000,-0.239718,13
000668.XSHE,2024-12-25,2025-01-02,4000,7.130000,6.470000,-2640.000000,-0.092567,8
000668.XSHE,2024-12-25,2025-01-02,8700,7.130000,6.470000,-5742.000000,-0.092567,8
000668.XSHE,2024-12-30,2025-01-02,5400,6.980000,6.470000,-2754.000000,-0.073066,3
600768.XSHG,2024-10-18,2025-01-02,5100,8.490000,8.500000,51.000000,0.001178,76
600768.XSHG,2024-10-18,2025-01-02,1600,8.490000,8.500000,16.000000,0.001178,76
600768.XSHG,2024-10-23,2025-01-02,200,8.830000,8.500000,-66.000000,-0.037373,71
600768.XSHG,2024-10-23,2025-01-02,6500,8.830000,8.500000,-2145.000000,-0.037373,71
600768.XSHG,2024-11-08,2025-01-02,20500,10.380000,8.500000,-38540.000000,-0.181118,55
600768.XSHG,2024-11-13,2025-01-02,1800,10.130000,8.500000,-2934.000000,-0.160908,50
600768.XSHG,2024-11-18,2025-01-02,21600,9.680000,8.500000,-25488.000000,-0.121901,45
600768.XSHG,2024-11-21,2025-01-02,19600,9.650000,8.500000,-22540.000000,-0.119171,42
600768.XSHG,2024-11-21,2025-01-02,2900,9.650000,8.500000,-3335.000000,-0.119171,42
600768.XSHG,2024-11-26,2025-01-02,22000,9.610000,8.500000,-24420.000000,-0.115505,37
600768.XSHG,2024-11-29,2025-01-02,1900,9.650000,8.500000,-2185.000000,-0.119171,34
600768.XSHG,2024-12-04,2025-01-02,1100,10.150000,8.500000,-1815.000000,-0.162562,29
600768.XSHG,2024-12-09,2025-01-02,2700,10.190000,8.500000,-4563.000000,-0.165849,24
600768.XSHG,2024-12-12,2025-01-02,1900,10.210000,8.500000,-3249.000000,-0.167483,21
600768.XSHG,2024-12-20,2025-01-02,200,10.200000,8.500000,-340.000000,-0.166667,13
600768.XSHG,2024-12-25,2025-01-02,6400,8.880000,8.500000,-2432.000000,-0.042793,8
300478.XSHE,2024-09-10,2025-01-02,2500,7.100000,8.980000,4700.000000,0.264789,114
300478.XSHE,2024-09-13,2025-01-02,18600,7.120000,8.980000,34596.000000,0.261236,111
300478.XSHE,2024-09-25,2025-01-02,1200,7.360000,8.980000,1944.000000,0.220109,99
300478.XSHE,2024-10-15,2025-01-02,1900,8.540000,8.980000,836.000000,0.051522,79
300478.XSHE,2024-10-23,2025-01-02,700,9.320000,8.980000,-238.000000,-0.036481,71
300478.XSHE,2024-10-28,2025-01-02,3700,9.500000,8.980000,-1924.000000,-0.054737,66
300478.XSHE,2024-10-31,2025-01-02,4000,9.740000,8.980000,-3040.000000,-0.078029,63
300478.XSHE,2024-11-13,2025-01-02,5100,10.950000,8.980000,-10047.000000,-0.179909,50
300478.XSHE,2024-11-26,2025-01-02,20500,10.650000,8.980000,-34235.000000,-0.156808,37
300478.XSHE,2024-11-29,2025-01-02,21200,10.650000,8.980000,-35404.000000,-0.156808,34
300478.XSHE,2024-12-09,2025-01-02,3700,11.120000,8.980000,-7918.000000,-0.192446,24
300478.XSHE,2024-12-12,2025-01-02,22200,11.190000,8.980000,-49062.000000,-0.197498,21
300478.XSHE,2024-12-17,2025-01-02,1400,11.060000,8.980000,-2912.000000,-0.188065,16
300478.XSHE,2024-12-17,2025-01-02,1600,11.060000,8.980000,-3328.000000,-0.188065,16
300478.XSHE,2024-12-20,2025-01-02,2300,10.050000,8.980000,-2461.000000,-0.106468,13
300478.XSHE,2024-12-20,2025-01-02,200,10.050000,8.980000,-214.000000,-0.106468,13
300478.XSHE,2024-12-30,2025-01-02,400,9.380000,8.980000,-160.000000,-0.042644,3
300929.XSHE,2024-08-07,2025-01-02,2300,7.260000,8.270000,2323.000000,0.139118,148
300929.XSHE,2024-08-12,2025-01-02,22300,7.540000,8.270000,16279.000000,0.096817,143
300929.XSHE,2024-08-15,2025-01-02,600,7.560000,8.270000,426.000000,0.093915,140
300929.XSHE,2024-08-20,2025-01-02,900,7.400000,8.270000,783.000000,0.117568,135
300929.XSHE,2024-08-28,2025-01-02,2000,6.770000,8.270000,3000.000000,0.221566,127
300929.XSHE,2024-09-05,2025-01-02,17700,6.940000,8.270000,23541.000000,0.191643,119
300929.XSHE,2024-09-10,2025-01-02,17800,7.040000,8.270000,21894.000000,0.174716,114
300929.XSHE,2024-09-13,2025-01-02,1100,7.080000,8.270000,1309.000000,0.168079,111
300929.XSHE,2024-09-20,2025-01-02,2400,6.980000,8.270000,3096.000000,0.184814,104
300929.XSHE,2024-09-30,2025-01-02,500,8.080000,8.270000,95.000000,0.023515,94
300929.XSHE,2024-10-18,2025-01-02,1100,8.200000,8.270000,77.000000,0.008537,76
300929.XSHE,2024-10-18,2025-01-02,3100,8.200000,8.270000,217.000000,0.008537,76
300929.XSHE,2024-10-23,2025-01-02,2400,8.790000,8.270000,-1248.000000,-0.059158,71
300929.XSHE,2024-10-31,2025-01-02,1500,9.800000,8.270000,-2295.000000,-0.156122,63
300929.XSHE,2024-11-05,2025-01-02,24200,9.480000,8.270000,-29282.000000,-0.127637,58
300929.XSHE,2024-11-08,2025-01-02,2300,10.230000,8.270000,-4508.000000,-0.191593,55
300929.XSHE,2024-11-13,2025-01-02,1300,10.290000,8.270000,-2626.000000,-0.196307,50
300929.XSHE,2024-11-18,2025-01-02,1300,9.780000,8.270000,-1963.000000,-0.154397,45
300929.XSHE,2024-11-21,2025-01-02,700,9.820000,8.270000,-1085.000000,-0.157841,42
300929.XSHE,2024-11-26,2025-01-02,2000,9.640000,8.270000,-2740.000000,-0.142116,37
300929.XSHE,2024-11-29,2025-01-02,1100,9.750000,8.270000,-1628.000000,-0.151795,34
300929.XSHE,2024-12-04,2025-01-02,3500,10.030000,8.270000,-6160.000000,-0.175474,29
300929.XSHE,2024-12-09,2025-01-02,1300,10.200000,8.270000,-2509.000000,-0.189216,24
300929.XSHE,2024-12-12,2025-01-02,1400,10.260000,8.270000,-2786.000000,-0.193957,21
300929.XSHE,2024-12-17,2025-01-02,1400,10.310000,8.270000,-2856.000000,-0.197866,16
300929.XSHE,2024-12-25,2025-01-02,600,8.680000,8.270000,-246.000000,-0.047235,8
300929.XSHE,2024-12-25,2025-01-02,2000,8.680000,8.270000,-820.000000,-0.047235,8
300929.XSHE,2024-12-30,2025-01-02,3700,8.520000,8.270000,-925.000000,-0.029343,3
300665.XSHE,2024-09-25,2025-01-02,15700,5.170000,6.250000,16956.000000,0.208897,99
300665.XSHE,2024-09-30,2025-01-02,1100,5.730000,6.250000,572.000000,0.090750,94
300665.XSHE,2024-10-31,2025-01-02,30000,6.800000,6.250000,-16500.000000,-0.080882,63
300665.XSHE,2024-11-05,2025-01-02,29900,6.740000,6.250000,-14651.000000,-0.072700,58
300665.XSHE,2024-11-08,2025-01-02,31100,7.260000,6.250000,-31411.000000,-0.139118,55
300665.XSHE,2024-11-13,2025-01-02,29100,7.390000,6.250000,-33174.000000,-0.154263,50
300665.XSHE,2024-11-18,2025-01-02,3300,6.950000,6.250000,-2310.000000,-0.100719,45
300665.XSHE,2024-11-21,2025-01-02,2100,6.930000,6.250000,-1428.000000,-0.098124,42
300665.XSHE,2024-11-29,2025-01-02,1200,7.040000,6.250000,-948.000000,-0.112216,34
300665.XSHE,2024-12-09,2025-01-02,3500,7.520000,6.250000,-4445.000000,-0.168883,24
300665.XSHE,2024-12-12,2025-01-02,1300,7.590000,6.250000,-1742.000000,-0.176548,21
300665.XSHE,2024-12-17,2025-01-02,100,7.580000,6.250000,-133.000000,-0.175462,16
300665.XSHE,2024-12-17,2025-01-02,2700,7.580000,6.250000,-3591.000000,-0.175462,16
300665.XSHE,2024-12-20,2025-01-02,900,6.850000,6.250000,-540.000000,-0.087591,13
300665.XSHE,2024-12-20,2025-01-02,3600,6.850000,6.250000,-2160.000000,-0.087591,13
603813.XSHG,2024-09-20,2025-01-02,8700,8.900000,11.560000,23142.000000,0.298876,104
603813.XSHG,2024-09-25,2025-01-02,19100,9.430000,11.560000,40683.000000,0.225875,99
603813.XSHG,2024-09-30,2025-01-02,14400,10.500000,11.560000,15264.000000,0.100952,94
603813.XSHG,2024-10-10,2025-01-02,1000,10.380000,11.560000,1180.000000,0.113680,84
603813.XSHG,2024-10-15,2025-01-02,800,10.550000,11.560000,808.000000,0.095735,79
603813.XSHG,2024-10-23,2025-01-02,2700,11.050000,11.560000,1377.000000,0.046154,71
603813.XSHG,2024-10-31,2025-01-02,6600,11.540000,11.560000,132.000000,0.001733,63
603813.XSHG,2024-11-08,2025-01-02,2200,12.650000,11.560000,-2398.000000,-0.086166,55
603813.XSHG,2024-11-13,2025-01-02,600,12.780000,11.560000,-732.000000,-0.095462,50
603813.XSHG,2024-11-21,2025-01-02,200,12.400000,11.560000,-168.000000,-0.067742,42
603813.XSHG,2024-12-04,2025-01-02,8800,12.220000,11.560000,-5808.000000,-0.054010,29
603813.XSHG,2024-12-12,2025-01-02,1500,13.430000,11.560000,-2805.000000,-0.139241,21
603813.XSHG,2024-12-25,2025-01-02,2000,12.020000,11.560000,-920.000000,-0.038270,8
603813.XSHG,2024-12-30,2025-01-02,100,12.150000,11.560000,-59.000000,-0.048560,3
001211.XSHE,2024-11-18,2025-01-02,8500,18.490000,19.250000,6460.000000,0.041103,45
001211.XSHE,2024-11-21,2025-01-02,10000,19.090000,19.250000,1600.000000,0.008381,42
001211.XSHE,2024-11-26,2025-01-02,100,19.040000,19.250000,21.000000,0.011029,37
001211.XSHE,2024-12-12,2025-01-02,400,20.320000,19.250000,-428.000000,-0.052657,21
001211.XSHE,2024-12-30,2025-01-02,800,21.060000,19.250000,-1448.000000,-0.085945,3
300854.XSHE,2024-11-29,2025-01-02,12000,13.680000,12.200000,-17760.000000,-0.108187,34
300854.XSHE,2024-12-04,2025-01-02,17500,14.110000,12.200000,-33425.000000,-0.135365,29
300854.XSHE,2024-12-09,2025-01-02,18500,14.070000,12.200000,-34595.000000,-0.132907,24
300854.XSHE,2024-12-20,2025-01-02,1100,13.740000,12.200000,-1694.000000,-0.112082,13
301273.XSHE,2024-12-09,2025-01-02,6100,19.960000,18.290000,-10187.000000,-0.083667,24
301273.XSHE,2024-12-12,2025-01-02,14400,20.730000,18.290000,-35136.000000,-0.117704,21
301273.XSHE,2024-12-17,2025-01-02,12400,20.650000,18.290000,-29264.000000,-0.114286,16
301273.XSHE,2024-12-20,2025-01-02,13700,18.550000,18.290000,-3562.000000,-0.014016,13
301336.XSHE,2024-12-12,2025-01-02,3900,37.580000,52.970000,60021.000000,0.409526,21
605081.XSHG,2024-12-17,2025-01-02,17800,13.290000,10.460000,-50374.000000,-0.212942,16
605081.XSHG,2024-12-20,2025-01-02,19600,11.960000,10.460000,-29400.000000,-0.125418,13
605081.XSHG,2024-12-25,2025-01-02,20300,10.720000,10.460000,-5278.000000,-0.024254,8
605081.XSHG,2024-12-30,2025-01-02,18300,10.980000,10.460000,-9516.000000,-0.047359,3
000691.XSHE,2024-12-20,2025-01-02,51900,4.310000,3.430000,-45672.000000,-0.204176,13
000691.XSHE,2024-12-25,2025-01-02,56600,3.800000,3.430000,-20942.000000,-0.097368,8
000691.XSHE,2024-12-30,2025-01-02,64900,3.610000,3.430000,-11682.000000,-0.049861,3
605303.XSHG,2024-12-20,2025-01-02,24900,8.790000,7.580000,-30129.000000,-0.137656,13
605303.XSHG,2024-12-25,2025-01-02,28100,7.770000,7.580000,-5339.000000,-0.024453,8
605303.XSHG,2024-12-30,2025-01-02,27800,7.750000,7.580000,-4726.000000,-0.021935,3
002856.XSHE,2024-12-30,2025-01-02,21600,9.440000,9.350000,-1944.000000,-0.009534,3
511880.XSHG,2025-01-02,2025-02-05,99500,100.081000,100.182000,10049.500000,0.001009,34
600421.XSHG,2025-02-06,2025-02-11,2900,5.980000,6.670000,2001.000000,0.115385,5
300478.XSHE,2025-02-06,2025-02-11,300,9.610000,9.940000,99.000000,0.034339,5
300478.XSHE,2025-02-06,2025-02-12,2800,9.610000,11.480000,5236.000000,0.194589,6
603813.XSHG,2025-02-06,2025-02-18,2300,9.420000,10.790000,3151.000000,0.145435,12
002848.XSHE,2025-02-06,2025-02-18,7600,6.140000,7.350000,9196.000000,0.197068,12
600421.XSHG,2025-02-06,2025-02-18,12900,5.980000,8.300000,29928.000000,0.387960,12
300478.XSHE,2025-02-06,2025-02-18,5500,9.610000,15.740000,33715.000000,0.637877,12
600421.XSHG,2025-02-06,2025-02-19,3600,5.980000,9.080000,11160.000000,0.518395,13
603813.XSHG,2025-02-06,2025-02-20,7200,9.420000,11.860000,17568.000000,0.259023,14
603316.XSHG,2025-02-19,2025-02-20,2300,4.900000,5.320000,966.000000,0.085714,1
002620.XSHE,2025-02-06,2025-02-24,1500,3.120000,3.480000,540.000000,0.115385,18
300478.XSHE,2025-02-06,2025-02-24,500,9.610000,15.660000,3025.000000,0.629553,18
603316.XSHG,2025-02-19,2025-02-24,400,4.900000,5.330000,172.000000,0.087755,5
000668.XSHE,2025-02-06,2025-02-27,1200,6.040000,5.970000,-84.000000,-0.011589,21
603813.XSHG,2025-02-06,2025-02-27,11600,9.420000,13.040000,41992.000000,0.384289,21
603813.XSHG,2025-02-11,2025-02-27,8700,10.340000,13.040000,23490.000000,0.261122,16
600421.XSHG,2025-02-06,2025-02-27,13900,5.980000,7.210000,17097.000000,0.205686,21
600421.XSHG,2025-02-14,2025-02-27,12100,6.330000,7.210000,10648.000000,0.139021,13
000929.XSHE,2025-02-06,2025-02-27,1800,6.200000,6.860000,1188.000000,0.106452,21
002620.XSHE,2025-02-06,2025-02-27,62400,3.120000,3.710000,36816.000000,0.189103,21
300478.XSHE,2025-02-06,2025-02-27,11600,9.610000,14.320000,54636.000000,0.490114,21
300478.XSHE,2025-02-14,2025-02-27,1200,10.600000,14.320000,4464.000000,0.350943,13
300478.XSHE,2025-02-19,2025-02-27,600,14.830000,14.320000,-306.000000,-0.034390,8
603316.XSHG,2025-02-19,2025-02-28,6300,4.900000,6.480000,9954.000000,0.322449,9
603813.XSHG,2025-02-11,2025-03-03,5800,10.340000,14.080000,21692.000000,0.361702,20
000691.XSHE,2025-02-06,2025-03-04,800,3.020000,3.130000,88.000000,0.036424,26
603813.XSHG,2025-02-11,2025-03-04,3500,10.340000,14.130000,13265.000000,0.366538,21
603813.XSHG,2025-02-14,2025-03-04,11800,9.950000,14.130000,49324.000000,0.420101,18
002848.XSHE,2025-02-06,2025-03-04,5600,6.140000,7.050000,5096.000000,0.148208,26
002620.XSHE,2025-02-11,2025-03-04,55600,3.390000,3.610000,12232.000000,0.064897,21
002620.XSHE,2025-02-14,2025-03-04,2300,3.280000,3.610000,759.000000,0.100610,18
002620.XSHE,2025-02-19,2025-03-04,100,3.380000,3.610000,23.000000,0.068047,13
600768.XSHG,2025-02-11,2025-03-04,800,9.480000,9.440000,-32.000000,-0.004219,21
000691.XSHE,2025-02-06,2025-03-07,2600,3.020000,3.180000,416.000000,0.052980,29
603813.XSHG,2025-02-14,2025-03-07,9300,9.950000,13.990000,37572.000000,0.406030,21
603813.XSHG,2025-02-19,2025-03-07,5100,10.530000,13.990000,17646.000000,0.328585,16
600421.XSHG,2025-02-14,2025-03-07,20600,6.330000,6.840000,10506.000000,0.080569,21
600421.XSHG,2025-02-24,2025-03-07,9300,7.480000,6.840000,-5952.000000,-0.085561,11
600421.XSHG,2025-03-04,2025-03-07,1100,6.800000,6.840000,44.000000,0.005882,3
300929.XSHE,2025-02-06,2025-03-07,3600,8.880000,9.240000,1296.000000,0.040541,29
002856.XSHE,2025-02-11,2025-03-07,3400,9.450000,9.150000,-1020.000000,-0.031746,24
600768.XSHG,2025-02-11,2025-03-07,2800,9.480000,9.770000,812.000000,0.030591,24
603316.XSHG,2025-02-19,2025-03-07,100,4.900000,5.880000,98.000000,0.200000,16
000668.XSHE,2025-02-06,2025-03-11,2400,6.040000,5.910000,-312.000000,-0.021523,33
605081.XSHG,2025-02-06,2025-03-11,3200,8.930000,10.230000,4160.000000,0.145577,33
000929.XSHE,2025-02-06,2025-03-11,17300,6.200000,7.410000,20933.000000,0.195161,33
000668.XSHE,2025-02-06,2025-03-12,100,6.040000,5.970000,-7.000000,-0.011589,34
603813.XSHG,2025-02-19,2025-03-12,15300,10.530000,15.390000,74358.000000,0.461538,21
603813.XSHG,2025-02-24,2025-03-12,800,12.120000,15.390000,2616.000000,0.269802,16
000929.XSHE,2025-02-06,2025-03-12,13000,6.200000,7.280000,14040.000000,0.174194,34
000929.XSHE,2025-02-11,2025-03-12,13200,6.650000,7.280000,8316.000000,0.094737,29
603316.XSHG,2025-02-19,2025-03-12,32900,4.900000,6.450000,50995.000000,0.316327,21
603316.XSHG,2025-03-04,2025-03-12,3300,5.810000,6.450000,2112.000000,0.110155,8
002848.XSHE,2025-02-06,2025-03-17,5900,6.140000,7.080000,5546.000000,0.153094,39
605081.XSHG,2025-02-06,2025-03-17,2300,8.930000,10.610000,3864.000000,0.188130,39
000929.XSHE,2025-02-11,2025-03-17,15600,6.650000,7.400000,11700.000000,0.112782,34
000929.XSHE,2025-02-14,2025-03-17,15600,6.510000,7.400000,13884.000000,0.136713,31
300929.XSHE,2025-02-06,2025-03-17,1800,8.880000,9.560000,1224.000000,0.076577,39
002856.XSHE,2025-02-11,2025-03-17,3000,9.450000,9.600000,450.000000,0.015873,34
600768.XSHG,2025-02-11,2025-03-17,700,9.480000,9.880000,280.000000,0.042194,34
600753.XSHG,2025-02-24,2025-03-17,35600,5.330000,5.750000,14952.000000,0.078799,21
603813.XSHG,2025-02-24,2025-03-17,14400,12.120000,15.610000,50256.000000,0.287954,21
000668.XSHE,2025-02-06,2025-03-20,1000,6.040000,5.940000,-100.000000,-0.016556,42
000691.XSHE,2025-02-06,2025-03-20,6400,3.020000,3.060000,256.000000,0.013245,42
000929.XSHE,2025-02-14,2025-03-20,15500,6.510000,7.280000,11935.000000,0.118280,34
000929.XSHE,2025-02-19,2025-03-20,12900,6.570000,7.280000,9159.000000,0.108067,29
300736.XSHE,2025-02-27,2025-03-20,300,10.260000,9.900000,-108.000000,-0.035088,21
600768.XSHG,2025-02-11,2025-03-25,2100,9.480000,9.410000,-147.000000,-0.007384,42
605081.XSHG,2025-02-06,2025-03-25,16800,8.930000,11.230000,38640.000000,0.257559,47
605081.XSHG,2025-02-11,2025-03-25,13800,9.750000,11.230000,20424.000000,0.151795,42
600753.XSHG,2025-02-24,2025-03-27,3600,5.330000,5.820000,1764.000000,0.091932,31
600753.XSHG,2025-02-27,2025-03-27,9900,5.500000,5.820000,3168.000000,0.058182,28
000691.XSHE,2025-02-06,2025-03-28,28300,3.020000,3.130000,3113.000000,0.036424,50
000929.XSHE,2025-02-19,2025-03-28,20600,6.570000,6.960000,8034.000000,0.059361,37
000929.XSHE,2025-02-24,2025-03-28,10600,6.600000,6.960000,3816.000000,0.054545,32
002856.XSHE,2025-02-11,2025-03-28,2700,9.450000,9.080000,-999.000000,-0.039153,45
600753.XSHG,2025-02-27,2025-03-28,29000,5.500000,5.740000,6960.000000,0.043636,29
600753.XSHG,2025-03-04,2025-03-28,5900,5.180000,5.740000,3304.000000,0.108108,24
600421.XSHG,2025-03-20,2025-03-28,1000,6.530000,7.410000,880.000000,0.134763,8
000668.XSHE,2025-02-06,2025-04-01,28300,6.040000,5.010000,-29149.000000,-0.170530,54
000668.XSHE,2025-02-11,2025-04-01,30400,6.390000,5.010000,-41952.000000,-0.215962,49
000668.XSHE,2025-02-14,2025-04-01,37600,5.930000,5.010000,-34592.000000,-0.155143,46
000668.XSHE,2025-02-19,2025-04-01,41100,5.800000,5.010000,-32469.000000,-0.136207,41
000668.XSHE,2025-02-24,2025-04-01,39200,5.770000,5.010000,-29792.000000,-0.131716,36
000668.XSHE,2025-03-04,2025-04-01,2400,5.780000,5.010000,-1848.000000,-0.133218,28
000668.XSHE,2025-03-07,2025-04-01,4700,5.670000,5.010000,-3102.000000,-0.116402,25
000668.XSHE,2025-03-17,2025-04-01,4900,5.850000,5.010000,-4116.000000,-0.143590,15
000668.XSHE,2025-03-28,2025-04-01,15100,5.190000,5.010000,-2718.000000,-0.034682,4
000691.XSHE,2025-02-06,2025-04-01,27900,3.020000,2.860000,-4464.000000,-0.052980,54
000691.XSHE,2025-02-11,2025-04-01,60200,3.210000,2.860000,-21070.000000,-0.109034,49
000691.XSHE,2025-02-14,2025-04-01,69000,3.070000,2.860000,-14490.000000,-0.068404,46
000691.XSHE,2025-02-19,2025-04-01,60900,3.220000,2.860000,-21924.000000,-0.111801,41
000691.XSHE,2025-02-24,2025-04-01,80400,3.110000,2.860000,-20100.000000,-0.080386,36
000691.XSHE,2025-02-27,2025-04-01,1500,3.180000,2.860000,-480.000000,-0.100629,33
000691.XSHE,2025-03-12,2025-04-01,11900,3.180000,2.860000,-3808.000000,-0.100629,20
000691.XSHE,2025-03-17,2025-04-01,100,2.950000,2.860000,-9.000000,-0.030508,15
000691.XSHE,2025-03-17,2025-04-01,25900,2.950000,2.860000,-2331.000000,-0.030508,15
002848.XSHE,2025-02-06,2025-04-01,13300,6.140000,5.690000,-5985.000000,-0.073290,54
002848.XSHE,2025-02-11,2025-04-01,26100,6.920000,5.690000,-32103.000000,-0.177746,49
002848.XSHE,2025-02-14,2025-04-01,34100,6.470000,5.690000,-26598.000000,-0.120556,46
002848.XSHE,2025-02-19,2025-04-01,29300,7.210000,5.690000,-44536.000000,-0.210818,41
002848.XSHE,2025-02-24,2025-04-01,40500,6.760000,5.690000,-43335.000000,-0.158284,36
002848.XSHE,2025-02-27,2025-04-01,500,6.920000,5.690000,-615.000000,-0.177746,33
002848.XSHE,2025-03-07,2025-04-01,7200,6.780000,5.690000,-7848.000000,-0.160767,25
002848.XSHE,2025-03-12,2025-04-01,5800,6.770000,5.690000,-6264.000000,-0.159527,20
002848.XSHE,2025-03-20,2025-04-01,6000,6.880000,5.690000,-7140.000000,-0.172965,12
002848.XSHE,2025-03-28,2025-04-01,15400,5.930000,5.690000,-3696.000000,-0.040472,4
000929.XSHE,2025-02-24,2025-04-01,22400,6.600000,6.710000,2464.000000,0.016667,36
000929.XSHE,2025-03-04,2025-04-01,1200,6.680000,6.710000,36.000000,0.004491,28
000929.XSHE,2025-03-07,2025-04-01,6800,6.460000,6.710000,1700.000000,0.038700,25
300929.XSHE,2025-02-06,2025-04-01,17000,8.880000,8.410000,-7990.000000,-0.052928,54
300929.XSHE,2025-02-11,2025-04-01,21600,9.200000,8.410000,-17064.000000,-0.085870,49
300929.XSHE,2025-02-14,2025-04-01,23200,8.920000,8.410000,-11832.000000,-0.057175,46
300929.XSHE,2025-02-19,2025-04-01,25100,8.930000,8.410000,-13052.000000,-0.058231,41
300929.XSHE,2025-02-24,2025-04-01,23300,9.050000,8.410000,-14912.000000,-0.070718,36
300929.XSHE,2025-02-27,2025-04-01,1400,9.180000,8.410000,-1078.000000,-0.083878,33
300929.XSHE,2025-03-04,2025-04-01,1800,8.880000,8.410000,-846.000000,-0.052928,28
300929.XSHE,2025-03-12,2025-04-01,2700,9.340000,8.410000,-2511.000000,-0.099572,20
300929.XSHE,2025-03-20,2025-04-01,1900,9.490000,8.410000,-2052.000000,-0.113804,12
300929.XSHE,2025-03-28,2025-04-01,2500,8.770000,8.410000,-900.000000,-0.041049,4
002856.XSHE,2025-02-11,2025-04-01,12300,9.450000,8.520000,-11439.000000,-0.098413,49
002856.XSHE,2025-02-14,2025-04-01,23300,8.930000,8.520000,-9553.000000,-0.045913,46
002856.XSHE,2025-02-19,2025-04-01,23600,9.050000,8.520000,-12508.000000,-0.058564,41
002856.XSHE,2025-02-24,2025-04-01,24700,9.000000,8.520000,-11856.000000,-0.053333,36
002856.XSHE,2025-02-27,2025-04-01,26500,8.990000,8.520000,-12455.000000,-0.052280,33
002856.XSHE,2025-03-04,2025-04-01,200,8.810000,8.520000,-58.000000,-0.032917,28
002856.XSHE,2025-03-12,2025-04-01,2300,9.290000,8.520000,-1771.000000,-0.082885,20
002856.XSHE,2025-03-20,2025-04-01,3000,9.440000,8.520000,-2760.000000,-0.097458,12
002856.XSHE,2025-03-27,2025-04-01,600,8.870000,8.520000,-210.000000,-0.039459,5
600768.XSHG,2025-02-11,2025-04-01,14900,9.480000,9.080000,-5960.000000,-0.042194,49
600768.XSHG,2025-02-14,2025-04-01,21900,9.250000,9.080000,-3723.000000,-0.018378,46
600768.XSHG,2025-02-19,2025-04-01,24100,9.190000,9.080000,-2651.000000,-0.011970,41
600768.XSHG,2025-02-24,2025-04-01,20100,9.570000,9.080000,-9849.000000,-0.051202,36
600768.XSHG,2025-02-27,2025-04-01,25200,9.540000,9.080000,-11592.000000,-0.048218,33
600768.XSHG,2025-03-12,2025-04-01,4000,9.750000,9.080000,-2680.000000,-0.068718,20
600768.XSHG,2025-03-20,2025-04-01,600,9.920000,9.080000,-504.000000,-0.084677,12
600768.XSHG,2025-03-28,2025-04-01,900,9.460000,9.080000,-342.000000,-0.040169,4
600753.XSHG,2025-03-04,2025-04-01,38200,5.180000,5.200000,764.000000,0.003861,28
600753.XSHG,2025-03-07,2025-04-01,31900,5.520000,5.200000,-10208.000000,-0.057971,25
600753.XSHG,2025-03-12,2025-04-01,35900,5.800000,5.200000,-21540.000000,-0.103448,20
600753.XSHG,2025-03-20,2025-04-01,1100,5.760000,5.200000,-616.000000,-0.097222,12
600753.XSHG,2025-03-25,2025-04-01,3500,5.240000,5.200000,-140.000000,-0.007634,7
300736.XSHE,2025-02-27,2025-04-01,14300,10.260000,8.590000,-23881.000000,-0.162768,33
300736.XSHE,2025-03-04,2025-04-01,29000,9.680000,8.590000,-31610.000000,-0.112603,28
300736.XSHE,2025-03-07,2025-04-01,20800,9.910000,8.590000,-27456.000000,-0.133199,25
300736.XSHE,2025-03-12,2025-04-01,26100,9.740000,8.590000,-30015.000000,-0.118070,20
300736.XSHE,2025-03-17,2025-04-01,23000,9.770000,8.590000,-27140.000000,-0.120778,15
300736.XSHE,2025-03-25,2025-04-01,100,8.790000,8.590000,-20.000000,-0.022753,7
300736.XSHE,2025-03-28,2025-04-01,5300,8.910000,8.590000,-1696.000000,-0.035915,4
600243.XSHG,2025-03-12,2025-04-01,73700,2.990000,2.610000,-28006.000000,-0.127090,20
600243.XSHG,2025-03-17,2025-04-01,75200,2.980000,2.610000,-27824.000000,-0.124161,15
600243.XSHG,2025-03-28,2025-04-01,75200,2.830000,2.610000,-16544.000000,-0.077739,4
600421.XSHG,2025-03-20,2025-04-01,53900,6.530000,6.700000,9163.000000,0.026034,12
600421.XSHG,2025-03-25,2025-04-01,100,7.140000,6.700000,-44.000000,-0.061625,7
600421.XSHG,2025-03-25,2025-04-01,1400,7.370000,6.700000,-938.000000,-0.090909,7
300665.XSHE,2025-03-28,2025-04-01,60800,6.760000,6.490000,-16416.000000,-0.039941,4
511880.XSHG,2025-04-01,2025-05-06,91300,100.383000,100.486000,9403.900000,0.001026,35
605081.XSHG,2025-02-11,2025-05-07,5400,9.750000,11.360000,8694.000000,0.165128,85
605081.XSHG,2025-02-14,2025-05-07,20800,9.610000,11.360000,36400.000000,0.182102,82
605081.XSHG,2025-02-19,2025-05-07,22700,9.700000,11.360000,37682.000000,0.171134,77
605081.XSHG,2025-02-24,2025-05-07,18200,10.140000,11.360000,22204.000000,0.120316,72
605081.XSHG,2025-02-27,2025-05-07,3400,10.080000,11.360000,4352.000000,0.126984,69
605081.XSHG,2025-03-04,2025-05-07,2200,9.690000,11.360000,3674.000000,0.172343,64
605081.XSHG,2025-03-07,2025-05-07,1200,9.670000,11.360000,2028.000000,0.174767,61
605081.XSHG,2025-03-12,2025-05-07,100,10.300000,11.360000,106.000000,0.102913,56
605081.XSHG,2025-03-20,2025-05-07,100,10.690000,11.360000,67.000000,0.062675,48
605081.XSHG,2025-03-28,2025-05-07,6100,10.540000,11.360000,5002.000000,0.077799,40
603616.XSHG,2025-05-07,2025-05-12,1900,3.650000,3.800000,285.000000,0.041096,5
300405.XSHE,2025-05-07,2025-05-15,1300,5.060000,5.220000,208.000000,0.031621,8
603616.XSHG,2025-05-07,2025-05-20,2000,3.650000,3.960000,620.000000,0.084932,13
603616.XSHG,2025-05-07,2025-05-23,2200,3.650000,4.000000,770.000000,0.095890,16
300929.XSHE,2025-05-07,2025-05-28,700,9.480000,9.800000,224.000000,0.033755,21
301372.XSHE,2025-05-07,2025-05-28,600,20.150000,21.000000,510.000000,0.042184,21
300948.XSHE,2025-05-07,2025-05-28,1100,9.940000,10.190000,275.000000,0.025151,21
603616.XSHG,2025-05-07,2025-05-28,49100,3.650000,3.990000,16694.000000,0.093151,21
603616.XSHG,2025-05-15,2025-05-28,900,3.800000,3.990000,171.000000,0.050000,13
300635.XSHE,2025-05-07,2025-05-28,100,10.200000,10.510000,31.000000,0.030392,21
300405.XSHE,2025-05-07,2025-05-28,400,5.060000,5.220000,64.000000,0.031621,21
300929.XSHE,2025-05-07,2025-06-03,1400,9.480000,9.900000,588.000000,0.044304,27
301372.XSHE,2025-05-07,2025-06-03,9400,20.150000,22.000000,17390.000000,0.091811,27
301372.XSHE,2025-05-12,2025-06-03,2300,20.390000,22.000000,3703.000000,0.078960,22
603616.XSHG,2025-05-15,2025-06-03,1000,3.800000,4.050000,250.000000,0.065789,19
300736.XSHE,2025-05-07,2025-06-06,2400,9.680000,10.210000,1272.000000,0.054752,30
603616.XSHG,2025-05-15,2025-06-06,50500,3.800000,4.090000,14645.000000,0.076316,22
600768.XSHG,2025-05-07,2025-06-06,1100,10.600000,10.730000,143.000000,0.012264,30
300665.XSHE,2025-05-07,2025-06-06,400,7.630000,7.580000,-20.000000,-0.006553,30
300649.XSHE,2025-06-03,2025-06-06,100,11.550000,11.990000,44.000000,0.038095,3
301372.XSHE,2025-05-12,2025-06-11,900,20.390000,23.180000,2511.000000,0.136832,30
300405.XSHE,2025-05-07,2025-06-11,2400,5.060000,5.380000,768.000000,0.063241,35
002193.XSHE,2025-05-07,2025-06-11,1200,5.500000,5.900000,480.000000,0.072727,35
603729.XSHG,2025-05-12,2025-06-11,700,15.600000,16.900000,910.000000,0.083333,30
300649.XSHE,2025-06-03,2025-06-11,400,11.550000,12.570000,408.000000,0.088312,8
300736.XSHE,2025-05-07,2025-06-16,200,9.680000,10.100000,84.000000,0.043388,40
300929.XSHE,2025-05-07,2025-06-16,300,9.480000,10.090000,183.000000,0.064346,40
300948.XSHE,2025-05-07,2025-06-16,1200,9.940000,10.300000,432.000000,0.036217,40
600768.XSHG,2025-05-07,2025-06-16,1900,10.600000,10.870000,513.000000,0.025472,40
300635.XSHE,2025-05-07,2025-06-16,19600,10.200000,10.900000,13720.000000,0.068627,40
300635.XSHE,2025-05-12,2025-06-16,2000,10.050000,10.900000,1700.000000,0.084577,35
301372.XSHE,2025-05-12,2025-06-19,6600,20.390000,22.480000,13794.000000,0.102501,38
301372.XSHE,2025-05-15,2025-06-19,3200,20.290000,22.480000,7008.000000,0.107935,35
300635.XSHE,2025-05-12,2025-06-19,18500,10.050000,11.240000,22015.000000,0.118408,38
300635.XSHE,2025-05-15,2025-06-19,2400,9.880000,11.240000,3264.000000,0.137652,35
300665.XSHE,2025-05-07,2025-06-19,700,7.630000,7.580000,-35.000000,-0.006553,43
300649.XSHE,2025-06-03,2025-06-19,2100,11.550000,13.680000,4473.000000,0.184416,16
300736.XSHE,2025-05-07,2025-06-24,1800,9.680000,10.300000,1116.000000,0.064050,48
600768.XSHG,2025-05-07,2025-06-24,300,10.600000,10.760000,48.000000,0.015094,48
300405.XSHE,2025-05-07,2025-06-24,4300,5.060000,5.270000,903.000000,0.041502,48
002193.XSHE,2025-05-07,2025-06-24,2600,5.500000,5.670000,442.000000,0.030909,48
300665.XSHE,2025-05-07,2025-06-24,200,7.630000,7.600000,-6.000000,-0.003932,48
300649.XSHE,2025-06-03,2025-06-24,15000,11.550000,12.830000,19200.000000,0.110823,21
300649.XSHE,2025-06-16,2025-06-24,400,11.980000,12.830000,340.000000,0.070952,8
600847.XSHG,2025-06-19,2025-06-24,100,9.880000,9.990000,11.000000,0.011134,5
300635.XSHE,2025-05-15,2025-06-26,18300,9.880000,12.310000,44469.000000,0.245951,42
300635.XSHE,2025-05-20,2025-06-26,2400,10.250000,12.310000,4944.000000,0.200976,37
300405.XSHE,2025-05-07,2025-06-27,1200,5.060000,5.530000,564.000000,0.092885,51
002193.XSHE,2025-05-07,2025-06-27,2000,5.500000,5.980000,960.000000,0.087273,51
600847.XSHG,2025-06-19,2025-06-27,100,9.880000,10.510000,63.000000,0.063765,8
300635.XSHE,2025-05-20,2025-06-27,16800,10.250000,12.680000,40824.000000,0.237073,38
300635.XSHE,2025-05-23,2025-06-27,1200,10.380000,12.680000,2760.000000,0.221580,35
300635.XSHE,2025-05-23,2025-07-02,16400,10.380000,11.880000,24600.000000,0.144509,40
300635.XSHE,2025-06-03,2025-07-02,800,10.380000,11.880000,1200.000000,0.144509,29
300635.XSHE,2025-06-11,2025-07-02,300,10.870000,11.880000,303.000000,0.092916,21
300405.XSHE,2025-05-07,2025-07-02,30200,5.060000,6.130000,32314.000000,0.211462,56
300405.XSHE,2025-05-12,2025-07-02,15700,5.160000,6.130000,15229.000000,0.187984,51
300665.XSHE,2025-05-07,2025-07-02,25100,7.630000,9.870000,56224.000000,0.293578,56
300665.XSHE,2025-05-12,2025-07-02,20400,7.590000,9.870000,46512.000000,0.300395,51
600847.XSHG,2025-06-19,2025-07-04,2700,9.880000,12.500000,7074.000000,0.265182,15
300736.XSHE,2025-05-07,2025-07-07,1500,9.680000,10.550000,1305.000000,0.089876,61
300929.XSHE,2025-05-07,2025-07-07,3000,9.480000,10.510000,3090.000000,0.108650,61
301372.XSHE,2025-05-15,2025-07-07,1000,20.290000,22.660000,2370.000000,0.116806,53
300948.XSHE,2025-05-07,2025-07-07,1400,9.940000,10.750000,1134.000000,0.081489,61
600768.XSHG,2025-05-07,2025-07-07,2700,10.600000,11.340000,1998.000000,0.069811,61
002193.XSHE,2025-05-07,2025-07-07,900,5.500000,5.990000,441.000000,0.089091,61
300665.XSHE,2025-05-12,2025-07-07,6400,7.590000,9.000000,9024.000000,0.185771,56
300665.XSHE,2025-05-15,2025-07-07,11500,7.180000,9.000000,20930.000000,0.253482,53
603729.XSHG,2025-05-12,2025-07-07,1800,15.600000,16.880000,2304.000000,0.082051,56
300948.XSHE,2025-05-07,2025-07-10,2200,9.940000,11.290000,2970.000000,0.135815,64
600768.XSHG,2025-05-07,2025-07-10,1200,10.600000,11.800000,1440.000000,0.113208,64
300405.XSHE,2025-05-12,2025-07-10,1800,5.160000,5.790000,1134.000000,0.122093,59
300665.XSHE,2025-05-15,2025-07-10,19200,7.180000,8.950000,33984.000000,0.246518,56
300665.XSHE,2025-05-20,2025-07-10,4200,7.690000,8.950000,5292.000000,0.163849,51
600847.XSHG,2025-06-19,2025-07-10,18300,9.880000,11.070000,21777.000000,0.120445,21
600847.XSHG,2025-07-07,2025-07-10,1800,11.220000,11.070000,-270.000000,-0.013369,3
001211.XSHE,2025-07-07,2025-07-10,500,22.290000,23.610000,660.000000,0.059219,3
300929.XSHE,2025-05-07,2025-07-15,600,9.480000,10.840000,816.000000,0.143460,69
301372.XSHE,2025-05-15,2025-07-15,100,20.290000,23.860000,357.000000,0.175949,61
600768.XSHG,2025-05-07,2025-07-15,1300,10.600000,11.990000,1807.000000,0.131132,69
300405.XSHE,2025-05-12,2025-07-15,21000,5.160000,5.900000,15540.000000,0.143411,64
300405.XSHE,2025-05-20,2025-07-15,21000,5.280000,5.900000,13020.000000,0.117424,56
300665.XSHE,2025-05-20,2025-07-15,18600,7.690000,9.260000,29202.000000,0.204161,56
300665.XSHE,2025-05-23,2025-07-15,8100,7.430000,9.260000,14823.000000,0.246299,53
000890.XSHE,2025-07-15,2025-07-17,4100,3.930000,4.220000,1189.000000,0.073791,2
300736.XSHE,2025-05-07,2025-07-18,400,9.680000,10.780000,440.000000,0.113636,72
002193.XSHE,2025-05-07,2025-07-18,700,5.500000,6.200000,490.000000,0.127273,72
300665.XSHE,2025-05-23,2025-07-18,21700,7.430000,9.170000,37758.000000,0.234186,56
300665.XSHE,2025-05-28,2025-07-18,900,7.460000,9.170000,1539.000000,0.229223,51
300665.XSHE,2025-06-03,2025-07-18,1400,7.360000,9.170000,2534.000000,0.245924,45
300665.XSHE,2025-06-11,2025-07-18,1200,7.690000,9.170000,1776.000000,0.192458,37
603729.XSHG,2025-05-12,2025-07-18,400,15.600000,17.120000,608.000000,0.097436,67
002719.XSHE,2025-06-16,2025-07-18,4300,8.670000,9.430000,3268.000000,0.087659,32
600671.XSHG,2025-07-07,2025-07-18,800,13.520000,14.050000,424.000000,0.039201,11
300948.XSHE,2025-05-07,2025-07-23,3600,9.940000,11.790000,6660.000000,0.186117,77
600768.XSHG,2025-05-07,2025-07-23,900,10.600000,12.500000,1710.000000,0.179245,77
300405.XSHE,2025-05-20,2025-07-23,18600,5.280000,7.240000,36456.000000,0.371212,64
300405.XSHE,2025-05-23,2025-07-23,1900,5.150000,7.240000,3971.000000,0.405825,61
600671.XSHG,2025-07-07,2025-07-23,15200,13.520000,13.960000,6688.000000,0.032544,16
300736.XSHE,2025-05-07,2025-07-28,3700,9.680000,11.350000,6179.000000,0.172521,82
300929.XSHE,2025-05-07,2025-07-28,2300,9.480000,11.230000,4025.000000,0.184599,82
600768.XSHG,2025-05-07,2025-07-28,9600,10.600000,12.910000,22176.000000,0.217925,82
600768.XSHG,2025-05-12,2025-07-28,11500,10.690000,12.910000,25530.000000,0.207671,77
300405.XSHE,2025-05-23,2025-07-28,27400,5.150000,6.700000,42470.000000,0.300971,66
002193.XSHE,2025-05-07,2025-07-28,1300,5.500000,6.420000,1196.000000,0.167273,82
002719.XSHE,2025-06-16,2025-07-28,800,8.670000,9.490000,656.000000,0.094579,42
001211.XSHE,2025-07-07,2025-07-28,100,22.290000,23.490000,120.000000,0.053836,21
600671.XSHG,2025-07-07,2025-07-28,300,13.520000,14.220000,210.000000,0.051775,21
603709.XSHG,2025-07-23,2025-07-28,200,13.470000,13.780000,62.000000,0.023014,5
301372.XSHE,2025-05-15,2025-07-30,5500,20.290000,30.020000,53515.000000,0.479547,76
301372.XSHE,2025-05-20,2025-07-30,4100,20.600000,30.020000,38622.000000,0.457282,71
301372.XSHE,2025-05-20,2025-07-31,6100,20.600000,28.290000,46909.000000,0.373301,72
301372.XSHE,2025-05-23,2025-07-31,100,20.460000,28.290000,783.000000,0.382698,69
300405.XSHE,2025-05-23,2025-07-31,11700,5.150000,6.370000,14274.000000,0.236893,69
300405.XSHE,2025-06-03,2025-07-31,3000,5.100000,6.370000,3810.000000,0.249020,58
300405.XSHE,2025-06-06,2025-07-31,19200,5.190000,6.370000,22656.000000,0.227360,55
600671.XSHG,2025-07-07,2025-07-31,200,13.520000,14.150000,126.000000,0.046598,24
600671.XSHG,2025-07-10,2025-07-31,16600,13.540000,14.150000,10126.000000,0.045052,21
600671.XSHG,2025-07-10,2025-08-04,1100,13.540000,15.530000,2189.000000,0.146972,25
600671.XSHG,2025-07-15,2025-08-04,400,13.780000,15.530000,700.000000,0.126996,20
300736.XSHE,2025-05-07,2025-08-05,1000,9.680000,11.750000,2070.000000,0.213843,90
300929.XSHE,2025-05-07,2025-08-05,2100,9.480000,11.580000,4410.000000,0.221519,90
301372.XSHE,2025-05-23,2025-08-05,7800,20.460000,27.800000,57252.000000,0.358749,74
300948.XSHE,2025-05-07,2025-08-05,2000,9.940000,11.840000,3800.000000,0.191147,90
600768.XSHG,2025-05-12,2025-08-05,200,10.690000,12.740000,410.000000,0.191768,85
600671.XSHG,2025-07-15,2025-08-05,16000,13.780000,15.490000,27360.000000,0.124093,21
000890.XSHE,2025-07-15,2025-08-07,13300,3.930000,4.360000,5719.000000,0.109415,23
300736.XSHE,2025-05-07,2025-08-08,500,9.680000,11.960000,1140.000000,0.235537,93
301372.XSHE,2025-05-23,2025-08-08,1800,20.460000,26.880000,11556.000000,0.313783,77
301372.XSHE,2025-06-06,2025-08-08,800,22.060000,26.880000,3856.000000,0.218495,63
301372.XSHE,2025-06-16,2025-08-08,200,22.100000,26.880000,956.000000,0.216290,53
301372.XSHE,2025-06-16,2025-08-08,600,22.100000,26.880000,2868.000000,0.216290,53
301372.XSHE,2025-06-24,2025-08-08,500,21.910000,26.880000,2485.000000,0.226837,45
301372.XSHE,2025-06-24,2025-08-08,800,21.910000,26.880000,3976.000000,0.226837,45
301372.XSHE,2025-06-27,2025-08-08,3400,22.500000,26.880000,14892.000000,0.194667,42
600768.XSHG,2025-05-12,2025-08-08,200,10.690000,12.940000,450.000000,0.210477,88
300405.XSHE,2025-06-06,2025-08-08,22600,5.190000,6.520000,30058.000000,0.256262,63
300405.XSHE,2025-06-16,2025-08-08,3000,5.180000,6.520000,4020.000000,0.258687,53
300405.XSHE,2025-06-19,2025-08-08,1700,5.150000,6.520000,2329.000000,0.266019,50
300405.XSHE,2025-07-07,2025-08-08,9300,5.570000,6.520000,8835.000000,0.170557,32
300405.XSHE,2025-07-18,2025-08-08,2100,5.800000,6.520000,1512.000000,0.124138,21
300405.XSHE,2025-08-05,2025-08-08,400,6.410000,6.520000,44.000000,0.017161,3
002719.XSHE,2025-06-16,2025-08-08,1900,8.670000,9.800000,2147.000000,0.130334,53
000890.XSHE,2025-07-15,2025-08-08,500,3.930000,4.380000,225.000000,0.114504,24
603709.XSHG,2025-07-23,2025-08-08,600,13.470000,14.490000,612.000000,0.075724,16
300736.XSHE,2025-05-07,2025-08-13,1400,9.680000,12.360000,3752.000000,0.276860,98
300929.XSHE,2025-05-07,2025-08-13,1700,9.480000,12.100000,4454.000000,0.276371,98
301372.XSHE,2025-06-27,2025-08-13,6200,22.500000,27.600000,31620.000000,0.226667,47
301372.XSHE,2025-07-02,2025-08-13,1900,22.880000,27.600000,8968.000000,0.206294,42
301372.XSHE,2025-07-10,2025-08-13,1500,23.730000,27.600000,5805.000000,0.163085,34
300948.XSHE,2025-05-07,2025-08-13,100,9.940000,12.050000,211.000000,0.212274,98
002719.XSHE,2025-06-16,2025-08-13,1600,8.670000,10.120000,2320.000000,0.167243,58
001211.XSHE,2025-07-07,2025-08-13,10800,22.290000,25.240000,31860.000000,0.132346,37
603709.XSHG,2025-07-23,2025-08-13,17100,13.470000,15.560000,35739.000000,0.155160,21
603709.XSHG,2025-07-31,2025-08-13,500,13.530000,15.560000,1015.000000,0.150037,13
301372.XSHE,2025-07-10,2025-08-18,7500,23.730000,26.940000,24075.000000,0.135272,39
301372.XSHE,2025-07-18,2025-08-18,400,23.500000,26.940000,1376.000000,0.146383,31
301372.XSHE,2025-07-18,2025-08-18,300,23.500000,26.940000,1032.000000,0.146383,31
301372.XSHE,2025-07-23,2025-08-18,300,24.210000,26.940000,819.000000,0.112763,26
301372.XSHE,2025-07-28,2025-08-18,900,23.940000,26.940000,2700.000000,0.125313,21
603729.XSHG,2025-05-12,2025-08-18,1200,15.600000,17.560000,2352.000000,0.125641,98
001211.XSHE,2025-07-07,2025-08-18,8800,22.290000,24.290000,17600.000000,0.089726,42
001211.XSHE,2025-07-15,2025-08-18,200,23.290000,24.290000,200.000000,0.042937,34
001211.XSHE,2025-07-18,2025-08-18,1400,23.090000,24.290000,1680.000000,0.051971,31
000890.XSHE,2025-07-15,2025-08-18,41300,3.930000,4.270000,14042.000000,0.086514,34
000890.XSHE,2025-07-18,2025-08-18,3700,3.960000,4.270000,1147.000000,0.078283,31
000890.XSHE,2025-07-23,2025-08-18,700,4.050000,4.270000,154.000000,0.054321,26
000890.XSHE,2025-07-28,2025-08-18,14800,4.050000,4.270000,3256.000000,0.054321,21
300163.XSHE,2025-07-28,2025-08-18,3900,3.290000,3.280000,-39.000000,-0.003040,21
300736.XSHE,2025-05-07,2025-08-21,2800,9.680000,12.800000,8736.000000,0.322314,106
300948.XSHE,2025-05-07,2025-08-21,1800,9.940000,12.340000,4320.000000,0.241449,106
002193.XSHE,2025-05-07,2025-08-21,700,5.500000,6.390000,623.000000,0.161818,106
001211.XSHE,2025-07-18,2025-08-21,8900,23.090000,25.230000,19046.000000,0.092681,34
001211.XSHE,2025-07-23,2025-08-21,1000,23.170000,25.230000,2060.000000,0.088908,29
001211.XSHE,2025-07-31,2025-08-21,200,23.880000,25.230000,270.000000,0.056533,21
000890.XSHE,2025-07-28,2025-08-21,45700,4.050000,4.330000,12796.000000,0.069136,24
000890.XSHE,2025-07-31,2025-08-21,10400,3.970000,4.330000,3744.000000,0.090680,21
300854.XSHE,2025-08-05,2025-08-21,4400,16.790000,18.990000,9680.000000,0.131030,16
600768.XSHG,2025-05-12,2025-08-26,300,10.690000,12.900000,663.000000,0.206735,106
002719.XSHE,2025-06-16,2025-08-26,2000,8.670000,10.070000,2800.000000,0.161476,71
300163.XSHE,2025-07-28,2025-08-26,2000,3.290000,3.430000,280.000000,0.042553,29
300854.XSHE,2025-08-05,2025-08-26,10100,16.790000,20.390000,36360.000000,0.214413,21
300854.XSHE,2025-08-08,2025-08-26,6800,17.450000,20.390000,19992.000000,0.168481,18
300736.XSHE,2025-05-07,2025-08-29,5100,9.680000,12.740000,15606.000000,0.316116,114
300736.XSHE,2025-05-12,2025-08-29,100,9.670000,12.740000,307.000000,0.317477,109
002719.XSHE,2025-06-16,2025-08-29,13500,8.670000,9.590000,12420.000000,0.106113,74
002719.XSHE,2025-06-19,2025-08-29,10700,8.710000,9.590000,9416.000000,0.101033,71
001211.XSHE,2025-07-31,2025-08-29,9900,23.880000,25.000000,11088.000000,0.046901,29
001211.XSHE,2025-08-08,2025-08-29,500,24.350000,25.000000,325.000000,0.026694,21
001211.XSHE,2025-08-26,2025-08-29,100,24.730000,25.000000,27.000000,0.010918,3
300163.XSHE,2025-07-28,2025-08-29,34400,3.290000,3.650000,12384.000000,0.109422,32
300854.XSHE,2025-08-08,2025-08-29,7700,17.450000,20.130000,20636.000000,0.153582,21
300854.XSHE,2025-08-13,2025-08-29,5600,17.420000,20.130000,15176.000000,0.155568,16
600768.XSHG,2025-05-12,2025-09-03,1100,10.690000,12.420000,1903.000000,0.161833,114
002193.XSHE,2025-05-07,2025-09-03,2100,5.500000,5.910000,861.000000,0.074545,119
603729.XSHG,2025-05-12,2025-09-03,600,15.600000,17.180000,948.000000,0.101282,114
000890.XSHE,2025-07-31,2025-09-03,3100,3.970000,4.060000,279.000000,0.022670,34
300163.XSHE,2025-07-28,2025-09-03,32900,3.290000,3.510000,7238.000000,0.066869,37
300163.XSHE,2025-07-31,2025-09-03,24500,3.360000,3.510000,3675.000000,0.044643,34
300854.XSHE,2025-08-13,2025-09-03,10000,17.420000,20.820000,34000.000000,0.195178,21
300854.XSHE,2025-08-18,2025-09-03,2900,16.680000,20.820000,12006.000000,0.248201,16
600847.XSHG,2025-08-13,2025-09-03,21700,11.830000,10.900000,-20181.000000,-0.078614,21
600847.XSHG,2025-08-18,2025-09-03,2700,11.490000,10.900000,-1593.000000,-0.051349,16
300736.XSHE,2025-05-12,2025-09-08,1400,9.670000,12.910000,4536.000000,0.335057,119
002193.XSHE,2025-05-07,2025-09-08,2300,5.500000,6.000000,1150.000000,0.090909,124
000890.XSHE,2025-07-31,2025-09-08,700,3.970000,4.100000,91.000000,0.032746,39
300854.XSHE,2025-08-18,2025-09-08,12100,16.680000,20.010000,40293.000000,0.199640,21
600847.XSHG,2025-08-18,2025-09-08,18900,11.490000,11.490000,0.000000,0.000000,21
600847.XSHG,2025-08-21,2025-09-08,6400,11.740000,11.490000,-1600.000000,-0.021295,18
300929.XSHE,2025-05-07,2025-09-11,300,9.480000,11.060000,474.000000,0.166667,127
300948.XSHE,2025-05-07,2025-09-11,900,9.940000,11.500000,1404.000000,0.156942,127
603729.XSHG,2025-05-12,2025-09-11,400,15.600000,17.500000,760.000000,0.121795,122
002719.XSHE,2025-06-19,2025-09-11,13500,8.710000,9.750000,14040.000000,0.119403,84
002719.XSHE,2025-06-24,2025-09-11,13400,8.690000,9.750000,14204.000000,0.121979,79
000890.XSHE,2025-07-31,2025-09-11,3500,3.970000,4.290000,1120.000000,0.080605,42
300163.XSHE,2025-07-31,2025-09-11,5900,3.360000,3.560000,1180.000000,0.059524,42
600847.XSHG,2025-08-21,2025-09-11,17200,11.740000,11.590000,-2580.000000,-0.012777,21
600847.XSHG,2025-08-26,2025-09-11,1000,11.470000,11.590000,120.000000,0.010462,16
600847.XSHG,2025-08-29,2025-09-11,3600,10.720000,11.590000,3132.000000,0.081157,13
300736.XSHE,2025-05-12,2025-09-16,19500,9.670000,14.070000,85800.000000,0.455016,127
300736.XSHE,2025-05-15,2025-09-16,9400,9.510000,14.070000,42864.000000,0.479495,124
000890.XSHE,2025-07-31,2025-09-16,48400,3.970000,4.120000,7260.000000,0.037783,47
000890.XSHE,2025-08-05,2025-09-16,1900,4.000000,4.120000,228.000000,0.030000,42
000890.XSHE,2025-08-13,2025-09-16,2900,4.390000,4.120000,-783.000000,-0.061503,34
000890.XSHE,2025-08-26,2025-09-16,1400,4.190000,4.120000,-98.000000,-0.016706,21
000890.XSHE,2025-08-29,2025-09-16,2600,3.950000,4.120000,442.000000,0.043038,18
300736.XSHE,2025-05-15,2025-09-19,12100,9.510000,14.540000,60863.000000,0.528917,127
300736.XSHE,2025-05-20,2025-09-19,8600,9.880000,14.540000,40076.000000,0.471660,122
000890.XSHE,2025-08-29,2025-09-19,62600,3.950000,4.380000,26918.000000,0.108861,21
300163.XSHE,2025-07-31,2025-09-19,11900,3.360000,3.640000,3332.000000,0.083333,50
600847.XSHG,2025-08-29,2025-09-19,22200,10.720000,11.490000,17094.000000,0.071828,21
600847.XSHG,2025-09-16,2025-09-19,400,11.390000,11.490000,40.000000,0.008780,3
300594.XSHE,2025-08-29,2025-09-19,700,17.630000,17.950000,224.000000,0.018151,21
300736.XSHE,2025-05-20,2025-09-24,11200,9.880000,13.230000,37520.000000,0.339069,127
300736.XSHE,2025-05-23,2025-09-24,4400,9.700000,13.230000,15532.000000,0.363918,124
600768.XSHG,2025-05-12,2025-09-24,1200,10.690000,11.770000,1296.000000,0.101029,135
600455.XSHG,2025-08-21,2025-09-24,800,28.200000,25.850000,-1880.000000,-0.083333,34
300594.XSHE,2025-08-29,2025-09-24,1400,17.630000,17.560000,-98.000000,-0.003971,26
301098.XSHE,2025-09-03,2025-09-24,500,9.050000,8.580000,-235.000000,-0.051934,21
300736.XSHE,2025-05-23,2025-10-10,16500,9.700000,13.330000,59895.000000,0.374227,140
300948.XSHE,2025-05-07,2025-10-10,5900,9.940000,22.740000,75520.000000,1.287726,156
300948.XSHE,2025-05-12,2025-10-10,19900,10.080000,22.740000,251934.000000,1.255952,151
300948.XSHE,2025-05-15,2025-10-10,21600,9.760000,22.740000,280368.000000,1.329918,148
300948.XSHE,2025-05-20,2025-10-10,19300,10.130000,22.740000,243373.000000,1.244817,143
300948.XSHE,2025-05-23,2025-10-10,20800,9.960000,22.740000,265824.000000,1.283133,140
300948.XSHE,2025-06-03,2025-10-10,900,10.050000,22.740000,11421.000000,1.262687,129
300948.XSHE,2025-06-06,2025-10-10,100,10.310000,22.740000,1243.000000,1.205626,126
300948.XSHE,2025-06-11,2025-10-10,200,10.400000,22.740000,2468.000000,1.186538,121
300929.XSHE,2025-05-07,2025-10-15,2300,9.480000,11.010000,3519.000000,0.161392,161
300948.XSHE,2025-06-11,2025-10-15,1300,10.400000,19.000000,11180.000000,0.826923,126
300948.XSHE,2025-06-19,2025-10-15,600,10.250000,19.000000,5250.000000,0.853659,118
300948.XSHE,2025-06-24,2025-10-15,100,10.260000,19.000000,874.000000,0.851852,113
300948.XSHE,2025-06-27,2025-10-15,400,10.660000,19.000000,3336.000000,0.782364,110
300948.XSHE,2025-07-02,2025-10-15,3400,10.990000,19.000000,27234.000000,0.728844,105
300948.XSHE,2025-07-15,2025-10-15,800,11.150000,19.000000,6280.000000,0.704036,92
300948.XSHE,2025-07-15,2025-10-15,700,11.150000,19.000000,5495.000000,0.704036,92
300948.XSHE,2025-07-18,2025-10-15,1500,11.000000,19.000000,12000.000000,0.727273,89
300948.XSHE,2025-07-28,2025-10-15,1500,11.480000,19.000000,11280.000000,0.655052,79
300948.XSHE,2025-07-28,2025-10-20,2100,11.480000,19.170000,16149.000000,0.669861,84
300948.XSHE,2025-07-31,2025-10-20,2000,11.410000,19.170000,15520.000000,0.680105,81
300948.XSHE,2025-08-08,2025-10-20,1800,11.800000,19.170000,13266.000000,0.624576,73
300948.XSHE,2025-08-18,2025-10-20,400,11.520000,19.170000,3060.000000,0.664063,63
300948.XSHE,2025-08-26,2025-10-20,2600,11.930000,19.170000,18824.000000,0.606873,55
300948.XSHE,2025-08-29,2025-10-20,3000,11.230000,19.170000,23820.000000,0.707035,52
300948.XSHE,2025-09-03,2025-10-20,600,11.190000,19.170000,4788.000000,0.713137,47
300948.XSHE,2025-09-08,2025-10-20,200,11.220000,19.170000,1590.000000,0.708556,42
300948.XSHE,2025-09-16,2025-10-20,900,11.430000,19.170000,6966.000000,0.677165,34
300948.XSHE,2025-09-19,2025-10-20,1000,11.200000,19.170000,7970.000000,0.711607,31
002193.XSHE,2025-05-07,2025-10-20,18600,5.500000,5.290000,-3906.000000,-0.038182,166
002719.XSHE,2025-06-24,2025-10-20,1600,8.690000,9.770000,1728.000000,0.124281,118
600455.XSHG,2025-08-21,2025-10-20,200,28.200000,26.000000,-440.000000,-0.078014,60
301098.XSHE,2025-09-03,2025-10-20,800,9.050000,9.090000,32.000000,0.004420,47
600847.XSHG,2025-10-15,2025-10-20,400,11.240000,11.360000,48.000000,0.010676,5
002193.XSHE,2025-05-07,2025-10-23,1100,5.500000,5.530000,33.000000,0.005455,169
300163.XSHE,2025-07-31,2025-10-23,1000,3.360000,3.650000,290.000000,0.086310,84
600455.XSHG,2025-08-21,2025-10-23,1400,28.200000,27.750000,-630.000000,-0.015957,63
300594.XSHE,2025-08-29,2025-10-23,900,17.630000,18.360000,657.000000,0.041407,55
600847.XSHG,2025-10-15,2025-10-23,24000,11.240000,11.670000,10320.000000,0.038256,8
300385.XSHE,2025-10-15,2025-10-23,1200,5.180000,5.440000,312.000000,0.050193,8
300736.XSHE,2025-05-23,2025-10-28,600,9.700000,14.010000,2586.000000,0.444330,158
300736.XSHE,2025-05-28,2025-10-28,100,9.790000,14.010000,422.000000,0.431052,153
300736.XSHE,2025-06-03,2025-10-28,500,9.710000,14.010000,2150.000000,0.442842,147
300736.XSHE,2025-06-11,2025-10-28,1400,10.300000,14.010000,5194.000000,0.360194,139
300736.XSHE,2025-06-19,2025-10-28,200,10.090000,14.010000,784.000000,0.388503,131
300736.XSHE,2025-06-27,2025-10-28,400,10.580000,14.010000,1372.000000,0.324197,123
600768.XSHG,2025-05-12,2025-10-28,700,10.690000,13.350000,1862.000000,0.248831,169
300163.XSHE,2025-07-31,2025-10-28,30100,3.360000,4.170000,24381.000000,0.241071,89
300163.XSHE,2025-08-05,2025-10-28,77900,3.350000,4.170000,63878.000000,0.244776,84
300163.XSHE,2025-08-08,2025-10-28,3700,3.380000,4.170000,2923.000000,0.233728,81
600847.XSHG,2025-10-15,2025-10-28,300,11.240000,12.090000,255.000000,0.075623,13
300163.XSHE,2025-08-08,2025-10-29,33900,3.380000,4.700000,44748.000000,0.390533,82
300736.XSHE,2025-06-27,2025-10-31,1100,10.580000,14.070000,3839.000000,0.329868,126
600768.XSHG,2025-05-12,2025-10-31,100,10.690000,13.240000,255.000000,0.238541,172
300163.XSHE,2025-08-08,2025-10-31,38700,3.380000,4.800000,54954.000000,0.420118,84
300163.XSHE,2025-08-13,2025-10-31,27400,3.380000,4.800000,38908.000000,0.420118,79
600847.XSHG,2025-10-15,2025-10-31,800,11.240000,12.350000,888.000000,0.098754,16
300929.XSHE,2025-05-07,2025-11-05,500,9.480000,11.450000,985.000000,0.207806,182
603729.XSHG,2025-05-12,2025-11-05,3700,15.600000,17.910000,8547.000000,0.148077,177
300163.XSHE,2025-08-13,2025-11-05,55200,3.380000,4.770000,76728.000000,0.411243,84
300163.XSHE,2025-08-21,2025-11-05,800,3.440000,4.770000,1064.000000,0.386628,76
301098.XSHE,2025-09-03,2025-11-05,1800,9.050000,9.390000,612.000000,0.037569,63
600847.XSHG,2025-10-15,2025-11-05,23600,11.240000,12.520000,30208.000000,0.113879,21
300385.XSHE,2025-10-15,2025-11-05,900,5.180000,5.690000,459.000000,0.098456,21
300736.XSHE,2025-07-02,2025-11-10,4700,10.780000,16.100000,25004.000000,0.493506,131
300736.XSHE,2025-07-10,2025-11-10,1400,10.690000,16.100000,7574.000000,0.506080,123
300736.XSHE,2025-07-15,2025-11-10,100,10.710000,16.100000,539.000000,0.503268,118
300736.XSHE,2025-07-23,2025-11-10,200,10.870000,16.100000,1046.000000,0.481141,110
300736.XSHE,2025-07-23,2025-11-10,2500,10.870000,16.100000,13075.000000,0.481141,110
300736.XSHE,2025-07-31,2025-11-10,600,11.420000,16.100000,2808.000000,0.409807,102
300736.XSHE,2025-08-18,2025-11-10,300,11.820000,16.100000,1284.000000,0.362098,84
300736.XSHE,2025-08-26,2025-11-10,100,12.500000,16.100000,360.000000,0.288000,76
300736.XSHE,2025-08-26,2025-11-10,1300,12.500000,16.100000,4680.000000,0.288000,76
300736.XSHE,2025-09-03,2025-11-10,200,12.660000,16.100000,688.000000,0.271722,68
300736.XSHE,2025-09-03,2025-11-10,500,12.660000,16.100000,1720.000000,0.271722,68
300736.XSHE,2025-09-11,2025-11-10,100,12.550000,16.100000,355.000000,0.282869,60
300736.XSHE,2025-09-11,2025-11-10,4200,12.550000,16.100000,14910.000000,0.282869,60
300736.XSHE,2025-10-15,2025-11-10,9900,12.890000,16.100000,31779.000000,0.249030,26
300929.XSHE,2025-05-07,2025-11-10,1100,9.480000,12.020000,2794.000000,0.267932,187
300163.XSHE,2025-08-21,2025-11-10,300,3.440000,4.980000,462.000000,0.447674,81
300163.XSHE,2025-09-08,2025-11-10,2400,3.430000,4.980000,3720.000000,0.451895,63
300163.XSHE,2025-09-08,2025-11-10,5400,3.430000,4.980000,8370.000000,0.451895,63
300163.XSHE,2025-09-16,2025-11-10,3100,3.530000,4.980000,4495.000000,0.410765,55
300163.XSHE,2025-09-24,2025-11-10,52000,3.360000,4.980000,84240.000000,0.482143,47
300594.XSHE,2025-08-29,2025-11-10,1800,17.630000,19.630000,3600.000000,0.113443,73
300385.XSHE,2025-10-15,2025-11-10,700,5.180000,6.000000,574.000000,0.158301,26
300736.XSHE,2025-10-15,2025-11-13,12400,12.890000,18.460000,69068.000000,0.432118,29
300736.XSHE,2025-10-20,2025-11-13,11700,13.000000,18.460000,63882.000000,0.420000,24
002193.XSHE,2025-05-07,2025-11-13,3000,5.500000,6.160000,1980.000000,0.120000,190
002719.XSHE,2025-06-24,2025-11-13,3400,8.690000,10.180000,5066.000000,0.171461,142
300163.XSHE,2025-09-24,2025-11-13,700,3.360000,4.840000,1036.000000,0.440476,50
300163.XSHE,2025-09-24,2025-11-13,14800,3.360000,4.840000,21904.000000,0.440476,50
300163.XSHE,2025-10-10,2025-11-13,100,3.520000,4.840000,132.000000,0.375000,34
300163.XSHE,2025-10-15,2025-11-13,41600,3.550000,4.840000,53664.000000,0.363380,29
300163.XSHE,2025-10-20,2025-11-13,5700,3.500000,4.840000,7638.000000,0.382857,24
300385.XSHE,2025-10-15,2025-11-13,1900,5.180000,6.300000,2128.000000,0.216216,29
300405.XSHE,2025-10-28,2025-11-13,3700,6.360000,7.060000,2590.000000,0.110063,16
300736.XSHE,2025-10-20,2025-11-18,9200,13.000000,18.910000,54372.000000,0.454615,29
300736.XSHE,2025-10-23,2025-11-18,7900,13.180000,18.910000,45267.000000,0.434750,26
002193.XSHE,2025-05-07,2025-11-18,100,5.500000,6.380000,88.000000,0.160000,195
002193.XSHE,2025-05-12,2025-11-18,3000,5.580000,6.380000,2400.000000,0.143369,190
300405.XSHE,2025-10-28,2025-11-18,42500,6.360000,7.900000,65450.000000,0.242138,21
300405.XSHE,2025-10-31,2025-11-18,6100,6.260000,7.900000,10004.000000,0.261981,18
300736.XSHE,2025-10-23,2025-11-21,600,13.180000,18.460000,3168.000000,0.400607,29
300929.XSHE,2025-05-07,2025-11-21,500,9.480000,11.680000,1100.000000,0.232068,198
002193.XSHE,2025-05-12,2025-11-21,1600,5.580000,6.040000,736.000000,0.082437,193
603729.XSHG,2025-05-12,2025-11-21,1600,15.600000,17.560000,3136.000000,0.125641,193
300594.XSHE,2025-08-29,2025-11-21,400,17.630000,18.210000,232.000000,0.032898,84
301098.XSHE,2025-09-03,2025-11-21,400,9.050000,9.230000,72.000000,0.019890,79
300385.XSHE,2025-10-15,2025-11-21,32900,5.180000,6.320000,37506.000000,0.220077,37
300385.XSHE,2025-10-20,2025-11-21,16500,5.100000,6.320000,20130.000000,0.239216,32
300385.XSHE,2025-10-28,2025-11-21,300,5.520000,6.320000,240.000000,0.144928,24
300385.XSHE,2025-10-31,2025-11-21,600,5.410000,6.320000,546.000000,0.168207,21
300385.XSHE,2025-11-18,2025-11-21,1500,6.250000,6.320000,105.000000,0.011200,3
300405.XSHE,2025-10-31,2025-11-21,40700,6.260000,7.010000,30525.000000,0.119808,21
300405.XSHE,2025-11-05,2025-11-21,100,6.460000,7.010000,55.000000,0.085139,16
300405.XSHE,2025-11-10,2025-11-21,300,6.700000,7.010000,93.000000,0.046269,11
002883.XSHE,2025-11-05,2025-11-21,2500,11.680000,11.720000,100.000000,0.003425,16
300736.XSHE,2025-10-23,2025-11-26,15000,13.180000,19.500000,94800.000000,0.479514,34
300736.XSHE,2025-11-05,2025-11-26,200,14.220000,19.500000,1056.000000,0.371308,21
300736.XSHE,2025-11-05,2025-11-26,1400,14.220000,19.500000,7392.000000,0.371308,21
600768.XSHG,2025-05-12,2025-11-26,1700,10.690000,13.130000,4148.000000,0.228251,198
002193.XSHE,2025-05-12,2025-11-26,6800,5.580000,6.260000,4624.000000,0.121864,198
603729.XSHG,2025-05-12,2025-11-26,1300,15.600000,17.990000,3107.000000,0.153205,198
300594.XSHE,2025-08-29,2025-11-26,100,17.630000,18.390000,76.000000,0.043108,89
002883.XSHE,2025-11-05,2025-11-26,23200,11.680000,11.650000,-696.000000,-0.002568,21
002883.XSHE,2025-11-10,2025-11-26,1600,11.990000,11.650000,-544.000000,-0.028357,16
600768.XSHG,2025-05-12,2025-12-01,300,10.690000,13.330000,792.000000,0.246960,203
002719.XSHE,2025-06-24,2025-12-01,2200,8.690000,9.690000,2200.000000,0.115075,160
600455.XSHG,2025-08-21,2025-12-01,600,28.200000,27.510000,-414.000000,-0.024468,102
301098.XSHE,2025-09-03,2025-12-01,1500,9.050000,9.330000,420.000000,0.030939,89
002883.XSHE,2025-11-10,2025-12-01,24900,11.990000,11.850000,-3486.000000,-0.011676,21
002883.XSHE,2025-11-13,2025-12-01,1700,12.080000,11.850000,-391.000000,-0.019040,18
300417.XSHE,2025-11-10,2025-12-01,700,14.320000,13.700000,-434.000000,-0.043296,21
600768.XSHG,2025-05-12,2025-12-04,1500,10.690000,13.800000,4665.000000,0.290926,206
600768.XSHG,2025-05-15,2025-12-04,4600,10.310000,13.800000,16054.000000,0.338506,203
301098.XSHE,2025-09-03,2025-12-04,3000,9.050000,9.320000,810.000000,0.029834,92
300417.XSHE,2025-11-10,2025-12-04,21100,14.320000,13.700000,-13082.000000,-0.043296,24
300417.XSHE,2025-11-13,2025-12-04,3400,14.070000,13.700000,-1258.000000,-0.026297,21
002719.XSHE,2025-06-24,2025-12-09,1800,8.690000,9.620000,1674.000000,0.107020,168
600455.XSHG,2025-08-21,2025-12-09,100,28.200000,26.970000,-123.000000,-0.043617,110
301098.XSHE,2025-09-03,2025-12-09,1700,9.050000,9.510000,782.000000,0.050829,97
300417.XSHE,2025-11-13,2025-12-09,19700,14.070000,14.240000,3349.000000,0.012082,26
300417.XSHE,2025-11-18,2025-12-09,4500,14.450000,14.240000,-945.000000,-0.014533,21
300929.XSHE,2025-05-07,2025-12-12,2300,9.480000,10.910000,3289.000000,0.150844,219
600768.XSHG,2025-05-15,2025-12-12,2400,10.310000,13.050000,6576.000000,0.265761,211
603729.XSHG,2025-05-12,2025-12-12,100,15.600000,15.860000,26.000000,0.016667,214
600455.XSHG,2025-08-21,2025-12-12,100,28.200000,25.140000,-306.000000,-0.108511,113
300417.XSHE,2025-11-18,2025-12-12,17800,14.450000,13.940000,-9078.000000,-0.035294,24
300417.XSHE,2025-11-21,2025-12-12,6000,13.280000,13.940000,3960.000000,0.049699,21
002719.XSHE,2025-06-24,2025-12-17,2000,8.690000,8.600000,-180.000000,-0.010357,176
002719.XSHE,2025-06-27,2025-12-17,1300,8.850000,8.600000,-325.000000,-0.028249,173
002719.XSHE,2025-06-27,2025-12-17,100,8.850000,8.600000,-25.000000,-0.028249,173
002719.XSHE,2025-07-02,2025-12-17,100,9.110000,8.600000,-51.000000,-0.055982,168
600455.XSHG,2025-08-21,2025-12-17,1000,28.200000,24.870000,-3330.000000,-0.118085,118
300594.XSHE,2025-08-29,2025-12-17,2100,17.630000,16.450000,-2478.000000,-0.066931,110
300417.XSHE,2025-11-21,2025-12-17,18500,13.280000,13.060000,-4070.000000,-0.016566,26
300417.XSHE,2025-11-26,2025-12-17,1300,13.420000,13.060000,-468.000000,-0.026826,21
603729.XSHG,2025-05-12,2025-12-22,300,15.600000,16.450000,255.000000,0.054487,224
002719.XSHE,2025-07-02,2025-12-22,1300,9.110000,9.210000,130.000000,0.010977,173
300594.XSHE,2025-08-29,2025-12-22,2800,17.630000,18.060000,1204.000000,0.024390,115
300417.XSHE,2025-11-26,2025-12-22,21400,13.420000,13.720000,6420.000000,0.022355,26
600768.XSHG,2025-05-15,2025-12-25,13600,10.310000,13.350000,41344.000000,0.294859,224
600768.XSHG,2025-05-20,2025-12-25,8900,10.900000,13.350000,21805.000000,0.224771,219
300594.XSHE,2025-08-29,2025-12-25,4000,17.630000,20.480000,11400.000000,0.161656,118
300594.XSHE,2025-09-03,2025-12-25,14200,17.670000,20.480000,39902.000000,0.159027,113
300594.XSHE,2025-09-08,2025-12-25,6100,17.620000,20.480000,17446.000000,0.162316,108
301098.XSHE,2025-09-03,2025-12-25,700,9.050000,8.710000,-238.000000,-0.037569,113
600768.XSHG,2025-05-20,2025-12-30,8000,10.900000,13.470000,20560.000000,0.235780,224
600768.XSHG,2025-05-23,2025-12-30,14800,10.590000,13.470000,42624.000000,0.271955,221
300594.XSHE,2025-09-08,2025-12-30,8500,17.620000,19.920000,19550.000000,0.130533,113
300594.XSHE,2025-09-11,2025-12-30,4800,18.030000,19.920000,9072.000000,0.104825,110
300854.XSHE,2025-11-21,2025-12-30,5000,18.180000,17.490000,-3450.000000,-0.037954,39
300929.XSHE,2025-05-07,2026-01-05,2100,9.480000,10.760000,2688.000000,0.135021,243
300929.XSHE,2025-05-12,2026-01-05,20600,9.650000,10.760000,22866.000000,0.115026,238
300929.XSHE,2025-05-15,2026-01-05,22000,9.430000,10.760000,29260.000000,0.141039,235
300929.XSHE,2025-05-20,2026-01-05,19900,9.800000,10.760000,19104.000000,0.097959,230
300929.XSHE,2025-05-23,2026-01-05,21700,9.620000,10.760000,24738.000000,0.118503,227
300929.XSHE,2025-06-06,2026-01-05,400,10.110000,10.760000,260.000000,0.064293,213
300929.XSHE,2025-06-11,2026-01-05,700,10.280000,10.760000,336.000000,0.046693,208
300929.XSHE,2025-06-19,2026-01-05,1000,10.010000,10.760000,750.000000,0.074925,200
300929.XSHE,2025-06-24,2026-01-05,800,9.950000,10.760000,648.000000,0.081407,195
300929.XSHE,2025-06-27,2026-01-05,400,10.340000,10.760000,168.000000,0.040619,192
300929.XSHE,2025-07-02,2026-01-05,4200,10.600000,10.760000,672.000000,0.015094,187
300929.XSHE,2025-07-10,2026-01-05,500,10.740000,10.760000,10.000000,0.001862,179
300929.XSHE,2025-07-18,2026-01-05,1500,10.700000,10.760000,90.000000,0.005607,171
300929.XSHE,2025-07-23,2026-01-05,1700,10.900000,10.760000,-238.000000,-0.012844,166
300929.XSHE,2025-07-31,2026-01-05,2100,11.150000,10.760000,-819.000000,-0.034978,158
300929.XSHE,2025-08-08,2026-01-05,600,11.670000,10.760000,-546.000000,-0.077978,150
300929.XSHE,2025-08-18,2026-01-05,900,11.510000,10.760000,-675.000000,-0.065161,140
300929.XSHE,2025-08-21,2026-01-05,2500,11.830000,10.760000,-2675.000000,-0.090448,137
300929.XSHE,2025-08-26,2026-01-05,2700,11.460000,10.760000,-1890.000000,-0.061082,132
300929.XSHE,2025-08-29,2026-01-05,2400,10.850000,10.760000,-216.000000,-0.008295,129
300929.XSHE,2025-09-03,2026-01-05,700,10.800000,10.760000,-28.000000,-0.003704,124
300929.XSHE,2025-09-08,2026-01-05,100,10.840000,10.760000,-8.000000,-0.007380,119
300929.XSHE,2025-09-16,2026-01-05,500,11.030000,10.760000,-135.000000,-0.024479,111
300929.XSHE,2025-09-19,2026-01-05,1700,10.750000,10.760000,17.000000,0.000930,108
300929.XSHE,2025-10-10,2026-01-05,9400,10.680000,10.760000,752.000000,0.007491,87
300929.XSHE,2025-10-20,2026-01-05,500,10.960000,10.760000,-100.000000,-0.018248,77
300929.XSHE,2025-10-28,2026-01-05,4000,11.240000,10.760000,-1920.000000,-0.042705,69
300929.XSHE,2025-10-28,2026-01-05,700,11.240000,10.760000,-336.000000,-0.042705,69
300929.XSHE,2025-10-31,2026-01-05,1200,11.040000,10.760000,-336.000000,-0.025362,66
300929.XSHE,2025-11-13,2026-01-05,700,12.080000,10.760000,-924.000000,-0.109272,53
300929.XSHE,2025-11-26,2026-01-05,2600,11.540000,10.760000,-2028.000000,-0.067591,40
300929.XSHE,2025-12-01,2026-01-05,500,11.650000,10.760000,-445.000000,-0.076395,35
300929.XSHE,2025-12-09,2026-01-05,200,11.520000,10.760000,-152.000000,-0.065972,27
300929.XSHE,2025-12-17,2026-01-05,2700,10.390000,10.760000,999.000000,0.035611,19
300929.XSHE,2025-12-25,2026-01-05,1800,10.870000,10.760000,-198.000000,-0.010120,11
300929.XSHE,2025-12-30,2026-01-05,200,10.750000,10.760000,2.000000,0.000930,6
300929.XSHE,2025-12-30,2026-01-05,1200,10.750000,10.760000,12.000000,0.000930,6
600768.XSHG,2025-05-23,2026-01-05,5700,10.590000,14.000000,19437.000000,0.322002,227
600768.XSHG,2025-05-28,2026-01-05,1900,10.490000,14.000000,6669.000000,0.334604,222
600768.XSHG,2025-06-03,2026-01-05,1200,10.330000,14.000000,4404.000000,0.355276,216
600768.XSHG,2025-06-11,2026-01-05,400,10.900000,14.000000,1240.000000,0.284404,208
600768.XSHG,2025-06-11,2026-01-05,300,10.900000,14.000000,930.000000,0.284404,208
600768.XSHG,2025-06-19,2026-01-05,1700,10.700000,14.000000,5610.000000,0.308411,200
600768.XSHG,2025-06-27,2026-01-05,700,11.130000,14.000000,2009.000000,0.257862,192
600768.XSHG,2025-07-02,2026-01-05,3600,11.450000,14.000000,9180.000000,0.222707,187
600768.XSHG,2025-07-18,2026-01-05,300,11.960000,14.000000,612.000000,0.170569,171
600768.XSHG,2025-07-31,2026-01-05,3600,12.470000,14.000000,5508.000000,0.122694,158
600768.XSHG,2025-08-13,2026-01-05,300,13.130000,14.000000,261.000000,0.066260,145
600768.XSHG,2025-08-18,2026-01-05,18400,12.790000,14.000000,22264.000000,0.094605,140
600768.XSHG,2025-08-21,2026-01-05,2300,12.960000,14.000000,2392.000000,0.080247,137
600768.XSHG,2025-08-21,2026-01-05,1400,12.960000,14.000000,1456.000000,0.080247,137
600768.XSHG,2025-08-29,2026-01-05,500,12.260000,14.000000,870.000000,0.141925,129
600768.XSHG,2025-08-29,2026-01-05,1200,12.260000,14.000000,2088.000000,0.141925,129
600768.XSHG,2025-09-08,2026-01-05,500,12.410000,14.000000,795.000000,0.128122,119
600768.XSHG,2025-09-11,2026-01-05,400,12.560000,14.000000,576.000000,0.114650,116
600768.XSHG,2025-09-19,2026-01-05,2900,12.110000,14.000000,5481.000000,0.156069,108
600768.XSHG,2025-10-10,2026-01-05,6900,12.320000,14.000000,11592.000000,0.136364,87
600768.XSHG,2025-10-20,2026-01-05,100,12.450000,14.000000,155.000000,0.124498,77
600768.XSHG,2025-11-05,2026-01-05,400,13.450000,14.000000,220.000000,0.040892,61
600768.XSHG,2025-11-05,2026-01-05,1200,13.450000,14.000000,660.000000,0.040892,61
600768.XSHG,2025-11-10,2026-01-05,1800,13.790000,14.000000,378.000000,0.015228,56
600768.XSHG,2025-11-13,2026-01-05,2200,13.670000,14.000000,726.000000,0.024140,53
600768.XSHG,2025-11-18,2026-01-05,900,13.880000,14.000000,108.000000,0.008646,48
600768.XSHG,2025-11-21,2026-01-05,1600,12.820000,14.000000,1888.000000,0.092044,45
600768.XSHG,2025-11-21,2026-01-05,600,12.820000,14.000000,708.000000,0.092044,45
600768.XSHG,2025-12-09,2026-01-05,1700,13.720000,14.000000,476.000000,0.020408,27
600768.XSHG,2025-12-17,2026-01-05,400,12.630000,14.000000,548.000000,0.108472,19
600768.XSHG,2025-12-22,2026-01-05,700,13.320000,14.000000,476.000000,0.051051,14
002193.XSHE,2025-05-12,2026-01-05,24400,5.580000,5.310000,-6588.000000,-0.048387,238
002193.XSHE,2025-05-15,2026-01-05,33600,5.680000,5.310000,-12432.000000,-0.065141,235
002193.XSHE,2025-05-20,2026-01-05,36000,5.780000,5.310000,-16920.000000,-0.081315,230
002193.XSHE,2025-05-23,2026-01-05,37200,5.660000,5.310000,-13020.000000,-0.061837,227
002193.XSHE,2025-05-28,2026-01-05,700,5.700000,5.310000,-273.000000,-0.068421,222
002193.XSHE,2025-06-03,2026-01-05,1900,5.620000,5.310000,-589.000000,-0.055160,216
002193.XSHE,2025-06-06,2026-01-05,700,5.720000,5.310000,-287.000000,-0.071678,213
002193.XSHE,2025-06-06,2026-01-05,800,5.720000,5.310000,-328.000000,-0.071678,213
002193.XSHE,2025-06-16,2026-01-05,4300,5.630000,5.310000,-1376.000000,-0.056838,203
002193.XSHE,2025-06-19,2026-01-05,2100,5.580000,5.310000,-567.000000,-0.048387,200
002193.XSHE,2025-07-02,2026-01-05,5600,6.180000,5.310000,-4872.000000,-0.140777,187
002193.XSHE,2025-07-10,2026-01-05,100,6.150000,5.310000,-84.000000,-0.136585,179
002193.XSHE,2025-07-23,2026-01-05,2700,6.320000,5.310000,-2727.000000,-0.159810,166
002193.XSHE,2025-07-31,2026-01-05,4500,6.350000,5.310000,-4680.000000,-0.163780,158
002193.XSHE,2025-08-05,2026-01-05,1300,6.420000,5.310000,-1443.000000,-0.172897,153
002193.XSHE,2025-08-08,2026-01-05,2700,6.420000,5.310000,-2997.000000,-0.172897,150
002193.XSHE,2025-08-13,2026-01-05,3600,6.430000,5.310000,-4032.000000,-0.174184,145
002193.XSHE,2025-08-18,2026-01-05,2200,6.050000,5.310000,-1628.000000,-0.122314,140
002193.XSHE,2025-08-18,2026-01-05,2000,6.050000,5.310000,-1480.000000,-0.122314,140
002193.XSHE,2025-08-26,2026-01-05,700,6.250000,5.310000,-658.000000,-0.150400,132
002193.XSHE,2025-08-26,2026-01-05,2000,6.250000,5.310000,-1880.000000,-0.150400,132
002193.XSHE,2025-08-29,2026-01-05,7300,5.840000,5.310000,-3869.000000,-0.090753,129
002193.XSHE,2025-09-11,2026-01-05,900,6.070000,5.310000,-684.000000,-0.125206,116
002193.XSHE,2025-09-16,2026-01-05,5300,5.940000,5.310000,-3339.000000,-0.106061,111
002193.XSHE,2025-09-19,2026-01-05,3100,5.790000,5.310000,-1488.000000,-0.082902,108
002193.XSHE,2025-09-24,2026-01-05,1800,5.510000,5.310000,-360.000000,-0.036298,103
002193.XSHE,2025-10-10,2026-01-05,5900,5.740000,5.310000,-2537.000000,-0.074913,87
002193.XSHE,2025-10-28,2026-01-05,1800,5.480000,5.310000,-306.000000,-0.031022,69
002193.XSHE,2025-10-28,2026-01-05,4900,5.480000,5.310000,-833.000000,-0.031022,69
002193.XSHE,2025-10-31,2026-01-05,1200,5.400000,5.310000,-108.000000,-0.016667,66
002193.XSHE,2025-11-05,2026-01-05,100,5.850000,5.310000,-54.000000,-0.092308,61
002193.XSHE,2025-11-05,2026-01-05,41100,5.850000,5.310000,-22194.000000,-0.092308,61
002193.XSHE,2025-11-10,2026-01-05,3000,6.020000,5.310000,-2130.000000,-0.117940,56
002193.XSHE,2025-12-01,2026-01-05,700,6.170000,5.310000,-602.000000,-0.139384,35
002193.XSHE,2025-12-01,2026-01-05,6000,6.170000,5.310000,-5160.000000,-0.139384,35
002193.XSHE,2025-12-04,2026-01-05,2200,6.000000,5.310000,-1518.000000,-0.115000,32
002193.XSHE,2025-12-09,2026-01-05,100,6.030000,5.310000,-72.000000,-0.119403,27
002193.XSHE,2025-12-09,2026-01-05,1200,6.030000,5.310000,-864.000000,-0.119403,27
002193.XSHE,2025-12-12,2026-01-05,4100,5.520000,5.310000,-861.000000,-0.038043,24
002193.XSHE,2025-12-22,2026-01-05,100,5.700000,5.310000,-39.000000,-0.068421,14
002193.XSHE,2025-12-22,2026-01-05,100,5.700000,5.310000,-39.000000,-0.068421,14
002193.XSHE,2025-12-25,2026-01-05,13700,5.400000,5.310000,-1233.000000,-0.016667,11
002193.XSHE,2025-12-30,2026-01-05,1300,5.370000,5.310000,-78.000000,-0.011173,6
603729.XSHG,2025-05-12,2026-01-05,800,15.600000,16.090000,392.000000,0.031410,238
603729.XSHG,2025-05-15,2026-01-05,13200,15.350000,16.090000,9768.000000,0.048208,235
603729.XSHG,2025-05-20,2026-01-05,12900,15.790000,16.090000,3870.000000,0.018999,230
603729.XSHG,2025-05-23,2026-01-05,12300,15.800000,16.090000,3567.000000,0.018354,227
603729.XSHG,2025-05-28,2026-01-05,13000,15.920000,16.090000,2210.000000,0.010678,222
603729.XSHG,2025-06-16,2026-01-05,100,16.470000,16.090000,-38.000000,-0.023072,203
603729.XSHG,2025-06-19,2026-01-05,600,16.340000,16.090000,-150.000000,-0.015300,200
603729.XSHG,2025-06-24,2026-01-05,700,16.200000,16.090000,-77.000000,-0.006790,195
603729.XSHG,2025-06-27,2026-01-05,800,16.700000,16.090000,-488.000000,-0.036527,192
603729.XSHG,2025-07-02,2026-01-05,3000,17.010000,16.090000,-2760.000000,-0.054086,187
603729.XSHG,2025-07-10,2026-01-05,400,17.220000,16.090000,-452.000000,-0.065621,179
603729.XSHG,2025-07-15,2026-01-05,1100,16.970000,16.090000,-968.000000,-0.051856,174
603729.XSHG,2025-07-23,2026-01-05,1500,17.310000,16.090000,-1830.000000,-0.070479,166
603729.XSHG,2025-07-31,2026-01-05,1500,17.320000,16.090000,-1845.000000,-0.071016,158
603729.XSHG,2025-08-13,2026-01-05,1000,17.960000,16.090000,-1870.000000,-0.104120,145
603729.XSHG,2025-08-21,2026-01-05,300,18.240000,16.090000,-645.000000,-0.117873,137
603729.XSHG,2025-08-21,2026-01-05,500,18.240000,16.090000,-1075.000000,-0.117873,137
603729.XSHG,2025-08-29,2026-01-05,2200,16.980000,16.090000,-1958.000000,-0.052415,129
603729.XSHG,2025-09-08,2026-01-05,500,17.100000,16.090000,-505.000000,-0.059064,119
603729.XSHG,2025-09-16,2026-01-05,1300,17.240000,16.090000,-1495.000000,-0.066705,111
603729.XSHG,2025-09-19,2026-01-05,300,16.970000,16.090000,-264.000000,-0.051856,108
603729.XSHG,2025-09-24,2026-01-05,900,16.100000,16.090000,-9.000000,-0.000621,103
603729.XSHG,2025-10-15,2026-01-05,6900,16.670000,16.090000,-4002.000000,-0.034793,82
603729.XSHG,2025-10-20,2026-01-05,700,16.540000,16.090000,-315.000000,-0.027207,77
603729.XSHG,2025-10-23,2026-01-05,200,17.150000,16.090000,-212.000000,-0.061808,74
603729.XSHG,2025-10-28,2026-01-05,400,17.480000,16.090000,-556.000000,-0.079519,69
603729.XSHG,2025-10-31,2026-01-05,3600,16.600000,16.090000,-1836.000000,-0.030723,66
603729.XSHG,2025-11-10,2026-01-05,2400,18.100000,16.090000,-4824.000000,-0.111050,56
603729.XSHG,2025-11-13,2026-01-05,2000,17.890000,16.090000,-3600.000000,-0.100615,53
603729.XSHG,2025-12-01,2026-01-05,700,18.020000,16.090000,-1351.000000,-0.107103,35
603729.XSHG,2025-12-04,2026-01-05,3500,17.020000,16.090000,-3255.000000,-0.054642,32
603729.XSHG,2025-12-09,2026-01-05,900,17.020000,16.090000,-837.000000,-0.054642,27
603729.XSHG,2025-12-25,2026-01-05,900,16.220000,16.090000,-117.000000,-0.008015,11
603729.XSHG,2025-12-30,2026-01-05,1600,15.920000,16.090000,272.000000,0.010678,6
002719.XSHE,2025-07-02,2026-01-05,44000,9.110000,8.530000,-25520.000000,-0.063666,187
002719.XSHE,2025-07-07,2026-01-05,5500,9.030000,8.530000,-2750.000000,-0.055371,182
002719.XSHE,2025-07-10,2026-01-05,1100,9.200000,8.530000,-737.000000,-0.072826,179
002719.XSHE,2025-07-15,2026-01-05,1800,9.100000,8.530000,-1026.000000,-0.062637,174
002719.XSHE,2025-07-23,2026-01-05,5400,9.340000,8.530000,-4374.000000,-0.086724,166
002719.XSHE,2025-07-31,2026-01-05,500,9.570000,8.530000,-520.000000,-0.108673,158
002719.XSHE,2025-08-05,2026-01-05,2900,9.520000,8.530000,-2871.000000,-0.103992,153
002719.XSHE,2025-08-18,2026-01-05,1800,9.580000,8.530000,-1890.000000,-0.109603,140
002719.XSHE,2025-08-21,2026-01-05,1100,9.990000,8.530000,-1606.000000,-0.146146,137
002719.XSHE,2025-09-03,2026-01-05,200,9.580000,8.530000,-210.000000,-0.109603,124
002719.XSHE,2025-09-08,2026-01-05,1000,9.530000,8.530000,-1000.000000,-0.104932,119
002719.XSHE,2025-09-16,2026-01-05,1500,9.580000,8.530000,-1575.000000,-0.109603,111
002719.XSHE,2025-09-19,2026-01-05,23500,9.210000,8.530000,-15980.000000,-0.073833,108
002719.XSHE,2025-09-19,2026-01-05,6500,9.210000,8.530000,-4420.000000,-0.073833,108
002719.XSHE,2025-09-24,2026-01-05,2400,8.650000,8.530000,-288.000000,-0.013873,103
002719.XSHE,2025-10-15,2026-01-05,30100,9.650000,8.530000,-33712.000000,-0.116062,82
002719.XSHE,2025-10-23,2026-01-05,300,9.950000,8.530000,-426.000000,-0.142714,74
002719.XSHE,2025-10-23,2026-01-05,2500,9.950000,8.530000,-3550.000000,-0.142714,74
002719.XSHE,2025-10-28,2026-01-05,8500,9.620000,8.530000,-9265.000000,-0.113306,69
002719.XSHE,2025-10-31,2026-01-05,5000,9.230000,8.530000,-3500.000000,-0.075840,66
002719.XSHE,2025-11-05,2026-01-05,600,9.490000,8.530000,-576.000000,-0.101159,61
002719.XSHE,2025-11-10,2026-01-05,500,9.850000,8.530000,-660.000000,-0.134010,56
002719.XSHE,2025-11-18,2026-01-05,900,10.350000,8.530000,-1638.000000,-0.175845,48
002719.XSHE,2025-11-21,2026-01-05,4000,9.410000,8.530000,-3520.000000,-0.093518,45
002719.XSHE,2025-11-21,2026-01-05,1500,9.410000,8.530000,-1320.000000,-0.093518,45
002719.XSHE,2025-11-26,2026-01-05,1000,9.430000,8.530000,-900.000000,-0.095440,40
002719.XSHE,2025-12-04,2026-01-05,1200,9.410000,8.530000,-1056.000000,-0.093518,32
002719.XSHE,2025-12-04,2026-01-05,300,9.410000,8.530000,-264.000000,-0.093518,32
002719.XSHE,2025-12-12,2026-01-05,4300,8.650000,8.530000,-516.000000,-0.013873,24
002719.XSHE,2025-12-12,2026-01-05,1100,8.650000,8.530000,-132.000000,-0.013873,24
002719.XSHE,2025-12-25,2026-01-05,7100,8.790000,8.530000,-1846.000000,-0.029579,11
002719.XSHE,2025-12-30,2026-01-05,1600,8.700000,8.530000,-272.000000,-0.019540,6
600455.XSHG,2025-08-21,2026-01-05,5000,28.200000,25.830000,-11850.000000,-0.084043,137
600455.XSHG,2025-08-26,2026-01-05,9300,28.060000,25.830000,-20739.000000,-0.079473,132
600455.XSHG,2025-08-29,2026-01-05,200,26.830000,25.830000,-200.000000,-0.037272,129
600455.XSHG,2025-09-03,2026-01-05,9700,26.570000,25.830000,-7178.000000,-0.027851,124
600455.XSHG,2025-09-16,2026-01-05,300,26.880000,25.830000,-315.000000,-0.039062,111
600455.XSHG,2025-09-19,2026-01-05,10000,26.270000,25.830000,-4400.000000,-0.016749,108
600455.XSHG,2025-10-15,2026-01-05,15500,25.850000,25.830000,-310.000000,-0.000774,82
600455.XSHG,2025-10-28,2026-01-05,200,28.250000,25.830000,-484.000000,-0.085664,69
600455.XSHG,2025-10-31,2026-01-05,300,27.810000,25.830000,-594.000000,-0.071197,66
600455.XSHG,2025-11-05,2026-01-05,1300,28.010000,25.830000,-2834.000000,-0.077829,61
600455.XSHG,2025-11-10,2026-01-05,1600,28.320000,25.830000,-3984.000000,-0.087924,56
600455.XSHG,2025-11-13,2026-01-05,800,28.250000,25.830000,-1936.000000,-0.085664,53
600455.XSHG,2025-11-18,2026-01-05,600,28.570000,25.830000,-1644.000000,-0.095905,48
600455.XSHG,2025-11-21,2026-01-05,200,26.800000,25.830000,-194.000000,-0.036194,45
600455.XSHG,2025-11-26,2026-01-05,400,26.830000,25.830000,-400.000000,-0.037272,40
600455.XSHG,2025-12-04,2026-01-05,700,26.610000,25.830000,-546.000000,-0.029312,32
600455.XSHG,2025-12-22,2026-01-05,300,26.240000,25.830000,-123.000000,-0.015625,14
600455.XSHG,2025-12-25,2026-01-05,600,25.920000,25.830000,-54.000000,-0.003472,11
600455.XSHG,2025-12-30,2026-01-05,100,25.870000,25.830000,-4.000000,-0.001546,6
300594.XSHE,2025-09-11,2026-01-05,9100,18.030000,19.590000,14196.000000,0.086522,116
300594.XSHE,2025-09-16,2026-01-05,14800,17.960000,19.590000,24124.000000,0.090757,111
300594.XSHE,2025-10-15,2026-01-05,8700,17.630000,19.590000,17052.000000,0.111174,82
300594.XSHE,2025-10-20,2026-01-05,900,17.440000,19.590000,1935.000000,0.123280,77
300594.XSHE,2025-10-28,2026-01-05,300,18.680000,19.590000,273.000000,0.048715,69
300594.XSHE,2025-10-31,2026-01-05,1500,18.170000,19.590000,2130.000000,0.078151,66
300594.XSHE,2025-11-05,2026-01-05,1500,18.420000,19.590000,1755.000000,0.063518,61
300594.XSHE,2025-11-13,2026-01-05,3800,18.920000,19.590000,2546.000000,0.035412,53
300594.XSHE,2025-11-18,2026-01-05,500,19.240000,19.590000,175.000000,0.018191,48
300594.XSHE,2025-12-01,2026-01-05,600,18.480000,19.590000,666.000000,0.060065,35
300594.XSHE,2025-12-04,2026-01-05,600,17.990000,19.590000,960.000000,0.088938,32
300594.XSHE,2025-12-09,2026-01-05,1100,17.840000,19.590000,1925.000000,0.098094,27
300594.XSHE,2025-12-09,2026-01-05,500,17.840000,19.590000,875.000000,0.098094,27
300594.XSHE,2025-12-12,2026-01-05,100,16.480000,19.590000,311.000000,0.188714,24
300594.XSHE,2025-12-12,2026-01-05,500,16.480000,19.590000,1555.000000,0.188714,24
301098.XSHE,2025-09-03,2026-01-05,17400,9.050000,8.600000,-7830.000000,-0.049724,124
301098.XSHE,2025-09-08,2026-01-05,28200,9.020000,8.600000,-11844.000000,-0.046563,119
301098.XSHE,2025-09-11,2026-01-05,28200,9.150000,8.600000,-15510.000000,-0.060109,116
301098.XSHE,2025-09-16,2026-01-05,29100,9.090000,8.600000,-14259.000000,-0.053905,111
301098.XSHE,2025-09-19,2026-01-05,29700,8.900000,8.600000,-8910.000000,-0.033708,108
301098.XSHE,2025-10-15,2026-01-05,10400,9.030000,8.600000,-4472.000000,-0.047619,82
301098.XSHE,2025-10-23,2026-01-05,1100,9.380000,8.600000,-858.000000,-0.083156,74
301098.XSHE,2025-10-28,2026-01-05,4000,9.350000,8.600000,-3000.000000,-0.080214,69
301098.XSHE,2025-10-31,2026-01-05,4800,8.990000,8.600000,-1872.000000,-0.043382,66
301098.XSHE,2025-11-10,2026-01-05,2000,9.650000,8.600000,-2100.000000,-0.108808,56
301098.XSHE,2025-11-13,2026-01-05,2600,9.600000,8.600000,-2600.000000,-0.104167,53
301098.XSHE,2025-11-18,2026-01-05,700,9.780000,8.600000,-826.000000,-0.120654,48
301098.XSHE,2025-11-26,2026-01-05,3300,9.120000,8.600000,-1716.000000,-0.057018,40
301098.XSHE,2025-12-12,2026-01-05,100,8.610000,8.600000,-1.000000,-0.001161,24
301098.XSHE,2025-12-12,2026-01-05,4200,8.610000,8.600000,-42.000000,-0.001161,24
301098.XSHE,2025-12-17,2026-01-05,900,8.330000,8.600000,243.000000,0.032413,19
301098.XSHE,2025-12-22,2026-01-05,3100,8.690000,8.600000,-279.000000,-0.010357,14
301098.XSHE,2025-12-30,2026-01-05,700,8.660000,8.600000,-42.000000,-0.006928,6
002883.XSHE,2025-11-13,2026-01-05,24700,12.080000,10.950000,-27911.000000,-0.093543,53
002883.XSHE,2025-11-18,2026-01-05,27900,12.160000,10.950000,-33759.000000,-0.099507,48
002883.XSHE,2025-12-09,2026-01-05,400,11.630000,10.950000,-272.000000,-0.058469,27
002883.XSHE,2025-12-12,2026-01-05,24700,11.030000,10.950000,-1976.000000,-0.007253,24
002883.XSHE,2025-12-17,2026-01-05,7700,10.620000,10.950000,2541.000000,0.031073,19
002883.XSHE,2025-12-17,2026-01-05,19400,10.620000,10.950000,6402.000000,0.031073,19
002883.XSHE,2025-12-22,2026-01-05,2900,11.130000,10.950000,-522.000000,-0.016173,14
002883.XSHE,2025-12-22,2026-01-05,25400,11.130000,10.950000,-4572.000000,-0.016173,14
002883.XSHE,2025-12-25,2026-01-05,1400,10.990000,10.950000,-56.000000,-0.003640,11
300854.XSHE,2025-11-21,2026-01-05,11600,18.180000,16.980000,-13920.000000,-0.066007,45
300854.XSHE,2025-11-26,2026-01-05,17800,17.820000,16.980000,-14952.000000,-0.047138,40
300854.XSHE,2025-12-01,2026-01-05,17100,18.120000,16.980000,-19494.000000,-0.062914,35
300854.XSHE,2025-12-04,2026-01-05,18900,17.330000,16.980000,-6615.000000,-0.020196,32
300854.XSHE,2025-12-09,2026-01-05,17000,17.630000,16.980000,-11050.000000,-0.036869,27
300854.XSHE,2025-12-12,2026-01-05,300,16.350000,16.980000,189.000000,0.038532,24
300854.XSHE,2025-12-17,2026-01-05,1200,15.690000,16.980000,1548.000000,0.082218,19
300854.XSHE,2025-12-25,2026-01-05,600,16.510000,16.980000,282.000000,0.028468,11
301372.XSHE,2025-12-25,2026-01-05,11700,25.210000,25.370000,1872.000000,0.006347,11
301372.XSHE,2025-12-30,2026-01-05,11300,25.690000,25.370000,-3616.000000,-0.012456,6
600543.XSHG,2025-12-25,2026-01-05,53800,5.490000,5.350000,-7532.000000,-0.025501,11
600543.XSHG,2025-12-30,2026-01-05,55400,5.410000,5.350000,-3324.000000,-0.011091,6
511880.XSHG,2026-01-05,2026-02-02,146600,100.065000,100.135000,10262.000000,0.000700,28
300665.XSHE,2026-02-03,2026-02-06,500,8.610000,8.800000,95.000000,0.022067,3
603880.XSHG,2026-02-06,2026-02-11,1000,6.540000,6.780000,240.000000,0.036697,5
300417.XSHE,2026-02-03,2026-02-24,1400,13.640000,14.530000,1246.000000,0.065249,21
603880.XSHG,2026-02-06,2026-02-24,600,6.540000,6.800000,156.000000,0.039755,18
300417.XSHE,2026-02-03,2026-02-27,800,13.640000,14.740000,880.000000,0.080645,24
300929.XSHE,2026-02-03,2026-03-04,1200,11.880000,11.800000,-96.000000,-0.006734,29
002883.XSHE,2026-02-03,2026-03-04,200,10.550000,9.980000,-114.000000,-0.054028,29
600543.XSHG,2026-02-03,2026-03-04,6300,5.220000,5.100000,-756.000000,-0.022989,29
002193.XSHE,2026-02-03,2026-03-04,3000,6.580000,6.220000,-1080.000000,-0.054711,29
600455.XSHG,2026-02-03,2026-03-04,700,28.820000,27.470000,-945.000000,-0.046842,29
300417.XSHE,2026-02-03,2026-03-04,19300,13.640000,13.410000,-4439.000000,-0.016862,29
300417.XSHE,2026-02-06,2026-03-04,200,13.850000,13.410000,-88.000000,-0.031769,26
603880.XSHG,2026-02-06,2026-03-04,400,6.540000,6.260000,-112.000000,-0.042813,26
300929.XSHE,2026-02-03,2026-03-09,100,11.880000,12.340000,46.000000,0.038721,34
002719.XSHE,2026-02-03,2026-03-09,2000,9.300000,9.530000,460.000000,0.024731,34
301098.XSHE,2026-02-03,2026-03-09,2100,9.430000,9.330000,-210.000000,-0.010604,34
300417.XSHE,2026-02-06,2026-03-09,20400,13.850000,14.040000,3876.000000,0.013718,31
300621.XSHE,2026-02-03,2026-03-09,2500,8.860000,8.930000,175.000000,0.007901,34
603880.XSHG,2026-02-06,2026-03-09,43100,6.540000,6.760000,9482.000000,0.033639,31
603880.XSHG,2026-02-27,2026-03-09,500,6.710000,6.760000,25.000000,0.007452,10
300929.XSHE,2026-02-03,2026-03-12,1300,11.880000,12.800000,1196.000000,0.077441,37
600543.XSHG,2026-02-03,2026-03-12,900,5.220000,5.480000,234.000000,0.049808,37
300417.XSHE,2026-02-06,2026-03-12,500,13.850000,14.490000,320.000000,0.046209,34
300417.XSHE,2026-02-11,2026-03-12,19900,14.320000,14.490000,3383.000000,0.011872,29
300621.XSHE,2026-02-03,2026-03-12,3100,8.860000,9.340000,1488.000000,0.054176,37
300929.XSHE,2026-02-03,2026-03-17,900,11.880000,12.680000,720.000000,0.067340,42
002883.XSHE,2026-02-03,2026-03-17,400,10.550000,10.250000,-120.000000,-0.028436,42
301098.XSHE,2026-02-03,2026-03-17,100,9.430000,9.300000,-13.000000,-0.013786,42
300621.XSHE,2026-02-03,2026-03-17,27500,8.860000,9.230000,10175.000000,0.041761,42
300621.XSHE,2026-02-06,2026-03-17,4500,9.170000,9.230000,270.000000,0.006543,39
300665.XSHE,2026-02-03,2026-03-17,1200,8.610000,8.150000,-552.000000,-0.053426,42
603729.XSHG,2026-02-24,2026-03-17,800,18.830000,18.380000,-360.000000,-0.023898,21
300929.XSHE,2026-02-03,2026-03-20,1500,11.880000,12.480000,900.000000,0.050505,45
002719.XSHE,2026-02-03,2026-03-20,1100,9.300000,9.300000,0.000000,0.000000,45
002193.XSHE,2026-02-03,2026-03-20,8500,6.580000,6.420000,-1360.000000,-0.024316,45
301098.XSHE,2026-02-03,2026-03-20,500,9.430000,9.060000,-185.000000,-0.039236,45
300621.XSHE,2026-02-06,2026-03-20,26700,9.170000,8.870000,-8010.000000,-0.032715,42
300621.XSHE,2026-02-11,2026-03-20,3400,9.400000,8.870000,-1802.000000,-0.056383,37
603729.XSHG,2026-02-24,2026-03-20,600,18.830000,17.990000,-504.000000,-0.044610,24
300929.XSHE,2026-02-03,2026-03-25,700,11.880000,12.000000,84.000000,0.010101,50
002719.XSHE,2026-02-03,2026-03-25,500,9.300000,8.920000,-190.000000,-0.040860,50
002883.XSHE,2026-02-03,2026-03-25,2100,10.550000,9.600000,-1995.000000,-0.090047,50
002193.XSHE,2026-02-03,2026-03-25,2200,6.580000,6.200000,-836.000000,-0.057751,50
300621.XSHE,2026-02-11,2026-03-25,27500,9.400000,8.170000,-33825.000000,-0.130851,42
300621.XSHE,2026-02-24,2026-03-25,1600,9.340000,8.170000,-1872.000000,-0.125268,29
300665.XSHE,2026-02-03,2026-03-25,900,8.610000,7.420000,-1071.000000,-0.138211,50
300635.XSHE,2026-03-17,2026-03-25,2800,13.540000,13.320000,-616.000000,-0.016248,8
300929.XSHE,2026-02-03,2026-03-30,19000,11.880000,13.010000,21470.000000,0.095118,55
300929.XSHE,2026-02-06,2026-03-30,9300,12.180000,13.010000,7719.000000,0.068144,52
600543.XSHG,2026-02-03,2026-03-30,1400,5.220000,4.820000,-560.000000,-0.076628,55
300665.XSHE,2026-02-03,2026-03-30,400,8.610000,7.510000,-440.000000,-0.127758,55
300635.XSHE,2026-03-17,2026-03-30,400,13.540000,13.570000,12.000000,0.002216,13
300929.XSHE,2026-02-06,2026-04-01,14400,12.180000,13.290000,15984.000000,0.091133,54
300929.XSHE,2026-02-11,2026-04-01,23200,12.500000,13.290000,18328.000000,0.063200,49
300929.XSHE,2026-02-24,2026-04-01,23400,12.440000,13.290000,19890.000000,0.068328,36
300929.XSHE,2026-02-27,2026-04-01,21900,12.650000,13.290000,14016.000000,0.050593,33
002719.XSHE,2026-02-03,2026-04-01,27900,9.300000,9.190000,-3069.000000,-0.011828,57
002719.XSHE,2026-02-06,2026-04-01,30300,9.540000,9.190000,-10605.000000,-0.036688,54
002719.XSHE,2026-02-11,2026-04-01,29500,9.800000,9.190000,-17995.000000,-0.062245,49
002719.XSHE,2026-02-24,2026-04-01,33700,9.460000,9.190000,-9099.000000,-0.028541,36
002719.XSHE,2026-02-27,2026-04-01,25700,9.810000,9.190000,-15934.000000,-0.063201,33
002719.XSHE,2026-03-04,2026-04-01,900,9.000000,9.190000,171.000000,0.021111,28
002719.XSHE,2026-03-12,2026-04-01,1600,9.670000,9.190000,-768.000000,-0.049638,20
002719.XSHE,2026-03-30,2026-04-01,500,8.970000,9.190000,110.000000,0.024526,2
002883.XSHE,2026-02-03,2026-04-01,25100,10.550000,9.910000,-16064.000000,-0.060664,57
002883.XSHE,2026-02-06,2026-04-01,27000,10.770000,9.910000,-23220.000000,-0.079851,54
002883.XSHE,2026-02-11,2026-04-01,25900,11.080000,9.910000,-30303.000000,-0.105596,49
002883.XSHE,2026-02-24,2026-04-01,29400,10.740000,9.910000,-24402.000000,-0.077281,36
002883.XSHE,2026-02-27,2026-04-01,26900,10.790000,9.910000,-23672.000000,-0.081557,33
002883.XSHE,2026-03-09,2026-04-01,2000,10.200000,9.910000,-580.000000,-0.028431,23
002883.XSHE,2026-03-12,2026-04-01,1900,10.390000,9.910000,-912.000000,-0.046198,20
002883.XSHE,2026-03-20,2026-04-01,800,9.890000,9.910000,16.000000,0.002022,12
002883.XSHE,2026-03-30,2026-04-01,4100,9.410000,9.910000,2050.000000,0.053135,2
600543.XSHG,2026-02-03,2026-04-01,47600,5.220000,4.990000,-10948.000000,-0.044061,57
600543.XSHG,2026-02-06,2026-04-01,54300,5.340000,4.990000,-19005.000000,-0.065543,54
600543.XSHG,2026-02-11,2026-04-01,52200,5.500000,4.990000,-26622.000000,-0.092727,49
600543.XSHG,2026-02-24,2026-04-01,56200,5.400000,4.990000,-23042.000000,-0.075926,36
600543.XSHG,2026-02-27,2026-04-01,55000,5.400000,4.990000,-22550.000000,-0.075926,33
600543.XSHG,2026-03-09,2026-04-01,100,5.190000,4.990000,-20.000000,-0.038536,23
600543.XSHG,2026-03-09,2026-04-01,100,5.190000,4.990000,-20.000000,-0.038536,23
600543.XSHG,2026-03-17,2026-04-01,3000,5.270000,4.990000,-840.000000,-0.053131,15
600543.XSHG,2026-03-17,2026-04-01,2800,5.270000,4.990000,-784.000000,-0.053131,15
600543.XSHG,2026-03-20,2026-04-01,4400,5.000000,4.990000,-44.000000,-0.002000,12
600543.XSHG,2026-03-20,2026-04-01,2000,5.000000,4.990000,-20.000000,-0.002000,12
600543.XSHG,2026-03-25,2026-04-01,1700,4.750000,4.990000,408.000000,0.050526,7
002193.XSHE,2026-02-03,2026-04-01,30900,6.580000,6.200000,-11742.000000,-0.057751,57
002193.XSHE,2026-02-06,2026-04-01,39500,7.010000,6.200000,-31995.000000,-0.115549,54
002193.XSHE,2026-02-11,2026-04-01,39700,7.230000,6.200000,-40891.000000,-0.142462,49
002193.XSHE,2026-02-24,2026-04-01,46800,6.930000,6.200000,-34164.000000,-0.105339,36
002193.XSHE,2026-02-27,2026-04-01,51800,6.650000,6.200000,-23310.000000,-0.067669,33
002193.XSHE,2026-03-12,2026-04-01,3800,6.550000,6.200000,-1330.000000,-0.053435,20
002193.XSHE,2026-03-17,2026-04-01,2700,6.360000,6.200000,-432.000000,-0.025157,15
002193.XSHE,2026-03-30,2026-04-01,2300,6.190000,6.200000,23.000000,0.001616,2
301098.XSHE,2026-02-03,2026-04-01,28400,9.430000,8.750000,-19312.000000,-0.072110,57
301098.XSHE,2026-02-06,2026-04-01,30800,9.520000,8.750000,-23716.000000,-0.080882,54
301098.XSHE,2026-02-11,2026-04-01,28900,9.850000,8.750000,-31790.000000,-0.111675,49
301098.XSHE,2026-02-24,2026-04-01,29700,9.810000,8.750000,-31482.000000,-0.108053,36
301098.XSHE,2026-02-27,2026-04-01,31600,9.720000,8.750000,-30652.000000,-0.099794,33
301098.XSHE,2026-03-04,2026-04-01,2900,8.800000,8.750000,-145.000000,-0.005682,28
301098.XSHE,2026-03-12,2026-04-01,1800,9.450000,8.750000,-1260.000000,-0.074074,20
301098.XSHE,2026-03-25,2026-04-01,3700,8.450000,8.750000,1110.000000,0.035503,7
301098.XSHE,2026-03-30,2026-04-01,2100,8.420000,8.750000,693.000000,0.039192,2
600455.XSHG,2026-02-03,2026-04-01,9400,28.820000,27.350000,-13818.000000,-0.051006,57
600455.XSHG,2026-02-06,2026-04-01,10200,29.050000,27.350000,-17340.000000,-0.058520,54
600455.XSHG,2026-02-11,2026-04-01,9800,29.680000,27.350000,-22834.000000,-0.078504,49
600455.XSHG,2026-02-24,2026-04-01,9900,29.520000,27.350000,-21483.000000,-0.073509,36
600455.XSHG,2026-02-27,2026-04-01,10400,29.300000,27.350000,-20280.000000,-0.066553,33
600455.XSHG,2026-03-09,2026-04-01,100,28.580000,27.350000,-123.000000,-0.043037,23
600455.XSHG,2026-03-12,2026-04-01,200,29.220000,27.350000,-374.000000,-0.063997,20
600455.XSHG,2026-03-17,2026-04-01,100,28.670000,27.350000,-132.000000,-0.046041,15
600455.XSHG,2026-03-20,2026-04-01,300,27.650000,27.350000,-90.000000,-0.010850,12
600455.XSHG,2026-03-25,2026-04-01,300,26.130000,27.350000,366.000000,0.046690,7
600455.XSHG,2026-03-25,2026-04-01,300,26.130000,27.350000,366.000000,0.046690,7
300621.XSHE,2026-02-24,2026-04-01,29800,9.340000,8.310000,-30694.000000,-0.110278,36
300621.XSHE,2026-02-27,2026-04-01,31700,9.340000,8.310000,-32651.000000,-0.110278,33
300621.XSHE,2026-03-04,2026-04-01,3900,8.410000,8.310000,-390.000000,-0.011891,28
300621.XSHE,2026-03-30,2026-04-01,1100,8.090000,8.310000,242.000000,0.027194,2
300665.XSHE,2026-02-03,2026-04-01,31100,8.610000,7.720000,-27679.000000,-0.103368,57
300665.XSHE,2026-02-11,2026-04-01,33700,8.860000,7.720000,-38418.000000,-0.128668,49
300665.XSHE,2026-02-24,2026-04-01,36600,8.530000,7.720000,-29646.000000,-0.094959,36
300665.XSHE,2026-02-27,2026-04-01,34600,8.540000,7.720000,-28372.000000,-0.096019,33
300665.XSHE,2026-03-04,2026-04-01,1900,7.770000,7.720000,-95.000000,-0.006435,28
300665.XSHE,2026-03-09,2026-04-01,35600,8.100000,7.720000,-13528.000000,-0.046914,23
300665.XSHE,2026-03-12,2026-04-01,1600,8.230000,7.720000,-816.000000,-0.061968,20
300665.XSHE,2026-03-20,2026-04-01,4300,7.720000,7.720000,0.000000,0.000000,12
603729.XSHG,2026-02-24,2026-04-01,14300,18.830000,17.500000,-19019.000000,-0.070632,36
603729.XSHG,2026-02-27,2026-04-01,15900,18.700000,17.500000,-19080.000000,-0.064171,33
603729.XSHG,2026-03-04,2026-04-01,16000,17.120000,17.500000,6080.000000,0.022196,28
603729.XSHG,2026-03-09,2026-04-01,2000,17.980000,17.500000,-960.000000,-0.026696,23
603729.XSHG,2026-03-12,2026-04-01,29400,18.500000,17.500000,-29400.000000,-0.054054,20
603729.XSHG,2026-03-25,2026-04-01,400,17.100000,17.500000,160.000000,0.023392,7
603729.XSHG,2026-03-30,2026-04-01,1300,16.970000,17.500000,689.000000,0.031232,2
300635.XSHE,2026-03-17,2026-04-01,17800,13.540000,14.140000,10680.000000,0.044313,15
300635.XSHE,2026-03-20,2026-04-01,21900,12.990000,14.140000,25185.000000,0.088530,12
300417.XSHE,2026-03-25,2026-04-01,21300,12.480000,12.750000,5751.000000,0.021635,7
300417.XSHE,2026-03-30,2026-04-01,22200,12.360000,12.750000,8658.000000,0.031553,2
511880.XSHG,2026-04-01,2026-05-06,138200,100.308000,100.405000,13405.400000,0.000967,35
300417.XSHE,2026-05-07,2026-05-12,800,14.760000,15.540000,624.000000,0.052846,5
300500.XSHE,2026-05-07,2026-05-12,500,11.880000,12.290000,205.000000,0.034512,5
300665.XSHE,2026-05-07,2026-05-15,3800,8.850000,9.990000,4332.000000,0.128814,8
300405.XSHE,2026-05-07,2026-05-15,400,7.160000,7.280000,48.000000,0.016760,8
300665.XSHE,2026-05-07,2026-05-20,600,8.850000,10.070000,732.000000,0.137853,13
300405.XSHE,2026-05-07,2026-05-20,300,7.160000,7.280000,36.000000,0.016760,13
300605.XSHE,2026-05-15,2026-05-20,500,12.530000,12.840000,155.000000,0.024741,5
300405.XSHE,2026-05-07,2026-05-25,1000,7.160000,7.270000,110.000000,0.015363,18
301098.XSHE,2026-05-07,2026-05-28,28700,9.640000,10.220000,16646.000000,0.060166,21
301098.XSHE,2026-05-12,2026-05-28,900,10.050000,10.220000,153.000000,0.016915,16
600455.XSHG,2026-05-07,2026-05-28,200,28.220000,27.460000,-152.000000,-0.026931,21
300665.XSHE,2026-05-07,2026-05-28,26900,8.850000,9.550000,18830.000000,0.079096,21
300665.XSHE,2026-05-12,2026-05-28,2500,9.330000,9.550000,550.000000,0.023580,16
600697.XSHG,2026-05-07,2026-05-28,300,12.700000,11.320000,-414.000000,-0.108661,21
300405.XSHE,2026-05-07,2026-05-28,37000,7.160000,6.750000,-15170.000000,-0.057263,21
300405.XSHE,2026-05-12,2026-05-28,600,7.220000,6.750000,-282.000000,-0.065097,16
300500.XSHE,2026-05-07,2026-05-28,22800,11.880000,11.240000,-14592.000000,-0.053872,21
300500.XSHE,2026-05-25,2026-05-28,200,11.930000,11.240000,-138.000000,-0.057837,3
