date,gross_value,net_value,cum_cost,daily_trade_value
2020-01-02,1000069.3,995114.0530000001,4955.246999999999,991049.3999999999
2020-01-03,1000415.8,995460.5530000001,4955.246999999999,0.0
2020-01-06,1000455.4,995500.153,4955.246999999999,0.0
2020-01-07,1000574.2,995618.953,4955.246999999999,0.0
2020-01-08,1000693.0,995737.753,4955.246999999999,0.0
2020-01-09,1000742.5,995787.253,4955.246999999999,0.0
2020-01-10,1000940.5,995985.253,4955.246999999999,0.0
2020-01-13,1001019.7,996064.453,4955.246999999999,0.0
2020-01-14,1001168.2000000002,996212.9530000002,4955.246999999999,0.0
2020-01-15,1001247.4,996292.153,4955.246999999999,0.0
2020-01-16,1001267.2,996311.953,4955.246999999999,0.0
2020-01-17,1001633.5,996678.253,4955.246999999999,0.0
2020-01-20,1001524.6,996569.353,4955.246999999999,0.0
2020-01-21,1001643.4,996688.153,4955.246999999999,0.0
2020-01-22,1001940.4,996985.153,4955.246999999999,0.0
2020-01-23,1002821.5,997866.253,4955.246999999999,0.0
2020-02-03,1000327.5,989431.7235,10895.7765,1188105.9
2020-02-04,1005811.5,994915.7235,10895.7765,0.0
2020-02-05,1012309.5,1001413.7235,10895.7765,0.0
2020-02-06,1020243.5,1008341.3985,11902.1015,201265.0
2020-02-07,1027211.5,1015309.3985,11902.1015,0.0
2020-02-10,1035165.5,1023263.3985,11902.1015,0.0
2020-02-11,1026276.3100000004,1013338.3635000004,12937.9465,207169.0
2020-02-12,1034461.3100000004,1021523.3635000004,12937.9465,0.0
2020-02-13,1024253.3100000004,1011315.3635000004,12937.9465,0.0
2020-02-14,1025189.8000000004,1011218.5135000004,13971.2865,206668.0
2020-02-17,1057356.8000000005,1043385.5135000005,13971.2865,0.0
2020-02-18,1079507.8000000005,1065536.5135000006,13971.2865,0.0
2020-02-19,1067033.7300000002,1051977.8535000002,15055.8765,216918.0
2020-02-20,1094919.7300000002,1079863.8535000002,15055.8765,0.0
2020-02-21,1101697.0500000005,1086627.7535000006,15069.2965,2684.0
2020-02-24,1100480.5800000003,1083171.7685000002,17308.8115,447903.0
2020-02-25,1082957.5800000003,1065648.7685000002,17308.8115,0.0
2020-02-26,1077271.5800000003,1059962.7685000002,17308.8115,0.0
2020-02-27,1079879.91,1062326.4285,17553.481499999998,48934.0
2020-02-28,1014735.9100000004,997182.4285000004,17553.481499999998,0.0
2020-03-02,1052887.91,1035334.4284999999,17553.481499999998,0.0
2020-03-03,1058950.41,1040953.0334999999,17997.3765,88779.0
2020-03-04,1079716.4100000004,1061719.0335000004,17997.3765,0.0
2020-03-05,1107302.41,1089305.0335,17997.3765,0.0
2020-03-06,1114446.9300000002,1095995.2035,18451.726499999997,90870.0
2020-03-09,1093408.9300000002,1074957.2035,18451.726499999997,0.0
2020-03-10,1127451.9300000002,1109000.2035,18451.726499999997,0.0
2020-03-11,1150205.4300000002,1131531.2085000002,18674.221499999996,44499.0
2020-03-12,1142974.4300000002,1124300.2085000002,18674.221499999996,0.0
2020-03-13,1138330.1000000003,1119569.2185000004,18760.881499999996,17332.0
2020-03-16,1095676.5000000002,1075850.2235000003,19826.276499999996,213079.0
2020-03-17,1085658.5000000002,1065832.2235000003,19826.276499999996,0.0
2020-03-18,1074078.5000000002,1054252.2235000003,19826.276499999996,0.0
2020-03-19,1098968.64,1078647.6634999998,20320.976499999997,98940.0
2020-03-20,1131292.4000000004,1110910.2085000004,20382.191499999997,12243.0
2020-03-23,1099434.4000000004,1079052.2085000004,20382.191499999997,0.0
2020-03-24,1131527.6800000002,1109900.0735000002,21627.606499999998,249083.0
2020-03-25,1160239.6800000002,1138612.0735000002,21627.606499999998,0.0
2020-03-26,1125978.5400000005,1104300.2135000005,21678.3265,10144.0
2020-03-27,1138955.9600000002,1116328.1785000002,22627.7815,189891.0
2020-03-30,1109320.9000000004,1086667.8385000003,22653.0615,5056.0
2020-03-31,1105729.3300000003,1083008.4385000004,22720.8915,13566.0
2020-04-01,1101413.05,1067793.566,33619.484000000004,2179718.5
2020-04-02,1101423.95,1067804.466,33619.484000000004,0.0
2020-04-03,1101707.35,1068087.8660000002,33619.484000000004,0.0
2020-04-07,1101718.25,1068098.766,33619.484000000004,0.0
2020-04-08,1101805.4500000002,1068185.9660000002,33619.484000000004,0.0
2020-04-09,1101881.75,1068262.266,33619.484000000004,0.0
2020-04-10,1102099.7500000002,1068480.2660000003,33619.484000000004,0.0
2020-04-13,1102154.25,1068534.766,33619.484000000004,0.0
2020-04-14,1102176.05,1068556.566,33619.484000000004,0.0
2020-04-15,1102165.15,1068545.666,33619.484000000004,0.0
2020-04-16,1102208.75,1068589.266,33619.484000000004,0.0
2020-04-17,1102208.75,1068589.266,33619.484000000004,0.0
2020-04-20,1102317.75,1068698.266,33619.484000000004,0.0
2020-04-21,1102448.55,1068829.066,33619.484000000004,0.0
2020-04-22,1102513.9500000002,1068894.4660000002,33619.484000000004,0.0
2020-04-23,1102535.75,1068916.266,33619.484000000004,0.0
2020-04-24,1102677.4500000002,1069057.9660000002,33619.484000000004,0.0
2020-04-27,1102721.05,1069101.566,33619.484000000004,0.0
2020-04-28,1102764.65,1069145.166,33619.484000000004,0.0
2020-04-29,1102622.95,1069003.466,33619.484000000004,0.0
2020-04-30,1102797.35,1069177.8660000002,33619.484000000004,0.0
2020-05-06,1110545.7500000002,1070343.1965000003,40202.5535,1316613.9000000001
2020-05-07,1106388.7500000002,1066186.1965000003,40202.5535,0.0
2020-05-08,1109717.7500000002,1069515.1965000003,40202.5535,0.0
2020-05-11,1106095.7500000002,1064811.1565000003,41284.5935,216408.0
2020-05-12,1103965.7500000002,1062681.1565000003,41284.5935,0.0
2020-05-13,1100782.7500000002,1059498.1565000003,41284.5935,0.0
2020-05-14,1099408.7500000002,1056990.5765000002,42418.173500000004,226716.0
2020-05-15,1097803.7500000002,1055385.5765000002,42418.173500000004,0.0
2020-05-18,1078861.7500000002,1036443.5765000002,42418.173500000004,0.0
2020-05-19,1088173.7500000002,1044635.5165000003,43538.2335,224012.0
2020-05-20,1097791.7500000002,1054253.5165000001,43538.2335,0.0
2020-05-21,1111033.8000000005,1067370.8365000004,43662.963500000005,24946.0
2020-05-22,1100037.9400000002,1055153.5765000002,44884.36350000001,244280.0
2020-05-25,1080708.4500000002,1035726.6215000001,44981.8285,19493.0
2020-05-26,1099845.4500000002,1054863.6215000001,44981.8285,0.0
2020-05-27,1094549.8400000003,1049095.7865000004,45454.0535,94445.0
2020-05-28,1109767.8400000003,1064313.7865000004,45454.0535,0.0
2020-05-29,1129751.87,1084272.9765,45478.8935,4968.0
2020-06-01,1159505.87,1113751.6865,45754.1835,55058.0
2020-06-02,1173281.87,1127527.6865,45754.1835,0.0
2020-06-03,1206862.87,1161108.6865,45754.1835,0.0
2020-06-04,1240860.3600000003,1194517.2165000003,46343.1435,117792.0
2020-06-05,1227087.66,1180190.6715,46896.9885,110769.0
2020-06-08,1204750.66,1157853.6715,46896.9885,0.0
2020-06-09,1227972.3800000004,1180335.5615000003,47636.8185,147966.0
2020-06-10,1222660.85,1174926.3815000001,47734.4685,19530.0
2020-06-11,1211521.85,1163783.8365000002,47738.0135,709.0
2020-06-12,1201350.9800000002,1153060.2215000002,48290.7585,110549.0
2020-06-15,1198264.9800000002,1149974.2215000002,48290.7585,0.0
2020-06-16,1217872.9800000002,1169582.2215000002,48290.7585,0.0
2020-06-17,1230908.8600000003,1181727.9015000004,49180.9585,178040.0
2020-06-18,1219940.8600000003,1170759.9015000004,49180.9585,0.0
2020-06-19,1213320.8600000003,1164139.9015000004,49180.9585,0.0
2020-06-22,1203217.7300000002,1153707.1465000003,49510.5835,65925.0
2020-06-23,1192677.7300000002,1143167.1465000003,49510.5835,0.0
2020-06-24,1186122.7300000002,1136612.1465000003,49510.5835,0.0
2020-06-29,1181924.6800000002,1131922.5615,50002.118500000004,98307.0
2020-06-30,1209943.6800000002,1159941.5615,50002.118500000004,0.0
2020-07-01,1211391.7800000005,1161355.1865000005,50036.5935,6895.0
2020-07-02,1225654.2700000005,1174599.3115000005,51054.9585,203673.0
2020-07-03,1232635.2700000005,1181580.3115000005,51054.9585,0.0
2020-07-06,1276023.2700000005,1224968.3115000005,51054.9585,0.0
2020-07-07,1278105.7800000005,1226429.5915000006,51676.188500000004,124246.0
2020-07-08,1292681.7800000005,1241005.5915000006,51676.188500000004,0.0
2020-07-09,1313212.7800000005,1261536.5915000006,51676.188500000004,0.0
2020-07-10,1296711.7900000005,1244213.5115000005,52498.2785,164418.0
2020-07-13,1328608.7900000005,1276110.5115000005,52498.2785,0.0
2020-07-14,1324241.7900000005,1271743.5115000005,52498.2785,0.0
2020-07-15,1286360.9600000002,1233256.2315000002,53104.7285,121290.0
2020-07-16,1256137.9600000002,1203033.2315000002,53104.7285,0.0
2020-07-17,1248509.9600000002,1195405.2315000002,53104.7285,0.0
2020-07-20,1289954.5500000005,1236534.4315000004,53420.1185,63078.0
2020-07-21,1292677.5500000005,1239257.4315000004,53420.1185,0.0
2020-07-22,1284033.5500000005,1230613.4315000004,53420.1185,0.0
2020-07-23,1286153.7200000002,1232016.3465000002,54137.373499999994,143451.0
2020-07-24,1259130.7200000002,1204993.3465000002,54137.373499999994,0.0
2020-07-27,1258882.7200000002,1204745.3465000002,54137.373499999994,0.0
2020-07-28,1253854.7300000002,1199004.3715000001,54850.358499999995,142597.0
2020-07-29,1270266.7300000002,1215416.3715000001,54850.358499999995,0.0
2020-07-30,1278254.7300000002,1223404.3715000001,54850.358499999995,0.0
2020-07-31,1293739.9700000002,1238020.9065000003,55719.0635,173741.0
2020-08-03,1314668.9700000002,1258949.9065000003,55719.0635,0.0
2020-08-04,1311648.9700000002,1255929.9065000003,55719.0635,0.0
2020-08-05,1332799.4700000002,1276674.9715000002,56124.498499999994,81087.0
2020-08-06,1342063.4800000002,1285934.0515000003,56129.428499999995,986.0
2020-08-07,1321087.4800000002,1264958.0515000003,56129.428499999995,0.0
2020-08-10,1355611.5000000002,1299218.6765000003,56392.82349999999,52679.0
2020-08-11,1330196.5200000005,1273508.3465000005,56688.17349999999,59069.99999999999
2020-08-12,1323352.3400000003,1266653.2615000003,56699.07849999999,2181.0
2020-08-13,1341636.6500000004,1284215.8565000005,57420.793499999985,144343.0
2020-08-14,1354490.41,1297023.4164999998,57466.99349999998,9240.0
2020-08-17,1355029.41,1297562.4164999998,57466.99349999998,0.0
2020-08-18,1364006.7700000005,1306207.8165000004,57798.95349999998,66392.0
2020-08-19,1364571.7700000005,1306772.8165000004,57798.95349999998,0.0
2020-08-20,1338217.39,1280376.5265,57840.863499999985,8382.0
2020-08-21,1347993.6,1289839.7465000001,58153.85349999998,62598.0
2020-08-24,1364693.6,1306539.7465000001,58153.85349999998,0.0
2020-08-25,1375934.6,1317764.0515,58170.54849999998,3339.0
2020-08-26,1345848.8800000004,1287580.9465000003,58267.933499999985,19477.0
2020-08-27,1394179.8800000004,1335911.9465000003,58267.933499999985,0.0
2020-08-28,1383927.8800000004,1325659.9465000003,58267.933499999985,0.0
2020-08-31,1387718.2800000005,1329024.3065000004,58693.973499999986,85208.0
2020-09-01,1409366.2800000005,1350672.3065000004,58693.973499999986,0.0
2020-09-02,1437967.6100000003,1379210.2615000003,58757.348499999986,12674.999999999998
2020-09-03,1433533.1,1373518.8415,60014.25849999999,251382.0
2020-09-04,1449594.1,1389579.8415,60014.25849999999,0.0
2020-09-07,1464144.1,1404129.8415,60014.25849999999,0.0
2020-09-08,1507027.4600000002,1445499.5015000002,61527.958499999986,302740.0
2020-09-09,1481844.2500000002,1420215.2165000003,61629.03349999998,20215.0
2020-09-10,1372872.2500000002,1311243.2165000003,61629.03349999998,0.0
2020-09-11,1376978.29,1314157.7865000002,62820.503499999984,238294.0
2020-09-14,1426673.2900000005,1363852.7865000006,62820.503499999984,0.0
2020-09-15,1446136.8400000003,1382818.8415000003,63317.99849999999,99499.0
2020-09-16,1420589.1300000004,1355681.6365000003,64907.49349999999,317899.0
2020-09-17,1432533.1300000004,1367625.6365000003,64907.49349999999,0.0
2020-09-18,1439770.1300000004,1374862.6365000003,64907.49349999999,0.0
2020-09-21,1426128.1900000002,1360085.8815000001,66042.30849999998,226963.0
2020-09-22,1410279.1900000002,1344236.8815000001,66042.30849999998,0.0
2020-09-23,1425576.1900000002,1359533.8815000001,66042.30849999998,0.0
2020-09-24,1373864.3800000004,1306324.2615000005,67540.11849999998,299562.0
2020-09-25,1367581.3800000004,1300041.2615000005,67540.11849999998,0.0
2020-09-28,1335560.3800000004,1268020.2615000005,67540.11849999998,0.0
2020-09-29,1354615.2300000002,1285886.7115000002,68728.51849999998,237680.0
2020-09-30,1349481.2300000002,1280747.7065000003,68733.52349999998,1001.0
2020-10-09,1396762.2300000002,1328028.7065000003,68733.52349999998,0.0
2020-10-12,1436302.6800000002,1366937.5915,69365.08849999998,126313.0
2020-10-13,1443643.6800000002,1374278.5915,69365.08849999998,0.0
2020-10-14,1431116.6800000002,1361751.5915,69365.08849999998,0.0
2020-10-15,1430355.0600000003,1360269.4915000002,70085.56849999998,144096.0
2020-10-16,1442999.0600000003,1372913.4915000002,70085.56849999998,0.0
2020-10-19,1434750.3000000005,1364402.1815000004,70348.11849999998,52510.0
2020-10-20,1460424.7800000005,1388937.4615000004,71487.31849999998,227840.0
2020-10-21,1431355.7800000005,1359868.4615000004,71487.31849999998,0.0
2020-10-22,1439124.7800000005,1367637.4615000004,71487.31849999998,0.0
2020-10-23,1426727.0400000005,1354527.4465000005,72199.59349999997,142455.0
2020-10-26,1423211.0400000005,1351011.4465000005,72199.59349999997,0.0
2020-10-27,1419610.0400000005,1347410.4465000005,72199.59349999997,0.0
2020-10-28,1419492.5000000002,1346112.5015000002,73379.99849999997,236081.0
2020-10-29,1422120.5000000002,1348740.5015000002,73379.99849999997,0.0
2020-10-30,1372546.5000000002,1299166.5015000002,73379.99849999997,0.0
2020-11-02,1383756.9800000002,1308945.0865000002,74811.89349999998,286379.0
2020-11-03,1412661.9800000002,1337850.0865000002,74811.89349999998,0.0
2020-11-04,1404813.9800000002,1330002.0865000002,74811.89349999998,0.0
2020-11-05,1431163.7200000002,1355119.0765000002,76044.64349999998,246550.0
2020-11-06,1410001.7200000002,1333957.0765000002,76044.64349999998,0.0
2020-11-09,1432933.7200000002,1356889.0765000002,76044.64349999998,0.0
2020-11-10,1424023.8400000003,1347070.4465000003,76953.39349999998,181750.0
2020-11-11,1423640.8400000003,1346687.4465000003,76953.39349999998,0.0
2020-11-12,1432675.0900000003,1355717.9415000004,76957.14849999998,751.0
2020-11-13,1425504.6800000002,1347593.3765000002,77911.30349999998,190831.0
2020-11-16,1436901.6800000002,1358990.3765000002,77911.30349999998,0.0
2020-11-17,1425027.6800000002,1347116.3765000002,77911.30349999998,0.0
2020-11-18,1443929.4400000002,1365397.3465000002,78532.09349999997,124158.0
2020-11-19,1443769.4400000002,1365237.3465000002,78532.09349999997,0.0
2020-11-20,1449681.4400000002,1371149.3465000002,78532.09349999997,0.0
2020-11-23,1465570.0500000005,1386388.6115000006,79181.43849999997,129869.0
2020-11-24,1456118.0500000005,1376936.6115000006,79181.43849999997,0.0
2020-11-25,1432800.0500000005,1353618.6115000006,79181.43849999997,0.0
2020-11-26,1425234.2200000002,1344810.3665000002,80423.85349999997,248483.0
2020-11-27,1434806.2200000002,1354382.3665000002,80423.85349999997,0.0
2020-11-30,1437487.2200000002,1357063.3665000002,80423.85349999997,0.0
2020-12-01,1454358.2000000002,1372971.5815000003,81386.61849999997,192553.0
2020-12-02,1460965.2000000002,1379578.5815000003,81386.61849999997,0.0
2020-12-03,1451899.2000000002,1370512.5815000003,81386.61849999997,0.0
2020-12-04,1464729.6500000004,1382689.6315000004,82040.01849999996,130680.0
2020-12-07,1469235.6500000004,1387195.6315000004,82040.01849999996,0.0
2020-12-08,1463901.6500000004,1381861.6315000004,82040.01849999996,0.0
2020-12-09,1434623.8500000003,1351894.5765000004,82729.27349999997,137851.0
2020-12-10,1436589.85,1353860.5765000002,82729.27349999997,0.0
2020-12-11,1421960.8500000003,1339231.5765000004,82729.27349999997,0.0
2020-12-14,1423329.7200000002,1339266.5665000002,84063.15349999997,266776.0
2020-12-15,1398841.7200000002,1314778.5665000002,84063.15349999997,0.0
2020-12-16,1365757.7200000002,1281694.5665000002,84063.15349999997,0.0
2020-12-17,1384734.1100000003,1299812.1465000003,84921.96349999997,171762.0
2020-12-18,1372020.1100000003,1287098.1465000003,84921.96349999997,0.0
2020-12-21,1380670.1100000003,1295748.1465000003,84921.96349999997,0.0
2020-12-22,1340024.4700000002,1254157.3815000001,85867.08849999997,189025.0
2020-12-23,1336916.4700000002,1251049.3815000001,85867.08849999997,0.0
2020-12-24,1296187.4700000002,1210320.3815000001,85867.08849999997,0.0
2020-12-25,1316447.4500000002,1229749.3465000002,86698.10349999997,166203.0
2020-12-28,1285930.4500000002,1199232.3465000002,86698.10349999997,0.0
2020-12-29,1294648.4500000002,1207950.3465000002,86698.10349999997,0.0
2020-12-30,1299821.3100000003,1212278.0065000004,87543.30349999997,169040.0
2020-12-31,1322993.3100000003,1235450.0065000004,87543.30349999997,0.0
2021-01-04,1318632.0500000007,1217936.7435000008,100695.30649999996,2630400.5999999996
2021-01-05,1318841.6500000006,1218146.3435000007,100695.30649999996,0.0
2021-01-06,1319378.7500000005,1218683.4435000005,100695.30649999996,0.0
2021-01-07,1319666.950000001,1218971.643500001,100695.30649999996,0.0
2021-01-08,1319588.3500000006,1218893.0435000006,100695.30649999996,0.0
2021-01-11,1319509.7500000007,1218814.4435000008,100695.30649999996,0.0
2021-01-12,1319732.4500000004,1219037.1435000005,100695.30649999996,0.0
2021-01-13,1319496.6500000006,1218801.3435000007,100695.30649999996,0.0
2021-01-14,1319483.5500000007,1218788.2435000008,100695.30649999996,0.0
2021-01-15,1319732.4500000004,1219037.1435000005,100695.30649999996,0.0
2021-01-18,1319876.5500000007,1219181.2435000008,100695.30649999996,0.0
2021-01-19,1319837.2500000007,1219141.9435000008,100695.30649999996,0.0
2021-01-20,1319955.1500000006,1219259.8435000007,100695.30649999996,0.0
2021-01-21,1319968.2500000005,1219272.9435000005,100695.30649999996,0.0
2021-01-22,1320269.5500000007,1219574.2435000008,100695.30649999996,0.0
2021-01-25,1320321.950000001,1219626.643500001,100695.30649999996,0.0
2021-01-26,1320361.2500000005,1219665.9435000005,100695.30649999996,0.0
2021-01-27,1320400.5500000005,1219705.2435000006,100695.30649999996,0.0
2021-01-28,1320348.1500000006,1219652.8435000007,100695.30649999996,0.0
2021-01-29,1320741.1500000006,1220045.8435000007,100695.30649999996,0.0
2021-02-01,1320806.6500000006,1213541.0385000007,107265.61149999997,1314061.0
2021-02-02,1318150.6500000006,1209579.9185000006,108570.73149999997,261024.0
2021-02-03,1314352.6500000006,1205781.9185000006,108570.73149999997,0.0
2021-02-04,1305493.6500000006,1196922.9185000006,108570.73149999997,0.0
2021-02-05,1297027.6500000006,1187090.3735000007,109937.27649999996,273309.0
2021-02-08,1291417.6500000006,1181480.3735000007,109937.27649999996,0.0
2021-02-09,1293186.6500000006,1183249.3735000007,109937.27649999996,0.0
2021-02-10,1299454.6500000006,1188190.3135000006,111264.33649999996,265412.0
2021-02-18,1347284.6500000006,1236020.3135000006,111264.33649999996,0.0
2021-02-19,1405896.6500000006,1294632.3135000006,111264.33649999996,0.0
2021-02-22,1462725.0400000005,1350092.8435000004,112632.19649999996,273572.0
2021-02-23,1472282.5300000007,1359532.7885000007,112749.74149999996,23509.0
2021-02-24,1518789.0700000003,1405952.0285000002,112837.04149999996,17460.0
2021-02-25,1513494.7300000004,1399017.8885000006,114476.84149999997,327960.0
2021-02-26,1555216.4400000004,1440628.1585000004,114588.28149999997,22288.0
2021-03-01,1594739.3900000006,1480087.0585000007,114652.33149999997,12810.0
2021-03-02,1544575.6700000006,1428934.5535000006,115641.11649999997,197757.0
2021-03-03,1562235.6700000006,1446594.5535000006,115641.11649999997,0.0
2021-03-04,1565686.6700000006,1450045.5535000006,115641.11649999997,0.0
2021-03-05,1592837.1800000006,1476033.5435000006,116803.63649999998,232504.0
2021-03-08,1597680.1800000006,1480876.5435000006,116803.63649999998,0.0
2021-03-09,1565771.1800000006,1448967.5435000006,116803.63649999998,0.0
2021-03-10,1512910.8800000006,1395167.0035000006,117743.87649999998,188048.0
2021-03-11,1548952.8800000006,1431209.0035000006,117743.87649999998,0.0
2021-03-12,1547689.8800000006,1429946.0035000006,117743.87649999998,0.0
2021-03-15,1564859.8700000006,1445908.1385000006,118951.73149999998,241571.0
2021-03-16,1597583.8700000006,1478632.1385000006,118951.73149999998,0.0
2021-03-17,1612527.8700000006,1493576.1385000006,118951.73149999998,0.0
2021-03-18,1646413.6700000006,1526407.2135000005,120006.45649999999,210945.0
2021-03-19,1663883.970000001,1543678.988500001,120204.98149999998,39705.0
2021-03-22,1664559.2300000004,1544330.5335000004,120228.69649999998,4743.0
2021-03-23,1629827.9800000004,1508863.4785000004,120964.50149999997,147161.0
2021-03-24,1637839.9800000004,1516875.4785000004,120964.50149999997,0.0
2021-03-25,1629309.9800000004,1508340.5585000005,120969.42149999997,984.0
2021-03-26,1655134.2700000005,1533768.3585000006,121365.91149999997,79298.0
2021-03-29,1660924.2700000007,1539558.3585000008,121365.91149999997,0.0
2021-03-30,1601751.2700000005,1480385.3585000006,121365.91149999997,0.0
2021-03-31,1592275.1000000006,1469679.1735000005,122595.92649999997,246003.0
2021-04-01,1590094.5800000008,1451638.3815000008,138456.19849999997,3172054.4000000004
2021-04-02,1590377.1800000006,1451920.9815000007,138456.19849999997,0.0
2021-04-06,1590502.7800000007,1452046.5815000008,138456.19849999997,0.0
2021-04-07,1590644.0800000008,1452187.8815000008,138456.19849999997,0.0
2021-04-08,1590644.0800000008,1452187.8815000008,138456.19849999997,0.0
2021-04-09,1590958.0800000008,1452501.8815000008,138456.19849999997,0.0
2021-04-12,1591146.480000001,1452690.281500001,138456.19849999997,0.0
2021-04-13,1591224.980000001,1452768.781500001,138456.19849999997,0.0
2021-04-14,1591303.480000001,1452847.281500001,138456.19849999997,0.0
2021-04-15,1591491.8800000008,1453035.6815000009,138456.19849999997,0.0
2021-04-16,1591554.6800000009,1453098.481500001,138456.19849999997,0.0
2021-04-19,1591538.980000001,1453082.781500001,138456.19849999997,0.0
2021-04-20,1591758.780000001,1453302.581500001,138456.19849999997,0.0
2021-04-21,1591821.5800000008,1453365.3815000008,138456.19849999997,0.0
2021-04-22,1591931.480000001,1453475.281500001,138456.19849999997,0.0
2021-04-23,1592151.2800000007,1453695.0815000008,138456.19849999997,0.0
2021-04-26,1592166.980000001,1453710.781500001,138456.19849999997,0.0
2021-04-27,1592261.1800000009,1453804.981500001,138456.19849999997,0.0
2021-04-28,1592323.980000001,1453867.781500001,138456.19849999997,0.0
2021-04-29,1592716.480000001,1454260.281500001,138456.19849999997,0.0
2021-04-30,1593061.8800000008,1454605.6815000009,138456.19849999997,0.0
2021-05-06,1593093.2800000007,1446717.9230000009,146375.35699999996,1583831.7
2021-05-07,1593093.2800000007,1446717.9230000009,146375.35699999996,0.0
2021-05-10,1596701.2800000007,1448753.1430000009,147948.13699999996,314556.0
2021-05-11,1599603.2800000007,1451655.1430000009,147948.13699999996,0.0
2021-05-12,1602252.2800000007,1454304.1430000009,147948.13699999996,0.0
2021-05-13,1601235.2800000007,1451716.4730000007,149518.80699999997,314134.0
2021-05-14,1617620.2800000007,1468101.4730000007,149518.80699999997,0.0
2021-05-17,1599475.2800000007,1449956.4730000007,149518.80699999997,0.0
2021-05-18,1603307.2800000007,1452182.6030000008,151124.67699999997,321174.0
2021-05-19,1608598.2800000007,1457473.6030000008,151124.67699999997,0.0
2021-05-20,1617448.2800000007,1466323.6030000008,151124.67699999997,0.0
2021-05-21,1642155.2800000007,1489405.1230000008,152750.15699999998,325096.0
2021-05-24,1647469.450000001,1494640.1230000008,152829.327,15834.0
2021-05-25,1667882.450000001,1515053.1230000008,152829.327,0.0
2021-05-26,1686113.9400000006,1531457.4530000007,154656.487,365432.0
2021-05-27,1693379.9400000006,1538723.4530000007,154656.487,0.0
2021-05-28,1693520.9400000006,1538864.4530000007,154656.487,0.0
2021-05-31,1702344.0700000008,1546882.0530000008,155462.017,161106.0
2021-06-01,1723735.0700000008,1568273.0530000008,155462.017,0.0
2021-06-02,1712915.0700000008,1557453.0530000008,155462.017,0.0
2021-06-03,1737115.8000000007,1580934.3030000008,156181.497,143896.0
2021-06-04,1724018.0200000007,1567777.6480000007,156240.372,11775.0
2021-06-07,1736335.0200000007,1580094.6480000007,156240.372,0.0
2021-06-08,1745949.0600000008,1588564.0080000008,157385.052,228936.0
2021-06-09,1746822.0600000008,1589437.0080000008,157385.052,0.0
2021-06-10,1754573.0600000008,1597188.0080000008,157385.052,0.0
2021-06-11,1750307.1300000008,1592470.338000001,157836.792,90348.0
2021-06-15,1749111.1300000008,1591274.338000001,157836.792,0.0
2021-06-16,1735603.1300000008,1577766.338000001,157836.792,0.0
2021-06-17,1740669.9100000006,1582423.9530000007,158245.957,81833.0
2021-06-18,1744270.9100000006,1586024.9530000007,158245.957,0.0
2021-06-21,1756525.9100000006,1598279.9530000007,158245.957,0.0
2021-06-22,1785649.2600000007,1626954.0780000007,158695.182,89845.0
2021-06-23,1773853.2600000007,1615158.0780000007,158695.182,0.0
2021-06-24,1773093.2600000007,1614398.0780000007,158695.182,0.0
2021-06-25,1761246.2600000007,1602101.7980000007,159144.462,89856.0
2021-06-28,1796968.2600000007,1637823.7980000007,159144.462,0.0
2021-06-29,1773146.7600000007,1613894.7980000007,159251.962,21500.0
2021-06-30,1780947.1800000006,1621215.5780000007,159731.602,95928.0
2021-07-01,1774266.4100000006,1614525.9580000006,159740.45200000002,1770.0
2021-07-02,1781398.0100000007,1621560.5380000006,159837.472,19404.0
2021-07-05,1823260.6500000008,1662636.4930000007,160624.157,157337.0
2021-07-06,1837980.6500000008,1677356.4930000007,160624.157,0.0
2021-07-07,1848485.6500000008,1687861.4930000007,160624.157,0.0
2021-07-08,1832663.2900000007,1670791.7730000007,161871.517,249472.0
2021-07-09,1841327.2900000007,1679455.7730000007,161871.517,0.0
2021-07-12,1877651.2900000007,1715779.7730000007,161871.517,0.0
2021-07-13,1892062.3200000008,1729238.7430000007,162823.577,190412.0
2021-07-14,1873333.3200000008,1710509.7430000007,162823.577,0.0
2021-07-15,1825398.3200000008,1662574.7430000007,162823.577,0.0
2021-07-16,1824734.4900000007,1660444.1730000007,164290.31699999998,293348.0
2021-07-19,1808412.4900000007,1644122.1730000007,164290.31699999998,0.0
2021-07-20,1812272.4900000007,1647982.1730000007,164290.31699999998,0.0
2021-07-21,1846768.8200000008,1680884.3480000007,165884.47199999998,318831.0
2021-07-22,1844971.8200000008,1679087.3480000007,165884.47199999998,0.0
2021-07-23,1813417.8200000008,1647533.3480000007,165884.47199999998,0.0
2021-07-26,1794413.7900000007,1628055.8880000007,166357.90199999997,94686.0
2021-07-27,1785422.7900000007,1619064.8880000007,166357.90199999997,0.0
2021-07-28,1713327.7900000007,1546969.8880000007,166357.90199999997,0.0
2021-07-29,1738217.2600000007,1571466.5830000008,166750.67699999997,78555.0
2021-07-30,1766695.2600000007,1599944.5830000008,166750.67699999997,0.0
2021-08-02,1791711.2600000007,1624960.5830000008,166750.67699999997,0.0
2021-08-03,1805210.6100000008,1637956.0330000008,167254.57699999996,100780.0
2021-08-04,1810927.6100000008,1643673.0330000008,167254.57699999996,0.0
2021-08-05,1808025.6100000008,1640771.0330000008,167254.57699999996,0.0
2021-08-06,1800479.210000001,1632783.003000001,167696.20699999997,88326.0
2021-08-09,1830613.210000001,1662917.003000001,167696.20699999997,0.0
2021-08-10,1855760.210000001,1688064.003000001,167696.20699999997,0.0
2021-08-11,1869829.710000001,1702056.083000001,167773.62699999998,15484.0
2021-08-12,1868974.710000001,1701201.083000001,167773.62699999998,0.0
2021-08-13,1873978.710000001,1706205.083000001,167773.62699999998,0.0
2021-08-16,1879924.0900000008,1711378.9930000007,168545.09699999998,154294.0
2021-08-17,1840821.0900000008,1672275.9930000007,168545.09699999998,0.0
2021-08-18,1878460.0900000008,1709914.9930000007,168545.09699999998,0.0
2021-08-19,1864042.980000001,1694281.993000001,169760.987,243178.0
2021-08-20,1859734.980000001,1689973.993000001,169760.987,0.0
2021-08-23,1912546.980000001,1742785.993000001,169760.987,0.0
2021-08-24,1930069.980000001,1759451.973000001,170618.00699999998,171404.0
2021-08-25,1954035.980000001,1783417.973000001,170618.00699999998,0.0
2021-08-26,1966249.980000001,1795631.973000001,170618.00699999998,0.0
2021-08-27,1952977.4900000007,1781065.0780000007,171912.41199999998,258881.0
2021-08-30,1950329.4900000007,1778417.0780000007,171912.41199999998,0.0
2021-08-31,1965836.4900000007,1793924.0780000007,171912.41199999998,0.0
2021-09-01,1967411.980000001,1794213.828000001,173198.15199999997,257148.0
2021-09-02,1970206.980000001,1797008.828000001,173198.15199999997,0.0
2021-09-03,1969242.980000001,1796044.828000001,173198.15199999997,0.0
2021-09-06,1980223.730000001,1805783.888000001,174439.84199999998,248338.0
2021-09-07,2000869.730000001,1826429.888000001,174439.84199999998,0.0
2021-09-08,2054483.730000001,1880043.888000001,174439.84199999998,0.0
2021-09-09,2037686.4300000009,1861927.168000001,175759.262,263884.0
2021-09-10,1999961.4300000009,1824202.168000001,175759.262,0.0
2021-09-13,2017433.4300000009,1841674.168000001,175759.262,0.0
2021-09-14,1990481.700000001,1813356.2380000008,177125.462,273240.0
2021-09-15,2009412.700000001,1832287.2380000008,177125.462,0.0
2021-09-16,2013744.700000001,1836619.2380000008,177125.462,0.0
2021-09-17,1972519.0100000007,1794105.8580000007,178413.152,257538.0
2021-09-22,1963478.0100000007,1785064.8580000007,178413.152,0.0
2021-09-23,1991902.0100000007,1813488.8580000007,178413.152,0.0
2021-09-24,1937052.8700000008,1757812.5830000008,179240.287,165427.0
2021-09-27,1860110.8700000008,1680870.5830000008,179240.287,0.0
2021-09-28,1855518.8700000008,1676278.5830000008,179240.287,0.0
2021-09-29,1820575.3200000008,1640498.9130000006,180076.407,167224.0
2021-09-30,1862297.3200000003,1682220.9130000002,180076.407,0.0
2021-10-08,1944364.3200000008,1764287.9130000006,180076.407,0.0
2021-10-11,1942998.1000000008,1762802.0080000008,180196.092,23937.0
2021-10-12,1923537.1000000008,1743341.0080000008,180196.092,0.0
2021-10-13,1927435.1000000008,1747239.0080000008,180196.092,0.0
2021-10-14,1926419.0500000007,1746091.8330000008,180327.217,26225.0
2021-10-15,1907599.0500000007,1727271.8330000008,180327.217,0.0
2021-10-18,1921925.0500000007,1741597.8330000008,180327.217,0.0
2021-10-19,1918176.0000000007,1737035.0080000006,181140.992,162755.0
2021-10-20,1888169.0000000007,1707028.0080000006,181140.992,0.0
2021-10-21,1860700.0000000005,1679559.0080000004,181140.992,0.0
2021-10-22,1836784.5900000008,1655209.8730000008,181574.717,86745.0
2021-10-25,1830982.5900000008,1649407.8730000008,181574.717,0.0
2021-10-26,1813895.5900000008,1632320.8730000008,181574.717,0.0
2021-10-27,1767534.0500000007,1585894.1080000007,181639.942,13045.0
2021-10-28,1748967.0500000007,1567327.1080000007,181639.942,0.0
2021-10-29,1835004.0500000007,1653364.1080000007,181639.942,0.0
2021-11-01,1869358.7400000007,1687101.3880000007,182257.352,123482.0
2021-11-02,1844293.8400000008,1662016.9880000008,182276.852,3900.0
2021-11-03,1875408.8400000008,1693131.9880000008,182276.852,0.0
2021-11-04,1886985.1400000008,1703447.9980000008,183537.14200000002,252058.0
2021-11-05,1885873.1400000008,1702335.9980000008,183537.14200000002,0.0
2021-11-08,1903541.1400000008,1720003.9980000008,183537.14200000002,0.0
2021-11-09,1915733.0300000007,1731106.5630000008,184626.46700000003,217865.0
2021-11-10,1929414.0300000007,1744787.5630000008,184626.46700000003,0.0
2021-11-11,1951199.0300000007,1766572.5630000008,184626.46700000003,0.0
2021-11-12,1966896.2900000007,1781402.2780000006,185494.01200000005,173509.0
2021-11-15,1999871.2900000007,1814377.2780000006,185494.01200000005,0.0
2021-11-16,1987464.2900000007,1801970.2780000006,185494.01200000005,0.0
2021-11-17,2029714.2500000007,1843348.1480000007,186366.10200000004,174418.0
2021-11-18,2002277.2500000007,1815911.1480000007,186366.10200000004,0.0
2021-11-19,2028747.2500000007,1842381.1480000007,186366.10200000004,0.0
2021-11-22,2031354.8100000008,1843573.9780000006,187780.83200000005,282946.0
2021-11-23,2035949.8100000003,1848168.9780000001,187780.83200000005,0.0
2021-11-24,2055781.8100000003,1868000.9780000001,187780.83200000005,0.0
2021-11-25,2057474.200000001,1868698.9030000009,188775.29700000005,198893.0
2021-11-26,2038171.200000001,1849395.9030000009,188775.29700000005,0.0
2021-11-29,2013785.200000001,1825009.9030000009,188775.29700000005,0.0
2021-11-30,2043817.8100000003,1854588.6980000003,189229.11200000005,90763.0
2021-12-01,2080589.8100000003,1891360.6980000003,189229.11200000005,0.0
2021-12-02,2056826.8100000008,1867597.6980000008,189229.11200000005,0.0
2021-12-03,2069027.0900000003,1878834.7280000004,190192.36200000005,192650.0
2021-12-06,2015098.0900000003,1824905.7280000004,190192.36200000005,0.0
2021-12-07,2012842.0900000003,1822649.7280000004,190192.36200000005,0.0
2021-12-08,2021820.0200000005,1830358.0030000005,191462.01700000005,253931.0
2021-12-09,2039797.0200000005,1848335.0030000005,191462.01700000005,0.0
2021-12-10,2085311.0200000005,1893849.0030000005,191462.01700000005,0.0
2021-12-13,2094776.5100000007,1901850.9930000007,192925.51700000005,292700.0
2021-12-14,2099499.250000001,1906492.433000001,193006.81700000004,16260.000000000002
2021-12-15,2101871.250000001,1908864.433000001,193006.81700000004,0.0
2021-12-16,2143825.540000001,1949891.223000001,193934.31700000004,185500.0
2021-12-17,2159771.540000001,1965837.223000001,193934.31700000004,0.0
2021-12-20,2161548.540000001,1967614.223000001,193934.31700000004,0.0
2021-12-21,2221816.2400000007,2026890.7080000006,194925.53200000004,198243.0
2021-12-22,2201358.2400000007,2006432.7080000006,194925.53200000004,0.0
2021-12-23,2169589.2400000007,1974663.7080000006,194925.53200000004,0.0
2021-12-24,2151271.7300000004,1954966.9780000004,196304.75200000004,275844.0
2021-12-27,2174037.860000001,1977683.7580000008,196354.10200000004,9870.0
2021-12-28,2205474.8600000003,2009120.7580000004,196354.10200000004,0.0
2021-12-29,2214307.9400000004,2016170.1230000004,198137.81700000004,356743.0
2021-12-30,2212138.9400000004,2014001.1230000004,198137.81700000004,0.0
2021-12-31,2212484.9400000004,2014347.1230000004,198137.81700000004,0.0
2022-01-04,2222997.0700000008,2003717.9860000007,219279.08400000003,4228253.4
2022-01-05,2222891.5700000008,2003612.4860000007,219279.08400000003,0.0
2022-01-06,2223208.0700000008,2003928.9860000007,219279.08400000003,0.0
2022-01-07,2223630.0700000008,2004350.9860000007,219279.08400000003,0.0
2022-01-10,2223777.770000001,2004498.686000001,219279.08400000003,0.0
2022-01-11,2224052.0700000008,2004772.9860000007,219279.08400000003,0.0
2022-01-12,2224136.4700000007,2004857.3860000006,219279.08400000003,0.0
2022-01-13,2224263.0700000008,2004983.9860000007,219279.08400000003,0.0
2022-01-14,2224600.6700000004,2005321.5860000004,219279.08400000003,0.0
2022-01-17,2224832.770000001,2005553.686000001,219279.08400000003,0.0
2022-01-18,2224980.4700000007,2005701.3860000006,219279.08400000003,0.0
2022-01-19,2224790.5700000008,2005511.4860000007,219279.08400000003,0.0
2022-01-20,2224685.0700000008,2005405.9860000007,219279.08400000003,0.0
2022-01-21,2225254.7700000005,2005975.6860000005,219279.08400000003,0.0
2022-01-24,2225275.8700000006,2005996.7860000005,219279.08400000003,0.0
2022-01-25,2225550.1700000004,2006271.0860000004,219279.08400000003,0.0
2022-01-26,2225761.170000001,2006482.0860000008,219279.08400000003,0.0
2022-01-27,2226183.1700000004,2006904.0860000004,219279.08400000003,0.0
2022-01-28,2227512.4700000007,2008233.3860000006,219279.08400000003,0.0
2022-02-07,2226327.3700000006,1994265.4015000006,232061.96850000002,2556576.9
2022-02-08,2240131.3700000006,2008069.4015000006,232061.96850000002,0.0
2022-02-09,2242254.3700000006,2010192.4015000006,232061.96850000002,0.0
2022-02-10,2239865.4900000007,2005559.5415000007,234305.94850000003,448796.0
2022-02-11,2221997.4900000007,1987691.5415000007,234305.94850000003,0.0
2022-02-14,2249527.4900000007,2015221.5415000007,234305.94850000003,0.0
2022-02-15,2260246.5500000007,2023635.8565000007,236610.69350000002,460949.0
2022-02-16,2312014.5500000007,2075403.8565000007,236610.69350000002,0.0
2022-02-17,2329201.5500000007,2092590.8565000007,236610.69350000002,0.0
2022-02-18,2342242.290000001,2103140.911500001,239101.37850000002,498137.0
2022-02-21,2372749.380000001,2133623.431500001,239125.94850000003,4914.0
2022-02-22,2347702.8900000006,2108564.4915000005,239138.39850000004,2490.0
2022-02-23,2368176.130000001,2127103.436500001,241072.69350000005,386859.0
2022-02-24,2314395.130000001,2073322.4365000008,241072.69350000005,0.0
2022-02-25,2371046.130000001,2129973.436500001,241072.69350000005,0.0
2022-02-28,2337678.670000001,2095266.8115000008,242411.85850000006,267833.0
2022-03-01,2405069.670000001,2162657.811500001,242411.85850000006,0.0
2022-03-02,2465919.670000001,2223507.811500001,242411.85850000006,0.0
2022-03-03,2488989.6400000006,2245574.6115000006,243415.02850000007,200634.0
2022-03-04,2440101.6400000006,2196686.6115000006,243415.02850000007,0.0
2022-03-07,2394733.6400000006,2151318.6115000006,243415.02850000007,0.0
2022-03-08,2313514.310000001,2068863.1015000008,244651.20850000007,247236.0
2022-03-09,2271430.3100000005,2026779.1015000003,244651.20850000007,0.0
2022-03-10,2313294.310000001,2068643.1015000008,244651.20850000007,0.0
2022-03-11,2349189.990000001,2103443.191500001,245746.79850000006,219118.0
2022-03-14,2296062.9900000007,2050316.1915000007,245746.79850000006,0.0
2022-03-15,2195440.990000001,1949694.1915000011,245746.79850000006,0.0
2022-03-16,2302951.1400000006,2056549.9815000005,246401.15850000005,130872.0
2022-03-17,2310813.170000001,2064352.1715000009,246460.99850000005,11968.0
2022-03-18,2384822.170000001,2138361.1715000006,246460.99850000005,0.0
2022-03-21,2425850.590000001,2178002.9165000007,247847.67350000003,277335.0
2022-03-22,2428987.590000001,2181139.9165000007,247847.67350000003,0.0
2022-03-23,2413614.590000001,2165766.9165000007,247847.67350000003,0.0
2022-03-24,2377723.5600000005,2127702.7015000004,250020.85850000003,434637.0
2022-03-25,2430274.5600000005,2180253.7015000004,250020.85850000003,0.0
2022-03-28,2424510.860000001,2174436.4865000006,250074.37350000005,10703.0
2022-03-29,2395237.120000001,2143087.986500001,252149.13350000005,414952.0
2022-03-30,2389149.120000001,2136999.986500001,252149.13350000005,0.0
2022-03-31,2419435.120000001,2167285.986500001,252149.13350000005,0.0
2022-04-01,2406968.070000001,2131847.2775000012,275120.79250000004,4594331.8
2022-04-06,2407310.070000001,2132189.2775000012,275120.79250000004,0.0
2022-04-07,2407583.6700000013,2132462.8775000013,275120.79250000004,0.0
2022-04-08,2407902.870000001,2132782.077500001,275120.79250000004,0.0
2022-04-11,2408062.470000001,2132941.677500001,275120.79250000004,0.0
2022-04-12,2407948.4700000016,2132827.6775000016,275120.79250000004,0.0
2022-04-13,2408062.470000001,2132941.677500001,275120.79250000004,0.0
2022-04-14,2408222.0700000017,2133101.2775000017,275120.79250000004,0.0
2022-04-15,2408632.4700000016,2133511.6775000016,275120.79250000004,0.0
2022-04-18,2408609.6700000013,2133488.8775000013,275120.79250000004,0.0
2022-04-19,2408860.470000001,2133739.677500001,275120.79250000004,0.0
2022-04-20,2408837.6700000013,2133716.8775000013,275120.79250000004,0.0
2022-04-21,2408928.870000001,2133808.077500001,275120.79250000004,0.0
2022-04-22,2409065.6700000013,2133944.8775000013,275120.79250000004,0.0
2022-04-25,2409156.870000001,2134036.077500001,275120.79250000004,0.0
2022-04-26,2409384.870000001,2134264.077500001,275120.79250000004,0.0
2022-04-27,2409544.470000001,2134423.677500001,275120.79250000004,0.0
2022-04-28,2410091.6700000013,2134970.8775000013,275120.79250000004,0.0
2022-04-29,2410752.870000001,2135632.077500001,275120.79250000004,0.0
2022-05-05,2421426.6700000013,2132430.5425000014,288996.12750000006,2775067.0
2022-05-06,2412608.030000001,2123598.687500001,289009.3425000001,2643.0
2022-05-09,2422748.030000001,2133738.687500001,289009.3425000001,0.0
2022-05-10,2443327.560000001,2151881.5075000008,291446.0525000001,487342.0
2022-05-11,2436197.560000001,2144751.5075000008,291446.0525000001,0.0
2022-05-12,2445527.560000001,2154081.5075000008,291446.0525000001,0.0
2022-05-13,2459340.060000001,2165477.707500001,293862.3525000001,483260.0
2022-05-16,2481515.060000001,2187652.707500001,293862.3525000001,0.0
2022-05-17,2465973.060000001,2172110.707500001,293862.3525000001,0.0
2022-05-18,2517690.3000000017,2221320.1225000015,296370.1775000001,501565.0
2022-05-19,2543411.040000001,2246984.567500001,296426.4725000001,11258.999999999998
2022-05-20,2550873.040000001,2254446.567500001,296426.4725000001,0.0
2022-05-23,2612238.120000001,2313852.152500001,298385.9675000001,391899.0
2022-05-24,2520557.120000001,2222171.152500001,298385.9675000001,0.0
2022-05-25,2596062.120000001,2297676.152500001,298385.9675000001,0.0
2022-05-26,2604330.2700000014,2303952.1925000013,300378.0775000001,398422.0
2022-05-27,2622421.2700000014,2322043.1925000013,300378.0775000001,0.0
2022-05-30,2631856.2700000014,2331478.1925000013,300378.0775000001,0.0
2022-05-31,2607977.4300000016,2305894.0125000016,302083.4175000001,341068.0
2022-06-01,2643658.4300000016,2341575.0125000016,302083.4175000001,0.0
2022-06-02,2650697.4300000016,2348614.0125000016,302083.4175000001,0.0
2022-06-06,2705464.2700000014,2401420.7475000015,304043.5225000001,392021.0
2022-06-07,2678460.2700000014,2374416.7475000015,304043.5225000001,0.0
2022-06-08,2652381.2700000014,2348337.7475000015,304043.5225000001,0.0
2022-06-09,2615828.7000000016,2310084.7675000015,305743.93250000005,340082.0
2022-06-10,2643608.7000000016,2337864.7675000015,305743.93250000005,0.0
2022-06-13,2659903.7000000016,2354159.7675000015,305743.93250000005,0.0
2022-06-14,2638690.370000001,2331192.542500001,307497.8275000001,350779.0
2022-06-15,2637679.370000001,2330181.542500001,307497.8275000001,0.0
2022-06-16,2677818.370000001,2370320.542500001,307497.8275000001,0.0
2022-06-17,2642832.2100000014,2332493.2275000014,310338.9825000001,568231.0
2022-06-20,2659990.210000002,2349651.227500002,310338.9825000001,0.0
2022-06-21,2673467.2100000014,2363128.2275000014,310338.9825000001,0.0
2022-06-22,2645722.160000001,2333624.7375000007,312097.4225000001,351688.0
2022-06-23,2669628.160000001,2357530.7375000007,312097.4225000001,0.0
2022-06-24,2685427.160000001,2373329.7375000007,312097.4225000001,0.0
2022-06-27,2689985.0500000017,2376725.6175000016,313259.4325000001,232402.0
2022-06-28,2751120.0500000017,2437860.6175000016,313259.4325000001,0.0
2022-06-29,2711051.0500000017,2397791.6175000016,313259.4325000001,0.0
2022-06-30,2715768.9500000016,2400794.5175000015,314974.4325000001,343000.0
2022-07-01,2701139.9500000016,2386165.5175000015,314974.4325000001,0.0
2022-07-04,2703894.9500000016,2388920.5175000015,314974.4325000001,0.0
2022-07-05,2694321.5000000014,2377620.322500001,316701.1775000001,345349.0
2022-07-06,2684002.5000000014,2367301.322500001,316701.1775000001,0.0
2022-07-07,2685733.5000000014,2369032.322500001,316701.1775000001,0.0
2022-07-08,2711555.350000001,2392661.517500001,318893.83250000014,438531.0
2022-07-11,2690125.350000001,2371231.517500001,318893.83250000014,0.0
2022-07-12,2661241.350000001,2342347.517500001,318893.83250000014,0.0
2022-07-13,2705239.9700000016,2385162.4725000015,320077.4975000001,236733.0
2022-07-14,2698079.9700000016,2378002.4725000015,320077.4975000001,0.0
2022-07-15,2615158.9700000016,2295081.4725000015,320077.4975000001,0.0
2022-07-18,2716823.3200000017,2395614.5325000016,321208.7875000001,226258.0
2022-07-19,2752775.3200000017,2431566.5325000016,321208.7875000001,0.0
2022-07-20,2761916.3200000017,2440707.5325000016,321208.7875000001,0.0
2022-07-21,2757049.500000002,2434539.247500002,322510.2525000001,260293.0
2022-07-22,2804752.500000002,2482242.247500002,322510.2525000001,0.0
2022-07-25,2812304.9500000016,2489731.9475000016,322573.0025000001,12550.0
2022-07-26,2829234.1500000013,2506511.412500001,322722.7375000001,29947.0
2022-07-27,2840224.1500000013,2517501.412500001,322722.7375000001,0.0
2022-07-28,2834177.1500000013,2511454.412500001,322722.7375000001,0.0
2022-07-29,2839685.0500000017,2516234.4975000015,323450.5525000001,145563.0
2022-08-01,2858297.0500000017,2534846.4975000015,323450.5525000001,0.0
2022-08-02,2740902.0500000017,2417451.4975000015,323450.5525000001,0.0
2022-08-03,2766362.750000002,2441778.7375000017,324584.0125000001,226692.0
2022-08-04,2824698.120000001,2500100.9675000007,324597.15250000014,2628.0
2022-08-05,2829114.120000001,2504516.9675000007,324597.15250000014,0.0
2022-08-08,2908211.7600000016,2582908.4925000016,325303.26750000013,141223.0
2022-08-09,2937369.540000001,2612050.172500001,325319.3675000001,3219.9999999999995
2022-08-10,2990510.540000001,2665173.892500001,325336.64750000014,3456.0
2022-08-11,3028508.830000001,2702564.212500001,325944.6175000001,121594.0
2022-08-12,3067843.830000002,2741899.212500002,325944.6175000001,0.0
2022-08-15,3054872.8200000017,2728382.712500002,326490.1075000001,109098.0
2022-08-16,3113714.7700000014,2786040.2775000012,327674.4925000001,236877.0
2022-08-17,3098079.7700000014,2770405.2775000012,327674.4925000001,0.0
2022-08-18,3100803.1900000013,2772544.257500001,328258.9325000001,116888.0
2022-08-19,3068437.350000001,2739265.802500001,329171.5475000001,182523.0
2022-08-22,3082328.350000001,2753156.802500001,329171.5475000001,0.0
2022-08-23,3091402.350000001,2762230.802500001,329171.5475000001,0.0
2022-08-24,3011836.370000001,2681252.9875000007,330583.3825000001,282367.0
2022-08-25,3008347.370000001,2677763.9875000007,330583.3825000001,0.0
2022-08-26,2989044.370000001,2658460.9875000007,330583.3825000001,0.0
2022-08-29,3032881.4900000016,2701681.0825000014,331200.40750000015,123405.0
2022-08-30,3064192.4900000016,2732992.0825000014,331200.40750000015,0.0
2022-08-31,3006965.4900000016,2675765.0825000014,331200.40750000015,0.0
2022-09-01,3029928.0300000017,2697197.7875000015,332730.24250000017,305967.0
2022-09-02,3074010.0300000017,2741279.7875000015,332730.24250000017,0.0
2022-09-05,3102717.0300000017,2769986.7875000015,332730.24250000017,0.0
2022-09-06,3098406.3000000017,2763148.4475000016,335257.85250000015,505522.0
2022-09-07,3090001.3000000017,2754743.4475000016,335257.85250000015,0.0
2022-09-08,3064943.3000000017,2729685.4475000016,335257.85250000015,0.0
2022-09-09,3031325.850000001,2694191.9875000007,337133.86250000016,375202.0
2022-09-13,3091375.850000001,2754241.9875000007,337133.86250000016,0.0
2022-09-14,3081348.850000001,2744214.9875000007,337133.86250000016,0.0
2022-09-15,3031579.100000001,2692479.472500001,339099.6275000002,393153.0
2022-09-16,2927009.100000001,2587909.472500001,339099.6275000002,0.0
2022-09-19,2892501.100000001,2553401.472500001,339099.6275000002,0.0
2022-09-20,2929525.120000001,2588142.397500001,341382.72250000015,456619.0
2022-09-21,2965305.120000001,2623922.397500001,341382.72250000015,0.0
2022-09-22,2949523.120000001,2608140.397500001,341382.72250000015,0.0
2022-09-23,2888216.1300000018,2544774.0175000015,343442.11250000016,411878.0
2022-09-26,2815079.1300000018,2471637.0175000015,343442.11250000016,0.0
2022-09-27,2900048.1300000018,2556606.0175000015,343442.11250000016,0.0
2022-09-28,2864612.4400000013,2519918.257500001,344694.18250000017,250414.0
2022-09-29,2848450.4400000013,2503756.257500001,344694.18250000017,0.0
2022-09-30,2833704.4400000013,2489010.257500001,344694.18250000017,0.0
2022-10-10,2785403.620000001,2438995.602500001,346408.0175000002,342767.0
2022-10-11,2793386.620000001,2446978.602500001,346408.0175000002,0.0
2022-10-12,2851040.620000001,2504632.602500001,346408.0175000002,0.0
2022-10-13,2893976.0300000017,2545732.7975000013,348243.2325000002,367043.0
2022-10-14,2927389.0300000017,2579145.7975000013,348243.2325000002,0.0
2022-10-17,2992537.0300000017,2644293.7975000013,348243.2325000002,0.0
2022-10-18,3004307.4000000013,2655333.602500001,348973.7975000002,146113.0
2022-10-19,2983738.4000000013,2634764.602500001,348973.7975000002,0.0
2022-10-20,2982446.4000000013,2633472.602500001,348973.7975000002,0.0
2022-10-21,3016794.2200000016,2665420.382500001,351373.8375000002,480008.0
2022-10-24,2951710.2200000016,2600336.382500001,351373.8375000002,0.0
2022-10-25,2906954.2200000016,2555580.382500001,351373.8375000002,0.0
2022-10-26,2976805.2100000014,2623084.592500001,353720.6175000002,469356.0
2022-10-27,2991414.2100000014,2637693.592500001,353720.6175000002,0.0
2022-10-28,2880796.2100000014,2527075.592500001,353720.6175000002,0.0
2022-10-31,2915468.0100000016,2561035.0125000016,354432.99750000023,142476.0
2022-11-01,2978261.0100000016,2623828.0125000016,354432.99750000023,0.0
2022-11-02,3004510.0100000016,2650077.0125000016,354432.99750000023,0.0
2022-11-03,3004981.9400000013,2648583.552500001,356398.38750000024,393078.0
2022-11-04,3032314.9400000013,2675916.552500001,356398.38750000024,0.0
2022-11-07,3071966.9400000013,2715568.552500001,356398.38750000024,0.0
2022-11-08,3083120.620000001,2725297.0325000007,357823.58750000026,285040.0
2022-11-09,3083524.620000001,2725701.0325000007,357823.58750000026,0.0
2022-11-10,3078409.620000001,2720586.0325000007,357823.58750000026,0.0
2022-11-11,3134609.950000001,2776719.122500001,357890.82750000025,13448.0
2022-11-14,3138571.080000001,2780620.9275000007,357950.15250000026,11865.0
2022-11-15,3142799.080000001,2784848.9275000007,357950.15250000026,0.0
2022-11-16,3147235.1300000018,2788545.5425000014,358689.58750000026,147887.0
2022-11-17,3163560.1300000018,2804870.5425000014,358689.58750000026,0.0
2022-11-18,3159372.1300000018,2800682.5425000014,358689.58750000026,0.0
2022-11-21,3151060.030000001,2792150.502500001,358909.52750000026,43988.0
2022-11-22,3142005.030000001,2783095.502500001,358909.52750000026,0.0
2022-11-23,3096258.030000001,2737348.502500001,358909.52750000026,0.0
2022-11-24,3125101.6500000013,2764908.967500001,360192.6825000003,256631.0
2022-11-25,3103430.6500000013,2743237.967500001,360192.6825000003,0.0
2022-11-28,3098817.6500000013,2738624.967500001,360192.6825000003,0.0
2022-11-29,3140790.7400000016,2779554.507500001,361236.2325000003,208710.0
2022-11-30,3124918.7400000016,2763682.507500001,361236.2325000003,0.0
2022-12-01,3153702.7400000016,2792466.507500001,361236.2325000003,0.0
2022-12-02,3189765.0900000017,2826788.2225000015,362976.8675000003,348127.0
2022-12-05,3207919.0900000017,2844942.2225000015,362976.8675000003,0.0
2022-12-06,3189054.0900000017,2826077.2225000015,362976.8675000003,0.0
2022-12-07,3191009.7000000016,2826696.322500001,364313.3775000003,267302.0
2022-12-08,3190134.7000000016,2825821.322500001,364313.3775000003,0.0
2022-12-09,3256399.7000000016,2892086.322500001,364313.3775000003,0.0
2022-12-12,3199309.100000001,2833159.2425000006,366149.8575000003,367296.0
2022-12-13,3197710.100000001,2831560.2425000006,366149.8575000003,0.0
2022-12-14,3214875.100000001,2848725.2425000006,366149.8575000003,0.0
2022-12-15,3217292.9500000016,2849359.8575000013,367933.09250000026,356647.0
2022-12-16,3171424.9500000016,2803491.8575000013,367933.09250000026,0.0
2022-12-19,3118706.9500000016,2750773.8575000013,367933.09250000026,0.0
2022-12-20,3111229.1100000013,2741331.972500001,369897.13750000024,392809.0
2022-12-21,3121906.1100000013,2752008.972500001,369897.13750000024,0.0
2022-12-22,3078666.1100000013,2708768.972500001,369897.13750000024,0.0
2022-12-23,3121415.040000001,2750321.7875000006,371093.25250000024,239223.0
2022-12-26,3145467.040000001,2774373.7875000006,371093.25250000024,0.0
2022-12-27,3160653.040000001,2789559.7875000006,371093.25250000024,0.0
2022-12-28,3137543.0700000017,2765278.9125000015,372264.15750000026,234181.0
2022-12-29,3156118.0700000017,2783853.9125000015,372264.15750000026,0.0
2022-12-30,3195119.3800000018,2821333.9075000016,373785.47250000027,304263.0
2023-01-03,3185090.320000001,2784147.927500001,400942.39250000025,5431384.0
2023-01-04,3185176.120000001,2784233.727500001,400942.39250000025,0.0
2023-01-05,3185004.5200000014,2784062.1275000013,400942.39250000025,0.0
2023-01-06,3185547.9200000013,2784605.5275000012,400942.39250000025,0.0
2023-01-09,3185662.3200000017,2784719.9275000016,400942.39250000025,0.0
2023-01-10,3186119.9200000013,2785177.5275000012,400942.39250000025,0.0
2023-01-11,3185948.320000001,2785005.927500001,400942.39250000025,0.0
2023-01-12,3185862.5200000014,2784920.1275000013,400942.39250000025,0.0
2023-01-13,3186262.920000002,2785320.5275000017,400942.39250000025,0.0
2023-01-16,3186005.520000002,2785063.127500002,400942.39250000025,0.0
2023-01-17,3186463.120000001,2785520.727500001,400942.39250000025,0.0
2023-01-18,3187149.5200000014,2786207.1275000013,400942.39250000025,0.0
2023-01-19,3187263.920000002,2786321.5275000017,400942.39250000025,0.0
2023-01-20,3188608.120000001,2787665.727500001,400942.39250000025,0.0
2023-01-30,3188407.9200000013,2787465.5275000012,400942.39250000025,0.0
2023-01-31,3188436.5200000014,2787494.1275000013,400942.39250000025,0.0
2023-02-01,3204252.330000001,2785817.010500001,418435.3195000003,3498585.4
2023-02-02,3203589.370000001,2785124.2255000006,418465.1445000003,5965.0
2023-02-03,3204058.370000001,2785593.2255000006,418465.1445000003,0.0
2023-02-06,3204871.360000001,2783256.4755000006,421614.8845000003,629948.0
2023-02-07,3214704.360000001,2793089.4755000006,421614.8845000003,0.0
2023-02-08,3211100.360000001,2789485.4755000006,421614.8845000003,0.0
2023-02-09,3226430.200000001,2801600.895500001,424829.30450000026,642884.0
2023-02-10,3235442.200000001,2810612.895500001,424829.30450000026,0.0
2023-02-13,3255273.200000001,2830443.895500001,424829.30450000026,0.0
2023-02-14,3254986.450000001,2826986.505500001,427999.9445000003,634128.0
2023-02-15,3251054.4500000007,2823054.5055000004,427999.9445000003,0.0
2023-02-16,3178922.4500000007,2750922.5055000004,427999.9445000003,0.0
2023-02-17,3185455.4700000007,2755748.7555000004,429706.7145000003,341354.0
2023-02-20,3192611.4700000007,2762904.7555000004,429706.7145000003,0.0
2023-02-21,3198622.4700000007,2768915.7555000004,429706.7145000003,0.0
2023-02-22,3201271.460000001,2771554.2805000003,429717.1795000003,2093.0
2023-02-23,3196321.460000001,2766604.2805000003,429717.1795000003,0.0
2023-02-24,3208755.460000001,2779038.2805000003,429717.1795000003,0.0
2023-02-27,3158622.7600000007,2728235.3655000003,430387.39450000034,134043.0
2023-02-28,3204184.7600000007,2773797.3655000003,430387.39450000034,0.0
2023-03-01,3237439.7600000007,2807052.3655000003,430387.39450000034,0.0
2023-03-02,3230483.5700000008,2799395.6905000005,431087.87950000033,140097.0
2023-03-03,3210988.5700000008,2779900.6905000005,431087.87950000033,0.0
2023-03-06,3198383.5700000008,2767295.6905000005,431087.87950000033,0.0
2023-03-07,3157433.3000000007,2725655.9355000006,431777.3645000003,137897.0
2023-03-08,3208147.3000000007,2776369.9355000006,431777.3645000003,0.0
2023-03-09,3256138.3000000007,2824360.9355000006,431777.3645000003,0.0
2023-03-10,3207024.9300000006,2773708.8205000004,433316.1095000003,307749.0
2023-03-13,3178923.9300000006,2745607.8205000004,433316.1095000003,0.0
2023-03-14,3134702.9300000006,2701386.8205000004,433316.1095000003,0.0
2023-03-15,3181906.540000001,2746600.3305000006,435306.2095000003,398020.0
2023-03-16,3178259.540000001,2742953.3305000006,435306.2095000003,0.0
2023-03-17,3155470.540000001,2720164.3305000006,435306.2095000003,0.0
2023-03-20,3120145.190000001,2682203.4355000006,437941.7545000003,527109.0
2023-03-21,3186213.190000001,2748271.4355000006,437941.7545000003,0.0
2023-03-22,3236793.190000001,2798851.4355000006,437941.7545000003,0.0
2023-03-23,3201191.5500000007,2761147.4305000007,440044.11950000026,420473.0
2023-03-24,3199974.5500000007,2759930.4305000007,440044.11950000026,0.0
2023-03-27,3170707.5500000007,2730663.4305000007,440044.11950000026,0.0
2023-03-28,3144356.770000001,2702960.9805000005,441395.78950000025,270334.0
2023-03-29,3094675.770000001,2653279.9805000005,441395.78950000025,0.0
2023-03-30,3061936.770000001,2620540.9805000005,441395.78950000025,0.0
2023-03-31,3087907.3100000005,2646497.8755,441409.43450000026,2729.0
2023-04-03,3085970.040000001,2616877.153000001,469092.8870000003,5536690.5
2023-04-04,3086602.540000001,2617509.653000001,469092.8870000003,0.0
2023-04-06,3087125.040000001,2618032.153000001,469092.8870000003,0.0
2023-04-07,3087482.540000001,2618389.653000001,469092.8870000003,0.0
2023-04-10,3087290.040000001,2618197.153000001,469092.8870000003,0.0
2023-04-11,3087400.040000001,2618307.153000001,469092.8870000003,0.0
2023-04-12,3087675.040000001,2618582.153000001,469092.8870000003,0.0
2023-04-13,3087867.540000001,2618774.653000001,469092.8870000003,0.0
2023-04-14,3088142.540000001,2619049.653000001,469092.8870000003,0.0
2023-04-17,3088362.540000001,2619269.653000001,469092.8870000003,0.0
2023-04-18,3088940.040000001,2619847.153000001,469092.8870000003,0.0
2023-04-19,3088967.540000001,2619874.653000001,469092.8870000003,0.0
2023-04-20,3088885.040000001,2619792.153000001,469092.8870000003,0.0
2023-04-21,3089242.540000001,2620149.653000001,469092.8870000003,0.0
2023-04-24,3089215.040000001,2620122.153000001,469092.8870000003,0.0
2023-04-25,3089297.540000001,2620204.653000001,469092.8870000003,0.0
2023-04-26,3089380.040000001,2620287.153000001,469092.8870000003,0.0
2023-04-27,3089930.040000001,2620837.153000001,469092.8870000003,0.0
2023-04-28,3090507.540000001,2621414.653000001,469092.8870000003,0.0
2023-05-04,3090535.040000001,2607596.865500001,482938.17450000026,2769057.5
2023-05-05,3090535.040000001,2607596.865500001,482938.17450000026,0.0
2023-05-08,3091012.0200000005,2605022.3705,485989.64950000023,610295.0
2023-05-09,3079061.0200000005,2593071.3705,485989.64950000023,0.0
2023-05-10,3091233.0200000005,2605243.3705,485989.64950000023,0.0
2023-05-11,3108095.150000001,2618983.7305000005,489111.41950000025,624354.0
2023-05-12,3095437.150000001,2606325.7305000005,489111.41950000025,0.0
2023-05-15,3108668.150000001,2619556.7305000005,489111.41950000025,0.0
2023-05-16,3091723.1200000006,2599553.1955000004,492169.92450000026,611701.0
2023-05-17,3128086.1200000006,2635916.1955000004,492169.92450000026,0.0
2023-05-18,3140756.1200000006,2648586.1955000004,492169.92450000026,0.0
2023-05-19,3123180.8300000005,2627891.0005,495289.8295000003,623981.0
2023-05-22,3124489.8300000005,2629200.0005,495289.8295000003,0.0
2023-05-23,3116806.8300000005,2621517.0005,495289.8295000003,0.0
2023-05-24,3119016.600000001,2622062.510500001,496954.0895000003,332852.0
2023-05-25,3152713.600000001,2655759.510500001,496954.0895000003,0.0
2023-05-26,3143332.600000001,2646378.510500001,496954.0895000003,0.0
2023-05-29,3094933.4700000007,2596593.9455000004,498339.5245000003,277087.0
2023-05-30,3093355.4700000007,2595015.9455000004,498339.5245000003,0.0
2023-05-31,3073824.4700000007,2575484.9455000004,498339.5245000003,0.0
2023-06-01,3072081.4000000004,2571786.9455,500294.4545000003,390986.0
2023-06-02,3115625.4000000004,2615330.9455,500294.4545000003,0.0
2023-06-05,3153541.4000000004,2653246.9455,500294.4545000003,0.0
2023-06-06,3081788.3000000007,2580566.5055000004,501221.7945000003,185468.0
2023-06-07,3129032.3000000007,2627810.5055000004,501221.7945000003,0.0
2023-06-08,3120406.3000000007,2619184.5055000004,501221.7945000003,0.0
2023-06-09,3070391.0300000003,2568355.4955,502035.5345000003,162748.0
2023-06-12,3110630.0300000003,2608594.4955,502035.5345000003,0.0
2023-06-13,3123997.0300000003,2621961.4955,502035.5345000003,0.0
2023-06-14,3118039.4400000004,2614740.3005,503299.1395000003,252721.0
2023-06-15,3112406.4400000004,2609107.3005,503299.1395000003,0.0
2023-06-16,3100947.4400000004,2597648.3005,503299.1395000003,0.0
2023-06-19,3045991.3300000005,2540744.6705,505246.6595000003,389504.0
2023-06-20,2994837.3300000005,2489590.6705,505246.6595000003,0.0
2023-06-21,2969849.3300000005,2464602.6705,505246.6595000003,0.0
2023-06-26,2971063.5000000005,2463950.8705,507112.6295000003,373194.0
2023-06-27,3091799.5000000005,2584686.8705,507112.6295000003,0.0
2023-06-28,3134464.5000000005,2627351.8705,507112.6295000003,0.0
2023-06-29,3174910.5200000005,2666810.9905000003,508099.5295000003,197380.0
2023-06-30,3236865.5200000005,2728765.9905000003,508099.5295000003,0.0
2023-07-03,3257011.5200000005,2748911.9905000003,508099.5295000003,0.0
2023-07-04,3320575.6600000006,2811034.5755000003,509541.0845000003,288311.0
2023-07-05,3308961.0200000005,2798676.1155000003,510284.9045000003,148764.0
2023-07-06,3337979.0200000005,2827694.1155000003,510284.9045000003,0.0
2023-07-07,3320727.4700000007,2807849.0705000004,512878.3995000003,518699.0
2023-07-10,3295995.4700000007,2783117.0705000004,512878.3995000003,0.0
2023-07-11,3325232.4700000007,2812354.0705000004,512878.3995000003,0.0
2023-07-12,3282246.2300000004,2767554.9455000004,514691.2845000003,362577.0
2023-07-13,3309375.2300000004,2794683.9455000004,514691.2845000003,0.0
2023-07-14,3299756.2300000004,2785064.9455000004,514691.2845000003,0.0
2023-07-17,3315477.9300000006,2799284.6705000005,516193.2595000003,300395.0
2023-07-18,3349676.9300000006,2833483.6705000005,516193.2595000003,0.0
2023-07-19,3372592.9300000006,2856399.6705000005,516193.2595000003,0.0
2023-07-20,3341676.5000000005,2824259.8805,517416.61950000026,244672.0
2023-07-21,3332462.5000000005,2815045.8805,517416.61950000026,0.0
2023-07-24,3353694.5000000005,2836277.8805,517416.61950000026,0.0
2023-07-25,3443079.8300000005,2924108.0405,518971.78950000025,311034.0
2023-07-26,3443557.8300000005,2924586.0405,518971.78950000025,0.0
2023-07-27,3406104.8300000005,2887133.0405,518971.78950000025,0.0
2023-07-28,3486874.6800000006,2966324.0955000003,520550.58450000023,315759.0
2023-07-31,3632829.32,3112266.9354999997,520562.3845000002,2360.0
2023-08-01,3602765.4600000004,3081503.7405000003,521261.71950000024,139867.0
2023-08-02,3677835.9100000006,3153947.0755000003,523888.83450000023,525423.0
2023-08-03,3673868.090000001,3149825.1305000004,524042.95950000023,30825.0
2023-08-04,3667085.4700000007,3142535.1405000007,524550.3295000002,101474.0
2023-08-07,3636434.15,3109872.1204999997,526562.0295000002,402340.0
2023-08-08,3657695.15,3131133.1204999997,526562.0295000002,0.0
2023-08-09,3585355.1500000004,3058793.1205,526562.0295000002,0.0
2023-08-10,3659808.9100000006,3131783.9905000003,528024.9195000002,292578.0
2023-08-11,3579134.0600000005,3050969.9105,528164.1495000002,27846.0
2023-08-14,3582875.0600000005,3054710.9105,528164.1495000002,0.0
2023-08-15,3568655.0000000005,3038921.1955000004,529733.8045000002,313931.0
2023-08-16,3600466.0000000005,3070732.1955000004,529733.8045000002,0.0
2023-08-17,3673247.4300000006,3143465.7755000005,529781.6545000002,9570.0
2023-08-18,3693849.3900000006,3162429.4905000003,531419.8995000002,327649.0
2023-08-21,3716524.3900000006,3185104.4905000003,531419.8995000002,0.0
2023-08-22,3666426.3900000006,3135006.4905000003,531419.8995000002,0.0
2023-08-23,3635877.9700000007,3102205.3055000007,533672.6645000002,450553.0
2023-08-24,3610237.9700000007,3076565.3055000007,533672.6645000002,0.0
2023-08-25,3539250.9700000007,3005578.3055000007,533672.6645000002,0.0
2023-08-28,3596363.850000001,3060285.500500001,536078.3495000002,481137.0
2023-08-29,3758013.850000001,3221935.500500001,536078.3495000002,0.0
2023-08-30,3790162.850000001,3254084.500500001,536078.3495000002,0.0
2023-08-31,3775272.28,3237375.9254999994,537896.3545000002,363601.0
2023-09-01,3800545.28,3262648.9254999994,537896.3545000002,0.0
2023-09-04,3897918.28,3360021.9254999994,537896.3545000002,0.0
2023-09-05,3838521.65,3298644.4804999996,539877.1695000002,396163.0
2023-09-06,3825698.65,3285821.4804999996,539877.1695000002,0.0
2023-09-07,3831903.65,3292026.4804999996,539877.1695000002,0.0
2023-09-08,3773285.2200000007,3231242.7855,542042.4345000002,433053.0
2023-09-11,3751480.2200000007,3209437.7855,542042.4345000002,0.0
2023-09-12,3720891.2200000007,3178848.7855,542042.4345000002,0.0
2023-09-13,3698021.310000001,3152929.385500001,545091.9245000002,609898.0
2023-09-14,3672563.310000001,3127471.385500001,545091.9245000002,0.0
2023-09-15,3683058.310000001,3137966.385500001,545091.9245000002,0.0
2023-09-18,3773537.15,3226122.8704999997,547414.2795000002,464471.0
2023-09-19,3715101.5500000007,3167624.2705000006,547477.2795000002,12600.0
2023-09-20,3701403.5500000007,3153926.2705000006,547477.2795000002,0.0
2023-09-21,3677900.1200000006,3128879.0605000006,549021.0595000002,308756.0
2023-09-22,3723241.1200000006,3174220.0605000006,549021.0595000002,0.0
2023-09-25,3689376.1200000006,3140355.0605000006,549021.0595000002,0.0
2023-09-26,3672647.48,3122061.6404999997,550585.8395000002,312956.0
2023-09-27,3699728.48,3149142.6404999997,550585.8395000002,0.0
2023-09-28,3763033.48,3212447.6404999997,550585.8395000002,0.0
2023-10-09,3720131.9100000006,3168084.3505000006,552047.5595000002,292344.0
2023-10-10,3701418.9100000006,3149371.3505000006,552047.5595000002,0.0
2023-10-11,3743276.9100000006,3191229.3505000006,552047.5595000002,0.0
2023-10-12,3775444.71,3222650.3904999997,552794.3195000002,149352.0
2023-10-13,3696294.1200000006,3142810.7605000003,553483.3595000003,137808.0
2023-10-16,3709532.1200000006,3156048.7605000003,553483.3595000003,0.0
2023-10-17,3698736.44,3142583.4705,556152.9695000002,533922.0
2023-10-18,3626980.44,3070827.4705,556152.9695000002,0.0
2023-10-19,3636485.440000001,3080332.4705000008,556152.9695000002,0.0
2023-10-20,3646347.380000001,3088044.2105000005,558303.1695000002,430040.0
2023-10-23,3574419.380000001,3016116.2105000005,558303.1695000002,0.0
2023-10-24,3730788.380000001,3172485.2105000005,558303.1695000002,0.0
2023-10-25,3812548.270000001,3252427.0805000006,560121.1895000002,363604.0
2023-10-26,3833457.270000001,3273336.0805000006,560121.1895000002,0.0
2023-10-27,3867513.270000001,3307392.0805000006,560121.1895000002,0.0
2023-10-30,3888661.7400000007,3326980.0205000006,561681.7195000002,312106.0
2023-10-31,3882392.7400000007,3320711.0205000006,561681.7195000002,0.0
2023-11-01,3923578.7400000007,3361897.0205000006,561681.7195000002,0.0
2023-11-02,3950771.8900000006,3388881.8305,561890.0595000002,41668.0
2023-11-03,3995251.8900000006,3433361.8305,561890.0595000002,0.0
2023-11-06,4079933.8900000006,3518043.8305,561890.0595000002,0.0
2023-11-07,4149730.810000001,3587829.920500001,561900.8895000002,2166.0
2023-11-08,4201155.8100000005,3639254.9205000005,561900.8895000002,0.0
2023-11-09,4165568.810000001,3602158.815500001,563409.9945000001,301821.0
2023-11-10,4143800.7000000007,3578058.5805000006,565742.1195000001,466425.0
2023-11-13,4185115.7000000007,3619373.5805000006,565742.1195000001,0.0
2023-11-14,4174186.7000000007,3608444.5805000006,565742.1195000001,0.0
2023-11-15,4162494.9100000006,3595731.0955000008,566763.8145000001,204339.0
2023-11-16,4159174.9100000006,3592411.0955000008,566763.8145000001,0.0
2023-11-17,4207843.91,3641080.0955,566763.8145000001,0.0
2023-11-20,4298658.500000001,3729997.3455000008,568661.1545000001,379468.0
2023-11-21,4357036.500000001,3788375.3455000008,568661.1545000001,0.0
2023-11-22,4281690.630000001,3712865.135500001,568825.4945,32868.0
2023-11-23,4284501.0200000005,3712915.6355000003,571585.3845,551978.0
2023-11-24,4241798.0200000005,3670212.6355000003,571585.3845,0.0
2023-11-27,4288689.0200000005,3717103.6355000003,571585.3845,0.0
2023-11-28,4403350.61,3830938.6355000003,572411.9745,165318.0
2023-11-29,4412307.86,3838919.7455,573388.1145,195228.0
2023-11-30,4393439.86,3820051.7455,573388.1145,0.0
2023-12-01,4400244.140000001,3824252.7305000005,575991.4095000001,520659.0
2023-12-04,4494600.140000001,3918608.7305000005,575991.4095000001,0.0
2023-12-05,4429273.140000001,3853281.7305000005,575991.4095000001,0.0
2023-12-06,4509535.950000001,3931491.370500001,578044.5795000001,410634.0
2023-12-07,4429082.950000001,3851038.370500001,578044.5795000001,0.0
2023-12-08,4279628.950000001,3701584.370500001,578044.5795000001,0.0
2023-12-11,4293698.350000001,3713893.4155000006,579804.9345000001,352071.0
2023-12-12,4348590.350000001,3768785.4155000006,579804.9345000001,0.0
2023-12-13,4368682.350000001,3788877.4155000006,579804.9345000001,0.0
2023-12-14,4399439.470000001,3816839.2105000005,582600.2595,559065.0
2023-12-15,4417952.470000001,3835352.2105000005,582600.2595,0.0
2023-12-18,4392610.470000001,3810010.2105000005,582600.2595,0.0
2023-12-19,4397518.970000001,3812954.7455000007,584564.2245,392793.0
2023-12-20,4411714.970000001,3827150.7455000007,584564.2245,0.0
2023-12-21,4470426.970000001,3885862.7455000007,584564.2245,0.0
2023-12-22,4406802.200000001,3822110.475500001,584691.7245,25500.0
2023-12-25,4326264.2,3741572.4755,584691.7245,0.0
2023-12-26,4281038.200000001,3696346.475500001,584691.7245,0.0
2023-12-27,4294785.0,3706558.8805,588226.1195,706879.0
2023-12-28,4372612.0,3784385.8805,588226.1195,0.0
2023-12-29,4479677.000000001,3891450.880500001,588226.1195,0.0
2024-01-02,4503542.130000001,3873444.1945000007,630097.9355,8374363.199999999
2024-01-03,4503625.73,3873527.7945000003,630097.9355,0.0
2024-01-04,4503918.33,3873820.3945,630097.9355,0.0
2024-01-05,4504670.73,3874572.7945000003,630097.9355,0.0
2024-01-08,4504670.73,3874572.7945000003,630097.9355,0.0
2024-01-09,4504837.93,3874739.9944999996,630097.9355,0.0
2024-01-10,4505172.330000001,3875074.394500001,630097.9355,0.0
2024-01-11,4505088.73,3874990.7945000003,630097.9355,0.0
2024-01-12,4506008.33,3875910.3945,630097.9355,0.0
2024-01-15,4506384.530000001,3876286.594500001,630097.9355,0.0
2024-01-16,4506342.73,3876244.7945000003,630097.9355,0.0
2024-01-17,4506509.930000001,3876411.9945000005,630097.9355,0.0
2024-01-18,4506886.130000001,3876788.1945000007,630097.9355,0.0
2024-01-19,4507596.73,3877498.7945000003,630097.9355,0.0
2024-01-22,4508265.530000001,3878167.594500001,630097.9355,0.0
2024-01-23,4507931.130000001,3877833.1945000007,630097.9355,0.0
2024-01-24,4507931.130000001,3877833.1945000007,630097.9355,0.0
2024-01-25,4507471.33,3877373.3945,630097.9355,0.0
2024-01-26,4508641.73,3878543.7945000003,630097.9355,0.0
2024-01-29,4508976.130000001,3878878.1945000007,630097.9355,0.0
2024-01-30,4509519.530000001,3879421.594500001,630097.9355,0.0
2024-01-31,4509770.33,3879672.3945,630097.9355,0.0
2024-02-01,4486253.18,3830712.9214999997,655540.2585,5088464.6
2024-02-02,4426208.18,3770667.9214999997,655540.2585,0.0
2024-02-05,4327722.18,3672181.9214999997,655540.2585,0.0
2024-02-06,4293813.21,3633254.2615,660558.9484999999,1003738.0
2024-02-07,4103231.21,3442672.2615,660558.9484999999,0.0
2024-02-08,4255981.21,3595422.2615,660558.9484999999,0.0
2024-02-19,4441067.19,3775736.5465000006,665330.6434999999,954339.0
2024-02-20,4556806.19,3891475.5465000006,665330.6434999999,0.0
2024-02-21,4738747.97,4073291.2465,665456.7234999998,25216.0
2024-02-22,4923316.34,4253032.3965,670283.9434999998,965444.0
2024-02-23,5152891.34,4482607.3965,670283.9434999998,0.0
2024-02-26,5260341.34,4590057.3965,670283.9434999998,0.0
2024-02-27,5443004.85,4769178.2765,673826.5734999998,708526.0
2024-02-28,4880787.85,4206961.2765,673826.5734999998,0.0
2024-02-29,5044526.85,4370700.2765,673826.5734999998,0.0
2024-03-01,5090762.8,4413749.2315,677013.5684999998,637399.0
2024-03-04,5047330.8,4370317.2315,677013.5684999998,0.0
2024-03-05,4867439.8,4190426.2314999998,677013.5684999998,0.0
2024-03-06,5060413.399999999,4376424.0665,683989.3334999998,1395153.0
2024-03-07,5020605.869999999,4336518.886499999,684086.9834999999,19530.0
2024-03-08,5043999.869999999,4359912.886499999,684086.9834999999,0.0
2024-03-11,5195843.539999999,4508555.286499999,687288.2534999999,640254.0
2024-03-12,5325186.539999999,4637898.286499999,687288.2534999999,0.0
2024-03-13,5338295.539999999,4651007.286499999,687288.2534999999,0.0
2024-03-14,5358770.99,4668928.396500001,689842.5934999998,510868.0
2024-03-15,5557869.989999999,4868027.3965,689842.5934999998,0.0
2024-03-18,5696675.59,5006586.0165,690089.5734999998,49396.0
2024-03-19,5668821.48,4976257.046500001,692564.4334999998,494972.0
2024-03-20,5816656.829999999,5124014.1565,692642.6734999998,15647.999999999998
2024-03-21,5819526.83,5126884.1565000005,692642.6734999998,0.0
2024-03-22,5713198.34,5019084.4815,694113.8584999999,294237.0
2024-03-25,5600179.34,4906065.4815,694113.8584999999,0.0
2024-03-26,5651496.34,4957382.4815,694113.8584999999,0.0
2024-03-27,5524215.399999999,4827777.381499999,696438.0184999999,464832.0
2024-03-28,5715585.399999999,5019147.381499999,696438.0184999999,0.0
2024-03-29,5765671.399999999,5069233.381499999,696438.0184999999,0.0
2024-04-01,5780718.45,5032716.1995,748002.2504999998,10312846.399999999
2024-04-02,5758541.65,5010539.3995,748002.2504999998,0.0
2024-04-03,5733114.65,4985112.3995,748002.2504999998,0.0
2024-04-08,5714129.25,4966126.9995,748002.2504999998,0.0
2024-04-09,5715394.050000001,4967391.799500001,748002.2504999998,0.0
2024-04-10,5704883.050000001,4956880.799500001,748002.2504999998,0.0
2024-04-11,5702945.050000001,4954942.799500001,748002.2504999998,0.0
2024-04-12,5707877.25,4959874.9995,748002.2504999998,0.0
2024-04-15,5685027.25,4937024.9995,748002.2504999998,0.0
2024-04-16,5664871.850000001,4916869.5995000005,748002.2504999998,0.0
2024-04-17,5671167.45,4923165.1995,748002.2504999998,0.0
2024-04-18,5672491.050000001,4924488.799500001,748002.2504999998,0.0
2024-04-19,5666250.450000001,4918248.199500001,748002.2504999998,0.0
2024-04-22,5657315.25,4909312.9995,748002.2504999998,0.0
2024-04-23,5675445.45,4927443.1995,748002.2504999998,0.0
2024-04-24,5672703.45,4924701.1995,748002.2504999998,0.0
2024-04-25,5674941.050000001,4926938.799500001,748002.2504999998,0.0
2024-04-26,5694592.050000001,4946589.799500001,748002.2504999998,0.0
2024-04-29,5696018.05,4948015.7995,748002.2504999998,0.0
2024-04-30,5689938.65,4941936.3995,748002.2504999998,0.0
2024-05-06,5732576.430000001,4952048.306500001,780528.1234999999,6505174.600000001
2024-05-07,5755390.010000001,4974794.7465,780595.2634999999,13428.0
2024-05-08,5720781.010000001,4940185.7465,780595.2634999999,0.0
2024-05-09,5776359.66,4990097.3365,786262.3234999999,1133412.0
2024-05-10,5731418.0600000005,4945132.726500001,786285.3335,4602.0
2024-05-13,5632593.0600000005,4846307.726500001,786285.3335,0.0
2024-05-14,5776057.77,4983841.9065,792215.8635,1186106.0
2024-05-15,5827163.77,5034947.9065,792215.8635,0.0
2024-05-16,5849239.79,5056879.0265,792360.7635,28980.000000000004
2024-05-17,5893416.43,5095472.1465,797944.2835,1116704.0
2024-05-20,5800371.43,5002427.1465,797944.2835,0.0
2024-05-21,5742481.43,4944537.1465,797944.2835,0.0
2024-05-22,5783381.02,4981117.4015,802263.6185,863867.0
2024-05-23,5585955.02,4783691.4015,802263.6185,0.0
2024-05-24,5552637.02,4750373.4015,802263.6185,0.0
2024-05-27,5630709.609999999,4826748.086499999,803961.5235,339581.0
2024-05-28,5513200.609999999,4709239.086499999,803961.5235,0.0
2024-05-29,5661494.609999999,4857533.086499999,803961.5235,0.0
2024-05-30,5458858.359999999,4653000.9065,805857.4535000001,379186.0
2024-05-31,5458999.359999999,4653141.9065,805857.4535000001,0.0
2024-06-03,5261109.359999999,4455251.9065,805857.4535000001,0.0
2024-06-04,5053757.21,4244651.7165,809105.4935000001,649608.0
2024-06-05,5011007.21,4201901.7165,809105.4935000001,0.0
2024-06-06,4642479.75,3832863.0465,809616.7035000001,102242.0
2024-06-07,4951871.609999999,4137925.3064999995,813946.3035,865920.0
2024-06-11,4903609.859999999,4089549.7914999994,814060.0685,22753.0
2024-06-12,5121738.859999999,4307678.791499999,814060.0685,0.0
2024-06-13,5019766.51,4202004.5915,817761.9185,740370.0
2024-06-14,4971807.51,4154045.5914999996,817761.9185,0.0
2024-06-17,4867365.51,4049603.5914999996,817761.9185,0.0
2024-06-18,5053344.09,4232028.4065,821315.6835,710753.0
2024-06-19,5036786.33,4215466.8515,821319.4785000001,758.9999999999999
2024-06-20,4860026.33,4038706.8515,821319.4785000001,0.0
2024-06-21,4779202.09,3954748.0215,824454.0685,626918.0
2024-06-24,4526206.09,3701752.0215,824454.0685,0.0
2024-06-25,4603933.09,3779479.0215,824454.0685,0.0
2024-06-26,4787544.0,3960100.9715,827443.0285,597792.0
2024-06-27,4740631.0,3913187.9715,827443.0285,0.0
2024-06-28,4721176.0,3893732.9715,827443.0285,0.0
2024-07-01,4746882.52,3919045.1064999998,827837.4135,78877.0
2024-07-02,4981348.52,4153511.1064999998,827837.4135,0.0
2024-07-03,5103796.54,4275769.2665,828027.2735,37972.0
2024-07-04,4992206.48,4163319.5865,828886.8935,171924.0
2024-07-05,5093946.35,4264427.041499999,829519.3085,126483.0
2024-07-08,4872333.73,4042766.3365,829567.3935,9617.0
2024-07-09,4803390.8,3971562.2865,831828.5135,452224.0
2024-07-10,4616486.8,3784658.2865,831828.5135,0.0
2024-07-11,4889861.8,4058033.2865,831828.5135,0.0
2024-07-12,4885129.91,4051856.9615,833272.9485,288887.0
2024-07-15,4825512.91,3992239.9615,833272.9485,0.0
2024-07-16,4827104.05,3993504.4765,833599.5735,65325.0
2024-07-17,4761111.23,3923206.4765000003,837904.7535000001,861036.0
2024-07-18,4784281.41,3946197.5765,838083.8335000001,35816.0
2024-07-19,4815297.1,3976981.6914999997,838315.4085,46315.0
2024-07-22,4911080.93,4070672.8214999996,840408.1085,418540.0
2024-07-23,4958483.04,4117920.5115,840562.5285,30884.0
2024-07-24,4877707.04,4037144.5115,840562.5285,0.0
2024-07-25,4942152.09,4098095.2814999996,844056.8085,698856.0
2024-07-26,5003471.09,4159414.2814999996,844056.8085,0.0
2024-07-29,5084005.09,4239948.2815,844056.8085,0.0
2024-07-30,5188325.51,4342010.9015,846314.6085000001,451560.0
2024-07-31,5310114.51,4463799.9015,846314.6085000001,0.0
2024-08-01,5375109.51,4528794.9015,846314.6085000001,0.0
2024-08-02,5330611.68,4481894.171499999,848717.5085000001,480580.0
2024-08-05,5268823.68,4420106.171499999,848717.5085000001,0.0
2024-08-06,5457008.68,4608291.171499999,848717.5085000001,0.0
2024-08-07,5461041.84,4609004.7815,852037.0585000002,663910.0
2024-08-08,5488340.84,4636303.7815,852037.0585000002,0.0
2024-08-09,5414476.35,4562251.831499999,852224.5185000001,37492.0
2024-08-12,5317290.84,4461528.4915,855762.3485000001,707566.0
2024-08-13,5468661.84,4612899.4915,855762.3485000001,0.0
2024-08-14,5528467.4,4672353.0515,856114.3485000001,70400.0
2024-08-15,5539718.23,4681919.5765,857798.6535000001,336861.0
2024-08-16,5423401.23,4565602.5765,857798.6535000001,0.0
2024-08-19,5473916.23,4616117.5765,857798.6535000001,0.0
2024-08-20,5441095.54,4581053.7315,860041.8085000002,448631.0
2024-08-21,5390786.54,4530744.7315,860041.8085000002,0.0
2024-08-22,5333354.54,4473312.7315,860041.8085000002,0.0
2024-08-23,5191731.5,4330286.6415,861444.8585000002,280610.0
2024-08-26,5322140.5,4460695.6415,861444.8585000002,0.0
2024-08-27,5287976.5,4426531.6415,861444.8585000002,0.0
2024-08-28,5334071.76,4469602.5215,864469.2385000002,604876.0
2024-08-29,5381457.76,4516988.5215,864469.2385000002,0.0
2024-08-30,5499980.76,4635511.5215,864469.2385000002,0.0
2024-09-02,5454084.01,4587061.0764999995,867022.9335000002,510739.0
2024-09-03,5475506.01,4608483.0764999995,867022.9335000002,0.0
2024-09-04,5398696.01,4531673.0764999995,867022.9335000002,0.0
2024-09-05,5516698.82,4647169.1365,869529.6835000002,501350.0
2024-09-06,5416561.82,4547032.1365,869529.6835000002,0.0
2024-09-09,5483089.82,4613560.1365,869529.6835000002,0.0
2024-09-10,5604998.039999999,4730925.741499999,874072.2985000001,908523.0
2024-09-11,5600382.04,4726309.7415,874072.2985000001,0.0
2024-09-12,5591906.43,4717711.1065,874195.3235000002,24605.0
2024-09-13,5557549.31,4678593.3565,878955.9535000002,952126.0
2024-09-18,5433722.31,4554766.3565,878955.9535000002,0.0
2024-09-19,5655703.31,4776747.3565,878955.9535000002,0.0
2024-09-20,5594354.63,4711159.2014999995,883195.4285000002,847895.0
2024-09-23,5639096.63,4755901.2014999995,883195.4285000002,0.0
2024-09-24,5796281.63,4913086.2014999995,883195.4285000002,0.0
2024-09-25,5884411.44,4997762.6765,886648.7635000001,690667.0
2024-09-26,6049259.44,5162610.6765,886648.7635000001,0.0
2024-09-27,6308882.44,5422233.6765,886648.7635000001,0.0
2024-09-30,6864109.52,5975403.0665,888706.4535000001,411538.0
2024-10-08,7298194.52,6409488.0665,888706.4535000001,0.0
2024-10-09,6561440.52,5672734.0665,888706.4535000001,0.0
2024-10-10,6719983.869999999,5829322.8264999995,890661.0435,390918.0
2024-10-11,6471219.869999999,5580558.8264999995,890661.0435,0.0
2024-10-14,6767263.869999999,5876602.8264999995,890661.0435,0.0
2024-10-15,6718534.75,5824239.0015,894295.7485,726941.0
2024-10-16,6757251.75,5862956.0015,894295.7485,0.0
2024-10-17,6630031.75,5735736.0015,894295.7485,0.0
2024-10-18,6797155.35,5897404.5115,899750.8385,1091018.0
2024-10-21,6978657.39,6078443.121499999,900214.2685,92686.0
2024-10-22,7211686.39,6311472.121499999,900214.2685,0.0
2024-10-23,7414046.489999999,6510680.9465,903365.5435,630255.0
2024-10-24,7579731.779999999,6676067.556499999,903664.2235000001,59736.0
2024-10-25,7947222.779999999,7043558.556499999,903664.2235000001,0.0
2024-10-28,8418360.149999999,7513426.636499998,904933.5135000001,253858.0
2024-10-29,8311896.149999999,7406962.636499999,904933.5135000001,0.0
2024-10-30,8314675.41,7409474.8965,905200.5135000001,53400.0
2024-10-31,8441598.92,7524908.286499999,916690.6335000001,2298024.0
2024-11-01,8253884.58,7337162.2415,916722.3385000001,6341.0
2024-11-04,8421837.049999999,7504598.646499999,917238.4035,103212.99999999999
2024-11-05,8739216.76,7805372.251499999,933844.5085,3321221.0
2024-11-06,8976572.229999999,8042052.581499998,934519.6485,135028.0
2024-11-07,9182569.23,8248049.5815,934519.6485,0.0
2024-11-08,9150145.23,8203706.5815,946438.6485,2383800.0
2024-11-11,9429470.23,8483031.581500001,946438.6485,0.0
2024-11-12,9473262.16,8526473.2165,946788.9435,70059.0
2024-11-13,9493170.419999998,8533538.391499998,959632.0285,2568617.0
2024-11-14,9245763.2,8284430.171499999,961333.0285,340200.0
2024-11-15,9045402.2,8084069.171499999,961333.0285,0.0
2024-11-18,8794932.87,7823006.371499999,971926.4985,2118694.0
2024-11-19,8961779.87,7989853.371499999,971926.4985,0.0
2024-11-20,9234052.87,8262126.371499999,971926.4985,0.0
2024-11-21,9286071.28,8304641.081499999,981430.1984999999,1900740.0
2024-11-22,8899843.28,7918413.081499999,981430.1984999999,0.0
2024-11-25,9176672.28,8195242.081499999,981430.1984999999,0.0
2024-11-26,9197373.6,8208282.046499999,989091.5534999999,1532271.0
2024-11-27,9268757.6,8279666.046499999,989091.5534999999,0.0
2024-11-28,9436624.6,8447533.0465,989091.5534999999,0.0
2024-11-29,9617886.86,8620594.6215,997292.2385,1640137.0
2024-12-02,9898989.86,8901697.6215,997292.2385,0.0
2024-12-03,9970693.86,8973401.6215,997292.2385,0.0
2024-12-04,9909049.25,8907725.5915,1001323.6585,806284.0
2024-12-05,10018985.91,9015606.1515,1003379.7585,411220.0
2024-12-06,10169025.91,9165646.1515,1003379.7585,0.0
2024-12-09,10221434.0,9209237.7065,1012196.2935,1763307.0
2024-12-10,10234430.46,9220363.501500001,1014066.9585000001,374133.0
2024-12-11,10346097.46,9332030.501500001,1014066.9585000001,0.0
2024-12-12,10796337.54,9773940.6265,1022396.9135,1665991.0
2024-12-13,10591855.1,9569285.986499999,1022569.1135,34440.0
2024-12-16,10580751.099999998,9558181.986499999,1022569.1135,0.0
2024-12-17,9877721.8,8850178.5165,1027543.2835,994834.0
2024-12-18,9906913.8,8879370.5165,1027543.2835,0.0
2024-12-19,9809978.69,8782171.2465,1027807.4435,52832.0
2024-12-20,10051547.72,9015663.6315,1035884.0885000001,1615329.0
2024-12-23,9245494.72,8209610.6315,1035884.0885000001,0.0
2024-12-24,9119457.7,8083453.511499999,1036004.1885,24020.0
2024-12-25,8886529.43,7843449.581499999,1043079.8485000001,1415132.0
2024-12-26,9057718.43,8014638.581499999,1043079.8485000001,0.0
2024-12-27,9272026.93,8228503.9065,1043523.0235000001,88635.0
2024-12-30,9013039.44,7961542.2665,1051497.1735,1594830.0
2024-12-31,8818636.439999998,7767139.266499998,1051497.1735,0.0
2025-01-02,8800363.479999997,7664014.112999996,1136349.367,16970438.700000003
2025-01-03,8801041.079999996,7664691.712999996,1136349.367,0.0
2025-01-06,8801210.479999999,7664861.112999998,1136349.367,0.0
2025-01-07,8801888.079999998,7665538.712999998,1136349.367,0.0
2025-01-08,8804683.179999998,7668333.812999997,1136349.367,0.0
2025-01-09,8803666.779999997,7667317.412999997,1136349.367,0.0
2025-01-10,8804429.079999998,7668079.712999998,1136349.367,0.0
2025-01-13,8803073.879999997,7666724.512999997,1136349.367,0.0
2025-01-14,8802396.279999997,7666046.912999997,1136349.367,0.0
2025-01-15,8804005.579999998,7667656.212999998,1136349.367,0.0
2025-01-16,8803243.279999997,7666893.912999997,1136349.367,0.0
2025-01-17,8803920.879999997,7667571.512999997,1136349.367,0.0
2025-01-20,8803412.679999998,7667063.312999997,1136349.367,0.0
2025-01-21,8804513.779999997,7668164.412999997,1136349.367,0.0
2025-01-22,8805276.079999998,7668926.712999998,1136349.367,0.0
2025-01-23,8804767.879999997,7668418.512999997,1136349.367,0.0
2025-01-24,8804937.279999997,7668587.912999997,1136349.367,0.0
2025-01-27,8810442.779999997,7674093.412999997,1136349.367,0.0
2025-02-05,8809765.179999998,7630988.735999998,1178776.4440000001,8485415.4
2025-02-06,8812974.259999998,7625402.5359999975,1187571.7240000002,1759056.0
2025-02-07,8854908.259999998,7667336.5359999975,1187571.7240000002,0.0
2025-02-10,8939581.259999998,7752009.5359999975,1187571.7240000002,0.0
2025-02-11,8917327.569999997,7721161.240999997,1196166.3290000001,1718921.0
2025-02-12,8891982.719999997,7695667.150999997,1196315.5690000001,29848.0
2025-02-13,8840941.719999997,7644626.150999997,1196315.5690000001,0.0
2025-02-14,8832800.149999997,7627163.810999997,1205636.3390000002,1864154.0
2025-02-17,9165853.149999997,7960216.810999997,1205636.3390000002,0.0
2025-02-18,9168049.399999997,7961200.2059999965,1206849.1940000001,242571.0
2025-02-19,9327099.279999996,8110511.840999995,1216587.4390000002,1947649.0
2025-02-20,9336444.919999998,8119428.030999998,1217016.8890000002,85890.0
2025-02-21,9272120.919999998,8055104.030999998,1217016.8890000002,0.0
2025-02-24,9374018.209999995,8148612.435999995,1225405.7740000002,1677777.0
2025-02-25,9378602.209999995,8153196.435999995,1225405.7740000002,0.0
2025-02-26,9471608.209999995,8246202.435999995,1225405.7740000002,0.0
2025-02-27,9449697.239999996,8216375.560999996,1233321.6790000002,1583181.0
2025-02-28,9344992.949999996,8111489.830999996,1233503.1190000002,36288.0
2025-03-03,9350435.959999995,8116573.800999995,1233862.1590000002,71808.0
2025-03-04,9392698.239999998,8154162.265999998,1238535.9740000002,934763.0
2025-03-05,9295020.239999998,8056484.265999998,1238535.9740000002,0.0
2025-03-06,9419055.239999998,8180519.265999998,1238535.9740000002,0.0
2025-03-07,9300601.339999996,8057483.2109999955,1243118.1290000002,916431.0
2025-03-10,9669366.339999996,8426248.210999995,1243118.1290000002,0.0
2025-03-11,9710162.639999997,8466346.950999998,1243815.6890000002,139512.0
2025-03-12,9760875.989999998,8510420.240999999,1250455.7490000003,1328012.0
2025-03-13,9628603.989999998,8378148.2409999985,1250455.7490000003,0.0
2025-03-14,9815679.989999998,8565224.240999999,1250455.7490000003,0.0
2025-03-17,9897751.719999995,8641419.110999994,1256332.6090000004,1175372.0
2025-03-18,9896119.719999995,8639787.110999994,1256332.6090000004,0.0
2025-03-19,9833423.719999995,8577091.110999994,1256332.6090000004,0.0
2025-03-20,9856069.599999998,8596798.795999996,1259270.8040000005,587639.0
2025-03-21,9635550.599999998,8376279.795999997,1259270.8040000005,0.0
2025-03-24,9211523.599999998,7952251.010999997,1259272.5890000004,357.0
2025-03-25,9194818.849999998,7933559.7459999975,1261259.1040000003,397303.0
2025-03-26,9504050.849999998,8242791.7459999975,1261259.1040000003,0.0
2025-03-27,9324298.069999997,8062672.990999997,1261625.0790000004,73195.0
2025-03-28,9019939.309999997,7752236.260999996,1267703.0490000003,1215594.0
2025-03-31,8782706.309999997,7515003.260999996,1267703.0490000003,0.0
2025-04-01,8813702.959999997,7467961.955499997,1345741.0045000003,15607591.1
2025-04-02,8814324.559999997,7468583.555499997,1345741.0045000003,0.0
2025-04-03,8814713.059999997,7468972.055499997,1345741.0045000003,0.0
2025-04-07,8814013.759999998,7468272.755499998,1345741.0045000003,0.0
2025-04-08,8884117.359999998,7538376.355499998,1345741.0045000003,0.0
2025-04-09,8960368.859999998,7614627.855499998,1345741.0045000003,0.0
2025-04-10,8988961.959999997,7643220.955499997,1345741.0045000003,0.0
2025-04-11,8910097.859999998,7564356.855499998,1345741.0045000003,0.0
2025-04-14,8909932.759999998,7564191.755499998,1345741.0045000003,0.0
2025-04-15,8942537.059999997,7596796.055499997,1345741.0045000003,0.0
2025-04-16,8909602.559999997,7563861.555499997,1345741.0045000003,0.0
2025-04-17,8884476.759999998,7538735.755499998,1345741.0045000003,0.0
2025-04-18,8892819.659999996,7547078.655499997,1345741.0045000003,0.0
2025-04-21,8885496.559999997,7539755.555499997,1345741.0045000003,0.0
2025-04-22,8888721.059999997,7542980.055499997,1345741.0045000003,0.0
2025-04-23,8871705.059999997,7525964.055499997,1345741.0045000003,0.0
2025-04-24,8874375.959999997,7528634.955499997,1345741.0045000003,0.0
2025-04-25,8877678.159999996,7531937.155499997,1345741.0045000003,0.0
2025-04-28,8877522.759999998,7531781.755499998,1345741.0045000003,0.0
2025-04-29,8896112.159999996,7550371.155499997,1345741.0045000003,0.0
2025-04-30,8927123.659999996,7581382.655499997,1345741.0045000003,0.0
2025-05-06,8933815.459999997,7549035.644499997,1384779.8155000003,7807762.2
2025-05-07,8927336.309999995,7529619.339499995,1397716.9705000003,2587431.0
2025-05-08,8952942.309999995,7555225.339499995,1397716.9705000003,0.0
2025-05-09,8938055.309999995,7540338.339499995,1397716.9705000003,0.0
2025-05-12,8958607.619999994,7551947.094499993,1406660.5255000002,1788711.0
2025-05-13,8922909.619999994,7516249.094499993,1406660.5255000002,0.0
2025-05-14,8899714.619999994,7493054.094499993,1406660.5255000002,0.0
2025-05-15,8935631.419999994,7519842.274499994,1415789.1455000003,1825724.0
2025-05-16,8957504.419999994,7541715.274499994,1415789.1455000003,0.0
2025-05-19,9059919.419999994,7644130.274499994,1415789.1455000003,0.0
2025-05-20,9226314.919999994,7801753.239499994,1424561.6805000002,1754507.0
2025-05-21,9110442.919999994,7685881.239499994,1424561.6805000002,0.0
2025-05-22,8988006.919999994,7563445.239499994,1424561.6805000002,0.0
2025-05-23,8879724.699999996,7447562.014499996,1432162.6855000001,1520201.0
2025-05-26,8986816.699999996,7554654.014499996,1432162.6855000001,0.0
2025-05-27,9068827.699999996,7636665.014499996,1432162.6855000001,0.0
2025-05-28,9011907.969999995,7577662.234499995,1434245.7355000002,416610.0
2025-05-29,9187423.969999995,7753178.234499995,1434245.7355000002,0.0
2025-05-30,9143148.969999995,7708903.234499995,1434245.7355000002,0.0
2025-06-03,9204969.759999994,7768303.424499994,1436666.3355000003,484120.0
2025-06-04,9290311.759999994,7853645.424499994,1436666.3355000003,0.0
2025-06-05,9282910.759999994,7846244.424499994,1436666.3355000003,0.0
2025-06-06,9383240.609999996,7944416.399499996,1438824.2105000003,431575.0
2025-06-09,9525028.609999996,8086204.399499996,1438824.2105000003,0.0
2025-06-10,9447150.609999996,8008326.399499996,1438824.2105000003,0.0
2025-06-11,9463978.029999996,8024769.024499996,1439209.0055000002,76959.0
2025-06-12,9508567.029999994,8069358.024499994,1439209.0055000002,0.0
2025-06-13,9292827.029999994,7853618.024499994,1439209.0055000002,0.0
2025-06-16,9409318.559999997,7967787.689499997,1441530.8705000002,464373.0
2025-06-17,9370217.559999997,7928686.689499997,1441530.8705000002,0.0
2025-06-18,9286000.559999997,7844469.689499997,1441530.8705000002,0.0
2025-06-19,9040963.409999996,7595305.684499996,1445657.7255000002,825371.0
2025-06-20,8992781.409999995,7547123.684499994,1445657.7255000002,0.0
2025-06-23,9218708.409999996,7773050.684499996,1445657.7255000002,0.0
2025-06-24,9541202.639999997,8093270.094499997,1447932.5455000002,454964.0
2025-06-25,9559207.639999997,8111275.094499997,1447932.5455000002,0.0
2025-06-26,9692641.839999996,8243582.929499996,1449058.9105000002,225273.0
2025-06-27,9789172.989999996,8337794.159499996,1451378.8305000002,463984.0
2025-06-30,9889050.989999996,8437672.159499995,1451378.8305000002,0.0
2025-07-01,10272688.989999996,8821310.159499995,1451378.8305000002,0.0
2025-07-02,10219425.529999994,8760735.914499994,1458689.6155,1462157.0
2025-07-03,10107961.529999994,8649271.914499994,1458689.6155,0.0
2025-07-04,9959258.529999994,8500568.914499994,1458689.6155,0.0
2025-07-07,10157910.569999997,8694432.774499997,1463477.7955,957636.0
2025-07-08,10196589.569999997,8733111.774499997,1463477.7955,0.0
2025-07-09,10179922.569999997,8716444.774499997,1463477.7955,0.0
2025-07-10,10240758.859999996,8773005.199499996,1467753.6605,855173.0
2025-07-11,10151925.859999996,8684172.199499996,1467753.6605,0.0
2025-07-14,10273867.859999996,8806114.199499996,1467753.6605,0.0
2025-07-15,10062807.949999994,8590464.494499994,1472343.4555,917959.0
2025-07-16,10159351.949999996,8687008.494499996,1472343.4555,0.0
2025-07-17,10193528.949999996,8721185.494499996,1472343.4555,0.0
2025-07-18,10220847.849999994,8745974.979499994,1474872.8705,505883.0
2025-07-21,10515076.849999994,9040203.979499994,1474872.8705,0.0
2025-07-22,10536395.849999994,9061522.979499994,1474872.8705,0.0
2025-07-23,10450142.869999995,8972520.829499995,1477622.0405,549834.0
2025-07-24,10556344.869999995,9078722.829499995,1477622.0405,0.0
2025-07-25,10686422.869999995,9208800.829499995,1477622.0405,0.0
2025-07-28,10730785.849999994,9248361.439499995,1482424.4105,960474.0
2025-07-29,10828958.849999994,9346534.439499995,1482424.4105,0.0
2025-07-30,10880386.459999995,9396701.209499996,1483685.2505,252168.0
2025-07-31,10704493.179999996,9214010.004499996,1490483.1755000001,1359585.0
2025-08-01,10810556.179999996,9320073.004499996,1490483.1755000001,0.0
2025-08-04,10951899.989999996,9461315.869499996,1490584.1205000002,20189.0
2025-08-05,11078191.899999997,9582854.619499996,1495337.2805,950632.0
2025-08-06,11158163.899999997,9662826.619499996,1495337.2805,0.0
2025-08-07,11119577.829999994,9623981.129499994,1495596.7005,51884.00000000001
2025-08-08,11187089.199999996,9686781.609499995,1500307.5905,942178.0
2025-08-11,11336315.199999996,9836007.609499995,1500307.5905,0.0
2025-08-12,11291037.199999996,9790729.609499995,1500307.5905,0.0
2025-08-13,11185043.789999995,9679520.239499995,1505523.5505,1043192.0
2025-08-14,10858418.789999995,9352895.239499995,1505523.5505,0.0
2025-08-15,10852696.789999995,9347173.239499995,1505523.5505,0.0
2025-08-18,10995556.779999994,9483079.694499994,1512477.0854999998,1390707.0
2025-08-19,11331350.779999994,9818873.694499994,1512477.0854999998,0.0
2025-08-20,11378641.779999994,9866164.694499994,1512477.0854999998,0.0
2025-08-21,11493562.519999996,9975418.084499996,1518144.4355,1133470.0
2025-08-22,11364539.519999994,9846395.084499994,1518144.4355,0.0
2025-08-25,11344776.519999996,9826632.084499996,1518144.4355,0.0
2025-08-26,11530404.109999996,10009107.819499996,1521296.2905,630371.0
2025-08-27,11095530.109999994,9574233.819499994,1521296.2905,0.0
2025-08-28,10976952.109999996,9455655.819499996,1521296.2905,0.0
2025-08-29,10873963.789999995,9344381.629499996,1529582.1605,1657174.0
2025-09-01,11041128.789999995,9511546.629499996,1529582.1605,0.0
2025-09-02,11002902.789999995,9473320.629499996,1529582.1605,0.0
2025-09-03,10660275.669999994,9124137.214499995,1536138.4555,1311259.0
2025-09-04,10817691.669999994,9281553.214499995,1536138.4555,0.0
2025-09-05,10992909.669999994,9456771.214499995,1536138.4555,0.0
2025-09-08,11204509.939999994,9663419.604499994,1541090.3354999998,990376.0
2025-09-09,11166735.939999994,9625645.604499994,1541090.3354999998,0.0
2025-09-10,11232760.939999994,9691670.604499994,1541090.3354999998,0.0
2025-09-11,11275988.699999996,9729885.049499996,1546103.6504999998,1002663.0
2025-09-12,11152306.699999996,9606203.049499996,1546103.6504999998,0.0
2025-09-15,11252321.699999996,9706218.049499996,1546103.6504999998,0.0
2025-09-16,11552060.359999996,10000853.574499996,1551206.7854999998,1020627.0
2025-09-17,11451416.359999996,9900209.574499996,1551206.7854999998,0.0
2025-09-18,11130626.359999996,9579419.574499996,1551206.7854999998,0.0
2025-09-19,11017635.829999994,9458675.509499995,1558960.3204999997,1550707.0
2025-09-22,10906575.829999994,9347615.509499995,1558960.3204999997,0.0
2025-09-23,10730550.829999994,9171590.509499995,1558960.3204999997,0.0
2025-09-24,11001773.879999995,9440521.089499995,1561252.7904999997,458494.0
2025-09-25,10873135.879999995,9311883.089499995,1561252.7904999997,0.0
2025-09-26,10929406.879999995,9368154.089499995,1561252.7904999997,0.0
2025-09-29,11295343.879999995,9734091.089499995,1561252.7904999997,0.0
2025-09-30,11612362.879999995,10051110.089499995,1561252.7904999997,0.0
2025-10-09,11834409.879999995,10273157.089499995,1561252.7904999997,0.0
2025-10-10,12344185.429999994,10772166.794499995,1572018.6354999996,2153169.0
2025-10-13,12212513.429999994,10640494.794499995,1572018.6354999996,0.0
2025-10-14,12209090.429999994,10637071.794499995,1572018.6354999996,0.0
2025-10-15,12206436.419999994,10623654.869499994,1582781.5504999997,2152583.0
2025-10-16,12063113.419999994,10480331.869499994,1582781.5504999997,0.0
2025-10-17,11942881.419999994,10360099.869499994,1582781.5504999997,0.0
2025-10-20,12180475.209999992,10594133.254499992,1586341.9554999997,712081.0
2025-10-21,12487118.209999992,10900776.254499992,1586341.9554999997,0.0
2025-10-22,12592635.209999992,11006293.254499992,1586341.9554999997,0.0
2025-10-23,12576598.039999995,10987245.464499995,1589352.5754999998,602124.0
2025-10-24,12686848.039999995,11097495.464499995,1589352.5754999998,0.0
2025-10-27,12812970.039999995,11223617.464499995,1589352.5754999998,0.0
2025-10-28,13089390.799999991,11495791.124499992,1593599.6755,849420.0
2025-10-29,12780372.279999996,11186079.354499996,1594292.9255,138650.0
2025-10-30,12759269.279999994,11164976.354499994,1594292.9255,0.0
2025-10-31,12962032.289999995,11364093.664499996,1597938.6254999998,729140.0
2025-11-03,13115875.289999995,11517936.664499996,1597938.6254999998,0.0
2025-11-04,13156855.289999995,11558916.664499996,1597938.6254999998,0.0
2025-11-05,13372705.119999994,11768992.519499993,1603712.6005,1154795.0
2025-11-06,13431286.119999994,11827573.519499993,1603712.6005,0.0
2025-11-07,13500381.119999994,11896668.519499993,1603712.6005,0.0
2025-11-10,13641922.269999994,12031529.974499993,1610392.2955,1335939.0
2025-11-11,13788099.269999994,12177706.974499993,1610392.2955,0.0
2025-11-12,13795402.269999994,12185009.974499993,1610392.2955,0.0
2025-11-13,13893847.019999994,12276143.079499993,1617703.9405,1462329.0
2025-11-14,14002002.019999994,12384298.079499993,1617703.9405,0.0
2025-11-17,14143544.019999994,12525840.079499993,1617703.9405,0.0
2025-11-18,14004202.529999994,12380104.809499994,1624097.7205,1278756.0
2025-11-19,13614982.529999994,11990884.809499994,1624097.7205,0.0
2025-11-20,13437176.529999994,11813078.809499994,1624097.7205,0.0
2025-11-21,12683508.259999994,11053378.129499994,1630130.1305,1206482.0
2025-11-24,13050283.259999994,11420153.129499994,1630130.1305,0.0
2025-11-25,13340978.259999994,11710848.129499994,1630130.1305,0.0
2025-11-26,13127721.069999997,11491611.809499998,1636109.2604999999,1195826.0
2025-11-27,13259136.069999997,11623026.809499998,1636109.2604999999,0.0
2025-11-28,13550314.069999997,11914204.809499998,1636109.2604999999,0.0
2025-12-01,13617894.639999991,11978438.284499992,1639456.3554999998,669419.0
2025-12-02,13586039.639999991,11946583.284499992,1639456.3554999998,0.0
2025-12-03,13365142.639999991,11725686.284499992,1639456.3554999998,0.0
2025-12-04,13054982.359999994,11411644.859499995,1643337.5004999998,776229.0
2025-12-05,13332778.359999994,11689440.859499995,1643337.5004999998,0.0
2025-12-08,13493381.359999994,11850043.859499995,1643337.5004999998,0.0
2025-12-09,13338161.049999991,11691644.924499992,1646516.1254999998,635725.0
2025-12-10,13017693.049999991,11371176.924499992,1646516.1254999998,0.0
2025-12-11,12565666.049999991,10919149.924499992,1646516.1254999998,0.0
2025-12-12,12248546.909999996,10598950.739499997,1649596.1704999998,616009.0
2025-12-15,12458748.909999996,10809152.739499997,1649596.1704999998,0.0
2025-12-16,12208657.909999996,10559061.739499997,1649596.1704999998,0.0
2025-12-17,12269667.409999996,10617487.784499997,1652179.6254999998,516691.0
2025-12-18,12527536.409999996,10875356.784499997,1652179.6254999998,0.0
2025-12-19,12914878.409999996,11262698.784499997,1652179.6254999998,0.0
2025-12-22,12838827.919999994,11183423.769499995,1655404.1504999998,644905.0
2025-12-23,12763531.919999994,11108127.769499995,1655404.1504999998,0.0
2025-12-24,12927308.919999994,11271904.769499995,1655404.1504999998,0.0
2025-12-25,12973294.559999997,11310901.524499997,1662393.0354999998,1397777.0
2025-12-26,12860092.559999997,11197699.524499997,1662393.0354999998,0.0
2025-12-29,13007837.559999997,11345444.524499997,1662393.0354999998,0.0
2025-12-30,12877025.949999996,11208880.764499996,1668145.1854999997,1150430.0
2025-12-31,12875495.949999996,11207350.764499996,1668145.1854999997,0.0
2026-01-05,12866276.169999996,11072568.514499996,1793707.6554999996,25112494.0
2026-01-06,12865398.369999995,11071690.714499995,1793707.6554999996,0.0
2026-01-07,12867404.769999996,11073697.114499995,1793707.6554999996,0.0
2026-01-08,12867906.369999995,11074198.714499995,1793707.6554999996,0.0
2026-01-09,12868658.769999996,11074951.114499995,1793707.6554999996,0.0
2026-01-12,12868407.969999995,11074700.314499995,1793707.6554999996,0.0
2026-01-13,12869912.769999996,11076205.114499995,1793707.6554999996,0.0
2026-01-14,12870414.369999995,11076706.714499995,1793707.6554999996,0.0
2026-01-15,12872796.969999995,11079089.314499995,1793707.6554999996,0.0
2026-01-16,12875430.369999995,11081722.714499995,1793707.6554999996,0.0
2026-01-19,12874677.969999995,11080970.314499995,1793707.6554999996,0.0
2026-01-20,12874301.769999996,11080594.114499995,1793707.6554999996,0.0
2026-01-21,12872796.969999995,11079089.314499995,1793707.6554999996,0.0
2026-01-22,12873674.769999996,11079967.114499995,1793707.6554999996,0.0
2026-01-23,12874427.169999996,11080719.514499996,1793707.6554999996,0.0
2026-01-26,12875304.969999995,11081597.314499995,1793707.6554999996,0.0
2026-01-27,12875931.969999995,11082224.314499995,1793707.6554999996,0.0
2026-01-28,12875681.169999996,11081973.514499996,1793707.6554999996,0.0
2026-01-29,12875555.769999998,11081848.114499997,1793707.6554999996,0.0
2026-01-30,12876558.969999995,11082851.314499995,1793707.6554999996,0.0
2026-02-02,12876308.169999996,11019815.869499996,1856492.3004999997,12556929.0
2026-02-03,12899924.179999994,11030581.479499994,1869342.7004999996,2570080.0
2026-02-04,12933279.179999994,11063936.479499994,1869342.7004999996,0.0
2026-02-05,12941036.179999994,11071693.479499994,1869342.7004999996,0.0
2026-02-06,12977396.659999996,11095335.814499997,1882060.8454999996,2543629.0
2026-02-09,13071559.659999996,11189498.814499997,1882060.8454999996,0.0
2026-02-10,13072857.659999996,11190796.814499997,1882060.8454999996,0.0
2026-02-11,13038709.929999996,11143936.709499996,1894773.2204999996,2542475.0
2026-02-12,12896030.929999996,11001257.709499996,1894773.2204999996,0.0
2026-02-13,12914288.929999996,11019515.709499996,1894773.2204999996,0.0
2026-02-24,13071261.599999998,11163079.254499998,1908182.3454999996,2681825.0
2026-02-25,13043559.599999998,11135377.254499998,1908182.3454999996,0.0
2026-02-26,12985091.599999998,11076909.254499998,1908182.3454999996,0.0
2026-02-27,12932951.299999995,11013268.279499996,1919683.0204999996,2300135.0
2026-03-02,12437123.299999995,10517440.279499996,1919683.0204999996,0.0
2026-03-03,12102932.299999995,10183249.279499996,1919683.0204999996,0.0
2026-03-04,12012930.889999997,10090339.814499997,1922591.0754999996,581611.0
2026-03-05,12221697.889999997,10299106.814499997,1922591.0754999996,0.0
2026-03-06,12641746.889999997,10719155.814499997,1922591.0754999996,0.0
2026-03-09,12542245.789999995,10615230.754499996,1927015.0354999995,884792.0
2026-03-10,12917139.789999995,10990124.754499996,1927015.0354999995,0.0
2026-03-11,12794647.789999995,10867632.754499996,1927015.0354999995,0.0
2026-03-12,12553476.169999998,10622080.809499998,1931395.3604999995,876065.0
2026-03-13,12566448.169999998,10635052.809499998,1931395.3604999995,0.0
2026-03-16,12577201.169999998,10645805.809499998,1931395.3604999995,0.0
2026-03-17,12358871.179999996,10424671.699499996,1934199.4804999996,560824.0
2026-03-18,12592828.179999996,10658628.699499996,1934199.4804999996,0.0
2026-03-19,12190206.179999996,10256006.699499996,1934199.4804999996,0.0
2026-03-20,11649892.179999996,9712791.624499997,1937100.5554999996,580215.0
2026-03-23,10907991.179999996,8970890.624499997,1937100.5554999996,0.0
2026-03-24,11659829.179999996,9722728.624499997,1937100.5554999996,0.0
2026-03-25,11953750.259999998,10014053.689499998,1939696.5704999994,519203.0
2026-03-26,11755830.259999998,9816133.689499998,1939696.5704999994,0.0
2026-03-27,11972916.259999998,10033219.689499998,1939696.5704999994,0.0
2026-03-30,12142194.329999996,10199167.579499997,1943026.7504999994,666036.0
2026-03-31,11919821.329999996,9976794.579499997,1943026.7504999994,0.0
2026-04-01,12159548.609999996,10098064.024499996,2061484.5854999993,23691567.0
2026-04-02,12161318.609999996,10099834.024499996,2061484.5854999993,0.0
2026-04-03,12166038.609999996,10104554.024499996,2061484.5854999993,0.0
2026-04-07,12164268.609999996,10102784.024499996,2061484.5854999993,0.0
2026-04-08,12161082.609999996,10099598.024499996,2061484.5854999993,0.0
2026-04-09,12162498.609999996,10101014.024499996,2061484.5854999993,0.0
2026-04-10,12163324.609999996,10101840.024499996,2061484.5854999993,0.0
2026-04-13,12164032.609999996,10102548.024499996,2061484.5854999993,0.0
2026-04-14,12164858.609999996,10103374.024499996,2061484.5854999993,0.0
2026-04-15,12164976.609999996,10103492.024499996,2061484.5854999993,0.0
2026-04-16,12164150.609999996,10102666.024499996,2061484.5854999993,0.0
2026-04-17,12165566.609999996,10104082.024499996,2061484.5854999993,0.0
2026-04-20,12165684.609999996,10104200.024499996,2061484.5854999993,0.0
2026-04-21,12166038.609999996,10104554.024499996,2061484.5854999993,0.0
2026-04-22,12166274.609999996,10104790.024499996,2061484.5854999993,0.0
2026-04-23,12166510.609999996,10105026.024499996,2061484.5854999993,0.0
2026-04-24,12167808.609999996,10106324.024499996,2061484.5854999993,0.0
2026-04-27,12167690.609999996,10106206.024499996,2061484.5854999993,0.0
2026-04-28,12168870.609999996,10107386.024499996,2061484.5854999993,0.0
2026-04-29,12170404.609999996,10108920.024499996,2061484.5854999993,0.0
2026-04-30,12170758.609999996,10109274.024499996,2061484.5854999993,0.0
2026-05-06,12170522.609999996,10049799.074499996,2120723.5354999993,11847790.0
2026-05-07,12179162.859999996,10046302.549499996,2132860.310499999,2427355.0
2026-05-08,12209187.859999996,10076327.549499996,2132860.310499999,0.0
2026-05-11,12237750.859999996,10104890.549499996,2132860.310499999,0.0
2026-05-12,12185972.529999994,10040986.304499995,2144986.2254999992,2425183.0
2026-05-13,12177820.529999994,10032834.304499995,2144986.2254999992,0.0
2026-05-14,12252181.529999994,10107195.304499995,2144986.2254999992,0.0
2026-05-15,12133349.609999996,9975848.709499996,2157500.900499999,2502935.0
2026-05-18,12237363.609999996,10079862.709499996,2157500.900499999,0.0
2026-05-19,12231948.609999996,10074447.709499996,2157500.900499999,0.0
2026-05-20,12090490.359999994,9920550.904499995,2169939.455499999,2487711.0
2026-05-21,11722365.359999994,9552425.904499995,2169939.455499999,0.0
2026-05-22,12023452.359999994,9853512.904499995,2169939.455499999,0.0
2026-05-25,11785272.989999996,9604613.464499997,2180659.525499999,2144014.0
2026-05-26,11566659.989999996,9386000.464499997,2180659.525499999,0.0
2026-05-27,11296637.989999996,9115978.464499997,2180659.525499999,0.0
2026-05-28,11287258.869999994,9096993.959499994,2190264.910499999,1921077.0
