date,gross_value,net_value,cum_cost,daily_trade_value
2020-01-02,1000069.3,997096.1518,2973.1481999999996,991049.3999999999
2020-01-03,1000415.8,997442.6518,2973.1481999999996,0.0
2020-01-06,1000455.4,997482.2518,2973.1481999999996,0.0
2020-01-07,1000574.2,997601.0517999999,2973.1481999999996,0.0
2020-01-08,1000693.0,997719.8518,2973.1481999999996,0.0
2020-01-09,1000742.5,997769.3518,2973.1481999999996,0.0
2020-01-10,1000940.5,997967.3518,2973.1481999999996,0.0
2020-01-13,1001019.7,998046.5517999999,2973.1481999999996,0.0
2020-01-14,1001168.2000000002,998195.0518000001,2973.1481999999996,0.0
2020-01-15,1001247.4,998274.2518,2973.1481999999996,0.0
2020-01-16,1001267.2,998294.0517999999,2973.1481999999996,0.0
2020-01-17,1001633.5,998660.3518,2973.1481999999996,0.0
2020-01-20,1001524.6,998551.4517999999,2973.1481999999996,0.0
2020-01-21,1001643.4,998670.2518,2973.1481999999996,0.0
2020-01-22,1001940.4,998967.2518,2973.1481999999996,0.0
2020-01-23,1002821.5,999848.3518,2973.1481999999996,0.0
2020-02-03,1000327.5,993790.0341,6537.465899999999,1188105.9
2020-02-04,1005811.5,999274.0341,6537.465899999999,0.0
2020-02-05,1012309.5,1005772.0341,6537.465899999999,0.0
2020-02-06,1020243.5,1013102.2391,7141.260899999999,201265.0
2020-02-07,1027211.5,1020070.2391,7141.260899999999,0.0
2020-02-10,1035165.5,1028024.2391,7141.260899999999,0.0
2020-02-11,1026276.3100000004,1018513.5421000004,7762.767899999999,207169.0
2020-02-12,1034461.3100000004,1026698.5421000004,7762.767899999999,0.0
2020-02-13,1024253.3100000004,1016490.5421000004,7762.767899999999,0.0
2020-02-14,1025189.8000000004,1016807.0281000003,8382.7719,206668.0
2020-02-17,1057356.8000000005,1048974.0281000005,8382.7719,0.0
2020-02-18,1079507.8000000005,1071125.0281000005,8382.7719,0.0
2020-02-19,1067033.7300000002,1058000.2041000002,9033.5259,216918.0
2020-02-20,1094919.7300000002,1085886.2041000002,9033.5259,0.0
2020-02-21,1101697.0500000005,1092655.4721000006,9041.5779,2684.0
2020-02-24,1100480.5800000003,1090095.2931000004,10385.286900000001,447903.0
2020-02-25,1082957.5800000003,1072572.2931000004,10385.286900000001,0.0
2020-02-26,1077271.5800000003,1066886.2931000004,10385.286900000001,0.0
2020-02-27,1079879.91,1069347.8210999998,10532.0889,48934.0
2020-02-28,1014735.9100000004,1004203.8211000004,10532.0889,0.0
2020-03-02,1052887.91,1042355.8211,10532.0889,0.0
2020-03-03,1058950.41,1048151.9840999999,10798.4259,88779.0
2020-03-04,1079716.4100000004,1068917.9841000005,10798.4259,0.0
2020-03-05,1107302.41,1096503.9841,10798.4259,0.0
2020-03-06,1114446.9300000002,1103375.8941000002,11071.0359,90870.0
2020-03-09,1093408.9300000002,1082337.8941000002,11071.0359,0.0
2020-03-10,1127451.9300000002,1116380.8941000002,11071.0359,0.0
2020-03-11,1150205.4300000002,1139000.8971000002,11204.5329,44499.0
2020-03-12,1142974.4300000002,1131769.8971000002,11204.5329,0.0
2020-03-13,1138330.1000000003,1127073.5711000003,11256.5289,17332.0
2020-03-16,1095676.5000000002,1083780.7341000002,11895.765899999999,213079.0
2020-03-17,1085658.5000000002,1073762.7341000002,11895.765899999999,0.0
2020-03-18,1074078.5000000002,1062182.7341000002,11895.765899999999,0.0
2020-03-19,1098968.64,1086776.0540999998,12192.585899999998,98940.0
2020-03-20,1131292.4000000004,1119063.0851000003,12229.314899999998,12243.0
2020-03-23,1099434.4000000004,1087205.0851000003,12229.314899999998,0.0
2020-03-24,1131527.6800000002,1118551.1161000002,12976.563899999997,249083.0
2020-03-25,1160239.6800000002,1147263.1161000002,12976.563899999997,0.0
2020-03-26,1125978.5400000005,1112971.5441000005,13006.995899999998,10144.0
2020-03-27,1138955.9600000002,1125379.2911000003,13576.668899999999,189891.0
2020-03-30,1109320.9000000004,1095729.0631000004,13591.836899999998,5056.0
2020-03-31,1105729.3300000003,1092096.7951000002,13632.534899999999,13566.0
2020-04-01,1101413.05,1081241.3596,20171.6904,2179718.5
2020-04-02,1101423.95,1081252.2596,20171.6904,0.0
2020-04-03,1101707.35,1081535.6596000001,20171.6904,0.0
2020-04-07,1101718.25,1081546.5596,20171.6904,0.0
2020-04-08,1101805.4500000002,1081633.7596000002,20171.6904,0.0
2020-04-09,1101881.75,1081710.0596,20171.6904,0.0
2020-04-10,1102099.7500000002,1081928.0596000003,20171.6904,0.0
2020-04-13,1102154.25,1081982.5596,20171.6904,0.0
2020-04-14,1102176.05,1082004.3596,20171.6904,0.0
2020-04-15,1102165.15,1081993.4596,20171.6904,0.0
2020-04-16,1102208.75,1082037.0596,20171.6904,0.0
2020-04-17,1102208.75,1082037.0596,20171.6904,0.0
2020-04-20,1102317.75,1082146.0596,20171.6904,0.0
2020-04-21,1102448.55,1082276.8596,20171.6904,0.0
2020-04-22,1102513.9500000002,1082342.2596000002,20171.6904,0.0
2020-04-23,1102535.75,1082364.0596,20171.6904,0.0
2020-04-24,1102677.4500000002,1082505.7596000002,20171.6904,0.0
2020-04-27,1102721.05,1082549.3596,20171.6904,0.0
2020-04-28,1102764.65,1082592.9596,20171.6904,0.0
2020-04-29,1102622.95,1082451.2596,20171.6904,0.0
2020-04-30,1102797.35,1082625.6596000001,20171.6904,0.0
2020-05-06,1110545.7500000002,1086424.2179000003,24121.5321,1316613.9000000001
2020-05-07,1106388.7500000002,1082267.2179000003,24121.5321,0.0
2020-05-08,1109717.7500000002,1085596.2179000003,24121.5321,0.0
2020-05-11,1106095.7500000002,1081324.9939000001,24770.7561,216408.0
2020-05-12,1103965.7500000002,1079194.9939000001,24770.7561,0.0
2020-05-13,1100782.7500000002,1076011.9939000001,24770.7561,0.0
2020-05-14,1099408.7500000002,1073957.8459000003,25450.9041,226716.0
2020-05-15,1097803.7500000002,1072352.8459000003,25450.9041,0.0
2020-05-18,1078861.7500000002,1053410.8459000003,25450.9041,0.0
2020-05-19,1088173.7500000002,1062050.8099000002,26122.9401,224012.0
2020-05-20,1097791.7500000002,1071668.8099000002,26122.9401,0.0
2020-05-21,1111033.8000000005,1084836.0219000005,26197.7781,24946.0
2020-05-22,1100037.9400000002,1073107.3219,26930.6181,244280.0
2020-05-25,1080708.4500000002,1053719.3529000003,26989.0971,19493.0
2020-05-26,1099845.4500000002,1072856.3529000003,26989.0971,0.0
2020-05-27,1094549.8400000003,1067277.4079000002,27272.432099999998,94445.0
2020-05-28,1109767.8400000003,1082495.4079000002,27272.432099999998,0.0
2020-05-29,1129751.87,1102464.5339000002,27287.336099999997,4968.0
2020-06-01,1159505.87,1132053.3599,27452.510099999996,55058.0
2020-06-02,1173281.87,1145829.3599,27452.510099999996,0.0
2020-06-03,1206862.87,1179410.3599,27452.510099999996,0.0
2020-06-04,1240860.3600000003,1213054.4739000003,27805.886099999996,117792.0
2020-06-05,1227087.66,1198949.4668999999,28138.193099999997,110769.0
2020-06-08,1204750.66,1176612.4668999999,28138.193099999997,0.0
2020-06-09,1227972.3800000004,1199390.2889000003,28582.091099999998,147966.0
2020-06-10,1222660.85,1194020.1689000002,28640.681099999998,19530.0
2020-06-11,1211521.85,1182879.0419,28642.8081,709.0
2020-06-12,1201350.9800000002,1172376.5249000003,28974.4551,110549.0
2020-06-15,1198264.9800000002,1169290.5249000003,28974.4551,0.0
2020-06-16,1217872.9800000002,1188898.5249000003,28974.4551,0.0
2020-06-17,1230908.8600000003,1201400.2849000003,29508.5751,178040.0
2020-06-18,1219940.8600000003,1190432.2849000003,29508.5751,0.0
2020-06-19,1213320.8600000003,1183812.2849000003,29508.5751,0.0
2020-06-22,1203217.7300000002,1173511.3799000003,29706.3501,65925.0
2020-06-23,1192677.7300000002,1162971.3799000003,29706.3501,0.0
2020-06-24,1186122.7300000002,1156416.3799000003,29706.3501,0.0
2020-06-29,1181924.6800000002,1151923.4089000002,30001.271099999998,98307.0
2020-06-30,1209943.6800000002,1179942.4089000002,30001.271099999998,0.0
2020-07-01,1211391.7800000005,1181369.8239000004,30021.9561,6895.0
2020-07-02,1225654.2700000005,1195021.2949000006,30632.9751,203673.0
2020-07-03,1232635.2700000005,1202002.2949000006,30632.9751,0.0
2020-07-06,1276023.2700000005,1245390.2949000006,30632.9751,0.0
2020-07-07,1278105.7800000005,1247100.0669000004,31005.7131,124246.0
2020-07-08,1292681.7800000005,1261676.0669000004,31005.7131,0.0
2020-07-09,1313212.7800000005,1282207.0669000004,31005.7131,0.0
2020-07-10,1296711.7900000005,1265212.8229000005,31498.9671,164418.0
2020-07-13,1328608.7900000005,1297109.8229000005,31498.9671,0.0
2020-07-14,1324241.7900000005,1292742.8229000005,31498.9671,0.0
2020-07-15,1286360.9600000002,1254498.1229000003,31862.8371,121290.0
2020-07-16,1256137.9600000002,1224275.1229000003,31862.8371,0.0
2020-07-17,1248509.9600000002,1216647.1229000003,31862.8371,0.0
2020-07-20,1289954.5500000005,1257902.4789000005,32052.0711,63078.0
2020-07-21,1292677.5500000005,1260625.4789000005,32052.0711,0.0
2020-07-22,1284033.5500000005,1251981.4789000005,32052.0711,0.0
2020-07-23,1286153.7200000002,1253671.2959000003,32482.4241,143451.0
2020-07-24,1259130.7200000002,1226648.2959000003,32482.4241,0.0
2020-07-27,1258882.7200000002,1226400.2959000003,32482.4241,0.0
2020-07-28,1253854.7300000002,1220944.5149000003,32910.2151,142597.0
2020-07-29,1270266.7300000002,1237356.5149000003,32910.2151,0.0
2020-07-30,1278254.7300000002,1245344.5149000003,32910.2151,0.0
2020-07-31,1293739.9700000002,1260308.5319000003,33431.4381,173741.0
2020-08-03,1314668.9700000002,1281237.5319000003,33431.4381,0.0
2020-08-04,1311648.9700000002,1278217.5319000003,33431.4381,0.0
2020-08-05,1332799.4700000002,1299124.7709000001,33674.6991,81087.0
2020-08-06,1342063.4800000002,1308385.8229000003,33677.6571,986.0
2020-08-07,1321087.4800000002,1287409.8229000003,33677.6571,0.0
2020-08-10,1355611.5000000002,1321775.8059000003,33835.69409999999,52679.0
2020-08-11,1330196.5200000005,1296183.6159000006,34012.90409999999,59069.99999999999
2020-08-12,1323352.3400000003,1289332.8929000003,34019.44709999999,2181.0
2020-08-13,1341636.6500000004,1307184.1739000003,34452.47609999999,144343.0
2020-08-14,1354490.41,1320010.2138999999,34480.196099999994,9240.0
2020-08-17,1355029.41,1320549.2138999999,34480.196099999994,0.0
2020-08-18,1364006.7700000005,1329327.3979000004,34679.37209999999,66392.0
2020-08-19,1364571.7700000005,1329892.3979000004,34679.37209999999,0.0
2020-08-20,1338217.39,1303512.8719,34704.518099999994,8382.0
2020-08-21,1347993.6,1313101.2879,34892.312099999996,62598.0
2020-08-24,1364693.6,1329801.2879,34892.312099999996,0.0
2020-08-25,1375934.6,1341032.2709000001,34902.329099999995,3339.0
2020-08-26,1345848.8800000004,1310888.1199000003,34960.76009999999,19477.0
2020-08-27,1394179.8800000004,1359219.1199000003,34960.76009999999,0.0
2020-08-28,1383927.8800000004,1348967.1199000003,34960.76009999999,0.0
2020-08-31,1387718.2800000005,1352501.8959000006,35216.384099999996,85208.0
2020-09-01,1409366.2800000005,1374149.8959000006,35216.384099999996,0.0
2020-09-02,1437967.6100000003,1402713.2009000003,35254.4091,12674.999999999998
2020-09-03,1433533.1,1397524.5449,36008.5551,251382.0
2020-09-04,1449594.1,1413585.5449,36008.5551,0.0
2020-09-07,1464144.1,1428135.5449,36008.5551,0.0
2020-09-08,1507027.4600000002,1470110.6849000002,36916.7751,302740.0
2020-09-09,1481844.2500000002,1444866.8299000002,36977.420099999996,20215.0
2020-09-10,1372872.2500000002,1335894.8299000002,36977.420099999996,0.0
2020-09-11,1376978.29,1339285.9879,37692.30209999999,238294.0
2020-09-14,1426673.2900000005,1388980.9879000005,37692.30209999999,0.0
2020-09-15,1446136.8400000003,1408146.0409000004,37990.7991,99499.0
2020-09-16,1420589.1300000004,1381644.6339000002,38944.4961,317899.0
2020-09-17,1432533.1300000004,1393588.6339000002,38944.4961,0.0
2020-09-18,1439770.1300000004,1400825.6339000002,38944.4961,0.0
2020-09-21,1426128.1900000002,1386502.8049,39625.3851,226963.0
2020-09-22,1410279.1900000002,1370653.8049,39625.3851,0.0
2020-09-23,1425576.1900000002,1385950.8049,39625.3851,0.0
2020-09-24,1373864.3800000004,1333340.3089000003,40524.0711,299562.0
2020-09-25,1367581.3800000004,1327057.3089000003,40524.0711,0.0
2020-09-28,1335560.3800000004,1295036.3089000003,40524.0711,0.0
2020-09-29,1354615.2300000002,1313378.1189000001,41237.1111,237680.0
2020-09-30,1349481.2300000002,1308241.1159000003,41240.1141,1001.0
2020-10-09,1396762.2300000002,1355522.1159000003,41240.1141,0.0
2020-10-12,1436302.6800000002,1394683.6269000003,41619.0531,126313.0
2020-10-13,1443643.6800000002,1402024.6269000003,41619.0531,0.0
2020-10-14,1431116.6800000002,1389497.6269000003,41619.0531,0.0
2020-10-15,1430355.0600000003,1388303.7189000002,42051.3411,144096.0
2020-10-16,1442999.0600000003,1400947.7189000002,42051.3411,0.0
2020-10-19,1434750.3000000005,1392541.4289000004,42208.8711,52510.0
2020-10-20,1460424.7800000005,1417532.3889000006,42892.39109999999,227840.0
2020-10-21,1431355.7800000005,1388463.3889000006,42892.39109999999,0.0
2020-10-22,1439124.7800000005,1396232.3889000006,42892.39109999999,0.0
2020-10-23,1426727.0400000005,1383407.2839000006,43319.75609999999,142455.0
2020-10-26,1423211.0400000005,1379891.2839000006,43319.75609999999,0.0
2020-10-27,1419610.0400000005,1376290.2839000006,43319.75609999999,0.0
2020-10-28,1419492.5000000002,1375464.5009000003,44027.99909999999,236081.0
2020-10-29,1422120.5000000002,1378092.5009000003,44027.99909999999,0.0
2020-10-30,1372546.5000000002,1328518.5009000003,44027.99909999999,0.0
2020-11-02,1383756.9800000002,1338869.8439000002,44887.136099999996,286379.0
2020-11-03,1412661.9800000002,1367774.8439000002,44887.136099999996,0.0
2020-11-04,1404813.9800000002,1359926.8439000002,44887.136099999996,0.0
2020-11-05,1431163.7200000002,1385536.9339000003,45626.7861,246550.0
2020-11-06,1410001.7200000002,1364374.9339000003,45626.7861,0.0
2020-11-09,1432933.7200000002,1387306.9339000003,45626.7861,0.0
2020-11-10,1424023.8400000003,1377851.8039000004,46172.0361,181750.0
2020-11-11,1423640.8400000003,1377468.8039000004,46172.0361,0.0
2020-11-12,1432675.0900000003,1386500.8009000004,46174.289099999995,751.0
2020-11-13,1425504.6800000002,1378757.8979000002,46746.7821,190831.0
2020-11-16,1436901.6800000002,1390154.8979000002,46746.7821,0.0
2020-11-17,1425027.6800000002,1378280.8979000002,46746.7821,0.0
2020-11-18,1443929.4400000002,1396810.1839,47119.2561,124158.0
2020-11-19,1443769.4400000002,1396650.1839,47119.2561,0.0
2020-11-20,1449681.4400000002,1402562.1839,47119.2561,0.0
2020-11-23,1465570.0500000005,1418061.1869000006,47508.8631,129869.0
2020-11-24,1456118.0500000005,1408609.1869000006,47508.8631,0.0
2020-11-25,1432800.0500000005,1385291.1869000006,47508.8631,0.0
2020-11-26,1425234.2200000002,1376979.9079000002,48254.3121,248483.0
2020-11-27,1434806.2200000002,1386551.9079000002,48254.3121,0.0
2020-11-30,1437487.2200000002,1389232.9079000002,48254.3121,0.0
2020-12-01,1454358.2000000002,1405526.2289000002,48831.9711,192553.0
2020-12-02,1460965.2000000002,1412133.2289000002,48831.9711,0.0
2020-12-03,1451899.2000000002,1403067.2289000002,48831.9711,0.0
2020-12-04,1464729.6500000004,1415505.6389000004,49224.0111,130680.0
2020-12-07,1469235.6500000004,1420011.6389000004,49224.0111,0.0
2020-12-08,1463901.6500000004,1414677.6389000004,49224.0111,0.0
2020-12-09,1434623.8500000003,1384986.2859000002,49637.5641,137851.0
2020-12-10,1436589.85,1386952.2859,49637.5641,0.0
2020-12-11,1421960.8500000003,1372323.2859000002,49637.5641,0.0
2020-12-14,1423329.7200000002,1372891.8279000001,50437.892100000005,266776.0
2020-12-15,1398841.7200000002,1348403.8279000001,50437.892100000005,0.0
2020-12-16,1365757.7200000002,1315319.8279000001,50437.892100000005,0.0
2020-12-17,1384734.1100000003,1333780.9319000004,50953.178100000005,171762.0
2020-12-18,1372020.1100000003,1321066.9319000004,50953.178100000005,0.0
2020-12-21,1380670.1100000003,1329716.9319000004,50953.178100000005,0.0
2020-12-22,1340024.4700000002,1288504.2169,51520.2531,189025.0
2020-12-23,1336916.4700000002,1285396.2169,51520.2531,0.0
2020-12-24,1296187.4700000002,1244667.2169,51520.2531,0.0
2020-12-25,1316447.4500000002,1264428.5879000002,52018.8621,166203.0
2020-12-28,1285930.4500000002,1233911.5879000002,52018.8621,0.0
2020-12-29,1294648.4500000002,1242629.5879000002,52018.8621,0.0
2020-12-30,1299821.3100000003,1247295.3279000004,52525.9821,169040.0
2020-12-31,1322993.3100000003,1270467.3279000004,52525.9821,0.0
2021-01-04,1318632.0500000007,1258214.8661000007,60417.1839,2630400.5999999996
2021-01-05,1318841.6500000006,1258424.4661000005,60417.1839,0.0
2021-01-06,1319378.7500000005,1258961.5661000004,60417.1839,0.0
2021-01-07,1319666.950000001,1259249.7661000008,60417.1839,0.0
2021-01-08,1319588.3500000006,1259171.1661000005,60417.1839,0.0
2021-01-11,1319509.7500000007,1259092.5661000006,60417.1839,0.0
2021-01-12,1319732.4500000004,1259315.2661000004,60417.1839,0.0
2021-01-13,1319496.6500000006,1259079.4661000005,60417.1839,0.0
2021-01-14,1319483.5500000007,1259066.3661000007,60417.1839,0.0
2021-01-15,1319732.4500000004,1259315.2661000004,60417.1839,0.0
2021-01-18,1319876.5500000007,1259459.3661000007,60417.1839,0.0
2021-01-19,1319837.2500000007,1259420.0661000006,60417.1839,0.0
2021-01-20,1319955.1500000006,1259537.9661000005,60417.1839,0.0
2021-01-21,1319968.2500000005,1259551.0661000004,60417.1839,0.0
2021-01-22,1320269.5500000007,1259852.3661000007,60417.1839,0.0
2021-01-25,1320321.950000001,1259904.7661000008,60417.1839,0.0
2021-01-26,1320361.2500000005,1259944.0661000004,60417.1839,0.0
2021-01-27,1320400.5500000005,1259983.3661000005,60417.1839,0.0
2021-01-28,1320348.1500000006,1259930.9661000005,60417.1839,0.0
2021-01-29,1320741.1500000006,1260323.9661000005,60417.1839,0.0
2021-02-01,1320806.6500000006,1256447.2831000006,64359.3669,1314061.0
2021-02-02,1318150.6500000006,1253008.2111000007,65142.4389,261024.0
2021-02-03,1314352.6500000006,1249210.2111000007,65142.4389,0.0
2021-02-04,1305493.6500000006,1240351.2111000007,65142.4389,0.0
2021-02-05,1297027.6500000006,1231065.2841000005,65962.3659,273309.0
2021-02-08,1291417.6500000006,1225455.2841000005,65962.3659,0.0
2021-02-09,1293186.6500000006,1227224.2841000005,65962.3659,0.0
2021-02-10,1299454.6500000006,1232696.0481000007,66758.60190000001,265412.0
2021-02-18,1347284.6500000006,1280526.0481000007,66758.60190000001,0.0
2021-02-19,1405896.6500000006,1339138.0481000007,66758.60190000001,0.0
2021-02-22,1462725.0400000005,1395145.7221000006,67579.31790000001,273572.0
2021-02-23,1472282.5300000007,1404632.6851000008,67649.84490000001,23509.0
2021-02-24,1518789.0700000003,1451086.8451000003,67702.22490000002,17460.0
2021-02-25,1513494.7300000004,1444808.6251000005,68686.10490000002,327960.0
2021-02-26,1555216.4400000004,1486463.4711000004,68752.96890000002,22288.0
2021-03-01,1594739.3900000006,1525947.9911000007,68791.39890000001,12810.0
2021-03-02,1544575.6700000006,1475191.0001000005,69384.66990000001,197757.0
2021-03-03,1562235.6700000006,1492851.0001000005,69384.66990000001,0.0
2021-03-04,1565686.6700000006,1496302.0001000005,69384.66990000001,0.0
2021-03-05,1592837.1800000006,1522754.9981000007,70082.18190000001,232504.0
2021-03-08,1597680.1800000006,1527597.9981000007,70082.18190000001,0.0
2021-03-09,1565771.1800000006,1495688.9981000007,70082.18190000001,0.0
2021-03-10,1512910.8800000006,1442264.5541000005,70646.32590000001,188048.0
2021-03-11,1548952.8800000006,1478306.5541000005,70646.32590000001,0.0
2021-03-12,1547689.8800000006,1477043.5541000005,70646.32590000001,0.0
2021-03-15,1564859.8700000006,1493488.8311000005,71371.03890000001,241571.0
2021-03-16,1597583.8700000006,1526212.8311000005,71371.03890000001,0.0
2021-03-17,1612527.8700000006,1541156.8311000005,71371.03890000001,0.0
2021-03-18,1646413.6700000006,1574409.7961000006,72003.87390000002,210945.0
2021-03-19,1663883.970000001,1591760.981100001,72122.98890000003,39705.0
2021-03-22,1664559.2300000004,1592422.0121000004,72137.21790000003,4743.0
2021-03-23,1629827.9800000004,1557249.2791000004,72578.70090000003,147161.0
2021-03-24,1637839.9800000004,1565261.2791000004,72578.70090000003,0.0
2021-03-25,1629309.9800000004,1556728.3271000003,72581.65290000003,984.0
2021-03-26,1655134.2700000005,1582314.7231000005,72819.54690000003,79298.0
2021-03-29,1660924.2700000007,1588104.7231000008,72819.54690000003,0.0
2021-03-30,1601751.2700000005,1528931.7231000005,72819.54690000003,0.0
2021-03-31,1592275.1000000006,1518717.5441000005,73557.55590000004,246003.0
2021-04-01,1590094.5800000008,1507020.8609000007,83073.71910000003,3172054.4000000004
2021-04-02,1590377.1800000006,1507303.4609000005,83073.71910000003,0.0
2021-04-06,1590502.7800000007,1507429.0609000006,83073.71910000003,0.0
2021-04-07,1590644.0800000008,1507570.3609000007,83073.71910000003,0.0
2021-04-08,1590644.0800000008,1507570.3609000007,83073.71910000003,0.0
2021-04-09,1590958.0800000008,1507884.3609000007,83073.71910000003,0.0
2021-04-12,1591146.480000001,1508072.7609000008,83073.71910000003,0.0
2021-04-13,1591224.980000001,1508151.2609000008,83073.71910000003,0.0
2021-04-14,1591303.480000001,1508229.7609000008,83073.71910000003,0.0
2021-04-15,1591491.8800000008,1508418.1609000007,83073.71910000003,0.0
2021-04-16,1591554.6800000009,1508480.9609000008,83073.71910000003,0.0
2021-04-19,1591538.980000001,1508465.2609000008,83073.71910000003,0.0
2021-04-20,1591758.780000001,1508685.0609000009,83073.71910000003,0.0
2021-04-21,1591821.5800000008,1508747.8609000007,83073.71910000003,0.0
2021-04-22,1591931.480000001,1508857.7609000008,83073.71910000003,0.0
2021-04-23,1592151.2800000007,1509077.5609000006,83073.71910000003,0.0
2021-04-26,1592166.980000001,1509093.2609000008,83073.71910000003,0.0
2021-04-27,1592261.1800000009,1509187.4609000008,83073.71910000003,0.0
2021-04-28,1592323.980000001,1509250.2609000008,83073.71910000003,0.0
2021-04-29,1592716.480000001,1509642.7609000008,83073.71910000003,0.0
2021-04-30,1593061.8800000008,1509988.1609000007,83073.71910000003,0.0
2021-05-06,1593093.2800000007,1505268.0658000007,87825.21420000003,1583831.7
2021-05-07,1593093.2800000007,1505268.0658000007,87825.21420000003,0.0
2021-05-10,1596701.2800000007,1507932.3978000006,88768.88220000004,314556.0
2021-05-11,1599603.2800000007,1510834.3978000006,88768.88220000004,0.0
2021-05-12,1602252.2800000007,1513483.3978000006,88768.88220000004,0.0
2021-05-13,1601235.2800000007,1511523.9958000006,89711.28420000004,314134.0
2021-05-14,1617620.2800000007,1527908.9958000006,89711.28420000004,0.0
2021-05-17,1599475.2800000007,1509763.9958000006,89711.28420000004,0.0
2021-05-18,1603307.2800000007,1512632.4738000007,90674.80620000004,321174.0
2021-05-19,1608598.2800000007,1517923.4738000007,90674.80620000004,0.0
2021-05-20,1617448.2800000007,1526773.4738000007,90674.80620000004,0.0
2021-05-21,1642155.2800000007,1550505.1858000008,91650.09420000004,325096.0
2021-05-24,1647469.450000001,1555771.8538000009,91697.59620000003,15834.0
2021-05-25,1667882.450000001,1576184.8538000009,91697.59620000003,0.0
2021-05-26,1686113.9400000006,1593320.0478000005,92793.89220000003,365432.0
2021-05-27,1693379.9400000006,1600586.0478000005,92793.89220000003,0.0
2021-05-28,1693520.9400000006,1600727.0478000005,92793.89220000003,0.0
2021-05-31,1702344.0700000008,1609066.8598000007,93277.21020000003,161106.0
2021-06-01,1723735.0700000008,1630457.8598000007,93277.21020000003,0.0
2021-06-02,1712915.0700000008,1619637.8598000007,93277.21020000003,0.0
2021-06-03,1737115.8000000007,1643406.9018000008,93708.89820000003,143896.0
2021-06-04,1724018.0200000007,1630273.7968000006,93744.22320000002,11775.0
2021-06-07,1736335.0200000007,1642590.7968000006,93744.22320000002,0.0
2021-06-08,1745949.0600000008,1651518.0288000007,94431.03120000003,228936.0
2021-06-09,1746822.0600000008,1652391.0288000007,94431.03120000003,0.0
2021-06-10,1754573.0600000008,1660142.0288000007,94431.03120000003,0.0
2021-06-11,1750307.1300000008,1655605.0548000007,94702.07520000002,90348.0
2021-06-15,1749111.1300000008,1654409.0548000007,94702.07520000002,0.0
2021-06-16,1735603.1300000008,1640901.0548000007,94702.07520000002,0.0
2021-06-17,1740669.9100000006,1645722.3358000007,94947.57420000002,81833.0
2021-06-18,1744270.9100000006,1649323.3358000007,94947.57420000002,0.0
2021-06-21,1756525.9100000006,1661578.3358000007,94947.57420000002,0.0
2021-06-22,1785649.2600000007,1690432.1508000006,95217.10920000002,89845.0
2021-06-23,1773853.2600000007,1678636.1508000006,95217.10920000002,0.0
2021-06-24,1773093.2600000007,1677876.1508000006,95217.10920000002,0.0
2021-06-25,1761246.2600000007,1665759.5828000007,95486.67720000002,89856.0
2021-06-28,1796968.2600000007,1701481.5828000007,95486.67720000002,0.0
2021-06-29,1773146.7600000007,1677595.5828000007,95551.17720000002,21500.0
2021-06-30,1780947.1800000006,1685108.2188000006,95838.96120000002,95928.0
2021-07-01,1774266.4100000006,1678422.1388000005,95844.27120000002,1770.0
2021-07-02,1781398.0100000007,1685495.5268000006,95902.48320000002,19404.0
2021-07-05,1823260.6500000008,1726886.1558000008,96374.49420000002,157337.0
2021-07-06,1837980.6500000008,1741606.1558000008,96374.49420000002,0.0
2021-07-07,1848485.6500000008,1752111.1558000008,96374.49420000002,0.0
2021-07-08,1832663.2900000007,1735540.3798000007,97122.91020000001,249472.0
2021-07-09,1841327.2900000007,1744204.3798000007,97122.91020000001,0.0
2021-07-12,1877651.2900000007,1780528.3798000007,97122.91020000001,0.0
2021-07-13,1892062.3200000008,1794368.1738000007,97694.14620000002,190412.0
2021-07-14,1873333.3200000008,1775639.1738000007,97694.14620000002,0.0
2021-07-15,1825398.3200000008,1727704.1738000007,97694.14620000002,0.0
2021-07-16,1824734.4900000007,1726160.2998000006,98574.19020000001,293348.0
2021-07-19,1808412.4900000007,1709838.2998000006,98574.19020000001,0.0
2021-07-20,1812272.4900000007,1713698.2998000006,98574.19020000001,0.0
2021-07-21,1846768.8200000008,1747238.1368000007,99530.68320000001,318831.0
2021-07-22,1844971.8200000008,1745441.1368000007,99530.68320000001,0.0
2021-07-23,1813417.8200000008,1713887.1368000007,99530.68320000001,0.0
2021-07-26,1794413.7900000007,1694599.0488000007,99814.74120000002,94686.0
2021-07-27,1785422.7900000007,1685608.0488000007,99814.74120000002,0.0
2021-07-28,1713327.7900000007,1613513.0488000007,99814.74120000002,0.0
2021-07-29,1738217.2600000007,1638166.8538000006,100050.40620000001,78555.0
2021-07-30,1766695.2600000007,1666644.8538000006,100050.40620000001,0.0
2021-08-02,1791711.2600000007,1691660.8538000006,100050.40620000001,0.0
2021-08-03,1805210.6100000008,1704857.8638000009,100352.74620000001,100780.0
2021-08-04,1810927.6100000008,1710574.8638000009,100352.74620000001,0.0
2021-08-05,1808025.6100000008,1707672.8638000009,100352.74620000001,0.0
2021-08-06,1800479.210000001,1699861.4858000008,100617.72420000001,88326.0
2021-08-09,1830613.210000001,1729995.4858000008,100617.72420000001,0.0
2021-08-10,1855760.210000001,1755142.4858000008,100617.72420000001,0.0
2021-08-11,1869829.710000001,1769165.5338000008,100664.17620000002,15484.0
2021-08-12,1868974.710000001,1768310.5338000008,100664.17620000002,0.0
2021-08-13,1873978.710000001,1773314.5338000008,100664.17620000002,0.0
2021-08-16,1879924.0900000008,1778797.0318000007,101127.05820000001,154294.0
2021-08-17,1840821.0900000008,1739694.0318000007,101127.05820000001,0.0
2021-08-18,1878460.0900000008,1777333.0318000007,101127.05820000001,0.0
2021-08-19,1864042.980000001,1762186.3878000008,101856.59220000001,243178.0
2021-08-20,1859734.980000001,1757878.3878000008,101856.59220000001,0.0
2021-08-23,1912546.980000001,1810690.3878000008,101856.59220000001,0.0
2021-08-24,1930069.980000001,1827699.1758000008,102370.80420000001,171404.0
2021-08-25,1954035.980000001,1851665.1758000008,102370.80420000001,0.0
2021-08-26,1966249.980000001,1863879.1758000008,102370.80420000001,0.0
2021-08-27,1952977.4900000007,1849830.0428000006,103147.44720000001,258881.0
2021-08-30,1950329.4900000007,1847182.0428000006,103147.44720000001,0.0
2021-08-31,1965836.4900000007,1862689.0428000006,103147.44720000001,0.0
2021-09-01,1967411.980000001,1863493.088800001,103918.89120000001,257148.0
2021-09-02,1970206.980000001,1866288.088800001,103918.89120000001,0.0
2021-09-03,1969242.980000001,1865324.088800001,103918.89120000001,0.0
2021-09-06,1980223.730000001,1875559.824800001,104663.90520000001,248338.0
2021-09-07,2000869.730000001,1896205.824800001,104663.90520000001,0.0
2021-09-08,2054483.730000001,1949819.824800001,104663.90520000001,0.0
2021-09-09,2037686.4300000009,1932230.872800001,105455.55720000001,263884.0
2021-09-10,1999961.4300000009,1894505.872800001,105455.55720000001,0.0
2021-09-13,2017433.4300000009,1911977.872800001,105455.55720000001,0.0
2021-09-14,1990481.700000001,1884206.4228000008,106275.27720000001,273240.0
2021-09-15,2009412.700000001,1903137.4228000008,106275.27720000001,0.0
2021-09-16,2013744.700000001,1907469.4228000008,106275.27720000001,0.0
2021-09-17,1972519.0100000007,1865471.1188000008,107047.89120000001,257538.0
2021-09-22,1963478.0100000007,1856430.1188000008,107047.89120000001,0.0
2021-09-23,1991902.0100000007,1884854.1188000008,107047.89120000001,0.0
2021-09-24,1937052.8700000008,1829508.697800001,107544.17220000002,165427.0
2021-09-27,1860110.8700000008,1752566.697800001,107544.17220000002,0.0
2021-09-28,1855518.8700000008,1747974.697800001,107544.17220000002,0.0
2021-09-29,1820575.3200000008,1712529.4758000008,108045.84420000002,167224.0
2021-09-30,1862297.3200000003,1754251.4758000004,108045.84420000002,0.0
2021-10-08,1944364.3200000008,1836318.4758000008,108045.84420000002,0.0
2021-10-11,1942998.1000000008,1834880.4448000009,108117.65520000002,23937.0
2021-10-12,1923537.1000000008,1815419.4448000009,108117.65520000002,0.0
2021-10-13,1927435.1000000008,1819317.4448000009,108117.65520000002,0.0
2021-10-14,1926419.0500000007,1818222.7198000008,108196.33020000003,26225.0
2021-10-15,1907599.0500000007,1799402.7198000008,108196.33020000003,0.0
2021-10-18,1921925.0500000007,1813728.7198000008,108196.33020000003,0.0
2021-10-19,1918176.0000000007,1809491.4048000006,108684.59520000003,162755.0
2021-10-20,1888169.0000000007,1779484.4048000006,108684.59520000003,0.0
2021-10-21,1860700.0000000005,1752015.4048000004,108684.59520000003,0.0
2021-10-22,1836784.5900000008,1727839.7598000008,108944.83020000003,86745.0
2021-10-25,1830982.5900000008,1722037.7598000008,108944.83020000003,0.0
2021-10-26,1813895.5900000008,1704950.7598000008,108944.83020000003,0.0
2021-10-27,1767534.0500000007,1658550.0848000008,108983.96520000002,13045.0
2021-10-28,1748967.0500000007,1639983.0848000008,108983.96520000002,0.0
2021-10-29,1835004.0500000007,1726020.0848000008,108983.96520000002,0.0
2021-11-01,1869358.7400000007,1760004.3288000007,109354.41120000002,123482.0
2021-11-02,1844293.8400000008,1734927.7288000009,109366.11120000001,3900.0
2021-11-03,1875408.8400000008,1766042.7288000009,109366.11120000001,0.0
2021-11-04,1886985.1400000008,1776862.8548000008,110122.28520000001,252058.0
2021-11-05,1885873.1400000008,1775750.8548000008,110122.28520000001,0.0
2021-11-08,1903541.1400000008,1793418.8548000008,110122.28520000001,0.0
2021-11-09,1915733.0300000007,1804957.1498000007,110775.88020000001,217865.0
2021-11-10,1929414.0300000007,1818638.1498000007,110775.88020000001,0.0
2021-11-11,1951199.0300000007,1840423.1498000007,110775.88020000001,0.0
2021-11-12,1966896.2900000007,1855599.8828000007,111296.40720000002,173509.0
2021-11-15,1999871.2900000007,1888574.8828000007,111296.40720000002,0.0
2021-11-16,1987464.2900000007,1876167.8828000007,111296.40720000002,0.0
2021-11-17,2029714.2500000007,1917894.5888000007,111819.66120000002,174418.0
2021-11-18,2002277.2500000007,1890457.5888000007,111819.66120000002,0.0
2021-11-19,2028747.2500000007,1916927.5888000007,111819.66120000002,0.0
2021-11-22,2031354.8100000008,1918686.3108000008,112668.49920000002,282946.0
2021-11-23,2035949.8100000003,1923281.3108000003,112668.49920000002,0.0
2021-11-24,2055781.8100000003,1943113.3108000003,112668.49920000002,0.0
2021-11-25,2057474.200000001,1944209.021800001,113265.17820000002,198893.0
2021-11-26,2038171.200000001,1924906.021800001,113265.17820000002,0.0
2021-11-29,2013785.200000001,1900520.021800001,113265.17820000002,0.0
2021-11-30,2043817.8100000003,1930280.3428000002,113537.46720000003,90763.0
2021-12-01,2080589.8100000003,1967052.3428000002,113537.46720000003,0.0
2021-12-02,2056826.8100000008,1943289.3428000007,113537.46720000003,0.0
2021-12-03,2069027.0900000003,1954911.6728000003,114115.41720000003,192650.0
2021-12-06,2015098.0900000003,1900982.6728000003,114115.41720000003,0.0
2021-12-07,2012842.0900000003,1898726.6728000003,114115.41720000003,0.0
2021-12-08,2021820.0200000005,1906942.8098000004,114877.21020000003,253931.0
2021-12-09,2039797.0200000005,1924919.8098000004,114877.21020000003,0.0
2021-12-10,2085311.0200000005,1970433.8098000004,114877.21020000003,0.0
2021-12-13,2094776.5100000007,1979021.1998000008,115755.31020000004,292700.0
2021-12-14,2099499.250000001,1983695.159800001,115804.09020000004,16260.000000000002
2021-12-15,2101871.250000001,1986067.159800001,115804.09020000004,0.0
2021-12-16,2143825.540000001,2027464.949800001,116360.59020000004,185500.0
2021-12-17,2159771.540000001,2043410.949800001,116360.59020000004,0.0
2021-12-20,2161548.540000001,2045187.949800001,116360.59020000004,0.0
2021-12-21,2221816.2400000007,2104860.9208000004,116955.31920000004,198243.0
2021-12-22,2201358.2400000007,2084402.9208000007,116955.31920000004,0.0
2021-12-23,2169589.2400000007,2052633.9208000007,116955.31920000004,0.0
2021-12-24,2151271.7300000004,2033488.8788000003,117782.85120000005,275844.0
2021-12-27,2174037.860000001,2056225.3988000008,117812.46120000005,9870.0
2021-12-28,2205474.8600000003,2087662.3988000003,117812.46120000005,0.0
2021-12-29,2214307.9400000004,2095425.2498000003,118882.69020000006,356743.0
2021-12-30,2212138.9400000004,2093256.2498000003,118882.69020000006,0.0
2021-12-31,2212484.9400000004,2093602.2498000003,118882.69020000006,0.0
2022-01-04,2222997.0700000008,2091429.6196000008,131567.45040000006,4228253.4
2022-01-05,2222891.5700000008,2091324.1196000008,131567.45040000006,0.0
2022-01-06,2223208.0700000008,2091640.6196000008,131567.45040000006,0.0
2022-01-07,2223630.0700000008,2092062.6196000008,131567.45040000006,0.0
2022-01-10,2223777.770000001,2092210.319600001,131567.45040000006,0.0
2022-01-11,2224052.0700000008,2092484.6196000008,131567.45040000006,0.0
2022-01-12,2224136.4700000007,2092569.0196000007,131567.45040000006,0.0
2022-01-13,2224263.0700000008,2092695.6196000008,131567.45040000006,0.0
2022-01-14,2224600.6700000004,2093033.2196000004,131567.45040000006,0.0
2022-01-17,2224832.770000001,2093265.319600001,131567.45040000006,0.0
2022-01-18,2224980.4700000007,2093413.0196000007,131567.45040000006,0.0
2022-01-19,2224790.5700000008,2093223.1196000008,131567.45040000006,0.0
2022-01-20,2224685.0700000008,2093117.6196000008,131567.45040000006,0.0
2022-01-21,2225254.7700000005,2093687.3196000005,131567.45040000006,0.0
2022-01-24,2225275.8700000006,2093708.4196000006,131567.45040000006,0.0
2022-01-25,2225550.1700000004,2093982.7196000004,131567.45040000006,0.0
2022-01-26,2225761.170000001,2094193.719600001,131567.45040000006,0.0
2022-01-27,2226183.1700000004,2094615.7196000004,131567.45040000006,0.0
2022-01-28,2227512.4700000007,2095945.0196000007,131567.45040000006,0.0
2022-02-07,2226327.3700000006,2087090.1889000004,139237.18110000005,2556576.9
2022-02-08,2240131.3700000006,2100894.1889000004,139237.18110000005,0.0
2022-02-09,2242254.3700000006,2103017.1889000004,139237.18110000005,0.0
2022-02-10,2239865.4900000007,2099281.9209000007,140583.56910000005,448796.0
2022-02-11,2221997.4900000007,2081413.9209000007,140583.56910000005,0.0
2022-02-14,2249527.4900000007,2108943.9209000007,140583.56910000005,0.0
2022-02-15,2260246.5500000007,2118280.1339000007,141966.41610000006,460949.0
2022-02-16,2312014.5500000007,2170048.1339000007,141966.41610000006,0.0
2022-02-17,2329201.5500000007,2187235.1339000007,141966.41610000006,0.0
2022-02-18,2342242.290000001,2198781.462900001,143460.82710000005,498137.0
2022-02-21,2372749.380000001,2229273.810900001,143475.56910000005,4914.0
2022-02-22,2347702.8900000006,2204219.8509000004,143483.03910000005,2490.0
2022-02-23,2368176.130000001,2223532.5139000006,144643.61610000004,386859.0
2022-02-24,2314395.130000001,2169751.5139000006,144643.61610000004,0.0
2022-02-25,2371046.130000001,2226402.5139000006,144643.61610000004,0.0
2022-02-28,2337678.670000001,2192231.554900001,145447.11510000005,267833.0
2022-03-01,2405069.670000001,2259622.554900001,145447.11510000005,0.0
2022-03-02,2465919.670000001,2320472.554900001,145447.11510000005,0.0
2022-03-03,2488989.6400000006,2342940.622900001,146049.01710000006,200634.0
2022-03-04,2440101.6400000006,2294052.622900001,146049.01710000006,0.0
2022-03-07,2394733.6400000006,2248684.622900001,146049.01710000006,0.0
2022-03-08,2313514.310000001,2166723.584900001,146790.72510000007,247236.0
2022-03-09,2271430.3100000005,2124639.5849000006,146790.72510000007,0.0
2022-03-10,2313294.310000001,2166503.584900001,146790.72510000007,0.0
2022-03-11,2349189.990000001,2201741.910900001,147448.07910000006,219118.0
2022-03-14,2296062.9900000007,2148614.9109000005,147448.07910000006,0.0
2022-03-15,2195440.990000001,2047992.9109000012,147448.07910000006,0.0
2022-03-16,2302951.1400000006,2155110.4449000005,147840.69510000007,130872.0
2022-03-17,2310813.170000001,2162936.5709000006,147876.59910000008,11968.0
2022-03-18,2384822.170000001,2236945.5709000006,147876.59910000008,0.0
2022-03-21,2425850.590000001,2277141.9859000007,148708.60410000008,277335.0
2022-03-22,2428987.590000001,2280278.9859000007,148708.60410000008,0.0
2022-03-23,2413614.590000001,2264905.9859000007,148708.60410000008,0.0
2022-03-24,2377723.5600000005,2227711.0449000006,150012.51510000008,434637.0
2022-03-25,2430274.5600000005,2280262.0449000006,150012.51510000008,0.0
2022-03-28,2424510.860000001,2274466.2359000007,150044.62410000007,10703.0
2022-03-29,2395237.120000001,2243947.6399000008,151289.48010000007,414952.0
2022-03-30,2389149.120000001,2237859.6399000008,151289.48010000007,0.0
2022-03-31,2419435.120000001,2268145.6399000008,151289.48010000007,0.0
2022-04-01,2406968.070000001,2241895.594500001,165072.47550000006,4594331.8
2022-04-06,2407310.070000001,2242237.594500001,165072.47550000006,0.0
2022-04-07,2407583.6700000013,2242511.194500001,165072.47550000006,0.0
2022-04-08,2407902.870000001,2242830.394500001,165072.47550000006,0.0
2022-04-11,2408062.470000001,2242989.994500001,165072.47550000006,0.0
2022-04-12,2407948.4700000016,2242875.9945000014,165072.47550000006,0.0
2022-04-13,2408062.470000001,2242989.994500001,165072.47550000006,0.0
2022-04-14,2408222.0700000017,2243149.5945000015,165072.47550000006,0.0
2022-04-15,2408632.4700000016,2243559.9945000014,165072.47550000006,0.0
2022-04-18,2408609.6700000013,2243537.194500001,165072.47550000006,0.0
2022-04-19,2408860.470000001,2243787.994500001,165072.47550000006,0.0
2022-04-20,2408837.6700000013,2243765.194500001,165072.47550000006,0.0
2022-04-21,2408928.870000001,2243856.394500001,165072.47550000006,0.0
2022-04-22,2409065.6700000013,2243993.194500001,165072.47550000006,0.0
2022-04-25,2409156.870000001,2244084.394500001,165072.47550000006,0.0
2022-04-26,2409384.870000001,2244312.394500001,165072.47550000006,0.0
2022-04-27,2409544.470000001,2244471.994500001,165072.47550000006,0.0
2022-04-28,2410091.6700000013,2245019.194500001,165072.47550000006,0.0
2022-04-29,2410752.870000001,2245680.394500001,165072.47550000006,0.0
2022-05-05,2421426.6700000013,2248028.9935000013,173397.67650000006,2775067.0
2022-05-06,2412608.030000001,2239202.424500001,173405.60550000006,2643.0
2022-05-09,2422748.030000001,2249342.424500001,173405.60550000006,0.0
2022-05-10,2443327.560000001,2268459.928500001,174867.63150000008,487342.0
2022-05-11,2436197.560000001,2261329.928500001,174867.63150000008,0.0
2022-05-12,2445527.560000001,2270659.928500001,174867.63150000008,0.0
2022-05-13,2459340.060000001,2283022.648500001,176317.41150000007,483260.0
2022-05-16,2481515.060000001,2305197.648500001,176317.41150000007,0.0
2022-05-17,2465973.060000001,2289655.648500001,176317.41150000007,0.0
2022-05-18,2517690.3000000017,2339868.1935000014,177822.10650000008,501565.0
2022-05-19,2543411.040000001,2365555.156500001,177855.88350000008,11258.999999999998
2022-05-20,2550873.040000001,2373017.156500001,177855.88350000008,0.0
2022-05-23,2612238.120000001,2433206.539500001,179031.5805000001,391899.0
2022-05-24,2520557.120000001,2341525.539500001,179031.5805000001,0.0
2022-05-25,2596062.120000001,2417030.539500001,179031.5805000001,0.0
2022-05-26,2604330.2700000014,2424103.4235000014,180226.8465000001,398422.0
2022-05-27,2622421.2700000014,2442194.4235000014,180226.8465000001,0.0
2022-05-30,2631856.2700000014,2451629.4235000014,180226.8465000001,0.0
2022-05-31,2607977.4300000016,2426727.3795000017,181250.0505000001,341068.0
2022-06-01,2643658.4300000016,2462408.3795000017,181250.0505000001,0.0
2022-06-02,2650697.4300000016,2469447.3795000017,181250.0505000001,0.0
2022-06-06,2705464.2700000014,2523038.1565000014,182426.1135000001,392021.0
2022-06-07,2678460.2700000014,2496034.1565000014,182426.1135000001,0.0
2022-06-08,2652381.2700000014,2469955.1565000014,182426.1135000001,0.0
2022-06-09,2615828.7000000016,2432382.3405000013,183446.3595000001,340082.0
2022-06-10,2643608.7000000016,2460162.3405000013,183446.3595000001,0.0
2022-06-13,2659903.7000000016,2476457.3405000013,183446.3595000001,0.0
2022-06-14,2638690.370000001,2454191.673500001,184498.6965000001,350779.0
2022-06-15,2637679.370000001,2453180.673500001,184498.6965000001,0.0
2022-06-16,2677818.370000001,2493319.673500001,184498.6965000001,0.0
2022-06-17,2642832.2100000014,2456628.8205000013,186203.3895000001,568231.0
2022-06-20,2659990.210000002,2473786.820500002,186203.3895000001,0.0
2022-06-21,2673467.2100000014,2487263.8205000013,186203.3895000001,0.0
2022-06-22,2645722.160000001,2458463.706500001,187258.45350000012,351688.0
2022-06-23,2669628.160000001,2482369.706500001,187258.45350000012,0.0
2022-06-24,2685427.160000001,2498168.706500001,187258.45350000012,0.0
2022-06-27,2689985.0500000017,2502029.3905000016,187955.65950000013,232402.0
2022-06-28,2751120.0500000017,2563164.3905000016,187955.65950000013,0.0
2022-06-29,2711051.0500000017,2523095.3905000016,187955.65950000013,0.0
2022-06-30,2715768.9500000016,2526784.2905000015,188984.65950000013,343000.0
2022-07-01,2701139.9500000016,2512155.2905000015,188984.65950000013,0.0
2022-07-04,2703894.9500000016,2514910.2905000015,188984.65950000013,0.0
2022-07-05,2694321.5000000014,2504300.793500001,190020.70650000012,345349.0
2022-07-06,2684002.5000000014,2493981.793500001,190020.70650000012,0.0
2022-07-07,2685733.5000000014,2495712.793500001,190020.70650000012,0.0
2022-07-08,2711555.350000001,2520219.050500001,191336.2995000001,438531.0
2022-07-11,2690125.350000001,2498789.050500001,191336.2995000001,0.0
2022-07-12,2661241.350000001,2469905.050500001,191336.2995000001,0.0
2022-07-13,2705239.9700000016,2513193.4715000014,192046.4985000001,236733.0
2022-07-14,2698079.9700000016,2506033.4715000014,192046.4985000001,0.0
2022-07-15,2615158.9700000016,2423112.4715000014,192046.4985000001,0.0
2022-07-18,2716823.3200000017,2524098.0475000017,192725.2725000001,226258.0
2022-07-19,2752775.3200000017,2560050.0475000017,192725.2725000001,0.0
2022-07-20,2761916.3200000017,2569191.0475000017,192725.2725000001,0.0
2022-07-21,2757049.500000002,2563543.3485000017,193506.1515000001,260293.0
2022-07-22,2804752.500000002,2611246.3485000017,193506.1515000001,0.0
2022-07-25,2812304.9500000016,2618761.1485000015,193543.8015000001,12550.0
2022-07-26,2829234.1500000013,2635600.507500001,193633.64250000007,29947.0
2022-07-27,2840224.1500000013,2646590.507500001,193633.64250000007,0.0
2022-07-28,2834177.1500000013,2640543.507500001,193633.64250000007,0.0
2022-07-29,2839685.0500000017,2645614.7185000014,194070.3315000001,145563.0
2022-08-01,2858297.0500000017,2664226.7185000014,194070.3315000001,0.0
2022-08-02,2740902.0500000017,2546831.7185000014,194070.3315000001,0.0
2022-08-03,2766362.750000002,2571612.3425000017,194750.4075000001,226692.0
2022-08-04,2824698.120000001,2629939.8285000008,194758.29150000008,2628.0
2022-08-05,2829114.120000001,2634355.8285000008,194758.29150000008,0.0
2022-08-08,2908211.7600000016,2713029.7995000016,195181.96050000007,141223.0
2022-08-09,2937369.540000001,2742177.919500001,195191.62050000008,3219.9999999999995
2022-08-10,2990510.540000001,2795308.551500001,195201.98850000006,3456.0
2022-08-11,3028508.830000001,2832942.059500001,195566.77050000007,121594.0
2022-08-12,3067843.830000002,2872277.059500002,195566.77050000007,0.0
2022-08-15,3054872.8200000017,2858978.755500002,195894.06450000007,109098.0
2022-08-16,3113714.7700000014,2917110.0745000015,196604.69550000006,236877.0
2022-08-17,3098079.7700000014,2901475.0745000015,196604.69550000006,0.0
2022-08-18,3100803.1900000013,2903847.830500001,196955.35950000005,116888.0
2022-08-19,3068437.350000001,2870934.421500001,197502.92850000004,182523.0
2022-08-22,3082328.350000001,2884825.421500001,197502.92850000004,0.0
2022-08-23,3091402.350000001,2893899.421500001,197502.92850000004,0.0
2022-08-24,3011836.370000001,2813486.340500001,198350.02950000003,282367.0
2022-08-25,3008347.370000001,2809997.340500001,198350.02950000003,0.0
2022-08-26,2989044.370000001,2790694.340500001,198350.02950000003,0.0
2022-08-29,3032881.4900000016,2834161.2455000016,198720.24450000003,123405.0
2022-08-30,3064192.4900000016,2865472.2455000016,198720.24450000003,0.0
2022-08-31,3006965.4900000016,2808245.2455000016,198720.24450000003,0.0
2022-09-01,3029928.0300000017,2830289.8845000016,199638.14550000004,305967.0
2022-09-02,3074010.0300000017,2874371.8845000016,199638.14550000004,0.0
2022-09-05,3102717.0300000017,2903078.8845000016,199638.14550000004,0.0
2022-09-06,3098406.3000000017,2897251.5885000015,201154.71150000003,505522.0
2022-09-07,3090001.3000000017,2888846.5885000015,201154.71150000003,0.0
2022-09-08,3064943.3000000017,2863788.5885000015,201154.71150000003,0.0
2022-09-09,3031325.850000001,2829045.532500001,202280.31750000003,375202.0
2022-09-13,3091375.850000001,2889095.532500001,202280.31750000003,0.0
2022-09-14,3081348.850000001,2879068.532500001,202280.31750000003,0.0
2022-09-15,3031579.100000001,2828119.323500001,203459.77650000004,393153.0
2022-09-16,2927009.100000001,2723549.323500001,203459.77650000004,0.0
2022-09-19,2892501.100000001,2689041.323500001,203459.77650000004,0.0
2022-09-20,2929525.120000001,2724695.486500001,204829.63350000003,456619.0
2022-09-21,2965305.120000001,2760475.486500001,204829.63350000003,0.0
2022-09-22,2949523.120000001,2744693.486500001,204829.63350000003,0.0
2022-09-23,2888216.1300000018,2682150.8625000017,206065.26750000002,411878.0
2022-09-26,2815079.1300000018,2609013.8625000017,206065.26750000002,0.0
2022-09-27,2900048.1300000018,2693982.8625000017,206065.26750000002,0.0
2022-09-28,2864612.4400000013,2657795.930500001,206816.50950000001,250414.0
2022-09-29,2848450.4400000013,2641633.930500001,206816.50950000001,0.0
2022-09-30,2833704.4400000013,2626887.930500001,206816.50950000001,0.0
2022-10-10,2785403.620000001,2577558.809500001,207844.81050000002,342767.0
2022-10-11,2793386.620000001,2585541.809500001,207844.81050000002,0.0
2022-10-12,2851040.620000001,2643195.809500001,207844.81050000002,0.0
2022-10-13,2893976.0300000017,2685030.090500002,208945.9395,367043.0
2022-10-14,2927389.0300000017,2718443.090500002,208945.9395,0.0
2022-10-17,2992537.0300000017,2783591.090500002,208945.9395,0.0
2022-10-18,3004307.4000000013,2794923.1215000013,209384.27850000001,146113.0
2022-10-19,2983738.4000000013,2774354.1215000013,209384.27850000001,0.0
2022-10-20,2982446.4000000013,2773062.1215000013,209384.27850000001,0.0
2022-10-21,3016794.2200000016,2805969.9175000014,210824.30250000002,480008.0
2022-10-24,2951710.2200000016,2740885.9175000014,210824.30250000002,0.0
2022-10-25,2906954.2200000016,2696129.9175000014,210824.30250000002,0.0
2022-10-26,2976805.2100000014,2764572.839500001,212232.37050000002,469356.0
2022-10-27,2991414.2100000014,2779181.839500001,212232.37050000002,0.0
2022-10-28,2880796.2100000014,2668563.839500001,212232.37050000002,0.0
2022-10-31,2915468.0100000016,2702808.2115000016,212659.79850000003,142476.0
2022-11-01,2978261.0100000016,2765601.2115000016,212659.79850000003,0.0
2022-11-02,3004510.0100000016,2791850.2115000016,212659.79850000003,0.0
2022-11-03,3004981.9400000013,2791142.907500001,213839.03250000003,393078.0
2022-11-04,3032314.9400000013,2818475.907500001,213839.03250000003,0.0
2022-11-07,3071966.9400000013,2858127.907500001,213839.03250000003,0.0
2022-11-08,3083120.620000001,2868426.467500001,214694.15250000003,285040.0
2022-11-09,3083524.620000001,2868830.467500001,214694.15250000003,0.0
2022-11-10,3078409.620000001,2863715.467500001,214694.15250000003,0.0
2022-11-11,3134609.950000001,2919875.453500001,214734.49650000004,13448.0
2022-11-14,3138571.080000001,2923800.988500001,214770.09150000004,11865.0
2022-11-15,3142799.080000001,2928028.988500001,214770.09150000004,0.0
2022-11-16,3147235.1300000018,2932021.377500002,215213.75250000003,147887.0
2022-11-17,3163560.1300000018,2948346.377500002,215213.75250000003,0.0
2022-11-18,3159372.1300000018,2944158.377500002,215213.75250000003,0.0
2022-11-21,3151060.030000001,2935714.313500001,215345.71650000004,43988.0
2022-11-22,3142005.030000001,2926659.313500001,215345.71650000004,0.0
2022-11-23,3096258.030000001,2880912.313500001,215345.71650000004,0.0
2022-11-24,3125101.6500000013,2908986.040500001,216115.60950000005,256631.0
2022-11-25,3103430.6500000013,2887315.040500001,216115.60950000005,0.0
2022-11-28,3098817.6500000013,2882702.040500001,216115.60950000005,0.0
2022-11-29,3140790.7400000016,2924049.0005000015,216741.73950000005,208710.0
2022-11-30,3124918.7400000016,2908177.0005000015,216741.73950000005,0.0
2022-12-01,3153702.7400000016,2936961.0005000015,216741.73950000005,0.0
2022-12-02,3189765.0900000017,2971978.9695000015,217786.12050000005,348127.0
2022-12-05,3207919.0900000017,2990132.9695000015,217786.12050000005,0.0
2022-12-06,3189054.0900000017,2971267.9695000015,217786.12050000005,0.0
2022-12-07,3191009.7000000016,2972421.6735000014,218588.02650000004,267302.0
2022-12-08,3190134.7000000016,2971546.6735000014,218588.02650000004,0.0
2022-12-09,3256399.7000000016,3037811.6735000014,218588.02650000004,0.0
2022-12-12,3199309.100000001,2979619.185500001,219689.91450000004,367296.0
2022-12-13,3197710.100000001,2978020.185500001,219689.91450000004,0.0
2022-12-14,3214875.100000001,2995185.185500001,219689.91450000004,0.0
2022-12-15,3217292.9500000016,2996533.0945000015,220759.85550000003,356647.0
2022-12-16,3171424.9500000016,2950665.0945000015,220759.85550000003,0.0
2022-12-19,3118706.9500000016,2897947.0945000015,220759.85550000003,0.0
2022-12-20,3111229.1100000013,2889290.827500001,221938.28250000003,392809.0
2022-12-21,3121906.1100000013,2899967.827500001,221938.28250000003,0.0
2022-12-22,3078666.1100000013,2856727.827500001,221938.28250000003,0.0
2022-12-23,3121415.040000001,2898759.088500001,222655.95150000002,239223.0
2022-12-26,3145467.040000001,2922811.088500001,222655.95150000002,0.0
2022-12-27,3160653.040000001,2937997.088500001,222655.95150000002,0.0
2022-12-28,3137543.0700000017,2914184.5755000017,223358.49450000003,234181.0
2022-12-29,3156118.0700000017,2932759.5755000017,223358.49450000003,0.0
2022-12-30,3195119.3800000018,2970848.096500002,224271.28350000002,304263.0
2023-01-03,3185090.320000001,2944524.884500001,240565.43550000002,5431384.0
2023-01-04,3185176.120000001,2944610.684500001,240565.43550000002,0.0
2023-01-05,3185004.5200000014,2944439.0845000013,240565.43550000002,0.0
2023-01-06,3185547.9200000013,2944982.484500001,240565.43550000002,0.0
2023-01-09,3185662.3200000017,2945096.8845000016,240565.43550000002,0.0
2023-01-10,3186119.9200000013,2945554.484500001,240565.43550000002,0.0
2023-01-11,3185948.320000001,2945382.884500001,240565.43550000002,0.0
2023-01-12,3185862.5200000014,2945297.0845000013,240565.43550000002,0.0
2023-01-13,3186262.920000002,2945697.4845000017,240565.43550000002,0.0
2023-01-16,3186005.520000002,2945440.0845000017,240565.43550000002,0.0
2023-01-17,3186463.120000001,2945897.684500001,240565.43550000002,0.0
2023-01-18,3187149.5200000014,2946584.0845000013,240565.43550000002,0.0
2023-01-19,3187263.920000002,2946698.4845000017,240565.43550000002,0.0
2023-01-20,3188608.120000001,2948042.684500001,240565.43550000002,0.0
2023-01-30,3188407.9200000013,2947842.484500001,240565.43550000002,0.0
2023-01-31,3188436.5200000014,2947871.0845000013,240565.43550000002,0.0
2023-02-01,3204252.330000001,2953191.138300001,251061.19170000002,3498585.4
2023-02-02,3203589.370000001,2952510.283300001,251079.0867,5965.0
2023-02-03,3204058.370000001,2952979.283300001,251079.0867,0.0
2023-02-06,3204871.360000001,2951902.429300001,252968.93070000003,629948.0
2023-02-07,3214704.360000001,2961735.429300001,252968.93070000003,0.0
2023-02-08,3211100.360000001,2958131.429300001,252968.93070000003,0.0
2023-02-09,3226430.200000001,2971532.617300001,254897.58270000003,642884.0
2023-02-10,3235442.200000001,2980544.617300001,254897.58270000003,0.0
2023-02-13,3255273.200000001,3000375.617300001,254897.58270000003,0.0
2023-02-14,3254986.450000001,2998186.483300001,256799.96670000002,634128.0
2023-02-15,3251054.4500000007,2994254.4833000004,256799.96670000002,0.0
2023-02-16,3178922.4500000007,2922122.4833000004,256799.96670000002,0.0
2023-02-17,3185455.4700000007,2927631.4413000005,257824.02870000002,341354.0
2023-02-20,3192611.4700000007,2934787.4413000005,257824.02870000002,0.0
2023-02-21,3198622.4700000007,2940798.4413000005,257824.02870000002,0.0
2023-02-22,3201271.460000001,2943441.1523000007,257830.30770000003,2093.0
2023-02-23,3196321.460000001,2938491.1523000007,257830.30770000003,0.0
2023-02-24,3208755.460000001,2950925.1523000007,257830.30770000003,0.0
2023-02-27,3158622.7600000007,2900390.3233000007,258232.43670000002,134043.0
2023-02-28,3204184.7600000007,2945952.3233000007,258232.43670000002,0.0
2023-03-01,3237439.7600000007,2979207.3233000007,258232.43670000002,0.0
2023-03-02,3230483.5700000008,2971830.8423000006,258652.72770000002,140097.0
2023-03-03,3210988.5700000008,2952335.8423000006,258652.72770000002,0.0
2023-03-06,3198383.5700000008,2939730.8423000006,258652.72770000002,0.0
2023-03-07,3157433.3000000007,2898366.881300001,259066.4187,137897.0
2023-03-08,3208147.3000000007,2949080.881300001,259066.4187,0.0
2023-03-09,3256138.3000000007,2997071.881300001,259066.4187,0.0
2023-03-10,3207024.9300000006,2947035.264300001,259989.6657,307749.0
2023-03-13,3178923.9300000006,2918934.264300001,259989.6657,0.0
2023-03-14,3134702.9300000006,2874713.264300001,259989.6657,0.0
2023-03-15,3181906.540000001,2920722.814300001,261183.7257,398020.0
2023-03-16,3178259.540000001,2917075.814300001,261183.7257,0.0
2023-03-17,3155470.540000001,2894286.814300001,261183.7257,0.0
2023-03-20,3120145.190000001,2857380.137300001,262765.0527,527109.0
2023-03-21,3186213.190000001,2923448.137300001,262765.0527,0.0
2023-03-22,3236793.190000001,2974028.137300001,262765.0527,0.0
2023-03-23,3201191.5500000007,2937165.0783000006,264026.4717,420473.0
2023-03-24,3199974.5500000007,2935948.0783000006,264026.4717,0.0
2023-03-27,3170707.5500000007,2906681.0783000006,264026.4717,0.0
2023-03-28,3144356.770000001,2879519.296300001,264837.4737,270334.0
2023-03-29,3094675.770000001,2829838.296300001,264837.4737,0.0
2023-03-30,3061936.770000001,2797099.296300001,264837.4737,0.0
2023-03-31,3087907.3100000005,2823061.6493000006,264845.66069999995,2729.0
2023-04-03,3085970.040000001,2804514.307800001,281455.73219999997,5536690.5
2023-04-04,3086602.540000001,2805146.807800001,281455.73219999997,0.0
2023-04-06,3087125.040000001,2805669.307800001,281455.73219999997,0.0
2023-04-07,3087482.540000001,2806026.807800001,281455.73219999997,0.0
2023-04-10,3087290.040000001,2805834.307800001,281455.73219999997,0.0
2023-04-11,3087400.040000001,2805944.307800001,281455.73219999997,0.0
2023-04-12,3087675.040000001,2806219.307800001,281455.73219999997,0.0
2023-04-13,3087867.540000001,2806411.807800001,281455.73219999997,0.0
2023-04-14,3088142.540000001,2806686.807800001,281455.73219999997,0.0
2023-04-17,3088362.540000001,2806906.807800001,281455.73219999997,0.0
2023-04-18,3088940.040000001,2807484.307800001,281455.73219999997,0.0
2023-04-19,3088967.540000001,2807511.807800001,281455.73219999997,0.0
2023-04-20,3088885.040000001,2807429.307800001,281455.73219999997,0.0
2023-04-21,3089242.540000001,2807786.807800001,281455.73219999997,0.0
2023-04-24,3089215.040000001,2807759.307800001,281455.73219999997,0.0
2023-04-25,3089297.540000001,2807841.807800001,281455.73219999997,0.0
2023-04-26,3089380.040000001,2807924.307800001,281455.73219999997,0.0
2023-04-27,3089930.040000001,2808474.307800001,281455.73219999997,0.0
2023-04-28,3090507.540000001,2809051.807800001,281455.73219999997,0.0
2023-05-04,3090535.040000001,2800772.135300001,289762.90469999996,2769057.5
2023-05-05,3090535.040000001,2800772.135300001,289762.90469999996,0.0
2023-05-08,3091012.0200000005,2799418.2303000004,291593.78969999996,610295.0
2023-05-09,3079061.0200000005,2787467.2303000004,291593.78969999996,0.0
2023-05-10,3091233.0200000005,2799639.2303000004,291593.78969999996,0.0
2023-05-11,3108095.150000001,2814628.298300001,293466.85169999994,624354.0
2023-05-12,3095437.150000001,2801970.298300001,293466.85169999994,0.0
2023-05-15,3108668.150000001,2815201.298300001,293466.85169999994,0.0
2023-05-16,3091723.1200000006,2796421.1653000005,295301.95469999994,611701.0
2023-05-17,3128086.1200000006,2832784.1653000005,295301.95469999994,0.0
2023-05-18,3140756.1200000006,2845454.1653000005,295301.95469999994,0.0
2023-05-19,3123180.8300000005,2826006.9323000005,297173.8977,623981.0
2023-05-22,3124489.8300000005,2827315.9323000005,297173.8977,0.0
2023-05-23,3116806.8300000005,2819632.9323000005,297173.8977,0.0
2023-05-24,3119016.600000001,2820844.146300001,298172.45369999995,332852.0
2023-05-25,3152713.600000001,2854541.146300001,298172.45369999995,0.0
2023-05-26,3143332.600000001,2845160.146300001,298172.45369999995,0.0
2023-05-29,3094933.4700000007,2795929.755300001,299003.71469999995,277087.0
2023-05-30,3093355.4700000007,2794351.755300001,299003.71469999995,0.0
2023-05-31,3073824.4700000007,2774820.755300001,299003.71469999995,0.0
2023-06-01,3072081.4000000004,2771904.7273000004,300176.67269999994,390986.0
2023-06-02,3115625.4000000004,2815448.7273000004,300176.67269999994,0.0
2023-06-05,3153541.4000000004,2853364.7273000004,300176.67269999994,0.0
2023-06-06,3081788.3000000007,2781055.2233000007,300733.0766999999,185468.0
2023-06-07,3129032.3000000007,2828299.2233000007,300733.0766999999,0.0
2023-06-08,3120406.3000000007,2819673.2233000007,300733.0766999999,0.0
2023-06-09,3070391.0300000003,2769169.7093,301221.3206999999,162748.0
2023-06-12,3110630.0300000003,2809408.7093,301221.3206999999,0.0
2023-06-13,3123997.0300000003,2822775.7093,301221.3206999999,0.0
2023-06-14,3118039.4400000004,2816059.9563000007,301979.4836999999,252721.0
2023-06-15,3112406.4400000004,2810426.9563000007,301979.4836999999,0.0
2023-06-16,3100947.4400000004,2798967.9563000007,301979.4836999999,0.0
2023-06-19,3045991.3300000005,2742843.3343000007,303147.9956999999,389504.0
2023-06-20,2994837.3300000005,2691689.3343000007,303147.9956999999,0.0
2023-06-21,2969849.3300000005,2666701.3343000007,303147.9956999999,0.0
2023-06-26,2971063.5000000005,2666795.9223000007,304267.5776999999,373194.0
2023-06-27,3091799.5000000005,2787531.9223000007,304267.5776999999,0.0
2023-06-28,3134464.5000000005,2830196.9223000007,304267.5776999999,0.0
2023-06-29,3174910.5200000005,2870050.8023000006,304859.7176999999,197380.0
2023-06-30,3236865.5200000005,2932005.8023000006,304859.7176999999,0.0
2023-07-03,3257011.5200000005,2952151.8023000006,304859.7176999999,0.0
2023-07-04,3320575.6600000006,3014851.0093000005,305724.65069999994,288311.0
2023-07-05,3308961.0200000005,3002790.0773000005,306170.94269999996,148764.0
2023-07-06,3337979.0200000005,3031808.0773000005,306170.94269999996,0.0
2023-07-07,3320727.4700000007,3013000.4303000006,307727.03969999996,518699.0
2023-07-10,3295995.4700000007,2988268.4303000006,307727.03969999996,0.0
2023-07-11,3325232.4700000007,3017505.4303000006,307727.03969999996,0.0
2023-07-12,3282246.2300000004,2973431.4593,308814.7707,362577.0
2023-07-13,3309375.2300000004,3000560.4593,308814.7707,0.0
2023-07-14,3299756.2300000004,2990941.4593,308814.7707,0.0
2023-07-17,3315477.9300000006,3005761.974300001,309715.9557,300395.0
2023-07-18,3349676.9300000006,3039960.974300001,309715.9557,0.0
2023-07-19,3372592.9300000006,3062876.974300001,309715.9557,0.0
2023-07-20,3341676.5000000005,3031226.5283000004,310449.9717,244672.0
2023-07-21,3332462.5000000005,3022012.5283000004,310449.9717,0.0
2023-07-24,3353694.5000000005,3043244.5283000004,310449.9717,0.0
2023-07-25,3443079.8300000005,3131696.7563000005,311383.0737,311034.0
2023-07-26,3443557.8300000005,3132174.7563000005,311383.0737,0.0
2023-07-27,3406104.8300000005,3094721.7563000005,311383.0737,0.0
2023-07-28,3486874.6800000006,3174544.329300001,312330.3507,315759.0
2023-07-31,3632829.32,3320491.8893,312337.4307,2360.0
2023-08-01,3602765.4600000004,3290008.4283000003,312757.03170000005,139867.0
2023-08-02,3677835.9100000006,3363502.6093000006,314333.3007,525423.0
2023-08-03,3673868.090000001,3359442.3143000007,314425.7757,30825.0
2023-08-04,3667085.4700000007,3352355.272300001,314730.1977,101474.0
2023-08-07,3636434.15,3320496.9323,315937.21770000004,402340.0
2023-08-08,3657695.15,3341757.9323,315937.21770000004,0.0
2023-08-09,3585355.1500000004,3269417.9323000005,315937.21770000004,0.0
2023-08-10,3659808.9100000006,3342993.9583000005,316814.95170000003,292578.0
2023-08-11,3579134.0600000005,3262235.5703000007,316898.48970000003,27846.0
2023-08-14,3582875.0600000005,3265976.5703000007,316898.48970000003,0.0
2023-08-15,3568655.0000000005,3250814.7173000006,317840.28270000004,313931.0
2023-08-16,3600466.0000000005,3282625.7173000006,317840.28270000004,0.0
2023-08-17,3673247.4300000006,3355378.4373000003,317868.99270000006,9570.0
2023-08-18,3693849.3900000006,3374997.4503000006,318851.93970000005,327649.0
2023-08-21,3716524.3900000006,3397672.4503000006,318851.93970000005,0.0
2023-08-22,3666426.3900000006,3347574.4503000006,318851.93970000005,0.0
2023-08-23,3635877.9700000007,3315674.3713000007,320203.59870000003,450553.0
2023-08-24,3610237.9700000007,3290034.3713000007,320203.59870000003,0.0
2023-08-25,3539250.9700000007,3219047.3713000007,320203.59870000003,0.0
2023-08-28,3596363.850000001,3274716.840300001,321647.00970000005,481137.0
2023-08-29,3758013.850000001,3436366.840300001,321647.00970000005,0.0
2023-08-30,3790162.850000001,3468515.840300001,321647.00970000005,0.0
2023-08-31,3775272.28,3452534.4672999997,322737.81270000007,363601.0
2023-09-01,3800545.28,3477807.4672999997,322737.81270000007,0.0
2023-09-04,3897918.28,3575180.4672999997,322737.81270000007,0.0
2023-09-05,3838521.65,3514595.3482999997,323926.30170000007,396163.0
2023-09-06,3825698.65,3501772.3482999997,323926.30170000007,0.0
2023-09-07,3831903.65,3507977.3482999997,323926.30170000007,0.0
2023-09-08,3773285.2200000007,3448059.7593000005,325225.46070000005,433053.0
2023-09-11,3751480.2200000007,3426254.7593000005,325225.46070000005,0.0
2023-09-12,3720891.2200000007,3395665.7593000005,325225.46070000005,0.0
2023-09-13,3698021.310000001,3370966.1553000007,327055.1547000001,609898.0
2023-09-14,3672563.310000001,3345508.1553000007,327055.1547000001,0.0
2023-09-15,3683058.310000001,3356003.1553000007,327055.1547000001,0.0
2023-09-18,3773537.15,3445088.5823,328448.5677000001,464471.0
2023-09-19,3715101.5500000007,3386615.1823000005,328486.36770000006,12600.0
2023-09-20,3701403.5500000007,3372917.1823000005,328486.36770000006,0.0
2023-09-21,3677900.1200000006,3348487.4843000006,329412.63570000004,308756.0
2023-09-22,3723241.1200000006,3393828.4843000006,329412.63570000004,0.0
2023-09-25,3689376.1200000006,3359963.4843000006,329412.63570000004,0.0
2023-09-26,3672647.48,3342295.9762999997,330351.50370000006,312956.0
2023-09-27,3699728.48,3369376.9762999997,330351.50370000006,0.0
2023-09-28,3763033.48,3432681.9762999997,330351.50370000006,0.0
2023-10-09,3720131.9100000006,3388903.3743000007,331228.53570000007,292344.0
2023-10-10,3701418.9100000006,3370190.3743000007,331228.53570000007,0.0
2023-10-11,3743276.9100000006,3412048.3743000007,331228.53570000007,0.0
2023-10-12,3775444.71,3443768.1182999997,331676.59170000005,149352.0
2023-10-13,3696294.1200000006,3364204.1043000007,332090.01570000005,137808.0
2023-10-16,3709532.1200000006,3377442.1043000007,332090.01570000005,0.0
2023-10-17,3698736.44,3365044.6583,333691.78170000005,533922.0
2023-10-18,3626980.44,3293288.6583,333691.78170000005,0.0
2023-10-19,3636485.440000001,3302793.6583000007,333691.78170000005,0.0
2023-10-20,3646347.380000001,3311365.4783000005,334981.90170000005,430040.0
2023-10-23,3574419.380000001,3239437.4783000005,334981.90170000005,0.0
2023-10-24,3730788.380000001,3395806.4783000005,334981.90170000005,0.0
2023-10-25,3812548.270000001,3476475.5563000008,336072.7137,363604.0
2023-10-26,3833457.270000001,3497384.5563000008,336072.7137,0.0
2023-10-27,3867513.270000001,3531440.5563000008,336072.7137,0.0
2023-10-30,3888661.7400000007,3551652.7083000005,337009.03170000005,312106.0
2023-10-31,3882392.7400000007,3545383.7083000005,337009.03170000005,0.0
2023-11-01,3923578.7400000007,3586569.7083000005,337009.03170000005,0.0
2023-11-02,3950771.8900000006,3613637.8543000007,337134.03570000007,41668.0
2023-11-03,3995251.8900000006,3658117.8543000007,337134.03570000007,0.0
2023-11-06,4079933.8900000006,3742799.8543000007,337134.03570000007,0.0
2023-11-07,4149730.810000001,3812590.276300001,337140.5337000001,2166.0
2023-11-08,4201155.8100000005,3864015.2763000005,337140.5337000001,0.0
2023-11-09,4165568.810000001,3827522.813300001,338045.9967000001,301821.0
2023-11-10,4143800.7000000007,3804355.4283000007,339445.2717000001,466425.0
2023-11-13,4185115.7000000007,3845670.4283000007,339445.2717000001,0.0
2023-11-14,4174186.7000000007,3834741.4283000007,339445.2717000001,0.0
2023-11-15,4162494.9100000006,3822436.6213000007,340058.2887000001,204339.0
2023-11-16,4159174.9100000006,3819116.6213000007,340058.2887000001,0.0
2023-11-17,4207843.91,3867785.6213,340058.2887000001,0.0
2023-11-20,4298658.500000001,3957461.807300001,341196.6927000001,379468.0
2023-11-21,4357036.500000001,4015839.807300001,341196.6927000001,0.0
2023-11-22,4281690.630000001,3940395.333300001,341295.29670000006,32868.0
2023-11-23,4284501.0200000005,3941549.7893000003,342951.2307000001,551978.0
2023-11-24,4241798.0200000005,3898846.7893000003,342951.2307000001,0.0
2023-11-27,4288689.0200000005,3945737.7893000003,342951.2307000001,0.0
2023-11-28,4403350.61,4059903.4253000002,343447.1847000001,165318.0
2023-11-29,4412307.86,4068274.9913000003,344032.8687000001,195228.0
2023-11-30,4393439.86,4049406.9913000003,344032.8687000001,0.0
2023-12-01,4400244.140000001,4054649.2943000006,345594.8457000001,520659.0
2023-12-04,4494600.140000001,4149005.2943000006,345594.8457000001,0.0
2023-12-05,4429273.140000001,4083678.2943000006,345594.8457000001,0.0
2023-12-06,4509535.950000001,4162709.202300001,346826.7477000001,410634.0
2023-12-07,4429082.950000001,4082256.202300001,346826.7477000001,0.0
2023-12-08,4279628.950000001,3932802.202300001,346826.7477000001,0.0
2023-12-11,4293698.350000001,3945815.3893000004,347882.9607000001,352071.0
2023-12-12,4348590.350000001,4000707.3893000004,347882.9607000001,0.0
2023-12-13,4368682.350000001,4020799.3893000004,347882.9607000001,0.0
2023-12-14,4399439.470000001,4049879.3143000007,349560.1557000001,559065.0
2023-12-15,4417952.470000001,4068392.3143000007,349560.1557000001,0.0
2023-12-18,4392610.470000001,4043050.3143000007,349560.1557000001,0.0
2023-12-19,4397518.970000001,4046780.4353000005,350738.53470000013,392793.0
2023-12-20,4411714.970000001,4060976.4353000005,350738.53470000013,0.0
2023-12-21,4470426.970000001,4119688.4353000005,350738.53470000013,0.0
2023-12-22,4406802.200000001,4055987.165300001,350815.03470000013,25500.0
2023-12-25,4326264.2,3975449.1653,350815.03470000013,0.0
2023-12-26,4281038.200000001,3930223.165300001,350815.03470000013,0.0
2023-12-27,4294785.0,3941849.3282999997,352935.6717000001,706879.0
2023-12-28,4372612.0,4019676.3282999997,352935.6717000001,0.0
2023-12-29,4479677.000000001,4126741.3283000006,352935.6717000001,0.0
2024-01-02,4503542.130000001,4125483.3687000005,378058.76130000013,8374363.199999999
2024-01-03,4503625.73,4125566.9687,378058.76130000013,0.0
2024-01-04,4503918.33,4125859.5686999997,378058.76130000013,0.0
2024-01-05,4504670.73,4126611.9687,378058.76130000013,0.0
2024-01-08,4504670.73,4126611.9687,378058.76130000013,0.0
2024-01-09,4504837.93,4126779.1686999993,378058.76130000013,0.0
2024-01-10,4505172.330000001,4127113.5687000006,378058.76130000013,0.0
2024-01-11,4505088.73,4127029.9687,378058.76130000013,0.0
2024-01-12,4506008.33,4127949.5686999997,378058.76130000013,0.0
2024-01-15,4506384.530000001,4128325.768700001,378058.76130000013,0.0
2024-01-16,4506342.73,4128283.9687,378058.76130000013,0.0
2024-01-17,4506509.930000001,4128451.1687000003,378058.76130000013,0.0
2024-01-18,4506886.130000001,4128827.3687000005,378058.76130000013,0.0
2024-01-19,4507596.73,4129537.9687,378058.76130000013,0.0
2024-01-22,4508265.530000001,4130206.768700001,378058.76130000013,0.0
2024-01-23,4507931.130000001,4129872.3687000005,378058.76130000013,0.0
2024-01-24,4507931.130000001,4129872.3687000005,378058.76130000013,0.0
2024-01-25,4507471.33,4129412.5686999997,378058.76130000013,0.0
2024-01-26,4508641.73,4130582.9687,378058.76130000013,0.0
2024-01-29,4508976.130000001,4130917.3687000005,378058.76130000013,0.0
2024-01-30,4509519.530000001,4131460.768700001,378058.76130000013,0.0
2024-01-31,4509770.33,4131711.5686999997,378058.76130000013,0.0
2024-02-01,4486253.18,4092929.0248999996,393324.15510000015,5088464.6
2024-02-02,4426208.18,4032884.0248999996,393324.15510000015,0.0
2024-02-05,4327722.18,3934398.0248999996,393324.15510000015,0.0
2024-02-06,4293813.21,3897477.8408999997,396335.3691000001,1003738.0
2024-02-07,4103231.21,3706895.8408999997,396335.3691000001,0.0
2024-02-08,4255981.21,3859645.8408999997,396335.3691000001,0.0
2024-02-19,4441067.19,4041868.8039,399198.3861000001,954339.0
2024-02-20,4556806.19,4157607.8039,399198.3861000001,0.0
2024-02-21,4738747.97,4339473.9359,399274.0341000001,25216.0
2024-02-22,4923316.34,4521145.9739,402170.3661000001,965444.0
2024-02-23,5152891.34,4750720.9739,402170.3661000001,0.0
2024-02-26,5260341.34,4858170.9739,402170.3661000001,0.0
2024-02-27,5443004.85,5038708.9059,404295.9441000001,708526.0
2024-02-28,4880787.85,4476491.9059,404295.9441000001,0.0
2024-02-29,5044526.85,4640230.9059,404295.9441000001,0.0
2024-03-01,5090762.8,4684554.6589,406208.14110000007,637399.0
2024-03-04,5047330.8,4641122.6589,406208.14110000007,0.0
2024-03-05,4867439.8,4461231.6589,406208.14110000007,0.0
2024-03-06,5060413.399999999,4650019.799899999,410393.60010000004,1395153.0
2024-03-07,5020605.869999999,4610153.679899999,410452.19010000007,19530.0
2024-03-08,5043999.869999999,4633547.679899999,410452.19010000007,0.0
2024-03-11,5195843.539999999,4783470.587899999,412372.95210000005,640254.0
2024-03-12,5325186.539999999,4912813.587899999,412372.95210000005,0.0
2024-03-13,5338295.539999999,4925922.587899999,412372.95210000005,0.0
2024-03-14,5358770.99,4944865.4339000005,413905.55610000005,510868.0
2024-03-15,5557869.989999999,5143964.4339,413905.55610000005,0.0
2024-03-18,5696675.59,5282621.8459,414053.74410000007,49396.0
2024-03-19,5668821.48,5253282.8199000005,415538.6601000001,494972.0
2024-03-20,5816656.829999999,5401071.225899999,415585.6041000001,15647.999999999998
2024-03-21,5819526.83,5403941.2259,415585.6041000001,0.0
2024-03-22,5713198.34,5296730.0249,416468.3151000001,294237.0
2024-03-25,5600179.34,5183711.0249,416468.3151000001,0.0
2024-03-26,5651496.34,5235028.0249,416468.3151000001,0.0
2024-03-27,5524215.399999999,5106352.588899999,417862.8111000001,464832.0
2024-03-28,5715585.399999999,5297722.588899999,417862.8111000001,0.0
2024-03-29,5765671.399999999,5347808.588899999,417862.8111000001,0.0
2024-04-01,5780718.45,5331917.0997,448801.3503000001,10312846.399999999
2024-04-02,5758541.65,5309740.2997,448801.3503000001,0.0
2024-04-03,5733114.65,5284313.2997,448801.3503000001,0.0
2024-04-08,5714129.25,5265327.8997,448801.3503000001,0.0
2024-04-09,5715394.050000001,5266592.699700001,448801.3503000001,0.0
2024-04-10,5704883.050000001,5256081.699700001,448801.3503000001,0.0
2024-04-11,5702945.050000001,5254143.699700001,448801.3503000001,0.0
2024-04-12,5707877.25,5259075.8997,448801.3503000001,0.0
2024-04-15,5685027.25,5236225.8997,448801.3503000001,0.0
2024-04-16,5664871.850000001,5216070.4997000005,448801.3503000001,0.0
2024-04-17,5671167.45,5222366.0997,448801.3503000001,0.0
2024-04-18,5672491.050000001,5223689.699700001,448801.3503000001,0.0
2024-04-19,5666250.450000001,5217449.099700001,448801.3503000001,0.0
2024-04-22,5657315.25,5208513.8997,448801.3503000001,0.0
2024-04-23,5675445.45,5226644.0997,448801.3503000001,0.0
2024-04-24,5672703.45,5223902.0997,448801.3503000001,0.0
2024-04-25,5674941.050000001,5226139.699700001,448801.3503000001,0.0
2024-04-26,5694592.050000001,5245790.699700001,448801.3503000001,0.0
2024-04-29,5696018.05,5247216.6997,448801.3503000001,0.0
2024-04-30,5689938.65,5241137.2997,448801.3503000001,0.0
2024-05-06,5732576.430000001,5264259.5559,468316.87410000013,6505174.600000001
2024-05-07,5755390.010000001,5287032.8519,468357.1581000001,13428.0
2024-05-08,5720781.010000001,5252423.8519,468357.1581000001,0.0
2024-05-09,5776359.66,5304602.2659,471757.3941000001,1133412.0
2024-05-10,5731418.0600000005,5259646.8599000005,471771.2001000001,4602.0
2024-05-13,5632593.0600000005,5160821.8599000005,471771.2001000001,0.0
2024-05-14,5776057.77,5300728.2519,475329.5181000001,1186106.0
2024-05-15,5827163.77,5351834.2519,475329.5181000001,0.0
2024-05-16,5849239.79,5373823.3319,475416.4581000001,28980.000000000004
2024-05-17,5893416.43,5414649.8599,478766.5701000001,1116704.0
2024-05-20,5800371.43,5321604.8599,478766.5701000001,0.0
2024-05-21,5742481.43,5263714.8599,478766.5701000001,0.0
2024-05-22,5783381.02,5302022.8489,481358.17110000015,863867.0
2024-05-23,5585955.02,5104596.8489,481358.17110000015,0.0
2024-05-24,5552637.02,5071278.8489,481358.17110000015,0.0
2024-05-27,5630709.609999999,5148332.695899999,482376.91410000017,339581.0
2024-05-28,5513200.609999999,5030823.695899999,482376.91410000017,0.0
2024-05-29,5661494.609999999,5179117.695899999,482376.91410000017,0.0
2024-05-30,5458858.359999999,4975343.8878999995,483514.4721000002,379186.0
2024-05-31,5458999.359999999,4975484.8878999995,483514.4721000002,0.0
2024-06-03,5261109.359999999,4777594.8878999995,483514.4721000002,0.0
2024-06-04,5053757.21,4568293.9139,485463.2961000002,649608.0
2024-06-05,5011007.21,4525543.9139,485463.2961000002,0.0
2024-06-06,4642479.75,4156709.7279,485770.02210000023,102242.0
2024-06-07,4951871.609999999,4463503.827899999,488367.78210000024,865920.0
2024-06-11,4903609.859999999,4415173.818899999,488436.04110000026,22753.0
2024-06-12,5121738.859999999,4633302.818899999,488436.04110000026,0.0
2024-06-13,5019766.51,4529109.358899999,490657.15110000025,740370.0
2024-06-14,4971807.51,4481150.358899999,490657.15110000025,0.0
2024-06-17,4867365.51,4376708.358899999,490657.15110000025,0.0
2024-06-18,5053344.09,4560554.6799,492789.41010000027,710753.0
2024-06-19,5036786.33,4543994.642899999,492791.6871000003,758.9999999999999
2024-06-20,4860026.33,4367234.642899999,492791.6871000003,0.0
2024-06-21,4779202.09,4284529.648899999,494672.4411000003,626918.0
2024-06-24,4526206.09,4031533.6488999994,494672.4411000003,0.0
2024-06-25,4603933.09,4109260.6488999994,494672.4411000003,0.0
2024-06-26,4787544.0,4291078.182899999,496465.8171000003,597792.0
2024-06-27,4740631.0,4244165.182899999,496465.8171000003,0.0
2024-06-28,4721176.0,4224710.182899999,496465.8171000003,0.0
2024-07-01,4746882.52,4250180.071899999,496702.44810000027,78877.0
2024-07-02,4981348.52,4484646.071899999,496702.44810000027,0.0
2024-07-03,5103796.54,4606980.1759,496816.3641000003,37972.0
2024-07-04,4992206.48,4494874.3439,497332.1361000003,171924.0
2024-07-05,5093946.35,4596234.764899999,497711.5851000003,126483.0
2024-07-08,4872333.73,4374593.2939,497740.43610000034,9617.0
2024-07-09,4803390.8,4304293.691899999,499097.10810000036,452224.0
2024-07-10,4616486.8,4117389.6918999995,499097.10810000036,0.0
2024-07-11,4889861.8,4390764.691899999,499097.10810000036,0.0
2024-07-12,4885129.91,4385166.1409,499963.7691000004,288887.0
2024-07-15,4825512.91,4325549.1409,499963.7691000004,0.0
2024-07-16,4827104.05,4326944.305899999,500159.74410000036,65325.0
2024-07-17,4761111.23,4258368.3779,502742.85210000037,861036.0
2024-07-18,4784281.41,4281431.1099,502850.30010000034,35816.0
2024-07-19,4815297.1,4312307.8549,502989.24510000035,46315.0
2024-07-22,4911080.93,4406836.0649,504244.86510000034,418540.0
2024-07-23,4958483.04,4454145.522899999,504337.51710000035,30884.0
2024-07-24,4877707.04,4373369.522899999,504337.51710000035,0.0
2024-07-25,4942152.09,4435718.004899999,506434.0851000004,698856.0
2024-07-26,5003471.09,4497037.004899999,506434.0851000004,0.0
2024-07-29,5084005.09,4577571.004899999,506434.0851000004,0.0
2024-07-30,5188325.51,4680536.744899999,507788.76510000037,451560.0
2024-07-31,5310114.51,4802325.744899999,507788.76510000037,0.0
2024-08-01,5375109.51,4867320.744899999,507788.76510000037,0.0
2024-08-02,5330611.68,4821381.174899999,509230.50510000036,480580.0
2024-08-05,5268823.68,4759593.174899999,509230.50510000036,0.0
2024-08-06,5457008.68,4947778.174899999,509230.50510000036,0.0
2024-08-07,5461041.84,4949819.6049,511222.23510000034,663910.0
2024-08-08,5488340.84,4977118.6049,511222.23510000034,0.0
2024-08-09,5414476.35,4903141.6389,511334.71110000036,37492.0
2024-08-12,5317290.84,4803833.430899999,513457.40910000034,707566.0
2024-08-13,5468661.84,4955204.430899999,513457.40910000034,0.0
2024-08-14,5528467.4,5014798.7909,513668.60910000035,70400.0
2024-08-15,5539718.23,5025039.0379,514679.19210000033,336861.0
2024-08-16,5423401.23,4908722.0379,514679.19210000033,0.0
2024-08-19,5473916.23,4959237.0379,514679.19210000033,0.0
2024-08-20,5441095.54,4925070.454899999,516025.0851000003,448631.0
2024-08-21,5390786.54,4874761.454899999,516025.0851000003,0.0
2024-08-22,5333354.54,4817329.454899999,516025.0851000003,0.0
2024-08-23,5191731.5,4674864.584899999,516866.91510000033,280610.0
2024-08-26,5322140.5,4805273.584899999,516866.91510000033,0.0
2024-08-27,5287976.5,4771109.584899999,516866.91510000033,0.0
2024-08-28,5334071.76,4815390.216899999,518681.54310000036,604876.0
2024-08-29,5381457.76,4862776.216899999,518681.54310000036,0.0
2024-08-30,5499980.76,4981299.216899999,518681.54310000036,0.0
2024-09-02,5454084.01,4933870.249899999,520213.76010000036,510739.0
2024-09-03,5475506.01,4955292.249899999,520213.76010000036,0.0
2024-09-04,5398696.01,4878482.249899999,520213.76010000036,0.0
2024-09-05,5516698.82,4994981.0099,521717.81010000035,501350.0
2024-09-06,5416561.82,4894844.0099,521717.81010000035,0.0
2024-09-09,5483089.82,4961372.0099,521717.81010000035,0.0
2024-09-10,5604998.039999999,5080554.660899999,524443.3791000004,908523.0
2024-09-11,5600382.04,5075938.6609,524443.3791000004,0.0
2024-09-12,5591906.43,5067389.2359,524517.1941000003,24605.0
2024-09-13,5557549.31,5030175.737899999,527373.5721000003,952126.0
2024-09-18,5433722.31,4906348.737899999,527373.5721000003,0.0
2024-09-19,5655703.31,5128329.737899999,527373.5721000003,0.0
2024-09-20,5594354.63,5064437.3729,529917.2571000004,847895.0
2024-09-23,5639096.63,5109179.3729,529917.2571000004,0.0
2024-09-24,5796281.63,5266364.3729,529917.2571000004,0.0
2024-09-25,5884411.44,5352422.1819,531989.2581000004,690667.0
2024-09-26,6049259.44,5517270.1819,531989.2581000004,0.0
2024-09-27,6308882.44,5776893.1819,531989.2581000004,0.0
2024-09-30,6864109.52,6330885.647899999,533223.8721000004,411538.0
2024-10-08,7298194.52,6764970.647899999,533223.8721000004,0.0
2024-10-09,6561440.52,6028216.647899999,533223.8721000004,0.0
2024-10-10,6719983.869999999,6185587.243899999,534396.6261000003,390918.0
2024-10-11,6471219.869999999,5936823.243899999,534396.6261000003,0.0
2024-10-14,6767263.869999999,6232867.243899999,534396.6261000003,0.0
2024-10-15,6718534.75,6181957.300899999,536577.4491000003,726941.0
2024-10-16,6757251.75,6220674.300899999,536577.4491000003,0.0
2024-10-17,6630031.75,6093454.300899999,536577.4491000003,0.0
2024-10-18,6797155.35,6257304.846899999,539850.5031000003,1091018.0
2024-10-21,6978657.39,6438528.828899999,540128.5611000003,92686.0
2024-10-22,7211686.39,6671557.828899999,540128.5611000003,0.0
2024-10-23,7414046.489999999,6872027.163899999,542019.3261000003,630255.0
2024-10-24,7579731.779999999,7037533.2458999995,542198.5341000003,59736.0
2024-10-25,7947222.779999999,7405024.2458999995,542198.5341000003,0.0
2024-10-28,8418360.149999999,7875400.041899998,542960.1081000003,253858.0
2024-10-29,8311896.149999999,7768936.0419,542960.1081000003,0.0
2024-10-30,8314675.41,7771555.1019,543120.3081000003,53400.0
2024-10-31,8441598.92,7891584.539899999,550014.3801000003,2298024.0
2024-11-01,8253884.58,7703851.176899999,550033.4031000003,6341.0
2024-11-04,8421837.049999999,7871494.007899999,550343.0421000003,103212.99999999999
2024-11-05,8739216.76,8178910.0549,560306.7051000004,3321221.0
2024-11-06,8976572.229999999,8415860.440899998,560711.7891000004,135028.0
2024-11-07,9182569.23,8621857.4409,560711.7891000004,0.0
2024-11-08,9150145.23,8582282.0409,567863.1891000004,2383800.0
2024-11-11,9429470.23,8861607.0409,567863.1891000004,0.0
2024-11-12,9473262.16,8905188.7939,568073.3661000005,70059.0
2024-11-13,9493170.419999998,8917391.202899998,575779.2171000005,2568617.0
2024-11-14,9245763.2,8668963.3829,576799.8171000005,340200.0
2024-11-15,9045402.2,8468602.3829,576799.8171000005,0.0
2024-11-18,8794932.87,8211776.970899999,583155.8991000005,2118694.0
2024-11-19,8961779.87,8378623.970899999,583155.8991000005,0.0
2024-11-20,9234052.87,8650896.9709,583155.8991000005,0.0
2024-11-21,9286071.28,8697213.160899999,588858.1191000005,1900740.0
2024-11-22,8899843.28,8310985.160899999,588858.1191000005,0.0
2024-11-25,9176672.28,8587814.160899999,588858.1191000005,0.0
2024-11-26,9197373.6,8603918.6679,593454.9321000004,1532271.0
2024-11-27,9268757.6,8675302.6679,593454.9321000004,0.0
2024-11-28,9436624.6,8843169.6679,593454.9321000004,0.0
2024-11-29,9617886.86,9019511.5169,598375.3431000004,1640137.0
2024-12-02,9898989.86,9300614.5169,598375.3431000004,0.0
2024-12-03,9970693.86,9372318.5169,598375.3431000004,0.0
2024-12-04,9909049.25,9308255.0549,600794.1951000004,806284.0
2024-12-05,10018985.91,9416958.0549,602027.8551000004,411220.0
2024-12-06,10169025.91,9566998.0549,602027.8551000004,0.0
2024-12-09,10221434.0,9614116.2239,607317.7761000004,1763307.0
2024-12-10,10234430.46,9625990.2849,608440.1751000003,374133.0
2024-12-11,10346097.46,9737657.2849,608440.1751000003,0.0
2024-12-12,10796337.54,10182899.3919,613438.1481000003,1665991.0
2024-12-13,10591855.1,9978313.6319,613541.4681000003,34440.0
2024-12-16,10580751.099999998,9967209.631899998,613541.4681000003,0.0
2024-12-17,9877721.8,9261195.8299,616525.9701000003,994834.0
2024-12-18,9906913.8,9290387.8299,616525.9701000003,0.0
2024-12-19,9809978.69,9193294.2239,616684.4661000003,52832.0
2024-12-20,10051547.72,9430017.266900001,621530.4531000003,1615329.0
2024-12-23,9245494.72,8623964.266900001,621530.4531000003,0.0
2024-12-24,9119457.7,8497855.1869,621602.5131000003,24020.0
2024-12-25,8886529.43,8260681.5209,625847.9091000003,1415132.0
2024-12-26,9057718.43,8431870.5209,625847.9091000003,0.0
2024-12-27,9272026.93,8645913.115899999,626113.8141000003,88635.0
2024-12-30,9013039.44,8382141.135899999,630898.3041000003,1594830.0
2024-12-31,8818636.439999998,8187738.135899997,630898.3041000003,0.0
2025-01-02,8800363.479999997,8118553.859799996,681809.6202000004,16970438.700000003
2025-01-03,8801041.079999996,8119231.459799996,681809.6202000004,0.0
2025-01-06,8801210.479999999,8119400.859799998,681809.6202000004,0.0
2025-01-07,8801888.079999998,8120078.4597999975,681809.6202000004,0.0
2025-01-08,8804683.179999998,8122873.559799997,681809.6202000004,0.0
2025-01-09,8803666.779999997,8121857.159799997,681809.6202000004,0.0
2025-01-10,8804429.079999998,8122619.4597999975,681809.6202000004,0.0
2025-01-13,8803073.879999997,8121264.259799996,681809.6202000004,0.0
2025-01-14,8802396.279999997,8120586.659799997,681809.6202000004,0.0
2025-01-15,8804005.579999998,8122195.9597999975,681809.6202000004,0.0
2025-01-16,8803243.279999997,8121433.659799997,681809.6202000004,0.0
2025-01-17,8803920.879999997,8122111.259799996,681809.6202000004,0.0
2025-01-20,8803412.679999998,8121603.059799997,681809.6202000004,0.0
2025-01-21,8804513.779999997,8122704.159799997,681809.6202000004,0.0
2025-01-22,8805276.079999998,8123466.4597999975,681809.6202000004,0.0
2025-01-23,8804767.879999997,8122958.259799996,681809.6202000004,0.0
2025-01-24,8804937.279999997,8123127.659799997,681809.6202000004,0.0
2025-01-27,8810442.779999997,8128633.159799997,681809.6202000004,0.0
2025-02-05,8809765.179999998,8102499.313599997,707265.8664000004,8485415.4
2025-02-06,8812974.259999998,8100431.225599998,712543.0344000004,1759056.0
2025-02-07,8854908.259999998,8142365.225599998,712543.0344000004,0.0
2025-02-10,8939581.259999998,8227038.225599998,712543.0344000004,0.0
2025-02-11,8917327.569999997,8199627.772599996,717699.7974000004,1718921.0
2025-02-12,8891982.719999997,8174193.378599997,717789.3414000004,29848.0
2025-02-13,8840941.719999997,8123152.378599997,717789.3414000004,0.0
2025-02-14,8832800.149999997,8109418.346599996,723381.8034000004,1864154.0
2025-02-17,9165853.149999997,8442471.346599996,723381.8034000004,0.0
2025-02-18,9168049.399999997,8443939.883599997,724109.5164000004,242571.0
2025-02-19,9327099.279999996,8597146.816599995,729952.4634000005,1947649.0
2025-02-20,9336444.919999998,8606234.786599997,730210.1334000005,85890.0
2025-02-21,9272120.919999998,8541910.786599997,730210.1334000005,0.0
2025-02-24,9374018.209999995,8638774.745599994,735243.4644000005,1677777.0
2025-02-25,9378602.209999995,8643358.745599994,735243.4644000005,0.0
2025-02-26,9471608.209999995,8736364.745599994,735243.4644000005,0.0
2025-02-27,9449697.239999996,8709704.232599996,739993.0074000005,1583181.0
2025-02-28,9344992.949999996,8604891.078599995,740101.8714000004,36288.0
2025-03-03,9350435.959999995,8610118.664599994,740317.2954000004,71808.0
2025-03-04,9392698.239999998,8649576.655599998,743121.5844000004,934763.0
2025-03-05,9295020.239999998,8551898.655599998,743121.5844000004,0.0
2025-03-06,9419055.239999998,8675933.655599998,743121.5844000004,0.0
2025-03-07,9300601.339999996,8554730.462599996,745870.8774000003,916431.0
2025-03-10,9669366.339999996,8923495.462599996,745870.8774000003,0.0
2025-03-11,9710162.639999997,8963873.226599997,746289.4134000003,139512.0
2025-03-12,9760875.989999998,9010602.540599998,750273.4494000003,1328012.0
2025-03-13,9628603.989999998,8878330.540599998,750273.4494000003,0.0
2025-03-14,9815679.989999998,9065406.540599998,750273.4494000003,0.0
2025-03-17,9897751.719999995,9143952.154599994,753799.5654000003,1175372.0
2025-03-18,9896119.719999995,9142320.154599994,753799.5654000003,0.0
2025-03-19,9833423.719999995,9079624.154599994,753799.5654000003,0.0
2025-03-20,9856069.599999998,9100507.117599998,755562.4824000003,587639.0
2025-03-21,9635550.599999998,8879988.117599998,755562.4824000003,0.0
2025-03-24,9211523.599999998,8455960.046599997,755563.5534000003,357.0
2025-03-25,9194818.849999998,8438063.387599997,756755.4624000003,397303.0
2025-03-26,9504050.849999998,8747295.387599997,756755.4624000003,0.0
2025-03-27,9324298.069999997,8567323.022599997,756975.0474000003,73195.0
2025-03-28,9019939.309999997,8259317.480599997,760621.8294000003,1215594.0
2025-03-31,8782706.309999997,8022084.480599997,760621.8294000003,0.0
2025-04-01,8813702.959999997,8006258.357299997,807444.6027000003,15607591.1
2025-04-02,8814324.559999997,8006879.957299996,807444.6027000003,0.0
2025-04-03,8814713.059999997,8007268.457299996,807444.6027000003,0.0
2025-04-07,8814013.759999998,8006569.157299997,807444.6027000003,0.0
2025-04-08,8884117.359999998,8076672.757299997,807444.6027000003,0.0
2025-04-09,8960368.859999998,8152924.257299997,807444.6027000003,0.0
2025-04-10,8988961.959999997,8181517.357299997,807444.6027000003,0.0
2025-04-11,8910097.859999998,8102653.257299997,807444.6027000003,0.0
2025-04-14,8909932.759999998,8102488.157299997,807444.6027000003,0.0
2025-04-15,8942537.059999997,8135092.457299996,807444.6027000003,0.0
2025-04-16,8909602.559999997,8102157.957299996,807444.6027000003,0.0
2025-04-17,8884476.759999998,8077032.157299997,807444.6027000003,0.0
2025-04-18,8892819.659999996,8085375.057299996,807444.6027000003,0.0
2025-04-21,8885496.559999997,8078051.957299996,807444.6027000003,0.0
2025-04-22,8888721.059999997,8081276.457299996,807444.6027000003,0.0
2025-04-23,8871705.059999997,8064260.457299996,807444.6027000003,0.0
2025-04-24,8874375.959999997,8066931.357299997,807444.6027000003,0.0
2025-04-25,8877678.159999996,8070233.557299996,807444.6027000003,0.0
2025-04-28,8877522.759999998,8070078.157299997,807444.6027000003,0.0
2025-04-29,8896112.159999996,8088667.557299996,807444.6027000003,0.0
2025-04-30,8927123.659999996,8119679.057299996,807444.6027000003,0.0
2025-05-06,8933815.459999997,8102947.570699997,830867.8893000003,7807762.2
2025-05-07,8927336.309999995,8088706.1276999945,838630.1823000002,2587431.0
2025-05-08,8952942.309999995,8114312.1276999945,838630.1823000002,0.0
2025-05-09,8938055.309999995,8099425.1276999945,838630.1823000002,0.0
2025-05-12,8958607.619999994,8114611.304699994,843996.3153000002,1788711.0
2025-05-13,8922909.619999994,8078913.304699994,843996.3153000002,0.0
2025-05-14,8899714.619999994,8055718.304699994,843996.3153000002,0.0
2025-05-15,8935631.419999994,8086157.932699994,849473.4873000003,1825724.0
2025-05-16,8957504.419999994,8108030.932699994,849473.4873000003,0.0
2025-05-19,9059919.419999994,8210445.932699994,849473.4873000003,0.0
2025-05-20,9226314.919999994,8371577.9116999945,854737.0083000002,1754507.0
2025-05-21,9110442.919999994,8255705.9116999945,854737.0083000002,0.0
2025-05-22,8988006.919999994,8133269.9116999945,854737.0083000002,0.0
2025-05-23,8879724.699999996,8020427.088699996,859297.6113000002,1520201.0
2025-05-26,8986816.699999996,8127519.088699996,859297.6113000002,0.0
2025-05-27,9068827.699999996,8209530.088699996,859297.6113000002,0.0
2025-05-28,9011907.969999995,8151360.528699995,860547.4413000002,416610.0
2025-05-29,9187423.969999995,8326876.528699995,860547.4413000002,0.0
2025-05-30,9143148.969999995,8282601.528699995,860547.4413000002,0.0
2025-06-03,9204969.759999994,8342969.958699994,861999.8013000002,484120.0
2025-06-04,9290311.759999994,8428311.958699994,861999.8013000002,0.0
2025-06-05,9282910.759999994,8420910.958699994,861999.8013000002,0.0
2025-06-06,9383240.609999996,8519946.083699996,863294.5263000001,431575.0
2025-06-09,9525028.609999996,8661734.083699996,863294.5263000001,0.0
2025-06-10,9447150.609999996,8583856.083699996,863294.5263000001,0.0
2025-06-11,9463978.029999996,8600452.626699995,863525.4033000001,76959.0
2025-06-12,9508567.029999994,8645041.626699993,863525.4033000001,0.0
2025-06-13,9292827.029999994,8429301.626699993,863525.4033000001,0.0
2025-06-16,9409318.559999997,8544400.037699997,864918.5223000001,464373.0
2025-06-17,9370217.559999997,8505299.037699997,864918.5223000001,0.0
2025-06-18,9286000.559999997,8421082.037699997,864918.5223000001,0.0
2025-06-19,9040963.409999996,8173568.774699996,867394.6353000001,825371.0
2025-06-20,8992781.409999995,8125386.774699994,867394.6353000001,0.0
2025-06-23,9218708.409999996,8351313.774699996,867394.6353000001,0.0
2025-06-24,9541202.639999997,8672443.112699997,868759.5273000001,454964.0
2025-06-25,9559207.639999997,8690448.112699997,868759.5273000001,0.0
2025-06-26,9692641.839999996,8823206.493699996,869435.3463000001,225273.0
2025-06-27,9789172.989999996,8918345.691699997,870827.2983000001,463984.0
2025-06-30,9889050.989999996,9018223.691699997,870827.2983000001,0.0
2025-07-01,10272688.989999996,9401861.691699997,870827.2983000001,0.0
2025-07-02,10219425.529999994,9344211.760699993,875213.7693000002,1462157.0
2025-07-03,10107961.529999994,9232747.760699993,875213.7693000002,0.0
2025-07-04,9959258.529999994,9084044.760699993,875213.7693000002,0.0
2025-07-07,10157910.569999997,9279823.892699996,878086.6773000002,957636.0
2025-07-08,10196589.569999997,9318502.892699996,878086.6773000002,0.0
2025-07-09,10179922.569999997,9301835.892699996,878086.6773000002,0.0
2025-07-10,10240758.859999996,9360106.663699996,880652.1963000002,855173.0
2025-07-11,10151925.859999996,9271273.663699996,880652.1963000002,0.0
2025-07-14,10273867.859999996,9393215.663699996,880652.1963000002,0.0
2025-07-15,10062807.949999994,9179401.876699993,883406.0733000002,917959.0
2025-07-16,10159351.949999996,9275945.876699995,883406.0733000002,0.0
2025-07-17,10193528.949999996,9310122.876699995,883406.0733000002,0.0
2025-07-18,10220847.849999994,9335924.127699994,884923.7223000001,505883.0
2025-07-21,10515076.849999994,9630153.127699994,884923.7223000001,0.0
2025-07-22,10536395.849999994,9651472.127699994,884923.7223000001,0.0
2025-07-23,10450142.869999995,9563569.645699995,886573.2243000001,549834.0
2025-07-24,10556344.869999995,9669771.645699995,886573.2243000001,0.0
2025-07-25,10686422.869999995,9799849.645699995,886573.2243000001,0.0
2025-07-28,10730785.849999994,9841331.203699995,889454.6463000001,960474.0
2025-07-29,10828958.849999994,9939504.203699995,889454.6463000001,0.0
2025-07-30,10880386.459999995,9990175.309699995,890211.1503000001,252168.0
2025-07-31,10704493.179999996,9810203.274699995,894289.9053000001,1359585.0
2025-08-01,10810556.179999996,9916266.274699995,894289.9053000001,0.0
2025-08-04,10951899.989999996,10057549.517699996,894350.4723000001,20189.0
2025-08-05,11078191.899999997,10180989.531699996,897202.3683000001,950632.0
2025-08-06,11158163.899999997,10260961.531699996,897202.3683000001,0.0
2025-08-07,11119577.829999994,10222219.809699994,897358.0203000001,51884.00000000001
2025-08-08,11187089.199999996,10286904.645699995,900184.5543000001,942178.0
2025-08-11,11336315.199999996,10436130.645699995,900184.5543000001,0.0
2025-08-12,11291037.199999996,10390852.645699995,900184.5543000001,0.0
2025-08-13,11185043.789999995,10281729.659699995,903314.1303000001,1043192.0
2025-08-14,10858418.789999995,9955104.659699995,903314.1303000001,0.0
2025-08-15,10852696.789999995,9949382.659699995,903314.1303000001,0.0
2025-08-18,10995556.779999994,10088070.528699994,907486.2513000001,1390707.0
2025-08-19,11331350.779999994,10423864.528699994,907486.2513000001,0.0
2025-08-20,11378641.779999994,10471155.528699994,907486.2513000001,0.0
2025-08-21,11493562.519999996,10582675.858699996,910886.6613000002,1133470.0
2025-08-22,11364539.519999994,10453652.858699994,910886.6613000002,0.0
2025-08-25,11344776.519999996,10433889.858699996,910886.6613000002,0.0
2025-08-26,11530404.109999996,10617626.335699996,912777.7743000002,630371.0
2025-08-27,11095530.109999994,10182752.335699994,912777.7743000002,0.0
2025-08-28,10976952.109999996,10064174.335699996,912777.7743000002,0.0
2025-08-29,10873963.789999995,9956214.493699996,917749.2963000002,1657174.0
2025-09-01,11041128.789999995,10123379.493699996,917749.2963000002,0.0
2025-09-02,11002902.789999995,10085153.493699996,917749.2963000002,0.0
2025-09-03,10660275.669999994,9738592.596699994,921683.0733000002,1311259.0
2025-09-04,10817691.669999994,9896008.596699994,921683.0733000002,0.0
2025-09-05,10992909.669999994,10071226.596699994,921683.0733000002,0.0
2025-09-08,11204509.939999994,10279855.738699993,924654.2013000002,990376.0
2025-09-09,11166735.939999994,10242081.738699993,924654.2013000002,0.0
2025-09-10,11232760.939999994,10308106.738699993,924654.2013000002,0.0
2025-09-11,11275988.699999996,10348326.509699995,927662.1903000001,1002663.0
2025-09-12,11152306.699999996,10224644.509699995,927662.1903000001,0.0
2025-09-15,11252321.699999996,10324659.509699995,927662.1903000001,0.0
2025-09-16,11552060.359999996,10621336.288699996,930724.0713000002,1020627.0
2025-09-17,11451416.359999996,10520692.288699996,930724.0713000002,0.0
2025-09-18,11130626.359999996,10199902.288699996,930724.0713000002,0.0
2025-09-19,11017635.829999994,10082259.637699995,935376.1923000002,1550707.0
2025-09-22,10906575.829999994,9971199.637699995,935376.1923000002,0.0
2025-09-23,10730550.829999994,9795174.637699995,935376.1923000002,0.0
2025-09-24,11001773.879999995,10065022.205699995,936751.6743000002,458494.0
2025-09-25,10873135.879999995,9936384.205699995,936751.6743000002,0.0
2025-09-26,10929406.879999995,9992655.205699995,936751.6743000002,0.0
2025-09-29,11295343.879999995,10358592.205699995,936751.6743000002,0.0
2025-09-30,11612362.879999995,10675611.205699995,936751.6743000002,0.0
2025-10-09,11834409.879999995,10897658.205699995,936751.6743000002,0.0
2025-10-10,12344185.429999994,11400974.248699995,943211.1813000002,2153169.0
2025-10-13,12212513.429999994,11269302.248699995,943211.1813000002,0.0
2025-10-14,12209090.429999994,11265879.248699995,943211.1813000002,0.0
2025-10-15,12206436.419999994,11256767.489699993,949668.9303000001,2152583.0
2025-10-16,12063113.419999994,11113444.489699993,949668.9303000001,0.0
2025-10-17,11942881.419999994,10993212.489699993,949668.9303000001,0.0
2025-10-20,12180475.209999992,11228670.036699992,951805.1733000001,712081.0
2025-10-21,12487118.209999992,11535313.036699992,951805.1733000001,0.0
2025-10-22,12592635.209999992,11640830.036699992,951805.1733000001,0.0
2025-10-23,12576598.039999995,11622986.494699996,953611.5453000001,602124.0
2025-10-24,12686848.039999995,11733236.494699996,953611.5453000001,0.0
2025-10-27,12812970.039999995,11859358.494699996,953611.5453000001,0.0
2025-10-28,13089390.799999991,12133230.994699992,956159.8053000001,849420.0
2025-10-29,12780372.279999996,11823796.524699995,956575.7553000001,138650.0
2025-10-30,12759269.279999994,11802693.524699993,956575.7553000001,0.0
2025-10-31,12962032.289999995,12003269.114699995,958763.1753000001,729140.0
2025-11-03,13115875.289999995,12157112.114699995,958763.1753000001,0.0
2025-11-04,13156855.289999995,12198092.114699995,958763.1753000001,0.0
2025-11-05,13372705.119999994,12410477.559699994,962227.5603000001,1154795.0
2025-11-06,13431286.119999994,12469058.559699994,962227.5603000001,0.0
2025-11-07,13500381.119999994,12538153.559699994,962227.5603000001,0.0
2025-11-10,13641922.269999994,12675686.892699994,966235.3773000002,1335939.0
2025-11-11,13788099.269999994,12821863.892699994,966235.3773000002,0.0
2025-11-12,13795402.269999994,12829166.892699994,966235.3773000002,0.0
2025-11-13,13893847.019999994,12923224.655699994,970622.3643000001,1462329.0
2025-11-14,14002002.019999994,13031379.655699994,970622.3643000001,0.0
2025-11-17,14143544.019999994,13172921.655699994,970622.3643000001,0.0
2025-11-18,14004202.529999994,13029743.897699993,974458.6323000002,1278756.0
2025-11-19,13614982.529999994,12640523.897699993,974458.6323000002,0.0
2025-11-20,13437176.529999994,12462717.897699993,974458.6323000002,0.0
2025-11-21,12683508.259999994,11705430.181699995,978078.0783000002,1206482.0
2025-11-24,13050283.259999994,12072205.181699995,978078.0783000002,0.0
2025-11-25,13340978.259999994,12362900.181699995,978078.0783000002,0.0
2025-11-26,13127721.069999997,12146055.513699997,981665.5563000002,1195826.0
2025-11-27,13259136.069999997,12277470.513699997,981665.5563000002,0.0
2025-11-28,13550314.069999997,12568648.513699997,981665.5563000002,0.0
2025-12-01,13617894.639999991,12634220.82669999,983673.8133000002,669419.0
2025-12-02,13586039.639999991,12602365.82669999,983673.8133000002,0.0
2025-12-03,13365142.639999991,12381468.82669999,983673.8133000002,0.0
2025-12-04,13054982.359999994,12068979.859699994,986002.5003000002,776229.0
2025-12-05,13332778.359999994,12346775.859699994,986002.5003000002,0.0
2025-12-08,13493381.359999994,12507378.859699994,986002.5003000002,0.0
2025-12-09,13338161.049999991,12350251.374699991,987909.6753000002,635725.0
2025-12-10,13017693.049999991,12029783.374699991,987909.6753000002,0.0
2025-12-11,12565666.049999991,11577756.374699991,987909.6753000002,0.0
2025-12-12,12248546.909999996,11258789.207699995,989757.7023000002,616009.0
2025-12-15,12458748.909999996,11468991.207699995,989757.7023000002,0.0
2025-12-16,12208657.909999996,11218900.207699995,989757.7023000002,0.0
2025-12-17,12269667.409999996,11278359.634699997,991307.7753000002,516691.0
2025-12-18,12527536.409999996,11536228.634699997,991307.7753000002,0.0
2025-12-19,12914878.409999996,11923570.634699997,991307.7753000002,0.0
2025-12-22,12838827.919999994,11845585.429699995,993242.4903000002,644905.0
2025-12-23,12763531.919999994,11770289.429699995,993242.4903000002,0.0
2025-12-24,12927308.919999994,11934066.429699995,993242.4903000002,0.0
2025-12-25,12973294.559999997,11975858.738699997,997435.8213000002,1397777.0
2025-12-26,12860092.559999997,11862656.738699997,997435.8213000002,0.0
2025-12-29,13007837.559999997,12010401.738699997,997435.8213000002,0.0
2025-12-30,12877025.949999996,11876138.838699995,1000887.1113000002,1150430.0
2025-12-31,12875495.949999996,11874608.838699995,1000887.1113000002,0.0
2026-01-05,12866276.169999996,11790051.576699996,1076224.5933000003,25112494.0
2026-01-06,12865398.369999995,11789173.776699996,1076224.5933000003,0.0
2026-01-07,12867404.769999996,11791180.176699996,1076224.5933000003,0.0
2026-01-08,12867906.369999995,11791681.776699996,1076224.5933000003,0.0
2026-01-09,12868658.769999996,11792434.176699996,1076224.5933000003,0.0
2026-01-12,12868407.969999995,11792183.376699995,1076224.5933000003,0.0
2026-01-13,12869912.769999996,11793688.176699996,1076224.5933000003,0.0
2026-01-14,12870414.369999995,11794189.776699996,1076224.5933000003,0.0
2026-01-15,12872796.969999995,11796572.376699995,1076224.5933000003,0.0
2026-01-16,12875430.369999995,11799205.776699996,1076224.5933000003,0.0
2026-01-19,12874677.969999995,11798453.376699995,1076224.5933000003,0.0
2026-01-20,12874301.769999996,11798077.176699996,1076224.5933000003,0.0
2026-01-21,12872796.969999995,11796572.376699995,1076224.5933000003,0.0
2026-01-22,12873674.769999996,11797450.176699996,1076224.5933000003,0.0
2026-01-23,12874427.169999996,11798202.576699996,1076224.5933000003,0.0
2026-01-26,12875304.969999995,11799080.376699995,1076224.5933000003,0.0
2026-01-27,12875931.969999995,11799707.376699995,1076224.5933000003,0.0
2026-01-28,12875681.169999996,11799456.576699996,1076224.5933000003,0.0
2026-01-29,12875555.769999998,11799331.176699998,1076224.5933000003,0.0
2026-01-30,12876558.969999995,11800334.376699995,1076224.5933000003,0.0
2026-02-02,12876308.169999996,11762412.789699996,1113895.3803000003,12556929.0
2026-02-03,12899924.179999994,11778318.559699994,1121605.6203000003,2570080.0
2026-02-04,12933279.179999994,11811673.559699994,1121605.6203000003,0.0
2026-02-05,12941036.179999994,11819430.559699994,1121605.6203000003,0.0
2026-02-06,12977396.659999996,11848160.152699996,1129236.5073000004,2543629.0
2026-02-09,13071559.659999996,11942323.152699996,1129236.5073000004,0.0
2026-02-10,13072857.659999996,11943621.152699996,1129236.5073000004,0.0
2026-02-11,13038709.929999996,11901845.997699995,1136863.9323000005,2542475.0
2026-02-12,12896030.929999996,11759166.997699995,1136863.9323000005,0.0
2026-02-13,12914288.929999996,11777424.997699995,1136863.9323000005,0.0
2026-02-24,13071261.599999998,11926352.192699997,1144909.4073000005,2681825.0
2026-02-25,13043559.599999998,11898650.192699997,1144909.4073000005,0.0
2026-02-26,12985091.599999998,11840182.192699997,1144909.4073000005,0.0
2026-02-27,12932951.299999995,11781141.487699995,1151809.8123000006,2300135.0
2026-03-02,12437123.299999995,11285313.487699995,1151809.8123000006,0.0
2026-03-03,12102932.299999995,10951122.487699995,1151809.8123000006,0.0
2026-03-04,12012930.889999997,10859376.244699996,1153554.6453000007,581611.0
2026-03-05,12221697.889999997,11068143.244699996,1153554.6453000007,0.0
2026-03-06,12641746.889999997,11488192.244699996,1153554.6453000007,0.0
2026-03-09,12542245.789999995,11386036.768699994,1156209.0213000006,884792.0
2026-03-10,12917139.789999995,11760930.768699994,1156209.0213000006,0.0
2026-03-11,12794647.789999995,11638438.768699994,1156209.0213000006,0.0
2026-03-12,12553476.169999998,11394638.953699997,1158837.2163000007,876065.0
2026-03-13,12566448.169999998,11407610.953699997,1158837.2163000007,0.0
2026-03-16,12577201.169999998,11418363.953699997,1158837.2163000007,0.0
2026-03-17,12358871.179999996,11198351.491699995,1160519.6883000007,560824.0
2026-03-18,12592828.179999996,11432308.491699995,1160519.6883000007,0.0
2026-03-19,12190206.179999996,11029686.491699995,1160519.6883000007,0.0
2026-03-20,11649892.179999996,10487631.846699996,1162260.3333000008,580215.0
2026-03-23,10907991.179999996,9745730.846699996,1162260.3333000008,0.0
2026-03-24,11659829.179999996,10497568.846699996,1162260.3333000008,0.0
2026-03-25,11953750.259999998,10789932.317699997,1163817.9423000007,519203.0
2026-03-26,11755830.259999998,10592012.317699997,1163817.9423000007,0.0
2026-03-27,11972916.259999998,10809098.317699997,1163817.9423000007,0.0
2026-03-30,12142194.329999996,10976378.279699996,1165816.0503000007,666036.0
2026-03-31,11919821.329999996,10754005.279699996,1165816.0503000007,0.0
2026-04-01,12159548.609999996,10922657.858699996,1236890.7513000006,23691567.0
2026-04-02,12161318.609999996,10924427.858699996,1236890.7513000006,0.0
2026-04-03,12166038.609999996,10929147.858699996,1236890.7513000006,0.0
2026-04-07,12164268.609999996,10927377.858699996,1236890.7513000006,0.0
2026-04-08,12161082.609999996,10924191.858699996,1236890.7513000006,0.0
2026-04-09,12162498.609999996,10925607.858699996,1236890.7513000006,0.0
2026-04-10,12163324.609999996,10926433.858699996,1236890.7513000006,0.0
2026-04-13,12164032.609999996,10927141.858699996,1236890.7513000006,0.0
2026-04-14,12164858.609999996,10927967.858699996,1236890.7513000006,0.0
2026-04-15,12164976.609999996,10928085.858699996,1236890.7513000006,0.0
2026-04-16,12164150.609999996,10927259.858699996,1236890.7513000006,0.0
2026-04-17,12165566.609999996,10928675.858699996,1236890.7513000006,0.0
2026-04-20,12165684.609999996,10928793.858699996,1236890.7513000006,0.0
2026-04-21,12166038.609999996,10929147.858699996,1236890.7513000006,0.0
2026-04-22,12166274.609999996,10929383.858699996,1236890.7513000006,0.0
2026-04-23,12166510.609999996,10929619.858699996,1236890.7513000006,0.0
2026-04-24,12167808.609999996,10930917.858699996,1236890.7513000006,0.0
2026-04-27,12167690.609999996,10930799.858699996,1236890.7513000006,0.0
2026-04-28,12168870.609999996,10931979.858699996,1236890.7513000006,0.0
2026-04-29,12170404.609999996,10933513.858699996,1236890.7513000006,0.0
2026-04-30,12170758.609999996,10933867.858699996,1236890.7513000006,0.0
2026-05-06,12170522.609999996,10898088.488699995,1272434.1213000007,11847790.0
2026-05-07,12179162.859999996,10899446.673699996,1279716.1863000006,2427355.0
2026-05-08,12209187.859999996,10929471.673699996,1279716.1863000006,0.0
2026-05-11,12237750.859999996,10958034.673699996,1279716.1863000006,0.0
2026-05-12,12185972.529999994,10898980.794699993,1286991.7353000008,2425183.0
2026-05-13,12177820.529999994,10890828.794699993,1286991.7353000008,0.0
2026-05-14,12252181.529999994,10965189.794699993,1286991.7353000008,0.0
2026-05-15,12133349.609999996,10838849.069699995,1294500.5403000007,2502935.0
2026-05-18,12237363.609999996,10942863.069699995,1294500.5403000007,0.0
2026-05-19,12231948.609999996,10937448.069699995,1294500.5403000007,0.0
2026-05-20,12090490.359999994,10788526.686699994,1301963.6733000006,2487711.0
2026-05-21,11722365.359999994,10420401.686699994,1301963.6733000006,0.0
2026-05-22,12023452.359999994,10721488.686699994,1301963.6733000006,0.0
2026-05-25,11785272.989999996,10476877.274699995,1308395.7153000005,2144014.0
2026-05-26,11566659.989999996,10258264.274699995,1308395.7153000005,0.0
2026-05-27,11296637.989999996,9988242.274699995,1308395.7153000005,0.0
2026-05-28,11287258.869999994,9973099.923699994,1314158.9463000004,1921077.0
