date,gross_value,net_value,cum_cost,daily_trade_value
2020-01-02,1000069.3,998087.2012,1982.0987999999998,991049.3999999999
2020-01-03,1000415.8,998433.7012,1982.0987999999998,0.0
2020-01-06,1000455.4,998473.3012,1982.0987999999998,0.0
2020-01-07,1000574.2,998592.1011999999,1982.0987999999998,0.0
2020-01-08,1000693.0,998710.9012,1982.0987999999998,0.0
2020-01-09,1000742.5,998760.4012,1982.0987999999998,0.0
2020-01-10,1000940.5,998958.4012,1982.0987999999998,0.0
2020-01-13,1001019.7,999037.6011999999,1982.0987999999998,0.0
2020-01-14,1001168.2000000002,999186.1012000002,1982.0987999999998,0.0
2020-01-15,1001247.4,999265.3012,1982.0987999999998,0.0
2020-01-16,1001267.2,999285.1011999999,1982.0987999999998,0.0
2020-01-17,1001633.5,999651.4012,1982.0987999999998,0.0
2020-01-20,1001524.6,999542.5011999999,1982.0987999999998,0.0
2020-01-21,1001643.4,999661.3012,1982.0987999999998,0.0
2020-01-22,1001940.4,999958.3012,1982.0987999999998,0.0
2020-01-23,1002821.5,1000839.4012,1982.0987999999998,0.0
2020-02-03,1000327.5,995969.1894,4358.3106,1188105.9
2020-02-04,1005811.5,1001453.1894,4358.3106,0.0
2020-02-05,1012309.5,1007951.1894,4358.3106,0.0
2020-02-06,1020243.5,1015482.6594,4760.8405999999995,201265.0
2020-02-07,1027211.5,1022450.6594,4760.8405999999995,0.0
2020-02-10,1035165.5,1030404.6594,4760.8405999999995,0.0
2020-02-11,1026276.3100000004,1021101.1314000004,5175.178599999999,207169.0
2020-02-12,1034461.3100000004,1029286.1314000004,5175.178599999999,0.0
2020-02-13,1024253.3100000004,1019078.1314000004,5175.178599999999,0.0
2020-02-14,1025189.8000000004,1019601.2854000004,5588.5145999999995,206668.0
2020-02-17,1057356.8000000005,1051768.2854000004,5588.5145999999995,0.0
2020-02-18,1079507.8000000005,1073919.2854000004,5588.5145999999995,0.0
2020-02-19,1067033.7300000002,1061011.3794000002,6022.3506,216918.0
2020-02-20,1094919.7300000002,1088897.3794000002,6022.3506,0.0
2020-02-21,1101697.0500000005,1095669.3314000005,6027.7186,2684.0
2020-02-24,1100480.5800000003,1093557.0554000004,6923.524600000001,447903.0
2020-02-25,1082957.5800000003,1076034.0554000004,6923.524600000001,0.0
2020-02-26,1077271.5800000003,1070348.0554000004,6923.524600000001,0.0
2020-02-27,1079879.91,1072858.5174,7021.392600000001,48934.0
2020-02-28,1014735.9100000004,1007714.5174000004,7021.392600000001,0.0
2020-03-02,1052887.91,1045866.5173999999,7021.392600000001,0.0
2020-03-03,1058950.41,1051751.4593999998,7198.950600000001,88779.0
2020-03-04,1079716.4100000004,1072517.4594000003,7198.950600000001,0.0
2020-03-05,1107302.41,1100103.4593999998,7198.950600000001,0.0
2020-03-06,1114446.9300000002,1107066.2394,7380.690600000001,90870.0
2020-03-09,1093408.9300000002,1086028.2394,7380.690600000001,0.0
2020-03-10,1127451.9300000002,1120071.2394,7380.690600000001,0.0
2020-03-11,1150205.4300000002,1142735.7414000002,7469.6886,44499.0
2020-03-12,1142974.4300000002,1135504.7414000002,7469.6886,0.0
2020-03-13,1138330.1000000003,1130825.7474000002,7504.3526,17332.0
2020-03-16,1095676.5000000002,1087745.9894000003,7930.5106000000005,213079.0
2020-03-17,1085658.5000000002,1077727.9894000003,7930.5106000000005,0.0
2020-03-18,1074078.5000000002,1066147.9894000003,7930.5106000000005,0.0
2020-03-19,1098968.64,1090840.2493999999,8128.390600000001,98940.0
2020-03-20,1131292.4000000004,1123139.5234000003,8152.8766000000005,12243.0
2020-03-23,1099434.4000000004,1091281.5234000003,8152.8766000000005,0.0
2020-03-24,1131527.6800000002,1122876.6374000001,8651.0426,249083.0
2020-03-25,1160239.6800000002,1151588.6374000001,8651.0426,0.0
2020-03-26,1125978.5400000005,1117307.2094000005,8671.330600000001,10144.0
2020-03-27,1138955.9600000002,1129904.8474,9051.1126,189891.0
2020-03-30,1109320.9000000004,1100259.6754000003,9061.2246,5056.0
2020-03-31,1105729.3300000003,1096640.9734000002,9088.3566,13566.0
2020-04-01,1101413.05,1087965.2564,13447.793599999999,2179718.5
2020-04-02,1101423.95,1087976.1564,13447.793599999999,0.0
2020-04-03,1101707.35,1088259.5564000001,13447.793599999999,0.0
2020-04-07,1101718.25,1088270.4564,13447.793599999999,0.0
2020-04-08,1101805.4500000002,1088357.6564000002,13447.793599999999,0.0
2020-04-09,1101881.75,1088433.9564,13447.793599999999,0.0
2020-04-10,1102099.7500000002,1088651.9564000003,13447.793599999999,0.0
2020-04-13,1102154.25,1088706.4564,13447.793599999999,0.0
2020-04-14,1102176.05,1088728.2564,13447.793599999999,0.0
2020-04-15,1102165.15,1088717.3564,13447.793599999999,0.0
2020-04-16,1102208.75,1088760.9564,13447.793599999999,0.0
2020-04-17,1102208.75,1088760.9564,13447.793599999999,0.0
2020-04-20,1102317.75,1088869.9564,13447.793599999999,0.0
2020-04-21,1102448.55,1089000.7564,13447.793599999999,0.0
2020-04-22,1102513.9500000002,1089066.1564000002,13447.793599999999,0.0
2020-04-23,1102535.75,1089087.9564,13447.793599999999,0.0
2020-04-24,1102677.4500000002,1089229.6564000002,13447.793599999999,0.0
2020-04-27,1102721.05,1089273.2564,13447.793599999999,0.0
2020-04-28,1102764.65,1089316.8564,13447.793599999999,0.0
2020-04-29,1102622.95,1089175.1564,13447.793599999999,0.0
2020-04-30,1102797.35,1089349.5564000001,13447.793599999999,0.0
2020-05-06,1110545.7500000002,1094464.7286000003,16081.0214,1316613.9000000001
2020-05-07,1106388.7500000002,1090307.7286000003,16081.0214,0.0
2020-05-08,1109717.7500000002,1093636.7286000003,16081.0214,0.0
2020-05-11,1106095.7500000002,1089581.9126000002,16513.8374,216408.0
2020-05-12,1103965.7500000002,1087451.9126000002,16513.8374,0.0
2020-05-13,1100782.7500000002,1084268.9126000002,16513.8374,0.0
2020-05-14,1099408.7500000002,1082441.4806000001,16967.2694,226716.0
2020-05-15,1097803.7500000002,1080836.4806000001,16967.2694,0.0
2020-05-18,1078861.7500000002,1061894.4806000001,16967.2694,0.0
2020-05-19,1088173.7500000002,1070758.4566000002,17415.293400000002,224012.0
2020-05-20,1097791.7500000002,1080376.4566000002,17415.293400000002,0.0
2020-05-21,1111033.8000000005,1093568.6146000004,17465.185400000002,24946.0
2020-05-22,1100037.9400000002,1082084.1946000003,17953.745400000003,244280.0
2020-05-25,1080708.4500000002,1062715.7186000003,17992.731400000004,19493.0
2020-05-26,1099845.4500000002,1081852.7186000003,17992.731400000004,0.0
2020-05-27,1094549.8400000003,1076368.2186000003,18181.621400000004,94445.0
2020-05-28,1109767.8400000003,1091586.2186000003,18181.621400000004,0.0
2020-05-29,1129751.87,1111560.3126,18191.557400000005,4968.0
2020-06-01,1159505.87,1141204.1966000001,18301.673400000007,55058.0
2020-06-02,1173281.87,1154980.1966000001,18301.673400000007,0.0
2020-06-03,1206862.87,1188561.1966000001,18301.673400000007,0.0
2020-06-04,1240860.3600000003,1222323.1026000003,18537.257400000006,117792.0
2020-06-05,1227087.66,1208328.8646,18758.795400000006,110769.0
2020-06-08,1204750.66,1185991.8646,18758.795400000006,0.0
2020-06-09,1227972.3800000004,1208917.6526000004,19054.727400000007,147966.0
2020-06-10,1222660.85,1203567.0626,19093.78740000001,19530.0
2020-06-11,1211521.85,1192426.6446,19095.20540000001,709.0
2020-06-12,1201350.9800000002,1182034.6766000001,19316.30340000001,110549.0
2020-06-15,1198264.9800000002,1178948.6766000001,19316.30340000001,0.0
2020-06-16,1217872.9800000002,1198556.6766000001,19316.30340000001,0.0
2020-06-17,1230908.8600000003,1211236.4766000004,19672.383400000013,178040.0
2020-06-18,1219940.8600000003,1200268.4766000004,19672.383400000013,0.0
2020-06-19,1213320.8600000003,1193648.4766000004,19672.383400000013,0.0
2020-06-22,1203217.7300000002,1183413.4966000002,19804.233400000012,65925.0
2020-06-23,1192677.7300000002,1172873.4966000002,19804.233400000012,0.0
2020-06-24,1186122.7300000002,1166318.4966000002,19804.233400000012,0.0
2020-06-29,1181924.6800000002,1161923.8326,20000.847400000013,98307.0
2020-06-30,1209943.6800000002,1189942.8326,20000.847400000013,0.0
2020-07-01,1211391.7800000005,1191377.1426000004,20014.637400000014,6895.0
2020-07-02,1225654.2700000005,1205232.2866000005,20421.983400000016,203673.0
2020-07-03,1232635.2700000005,1212213.2866000005,20421.983400000016,0.0
2020-07-06,1276023.2700000005,1255601.2866000005,20421.983400000016,0.0
2020-07-07,1278105.7800000005,1257435.3046000004,20670.475400000014,124246.0
2020-07-08,1292681.7800000005,1272011.3046000004,20670.475400000014,0.0
2020-07-09,1313212.7800000005,1292542.3046000004,20670.475400000014,0.0
2020-07-10,1296711.7900000005,1275712.4786000005,20999.311400000013,164418.0
2020-07-13,1328608.7900000005,1307609.4786000005,20999.311400000013,0.0
2020-07-14,1324241.7900000005,1303242.4786000005,20999.311400000013,0.0
2020-07-15,1286360.9600000002,1265119.0686,21241.891400000015,121290.0
2020-07-16,1256137.9600000002,1234896.0686,21241.891400000015,0.0
2020-07-17,1248509.9600000002,1227268.0686,21241.891400000015,0.0
2020-07-20,1289954.5500000005,1268586.5026000005,21368.047400000014,63078.0
2020-07-21,1292677.5500000005,1271309.5026000005,21368.047400000014,0.0
2020-07-22,1284033.5500000005,1262665.5026000005,21368.047400000014,0.0
2020-07-23,1286153.7200000002,1264498.7706000002,21654.949400000012,143451.0
2020-07-24,1259130.7200000002,1237475.7706000002,21654.949400000012,0.0
2020-07-27,1258882.7200000002,1237227.7706000002,21654.949400000012,0.0
2020-07-28,1253854.7300000002,1231914.5866000003,21940.14340000001,142597.0
2020-07-29,1270266.7300000002,1248326.5866000003,21940.14340000001,0.0
2020-07-30,1278254.7300000002,1256314.5866000003,21940.14340000001,0.0
2020-07-31,1293739.9700000002,1271452.3446000002,22287.62540000001,173741.0
2020-08-03,1314668.9700000002,1292381.3446000002,22287.62540000001,0.0
2020-08-04,1311648.9700000002,1289361.3446000002,22287.62540000001,0.0
2020-08-05,1332799.4700000002,1310349.6706000003,22449.79940000001,81087.0
2020-08-06,1342063.4800000002,1319611.7086000002,22451.771400000012,986.0
2020-08-07,1321087.4800000002,1298635.7086000002,22451.771400000012,0.0
2020-08-10,1355611.5000000002,1333054.3706000003,22557.129400000013,52679.0
2020-08-11,1330196.5200000005,1307521.2506000004,22675.269400000012,59069.99999999999
2020-08-12,1323352.3400000003,1300672.7086000002,22679.631400000013,2181.0
2020-08-13,1341636.6500000004,1318668.3326000003,22968.317400000014,144343.0
2020-08-14,1354490.41,1331503.6125999999,22986.797400000014,9240.0
2020-08-17,1355029.41,1332042.6125999999,22986.797400000014,0.0
2020-08-18,1364006.7700000005,1340887.1886000005,23119.581400000014,66392.0
2020-08-19,1364571.7700000005,1341452.1886000005,23119.581400000014,0.0
2020-08-20,1338217.39,1315081.0446,23136.345400000013,8382.0
2020-08-21,1347993.6,1324732.0586,23261.541400000013,62598.0
2020-08-24,1364693.6,1341432.0586,23261.541400000013,0.0
2020-08-25,1375934.6,1352666.3806,23268.219400000013,3339.0
2020-08-26,1345848.8800000004,1322541.7066000004,23307.173400000014,19477.0
2020-08-27,1394179.8800000004,1370872.7066000004,23307.173400000014,0.0
2020-08-28,1383927.8800000004,1360620.7066000004,23307.173400000014,0.0
2020-08-31,1387718.2800000005,1364240.6906000006,23477.589400000015,85208.0
2020-09-01,1409366.2800000005,1385888.6906000006,23477.589400000015,0.0
2020-09-02,1437967.6100000003,1414464.6706000003,23502.939400000014,12674.999999999998
2020-09-03,1433533.1,1409527.3966,24005.703400000013,251382.0
2020-09-04,1449594.1,1425588.3966,24005.703400000013,0.0
2020-09-07,1464144.1,1440138.3966,24005.703400000013,0.0
2020-09-08,1507027.4600000002,1482416.2766000002,24611.183400000013,302740.0
2020-09-09,1481844.2500000002,1457192.6366000003,24651.613400000013,20215.0
2020-09-10,1372872.2500000002,1348220.6366000003,24651.613400000013,0.0
2020-09-11,1376978.29,1351850.0886000001,25128.201400000013,238294.0
2020-09-14,1426673.2900000005,1401545.0886000006,25128.201400000013,0.0
2020-09-15,1446136.8400000003,1420809.6406000003,25327.199400000012,99499.0
2020-09-16,1420589.1300000004,1394626.1326000004,25962.99740000001,317899.0
2020-09-17,1432533.1300000004,1406570.1326000004,25962.99740000001,0.0
2020-09-18,1439770.1300000004,1413807.1326000004,25962.99740000001,0.0
2020-09-21,1426128.1900000002,1399711.2666000002,26416.92340000001,226963.0
2020-09-22,1410279.1900000002,1383862.2666000002,26416.92340000001,0.0
2020-09-23,1425576.1900000002,1399159.2666000002,26416.92340000001,0.0
2020-09-24,1373864.3800000004,1346848.3326000003,27016.04740000001,299562.0
2020-09-25,1367581.3800000004,1340565.3326000003,27016.04740000001,0.0
2020-09-28,1335560.3800000004,1308544.3326000003,27016.04740000001,0.0
2020-09-29,1354615.2300000002,1327123.8226000003,27491.40740000001,237680.0
2020-09-30,1349481.2300000002,1321987.8206000002,27493.40940000001,1001.0
2020-10-09,1396762.2300000002,1369268.8206000002,27493.40940000001,0.0
2020-10-12,1436302.6800000002,1408556.6446000002,27746.03540000001,126313.0
2020-10-13,1443643.6800000002,1415897.6446000002,27746.03540000001,0.0
2020-10-14,1431116.6800000002,1403370.6446000002,27746.03540000001,0.0
2020-10-15,1430355.0600000003,1402320.8326000003,28034.22740000001,144096.0
2020-10-16,1442999.0600000003,1414964.8326000003,28034.22740000001,0.0
2020-10-19,1434750.3000000005,1406611.0526000005,28139.24740000001,52510.0
2020-10-20,1460424.7800000005,1431829.8526000006,28594.92740000001,227840.0
2020-10-21,1431355.7800000005,1402760.8526000006,28594.92740000001,0.0
2020-10-22,1439124.7800000005,1410529.8526000006,28594.92740000001,0.0
2020-10-23,1426727.0400000005,1397847.2026000004,28879.83740000001,142455.0
2020-10-26,1423211.0400000005,1394331.2026000004,28879.83740000001,0.0
2020-10-27,1419610.0400000005,1390730.2026000004,28879.83740000001,0.0
2020-10-28,1419492.5000000002,1390140.5006000001,29351.99940000001,236081.0
2020-10-29,1422120.5000000002,1392768.5006000001,29351.99940000001,0.0
2020-10-30,1372546.5000000002,1343194.5006000001,29351.99940000001,0.0
2020-11-02,1383756.9800000002,1353832.2226000002,29924.757400000013,286379.0
2020-11-03,1412661.9800000002,1382737.2226000002,29924.757400000013,0.0
2020-11-04,1404813.9800000002,1374889.2226000002,29924.757400000013,0.0
2020-11-05,1431163.7200000002,1400745.8626,30417.85740000001,246550.0
2020-11-06,1410001.7200000002,1379583.8626,30417.85740000001,0.0
2020-11-09,1432933.7200000002,1402515.8626,30417.85740000001,0.0
2020-11-10,1424023.8400000003,1393242.4826000002,30781.35740000001,181750.0
2020-11-11,1423640.8400000003,1392859.4826000002,30781.35740000001,0.0
2020-11-12,1432675.0900000003,1401892.2306000004,30782.859400000012,751.0
2020-11-13,1425504.6800000002,1394340.1586000002,31164.521400000012,190831.0
2020-11-16,1436901.6800000002,1405737.1586000002,31164.521400000012,0.0
2020-11-17,1425027.6800000002,1393863.1586000002,31164.521400000012,0.0
2020-11-18,1443929.4400000002,1412516.6026,31412.83740000001,124158.0
2020-11-19,1443769.4400000002,1412356.6026,31412.83740000001,0.0
2020-11-20,1449681.4400000002,1418268.6026,31412.83740000001,0.0
2020-11-23,1465570.0500000005,1433897.4746000005,31672.575400000012,129869.0
2020-11-24,1456118.0500000005,1424445.4746000005,31672.575400000012,0.0
2020-11-25,1432800.0500000005,1401127.4746000005,31672.575400000012,0.0
2020-11-26,1425234.2200000002,1393064.6786000002,32169.541400000013,248483.0
2020-11-27,1434806.2200000002,1402636.6786000002,32169.541400000013,0.0
2020-11-30,1437487.2200000002,1405317.6786000002,32169.541400000013,0.0
2020-12-01,1454358.2000000002,1421803.5526000003,32554.647400000013,192553.0
2020-12-02,1460965.2000000002,1428410.5526000003,32554.647400000013,0.0
2020-12-03,1451899.2000000002,1419344.5526000003,32554.647400000013,0.0
2020-12-04,1464729.6500000004,1431913.6426000004,32816.00740000001,130680.0
2020-12-07,1469235.6500000004,1436419.6426000004,32816.00740000001,0.0
2020-12-08,1463901.6500000004,1431085.6426000004,32816.00740000001,0.0
2020-12-09,1434623.8500000003,1401532.1406000003,33091.70940000001,137851.0
2020-12-10,1436589.85,1403498.1406,33091.70940000001,0.0
2020-12-11,1421960.8500000003,1388869.1406000003,33091.70940000001,0.0
2020-12-14,1423329.7200000002,1389704.4586000002,33625.26140000001,266776.0
2020-12-15,1398841.7200000002,1365216.4586000002,33625.26140000001,0.0
2020-12-16,1365757.7200000002,1332132.4586000002,33625.26140000001,0.0
2020-12-17,1384734.1100000003,1350765.3246000004,33968.78540000001,171762.0
2020-12-18,1372020.1100000003,1338051.3246000004,33968.78540000001,0.0
2020-12-21,1380670.1100000003,1346701.3246000004,33968.78540000001,0.0
2020-12-22,1340024.4700000002,1305677.6346000002,34346.83540000001,189025.0
2020-12-23,1336916.4700000002,1302569.6346000002,34346.83540000001,0.0
2020-12-24,1296187.4700000002,1261840.6346000002,34346.83540000001,0.0
2020-12-25,1316447.4500000002,1281768.2086000002,34679.24140000001,166203.0
2020-12-28,1285930.4500000002,1251251.2086000002,34679.24140000001,0.0
2020-12-29,1294648.4500000002,1259969.2086000002,34679.24140000001,0.0
2020-12-30,1299821.3100000003,1264803.9886000003,35017.321400000015,169040.0
2020-12-31,1322993.3100000003,1287975.9886000003,35017.321400000015,0.0
2021-01-04,1318632.0500000007,1278353.9274000006,40278.12260000002,2630400.5999999996
2021-01-05,1318841.6500000006,1278563.5274000005,40278.12260000002,0.0
2021-01-06,1319378.7500000005,1279100.6274000003,40278.12260000002,0.0
2021-01-07,1319666.950000001,1279388.8274000008,40278.12260000002,0.0
2021-01-08,1319588.3500000006,1279310.2274000004,40278.12260000002,0.0
2021-01-11,1319509.7500000007,1279231.6274000006,40278.12260000002,0.0
2021-01-12,1319732.4500000004,1279454.3274000003,40278.12260000002,0.0
2021-01-13,1319496.6500000006,1279218.5274000005,40278.12260000002,0.0
2021-01-14,1319483.5500000007,1279205.4274000006,40278.12260000002,0.0
2021-01-15,1319732.4500000004,1279454.3274000003,40278.12260000002,0.0
2021-01-18,1319876.5500000007,1279598.4274000006,40278.12260000002,0.0
2021-01-19,1319837.2500000007,1279559.1274000006,40278.12260000002,0.0
2021-01-20,1319955.1500000006,1279677.0274000005,40278.12260000002,0.0
2021-01-21,1319968.2500000005,1279690.1274000003,40278.12260000002,0.0
2021-01-22,1320269.5500000007,1279991.4274000006,40278.12260000002,0.0
2021-01-25,1320321.950000001,1280043.8274000008,40278.12260000002,0.0
2021-01-26,1320361.2500000005,1280083.1274000003,40278.12260000002,0.0
2021-01-27,1320400.5500000005,1280122.4274000004,40278.12260000002,0.0
2021-01-28,1320348.1500000006,1280070.0274000005,40278.12260000002,0.0
2021-01-29,1320741.1500000006,1280463.0274000005,40278.12260000002,0.0
2021-02-01,1320806.6500000006,1277900.4054000005,42906.24460000002,1314061.0
2021-02-02,1318150.6500000006,1274722.3574000006,43428.29260000002,261024.0
2021-02-03,1314352.6500000006,1270924.3574000006,43428.29260000002,0.0
2021-02-04,1305493.6500000006,1262065.3574000006,43428.29260000002,0.0
2021-02-05,1297027.6500000006,1253052.7394000005,43974.910600000025,273309.0
2021-02-08,1291417.6500000006,1247442.7394000005,43974.910600000025,0.0
2021-02-09,1293186.6500000006,1249211.7394000005,43974.910600000025,0.0
2021-02-10,1299454.6500000006,1254948.9154000005,44505.734600000025,265412.0
2021-02-18,1347284.6500000006,1302778.9154000005,44505.734600000025,0.0
2021-02-19,1405896.6500000006,1361390.9154000005,44505.734600000025,0.0
2021-02-22,1462725.0400000005,1417672.1614000006,45052.878600000025,273572.0
2021-02-23,1472282.5300000007,1427182.6334000006,45099.89660000002,23509.0
2021-02-24,1518789.0700000003,1473654.2534000003,45134.81660000002,17460.0
2021-02-25,1513494.7300000004,1467703.9934000005,45790.73660000002,327960.0
2021-02-26,1555216.4400000004,1509381.1274000003,45835.31260000002,22288.0
2021-03-01,1594739.3900000006,1548878.4574000007,45860.93260000002,12810.0
2021-03-02,1544575.6700000006,1498319.2234000005,46256.446600000025,197757.0
2021-03-03,1562235.6700000006,1515979.2234000005,46256.446600000025,0.0
2021-03-04,1565686.6700000006,1519430.2234000005,46256.446600000025,0.0
2021-03-05,1592837.1800000006,1546115.7254000006,46721.45460000003,232504.0
2021-03-08,1597680.1800000006,1550958.7254000006,46721.45460000003,0.0
2021-03-09,1565771.1800000006,1519049.7254000006,46721.45460000003,0.0
2021-03-10,1512910.8800000006,1465813.3294000006,47097.550600000024,188048.0
2021-03-11,1548952.8800000006,1501855.3294000006,47097.550600000024,0.0
2021-03-12,1547689.8800000006,1500592.3294000006,47097.550600000024,0.0
2021-03-15,1564859.8700000006,1517279.1774000006,47580.692600000024,241571.0
2021-03-16,1597583.8700000006,1550003.1774000006,47580.692600000024,0.0
2021-03-17,1612527.8700000006,1564947.1774000006,47580.692600000024,0.0
2021-03-18,1646413.6700000006,1598411.0874000005,48002.58260000002,210945.0
2021-03-19,1663883.970000001,1615801.977400001,48081.99260000003,39705.0
2021-03-22,1664559.2300000004,1616467.7514000004,48091.478600000024,4743.0
2021-03-23,1629827.9800000004,1581442.1794000005,48385.800600000024,147161.0
2021-03-24,1637839.9800000004,1589454.1794000005,48385.800600000024,0.0
2021-03-25,1629309.9800000004,1580922.2114000004,48387.768600000025,984.0
2021-03-26,1655134.2700000005,1606587.9054000005,48546.36460000002,79298.0
2021-03-29,1660924.2700000007,1612377.9054000007,48546.36460000002,0.0
2021-03-30,1601751.2700000005,1553204.9054000005,48546.36460000002,0.0
2021-03-31,1592275.1000000006,1543236.7294000005,49038.370600000024,246003.0
2021-04-01,1590094.5800000008,1534712.1006000007,55382.479400000026,3172054.4000000004
2021-04-02,1590377.1800000006,1534994.7006000006,55382.479400000026,0.0
2021-04-06,1590502.7800000007,1535120.3006000007,55382.479400000026,0.0
2021-04-07,1590644.0800000008,1535261.6006000007,55382.479400000026,0.0
2021-04-08,1590644.0800000008,1535261.6006000007,55382.479400000026,0.0
2021-04-09,1590958.0800000008,1535575.6006000007,55382.479400000026,0.0
2021-04-12,1591146.480000001,1535764.0006000008,55382.479400000026,0.0
2021-04-13,1591224.980000001,1535842.5006000008,55382.479400000026,0.0
2021-04-14,1591303.480000001,1535921.0006000008,55382.479400000026,0.0
2021-04-15,1591491.8800000008,1536109.4006000008,55382.479400000026,0.0
2021-04-16,1591554.6800000009,1536172.2006000008,55382.479400000026,0.0
2021-04-19,1591538.980000001,1536156.5006000008,55382.479400000026,0.0
2021-04-20,1591758.780000001,1536376.300600001,55382.479400000026,0.0
2021-04-21,1591821.5800000008,1536439.1006000007,55382.479400000026,0.0
2021-04-22,1591931.480000001,1536549.0006000008,55382.479400000026,0.0
2021-04-23,1592151.2800000007,1536768.8006000007,55382.479400000026,0.0
2021-04-26,1592166.980000001,1536784.5006000008,55382.479400000026,0.0
2021-04-27,1592261.1800000009,1536878.7006000008,55382.479400000026,0.0
2021-04-28,1592323.980000001,1536941.5006000008,55382.479400000026,0.0
2021-04-29,1592716.480000001,1537334.0006000008,55382.479400000026,0.0
2021-04-30,1593061.8800000008,1537679.4006000008,55382.479400000026,0.0
2021-05-06,1593093.2800000007,1534543.1372000007,58550.14280000002,1583831.7
2021-05-07,1593093.2800000007,1534543.1372000007,58550.14280000002,0.0
2021-05-10,1596701.2800000007,1537522.0252000007,59179.254800000024,314556.0
2021-05-11,1599603.2800000007,1540424.0252000007,59179.254800000024,0.0
2021-05-12,1602252.2800000007,1543073.0252000007,59179.254800000024,0.0
2021-05-13,1601235.2800000007,1541427.7572000008,59807.52280000002,314134.0
2021-05-14,1617620.2800000007,1557812.7572000008,59807.52280000002,0.0
2021-05-17,1599475.2800000007,1539667.7572000008,59807.52280000002,0.0
2021-05-18,1603307.2800000007,1542857.4092000008,60449.87080000002,321174.0
2021-05-19,1608598.2800000007,1548148.4092000008,60449.87080000002,0.0
2021-05-20,1617448.2800000007,1556998.4092000008,60449.87080000002,0.0
2021-05-21,1642155.2800000007,1581055.2172000008,61100.06280000002,325096.0
2021-05-24,1647469.450000001,1586337.7192000009,61131.73080000002,15834.0
2021-05-25,1667882.450000001,1606750.7192000009,61131.73080000002,0.0
2021-05-26,1686113.9400000006,1624251.3452000006,61862.59480000002,365432.0
2021-05-27,1693379.9400000006,1631517.3452000006,61862.59480000002,0.0
2021-05-28,1693520.9400000006,1631658.3452000006,61862.59480000002,0.0
2021-05-31,1702344.0700000008,1640159.2632000009,62184.80680000002,161106.0
2021-06-01,1723735.0700000008,1661550.2632000009,62184.80680000002,0.0
2021-06-02,1712915.0700000008,1650730.2632000009,62184.80680000002,0.0
2021-06-03,1737115.8000000007,1674643.2012000007,62472.59880000002,143896.0
2021-06-04,1724018.0200000007,1661521.8712000006,62496.148800000024,11775.0
2021-06-07,1736335.0200000007,1673838.8712000006,62496.148800000024,0.0
2021-06-08,1745949.0600000008,1682995.0392000007,62954.02080000003,228936.0
2021-06-09,1746822.0600000008,1683868.0392000007,62954.02080000003,0.0
2021-06-10,1754573.0600000008,1691619.0392000007,62954.02080000003,0.0
2021-06-11,1750307.1300000008,1687172.4132000008,63134.71680000003,90348.0
2021-06-15,1749111.1300000008,1685976.4132000008,63134.71680000003,0.0
2021-06-16,1735603.1300000008,1672468.4132000008,63134.71680000003,0.0
2021-06-17,1740669.9100000006,1677371.5272000006,63298.38280000003,81833.0
2021-06-18,1744270.9100000006,1680972.5272000006,63298.38280000003,0.0
2021-06-21,1756525.9100000006,1693227.5272000006,63298.38280000003,0.0
2021-06-22,1785649.2600000007,1722171.1872000007,63478.07280000003,89845.0
2021-06-23,1773853.2600000007,1710375.1872000007,63478.07280000003,0.0
2021-06-24,1773093.2600000007,1709615.1872000007,63478.07280000003,0.0
2021-06-25,1761246.2600000007,1697588.4752000007,63657.78480000003,89856.0
2021-06-28,1796968.2600000007,1733310.4752000007,63657.78480000003,0.0
2021-06-29,1773146.7600000007,1709445.9752000007,63700.78480000003,21500.0
2021-06-30,1780947.1800000006,1717054.5392000007,63892.64080000003,95928.0
2021-07-01,1774266.4100000006,1710370.2292000006,63896.18080000003,1770.0
2021-07-02,1781398.0100000007,1717463.0212000008,63934.98880000003,19404.0
2021-07-05,1823260.6500000008,1759010.9872000008,64249.66280000003,157337.0
2021-07-06,1837980.6500000008,1773730.9872000008,64249.66280000003,0.0
2021-07-07,1848485.6500000008,1784235.9872000008,64249.66280000003,0.0
2021-07-08,1832663.2900000007,1767914.6832000008,64748.60680000003,249472.0
2021-07-09,1841327.2900000007,1776578.6832000008,64748.60680000003,0.0
2021-07-12,1877651.2900000007,1812902.6832000008,64748.60680000003,0.0
2021-07-13,1892062.3200000008,1826932.8892000008,65129.43080000003,190412.0
2021-07-14,1873333.3200000008,1808203.8892000008,65129.43080000003,0.0
2021-07-15,1825398.3200000008,1760268.8892000008,65129.43080000003,0.0
2021-07-16,1824734.4900000007,1759018.3632000007,65716.12680000003,293348.0
2021-07-19,1808412.4900000007,1742696.3632000007,65716.12680000003,0.0
2021-07-20,1812272.4900000007,1746556.3632000007,65716.12680000003,0.0
2021-07-21,1846768.8200000008,1780415.0312000008,66353.78880000002,318831.0
2021-07-22,1844971.8200000008,1778618.0312000008,66353.78880000002,0.0
2021-07-23,1813417.8200000008,1747064.0312000008,66353.78880000002,0.0
2021-07-26,1794413.7900000007,1727870.6292000008,66543.16080000003,94686.0
2021-07-27,1785422.7900000007,1718879.6292000008,66543.16080000003,0.0
2021-07-28,1713327.7900000007,1646784.6292000008,66543.16080000003,0.0
2021-07-29,1738217.2600000007,1671516.9892000007,66700.27080000003,78555.0
2021-07-30,1766695.2600000007,1699994.9892000007,66700.27080000003,0.0
2021-08-02,1791711.2600000007,1725010.9892000007,66700.27080000003,0.0
2021-08-03,1805210.6100000008,1738308.7792000007,66901.83080000003,100780.0
2021-08-04,1810927.6100000008,1744025.7792000007,66901.83080000003,0.0
2021-08-05,1808025.6100000008,1741123.7792000007,66901.83080000003,0.0
2021-08-06,1800479.210000001,1733400.7272000008,67078.48280000003,88326.0
2021-08-09,1830613.210000001,1763534.7272000008,67078.48280000003,0.0
2021-08-10,1855760.210000001,1788681.7272000008,67078.48280000003,0.0
2021-08-11,1869829.710000001,1802720.259200001,67109.45080000002,15484.0
2021-08-12,1868974.710000001,1801865.259200001,67109.45080000002,0.0
2021-08-13,1873978.710000001,1806869.259200001,67109.45080000002,0.0
2021-08-16,1879924.0900000008,1812506.0512000008,67418.03880000002,154294.0
2021-08-17,1840821.0900000008,1773403.0512000008,67418.03880000002,0.0
2021-08-18,1878460.0900000008,1811042.0512000008,67418.03880000002,0.0
2021-08-19,1864042.980000001,1796138.5852000008,67904.39480000002,243178.0
2021-08-20,1859734.980000001,1791830.5852000008,67904.39480000002,0.0
2021-08-23,1912546.980000001,1844642.5852000008,67904.39480000002,0.0
2021-08-24,1930069.980000001,1861822.7772000008,68247.20280000003,171404.0
2021-08-25,1954035.980000001,1885788.7772000008,68247.20280000003,0.0
2021-08-26,1966249.980000001,1898002.7772000008,68247.20280000003,0.0
2021-08-27,1952977.4900000007,1884212.5252000007,68764.96480000003,258881.0
2021-08-30,1950329.4900000007,1881564.5252000007,68764.96480000003,0.0
2021-08-31,1965836.4900000007,1897071.5252000007,68764.96480000003,0.0
2021-09-01,1967411.980000001,1898132.7192000009,69279.26080000003,257148.0
2021-09-02,1970206.980000001,1900927.7192000009,69279.26080000003,0.0
2021-09-03,1969242.980000001,1899963.7192000009,69279.26080000003,0.0
2021-09-06,1980223.730000001,1910447.793200001,69775.93680000004,248338.0
2021-09-07,2000869.730000001,1931093.793200001,69775.93680000004,0.0
2021-09-08,2054483.730000001,1984707.793200001,69775.93680000004,0.0
2021-09-09,2037686.4300000009,1967382.725200001,70303.70480000004,263884.0
2021-09-10,1999961.4300000009,1929657.725200001,70303.70480000004,0.0
2021-09-13,2017433.4300000009,1947129.725200001,70303.70480000004,0.0
2021-09-14,1990481.700000001,1919631.515200001,70850.18480000003,273240.0
2021-09-15,2009412.700000001,1938562.515200001,70850.18480000003,0.0
2021-09-16,2013744.700000001,1942894.515200001,70850.18480000003,0.0
2021-09-17,1972519.0100000007,1901153.7492000007,71365.26080000003,257538.0
2021-09-22,1963478.0100000007,1892112.7492000007,71365.26080000003,0.0
2021-09-23,1991902.0100000007,1920536.7492000007,71365.26080000003,0.0
2021-09-24,1937052.8700000008,1865356.7552000007,71696.11480000004,165427.0
2021-09-27,1860110.8700000008,1788414.7552000007,71696.11480000004,0.0
2021-09-28,1855518.8700000008,1783822.7552000007,71696.11480000004,0.0
2021-09-29,1820575.3200000008,1748544.7572000008,72030.56280000004,167224.0
2021-09-30,1862297.3200000003,1790266.7572000003,72030.56280000004,0.0
2021-10-08,1944364.3200000008,1872333.7572000008,72030.56280000004,0.0
2021-10-11,1942998.1000000008,1870919.6632000008,72078.43680000004,23937.0
2021-10-12,1923537.1000000008,1851458.6632000008,72078.43680000004,0.0
2021-10-13,1927435.1000000008,1855356.6632000008,72078.43680000004,0.0
2021-10-14,1926419.0500000007,1854288.1632000008,72130.88680000004,26225.0
2021-10-15,1907599.0500000007,1835468.1632000008,72130.88680000004,0.0
2021-10-18,1921925.0500000007,1849794.1632000008,72130.88680000004,0.0
2021-10-19,1918176.0000000007,1845719.6032000007,72456.39680000003,162755.0
2021-10-20,1888169.0000000007,1815712.6032000007,72456.39680000003,0.0
2021-10-21,1860700.0000000005,1788243.6032000005,72456.39680000003,0.0
2021-10-22,1836784.5900000008,1764154.7032000008,72629.88680000004,86745.0
2021-10-25,1830982.5900000008,1758352.7032000008,72629.88680000004,0.0
2021-10-26,1813895.5900000008,1741265.7032000008,72629.88680000004,0.0
2021-10-27,1767534.0500000007,1694878.0732000007,72655.97680000003,13045.0
2021-10-28,1748967.0500000007,1676311.0732000007,72655.97680000003,0.0
2021-10-29,1835004.0500000007,1762348.0732000007,72655.97680000003,0.0
2021-11-01,1869358.7400000007,1796455.7992000007,72902.94080000004,123482.0
2021-11-02,1844293.8400000008,1771383.0992000008,72910.74080000004,3900.0
2021-11-03,1875408.8400000008,1802498.0992000008,72910.74080000004,0.0
2021-11-04,1886985.1400000008,1813570.2832000009,73414.85680000004,252058.0
2021-11-05,1885873.1400000008,1812458.2832000009,73414.85680000004,0.0
2021-11-08,1903541.1400000008,1830126.2832000009,73414.85680000004,0.0
2021-11-09,1915733.0300000007,1841882.4432000008,73850.58680000003,217865.0
2021-11-10,1929414.0300000007,1855563.4432000008,73850.58680000003,0.0
2021-11-11,1951199.0300000007,1877348.4432000008,73850.58680000003,0.0
2021-11-12,1966896.2900000007,1892698.6852000006,74197.60480000003,173509.0
2021-11-15,1999871.2900000007,1925673.6852000006,74197.60480000003,0.0
2021-11-16,1987464.2900000007,1913266.6852000006,74197.60480000003,0.0
2021-11-17,2029714.2500000007,1955167.8092000007,74546.44080000003,174418.0
2021-11-18,2002277.2500000007,1927730.8092000007,74546.44080000003,0.0
2021-11-19,2028747.2500000007,1954200.8092000007,74546.44080000003,0.0
2021-11-22,2031354.8100000008,1956242.4772000008,75112.33280000003,282946.0
2021-11-23,2035949.8100000003,1960837.4772000003,75112.33280000003,0.0
2021-11-24,2055781.8100000003,1980669.4772000003,75112.33280000003,0.0
2021-11-25,2057474.200000001,1981964.0812000008,75510.11880000003,198893.0
2021-11-26,2038171.200000001,1962661.0812000008,75510.11880000003,0.0
2021-11-29,2013785.200000001,1938275.0812000008,75510.11880000003,0.0
2021-11-30,2043817.8100000003,1968126.1652000002,75691.64480000002,90763.0
2021-12-01,2080589.8100000003,2004898.1652000002,75691.64480000002,0.0
2021-12-02,2056826.8100000008,1981135.1652000006,75691.64480000002,0.0
2021-12-03,2069027.0900000003,1992950.1452000004,76076.94480000003,192650.0
2021-12-06,2015098.0900000003,1939021.1452000004,76076.94480000003,0.0
2021-12-07,2012842.0900000003,1936765.1452000004,76076.94480000003,0.0
2021-12-08,2021820.0200000005,1945235.2132000006,76584.80680000002,253931.0
2021-12-09,2039797.0200000005,1963212.2132000006,76584.80680000002,0.0
2021-12-10,2085311.0200000005,2008726.2132000006,76584.80680000002,0.0
2021-12-13,2094776.5100000007,2017606.3032000007,77170.20680000001,292700.0
2021-12-14,2099499.250000001,2022296.5232000009,77202.72680000002,16260.000000000002
2021-12-15,2101871.250000001,2024668.5232000009,77202.72680000002,0.0
2021-12-16,2143825.540000001,2066251.813200001,77573.72680000002,185500.0
2021-12-17,2159771.540000001,2082197.813200001,77573.72680000002,0.0
2021-12-20,2161548.540000001,2083974.813200001,77573.72680000002,0.0
2021-12-21,2221816.2400000007,2143846.027200001,77970.21280000002,198243.0
2021-12-22,2201358.2400000007,2123388.027200001,77970.21280000002,0.0
2021-12-23,2169589.2400000007,2091619.0272000006,77970.21280000002,0.0
2021-12-24,2151271.7300000004,2072749.8292000005,78521.90080000002,275844.0
2021-12-27,2174037.860000001,2095496.2192000009,78541.64080000002,9870.0
2021-12-28,2205474.8600000003,2126933.2192,78541.64080000002,0.0
2021-12-29,2214307.9400000004,2135052.8132,79255.12680000003,356743.0
2021-12-30,2212138.9400000004,2132883.8132,79255.12680000003,0.0
2021-12-31,2212484.9400000004,2133229.8132,79255.12680000003,0.0
2022-01-04,2222997.0700000008,2135285.436400001,87711.63360000003,4228253.4
2022-01-05,2222891.5700000008,2135179.936400001,87711.63360000003,0.0
2022-01-06,2223208.0700000008,2135496.436400001,87711.63360000003,0.0
2022-01-07,2223630.0700000008,2135918.436400001,87711.63360000003,0.0
2022-01-10,2223777.770000001,2136066.136400001,87711.63360000003,0.0
2022-01-11,2224052.0700000008,2136340.436400001,87711.63360000003,0.0
2022-01-12,2224136.4700000007,2136424.836400001,87711.63360000003,0.0
2022-01-13,2224263.0700000008,2136551.436400001,87711.63360000003,0.0
2022-01-14,2224600.6700000004,2136889.0364000006,87711.63360000003,0.0
2022-01-17,2224832.770000001,2137121.136400001,87711.63360000003,0.0
2022-01-18,2224980.4700000007,2137268.836400001,87711.63360000003,0.0
2022-01-19,2224790.5700000008,2137078.936400001,87711.63360000003,0.0
2022-01-20,2224685.0700000008,2136973.436400001,87711.63360000003,0.0
2022-01-21,2225254.7700000005,2137543.1364000007,87711.63360000003,0.0
2022-01-24,2225275.8700000006,2137564.2364000008,87711.63360000003,0.0
2022-01-25,2225550.1700000004,2137838.5364000006,87711.63360000003,0.0
2022-01-26,2225761.170000001,2138049.536400001,87711.63360000003,0.0
2022-01-27,2226183.1700000004,2138471.5364000006,87711.63360000003,0.0
2022-01-28,2227512.4700000007,2139800.836400001,87711.63360000003,0.0
2022-02-07,2226327.3700000006,2133502.5826000003,92824.78740000003,2556576.9
2022-02-08,2240131.3700000006,2147306.5826000003,92824.78740000003,0.0
2022-02-09,2242254.3700000006,2149429.5826000003,92824.78740000003,0.0
2022-02-10,2239865.4900000007,2146143.1106000007,93722.37940000003,448796.0
2022-02-11,2221997.4900000007,2128275.1106000007,93722.37940000003,0.0
2022-02-14,2249527.4900000007,2155805.1106000007,93722.37940000003,0.0
2022-02-15,2260246.5500000007,2165602.2726000007,94644.27740000004,460949.0
2022-02-16,2312014.5500000007,2217370.2726000007,94644.27740000004,0.0
2022-02-17,2329201.5500000007,2234557.2726000007,94644.27740000004,0.0
2022-02-18,2342242.290000001,2246601.7386000007,95640.55140000004,498137.0
2022-02-21,2372749.380000001,2277099.000600001,95650.37940000003,4914.0
2022-02-22,2347702.8900000006,2252047.5306000006,95655.35940000003,2490.0
2022-02-23,2368176.130000001,2271747.052600001,96429.07740000002,386859.0
2022-02-24,2314395.130000001,2217966.052600001,96429.07740000002,0.0
2022-02-25,2371046.130000001,2274617.052600001,96429.07740000002,0.0
2022-02-28,2337678.670000001,2240713.926600001,96964.74340000002,267833.0
2022-03-01,2405069.670000001,2308104.926600001,96964.74340000002,0.0
2022-03-02,2465919.670000001,2368954.926600001,96964.74340000002,0.0
2022-03-03,2488989.6400000006,2391623.6286000004,97366.01140000002,200634.0
2022-03-04,2440101.6400000006,2342735.6286000004,97366.01140000002,0.0
2022-03-07,2394733.6400000006,2297367.6286000004,97366.01140000002,0.0
2022-03-08,2313514.310000001,2215653.826600001,97860.48340000001,247236.0
2022-03-09,2271430.3100000005,2173569.8266000007,97860.48340000001,0.0
2022-03-10,2313294.310000001,2215433.826600001,97860.48340000001,0.0
2022-03-11,2349189.990000001,2250891.2706000013,98298.71940000002,219118.0
2022-03-14,2296062.9900000007,2197764.270600001,98298.71940000002,0.0
2022-03-15,2195440.990000001,2097142.270600001,98298.71940000002,0.0
2022-03-16,2302951.1400000006,2204390.6766000004,98560.46340000002,130872.0
2022-03-17,2310813.170000001,2212228.770600001,98584.39940000002,11968.0
2022-03-18,2384822.170000001,2286237.770600001,98584.39940000002,0.0
2022-03-21,2425850.590000001,2326711.520600001,99139.06940000002,277335.0
2022-03-22,2428987.590000001,2329848.520600001,99139.06940000002,0.0
2022-03-23,2413614.590000001,2314475.520600001,99139.06940000002,0.0
2022-03-24,2377723.5600000005,2277715.2166000004,100008.34340000003,434637.0
2022-03-25,2430274.5600000005,2330266.2166000004,100008.34340000003,0.0
2022-03-28,2424510.860000001,2324481.1106000007,100029.74940000003,10703.0
2022-03-29,2395237.120000001,2294377.466600001,100859.65340000002,414952.0
2022-03-30,2389149.120000001,2288289.466600001,100859.65340000002,0.0
2022-03-31,2419435.120000001,2318575.466600001,100859.65340000002,0.0
2022-04-01,2406968.070000001,2296919.7530000014,110048.31700000002,4594331.8
2022-04-06,2407310.070000001,2297261.7530000014,110048.31700000002,0.0
2022-04-07,2407583.6700000013,2297535.3530000015,110048.31700000002,0.0
2022-04-08,2407902.870000001,2297854.5530000012,110048.31700000002,0.0
2022-04-11,2408062.470000001,2298014.1530000013,110048.31700000002,0.0
2022-04-12,2407948.4700000016,2297900.153000002,110048.31700000002,0.0
2022-04-13,2408062.470000001,2298014.1530000013,110048.31700000002,0.0
2022-04-14,2408222.0700000017,2298173.753000002,110048.31700000002,0.0
2022-04-15,2408632.4700000016,2298584.153000002,110048.31700000002,0.0
2022-04-18,2408609.6700000013,2298561.3530000015,110048.31700000002,0.0
2022-04-19,2408860.470000001,2298812.1530000013,110048.31700000002,0.0
2022-04-20,2408837.6700000013,2298789.3530000015,110048.31700000002,0.0
2022-04-21,2408928.870000001,2298880.5530000012,110048.31700000002,0.0
2022-04-22,2409065.6700000013,2299017.3530000015,110048.31700000002,0.0
2022-04-25,2409156.870000001,2299108.5530000012,110048.31700000002,0.0
2022-04-26,2409384.870000001,2299336.5530000012,110048.31700000002,0.0
2022-04-27,2409544.470000001,2299496.1530000013,110048.31700000002,0.0
2022-04-28,2410091.6700000013,2300043.3530000015,110048.31700000002,0.0
2022-04-29,2410752.870000001,2300704.5530000012,110048.31700000002,0.0
2022-05-05,2421426.6700000013,2305828.2190000014,115598.45100000003,2775067.0
2022-05-06,2412608.030000001,2297004.293000001,115603.73700000002,2643.0
2022-05-09,2422748.030000001,2307144.293000001,115603.73700000002,0.0
2022-05-10,2443327.560000001,2326749.139000001,116578.42100000002,487342.0
2022-05-11,2436197.560000001,2319619.139000001,116578.42100000002,0.0
2022-05-12,2445527.560000001,2328949.139000001,116578.42100000002,0.0
2022-05-13,2459340.060000001,2341795.119000001,117544.94100000002,483260.0
2022-05-16,2481515.060000001,2363970.119000001,117544.94100000002,0.0
2022-05-17,2465973.060000001,2348428.119000001,117544.94100000002,0.0
2022-05-18,2517690.3000000017,2399142.2290000017,118548.07100000003,501565.0
2022-05-19,2543411.040000001,2424840.451000001,118570.58900000002,11258.999999999998
2022-05-20,2550873.040000001,2432302.451000001,118570.58900000002,0.0
2022-05-23,2612238.120000001,2492883.733000001,119354.38700000002,391899.0
2022-05-24,2520557.120000001,2401202.733000001,119354.38700000002,0.0
2022-05-25,2596062.120000001,2476707.733000001,119354.38700000002,0.0
2022-05-26,2604330.2700000014,2484179.0390000013,120151.23100000001,398422.0
2022-05-27,2622421.2700000014,2502270.0390000013,120151.23100000001,0.0
2022-05-30,2631856.2700000014,2511705.0390000013,120151.23100000001,0.0
2022-05-31,2607977.4300000016,2487144.0630000015,120833.36700000001,341068.0
2022-06-01,2643658.4300000016,2522825.0630000015,120833.36700000001,0.0
2022-06-02,2650697.4300000016,2529864.0630000015,120833.36700000001,0.0
2022-06-06,2705464.2700000014,2583846.8610000014,121617.40900000001,392021.0
2022-06-07,2678460.2700000014,2556842.8610000014,121617.40900000001,0.0
2022-06-08,2652381.2700000014,2530763.8610000014,121617.40900000001,0.0
2022-06-09,2615828.7000000016,2493531.1270000017,122297.57300000002,340082.0
2022-06-10,2643608.7000000016,2521311.1270000017,122297.57300000002,0.0
2022-06-13,2659903.7000000016,2537606.1270000017,122297.57300000002,0.0
2022-06-14,2638690.370000001,2515691.239000001,122999.13100000002,350779.0
2022-06-15,2637679.370000001,2514680.239000001,122999.13100000002,0.0
2022-06-16,2677818.370000001,2554819.239000001,122999.13100000002,0.0
2022-06-17,2642832.2100000014,2518696.6170000015,124135.59300000002,568231.0
2022-06-20,2659990.210000002,2535854.617000002,124135.59300000002,0.0
2022-06-21,2673467.2100000014,2549331.6170000015,124135.59300000002,0.0
2022-06-22,2645722.160000001,2520883.191000001,124838.96900000003,351688.0
2022-06-23,2669628.160000001,2544789.191000001,124838.96900000003,0.0
2022-06-24,2685427.160000001,2560588.191000001,124838.96900000003,0.0
2022-06-27,2689985.0500000017,2564681.2770000016,125303.77300000003,232402.0
2022-06-28,2751120.0500000017,2625816.2770000016,125303.77300000003,0.0
2022-06-29,2711051.0500000017,2585747.2770000016,125303.77300000003,0.0
2022-06-30,2715768.9500000016,2589779.1770000015,125989.77300000003,343000.0
2022-07-01,2701139.9500000016,2575150.1770000015,125989.77300000003,0.0
2022-07-04,2703894.9500000016,2577905.1770000015,125989.77300000003,0.0
2022-07-05,2694321.5000000014,2567641.0290000015,126680.47100000003,345349.0
2022-07-06,2684002.5000000014,2557322.0290000015,126680.47100000003,0.0
2022-07-07,2685733.5000000014,2559053.0290000015,126680.47100000003,0.0
2022-07-08,2711555.350000001,2583997.817000001,127557.53300000004,438531.0
2022-07-11,2690125.350000001,2562567.817000001,127557.53300000004,0.0
2022-07-12,2661241.350000001,2533683.817000001,127557.53300000004,0.0
2022-07-13,2705239.9700000016,2577208.9710000018,128030.99900000004,236733.0
2022-07-14,2698079.9700000016,2570048.9710000018,128030.99900000004,0.0
2022-07-15,2615158.9700000016,2487127.9710000018,128030.99900000004,0.0
2022-07-18,2716823.3200000017,2588339.8050000016,128483.51500000004,226258.0
2022-07-19,2752775.3200000017,2624291.8050000016,128483.51500000004,0.0
2022-07-20,2761916.3200000017,2633432.8050000016,128483.51500000004,0.0
2022-07-21,2757049.500000002,2628045.3990000016,129004.10100000004,260293.0
2022-07-22,2804752.500000002,2675748.3990000016,129004.10100000004,0.0
2022-07-25,2812304.9500000016,2683275.7490000017,129029.20100000004,12550.0
2022-07-26,2829234.1500000013,2700145.055000001,129089.09500000004,29947.0
2022-07-27,2840224.1500000013,2711135.055000001,129089.09500000004,0.0
2022-07-28,2834177.1500000013,2705088.055000001,129089.09500000004,0.0
2022-07-29,2839685.0500000017,2710304.829000002,129380.22100000005,145563.0
2022-08-01,2858297.0500000017,2728916.829000002,129380.22100000005,0.0
2022-08-02,2740902.0500000017,2611521.829000002,129380.22100000005,0.0
2022-08-03,2766362.750000002,2636529.145000002,129833.60500000005,226692.0
2022-08-04,2824698.120000001,2694859.259000001,129838.86100000005,2628.0
2022-08-05,2829114.120000001,2699275.259000001,129838.86100000005,0.0
2022-08-08,2908211.7600000016,2778090.4530000016,130121.30700000004,141223.0
2022-08-09,2937369.540000001,2807241.793000001,130127.74700000005,3219.9999999999995
2022-08-10,2990510.540000001,2860375.881000001,130134.65900000004,3456.0
2022-08-11,3028508.830000001,2898130.983000001,130377.84700000004,121594.0
2022-08-12,3067843.830000002,2937465.983000002,130377.84700000004,0.0
2022-08-15,3054872.8200000017,2924276.7770000016,130596.04300000003,109098.0
2022-08-16,3113714.7700000014,2982644.973000001,131069.79700000004,236877.0
2022-08-17,3098079.7700000014,2967009.973000001,131069.79700000004,0.0
2022-08-18,3100803.1900000013,2969499.6170000015,131303.57300000003,116888.0
2022-08-19,3068437.350000001,2936768.731000001,131668.61900000004,182523.0
2022-08-22,3082328.350000001,2950659.731000001,131668.61900000004,0.0
2022-08-23,3091402.350000001,2959733.731000001,131668.61900000004,0.0
2022-08-24,3011836.370000001,2879603.017000001,132233.35300000003,282367.0
2022-08-25,3008347.370000001,2876114.017000001,132233.35300000003,0.0
2022-08-26,2989044.370000001,2856811.017000001,132233.35300000003,0.0
2022-08-29,3032881.4900000016,2900401.3270000014,132480.16300000003,123405.0
2022-08-30,3064192.4900000016,2931712.3270000014,132480.16300000003,0.0
2022-08-31,3006965.4900000016,2874485.3270000014,132480.16300000003,0.0
2022-09-01,3029928.0300000017,2896835.9330000016,133092.09700000004,305967.0
2022-09-02,3074010.0300000017,2940917.9330000016,133092.09700000004,0.0
2022-09-05,3102717.0300000017,2969624.9330000016,133092.09700000004,0.0
2022-09-06,3098406.3000000017,2964303.159000002,134103.14100000003,505522.0
2022-09-07,3090001.3000000017,2955898.159000002,134103.14100000003,0.0
2022-09-08,3064943.3000000017,2930840.159000002,134103.14100000003,0.0
2022-09-09,3031325.850000001,2896472.305000001,134853.54500000004,375202.0
2022-09-13,3091375.850000001,2956522.305000001,134853.54500000004,0.0
2022-09-14,3081348.850000001,2946495.305000001,134853.54500000004,0.0
2022-09-15,3031579.100000001,2895939.249000001,135639.85100000005,393153.0
2022-09-16,2927009.100000001,2791369.249000001,135639.85100000005,0.0
2022-09-19,2892501.100000001,2756861.249000001,135639.85100000005,0.0
2022-09-20,2929525.120000001,2792972.031000001,136553.08900000007,456619.0
2022-09-21,2965305.120000001,2828752.031000001,136553.08900000007,0.0
2022-09-22,2949523.120000001,2812970.031000001,136553.08900000007,0.0
2022-09-23,2888216.1300000018,2750839.2850000015,137376.84500000006,411878.0
2022-09-26,2815079.1300000018,2677702.2850000015,137376.84500000006,0.0
2022-09-27,2900048.1300000018,2762671.2850000015,137376.84500000006,0.0
2022-09-28,2864612.4400000013,2726734.7670000014,137877.67300000007,250414.0
2022-09-29,2848450.4400000013,2710572.7670000014,137877.67300000007,0.0
2022-09-30,2833704.4400000013,2695826.7670000014,137877.67300000007,0.0
2022-10-10,2785403.620000001,2646840.413000001,138563.20700000008,342767.0
2022-10-11,2793386.620000001,2654823.413000001,138563.20700000008,0.0
2022-10-12,2851040.620000001,2712477.413000001,138563.20700000008,0.0
2022-10-13,2893976.0300000017,2754678.7370000016,139297.2930000001,367043.0
2022-10-14,2927389.0300000017,2788091.7370000016,139297.2930000001,0.0
2022-10-17,2992537.0300000017,2853239.7370000016,139297.2930000001,0.0
2022-10-18,3004307.4000000013,2864717.881000001,139589.5190000001,146113.0
2022-10-19,2983738.4000000013,2844148.881000001,139589.5190000001,0.0
2022-10-20,2982446.4000000013,2842856.881000001,139589.5190000001,0.0
2022-10-21,3016794.2200000016,2876244.6850000015,140549.5350000001,480008.0
2022-10-24,2951710.2200000016,2811160.6850000015,140549.5350000001,0.0
2022-10-25,2906954.2200000016,2766404.6850000015,140549.5350000001,0.0
2022-10-26,2976805.2100000014,2835316.9630000014,141488.2470000001,469356.0
2022-10-27,2991414.2100000014,2849925.9630000014,141488.2470000001,0.0
2022-10-28,2880796.2100000014,2739307.9630000014,141488.2470000001,0.0
2022-10-31,2915468.0100000016,2773694.8110000016,141773.19900000008,142476.0
2022-11-01,2978261.0100000016,2836487.8110000016,141773.19900000008,0.0
2022-11-02,3004510.0100000016,2862736.8110000016,141773.19900000008,0.0
2022-11-03,3004981.9400000013,2862422.5850000014,142559.35500000007,393078.0
2022-11-04,3032314.9400000013,2889755.5850000014,142559.35500000007,0.0
2022-11-07,3071966.9400000013,2929407.5850000014,142559.35500000007,0.0
2022-11-08,3083120.620000001,2939991.185000001,143129.43500000006,285040.0
2022-11-09,3083524.620000001,2940395.185000001,143129.43500000006,0.0
2022-11-10,3078409.620000001,2935280.185000001,143129.43500000006,0.0
2022-11-11,3134609.950000001,2991453.619000001,143156.33100000006,13448.0
2022-11-14,3138571.080000001,2995391.019000001,143180.06100000007,11865.0
2022-11-15,3142799.080000001,2999619.019000001,143180.06100000007,0.0
2022-11-16,3147235.1300000018,3003759.295000002,143475.83500000008,147887.0
2022-11-17,3163560.1300000018,3020084.295000002,143475.83500000008,0.0
2022-11-18,3159372.1300000018,3015896.295000002,143475.83500000008,0.0
2022-11-21,3151060.030000001,3007496.219000001,143563.81100000007,43988.0
2022-11-22,3142005.030000001,2998441.219000001,143563.81100000007,0.0
2022-11-23,3096258.030000001,2952694.219000001,143563.81100000007,0.0
2022-11-24,3125101.6500000013,2981024.5770000014,144077.07300000006,256631.0
2022-11-25,3103430.6500000013,2959353.5770000014,144077.07300000006,0.0
2022-11-28,3098817.6500000013,2954740.5770000014,144077.07300000006,0.0
2022-11-29,3140790.7400000016,2996296.2470000014,144494.49300000007,208710.0
2022-11-30,3124918.7400000016,2980424.2470000014,144494.49300000007,0.0
2022-12-01,3153702.7400000016,3009208.2470000014,144494.49300000007,0.0
2022-12-02,3189765.0900000017,3044574.3430000017,145190.74700000006,348127.0
2022-12-05,3207919.0900000017,3062728.3430000017,145190.74700000006,0.0
2022-12-06,3189054.0900000017,3043863.3430000017,145190.74700000006,0.0
2022-12-07,3191009.7000000016,3045284.3490000013,145725.35100000005,267302.0
2022-12-08,3190134.7000000016,3044409.3490000013,145725.35100000005,0.0
2022-12-09,3256399.7000000016,3110674.3490000013,145725.35100000005,0.0
2022-12-12,3199309.100000001,3052849.157000001,146459.94300000006,367296.0
2022-12-13,3197710.100000001,3051250.157000001,146459.94300000006,0.0
2022-12-14,3214875.100000001,3068415.157000001,146459.94300000006,0.0
2022-12-15,3217292.9500000016,3070119.7130000014,147173.23700000005,356647.0
2022-12-16,3171424.9500000016,3024251.7130000014,147173.23700000005,0.0
2022-12-19,3118706.9500000016,2971533.7130000014,147173.23700000005,0.0
2022-12-20,3111229.1100000013,2963270.2550000013,147958.85500000004,392809.0
2022-12-21,3121906.1100000013,2973947.2550000013,147958.85500000004,0.0
2022-12-22,3078666.1100000013,2930707.2550000013,147958.85500000004,0.0
2022-12-23,3121415.040000001,2972977.739000001,148437.30100000004,239223.0
2022-12-26,3145467.040000001,2997029.739000001,148437.30100000004,0.0
2022-12-27,3160653.040000001,3012215.739000001,148437.30100000004,0.0
2022-12-28,3137543.0700000017,2988637.4070000015,148905.66300000003,234181.0
2022-12-29,3156118.0700000017,3007212.4070000015,148905.66300000003,0.0
2022-12-30,3195119.3800000018,3045605.1910000015,149514.18900000004,304263.0
2023-01-03,3185090.320000001,3024713.3630000013,160376.95700000005,5431384.0
2023-01-04,3185176.120000001,3024799.163000001,160376.95700000005,0.0
2023-01-05,3185004.5200000014,3024627.5630000015,160376.95700000005,0.0
2023-01-06,3185547.9200000013,3025170.9630000014,160376.95700000005,0.0
2023-01-09,3185662.3200000017,3025285.3630000018,160376.95700000005,0.0
2023-01-10,3186119.9200000013,3025742.9630000014,160376.95700000005,0.0
2023-01-11,3185948.320000001,3025571.3630000013,160376.95700000005,0.0
2023-01-12,3185862.5200000014,3025485.5630000015,160376.95700000005,0.0
2023-01-13,3186262.920000002,3025885.963000002,160376.95700000005,0.0
2023-01-16,3186005.520000002,3025628.563000002,160376.95700000005,0.0
2023-01-17,3186463.120000001,3026086.163000001,160376.95700000005,0.0
2023-01-18,3187149.5200000014,3026772.5630000015,160376.95700000005,0.0
2023-01-19,3187263.920000002,3026886.963000002,160376.95700000005,0.0
2023-01-20,3188608.120000001,3028231.163000001,160376.95700000005,0.0
2023-01-30,3188407.9200000013,3028030.9630000014,160376.95700000005,0.0
2023-01-31,3188436.5200000014,3028059.5630000015,160376.95700000005,0.0
2023-02-01,3204252.330000001,3036878.202200001,167374.12780000005,3498585.4
2023-02-02,3203589.370000001,3036203.312200001,167386.05780000004,5965.0
2023-02-03,3204058.370000001,3036672.312200001,167386.05780000004,0.0
2023-02-06,3204871.360000001,3036225.4062000006,168645.95380000005,629948.0
2023-02-07,3214704.360000001,3046058.4062000006,168645.95380000005,0.0
2023-02-08,3211100.360000001,3042454.4062000006,168645.95380000005,0.0
2023-02-09,3226430.200000001,3056498.478200001,169931.72180000006,642884.0
2023-02-10,3235442.200000001,3065510.478200001,169931.72180000006,0.0
2023-02-13,3255273.200000001,3085341.478200001,169931.72180000006,0.0
2023-02-14,3254986.450000001,3083786.472200001,171199.97780000005,634128.0
2023-02-15,3251054.4500000007,3079854.4722000007,171199.97780000005,0.0
2023-02-16,3178922.4500000007,3007722.4722000007,171199.97780000005,0.0
2023-02-17,3185455.4700000007,3013572.7842000006,171882.68580000006,341354.0
2023-02-20,3192611.4700000007,3020728.7842000006,171882.68580000006,0.0
2023-02-21,3198622.4700000007,3026739.7842000006,171882.68580000006,0.0
2023-02-22,3201271.460000001,3029384.588200001,171886.87180000005,2093.0
2023-02-23,3196321.460000001,3024434.588200001,171886.87180000005,0.0
2023-02-24,3208755.460000001,3036868.588200001,171886.87180000005,0.0
2023-02-27,3158622.7600000007,2986467.8022000007,172154.95780000006,134043.0
2023-02-28,3204184.7600000007,3032029.8022000007,172154.95780000006,0.0
2023-03-01,3237439.7600000007,3065284.8022000007,172154.95780000006,0.0
2023-03-02,3230483.5700000008,3058048.4182000007,172435.15180000005,140097.0
2023-03-03,3210988.5700000008,3038553.4182000007,172435.15180000005,0.0
2023-03-06,3198383.5700000008,3025948.4182000007,172435.15180000005,0.0
2023-03-07,3157433.3000000007,2984722.354200001,172710.94580000004,137897.0
2023-03-08,3208147.3000000007,3035436.354200001,172710.94580000004,0.0
2023-03-09,3256138.3000000007,3083427.354200001,172710.94580000004,0.0
2023-03-10,3207024.9300000006,3033698.4862000006,173326.44380000004,307749.0
2023-03-13,3178923.9300000006,3005597.4862000006,173326.44380000004,0.0
2023-03-14,3134702.9300000006,2961376.4862000006,173326.44380000004,0.0
2023-03-15,3181906.540000001,3007784.056200001,174122.48380000005,398020.0
2023-03-16,3178259.540000001,3004137.056200001,174122.48380000005,0.0
2023-03-17,3155470.540000001,2981348.056200001,174122.48380000005,0.0
2023-03-20,3120145.190000001,2944968.488200001,175176.70180000004,527109.0
2023-03-21,3186213.190000001,3011036.488200001,175176.70180000004,0.0
2023-03-22,3236793.190000001,3061616.488200001,175176.70180000004,0.0
2023-03-23,3201191.5500000007,3025173.902200001,176017.64780000004,420473.0
2023-03-24,3199974.5500000007,3023956.902200001,176017.64780000004,0.0
2023-03-27,3170707.5500000007,2994689.902200001,176017.64780000004,0.0
2023-03-28,3144356.770000001,2967798.454200001,176558.31580000004,270334.0
2023-03-29,3094675.770000001,2918117.454200001,176558.31580000004,0.0
2023-03-30,3061936.770000001,2885378.454200001,176558.31580000004,0.0
2023-03-31,3087907.3100000005,2911343.5362000004,176563.77380000005,2729.0
2023-04-03,3085970.040000001,2898332.885200001,187637.15480000005,5536690.5
2023-04-04,3086602.540000001,2898965.385200001,187637.15480000005,0.0
2023-04-06,3087125.040000001,2899487.885200001,187637.15480000005,0.0
2023-04-07,3087482.540000001,2899845.385200001,187637.15480000005,0.0
2023-04-10,3087290.040000001,2899652.885200001,187637.15480000005,0.0
2023-04-11,3087400.040000001,2899762.885200001,187637.15480000005,0.0
2023-04-12,3087675.040000001,2900037.885200001,187637.15480000005,0.0
2023-04-13,3087867.540000001,2900230.385200001,187637.15480000005,0.0
2023-04-14,3088142.540000001,2900505.385200001,187637.15480000005,0.0
2023-04-17,3088362.540000001,2900725.385200001,187637.15480000005,0.0
2023-04-18,3088940.040000001,2901302.885200001,187637.15480000005,0.0
2023-04-19,3088967.540000001,2901330.385200001,187637.15480000005,0.0
2023-04-20,3088885.040000001,2901247.885200001,187637.15480000005,0.0
2023-04-21,3089242.540000001,2901605.385200001,187637.15480000005,0.0
2023-04-24,3089215.040000001,2901577.885200001,187637.15480000005,0.0
2023-04-25,3089297.540000001,2901660.385200001,187637.15480000005,0.0
2023-04-26,3089380.040000001,2901742.885200001,187637.15480000005,0.0
2023-04-27,3089930.040000001,2902292.885200001,187637.15480000005,0.0
2023-04-28,3090507.540000001,2902870.385200001,187637.15480000005,0.0
2023-05-04,3090535.040000001,2897359.770200001,193175.26980000004,2769057.5
2023-05-05,3090535.040000001,2897359.770200001,193175.26980000004,0.0
2023-05-08,3091012.0200000005,2896616.1602000003,194395.85980000003,610295.0
2023-05-09,3079061.0200000005,2884665.1602000003,194395.85980000003,0.0
2023-05-10,3091233.0200000005,2896837.1602000003,194395.85980000003,0.0
2023-05-11,3108095.150000001,2912450.582200001,195644.56780000005,624354.0
2023-05-12,3095437.150000001,2899792.582200001,195644.56780000005,0.0
2023-05-15,3108668.150000001,2913023.582200001,195644.56780000005,0.0
2023-05-16,3091723.1200000006,2894855.1502000005,196867.96980000005,611701.0
2023-05-17,3128086.1200000006,2931218.1502000005,196867.96980000005,0.0
2023-05-18,3140756.1200000006,2943888.1502000005,196867.96980000005,0.0
2023-05-19,3123180.8300000005,2925064.8982000006,198115.93180000005,623981.0
2023-05-22,3124489.8300000005,2926373.8982000006,198115.93180000005,0.0
2023-05-23,3116806.8300000005,2918690.8982000006,198115.93180000005,0.0
2023-05-24,3119016.600000001,2920234.964200001,198781.63580000005,332852.0
2023-05-25,3152713.600000001,2953931.964200001,198781.63580000005,0.0
2023-05-26,3143332.600000001,2944550.964200001,198781.63580000005,0.0
2023-05-29,3094933.4700000007,2895597.6602000007,199335.80980000005,277087.0
2023-05-30,3093355.4700000007,2894019.6602000007,199335.80980000005,0.0
2023-05-31,3073824.4700000007,2874488.6602000007,199335.80980000005,0.0
2023-06-01,3072081.4000000004,2871963.6182000004,200117.78180000006,390986.0
2023-06-02,3115625.4000000004,2915507.6182000004,200117.78180000006,0.0
2023-06-05,3153541.4000000004,2953423.6182000004,200117.78180000006,0.0
2023-06-06,3081788.3000000007,2881299.5822000005,200488.71780000004,185468.0
2023-06-07,3129032.3000000007,2928543.5822000005,200488.71780000004,0.0
2023-06-08,3120406.3000000007,2919917.5822000005,200488.71780000004,0.0
2023-06-09,3070391.0300000003,2869576.8162000002,200814.21380000006,162748.0
2023-06-12,3110630.0300000003,2909815.8162000002,200814.21380000006,0.0
2023-06-13,3123997.0300000003,2923182.8162000002,200814.21380000006,0.0
2023-06-14,3118039.4400000004,2916719.7842000006,201319.65580000007,252721.0
2023-06-15,3112406.4400000004,2911086.7842000006,201319.65580000007,0.0
2023-06-16,3100947.4400000004,2899627.7842000006,201319.65580000007,0.0
2023-06-19,3045991.3300000005,2843892.6662000003,202098.66380000007,389504.0
2023-06-20,2994837.3300000005,2792738.6662000003,202098.66380000007,0.0
2023-06-21,2969849.3300000005,2767750.6662000003,202098.66380000007,0.0
2023-06-26,2971063.5000000005,2768218.4482000005,202845.05180000007,373194.0
2023-06-27,3091799.5000000005,2888954.4482000005,202845.05180000007,0.0
2023-06-28,3134464.5000000005,2931619.4482000005,202845.05180000007,0.0
2023-06-29,3174910.5200000005,2971670.7082,203239.81180000008,197380.0
2023-06-30,3236865.5200000005,3033625.7082,203239.81180000008,0.0
2023-07-03,3257011.5200000005,3053771.7082,203239.81180000008,0.0
2023-07-04,3320575.6600000006,3116759.2262000004,203816.4338000001,288311.0
2023-07-05,3308961.0200000005,3104847.0582000003,204113.96180000008,148764.0
2023-07-06,3337979.0200000005,3133865.0582000003,204113.96180000008,0.0
2023-07-07,3320727.4700000007,3115576.1102000005,205151.35980000006,518699.0
2023-07-10,3295995.4700000007,3090844.1102000005,205151.35980000006,0.0
2023-07-11,3325232.4700000007,3120081.1102000005,205151.35980000006,0.0
2023-07-12,3282246.2300000004,3076369.7162000006,205876.51380000007,362577.0
2023-07-13,3309375.2300000004,3103498.7162000006,205876.51380000007,0.0
2023-07-14,3299756.2300000004,3093879.7162000006,205876.51380000007,0.0
2023-07-17,3315477.9300000006,3109000.6262000008,206477.30380000008,300395.0
2023-07-18,3349676.9300000006,3143199.6262000008,206477.30380000008,0.0
2023-07-19,3372592.9300000006,3166115.6262000008,206477.30380000008,0.0
2023-07-20,3341676.5000000005,3134709.8522000005,206966.6478000001,244672.0
2023-07-21,3332462.5000000005,3125495.8522000005,206966.6478000001,0.0
2023-07-24,3353694.5000000005,3146727.8522000005,206966.6478000001,0.0
2023-07-25,3443079.8300000005,3235491.1142000007,207588.7158000001,311034.0
2023-07-26,3443557.8300000005,3235969.1142000007,207588.7158000001,0.0
2023-07-27,3406104.8300000005,3198516.1142000007,207588.7158000001,0.0
2023-07-28,3486874.6800000006,3278654.4462000006,208220.2338000001,315759.0
2023-07-31,3632829.32,3424604.3661999996,208224.9538000001,2360.0
2023-08-01,3602765.4600000004,3394260.7722000005,208504.6878000001,139867.0
2023-08-02,3677835.9100000006,3468280.3762000008,209555.5338000001,525423.0
2023-08-03,3673868.090000001,3464250.9062000006,209617.1838000001,30825.0
2023-08-04,3667085.4700000007,3457265.3382000006,209820.1318000001,101474.0
2023-08-07,3636434.15,3425809.3381999996,210624.81180000008,402340.0
2023-08-08,3657695.15,3447070.3381999996,210624.81180000008,0.0
2023-08-09,3585355.1500000004,3374730.3382,210624.81180000008,0.0
2023-08-10,3659808.9100000006,3448598.9422000004,211209.96780000007,292578.0
2023-08-11,3579134.0600000005,3367868.4002000005,211265.65980000008,27846.0
2023-08-14,3582875.0600000005,3371609.4002000005,211265.65980000008,0.0
2023-08-15,3568655.0000000005,3356761.4782000002,211893.52180000008,313931.0
2023-08-16,3600466.0000000005,3388572.4782000002,211893.52180000008,0.0
2023-08-17,3673247.4300000006,3461334.7682000007,211912.6618000001,9570.0
2023-08-18,3693849.3900000006,3481281.4302000003,212567.9598000001,327649.0
2023-08-21,3716524.3900000006,3503956.4302000003,212567.9598000001,0.0
2023-08-22,3666426.3900000006,3453858.4302000003,212567.9598000001,0.0
2023-08-23,3635877.9700000007,3422408.9042000007,213469.0658000001,450553.0
2023-08-24,3610237.9700000007,3396768.9042000007,213469.0658000001,0.0
2023-08-25,3539250.9700000007,3325781.9042000007,213469.0658000001,0.0
2023-08-28,3596363.850000001,3381932.510200001,214431.3398000001,481137.0
2023-08-29,3758013.850000001,3543582.510200001,214431.3398000001,0.0
2023-08-30,3790162.850000001,3575731.510200001,214431.3398000001,0.0
2023-08-31,3775272.28,3560113.7381999996,215158.5418000001,363601.0
2023-09-01,3800545.28,3585386.7381999996,215158.5418000001,0.0
2023-09-04,3897918.28,3682759.7381999996,215158.5418000001,0.0
2023-09-05,3838521.65,3622570.7822,215950.8678000001,396163.0
2023-09-06,3825698.65,3609747.7822,215950.8678000001,0.0
2023-09-07,3831903.65,3615952.7822,215950.8678000001,0.0
2023-09-08,3773285.2200000007,3556468.2462000004,216816.9738000001,433053.0
2023-09-11,3751480.2200000007,3534663.2462000004,216816.9738000001,0.0
2023-09-12,3720891.2200000007,3504074.2462000004,216816.9738000001,0.0
2023-09-13,3698021.310000001,3479984.540200001,218036.7698000001,609898.0
2023-09-14,3672563.310000001,3454526.540200001,218036.7698000001,0.0
2023-09-15,3683058.310000001,3465021.540200001,218036.7698000001,0.0
2023-09-18,3773537.15,3554571.4381999997,218965.7118000001,464471.0
2023-09-19,3715101.5500000007,3496110.638200001,218990.91180000012,12600.0
2023-09-20,3701403.5500000007,3482412.638200001,218990.91180000012,0.0
2023-09-21,3677900.1200000006,3458291.6962000006,219608.4238000001,308756.0
2023-09-22,3723241.1200000006,3503632.6962000006,219608.4238000001,0.0
2023-09-25,3689376.1200000006,3469767.6962000006,219608.4238000001,0.0
2023-09-26,3672647.48,3452413.1442,220234.33580000012,312956.0
2023-09-27,3699728.48,3479494.1442,220234.33580000012,0.0
2023-09-28,3763033.48,3542799.1442,220234.33580000012,0.0
2023-10-09,3720131.9100000006,3499312.8862000005,220819.0238000001,292344.0
2023-10-10,3701418.9100000006,3480599.8862000005,220819.0238000001,0.0
2023-10-11,3743276.9100000006,3522457.8862000005,220819.0238000001,0.0
2023-10-12,3775444.71,3554326.9822,221117.7278000001,149352.0
2023-10-13,3696294.1200000006,3474900.7762000007,221393.34380000012,137808.0
2023-10-16,3709532.1200000006,3488138.7762000007,221393.34380000012,0.0
2023-10-17,3698736.44,3476275.2522,222461.18780000013,533922.0
2023-10-18,3626980.44,3404519.2522,222461.18780000013,0.0
2023-10-19,3636485.440000001,3414024.252200001,222461.18780000013,0.0
2023-10-20,3646347.380000001,3423026.112200001,223321.26780000012,430040.0
2023-10-23,3574419.380000001,3351098.112200001,223321.26780000012,0.0
2023-10-24,3730788.380000001,3507467.112200001,223321.26780000012,0.0
2023-10-25,3812548.270000001,3588499.794200001,224048.47580000013,363604.0
2023-10-26,3833457.270000001,3609408.794200001,224048.47580000013,0.0
2023-10-27,3867513.270000001,3643464.794200001,224048.47580000013,0.0
2023-10-30,3888661.7400000007,3663989.0522000007,224672.68780000013,312106.0
2023-10-31,3882392.7400000007,3657720.0522000007,224672.68780000013,0.0
2023-11-01,3923578.7400000007,3698906.0522000007,224672.68780000013,0.0
2023-11-02,3950771.8900000006,3726015.8662000005,224756.02380000014,41668.0
2023-11-03,3995251.8900000006,3770495.8662000005,224756.02380000014,0.0
2023-11-06,4079933.8900000006,3855177.8662000005,224756.02380000014,0.0
2023-11-07,4149730.810000001,3924970.454200001,224760.35580000014,2166.0
2023-11-08,4201155.8100000005,3976395.4542000005,224760.35580000014,0.0
2023-11-09,4165568.810000001,3940204.812200001,225363.99780000013,301821.0
2023-11-10,4143800.7000000007,3917503.8522000005,226296.84780000013,466425.0
2023-11-13,4185115.7000000007,3958818.8522000005,226296.84780000013,0.0
2023-11-14,4174186.7000000007,3947889.8522000005,226296.84780000013,0.0
2023-11-15,4162494.9100000006,3935789.3842000007,226705.52580000015,204339.0
2023-11-16,4159174.9100000006,3932469.3842000007,226705.52580000015,0.0
2023-11-17,4207843.91,3981138.3842,226705.52580000015,0.0
2023-11-20,4298658.500000001,4071194.0382000008,227464.46180000014,379468.0
2023-11-21,4357036.500000001,4129572.0382000008,227464.46180000014,0.0
2023-11-22,4281690.630000001,4054160.4322000006,227530.19780000014,32868.0
2023-11-23,4284501.0200000005,4055866.8662000005,228634.15380000015,551978.0
2023-11-24,4241798.0200000005,4013163.8662000005,228634.15380000015,0.0
2023-11-27,4288689.0200000005,4060054.8662000005,228634.15380000015,0.0
2023-11-28,4403350.61,4174385.8202,228964.78980000014,165318.0
2023-11-29,4412307.86,4182952.6142,229355.24580000015,195228.0
2023-11-30,4393439.86,4164084.6142,229355.24580000015,0.0
2023-12-01,4400244.140000001,4169847.5762000005,230396.56380000015,520659.0
2023-12-04,4494600.140000001,4264203.5762,230396.56380000015,0.0
2023-12-05,4429273.140000001,4198876.5762,230396.56380000015,0.0
2023-12-06,4509535.950000001,4278318.118200001,231217.83180000016,410634.0
2023-12-07,4429082.950000001,4197865.118200001,231217.83180000016,0.0
2023-12-08,4279628.950000001,4048411.118200001,231217.83180000016,0.0
2023-12-11,4293698.350000001,4061776.3762000003,231921.97380000015,352071.0
2023-12-12,4348590.350000001,4116668.3762000003,231921.97380000015,0.0
2023-12-13,4368682.350000001,4136760.3762000003,231921.97380000015,0.0
2023-12-14,4399439.470000001,4166399.3662000005,233040.10380000016,559065.0
2023-12-15,4417952.470000001,4184912.3662000005,233040.10380000016,0.0
2023-12-18,4392610.470000001,4159570.3662000005,233040.10380000016,0.0
2023-12-19,4397518.970000001,4163693.2802000004,233825.68980000017,392793.0
2023-12-20,4411714.970000001,4177889.2802000004,233825.68980000017,0.0
2023-12-21,4470426.970000001,4236601.280200001,233825.68980000017,0.0
2023-12-22,4406802.200000001,4172925.510200001,233876.68980000017,25500.0
2023-12-25,4326264.2,4092387.5102,233876.68980000017,0.0
2023-12-26,4281038.200000001,4047161.510200001,233876.68980000017,0.0
2023-12-27,4294785.0,4059494.5522,235290.44780000017,706879.0
2023-12-28,4372612.0,4137321.5522,235290.44780000017,0.0
2023-12-29,4479677.000000001,4244386.552200001,235290.44780000017,0.0
2024-01-02,4503542.130000001,4251502.955800001,252039.17420000018,8374363.199999999
2024-01-03,4503625.73,4251586.5558,252039.17420000018,0.0
2024-01-04,4503918.33,4251879.1558,252039.17420000018,0.0
2024-01-05,4504670.73,4252631.5558,252039.17420000018,0.0
2024-01-08,4504670.73,4252631.5558,252039.17420000018,0.0
2024-01-09,4504837.93,4252798.755799999,252039.17420000018,0.0
2024-01-10,4505172.330000001,4253133.155800001,252039.17420000018,0.0
2024-01-11,4505088.73,4253049.5558,252039.17420000018,0.0
2024-01-12,4506008.33,4253969.1558,252039.17420000018,0.0
2024-01-15,4506384.530000001,4254345.355800001,252039.17420000018,0.0
2024-01-16,4506342.73,4254303.5558,252039.17420000018,0.0
2024-01-17,4506509.930000001,4254470.7558,252039.17420000018,0.0
2024-01-18,4506886.130000001,4254846.955800001,252039.17420000018,0.0
2024-01-19,4507596.73,4255557.5558,252039.17420000018,0.0
2024-01-22,4508265.530000001,4256226.355800001,252039.17420000018,0.0
2024-01-23,4507931.130000001,4255891.955800001,252039.17420000018,0.0
2024-01-24,4507931.130000001,4255891.955800001,252039.17420000018,0.0
2024-01-25,4507471.33,4255432.1558,252039.17420000018,0.0
2024-01-26,4508641.73,4256602.5558,252039.17420000018,0.0
2024-01-29,4508976.130000001,4256936.955800001,252039.17420000018,0.0
2024-01-30,4509519.530000001,4257480.355800001,252039.17420000018,0.0
2024-01-31,4509770.33,4257731.1558,252039.17420000018,0.0
2024-02-01,4486253.18,4224037.076599999,262216.1034000002,5088464.6
2024-02-02,4426208.18,4163992.0765999993,262216.1034000002,0.0
2024-02-05,4327722.18,4065506.0765999993,262216.1034000002,0.0
2024-02-06,4293813.21,4029589.6306,264223.5794000002,1003738.0
2024-02-07,4103231.21,3839007.6306,264223.5794000002,0.0
2024-02-08,4255981.21,3991757.6306,264223.5794000002,0.0
2024-02-19,4441067.19,4174934.9326,266132.25740000024,954339.0
2024-02-20,4556806.19,4290673.9326,266132.25740000024,0.0
2024-02-21,4738747.97,4472565.280599999,266182.6894000002,25216.0
2024-02-22,4923316.34,4655202.7626,268113.5774000002,965444.0
2024-02-23,5152891.34,4884777.7626,268113.5774000002,0.0
2024-02-26,5260341.34,4992227.7626,268113.5774000002,0.0
2024-02-27,5443004.85,5173474.2206,269530.6294000002,708526.0
2024-02-28,4880787.85,4611257.2206,269530.6294000002,0.0
2024-02-29,5044526.85,4774996.2206,269530.6294000002,0.0
2024-03-01,5090762.8,4819957.372599999,270805.4274000002,637399.0
2024-03-04,5047330.8,4776525.372599999,270805.4274000002,0.0
2024-03-05,4867439.8,4596634.372599999,270805.4274000002,0.0
2024-03-06,5060413.399999999,4786817.666599999,273595.7334000002,1395153.0
2024-03-07,5020605.869999999,4746971.076599999,273634.7934000002,19530.0
2024-03-08,5043999.869999999,4770365.076599999,273634.7934000002,0.0
2024-03-11,5195843.539999999,4920928.238599999,274915.3014000002,640254.0
2024-03-12,5325186.539999999,5050271.238599999,274915.3014000002,0.0
2024-03-13,5338295.539999999,5063380.238599999,274915.3014000002,0.0
2024-03-14,5358770.99,5082833.9526,275937.03740000015,510868.0
2024-03-15,5557869.989999999,5281932.9525999995,275937.03740000015,0.0
2024-03-18,5696675.59,5420639.7606,276035.82940000016,49396.0
2024-03-19,5668821.48,5391795.7066,277025.7734000002,494972.0
2024-03-20,5816656.829999999,5539599.760599999,277057.06940000015,15647.999999999998
2024-03-21,5819526.83,5542469.7606,277057.06940000015,0.0
2024-03-22,5713198.34,5435552.7966,277645.54340000014,294237.0
2024-03-25,5600179.34,5322533.7966,277645.54340000014,0.0
2024-03-26,5651496.34,5373850.7966,277645.54340000014,0.0
2024-03-27,5524215.399999999,5245640.1926,278575.20740000013,464832.0
2024-03-28,5715585.399999999,5437010.1926,278575.20740000013,0.0
2024-03-29,5765671.399999999,5487096.1926,278575.20740000013,0.0
2024-04-01,5780718.45,5481517.5498,299200.90020000015,10312846.399999999
2024-04-02,5758541.65,5459340.7498,299200.90020000015,0.0
2024-04-03,5733114.65,5433913.7498,299200.90020000015,0.0
2024-04-08,5714129.25,5414928.3498,299200.90020000015,0.0
2024-04-09,5715394.050000001,5416193.149800001,299200.90020000015,0.0
2024-04-10,5704883.050000001,5405682.149800001,299200.90020000015,0.0
2024-04-11,5702945.050000001,5403744.149800001,299200.90020000015,0.0
2024-04-12,5707877.25,5408676.3498,299200.90020000015,0.0
2024-04-15,5685027.25,5385826.3498,299200.90020000015,0.0
2024-04-16,5664871.850000001,5365670.9498000005,299200.90020000015,0.0
2024-04-17,5671167.45,5371966.5498,299200.90020000015,0.0
2024-04-18,5672491.050000001,5373290.149800001,299200.90020000015,0.0
2024-04-19,5666250.450000001,5367049.549800001,299200.90020000015,0.0
2024-04-22,5657315.25,5358114.3498,299200.90020000015,0.0
2024-04-23,5675445.45,5376244.5498,299200.90020000015,0.0
2024-04-24,5672703.45,5373502.5498,299200.90020000015,0.0
2024-04-25,5674941.050000001,5375740.149800001,299200.90020000015,0.0
2024-04-26,5694592.050000001,5395391.149800001,299200.90020000015,0.0
2024-04-29,5696018.05,5396817.1498,299200.90020000015,0.0
2024-04-30,5689938.65,5390737.7498,299200.90020000015,0.0
2024-05-06,5732576.430000001,5420365.180600001,312211.24940000015,6505174.600000001
2024-05-07,5755390.010000001,5443151.904600001,312238.1054000002,13428.0
2024-05-08,5720781.010000001,5408542.904600001,312238.1054000002,0.0
2024-05-09,5776359.66,5461854.7306,314504.9294000002,1133412.0
2024-05-10,5731418.0600000005,5416903.9266,314514.1334000002,4602.0
2024-05-13,5632593.0600000005,5318078.9266,314514.1334000002,0.0
2024-05-14,5776057.77,5459171.4246,316886.3454000002,1186106.0
2024-05-15,5827163.77,5510277.4246,316886.3454000002,0.0
2024-05-16,5849239.79,5532295.4846,316944.30540000024,28980.000000000004
2024-05-17,5893416.43,5574238.716599999,319177.71340000024,1116704.0
2024-05-20,5800371.43,5481193.716599999,319177.71340000024,0.0
2024-05-21,5742481.43,5423303.716599999,319177.71340000024,0.0
2024-05-22,5783381.02,5462475.5726,320905.44740000024,863867.0
2024-05-23,5585955.02,5265049.5726,320905.44740000024,0.0
2024-05-24,5552637.02,5231731.5726,320905.44740000024,0.0
2024-05-27,5630709.609999999,5309125.000599999,321584.60940000025,339581.0
2024-05-28,5513200.609999999,5191616.000599999,321584.60940000025,0.0
2024-05-29,5661494.609999999,5339910.000599999,321584.60940000025,0.0
2024-05-30,5458858.359999999,5136515.3785999995,322342.9814000002,379186.0
2024-05-31,5458999.359999999,5136656.3785999995,322342.9814000002,0.0
2024-06-03,5261109.359999999,4938766.3785999995,322342.9814000002,0.0
2024-06-04,5053757.21,4730115.0126,323642.19740000024,649608.0
2024-06-05,5011007.21,4687365.0126,323642.19740000024,0.0
2024-06-06,4642479.75,4318633.0686,323846.68140000023,102242.0
2024-06-07,4951871.609999999,4626293.088599999,325578.52140000026,865920.0
2024-06-11,4903609.859999999,4577985.832599999,325624.02740000025,22753.0
2024-06-12,5121738.859999999,4796114.832599999,325624.02740000025,0.0
2024-06-13,5019766.51,4692661.7425999995,327104.76740000024,740370.0
2024-06-14,4971807.51,4644702.7425999995,327104.76740000024,0.0
2024-06-17,4867365.51,4540260.7425999995,327104.76740000024,0.0
2024-06-18,5053344.09,4724817.8166,328526.27340000024,710753.0
2024-06-19,5036786.33,4708258.5386,328527.7914000002,758.9999999999999
2024-06-20,4860026.33,4531498.5386,328527.7914000002,0.0
2024-06-21,4779202.09,4449420.462599999,329781.62740000023,626918.0
2024-06-24,4526206.09,4196424.462599999,329781.62740000023,0.0
2024-06-25,4603933.09,4274151.462599999,329781.62740000023,0.0
2024-06-26,4787544.0,4456566.7886,330977.2114000002,597792.0
2024-06-27,4740631.0,4409653.7886,330977.2114000002,0.0
2024-06-28,4721176.0,4390198.7886,330977.2114000002,0.0
2024-07-01,4746882.52,4415747.554599999,331134.9654000002,78877.0
2024-07-02,4981348.52,4650213.554599999,331134.9654000002,0.0
2024-07-03,5103796.54,4772585.6306,331210.90940000024,37972.0
2024-07-04,4992206.48,4660651.7226,331554.75740000024,171924.0
2024-07-05,5093946.35,4762138.626599999,331807.72340000025,126483.0
2024-07-08,4872333.73,4540506.7726,331826.95740000025,9617.0
2024-07-09,4803390.8,4470659.394599999,332731.4054000002,452224.0
2024-07-10,4616486.8,4283755.394599999,332731.4054000002,0.0
2024-07-11,4889861.8,4557130.394599999,332731.4054000002,0.0
2024-07-12,4885129.91,4551820.7306,333309.1794000002,288887.0
2024-07-15,4825512.91,4492203.7306,333309.1794000002,0.0
2024-07-16,4827104.05,4493664.2206,333439.8294000002,65325.0
2024-07-17,4761111.23,4425949.328600001,335161.9014000002,861036.0
2024-07-18,4784281.41,4449047.8766,335233.5334000002,35816.0
2024-07-19,4815297.1,4479970.9366,335326.1634000002,46315.0
2024-07-22,4911080.93,4574917.6866,336163.2434000002,418540.0
2024-07-23,4958483.04,4622258.0286,336225.0114000002,30884.0
2024-07-24,4877707.04,4541482.0286,336225.0114000002,0.0
2024-07-25,4942152.09,4604529.366599999,337622.7234000002,698856.0
2024-07-26,5003471.09,4665848.366599999,337622.7234000002,0.0
2024-07-29,5084005.09,4746382.366599999,337622.7234000002,0.0
2024-07-30,5188325.51,4849799.666599999,338525.8434000002,451560.0
2024-07-31,5310114.51,4971588.666599999,338525.8434000002,0.0
2024-08-01,5375109.51,5036583.666599999,338525.8434000002,0.0
2024-08-02,5330611.68,4991124.6766,339487.00340000016,480580.0
2024-08-05,5268823.68,4929336.6766,339487.00340000016,0.0
2024-08-06,5457008.68,5117521.6766,339487.00340000016,0.0
2024-08-07,5461041.84,5120227.0166,340814.82340000017,663910.0
2024-08-08,5488340.84,5147526.0166,340814.82340000017,0.0
2024-08-09,5414476.35,5073586.542599999,340889.80740000017,37492.0
2024-08-12,5317290.84,4974985.900599999,342304.93940000015,707566.0
2024-08-13,5468661.84,5126356.900599999,342304.93940000015,0.0
2024-08-14,5528467.4,5186021.6606,342445.73940000014,70400.0
2024-08-15,5539718.23,5196598.7686,343119.46140000015,336861.0
2024-08-16,5423401.23,5080281.7686,343119.46140000015,0.0
2024-08-19,5473916.23,5130796.7686,343119.46140000015,0.0
2024-08-20,5441095.54,5097078.8166,344016.72340000013,448631.0
2024-08-21,5390786.54,5046769.8166,344016.72340000013,0.0
2024-08-22,5333354.54,4989337.8166,344016.72340000013,0.0
2024-08-23,5191731.5,4847153.5566,344577.9434000001,280610.0
2024-08-26,5322140.5,4977562.5566,344577.9434000001,0.0
2024-08-27,5287976.5,4943398.5566,344577.9434000001,0.0
2024-08-28,5334071.76,4988284.0646,345787.6954000001,604876.0
2024-08-29,5381457.76,5035670.0646,345787.6954000001,0.0
2024-08-30,5499980.76,5154193.0646,345787.6954000001,0.0
2024-09-02,5454084.01,5107274.8366,346809.1734000001,510739.0
2024-09-03,5475506.01,5128696.8366,346809.1734000001,0.0
2024-09-04,5398696.01,5051886.8366,346809.1734000001,0.0
2024-09-05,5516698.82,5168886.9466,347811.8734000001,501350.0
2024-09-06,5416561.82,5068749.9466,347811.8734000001,0.0
2024-09-09,5483089.82,5135277.9466,347811.8734000001,0.0
2024-09-10,5604998.039999999,5255369.120599999,349628.9194000001,908523.0
2024-09-11,5600382.04,5250753.1206,349628.9194000001,0.0
2024-09-12,5591906.43,5242228.3006,349678.1294000001,24605.0
2024-09-13,5557549.31,5205966.928599999,351582.3814000001,952126.0
2024-09-18,5433722.31,5082139.928599999,351582.3814000001,0.0
2024-09-19,5655703.31,5304120.928599999,351582.3814000001,0.0
2024-09-20,5594354.63,5241076.4586,353278.17140000005,847895.0
2024-09-23,5639096.63,5285818.4586,353278.17140000005,0.0
2024-09-24,5796281.63,5443003.4586,353278.17140000005,0.0
2024-09-25,5884411.44,5529751.9346,354659.5054,690667.0
2024-09-26,6049259.44,5694599.9346,354659.5054,0.0
2024-09-27,6308882.44,5954222.9346,354659.5054,0.0
2024-09-30,6864109.52,6508626.9386,355482.5814,411538.0
2024-10-08,7298194.52,6942711.9386,355482.5814,0.0
2024-10-09,6561440.52,6205957.9386,355482.5814,0.0
2024-10-10,6719983.869999999,6363719.4525999995,356264.41740000003,390918.0
2024-10-11,6471219.869999999,6114955.4525999995,356264.41740000003,0.0
2024-10-14,6767263.869999999,6410999.4525999995,356264.41740000003,0.0
2024-10-15,6718534.75,6360816.4506,357718.2994,726941.0
2024-10-16,6757251.75,6399533.4506,357718.2994,0.0
2024-10-17,6630031.75,6272313.4506,357718.2994,0.0
2024-10-18,6797155.35,6437255.014599999,359900.33540000004,1091018.0
2024-10-21,6978657.39,6618571.6826,360085.7074,92686.0
2024-10-22,7211686.39,6851600.6826,360085.7074,0.0
2024-10-23,7414046.489999999,7052700.272599999,361346.2174,630255.0
2024-10-24,7579731.779999999,7218266.090599999,361465.68940000003,59736.0
2024-10-25,7947222.779999999,7585757.090599999,361465.68940000003,0.0
2024-10-28,8418360.149999999,8056386.744599998,361973.40540000005,253858.0
2024-10-29,8311896.149999999,7949922.7446,361973.40540000005,0.0
2024-10-30,8314675.41,7952595.2046,362080.20540000004,53400.0
2024-10-31,8441598.92,8074922.6666,366676.25340000005,2298024.0
2024-11-01,8253884.58,7887195.6446,366688.9354,6341.0
2024-11-04,8421837.049999999,8054941.688599999,366895.3614,103212.99999999999
2024-11-05,8739216.76,8365678.9566,373537.8034,3321221.0
2024-11-06,8976572.229999999,8602764.370599998,373807.85939999996,135028.0
2024-11-07,9182569.23,8808761.3706,373807.85939999996,0.0
2024-11-08,9150145.23,8771569.7706,378575.45939999993,2383800.0
2024-11-11,9429470.23,9050894.7706,378575.45939999993,0.0
2024-11-12,9473262.16,9094546.5826,378715.57739999995,70059.0
2024-11-13,9493170.419999998,9109317.608599998,383852.81139999995,2568617.0
2024-11-14,9245763.2,8861229.988599999,384533.2114,340200.0
2024-11-15,9045402.2,8660868.988599999,384533.2114,0.0
2024-11-18,8794932.87,8406162.270599999,388770.59939999995,2118694.0
2024-11-19,8961779.87,8573009.270599999,388770.59939999995,0.0
2024-11-20,9234052.87,8845282.270599999,388770.59939999995,0.0
2024-11-21,9286071.28,8893499.2006,392572.07939999993,1900740.0
2024-11-22,8899843.28,8507271.2006,392572.07939999993,0.0
2024-11-25,9176672.28,8784100.2006,392572.07939999993,0.0
2024-11-26,9197373.6,8801736.9786,395636.62139999995,1532271.0
2024-11-27,9268757.6,8873120.9786,395636.62139999995,0.0
2024-11-28,9436624.6,9040987.9786,395636.62139999995,0.0
2024-11-29,9617886.86,9218969.964599999,398916.8953999999,1640137.0
2024-12-02,9898989.86,9500072.964599999,398916.8953999999,0.0
2024-12-03,9970693.86,9571776.964599999,398916.8953999999,0.0
2024-12-04,9909049.25,9508519.7866,400529.46339999995,806284.0
2024-12-05,10018985.91,9617634.0066,401351.90339999995,411220.0
2024-12-06,10169025.91,9767674.0066,401351.90339999995,0.0
2024-12-09,10221434.0,9816555.4826,404878.51739999995,1763307.0
2024-12-10,10234430.46,9828803.676600002,405626.78339999996,374133.0
2024-12-11,10346097.46,9940470.676600002,405626.78339999996,0.0
2024-12-12,10796337.54,10387378.7746,408958.7654,1665991.0
2024-12-13,10591855.1,10182827.454599999,409027.6454,34440.0
2024-12-16,10580751.099999998,10171723.454599997,409027.6454,0.0
2024-12-17,9877721.8,9466704.4866,411017.3134,994834.0
2024-12-18,9906913.8,9495896.4866,411017.3134,0.0
2024-12-19,9809978.69,9398855.7126,411122.9774,52832.0
2024-12-20,10051547.72,9637194.084600002,414353.63539999997,1615329.0
2024-12-23,9245494.72,8831141.084600002,414353.63539999997,0.0
2024-12-24,9119457.7,8705056.0246,414401.67539999995,24020.0
2024-12-25,8886529.43,8469297.4906,417231.9394,1415132.0
2024-12-26,9057718.43,8640486.4906,417231.9394,0.0
2024-12-27,9272026.93,8854617.7206,417409.2094,88635.0
2024-12-30,9013039.44,8592440.5706,420598.86939999997,1594830.0
2024-12-31,8818636.439999998,8398037.570599997,420598.86939999997,0.0
2025-01-02,8800363.479999997,8345823.733199997,454539.74679999996,16970438.700000003
2025-01-03,8801041.079999996,8346501.3331999965,454539.74679999996,0.0
2025-01-06,8801210.479999999,8346670.733199999,454539.74679999996,0.0
2025-01-07,8801888.079999998,8347348.333199998,454539.74679999996,0.0
2025-01-08,8804683.179999998,8350143.433199998,454539.74679999996,0.0
2025-01-09,8803666.779999997,8349127.033199998,454539.74679999996,0.0
2025-01-10,8804429.079999998,8349889.333199998,454539.74679999996,0.0
2025-01-13,8803073.879999997,8348534.133199997,454539.74679999996,0.0
2025-01-14,8802396.279999997,8347856.533199998,454539.74679999996,0.0
2025-01-15,8804005.579999998,8349465.833199998,454539.74679999996,0.0
2025-01-16,8803243.279999997,8348703.533199998,454539.74679999996,0.0
2025-01-17,8803920.879999997,8349381.133199997,454539.74679999996,0.0
2025-01-20,8803412.679999998,8348872.933199998,454539.74679999996,0.0
2025-01-21,8804513.779999997,8349974.033199998,454539.74679999996,0.0
2025-01-22,8805276.079999998,8350736.333199998,454539.74679999996,0.0
2025-01-23,8804767.879999997,8350228.133199997,454539.74679999996,0.0
2025-01-24,8804937.279999997,8350397.533199998,454539.74679999996,0.0
2025-01-27,8810442.779999997,8355903.033199998,454539.74679999996,0.0
2025-02-05,8809765.179999998,8338254.602399997,471510.57759999996,8485415.4
2025-02-06,8812974.259999998,8337945.570399998,475028.6896,1759056.0
2025-02-07,8854908.259999998,8379879.570399998,475028.6896,0.0
2025-02-10,8939581.259999998,8464552.570399998,475028.6896,0.0
2025-02-11,8917327.569999997,8438861.038399996,478466.5316,1718921.0
2025-02-12,8891982.719999997,8413456.492399996,478526.2276,29848.0
2025-02-13,8840941.719999997,8362415.492399997,478526.2276,0.0
2025-02-14,8832800.149999997,8350545.614399997,482254.5356,1864154.0
2025-02-17,9165853.149999997,8683598.614399998,482254.5356,0.0
2025-02-18,9168049.399999997,8685309.722399997,482739.6776,242571.0
2025-02-19,9327099.279999996,8840464.304399995,486634.9756,1947649.0
2025-02-20,9336444.919999998,8849638.164399998,486806.75560000003,85890.0
2025-02-21,9272120.919999998,8785314.164399998,486806.75560000003,0.0
2025-02-24,9374018.209999995,8883855.900399996,490162.30960000004,1677777.0
2025-02-25,9378602.209999995,8888439.900399996,490162.30960000004,0.0
2025-02-26,9471608.209999995,8981445.900399996,490162.30960000004,0.0
2025-02-27,9449697.239999996,8956368.568399996,493328.67160000006,1583181.0
2025-02-28,9344992.949999996,8851591.702399995,493401.24760000006,36288.0
2025-03-03,9350435.959999995,8856891.096399995,493544.86360000004,71808.0
2025-03-04,9392698.239999998,8897283.850399999,495414.38960000005,934763.0
2025-03-05,9295020.239999998,8799605.850399999,495414.38960000005,0.0
2025-03-06,9419055.239999998,8923640.850399999,495414.38960000005,0.0
2025-03-07,9300601.339999996,8803354.088399995,497247.2516000001,916431.0
2025-03-10,9669366.339999996,9172119.088399995,497247.2516000001,0.0
2025-03-11,9710162.639999997,9212636.364399998,497526.27560000005,139512.0
2025-03-12,9760875.989999998,9260693.690399999,500182.2996,1328012.0
2025-03-13,9628603.989999998,9128421.690399999,500182.2996,0.0
2025-03-14,9815679.989999998,9315497.690399999,500182.2996,0.0
2025-03-17,9897751.719999995,9395218.676399995,502533.04360000003,1175372.0
2025-03-18,9896119.719999995,9393586.676399995,502533.04360000003,0.0
2025-03-19,9833423.719999995,9330890.676399995,502533.04360000003,0.0
2025-03-20,9856069.599999998,9352361.278399998,503708.3216,587639.0
2025-03-21,9635550.599999998,9131842.278399998,503708.3216,0.0
2025-03-24,9211523.599999998,8707814.564399999,503709.0356,357.0
2025-03-25,9194818.849999998,8690315.208399998,504503.64160000003,397303.0
2025-03-26,9504050.849999998,8999547.208399998,504503.64160000003,0.0
2025-03-27,9324298.069999997,8819648.038399996,504650.03160000005,73195.0
2025-03-28,9019939.309999997,8512858.090399997,507081.21960000007,1215594.0
2025-03-31,8782706.309999997,8275625.090399996,507081.21960000007,0.0
2025-04-01,8813702.959999997,8275406.558199997,538296.4018000001,15607591.1
2025-04-02,8814324.559999997,8276028.158199997,538296.4018000001,0.0
2025-04-03,8814713.059999997,8276416.658199997,538296.4018000001,0.0
2025-04-07,8814013.759999998,8275717.358199998,538296.4018000001,0.0
2025-04-08,8884117.359999998,8345820.958199997,538296.4018000001,0.0
2025-04-09,8960368.859999998,8422072.458199997,538296.4018000001,0.0
2025-04-10,8988961.959999997,8450665.558199998,538296.4018000001,0.0
2025-04-11,8910097.859999998,8371801.458199997,538296.4018000001,0.0
2025-04-14,8909932.759999998,8371636.358199998,538296.4018000001,0.0
2025-04-15,8942537.059999997,8404240.658199996,538296.4018000001,0.0
2025-04-16,8909602.559999997,8371306.158199997,538296.4018000001,0.0
2025-04-17,8884476.759999998,8346180.358199998,538296.4018000001,0.0
2025-04-18,8892819.659999996,8354523.258199996,538296.4018000001,0.0
2025-04-21,8885496.559999997,8347200.158199997,538296.4018000001,0.0
2025-04-22,8888721.059999997,8350424.658199997,538296.4018000001,0.0
2025-04-23,8871705.059999997,8333408.658199997,538296.4018000001,0.0
2025-04-24,8874375.959999997,8336079.558199997,538296.4018000001,0.0
2025-04-25,8877678.159999996,8339381.758199996,538296.4018000001,0.0
2025-04-28,8877522.759999998,8339226.358199998,538296.4018000001,0.0
2025-04-29,8896112.159999996,8357815.758199996,538296.4018000001,0.0
2025-04-30,8927123.659999996,8388827.258199997,538296.4018000001,0.0
2025-05-06,8933815.459999997,8379903.533799997,553911.9262000001,7807762.2
2025-05-07,8927336.309999995,8368249.521799995,559086.7882000001,2587431.0
2025-05-08,8952942.309999995,8393855.521799995,559086.7882000001,0.0
2025-05-09,8938055.309999995,8378968.521799995,559086.7882000001,0.0
2025-05-12,8958607.619999994,8395943.409799993,562664.2102000001,1788711.0
2025-05-13,8922909.619999994,8360245.409799993,562664.2102000001,0.0
2025-05-14,8899714.619999994,8337050.409799993,562664.2102000001,0.0
2025-05-15,8935631.419999994,8369315.761799994,566315.6582000001,1825724.0
2025-05-16,8957504.419999994,8391188.761799995,566315.6582000001,0.0
2025-05-19,9059919.419999994,8493603.761799995,566315.6582000001,0.0
2025-05-20,9226314.919999994,8656490.247799994,569824.6722,1754507.0
2025-05-21,9110442.919999994,8540618.247799994,569824.6722,0.0
2025-05-22,8988006.919999994,8418182.247799994,569824.6722,0.0
2025-05-23,8879724.699999996,8306859.625799996,572865.0742,1520201.0
2025-05-26,8986816.699999996,8413951.625799995,572865.0742,0.0
2025-05-27,9068827.699999996,8495962.625799995,572865.0742,0.0
2025-05-28,9011907.969999995,8438209.675799996,573698.2942,416610.0
2025-05-29,9187423.969999995,8613725.675799996,573698.2942,0.0
2025-05-30,9143148.969999995,8569450.675799996,573698.2942,0.0
2025-06-03,9204969.759999994,8630303.225799995,574666.5342,484120.0
2025-06-04,9290311.759999994,8715645.225799995,574666.5342,0.0
2025-06-05,9282910.759999994,8708244.225799995,574666.5342,0.0
2025-06-06,9383240.609999996,8807710.925799996,575529.6842,431575.0
2025-06-09,9525028.609999996,8949498.925799996,575529.6842,0.0
2025-06-10,9447150.609999996,8871620.925799996,575529.6842,0.0
2025-06-11,9463978.029999996,8888294.427799996,575683.6022,76959.0
2025-06-12,9508567.029999994,8932883.427799994,575683.6022,0.0
2025-06-13,9292827.029999994,8717143.427799994,575683.6022,0.0
2025-06-16,9409318.559999997,8832706.211799996,576612.3482,464373.0
2025-06-17,9370217.559999997,8793605.211799996,576612.3482,0.0
2025-06-18,9286000.559999997,8709388.211799996,576612.3482,0.0
2025-06-19,9040963.409999996,8462700.319799997,578263.0902,825371.0
2025-06-20,8992781.409999995,8414518.319799995,578263.0902,0.0
2025-06-23,9218708.409999996,8640445.319799997,578263.0902,0.0
2025-06-24,9541202.639999997,8962029.621799996,579173.0181999999,454964.0
2025-06-25,9559207.639999997,8980034.621799996,579173.0181999999,0.0
2025-06-26,9692641.839999996,9113018.275799997,579623.5641999999,225273.0
2025-06-27,9789172.989999996,9208621.457799997,580551.5321999999,463984.0
2025-06-30,9889050.989999996,9308499.457799997,580551.5321999999,0.0
2025-07-01,10272688.989999996,9692137.457799997,580551.5321999999,0.0
2025-07-02,10219425.529999994,9635949.683799993,583475.8461999999,1462157.0
2025-07-03,10107961.529999994,9524485.683799993,583475.8461999999,0.0
2025-07-04,9959258.529999994,9375782.683799993,583475.8461999999,0.0
2025-07-07,10157910.569999997,9572519.451799996,585391.1181999999,957636.0
2025-07-08,10196589.569999997,9611198.451799996,585391.1181999999,0.0
2025-07-09,10179922.569999997,9594531.451799996,585391.1181999999,0.0
2025-07-10,10240758.859999996,9653657.395799996,587101.4641999999,855173.0
2025-07-11,10151925.859999996,9564824.395799996,587101.4641999999,0.0
2025-07-14,10273867.859999996,9686766.395799996,587101.4641999999,0.0
2025-07-15,10062807.949999994,9473870.567799993,588937.3821999999,917959.0
2025-07-16,10159351.949999996,9570414.567799997,588937.3821999999,0.0
2025-07-17,10193528.949999996,9604591.567799997,588937.3821999999,0.0
2025-07-18,10220847.849999994,9630898.701799994,589949.1481999998,505883.0
2025-07-21,10515076.849999994,9925127.701799994,589949.1481999998,0.0
2025-07-22,10536395.849999994,9946446.701799994,589949.1481999998,0.0
2025-07-23,10450142.869999995,9859094.053799996,591048.8161999998,549834.0
2025-07-24,10556344.869999995,9965296.053799996,591048.8161999998,0.0
2025-07-25,10686422.869999995,10095374.053799996,591048.8161999998,0.0
2025-07-28,10730785.849999994,10137816.085799994,592969.7641999997,960474.0
2025-07-29,10828958.849999994,10235989.085799994,592969.7641999997,0.0
2025-07-30,10880386.459999995,10286912.359799996,593474.1001999998,252168.0
2025-07-31,10704493.179999996,10108299.909799997,596193.2701999998,1359585.0
2025-08-01,10810556.179999996,10214362.909799997,596193.2701999998,0.0
2025-08-04,10951899.989999996,10355666.341799997,596233.6481999998,20189.0
2025-08-05,11078191.899999997,10480056.987799997,598134.9121999998,950632.0
2025-08-06,11158163.899999997,10560028.987799997,598134.9121999998,0.0
2025-08-07,11119577.829999994,10521339.149799995,598238.6801999998,51884.00000000001
2025-08-08,11187089.199999996,10586966.163799996,600123.0361999999,942178.0
2025-08-11,11336315.199999996,10736192.163799996,600123.0361999999,0.0
2025-08-12,11291037.199999996,10690914.163799996,600123.0361999999,0.0
2025-08-13,11185043.789999995,10582834.369799996,602209.4201999998,1043192.0
2025-08-14,10858418.789999995,10256209.369799996,602209.4201999998,0.0
2025-08-15,10852696.789999995,10250487.369799996,602209.4201999998,0.0
2025-08-18,10995556.779999994,10390565.945799993,604990.8341999998,1390707.0
2025-08-19,11331350.779999994,10726359.945799993,604990.8341999998,0.0
2025-08-20,11378641.779999994,10773650.945799993,604990.8341999998,0.0
2025-08-21,11493562.519999996,10886304.745799996,607257.7741999998,1133470.0
2025-08-22,11364539.519999994,10757281.745799994,607257.7741999998,0.0
2025-08-25,11344776.519999996,10737518.745799996,607257.7741999998,0.0
2025-08-26,11530404.109999996,10921885.593799995,608518.5161999997,630371.0
2025-08-27,11095530.109999994,10487011.593799993,608518.5161999997,0.0
2025-08-28,10976952.109999996,10368433.593799995,608518.5161999997,0.0
2025-08-29,10873963.789999995,10262130.925799996,611832.8641999997,1657174.0
2025-09-01,11041128.789999995,10429295.925799996,611832.8641999997,0.0
2025-09-02,11002902.789999995,10391069.925799996,611832.8641999997,0.0
2025-09-03,10660275.669999994,10045820.287799995,614455.3821999998,1311259.0
2025-09-04,10817691.669999994,10203236.287799995,614455.3821999998,0.0
2025-09-05,10992909.669999994,10378454.287799995,614455.3821999998,0.0
2025-09-08,11204509.939999994,10588073.805799995,616436.1341999997,990376.0
2025-09-09,11166735.939999994,10550299.805799995,616436.1341999997,0.0
2025-09-10,11232760.939999994,10616324.805799995,616436.1341999997,0.0
2025-09-11,11275988.699999996,10657547.239799995,618441.4601999997,1002663.0
2025-09-12,11152306.699999996,10533865.239799995,618441.4601999997,0.0
2025-09-15,11252321.699999996,10633880.239799995,618441.4601999997,0.0
2025-09-16,11552060.359999996,10931577.645799996,620482.7141999997,1020627.0
2025-09-17,11451416.359999996,10830933.645799996,620482.7141999997,0.0
2025-09-18,11130626.359999996,10510143.645799996,620482.7141999997,0.0
2025-09-19,11017635.829999994,10394051.701799994,623584.1281999997,1550707.0
2025-09-22,10906575.829999994,10282991.701799994,623584.1281999997,0.0
2025-09-23,10730550.829999994,10106966.701799994,623584.1281999997,0.0
2025-09-24,11001773.879999995,10377272.763799995,624501.1161999997,458494.0
2025-09-25,10873135.879999995,10248634.763799995,624501.1161999997,0.0
2025-09-26,10929406.879999995,10304905.763799995,624501.1161999997,0.0
2025-09-29,11295343.879999995,10670842.763799995,624501.1161999997,0.0
2025-09-30,11612362.879999995,10987861.763799995,624501.1161999997,0.0
2025-10-09,11834409.879999995,11209908.763799995,624501.1161999997,0.0
2025-10-10,12344185.429999994,11715377.975799995,628807.4541999997,2153169.0
2025-10-13,12212513.429999994,11583705.975799995,628807.4541999997,0.0
2025-10-14,12209090.429999994,11580282.975799995,628807.4541999997,0.0
2025-10-15,12206436.419999994,11573323.799799995,633112.6201999997,2152583.0
2025-10-16,12063113.419999994,11430000.799799995,633112.6201999997,0.0
2025-10-17,11942881.419999994,11309768.799799995,633112.6201999997,0.0
2025-10-20,12180475.209999992,11545938.427799992,634536.7821999997,712081.0
2025-10-21,12487118.209999992,11852581.427799992,634536.7821999997,0.0
2025-10-22,12592635.209999992,11958098.427799992,634536.7821999997,0.0
2025-10-23,12576598.039999995,11940857.009799996,635741.0301999997,602124.0
2025-10-24,12686848.039999995,12051107.009799996,635741.0301999997,0.0
2025-10-27,12812970.039999995,12177229.009799996,635741.0301999997,0.0
2025-10-28,13089390.799999991,12451950.929799993,637439.8701999997,849420.0
2025-10-29,12780372.279999996,12142655.109799996,637717.1701999997,138650.0
2025-10-30,12759269.279999994,12121552.109799994,637717.1701999997,0.0
2025-10-31,12962032.289999995,12322856.839799996,639175.4501999997,729140.0
2025-11-03,13115875.289999995,12476699.839799996,639175.4501999997,0.0
2025-11-04,13156855.289999995,12517679.839799996,639175.4501999997,0.0
2025-11-05,13372705.119999994,12731220.079799995,641485.0401999997,1154795.0
2025-11-06,13431286.119999994,12789801.079799995,641485.0401999997,0.0
2025-11-07,13500381.119999994,12858896.079799995,641485.0401999997,0.0
2025-11-10,13641922.269999994,12997765.351799995,644156.9181999997,1335939.0
2025-11-11,13788099.269999994,13143942.351799995,644156.9181999997,0.0
2025-11-12,13795402.269999994,13151245.351799995,644156.9181999997,0.0
2025-11-13,13893847.019999994,13246765.443799995,647081.5761999998,1462329.0
2025-11-14,14002002.019999994,13354920.443799995,647081.5761999998,0.0
2025-11-17,14143544.019999994,13496462.443799995,647081.5761999998,0.0
2025-11-18,14004202.529999994,13354563.441799995,649639.0881999998,1278756.0
2025-11-19,13614982.529999994,12965343.441799995,649639.0881999998,0.0
2025-11-20,13437176.529999994,12787537.441799995,649639.0881999998,0.0
2025-11-21,12683508.259999994,12031456.207799993,652052.0521999998,1206482.0
2025-11-24,13050283.259999994,12398231.207799993,652052.0521999998,0.0
2025-11-25,13340978.259999994,12688926.207799993,652052.0521999998,0.0
2025-11-26,13127721.069999997,12473277.365799997,654443.7041999998,1195826.0
2025-11-27,13259136.069999997,12604692.365799997,654443.7041999998,0.0
2025-11-28,13550314.069999997,12895870.365799997,654443.7041999998,0.0
2025-12-01,13617894.639999991,12962112.097799992,655782.5421999998,669419.0
2025-12-02,13586039.639999991,12930257.097799992,655782.5421999998,0.0
2025-12-03,13365142.639999991,12709360.097799992,655782.5421999998,0.0
2025-12-04,13054982.359999994,12397647.359799994,657335.0001999998,776229.0
2025-12-05,13332778.359999994,12675443.359799994,657335.0001999998,0.0
2025-12-08,13493381.359999994,12836046.359799994,657335.0001999998,0.0
2025-12-09,13338161.049999991,12679554.599799993,658606.4501999997,635725.0
2025-12-10,13017693.049999991,12359086.599799993,658606.4501999997,0.0
2025-12-11,12565666.049999991,11907059.599799993,658606.4501999997,0.0
2025-12-12,12248546.909999996,11588708.441799996,659838.4681999998,616009.0
2025-12-15,12458748.909999996,11798910.441799996,659838.4681999998,0.0
2025-12-16,12208657.909999996,11548819.441799996,659838.4681999998,0.0
2025-12-17,12269667.409999996,11608795.559799997,660871.8501999998,516691.0
2025-12-18,12527536.409999996,11866664.559799997,660871.8501999998,0.0
2025-12-19,12914878.409999996,12254006.559799997,660871.8501999998,0.0
2025-12-22,12838827.919999994,12176666.259799995,662161.6601999998,644905.0
2025-12-23,12763531.919999994,12101370.259799995,662161.6601999998,0.0
2025-12-24,12927308.919999994,12265147.259799995,662161.6601999998,0.0
2025-12-25,12973294.559999997,12308337.345799997,664957.2141999998,1397777.0
2025-12-26,12860092.559999997,12195135.345799997,664957.2141999998,0.0
2025-12-29,13007837.559999997,12342880.345799997,664957.2141999998,0.0
2025-12-30,12877025.949999996,12209767.875799995,667258.0741999998,1150430.0
2025-12-31,12875495.949999996,12208237.875799995,667258.0741999998,0.0
2026-01-05,12866276.169999996,12148793.107799996,717483.0621999998,25112494.0
2026-01-06,12865398.369999995,12147915.307799995,717483.0621999998,0.0
2026-01-07,12867404.769999996,12149921.707799995,717483.0621999998,0.0
2026-01-08,12867906.369999995,12150423.307799995,717483.0621999998,0.0
2026-01-09,12868658.769999996,12151175.707799995,717483.0621999998,0.0
2026-01-12,12868407.969999995,12150924.907799995,717483.0621999998,0.0
2026-01-13,12869912.769999996,12152429.707799995,717483.0621999998,0.0
2026-01-14,12870414.369999995,12152931.307799995,717483.0621999998,0.0
2026-01-15,12872796.969999995,12155313.907799995,717483.0621999998,0.0
2026-01-16,12875430.369999995,12157947.307799995,717483.0621999998,0.0
2026-01-19,12874677.969999995,12157194.907799995,717483.0621999998,0.0
2026-01-20,12874301.769999996,12156818.707799995,717483.0621999998,0.0
2026-01-21,12872796.969999995,12155313.907799995,717483.0621999998,0.0
2026-01-22,12873674.769999996,12156191.707799995,717483.0621999998,0.0
2026-01-23,12874427.169999996,12156944.107799996,717483.0621999998,0.0
2026-01-26,12875304.969999995,12157821.907799995,717483.0621999998,0.0
2026-01-27,12875931.969999995,12158448.907799995,717483.0621999998,0.0
2026-01-28,12875681.169999996,12158198.107799996,717483.0621999998,0.0
2026-01-29,12875555.769999998,12158072.707799997,717483.0621999998,0.0
2026-01-30,12876558.969999995,12159075.907799995,717483.0621999998,0.0
2026-02-02,12876308.169999996,12133711.249799997,742596.9201999998,12556929.0
2026-02-03,12899924.179999994,12152187.099799994,747737.0801999999,2570080.0
2026-02-04,12933279.179999994,12185542.099799994,747737.0801999999,0.0
2026-02-05,12941036.179999994,12193299.099799994,747737.0801999999,0.0
2026-02-06,12977396.659999996,12224572.321799997,752824.3381999999,2543629.0
2026-02-09,13071559.659999996,12318735.321799997,752824.3381999999,0.0
2026-02-10,13072857.659999996,12320033.321799997,752824.3381999999,0.0
2026-02-11,13038709.929999996,12280800.641799996,757909.2881999998,2542475.0
2026-02-12,12896030.929999996,12138121.641799996,757909.2881999998,0.0
2026-02-13,12914288.929999996,12156379.641799996,757909.2881999998,0.0
2026-02-24,13071261.599999998,12307988.661799997,763272.9381999999,2681825.0
2026-02-25,13043559.599999998,12280286.661799997,763272.9381999999,0.0
2026-02-26,12985091.599999998,12221818.661799997,763272.9381999999,0.0
2026-02-27,12932951.299999995,12165078.091799995,767873.2081999999,2300135.0
2026-03-02,12437123.299999995,11669250.091799995,767873.2081999999,0.0
2026-03-03,12102932.299999995,11335059.091799995,767873.2081999999,0.0
2026-03-04,12012930.889999997,11243894.459799998,769036.4301999998,581611.0
2026-03-05,12221697.889999997,11452661.459799998,769036.4301999998,0.0
2026-03-06,12641746.889999997,11872710.459799998,769036.4301999998,0.0
2026-03-09,12542245.789999995,11771439.775799995,770806.0141999999,884792.0
2026-03-10,12917139.789999995,12146333.775799995,770806.0141999999,0.0
2026-03-11,12794647.789999995,12023841.775799995,770806.0141999999,0.0
2026-03-12,12553476.169999998,11780918.025799999,772558.1441999999,876065.0
2026-03-13,12566448.169999998,11793890.025799999,772558.1441999999,0.0
2026-03-16,12577201.169999998,11804643.025799999,772558.1441999999,0.0
2026-03-17,12358871.179999996,11585191.387799997,773679.7921999999,560824.0
2026-03-18,12592828.179999996,11819148.387799997,773679.7921999999,0.0
2026-03-19,12190206.179999996,11416526.387799997,773679.7921999999,0.0
2026-03-20,11649892.179999996,10875051.957799995,774840.2222,580215.0
2026-03-23,10907991.179999996,10133150.957799995,774840.2222,0.0
2026-03-24,11659829.179999996,10884988.957799995,774840.2222,0.0
2026-03-25,11953750.259999998,11177871.631799998,775878.6281999999,519203.0
2026-03-26,11755830.259999998,10979951.631799998,775878.6281999999,0.0
2026-03-27,11972916.259999998,11197037.631799998,775878.6281999999,0.0
2026-03-30,12142194.329999996,11364983.629799996,777210.7002,666036.0
2026-03-31,11919821.329999996,11142610.629799996,777210.7002,0.0
2026-04-01,12159548.609999996,11334954.775799995,824593.8341999999,23691567.0
2026-04-02,12161318.609999996,11336724.775799995,824593.8341999999,0.0
2026-04-03,12166038.609999996,11341444.775799995,824593.8341999999,0.0
2026-04-07,12164268.609999996,11339674.775799995,824593.8341999999,0.0
2026-04-08,12161082.609999996,11336488.775799995,824593.8341999999,0.0
2026-04-09,12162498.609999996,11337904.775799995,824593.8341999999,0.0
2026-04-10,12163324.609999996,11338730.775799995,824593.8341999999,0.0
2026-04-13,12164032.609999996,11339438.775799995,824593.8341999999,0.0
2026-04-14,12164858.609999996,11340264.775799995,824593.8341999999,0.0
2026-04-15,12164976.609999996,11340382.775799995,824593.8341999999,0.0
2026-04-16,12164150.609999996,11339556.775799995,824593.8341999999,0.0
2026-04-17,12165566.609999996,11340972.775799995,824593.8341999999,0.0
2026-04-20,12165684.609999996,11341090.775799995,824593.8341999999,0.0
2026-04-21,12166038.609999996,11341444.775799995,824593.8341999999,0.0
2026-04-22,12166274.609999996,11341680.775799995,824593.8341999999,0.0
2026-04-23,12166510.609999996,11341916.775799995,824593.8341999999,0.0
2026-04-24,12167808.609999996,11343214.775799995,824593.8341999999,0.0
2026-04-27,12167690.609999996,11343096.775799995,824593.8341999999,0.0
2026-04-28,12168870.609999996,11344276.775799995,824593.8341999999,0.0
2026-04-29,12170404.609999996,11345810.775799995,824593.8341999999,0.0
2026-04-30,12170758.609999996,11346164.775799995,824593.8341999999,0.0
2026-05-06,12170522.609999996,11322233.195799995,848289.4141999999,11847790.0
2026-05-07,12179162.859999996,11326018.735799996,853144.1241999998,2427355.0
2026-05-08,12209187.859999996,11356043.735799996,853144.1241999998,0.0
2026-05-11,12237750.859999996,11384606.735799996,853144.1241999998,0.0
2026-05-12,12185972.529999994,11327978.039799994,857994.4901999999,2425183.0
2026-05-13,12177820.529999994,11319826.039799994,857994.4901999999,0.0
2026-05-14,12252181.529999994,11394187.039799994,857994.4901999999,0.0
2026-05-15,12133349.609999996,11270349.249799997,863000.3601999999,2502935.0
2026-05-18,12237363.609999996,11374363.249799997,863000.3601999999,0.0
2026-05-19,12231948.609999996,11368948.249799997,863000.3601999999,0.0
2026-05-20,12090490.359999994,11222514.577799994,867975.7821999999,2487711.0
2026-05-21,11722365.359999994,10854389.577799994,867975.7821999999,0.0
2026-05-22,12023452.359999994,11155476.577799994,867975.7821999999,0.0
2026-05-25,11785272.989999996,10913009.179799996,872263.8102,2144014.0
2026-05-26,11566659.989999996,10694396.179799996,872263.8102,0.0
2026-05-27,11296637.989999996,10424374.179799996,872263.8102,0.0
2026-05-28,11287258.869999994,10411152.905799994,876105.9641999999,1921077.0
