date,gross_value,net_value,cum_cost,daily_trade_value
2020-01-02,1000069.3,999078.2506,991.0493999999999,991049.3999999999
2020-01-03,1000415.8,999424.7506,991.0493999999999,0.0
2020-01-06,1000455.4,999464.3506,991.0493999999999,0.0
2020-01-07,1000574.2,999583.1505999999,991.0493999999999,0.0
2020-01-08,1000693.0,999701.9506,991.0493999999999,0.0
2020-01-09,1000742.5,999751.4506,991.0493999999999,0.0
2020-01-10,1000940.5,999949.4506,991.0493999999999,0.0
2020-01-13,1001019.7,1000028.6505999999,991.0493999999999,0.0
2020-01-14,1001168.2000000002,1000177.1506000002,991.0493999999999,0.0
2020-01-15,1001247.4,1000256.3506,991.0493999999999,0.0
2020-01-16,1001267.2,1000276.1505999999,991.0493999999999,0.0
2020-01-17,1001633.5,1000642.4506,991.0493999999999,0.0
2020-01-20,1001524.6,1000533.5506,991.0493999999999,0.0
2020-01-21,1001643.4,1000652.3506,991.0493999999999,0.0
2020-01-22,1001940.4,1000949.3506,991.0493999999999,0.0
2020-01-23,1002821.5,1001830.4506,991.0493999999999,0.0
2020-02-03,1000327.5,998148.3447,2179.1553,1188105.9
2020-02-04,1005811.5,1003632.3447,2179.1553,0.0
2020-02-05,1012309.5,1010130.3447,2179.1553,0.0
2020-02-06,1020243.5,1017863.0797,2380.4202999999998,201265.0
2020-02-07,1027211.5,1024831.0797,2380.4202999999998,0.0
2020-02-10,1035165.5,1032785.0797,2380.4202999999998,0.0
2020-02-11,1026276.3100000004,1023688.7207000004,2587.5892999999996,207169.0
2020-02-12,1034461.3100000004,1031873.7207000004,2587.5892999999996,0.0
2020-02-13,1024253.3100000004,1021665.7207000004,2587.5892999999996,0.0
2020-02-14,1025189.8000000004,1022395.5427000003,2794.2572999999998,206668.0
2020-02-17,1057356.8000000005,1054562.5427000006,2794.2572999999998,0.0
2020-02-18,1079507.8000000005,1076713.5427000006,2794.2572999999998,0.0
2020-02-19,1067033.7300000002,1064022.5547000002,3011.1753,216918.0
2020-02-20,1094919.7300000002,1091908.5547000002,3011.1753,0.0
2020-02-21,1101697.0500000005,1098683.1907000006,3013.8593,2684.0
2020-02-24,1100480.5800000003,1097018.8177000002,3461.7623000000003,447903.0
2020-02-25,1082957.5800000003,1079495.8177000002,3461.7623000000003,0.0
2020-02-26,1077271.5800000003,1073809.8177000002,3461.7623000000003,0.0
2020-02-27,1079879.91,1076369.2137,3510.6963000000005,48934.0
2020-02-28,1014735.9100000004,1011225.2137000004,3510.6963000000005,0.0
2020-03-02,1052887.91,1049377.2137,3510.6963000000005,0.0
2020-03-03,1058950.41,1055350.9346999999,3599.4753000000005,88779.0
2020-03-04,1079716.4100000004,1076116.9347000003,3599.4753000000005,0.0
2020-03-05,1107302.41,1103702.9346999999,3599.4753000000005,0.0
2020-03-06,1114446.9300000002,1110756.5847000002,3690.3453000000004,90870.0
2020-03-09,1093408.9300000002,1089718.5847000002,3690.3453000000004,0.0
2020-03-10,1127451.9300000002,1123761.5847000002,3690.3453000000004,0.0
2020-03-11,1150205.4300000002,1146470.5857000002,3734.8443,44499.0
2020-03-12,1142974.4300000002,1139239.5857000002,3734.8443,0.0
2020-03-13,1138330.1000000003,1134577.9237000004,3752.1763,17332.0
2020-03-16,1095676.5000000002,1091711.2447000002,3965.2553000000003,213079.0
2020-03-17,1085658.5000000002,1081693.2447000002,3965.2553000000003,0.0
2020-03-18,1074078.5000000002,1070113.2447000002,3965.2553000000003,0.0
2020-03-19,1098968.64,1094904.4446999999,4064.1953000000003,98940.0
2020-03-20,1131292.4000000004,1127215.9617000003,4076.4383000000003,12243.0
2020-03-23,1099434.4000000004,1095357.9617000003,4076.4383000000003,0.0
2020-03-24,1131527.6800000002,1127202.1587000003,4325.5213,249083.0
2020-03-25,1160239.6800000002,1155914.1587000003,4325.5213,0.0
2020-03-26,1125978.5400000005,1121642.8747000005,4335.665300000001,10144.0
2020-03-27,1138955.9600000002,1134430.4037000001,4525.5563,189891.0
2020-03-30,1109320.9000000004,1104790.2877000005,4530.6123,5056.0
2020-03-31,1105729.3300000003,1101185.1517000003,4544.1783,13566.0
2020-04-01,1101413.05,1094689.1532,6723.8967999999995,2179718.5
2020-04-02,1101423.95,1094700.0532,6723.8967999999995,0.0
2020-04-03,1101707.35,1094983.4532,6723.8967999999995,0.0
2020-04-07,1101718.25,1094994.3532,6723.8967999999995,0.0
2020-04-08,1101805.4500000002,1095081.5532000002,6723.8967999999995,0.0
2020-04-09,1101881.75,1095157.8532,6723.8967999999995,0.0
2020-04-10,1102099.7500000002,1095375.8532000002,6723.8967999999995,0.0
2020-04-13,1102154.25,1095430.3532,6723.8967999999995,0.0
2020-04-14,1102176.05,1095452.1532,6723.8967999999995,0.0
2020-04-15,1102165.15,1095441.2532,6723.8967999999995,0.0
2020-04-16,1102208.75,1095484.8532,6723.8967999999995,0.0
2020-04-17,1102208.75,1095484.8532,6723.8967999999995,0.0
2020-04-20,1102317.75,1095593.8532,6723.8967999999995,0.0
2020-04-21,1102448.55,1095724.6532,6723.8967999999995,0.0
2020-04-22,1102513.9500000002,1095790.0532000002,6723.8967999999995,0.0
2020-04-23,1102535.75,1095811.8532,6723.8967999999995,0.0
2020-04-24,1102677.4500000002,1095953.5532000002,6723.8967999999995,0.0
2020-04-27,1102721.05,1095997.1532,6723.8967999999995,0.0
2020-04-28,1102764.65,1096040.7532,6723.8967999999995,0.0
2020-04-29,1102622.95,1095899.0532,6723.8967999999995,0.0
2020-04-30,1102797.35,1096073.4532,6723.8967999999995,0.0
2020-05-06,1110545.7500000002,1102505.2393000002,8040.5107,1316613.9000000001
2020-05-07,1106388.7500000002,1098348.2393000002,8040.5107,0.0
2020-05-08,1109717.7500000002,1101677.2393000002,8040.5107,0.0
2020-05-11,1106095.7500000002,1097838.8313000002,8256.9187,216408.0
2020-05-12,1103965.7500000002,1095708.8313000002,8256.9187,0.0
2020-05-13,1100782.7500000002,1092525.8313000002,8256.9187,0.0
2020-05-14,1099408.7500000002,1090925.1153000002,8483.6347,226716.0
2020-05-15,1097803.7500000002,1089320.1153000002,8483.6347,0.0
2020-05-18,1078861.7500000002,1070378.1153000002,8483.6347,0.0
2020-05-19,1088173.7500000002,1079466.1033000003,8707.646700000001,224012.0
2020-05-20,1097791.7500000002,1089084.1033000003,8707.646700000001,0.0
2020-05-21,1111033.8000000005,1102301.2073000006,8732.592700000001,24946.0
2020-05-22,1100037.9400000002,1091061.0673000002,8976.872700000002,244280.0
2020-05-25,1080708.4500000002,1071712.0843000002,8996.365700000002,19493.0
2020-05-26,1099845.4500000002,1090849.0843000002,8996.365700000002,0.0
2020-05-27,1094549.8400000003,1085459.0293000003,9090.810700000002,94445.0
2020-05-28,1109767.8400000003,1100677.0293000003,9090.810700000002,0.0
2020-05-29,1129751.87,1120656.0913000002,9095.778700000003,4968.0
2020-06-01,1159505.87,1150355.0333,9150.836700000003,55058.0
2020-06-02,1173281.87,1164131.0333,9150.836700000003,0.0
2020-06-03,1206862.87,1197712.0333,9150.836700000003,0.0
2020-06-04,1240860.3600000003,1231591.7313000003,9268.628700000003,117792.0
2020-06-05,1227087.66,1217708.2622999998,9379.397700000003,110769.0
2020-06-08,1204750.66,1195371.2622999998,9379.397700000003,0.0
2020-06-09,1227972.3800000004,1218445.0163000003,9527.363700000004,147966.0
2020-06-10,1222660.85,1213113.9563000002,9546.893700000004,19530.0
2020-06-11,1211521.85,1201974.2473000002,9547.602700000005,709.0
2020-06-12,1201350.9800000002,1191692.8283000002,9658.151700000006,110549.0
2020-06-15,1198264.9800000002,1188606.8283000002,9658.151700000006,0.0
2020-06-16,1217872.9800000002,1208214.8283000002,9658.151700000006,0.0
2020-06-17,1230908.8600000003,1221072.6683000003,9836.191700000007,178040.0
2020-06-18,1219940.8600000003,1210104.6683000003,9836.191700000007,0.0
2020-06-19,1213320.8600000003,1203484.6683000003,9836.191700000007,0.0
2020-06-22,1203217.7300000002,1193315.6133000003,9902.116700000006,65925.0
2020-06-23,1192677.7300000002,1182775.6133000003,9902.116700000006,0.0
2020-06-24,1186122.7300000002,1176220.6133000003,9902.116700000006,0.0
2020-06-29,1181924.6800000002,1171924.2563000002,10000.423700000007,98307.0
2020-06-30,1209943.6800000002,1199943.2563000002,10000.423700000007,0.0
2020-07-01,1211391.7800000005,1201384.4613000005,10007.318700000007,6895.0
2020-07-02,1225654.2700000005,1215443.2783000006,10210.991700000008,203673.0
2020-07-03,1232635.2700000005,1222424.2783000006,10210.991700000008,0.0
2020-07-06,1276023.2700000005,1265812.2783000006,10210.991700000008,0.0
2020-07-07,1278105.7800000005,1267770.5423000006,10335.237700000007,124246.0
2020-07-08,1292681.7800000005,1282346.5423000006,10335.237700000007,0.0
2020-07-09,1313212.7800000005,1302877.5423000006,10335.237700000007,0.0
2020-07-10,1296711.7900000005,1286212.1343000005,10499.655700000007,164418.0
2020-07-13,1328608.7900000005,1318109.1343000005,10499.655700000007,0.0
2020-07-14,1324241.7900000005,1313742.1343000005,10499.655700000007,0.0
2020-07-15,1286360.9600000002,1275740.0143000002,10620.945700000007,121290.0
2020-07-16,1256137.9600000002,1245517.0143000002,10620.945700000007,0.0
2020-07-17,1248509.9600000002,1237889.0143000002,10620.945700000007,0.0
2020-07-20,1289954.5500000005,1279270.5263000005,10684.023700000007,63078.0
2020-07-21,1292677.5500000005,1281993.5263000005,10684.023700000007,0.0
2020-07-22,1284033.5500000005,1273349.5263000005,10684.023700000007,0.0
2020-07-23,1286153.7200000002,1275326.2453000003,10827.474700000006,143451.0
2020-07-24,1259130.7200000002,1248303.2453000003,10827.474700000006,0.0
2020-07-27,1258882.7200000002,1248055.2453000003,10827.474700000006,0.0
2020-07-28,1253854.7300000002,1242884.6583000002,10970.071700000006,142597.0
2020-07-29,1270266.7300000002,1259296.6583000002,10970.071700000006,0.0
2020-07-30,1278254.7300000002,1267284.6583000002,10970.071700000006,0.0
2020-07-31,1293739.9700000002,1282596.1573000003,11143.812700000006,173741.0
2020-08-03,1314668.9700000002,1303525.1573000003,11143.812700000006,0.0
2020-08-04,1311648.9700000002,1300505.1573000003,11143.812700000006,0.0
2020-08-05,1332799.4700000002,1321574.5703000003,11224.899700000005,81087.0
2020-08-06,1342063.4800000002,1330837.5943000002,11225.885700000006,986.0
2020-08-07,1321087.4800000002,1309861.5943000002,11225.885700000006,0.0
2020-08-10,1355611.5000000002,1344332.9353000002,11278.564700000006,52679.0
2020-08-11,1330196.5200000005,1318858.8853000004,11337.634700000006,59069.99999999999
2020-08-12,1323352.3400000003,1312012.5243000004,11339.815700000006,2181.0
2020-08-13,1341636.6500000004,1330152.4913000003,11484.158700000007,144343.0
2020-08-14,1354490.41,1342997.0113,11493.398700000007,9240.0
2020-08-17,1355029.41,1343536.0113,11493.398700000007,0.0
2020-08-18,1364006.7700000005,1352446.9793000005,11559.790700000007,66392.0
2020-08-19,1364571.7700000005,1353011.9793000005,11559.790700000007,0.0
2020-08-20,1338217.39,1326649.2173,11568.172700000006,8382.0
2020-08-21,1347993.6,1336362.8293,11630.770700000006,62598.0
2020-08-24,1364693.6,1353062.8293,11630.770700000006,0.0
2020-08-25,1375934.6,1364300.4903000002,11634.109700000006,3339.0
2020-08-26,1345848.8800000004,1334195.2933000003,11653.586700000007,19477.0
2020-08-27,1394179.8800000004,1382526.2933000003,11653.586700000007,0.0
2020-08-28,1383927.8800000004,1372274.2933000003,11653.586700000007,0.0
2020-08-31,1387718.2800000005,1375979.4853000005,11738.794700000008,85208.0
2020-09-01,1409366.2800000005,1397627.4853000005,11738.794700000008,0.0
2020-09-02,1437967.6100000003,1426216.1403000003,11751.469700000007,12674.999999999998
2020-09-03,1433533.1,1421530.2483,12002.851700000007,251382.0
2020-09-04,1449594.1,1437591.2483,12002.851700000007,0.0
2020-09-07,1464144.1,1452141.2483,12002.851700000007,0.0
2020-09-08,1507027.4600000002,1494721.8683000002,12305.591700000006,302740.0
2020-09-09,1481844.2500000002,1469518.4433000002,12325.806700000006,20215.0
2020-09-10,1372872.2500000002,1360546.4433000002,12325.806700000006,0.0
2020-09-11,1376978.29,1364414.1893,12564.100700000006,238294.0
2020-09-14,1426673.2900000005,1414109.1893000004,12564.100700000006,0.0
2020-09-15,1446136.8400000003,1433473.2403000004,12663.599700000006,99499.0
2020-09-16,1420589.1300000004,1407607.6313000002,12981.498700000006,317899.0
2020-09-17,1432533.1300000004,1419551.6313000002,12981.498700000006,0.0
2020-09-18,1439770.1300000004,1426788.6313000002,12981.498700000006,0.0
2020-09-21,1426128.1900000002,1412919.7283,13208.461700000005,226963.0
2020-09-22,1410279.1900000002,1397070.7283,13208.461700000005,0.0
2020-09-23,1425576.1900000002,1412367.7283,13208.461700000005,0.0
2020-09-24,1373864.3800000004,1360356.3563000003,13508.023700000005,299562.0
2020-09-25,1367581.3800000004,1354073.3563000003,13508.023700000005,0.0
2020-09-28,1335560.3800000004,1322052.3563000003,13508.023700000005,0.0
2020-09-29,1354615.2300000002,1340869.5263000003,13745.703700000005,237680.0
2020-09-30,1349481.2300000002,1335734.5253,13746.704700000006,1001.0
2020-10-09,1396762.2300000002,1383015.5253,13746.704700000006,0.0
2020-10-12,1436302.6800000002,1422429.6623000002,13873.017700000006,126313.0
2020-10-13,1443643.6800000002,1429770.6623000002,13873.017700000006,0.0
2020-10-14,1431116.6800000002,1417243.6623000002,13873.017700000006,0.0
2020-10-15,1430355.0600000003,1416337.9463000002,14017.113700000005,144096.0
2020-10-16,1442999.0600000003,1428981.9463000002,14017.113700000005,0.0
2020-10-19,1434750.3000000005,1420680.6763000004,14069.623700000006,52510.0
2020-10-20,1460424.7800000005,1446127.3163000005,14297.463700000006,227840.0
2020-10-21,1431355.7800000005,1417058.3163000005,14297.463700000006,0.0
2020-10-22,1439124.7800000005,1424827.3163000005,14297.463700000006,0.0
2020-10-23,1426727.0400000005,1412287.1213000005,14439.918700000006,142455.0
2020-10-26,1423211.0400000005,1408771.1213000005,14439.918700000006,0.0
2020-10-27,1419610.0400000005,1405170.1213000005,14439.918700000006,0.0
2020-10-28,1419492.5000000002,1404816.5003000002,14675.999700000006,236081.0
2020-10-29,1422120.5000000002,1407444.5003000002,14675.999700000006,0.0
2020-10-30,1372546.5000000002,1357870.5003000002,14675.999700000006,0.0
2020-11-02,1383756.9800000002,1368794.6013000002,14962.378700000007,286379.0
2020-11-03,1412661.9800000002,1397699.6013000002,14962.378700000007,0.0
2020-11-04,1404813.9800000002,1389851.6013000002,14962.378700000007,0.0
2020-11-05,1431163.7200000002,1415954.7913000002,15208.928700000006,246550.0
2020-11-06,1410001.7200000002,1394792.7913000002,15208.928700000006,0.0
2020-11-09,1432933.7200000002,1417724.7913000002,15208.928700000006,0.0
2020-11-10,1424023.8400000003,1408633.1613000003,15390.678700000006,181750.0
2020-11-11,1423640.8400000003,1408250.1613000003,15390.678700000006,0.0
2020-11-12,1432675.0900000003,1417283.6603000003,15391.429700000006,751.0
2020-11-13,1425504.6800000002,1409922.4193000002,15582.260700000006,190831.0
2020-11-16,1436901.6800000002,1421319.4193000002,15582.260700000006,0.0
2020-11-17,1425027.6800000002,1409445.4193000002,15582.260700000006,0.0
2020-11-18,1443929.4400000002,1428223.0213000001,15706.418700000006,124158.0
2020-11-19,1443769.4400000002,1428063.0213000001,15706.418700000006,0.0
2020-11-20,1449681.4400000002,1433975.0213000001,15706.418700000006,0.0
2020-11-23,1465570.0500000005,1449733.7623000005,15836.287700000006,129869.0
2020-11-24,1456118.0500000005,1440281.7623000005,15836.287700000006,0.0
2020-11-25,1432800.0500000005,1416963.7623000005,15836.287700000006,0.0
2020-11-26,1425234.2200000002,1409149.4493000002,16084.770700000006,248483.0
2020-11-27,1434806.2200000002,1418721.4493000002,16084.770700000006,0.0
2020-11-30,1437487.2200000002,1421402.4493000002,16084.770700000006,0.0
2020-12-01,1454358.2000000002,1438080.8763000001,16277.323700000006,192553.0
2020-12-02,1460965.2000000002,1444687.8763000001,16277.323700000006,0.0
2020-12-03,1451899.2000000002,1435621.8763000001,16277.323700000006,0.0
2020-12-04,1464729.6500000004,1448321.6463000004,16408.003700000005,130680.0
2020-12-07,1469235.6500000004,1452827.6463000004,16408.003700000005,0.0
2020-12-08,1463901.6500000004,1447493.6463000004,16408.003700000005,0.0
2020-12-09,1434623.8500000003,1418077.9953000003,16545.854700000004,137851.0
2020-12-10,1436589.85,1420043.9953,16545.854700000004,0.0
2020-12-11,1421960.8500000003,1405414.9953000003,16545.854700000004,0.0
2020-12-14,1423329.7200000002,1406517.0893,16812.630700000005,266776.0
2020-12-15,1398841.7200000002,1382029.0893,16812.630700000005,0.0
2020-12-16,1365757.7200000002,1348945.0893,16812.630700000005,0.0
2020-12-17,1384734.1100000003,1367749.7173000004,16984.392700000004,171762.0
2020-12-18,1372020.1100000003,1355035.7173000004,16984.392700000004,0.0
2020-12-21,1380670.1100000003,1363685.7173000004,16984.392700000004,0.0
2020-12-22,1340024.4700000002,1322851.0523,17173.417700000005,189025.0
2020-12-23,1336916.4700000002,1319743.0523,17173.417700000005,0.0
2020-12-24,1296187.4700000002,1279014.0523,17173.417700000005,0.0
2020-12-25,1316447.4500000002,1299107.8293,17339.620700000007,166203.0
2020-12-28,1285930.4500000002,1268590.8293,17339.620700000007,0.0
2020-12-29,1294648.4500000002,1277308.8293,17339.620700000007,0.0
2020-12-30,1299821.3100000003,1282312.6493000002,17508.660700000008,169040.0
2020-12-31,1322993.3100000003,1305484.6493000002,17508.660700000008,0.0
2021-01-04,1318632.0500000007,1298492.9887000008,20139.06130000001,2630400.5999999996
2021-01-05,1318841.6500000006,1298702.5887000007,20139.06130000001,0.0
2021-01-06,1319378.7500000005,1299239.6887000005,20139.06130000001,0.0
2021-01-07,1319666.950000001,1299527.888700001,20139.06130000001,0.0
2021-01-08,1319588.3500000006,1299449.2887000006,20139.06130000001,0.0
2021-01-11,1319509.7500000007,1299370.6887000008,20139.06130000001,0.0
2021-01-12,1319732.4500000004,1299593.3887000005,20139.06130000001,0.0
2021-01-13,1319496.6500000006,1299357.5887000007,20139.06130000001,0.0
2021-01-14,1319483.5500000007,1299344.4887000008,20139.06130000001,0.0
2021-01-15,1319732.4500000004,1299593.3887000005,20139.06130000001,0.0
2021-01-18,1319876.5500000007,1299737.4887000008,20139.06130000001,0.0
2021-01-19,1319837.2500000007,1299698.1887000008,20139.06130000001,0.0
2021-01-20,1319955.1500000006,1299816.0887000007,20139.06130000001,0.0
2021-01-21,1319968.2500000005,1299829.1887000005,20139.06130000001,0.0
2021-01-22,1320269.5500000007,1300130.4887000008,20139.06130000001,0.0
2021-01-25,1320321.950000001,1300182.888700001,20139.06130000001,0.0
2021-01-26,1320361.2500000005,1300222.1887000005,20139.06130000001,0.0
2021-01-27,1320400.5500000005,1300261.4887000006,20139.06130000001,0.0
2021-01-28,1320348.1500000006,1300209.0887000007,20139.06130000001,0.0
2021-01-29,1320741.1500000006,1300602.0887000007,20139.06130000001,0.0
2021-02-01,1320806.6500000006,1299353.5277000007,21453.12230000001,1314061.0
2021-02-02,1318150.6500000006,1296436.5037000007,21714.14630000001,261024.0
2021-02-03,1314352.6500000006,1292638.5037000007,21714.14630000001,0.0
2021-02-04,1305493.6500000006,1283779.5037000007,21714.14630000001,0.0
2021-02-05,1297027.6500000006,1275040.1947000006,21987.455300000012,273309.0
2021-02-08,1291417.6500000006,1269430.1947000006,21987.455300000012,0.0
2021-02-09,1293186.6500000006,1271199.1947000006,21987.455300000012,0.0
2021-02-10,1299454.6500000006,1277201.7827000006,22252.867300000013,265412.0
2021-02-18,1347284.6500000006,1325031.7827000006,22252.867300000013,0.0
2021-02-19,1405896.6500000006,1383643.7827000006,22252.867300000013,0.0
2021-02-22,1462725.0400000005,1440198.6007000005,22526.439300000013,273572.0
2021-02-23,1472282.5300000007,1449732.5817000007,22549.94830000001,23509.0
2021-02-24,1518789.0700000003,1496221.6617000003,22567.40830000001,17460.0
2021-02-25,1513494.7300000004,1490599.3617000005,22895.36830000001,327960.0
2021-02-26,1555216.4400000004,1532298.7837000005,22917.65630000001,22288.0
2021-03-01,1594739.3900000006,1571808.9237000006,22930.46630000001,12810.0
2021-03-02,1544575.6700000006,1521447.4467000007,23128.223300000012,197757.0
2021-03-03,1562235.6700000006,1539107.4467000007,23128.223300000012,0.0
2021-03-04,1565686.6700000006,1542558.4467000007,23128.223300000012,0.0
2021-03-05,1592837.1800000006,1569476.4527000007,23360.727300000013,232504.0
2021-03-08,1597680.1800000006,1574319.4527000007,23360.727300000013,0.0
2021-03-09,1565771.1800000006,1542410.4527000007,23360.727300000013,0.0
2021-03-10,1512910.8800000006,1489362.1047000005,23548.775300000012,188048.0
2021-03-11,1548952.8800000006,1525404.1047000005,23548.775300000012,0.0
2021-03-12,1547689.8800000006,1524141.1047000005,23548.775300000012,0.0
2021-03-15,1564859.8700000006,1541069.5237000005,23790.346300000012,241571.0
2021-03-16,1597583.8700000006,1573793.5237000005,23790.346300000012,0.0
2021-03-17,1612527.8700000006,1588737.5237000005,23790.346300000012,0.0
2021-03-18,1646413.6700000006,1622412.3787000007,24001.29130000001,210945.0
2021-03-19,1663883.970000001,1639842.973700001,24040.996300000013,39705.0
2021-03-22,1664559.2300000004,1640513.4907000004,24045.739300000012,4743.0
2021-03-23,1629827.9800000004,1605635.0797000004,24192.900300000012,147161.0
2021-03-24,1637839.9800000004,1613647.0797000004,24192.900300000012,0.0
2021-03-25,1629309.9800000004,1605116.0957000004,24193.884300000012,984.0
2021-03-26,1655134.2700000005,1630861.0877000005,24273.18230000001,79298.0
2021-03-29,1660924.2700000007,1636651.0877000007,24273.18230000001,0.0
2021-03-30,1601751.2700000005,1577478.0877000005,24273.18230000001,0.0
2021-03-31,1592275.1000000006,1567755.9147000005,24519.185300000012,246003.0
2021-04-01,1590094.5800000008,1562403.3403000007,27691.239700000013,3172054.4000000004
2021-04-02,1590377.1800000006,1562685.9403000006,27691.239700000013,0.0
2021-04-06,1590502.7800000007,1562811.5403000007,27691.239700000013,0.0
2021-04-07,1590644.0800000008,1562952.8403000007,27691.239700000013,0.0
2021-04-08,1590644.0800000008,1562952.8403000007,27691.239700000013,0.0
2021-04-09,1590958.0800000008,1563266.8403000007,27691.239700000013,0.0
2021-04-12,1591146.480000001,1563455.2403000009,27691.239700000013,0.0
2021-04-13,1591224.980000001,1563533.7403000009,27691.239700000013,0.0
2021-04-14,1591303.480000001,1563612.2403000009,27691.239700000013,0.0
2021-04-15,1591491.8800000008,1563800.6403000008,27691.239700000013,0.0
2021-04-16,1591554.6800000009,1563863.4403000008,27691.239700000013,0.0
2021-04-19,1591538.980000001,1563847.7403000009,27691.239700000013,0.0
2021-04-20,1591758.780000001,1564067.540300001,27691.239700000013,0.0
2021-04-21,1591821.5800000008,1564130.3403000007,27691.239700000013,0.0
2021-04-22,1591931.480000001,1564240.2403000009,27691.239700000013,0.0
2021-04-23,1592151.2800000007,1564460.0403000007,27691.239700000013,0.0
2021-04-26,1592166.980000001,1564475.7403000009,27691.239700000013,0.0
2021-04-27,1592261.1800000009,1564569.9403000008,27691.239700000013,0.0
2021-04-28,1592323.980000001,1564632.7403000009,27691.239700000013,0.0
2021-04-29,1592716.480000001,1565025.2403000009,27691.239700000013,0.0
2021-04-30,1593061.8800000008,1565370.6403000008,27691.239700000013,0.0
2021-05-06,1593093.2800000007,1563818.2086000007,29275.07140000001,1583831.7
2021-05-07,1593093.2800000007,1563818.2086000007,29275.07140000001,0.0
2021-05-10,1596701.2800000007,1567111.6526000006,29589.627400000012,314556.0
2021-05-11,1599603.2800000007,1570013.6526000006,29589.627400000012,0.0
2021-05-12,1602252.2800000007,1572662.6526000006,29589.627400000012,0.0
2021-05-13,1601235.2800000007,1571331.5186000008,29903.76140000001,314134.0
2021-05-14,1617620.2800000007,1587716.5186000008,29903.76140000001,0.0
2021-05-17,1599475.2800000007,1569571.5186000008,29903.76140000001,0.0
2021-05-18,1603307.2800000007,1573082.3446000007,30224.93540000001,321174.0
2021-05-19,1608598.2800000007,1578373.3446000007,30224.93540000001,0.0
2021-05-20,1617448.2800000007,1587223.3446000007,30224.93540000001,0.0
2021-05-21,1642155.2800000007,1611605.2486000007,30550.03140000001,325096.0
2021-05-24,1647469.450000001,1616903.5846000009,30565.86540000001,15834.0
2021-05-25,1667882.450000001,1637316.5846000009,30565.86540000001,0.0
2021-05-26,1686113.9400000006,1655182.6426000006,30931.29740000001,365432.0
2021-05-27,1693379.9400000006,1662448.6426000006,30931.29740000001,0.0
2021-05-28,1693520.9400000006,1662589.6426000006,30931.29740000001,0.0
2021-05-31,1702344.0700000008,1671251.6666000008,31092.40340000001,161106.0
2021-06-01,1723735.0700000008,1692642.6666000008,31092.40340000001,0.0
2021-06-02,1712915.0700000008,1681822.6666000008,31092.40340000001,0.0
2021-06-03,1737115.8000000007,1705879.5006000008,31236.29940000001,143896.0
2021-06-04,1724018.0200000007,1692769.9456000007,31248.074400000012,11775.0
2021-06-07,1736335.0200000007,1705086.9456000007,31248.074400000012,0.0
2021-06-08,1745949.0600000008,1714472.0496000007,31477.010400000014,228936.0
2021-06-09,1746822.0600000008,1715345.0496000007,31477.010400000014,0.0
2021-06-10,1754573.0600000008,1723096.0496000007,31477.010400000014,0.0
2021-06-11,1750307.1300000008,1718739.7716000008,31567.358400000016,90348.0
2021-06-15,1749111.1300000008,1717543.7716000008,31567.358400000016,0.0
2021-06-16,1735603.1300000008,1704035.7716000008,31567.358400000016,0.0
2021-06-17,1740669.9100000006,1709020.7186000005,31649.191400000014,81833.0
2021-06-18,1744270.9100000006,1712621.7186000005,31649.191400000014,0.0
2021-06-21,1756525.9100000006,1724876.7186000005,31649.191400000014,0.0
2021-06-22,1785649.2600000007,1753910.2236000006,31739.036400000015,89845.0
2021-06-23,1773853.2600000007,1742114.2236000006,31739.036400000015,0.0
2021-06-24,1773093.2600000007,1741354.2236000006,31739.036400000015,0.0
2021-06-25,1761246.2600000007,1729417.3676000007,31828.892400000015,89856.0
2021-06-28,1796968.2600000007,1765139.3676000007,31828.892400000015,0.0
2021-06-29,1773146.7600000007,1741296.3676000007,31850.392400000015,21500.0
2021-06-30,1780947.1800000006,1749000.8596000005,31946.320400000015,95928.0
2021-07-01,1774266.4100000006,1742318.3196000005,31948.090400000016,1770.0
2021-07-02,1781398.0100000007,1749430.5156000007,31967.494400000014,19404.0
2021-07-05,1823260.6500000008,1791135.8186000008,32124.831400000014,157337.0
2021-07-06,1837980.6500000008,1805855.8186000008,32124.831400000014,0.0
2021-07-07,1848485.6500000008,1816360.8186000008,32124.831400000014,0.0
2021-07-08,1832663.2900000007,1800288.9866000006,32374.303400000015,249472.0
2021-07-09,1841327.2900000007,1808952.9866000006,32374.303400000015,0.0
2021-07-12,1877651.2900000007,1845276.9866000006,32374.303400000015,0.0
2021-07-13,1892062.3200000008,1859497.6046000007,32564.715400000016,190412.0
2021-07-14,1873333.3200000008,1840768.6046000007,32564.715400000016,0.0
2021-07-15,1825398.3200000008,1792833.6046000007,32564.715400000016,0.0
2021-07-16,1824734.4900000007,1791876.4266000006,32858.063400000014,293348.0
2021-07-19,1808412.4900000007,1775554.4266000006,32858.063400000014,0.0
2021-07-20,1812272.4900000007,1779414.4266000006,32858.063400000014,0.0
2021-07-21,1846768.8200000008,1813591.9256000007,33176.89440000001,318831.0
2021-07-22,1844971.8200000008,1811794.9256000007,33176.89440000001,0.0
2021-07-23,1813417.8200000008,1780240.9256000007,33176.89440000001,0.0
2021-07-26,1794413.7900000007,1761142.2096000006,33271.58040000001,94686.0
2021-07-27,1785422.7900000007,1752151.2096000006,33271.58040000001,0.0
2021-07-28,1713327.7900000007,1680056.2096000006,33271.58040000001,0.0
2021-07-29,1738217.2600000007,1704867.1246000007,33350.135400000014,78555.0
2021-07-30,1766695.2600000007,1733345.1246000007,33350.135400000014,0.0
2021-08-02,1791711.2600000007,1758361.1246000007,33350.135400000014,0.0
2021-08-03,1805210.6100000008,1771759.6946000007,33450.91540000001,100780.0
2021-08-04,1810927.6100000008,1777476.6946000007,33450.91540000001,0.0
2021-08-05,1808025.6100000008,1774574.6946000007,33450.91540000001,0.0
2021-08-06,1800479.210000001,1766939.968600001,33539.24140000001,88326.0
2021-08-09,1830613.210000001,1797073.968600001,33539.24140000001,0.0
2021-08-10,1855760.210000001,1822220.968600001,33539.24140000001,0.0
2021-08-11,1869829.710000001,1836274.9846000008,33554.72540000001,15484.0
2021-08-12,1868974.710000001,1835419.9846000008,33554.72540000001,0.0
2021-08-13,1873978.710000001,1840423.9846000008,33554.72540000001,0.0
2021-08-16,1879924.0900000008,1846215.0706000007,33709.01940000001,154294.0
2021-08-17,1840821.0900000008,1807112.0706000007,33709.01940000001,0.0
2021-08-18,1878460.0900000008,1844751.0706000007,33709.01940000001,0.0
2021-08-19,1864042.980000001,1830090.782600001,33952.19740000001,243178.0
2021-08-20,1859734.980000001,1825782.782600001,33952.19740000001,0.0
2021-08-23,1912546.980000001,1878594.782600001,33952.19740000001,0.0
2021-08-24,1930069.980000001,1895946.3786000009,34123.601400000014,171404.0
2021-08-25,1954035.980000001,1919912.3786000009,34123.601400000014,0.0
2021-08-26,1966249.980000001,1932126.3786000009,34123.601400000014,0.0
2021-08-27,1952977.4900000007,1918595.0076000006,34382.482400000015,258881.0
2021-08-30,1950329.4900000007,1915947.0076000006,34382.482400000015,0.0
2021-08-31,1965836.4900000007,1931454.0076000006,34382.482400000015,0.0
2021-09-01,1967411.980000001,1932772.349600001,34639.63040000002,257148.0
2021-09-02,1970206.980000001,1935567.349600001,34639.63040000002,0.0
2021-09-03,1969242.980000001,1934603.349600001,34639.63040000002,0.0
2021-09-06,1980223.730000001,1945335.7616000008,34887.96840000002,248338.0
2021-09-07,2000869.730000001,1965981.7616000008,34887.96840000002,0.0
2021-09-08,2054483.730000001,2019595.7616000008,34887.96840000002,0.0
2021-09-09,2037686.4300000009,2002534.577600001,35151.85240000002,263884.0
2021-09-10,1999961.4300000009,1964809.577600001,35151.85240000002,0.0
2021-09-13,2017433.4300000009,1982281.577600001,35151.85240000002,0.0
2021-09-14,1990481.700000001,1955056.607600001,35425.092400000016,273240.0
2021-09-15,2009412.700000001,1973987.607600001,35425.092400000016,0.0
2021-09-16,2013744.700000001,1978319.607600001,35425.092400000016,0.0
2021-09-17,1972519.0100000007,1936836.3796000008,35682.63040000002,257538.0
2021-09-22,1963478.0100000007,1927795.3796000008,35682.63040000002,0.0
2021-09-23,1991902.0100000007,1956219.3796000008,35682.63040000002,0.0
2021-09-24,1937052.8700000008,1901204.8126000008,35848.05740000002,165427.0
2021-09-27,1860110.8700000008,1824262.8126000008,35848.05740000002,0.0
2021-09-28,1855518.8700000008,1819670.8126000008,35848.05740000002,0.0
2021-09-29,1820575.3200000008,1784560.0386000008,36015.28140000002,167224.0
2021-09-30,1862297.3200000003,1826282.0386000003,36015.28140000002,0.0
2021-10-08,1944364.3200000008,1908349.0386000008,36015.28140000002,0.0
2021-10-11,1942998.1000000008,1906958.8816000007,36039.21840000002,23937.0
2021-10-12,1923537.1000000008,1887497.8816000007,36039.21840000002,0.0
2021-10-13,1927435.1000000008,1891395.8816000007,36039.21840000002,0.0
2021-10-14,1926419.0500000007,1890353.6066000008,36065.44340000002,26225.0
2021-10-15,1907599.0500000007,1871533.6066000008,36065.44340000002,0.0
2021-10-18,1921925.0500000007,1885859.6066000008,36065.44340000002,0.0
2021-10-19,1918176.0000000007,1881947.8016000006,36228.198400000016,162755.0
2021-10-20,1888169.0000000007,1851940.8016000006,36228.198400000016,0.0
2021-10-21,1860700.0000000005,1824471.8016000004,36228.198400000016,0.0
2021-10-22,1836784.5900000008,1800469.6466000008,36314.94340000002,86745.0
2021-10-25,1830982.5900000008,1794667.6466000008,36314.94340000002,0.0
2021-10-26,1813895.5900000008,1777580.6466000008,36314.94340000002,0.0
2021-10-27,1767534.0500000007,1731206.0616000008,36327.98840000002,13045.0
2021-10-28,1748967.0500000007,1712639.0616000008,36327.98840000002,0.0
2021-10-29,1835004.0500000007,1798676.0616000008,36327.98840000002,0.0
2021-11-01,1869358.7400000007,1832907.2696000007,36451.47040000002,123482.0
2021-11-02,1844293.8400000008,1807838.4696000007,36455.37040000002,3900.0
2021-11-03,1875408.8400000008,1838953.4696000007,36455.37040000002,0.0
2021-11-04,1886985.1400000008,1850277.7116000007,36707.42840000002,252058.0
2021-11-05,1885873.1400000008,1849165.7116000007,36707.42840000002,0.0
2021-11-08,1903541.1400000008,1866833.7116000007,36707.42840000002,0.0
2021-11-09,1915733.0300000007,1878807.7366000006,36925.29340000002,217865.0
2021-11-10,1929414.0300000007,1892488.7366000006,36925.29340000002,0.0
2021-11-11,1951199.0300000007,1914273.7366000006,36925.29340000002,0.0
2021-11-12,1966896.2900000007,1929797.4876000008,37098.802400000015,173509.0
2021-11-15,1999871.2900000007,1962772.4876000008,37098.802400000015,0.0
2021-11-16,1987464.2900000007,1950365.4876000008,37098.802400000015,0.0
2021-11-17,2029714.2500000007,1992441.0296000007,37273.22040000001,174418.0
2021-11-18,2002277.2500000007,1965004.0296000007,37273.22040000001,0.0
2021-11-19,2028747.2500000007,1991474.0296000007,37273.22040000001,0.0
2021-11-22,2031354.8100000008,1993798.6436000008,37556.16640000002,282946.0
2021-11-23,2035949.8100000003,1998393.6436000003,37556.16640000002,0.0
2021-11-24,2055781.8100000003,2018225.6436000003,37556.16640000002,0.0
2021-11-25,2057474.200000001,2019719.140600001,37755.05940000001,198893.0
2021-11-26,2038171.200000001,2000416.140600001,37755.05940000001,0.0
2021-11-29,2013785.200000001,1976030.140600001,37755.05940000001,0.0
2021-11-30,2043817.8100000003,2005971.9876000003,37845.82240000001,90763.0
2021-12-01,2080589.8100000003,2042743.9876000003,37845.82240000001,0.0
2021-12-02,2056826.8100000008,2018980.9876000008,37845.82240000001,0.0
2021-12-03,2069027.0900000003,2030988.6176000002,38038.47240000001,192650.0
2021-12-06,2015098.0900000003,1977059.6176000002,38038.47240000001,0.0
2021-12-07,2012842.0900000003,1974803.6176000002,38038.47240000001,0.0
2021-12-08,2021820.0200000005,1983527.6166000005,38292.40340000001,253931.0
2021-12-09,2039797.0200000005,2001504.6166000005,38292.40340000001,0.0
2021-12-10,2085311.0200000005,2047018.6166000005,38292.40340000001,0.0
2021-12-13,2094776.5100000007,2056191.4066000008,38585.10340000001,292700.0
2021-12-14,2099499.250000001,2060897.886600001,38601.36340000001,16260.000000000002
2021-12-15,2101871.250000001,2063269.886600001,38601.36340000001,0.0
2021-12-16,2143825.540000001,2105038.676600001,38786.86340000001,185500.0
2021-12-17,2159771.540000001,2120984.676600001,38786.86340000001,0.0
2021-12-20,2161548.540000001,2122761.676600001,38786.86340000001,0.0
2021-12-21,2221816.2400000007,2182831.1336000008,38985.10640000001,198243.0
2021-12-22,2201358.2400000007,2162373.1336000008,38985.10640000001,0.0
2021-12-23,2169589.2400000007,2130604.1336000008,38985.10640000001,0.0
2021-12-24,2151271.7300000004,2112010.7796000005,39260.95040000001,275844.0
2021-12-27,2174037.860000001,2134767.0396000007,39270.82040000001,9870.0
2021-12-28,2205474.8600000003,2166204.0396000003,39270.82040000001,0.0
2021-12-29,2214307.9400000004,2174680.3766000005,39627.563400000014,356743.0
2021-12-30,2212138.9400000004,2172511.3766000005,39627.563400000014,0.0
2021-12-31,2212484.9400000004,2172857.3766000005,39627.563400000014,0.0
2022-01-04,2222997.0700000008,2179141.2532000006,43855.816800000015,4228253.4
2022-01-05,2222891.5700000008,2179035.7532000006,43855.816800000015,0.0
2022-01-06,2223208.0700000008,2179352.2532000006,43855.816800000015,0.0
2022-01-07,2223630.0700000008,2179774.2532000006,43855.816800000015,0.0
2022-01-10,2223777.770000001,2179921.953200001,43855.816800000015,0.0
2022-01-11,2224052.0700000008,2180196.2532000006,43855.816800000015,0.0
2022-01-12,2224136.4700000007,2180280.6532000005,43855.816800000015,0.0
2022-01-13,2224263.0700000008,2180407.2532000006,43855.816800000015,0.0
2022-01-14,2224600.6700000004,2180744.8532000002,43855.816800000015,0.0
2022-01-17,2224832.770000001,2180976.953200001,43855.816800000015,0.0
2022-01-18,2224980.4700000007,2181124.6532000005,43855.816800000015,0.0
2022-01-19,2224790.5700000008,2180934.7532000006,43855.816800000015,0.0
2022-01-20,2224685.0700000008,2180829.2532000006,43855.816800000015,0.0
2022-01-21,2225254.7700000005,2181398.9532000003,43855.816800000015,0.0
2022-01-24,2225275.8700000006,2181420.0532000004,43855.816800000015,0.0
2022-01-25,2225550.1700000004,2181694.3532000002,43855.816800000015,0.0
2022-01-26,2225761.170000001,2181905.3532000007,43855.816800000015,0.0
2022-01-27,2226183.1700000004,2182327.3532000002,43855.816800000015,0.0
2022-01-28,2227512.4700000007,2183656.6532000005,43855.816800000015,0.0
2022-02-07,2226327.3700000006,2179914.9763000007,46412.393700000015,2556576.9
2022-02-08,2240131.3700000006,2193718.9763000007,46412.393700000015,0.0
2022-02-09,2242254.3700000006,2195841.9763000007,46412.393700000015,0.0
2022-02-10,2239865.4900000007,2193004.3003000007,46861.18970000002,448796.0
2022-02-11,2221997.4900000007,2175136.3003000007,46861.18970000002,0.0
2022-02-14,2249527.4900000007,2202666.3003000007,46861.18970000002,0.0
2022-02-15,2260246.5500000007,2212924.4113000007,47322.13870000002,460949.0
2022-02-16,2312014.5500000007,2264692.4113000007,47322.13870000002,0.0
2022-02-17,2329201.5500000007,2281879.4113000007,47322.13870000002,0.0
2022-02-18,2342242.290000001,2294422.014300001,47820.27570000002,498137.0
2022-02-21,2372749.380000001,2324924.190300001,47825.18970000002,4914.0
2022-02-22,2347702.8900000006,2299875.2103000004,47827.679700000015,2490.0
2022-02-23,2368176.130000001,2319961.591300001,48214.53870000001,386859.0
2022-02-24,2314395.130000001,2266180.591300001,48214.53870000001,0.0
2022-02-25,2371046.130000001,2322831.591300001,48214.53870000001,0.0
2022-02-28,2337678.670000001,2289196.298300001,48482.37170000001,267833.0
2022-03-01,2405069.670000001,2356587.298300001,48482.37170000001,0.0
2022-03-02,2465919.670000001,2417437.298300001,48482.37170000001,0.0
2022-03-03,2488989.6400000006,2440306.6343000005,48683.00570000001,200634.0
2022-03-04,2440101.6400000006,2391418.6343000005,48683.00570000001,0.0
2022-03-07,2394733.6400000006,2346050.6343000005,48683.00570000001,0.0
2022-03-08,2313514.310000001,2264584.068300001,48930.241700000006,247236.0
2022-03-09,2271430.3100000005,2222500.0683000004,48930.241700000006,0.0
2022-03-10,2313294.310000001,2264364.068300001,48930.241700000006,0.0
2022-03-11,2349189.990000001,2300040.6303000012,49149.35970000001,219118.0
2022-03-14,2296062.9900000007,2246913.630300001,49149.35970000001,0.0
2022-03-15,2195440.990000001,2146291.6303000012,49149.35970000001,0.0
2022-03-16,2302951.1400000006,2253670.9083000007,49280.23170000001,130872.0
2022-03-17,2310813.170000001,2261520.9703000006,49292.19970000001,11968.0
2022-03-18,2384822.170000001,2335529.9703000006,49292.19970000001,0.0
2022-03-21,2425850.590000001,2376281.0553000006,49569.53470000001,277335.0
2022-03-22,2428987.590000001,2379418.0553000006,49569.53470000001,0.0
2022-03-23,2413614.590000001,2364045.0553000006,49569.53470000001,0.0
2022-03-24,2377723.5600000005,2327719.3883000007,50004.17170000001,434637.0
2022-03-25,2430274.5600000005,2380270.3883000007,50004.17170000001,0.0
2022-03-28,2424510.860000001,2374495.9853000008,50014.874700000015,10703.0
2022-03-29,2395237.120000001,2344807.293300001,50429.82670000001,414952.0
2022-03-30,2389149.120000001,2338719.293300001,50429.82670000001,0.0
2022-03-31,2419435.120000001,2369005.293300001,50429.82670000001,0.0
2022-04-01,2406968.070000001,2351943.9115000013,55024.15850000001,4594331.8
2022-04-06,2407310.070000001,2352285.9115000013,55024.15850000001,0.0
2022-04-07,2407583.6700000013,2352559.5115000014,55024.15850000001,0.0
2022-04-08,2407902.870000001,2352878.711500001,55024.15850000001,0.0
2022-04-11,2408062.470000001,2353038.3115000012,55024.15850000001,0.0
2022-04-12,2407948.4700000016,2352924.3115000017,55024.15850000001,0.0
2022-04-13,2408062.470000001,2353038.3115000012,55024.15850000001,0.0
2022-04-14,2408222.0700000017,2353197.911500002,55024.15850000001,0.0
2022-04-15,2408632.4700000016,2353608.3115000017,55024.15850000001,0.0
2022-04-18,2408609.6700000013,2353585.5115000014,55024.15850000001,0.0
2022-04-19,2408860.470000001,2353836.3115000012,55024.15850000001,0.0
2022-04-20,2408837.6700000013,2353813.5115000014,55024.15850000001,0.0
2022-04-21,2408928.870000001,2353904.711500001,55024.15850000001,0.0
2022-04-22,2409065.6700000013,2354041.5115000014,55024.15850000001,0.0
2022-04-25,2409156.870000001,2354132.711500001,55024.15850000001,0.0
2022-04-26,2409384.870000001,2354360.711500001,55024.15850000001,0.0
2022-04-27,2409544.470000001,2354520.3115000012,55024.15850000001,0.0
2022-04-28,2410091.6700000013,2355067.5115000014,55024.15850000001,0.0
2022-04-29,2410752.870000001,2355728.711500001,55024.15850000001,0.0
2022-05-05,2421426.6700000013,2363627.444500001,57799.225500000015,2775067.0
2022-05-06,2412608.030000001,2354806.1615000013,57801.86850000001,2643.0
2022-05-09,2422748.030000001,2364946.1615000013,57801.86850000001,0.0
2022-05-10,2443327.560000001,2385038.349500001,58289.21050000001,487342.0
2022-05-11,2436197.560000001,2377908.349500001,58289.21050000001,0.0
2022-05-12,2445527.560000001,2387238.349500001,58289.21050000001,0.0
2022-05-13,2459340.060000001,2400567.589500001,58772.47050000001,483260.0
2022-05-16,2481515.060000001,2422742.589500001,58772.47050000001,0.0
2022-05-17,2465973.060000001,2407200.589500001,58772.47050000001,0.0
2022-05-18,2517690.3000000017,2458416.2645000014,59274.03550000001,501565.0
2022-05-19,2543411.040000001,2484125.745500001,59285.29450000001,11258.999999999998
2022-05-20,2550873.040000001,2491587.745500001,59285.29450000001,0.0
2022-05-23,2612238.120000001,2552560.926500001,59677.19350000001,391899.0
2022-05-24,2520557.120000001,2460879.926500001,59677.19350000001,0.0
2022-05-25,2596062.120000001,2536384.926500001,59677.19350000001,0.0
2022-05-26,2604330.2700000014,2544254.6545000016,60075.61550000001,398422.0
2022-05-27,2622421.2700000014,2562345.6545000016,60075.61550000001,0.0
2022-05-30,2631856.2700000014,2571780.6545000016,60075.61550000001,0.0
2022-05-31,2607977.4300000016,2547560.7465000018,60416.68350000001,341068.0
2022-06-01,2643658.4300000016,2583241.7465000018,60416.68350000001,0.0
2022-06-02,2650697.4300000016,2590280.7465000018,60416.68350000001,0.0
2022-06-06,2705464.2700000014,2644655.5655000014,60808.70450000001,392021.0
2022-06-07,2678460.2700000014,2617651.5655000014,60808.70450000001,0.0
2022-06-08,2652381.2700000014,2591572.5655000014,60808.70450000001,0.0
2022-06-09,2615828.7000000016,2554679.9135000017,61148.78650000001,340082.0
2022-06-10,2643608.7000000016,2582459.9135000017,61148.78650000001,0.0
2022-06-13,2659903.7000000016,2598754.9135000017,61148.78650000001,0.0
2022-06-14,2638690.370000001,2577190.804500001,61499.56550000001,350779.0
2022-06-15,2637679.370000001,2576179.804500001,61499.56550000001,0.0
2022-06-16,2677818.370000001,2616318.804500001,61499.56550000001,0.0
2022-06-17,2642832.2100000014,2580764.413500001,62067.79650000001,568231.0
2022-06-20,2659990.210000002,2597922.4135000017,62067.79650000001,0.0
2022-06-21,2673467.2100000014,2611399.413500001,62067.79650000001,0.0
2022-06-22,2645722.160000001,2583302.6755000013,62419.48450000001,351688.0
2022-06-23,2669628.160000001,2607208.6755000013,62419.48450000001,0.0
2022-06-24,2685427.160000001,2623007.6755000013,62419.48450000001,0.0
2022-06-27,2689985.0500000017,2627333.1635000017,62651.886500000015,232402.0
2022-06-28,2751120.0500000017,2688468.1635000017,62651.886500000015,0.0
2022-06-29,2711051.0500000017,2648399.1635000017,62651.886500000015,0.0
2022-06-30,2715768.9500000016,2652774.0635000016,62994.886500000015,343000.0
2022-07-01,2701139.9500000016,2638145.0635000016,62994.886500000015,0.0
2022-07-04,2703894.9500000016,2640900.0635000016,62994.886500000015,0.0
2022-07-05,2694321.5000000014,2630981.2645000014,63340.23550000002,345349.0
2022-07-06,2684002.5000000014,2620662.2645000014,63340.23550000002,0.0
2022-07-07,2685733.5000000014,2622393.2645000014,63340.23550000002,0.0
2022-07-08,2711555.350000001,2647776.583500001,63778.76650000002,438531.0
2022-07-11,2690125.350000001,2626346.583500001,63778.76650000002,0.0
2022-07-12,2661241.350000001,2597462.583500001,63778.76650000002,0.0
2022-07-13,2705239.9700000016,2641224.4705000017,64015.49950000002,236733.0
2022-07-14,2698079.9700000016,2634064.4705000017,64015.49950000002,0.0
2022-07-15,2615158.9700000016,2551143.4705000017,64015.49950000002,0.0
2022-07-18,2716823.3200000017,2652581.562500002,64241.75750000002,226258.0
2022-07-19,2752775.3200000017,2688533.562500002,64241.75750000002,0.0
2022-07-20,2761916.3200000017,2697674.562500002,64241.75750000002,0.0
2022-07-21,2757049.500000002,2692547.449500002,64502.05050000002,260293.0
2022-07-22,2804752.500000002,2740250.449500002,64502.05050000002,0.0
2022-07-25,2812304.9500000016,2747790.3495000014,64514.60050000002,12550.0
2022-07-26,2829234.1500000013,2764689.6025000014,64544.54750000002,29947.0
2022-07-27,2840224.1500000013,2775679.6025000014,64544.54750000002,0.0
2022-07-28,2834177.1500000013,2769632.6025000014,64544.54750000002,0.0
2022-07-29,2839685.0500000017,2774994.9395000017,64690.110500000024,145563.0
2022-08-01,2858297.0500000017,2793606.9395000017,64690.110500000024,0.0
2022-08-02,2740902.0500000017,2676211.9395000017,64690.110500000024,0.0
2022-08-03,2766362.750000002,2701445.9475000016,64916.80250000003,226692.0
2022-08-04,2824698.120000001,2759778.689500001,64919.430500000024,2628.0
2022-08-05,2829114.120000001,2764194.689500001,64919.430500000024,0.0
2022-08-08,2908211.7600000016,2843151.1065000016,65060.65350000002,141223.0
2022-08-09,2937369.540000001,2872305.6665000007,65063.87350000002,3219.9999999999995
2022-08-10,2990510.540000001,2925443.210500001,65067.32950000002,3456.0
2022-08-11,3028508.830000001,2963319.906500001,65188.92350000002,121594.0
2022-08-12,3067843.830000002,3002654.906500002,65188.92350000002,0.0
2022-08-15,3054872.8200000017,2989574.798500002,65298.02150000002,109098.0
2022-08-16,3113714.7700000014,3048179.8715000013,65534.89850000002,236877.0
2022-08-17,3098079.7700000014,3032544.8715000013,65534.89850000002,0.0
2022-08-18,3100803.1900000013,3035151.4035000014,65651.78650000002,116888.0
2022-08-19,3068437.350000001,3002603.040500001,65834.30950000002,182523.0
2022-08-22,3082328.350000001,3016494.040500001,65834.30950000002,0.0
2022-08-23,3091402.350000001,3025568.040500001,65834.30950000002,0.0
2022-08-24,3011836.370000001,2945719.693500001,66116.67650000002,282367.0
2022-08-25,3008347.370000001,2942230.693500001,66116.67650000002,0.0
2022-08-26,2989044.370000001,2922927.693500001,66116.67650000002,0.0
2022-08-29,3032881.4900000016,2966641.4085000018,66240.08150000001,123405.0
2022-08-30,3064192.4900000016,2997952.4085000018,66240.08150000001,0.0
2022-08-31,3006965.4900000016,2940725.4085000018,66240.08150000001,0.0
2022-09-01,3029928.0300000017,2963381.9815000016,66546.04850000002,305967.0
2022-09-02,3074010.0300000017,3007463.9815000016,66546.04850000002,0.0
2022-09-05,3102717.0300000017,3036170.9815000016,66546.04850000002,0.0
2022-09-06,3098406.3000000017,3031354.7295000018,67051.57050000002,505522.0
2022-09-07,3090001.3000000017,3022949.7295000018,67051.57050000002,0.0
2022-09-08,3064943.3000000017,2997891.7295000018,67051.57050000002,0.0
2022-09-09,3031325.850000001,2963899.077500001,67426.77250000002,375202.0
2022-09-13,3091375.850000001,3023949.077500001,67426.77250000002,0.0
2022-09-14,3081348.850000001,3013922.077500001,67426.77250000002,0.0
2022-09-15,3031579.100000001,2963759.174500001,67819.92550000003,393153.0
2022-09-16,2927009.100000001,2859189.174500001,67819.92550000003,0.0
2022-09-19,2892501.100000001,2824681.174500001,67819.92550000003,0.0
2022-09-20,2929525.120000001,2861248.575500001,68276.54450000003,456619.0
2022-09-21,2965305.120000001,2897028.575500001,68276.54450000003,0.0
2022-09-22,2949523.120000001,2881246.575500001,68276.54450000003,0.0
2022-09-23,2888216.1300000018,2819527.707500002,68688.42250000003,411878.0
2022-09-26,2815079.1300000018,2746390.707500002,68688.42250000003,0.0
2022-09-27,2900048.1300000018,2831359.707500002,68688.42250000003,0.0
2022-09-28,2864612.4400000013,2795673.603500001,68938.83650000003,250414.0
2022-09-29,2848450.4400000013,2779511.603500001,68938.83650000003,0.0
2022-09-30,2833704.4400000013,2764765.603500001,68938.83650000003,0.0
2022-10-10,2785403.620000001,2716122.016500001,69281.60350000004,342767.0
2022-10-11,2793386.620000001,2724105.016500001,69281.60350000004,0.0
2022-10-12,2851040.620000001,2781759.016500001,69281.60350000004,0.0
2022-10-13,2893976.0300000017,2824327.3835000014,69648.64650000005,367043.0
2022-10-14,2927389.0300000017,2857740.3835000014,69648.64650000005,0.0
2022-10-17,2992537.0300000017,2922888.3835000014,69648.64650000005,0.0
2022-10-18,3004307.4000000013,2934512.640500001,69794.75950000004,146113.0
2022-10-19,2983738.4000000013,2913943.640500001,69794.75950000004,0.0
2022-10-20,2982446.4000000013,2912651.640500001,69794.75950000004,0.0
2022-10-21,3016794.2200000016,2946519.4525000015,70274.76750000005,480008.0
2022-10-24,2951710.2200000016,2881435.4525000015,70274.76750000005,0.0
2022-10-25,2906954.2200000016,2836679.4525000015,70274.76750000005,0.0
2022-10-26,2976805.2100000014,2906061.086500001,70744.12350000005,469356.0
2022-10-27,2991414.2100000014,2920670.086500001,70744.12350000005,0.0
2022-10-28,2880796.2100000014,2810052.086500001,70744.12350000005,0.0
2022-10-31,2915468.0100000016,2844581.4105000016,70886.59950000004,142476.0
2022-11-01,2978261.0100000016,2907374.4105000016,70886.59950000004,0.0
2022-11-02,3004510.0100000016,2933623.4105000016,70886.59950000004,0.0
2022-11-03,3004981.9400000013,2933702.262500001,71279.67750000003,393078.0
2022-11-04,3032314.9400000013,2961035.262500001,71279.67750000003,0.0
2022-11-07,3071966.9400000013,3000687.262500001,71279.67750000003,0.0
2022-11-08,3083120.620000001,3011555.902500001,71564.71750000003,285040.0
2022-11-09,3083524.620000001,3011959.902500001,71564.71750000003,0.0
2022-11-10,3078409.620000001,3006844.902500001,71564.71750000003,0.0
2022-11-11,3134609.950000001,3063031.784500001,71578.16550000003,13448.0
2022-11-14,3138571.080000001,3066981.049500001,71590.03050000004,11865.0
2022-11-15,3142799.080000001,3071209.049500001,71590.03050000004,0.0
2022-11-16,3147235.1300000018,3075497.212500002,71737.91750000004,147887.0
2022-11-17,3163560.1300000018,3091822.212500002,71737.91750000004,0.0
2022-11-18,3159372.1300000018,3087634.212500002,71737.91750000004,0.0
2022-11-21,3151060.030000001,3079278.1245000013,71781.90550000004,43988.0
2022-11-22,3142005.030000001,3070223.1245000013,71781.90550000004,0.0
2022-11-23,3096258.030000001,3024476.1245000013,71781.90550000004,0.0
2022-11-24,3125101.6500000013,3053063.1135000014,72038.53650000003,256631.0
2022-11-25,3103430.6500000013,3031392.1135000014,72038.53650000003,0.0
2022-11-28,3098817.6500000013,3026779.1135000014,72038.53650000003,0.0
2022-11-29,3140790.7400000016,3068543.4935000017,72247.24650000004,208710.0
2022-11-30,3124918.7400000016,3052671.4935000017,72247.24650000004,0.0
2022-12-01,3153702.7400000016,3081455.4935000017,72247.24650000004,0.0
2022-12-02,3189765.0900000017,3117169.7165000015,72595.37350000003,348127.0
2022-12-05,3207919.0900000017,3135323.7165000015,72595.37350000003,0.0
2022-12-06,3189054.0900000017,3116458.7165000015,72595.37350000003,0.0
2022-12-07,3191009.7000000016,3118147.0245000017,72862.67550000003,267302.0
2022-12-08,3190134.7000000016,3117272.0245000017,72862.67550000003,0.0
2022-12-09,3256399.7000000016,3183537.0245000017,72862.67550000003,0.0
2022-12-12,3199309.100000001,3126079.128500001,73229.97150000003,367296.0
2022-12-13,3197710.100000001,3124480.128500001,73229.97150000003,0.0
2022-12-14,3214875.100000001,3141645.128500001,73229.97150000003,0.0
2022-12-15,3217292.9500000016,3143706.3315000017,73586.61850000003,356647.0
2022-12-16,3171424.9500000016,3097838.3315000017,73586.61850000003,0.0
2022-12-19,3118706.9500000016,3045120.3315000017,73586.61850000003,0.0
2022-12-20,3111229.1100000013,3037249.682500001,73979.42750000002,392809.0
2022-12-21,3121906.1100000013,3047926.682500001,73979.42750000002,0.0
2022-12-22,3078666.1100000013,3004686.682500001,73979.42750000002,0.0
2022-12-23,3121415.040000001,3047196.389500001,74218.65050000002,239223.0
2022-12-26,3145467.040000001,3071248.389500001,74218.65050000002,0.0
2022-12-27,3160653.040000001,3086434.389500001,74218.65050000002,0.0
2022-12-28,3137543.0700000017,3063090.238500002,74452.83150000001,234181.0
2022-12-29,3156118.0700000017,3081665.238500002,74452.83150000001,0.0
2022-12-30,3195119.3800000018,3120362.2855000016,74757.09450000002,304263.0
2023-01-03,3185090.320000001,3104901.841500001,80188.47850000003,5431384.0
2023-01-04,3185176.120000001,3104987.641500001,80188.47850000003,0.0
2023-01-05,3185004.5200000014,3104816.041500001,80188.47850000003,0.0
2023-01-06,3185547.9200000013,3105359.441500001,80188.47850000003,0.0
2023-01-09,3185662.3200000017,3105473.8415000015,80188.47850000003,0.0
2023-01-10,3186119.9200000013,3105931.441500001,80188.47850000003,0.0
2023-01-11,3185948.320000001,3105759.841500001,80188.47850000003,0.0
2023-01-12,3185862.5200000014,3105674.041500001,80188.47850000003,0.0
2023-01-13,3186262.920000002,3106074.4415000016,80188.47850000003,0.0
2023-01-16,3186005.520000002,3105817.0415000017,80188.47850000003,0.0
2023-01-17,3186463.120000001,3106274.641500001,80188.47850000003,0.0
2023-01-18,3187149.5200000014,3106961.041500001,80188.47850000003,0.0
2023-01-19,3187263.920000002,3107075.4415000016,80188.47850000003,0.0
2023-01-20,3188608.120000001,3108419.641500001,80188.47850000003,0.0
2023-01-30,3188407.9200000013,3108219.441500001,80188.47850000003,0.0
2023-01-31,3188436.5200000014,3108248.041500001,80188.47850000003,0.0
2023-02-01,3204252.330000001,3120565.266100001,83687.06390000002,3498585.4
2023-02-02,3203589.370000001,3119896.3411000012,83693.02890000002,5965.0
2023-02-03,3204058.370000001,3120365.3411000012,83693.02890000002,0.0
2023-02-06,3204871.360000001,3120548.3831000007,84322.97690000002,629948.0
2023-02-07,3214704.360000001,3130381.3831000007,84322.97690000002,0.0
2023-02-08,3211100.360000001,3126777.3831000007,84322.97690000002,0.0
2023-02-09,3226430.200000001,3141464.339100001,84965.86090000003,642884.0
2023-02-10,3235442.200000001,3150476.339100001,84965.86090000003,0.0
2023-02-13,3255273.200000001,3170307.339100001,84965.86090000003,0.0
2023-02-14,3254986.450000001,3169386.461100001,85599.98890000003,634128.0
2023-02-15,3251054.4500000007,3165454.4611000004,85599.98890000003,0.0
2023-02-16,3178922.4500000007,3093322.4611000004,85599.98890000003,0.0
2023-02-17,3185455.4700000007,3099514.1271000006,85941.34290000003,341354.0
2023-02-20,3192611.4700000007,3106670.1271000006,85941.34290000003,0.0
2023-02-21,3198622.4700000007,3112681.1271000006,85941.34290000003,0.0
2023-02-22,3201271.460000001,3115328.024100001,85943.43590000003,2093.0
2023-02-23,3196321.460000001,3110378.024100001,85943.43590000003,0.0
2023-02-24,3208755.460000001,3122812.024100001,85943.43590000003,0.0
2023-02-27,3158622.7600000007,3072545.2811000007,86077.47890000003,134043.0
2023-02-28,3204184.7600000007,3118107.2811000007,86077.47890000003,0.0
2023-03-01,3237439.7600000007,3151362.2811000007,86077.47890000003,0.0
2023-03-02,3230483.5700000008,3144265.9941000007,86217.57590000003,140097.0
2023-03-03,3210988.5700000008,3124770.9941000007,86217.57590000003,0.0
2023-03-06,3198383.5700000008,3112165.9941000007,86217.57590000003,0.0
2023-03-07,3157433.3000000007,3071077.827100001,86355.47290000002,137897.0
2023-03-08,3208147.3000000007,3121791.827100001,86355.47290000002,0.0
2023-03-09,3256138.3000000007,3169782.827100001,86355.47290000002,0.0
2023-03-10,3207024.9300000006,3120361.7081000004,86663.22190000002,307749.0
2023-03-13,3178923.9300000006,3092260.7081000004,86663.22190000002,0.0
2023-03-14,3134702.9300000006,3048039.7081000004,86663.22190000002,0.0
2023-03-15,3181906.540000001,3094845.298100001,87061.24190000002,398020.0
2023-03-16,3178259.540000001,3091198.298100001,87061.24190000002,0.0
2023-03-17,3155470.540000001,3068409.298100001,87061.24190000002,0.0
2023-03-20,3120145.190000001,3032556.839100001,87588.35090000002,527109.0
2023-03-21,3186213.190000001,3098624.839100001,87588.35090000002,0.0
2023-03-22,3236793.190000001,3149204.839100001,87588.35090000002,0.0
2023-03-23,3201191.5500000007,3113182.7261000006,88008.82390000002,420473.0
2023-03-24,3199974.5500000007,3111965.7261000006,88008.82390000002,0.0
2023-03-27,3170707.5500000007,3082698.7261000006,88008.82390000002,0.0
2023-03-28,3144356.770000001,3056077.612100001,88279.15790000002,270334.0
2023-03-29,3094675.770000001,3006396.612100001,88279.15790000002,0.0
2023-03-30,3061936.770000001,2973657.612100001,88279.15790000002,0.0
2023-03-31,3087907.3100000005,2999625.4231000007,88281.88690000003,2729.0
2023-04-03,3085970.040000001,2992151.462600001,93818.57740000002,5536690.5
2023-04-04,3086602.540000001,2992783.962600001,93818.57740000002,0.0
2023-04-06,3087125.040000001,2993306.462600001,93818.57740000002,0.0
2023-04-07,3087482.540000001,2993663.962600001,93818.57740000002,0.0
2023-04-10,3087290.040000001,2993471.462600001,93818.57740000002,0.0
2023-04-11,3087400.040000001,2993581.462600001,93818.57740000002,0.0
2023-04-12,3087675.040000001,2993856.462600001,93818.57740000002,0.0
2023-04-13,3087867.540000001,2994048.962600001,93818.57740000002,0.0
2023-04-14,3088142.540000001,2994323.962600001,93818.57740000002,0.0
2023-04-17,3088362.540000001,2994543.962600001,93818.57740000002,0.0
2023-04-18,3088940.040000001,2995121.462600001,93818.57740000002,0.0
2023-04-19,3088967.540000001,2995148.962600001,93818.57740000002,0.0
2023-04-20,3088885.040000001,2995066.462600001,93818.57740000002,0.0
2023-04-21,3089242.540000001,2995423.962600001,93818.57740000002,0.0
2023-04-24,3089215.040000001,2995396.462600001,93818.57740000002,0.0
2023-04-25,3089297.540000001,2995478.962600001,93818.57740000002,0.0
2023-04-26,3089380.040000001,2995561.462600001,93818.57740000002,0.0
2023-04-27,3089930.040000001,2996111.462600001,93818.57740000002,0.0
2023-04-28,3090507.540000001,2996688.962600001,93818.57740000002,0.0
2023-05-04,3090535.040000001,2993947.405100001,96587.63490000002,2769057.5
2023-05-05,3090535.040000001,2993947.405100001,96587.63490000002,0.0
2023-05-08,3091012.0200000005,2993814.0901000006,97197.92990000002,610295.0
2023-05-09,3079061.0200000005,2981863.0901000006,97197.92990000002,0.0
2023-05-10,3091233.0200000005,2994035.0901000006,97197.92990000002,0.0
2023-05-11,3108095.150000001,3010272.8661000007,97822.28390000002,624354.0
2023-05-12,3095437.150000001,2997614.8661000007,97822.28390000002,0.0
2023-05-15,3108668.150000001,3010845.8661000007,97822.28390000002,0.0
2023-05-16,3091723.1200000006,2993289.1351000005,98433.98490000002,611701.0
2023-05-17,3128086.1200000006,3029652.1351000005,98433.98490000002,0.0
2023-05-18,3140756.1200000006,3042322.1351000005,98433.98490000002,0.0
2023-05-19,3123180.8300000005,3024122.8641000004,99057.96590000002,623981.0
2023-05-22,3124489.8300000005,3025431.8641000004,99057.96590000002,0.0
2023-05-23,3116806.8300000005,3017748.8641000004,99057.96590000002,0.0
2023-05-24,3119016.600000001,3019625.782100001,99390.81790000002,332852.0
2023-05-25,3152713.600000001,3053322.782100001,99390.81790000002,0.0
2023-05-26,3143332.600000001,3043941.782100001,99390.81790000002,0.0
2023-05-29,3094933.4700000007,2995265.5651000007,99667.90490000002,277087.0
2023-05-30,3093355.4700000007,2993687.5651000007,99667.90490000002,0.0
2023-05-31,3073824.4700000007,2974156.5651000007,99667.90490000002,0.0
2023-06-01,3072081.4000000004,2972022.5091000004,100058.89090000003,390986.0
2023-06-02,3115625.4000000004,3015566.5091000004,100058.89090000003,0.0
2023-06-05,3153541.4000000004,3053482.5091000004,100058.89090000003,0.0
2023-06-06,3081788.3000000007,2981543.941100001,100244.35890000002,185468.0
2023-06-07,3129032.3000000007,3028787.941100001,100244.35890000002,0.0
2023-06-08,3120406.3000000007,3020161.941100001,100244.35890000002,0.0
2023-06-09,3070391.0300000003,2969983.9231000002,100407.10690000003,162748.0
2023-06-12,3110630.0300000003,3010222.9231000002,100407.10690000003,0.0
2023-06-13,3123997.0300000003,3023589.9231000002,100407.10690000003,0.0
2023-06-14,3118039.4400000004,3017379.6121000005,100659.82790000003,252721.0
2023-06-15,3112406.4400000004,3011746.6121000005,100659.82790000003,0.0
2023-06-16,3100947.4400000004,3000287.6121000005,100659.82790000003,0.0
2023-06-19,3045991.3300000005,2944941.9981000004,101049.33190000003,389504.0
2023-06-20,2994837.3300000005,2893787.9981000004,101049.33190000003,0.0
2023-06-21,2969849.3300000005,2868799.9981000004,101049.33190000003,0.0
2023-06-26,2971063.5000000005,2869640.9741,101422.52590000004,373194.0
2023-06-27,3091799.5000000005,2990376.9741,101422.52590000004,0.0
2023-06-28,3134464.5000000005,3033041.9741,101422.52590000004,0.0
2023-06-29,3174910.5200000005,3073290.6141000004,101619.90590000004,197380.0
2023-06-30,3236865.5200000005,3135245.6141000004,101619.90590000004,0.0
2023-07-03,3257011.5200000005,3155391.6141000004,101619.90590000004,0.0
2023-07-04,3320575.6600000006,3218667.4431000007,101908.21690000004,288311.0
2023-07-05,3308961.0200000005,3206904.0391000006,102056.98090000004,148764.0
2023-07-06,3337979.0200000005,3235922.0391000006,102056.98090000004,0.0
2023-07-07,3320727.4700000007,3218151.790100001,102575.67990000003,518699.0
2023-07-10,3295995.4700000007,3193419.790100001,102575.67990000003,0.0
2023-07-11,3325232.4700000007,3222656.790100001,102575.67990000003,0.0
2023-07-12,3282246.2300000004,3179307.9731000005,102938.25690000004,362577.0
2023-07-13,3309375.2300000004,3206436.9731000005,102938.25690000004,0.0
2023-07-14,3299756.2300000004,3196817.9731000005,102938.25690000004,0.0
2023-07-17,3315477.9300000006,3212239.2781000007,103238.65190000004,300395.0
2023-07-18,3349676.9300000006,3246438.2781000007,103238.65190000004,0.0
2023-07-19,3372592.9300000006,3269354.2781000007,103238.65190000004,0.0
2023-07-20,3341676.5000000005,3238193.1761000003,103483.32390000005,244672.0
2023-07-21,3332462.5000000005,3228979.1761000003,103483.32390000005,0.0
2023-07-24,3353694.5000000005,3250211.1761000003,103483.32390000005,0.0
2023-07-25,3443079.8300000005,3339285.4721000004,103794.35790000005,311034.0
2023-07-26,3443557.8300000005,3339763.4721000004,103794.35790000005,0.0
2023-07-27,3406104.8300000005,3302310.4721000004,103794.35790000005,0.0
2023-07-28,3486874.6800000006,3382764.5631000004,104110.11690000005,315759.0
2023-07-31,3632829.32,3528716.8430999997,104112.47690000005,2360.0
2023-08-01,3602765.4600000004,3498513.1161,104252.34390000005,139867.0
2023-08-02,3677835.9100000006,3573058.1431000005,104777.76690000005,525423.0
2023-08-03,3673868.090000001,3569059.498100001,104808.59190000004,30825.0
2023-08-04,3667085.4700000007,3562175.404100001,104910.06590000005,101474.0
2023-08-07,3636434.15,3531121.7441,105312.40590000004,402340.0
2023-08-08,3657695.15,3552382.7441,105312.40590000004,0.0
2023-08-09,3585355.1500000004,3480042.7441000002,105312.40590000004,0.0
2023-08-10,3659808.9100000006,3554203.9261000007,105604.98390000004,292578.0
2023-08-11,3579134.0600000005,3473501.2301000003,105632.82990000004,27846.0
2023-08-14,3582875.0600000005,3477242.2301000003,105632.82990000004,0.0
2023-08-15,3568655.0000000005,3462708.2391000004,105946.76090000004,313931.0
2023-08-16,3600466.0000000005,3494519.2391000004,105946.76090000004,0.0
2023-08-17,3673247.4300000006,3567291.0991000007,105956.33090000004,9570.0
2023-08-18,3693849.3900000006,3587565.4101000004,106283.97990000005,327649.0
2023-08-21,3716524.3900000006,3610240.4101000004,106283.97990000005,0.0
2023-08-22,3666426.3900000006,3560142.4101000004,106283.97990000005,0.0
2023-08-23,3635877.9700000007,3529143.4371000007,106734.53290000005,450553.0
2023-08-24,3610237.9700000007,3503503.4371000007,106734.53290000005,0.0
2023-08-25,3539250.9700000007,3432516.4371000007,106734.53290000005,0.0
2023-08-28,3596363.850000001,3489148.180100001,107215.66990000005,481137.0
2023-08-29,3758013.850000001,3650798.180100001,107215.66990000005,0.0
2023-08-30,3790162.850000001,3682947.180100001,107215.66990000005,0.0
2023-08-31,3775272.28,3667693.0091,107579.27090000005,363601.0
2023-09-01,3800545.28,3692966.0091,107579.27090000005,0.0
2023-09-04,3897918.28,3790339.0091,107579.27090000005,0.0
2023-09-05,3838521.65,3730546.2161,107975.43390000005,396163.0
2023-09-06,3825698.65,3717723.2161,107975.43390000005,0.0
2023-09-07,3831903.65,3723928.2161,107975.43390000005,0.0
2023-09-08,3773285.2200000007,3664876.733100001,108408.48690000005,433053.0
2023-09-11,3751480.2200000007,3643071.733100001,108408.48690000005,0.0
2023-09-12,3720891.2200000007,3612482.733100001,108408.48690000005,0.0
2023-09-13,3698021.310000001,3589002.925100001,109018.38490000005,609898.0
2023-09-14,3672563.310000001,3563544.925100001,109018.38490000005,0.0
2023-09-15,3683058.310000001,3574039.925100001,109018.38490000005,0.0
2023-09-18,3773537.15,3664054.2941,109482.85590000005,464471.0
2023-09-19,3715101.5500000007,3605606.094100001,109495.45590000006,12600.0
2023-09-20,3701403.5500000007,3591908.094100001,109495.45590000006,0.0
2023-09-21,3677900.1200000006,3568095.9081000006,109804.21190000005,308756.0
2023-09-22,3723241.1200000006,3613436.9081000006,109804.21190000005,0.0
2023-09-25,3689376.1200000006,3579571.9081000006,109804.21190000005,0.0
2023-09-26,3672647.48,3562530.3120999997,110117.16790000006,312956.0
2023-09-27,3699728.48,3589611.3120999997,110117.16790000006,0.0
2023-09-28,3763033.48,3652916.3120999997,110117.16790000006,0.0
2023-10-09,3720131.9100000006,3609722.3981000003,110409.51190000006,292344.0
2023-10-10,3701418.9100000006,3591009.3981000003,110409.51190000006,0.0
2023-10-11,3743276.9100000006,3632867.3981000003,110409.51190000006,0.0
2023-10-12,3775444.71,3664885.8460999997,110558.86390000005,149352.0
2023-10-13,3696294.1200000006,3585597.4481000006,110696.67190000006,137808.0
2023-10-16,3709532.1200000006,3598835.4481000006,110696.67190000006,0.0
2023-10-17,3698736.44,3587505.8460999997,111230.59390000007,533922.0
2023-10-18,3626980.44,3515749.8460999997,111230.59390000007,0.0
2023-10-19,3636485.440000001,3525254.8461000007,111230.59390000007,0.0
2023-10-20,3646347.380000001,3534686.7461000006,111660.63390000006,430040.0
2023-10-23,3574419.380000001,3462758.7461000006,111660.63390000006,0.0
2023-10-24,3730788.380000001,3619127.7461000006,111660.63390000006,0.0
2023-10-25,3812548.270000001,3700524.032100001,112024.23790000007,363604.0
2023-10-26,3833457.270000001,3721433.032100001,112024.23790000007,0.0
2023-10-27,3867513.270000001,3755489.032100001,112024.23790000007,0.0
2023-10-30,3888661.7400000007,3776325.3961000005,112336.34390000007,312106.0
2023-10-31,3882392.7400000007,3770056.3961000005,112336.34390000007,0.0
2023-11-01,3923578.7400000007,3811242.3961000005,112336.34390000007,0.0
2023-11-02,3950771.8900000006,3838393.8781000003,112378.01190000007,41668.0
2023-11-03,3995251.8900000006,3882873.8781000003,112378.01190000007,0.0
2023-11-06,4079933.8900000006,3967555.8781000003,112378.01190000007,0.0
2023-11-07,4149730.810000001,4037350.632100001,112380.17790000007,2166.0
2023-11-08,4201155.8100000005,4088775.6321000005,112380.17790000007,0.0
2023-11-09,4165568.810000001,4052886.811100001,112681.99890000006,301821.0
2023-11-10,4143800.7000000007,4030652.2761000004,113148.42390000007,466425.0
2023-11-13,4185115.7000000007,4071967.2761000004,113148.42390000007,0.0
2023-11-14,4174186.7000000007,4061038.2761000004,113148.42390000007,0.0
2023-11-15,4162494.9100000006,4049142.1471000006,113352.76290000007,204339.0
2023-11-16,4159174.9100000006,4045822.1471000006,113352.76290000007,0.0
2023-11-17,4207843.91,4094491.1471,113352.76290000007,0.0
2023-11-20,4298658.500000001,4184926.269100001,113732.23090000007,379468.0
2023-11-21,4357036.500000001,4243304.269100001,113732.23090000007,0.0
2023-11-22,4281690.630000001,4167925.5311000007,113765.09890000007,32868.0
2023-11-23,4284501.0200000005,4170183.9431000003,114317.07690000007,551978.0
2023-11-24,4241798.0200000005,4127480.9431000003,114317.07690000007,0.0
2023-11-27,4288689.0200000005,4174371.9431000003,114317.07690000007,0.0
2023-11-28,4403350.61,4288868.215100001,114482.39490000007,165318.0
2023-11-29,4412307.86,4297630.2371000005,114677.62290000007,195228.0
2023-11-30,4393439.86,4278762.2371000005,114677.62290000007,0.0
2023-12-01,4400244.140000001,4285045.858100001,115198.28190000007,520659.0
2023-12-04,4494600.140000001,4379401.858100001,115198.28190000007,0.0
2023-12-05,4429273.140000001,4314074.858100001,115198.28190000007,0.0
2023-12-06,4509535.950000001,4393927.034100001,115608.91590000008,410634.0
2023-12-07,4429082.950000001,4313474.034100001,115608.91590000008,0.0
2023-12-08,4279628.950000001,4164020.034100001,115608.91590000008,0.0
2023-12-11,4293698.350000001,4177737.3631000007,115960.98690000008,352071.0
2023-12-12,4348590.350000001,4232629.363100001,115960.98690000008,0.0
2023-12-13,4368682.350000001,4252721.363100001,115960.98690000008,0.0
2023-12-14,4399439.470000001,4282919.4181,116520.05190000008,559065.0
2023-12-15,4417952.470000001,4301432.4181,116520.05190000008,0.0
2023-12-18,4392610.470000001,4276090.4181,116520.05190000008,0.0
2023-12-19,4397518.970000001,4280606.125100001,116912.84490000008,392793.0
2023-12-20,4411714.970000001,4294802.125100001,116912.84490000008,0.0
2023-12-21,4470426.970000001,4353514.125100001,116912.84490000008,0.0
2023-12-22,4406802.200000001,4289863.855100001,116938.34490000008,25500.0
2023-12-25,4326264.2,4209325.8551,116938.34490000008,0.0
2023-12-26,4281038.200000001,4164099.855100001,116938.34490000008,0.0
2023-12-27,4294785.0,4177139.7761,117645.22390000008,706879.0
2023-12-28,4372612.0,4254966.7761,117645.22390000008,0.0
2023-12-29,4479677.000000001,4362031.776100001,117645.22390000008,0.0
2024-01-02,4503542.130000001,4377522.542900001,126019.58710000009,8374363.199999999
2024-01-03,4503625.73,4377606.1429,126019.58710000009,0.0
2024-01-04,4503918.33,4377898.7429,126019.58710000009,0.0
2024-01-05,4504670.73,4378651.1429,126019.58710000009,0.0
2024-01-08,4504670.73,4378651.1429,126019.58710000009,0.0
2024-01-09,4504837.93,4378818.3429,126019.58710000009,0.0
2024-01-10,4505172.330000001,4379152.742900001,126019.58710000009,0.0
2024-01-11,4505088.73,4379069.1429,126019.58710000009,0.0
2024-01-12,4506008.33,4379988.7429,126019.58710000009,0.0
2024-01-15,4506384.530000001,4380364.942900001,126019.58710000009,0.0
2024-01-16,4506342.73,4380323.1429,126019.58710000009,0.0
2024-01-17,4506509.930000001,4380490.3429000005,126019.58710000009,0.0
2024-01-18,4506886.130000001,4380866.542900001,126019.58710000009,0.0
2024-01-19,4507596.73,4381577.1429,126019.58710000009,0.0
2024-01-22,4508265.530000001,4382245.942900001,126019.58710000009,0.0
2024-01-23,4507931.130000001,4381911.542900001,126019.58710000009,0.0
2024-01-24,4507931.130000001,4381911.542900001,126019.58710000009,0.0
2024-01-25,4507471.33,4381451.7429,126019.58710000009,0.0
2024-01-26,4508641.73,4382622.1429,126019.58710000009,0.0
2024-01-29,4508976.130000001,4382956.542900001,126019.58710000009,0.0
2024-01-30,4509519.530000001,4383499.942900001,126019.58710000009,0.0
2024-01-31,4509770.33,4383750.7429,126019.58710000009,0.0
2024-02-01,4486253.18,4355145.1283,131108.0517000001,5088464.6
2024-02-02,4426208.18,4295100.1283,131108.0517000001,0.0
2024-02-05,4327722.18,4196614.1283,131108.0517000001,0.0
2024-02-06,4293813.21,4161701.4203,132111.7897000001,1003738.0
2024-02-07,4103231.21,3971119.4203,132111.7897000001,0.0
2024-02-08,4255981.21,4123869.4203,132111.7897000001,0.0
2024-02-19,4441067.19,4308001.0613,133066.12870000012,954339.0
2024-02-20,4556806.19,4423740.0613,133066.12870000012,0.0
2024-02-21,4738747.97,4605656.6252999995,133091.3447000001,25216.0
2024-02-22,4923316.34,4789259.5512999995,134056.7887000001,965444.0
2024-02-23,5152891.34,5018834.5512999995,134056.7887000001,0.0
2024-02-26,5260341.34,5126284.5512999995,134056.7887000001,0.0
2024-02-27,5443004.85,5308239.5353,134765.3147000001,708526.0
2024-02-28,4880787.85,4746022.5353,134765.3147000001,0.0
2024-02-29,5044526.85,4909761.5353,134765.3147000001,0.0
2024-03-01,5090762.8,4955360.0863,135402.7137000001,637399.0
2024-03-04,5047330.8,4911928.0863,135402.7137000001,0.0
2024-03-05,4867439.8,4732037.0863,135402.7137000001,0.0
2024-03-06,5060413.399999999,4923615.533299999,136797.8667000001,1395153.0
2024-03-07,5020605.869999999,4883788.473299999,136817.3967000001,19530.0
2024-03-08,5043999.869999999,4907182.473299999,136817.3967000001,0.0
2024-03-11,5195843.539999999,5058385.889299999,137457.6507000001,640254.0
2024-03-12,5325186.539999999,5187728.889299999,137457.6507000001,0.0
2024-03-13,5338295.539999999,5200837.889299999,137457.6507000001,0.0
2024-03-14,5358770.99,5220802.4713,137968.51870000007,510868.0
2024-03-15,5557869.989999999,5419901.471299999,137968.51870000007,0.0
2024-03-18,5696675.59,5558657.6753,138017.91470000008,49396.0
2024-03-19,5668821.48,5530308.593300001,138512.8867000001,494972.0
2024-03-20,5816656.829999999,5678128.295299999,138528.53470000008,15647.999999999998
2024-03-21,5819526.83,5680998.2953,138528.53470000008,0.0
2024-03-22,5713198.34,5574375.568299999,138822.77170000007,294237.0
2024-03-25,5600179.34,5461356.568299999,138822.77170000007,0.0
2024-03-26,5651496.34,5512673.568299999,138822.77170000007,0.0
2024-03-27,5524215.399999999,5384927.7963,139287.60370000007,464832.0
2024-03-28,5715585.399999999,5576297.7963,139287.60370000007,0.0
2024-03-29,5765671.399999999,5626383.7963,139287.60370000007,0.0
2024-04-01,5780718.45,5631117.9999,149600.45010000007,10312846.399999999
2024-04-02,5758541.65,5608941.1999,149600.45010000007,0.0
2024-04-03,5733114.65,5583514.1999,149600.45010000007,0.0
2024-04-08,5714129.25,5564528.7999,149600.45010000007,0.0
2024-04-09,5715394.050000001,5565793.599900001,149600.45010000007,0.0
2024-04-10,5704883.050000001,5555282.599900001,149600.45010000007,0.0
2024-04-11,5702945.050000001,5553344.599900001,149600.45010000007,0.0
2024-04-12,5707877.25,5558276.7999,149600.45010000007,0.0
2024-04-15,5685027.25,5535426.7999,149600.45010000007,0.0
2024-04-16,5664871.850000001,5515271.399900001,149600.45010000007,0.0
2024-04-17,5671167.45,5521566.9999,149600.45010000007,0.0
2024-04-18,5672491.050000001,5522890.599900001,149600.45010000007,0.0
2024-04-19,5666250.450000001,5516649.999900001,149600.45010000007,0.0
2024-04-22,5657315.25,5507714.7999,149600.45010000007,0.0
2024-04-23,5675445.45,5525844.9999,149600.45010000007,0.0
2024-04-24,5672703.45,5523102.9999,149600.45010000007,0.0
2024-04-25,5674941.050000001,5525340.599900001,149600.45010000007,0.0
2024-04-26,5694592.050000001,5544991.599900001,149600.45010000007,0.0
2024-04-29,5696018.05,5546417.5999,149600.45010000007,0.0
2024-04-30,5689938.65,5540338.1999,149600.45010000007,0.0
2024-05-06,5732576.430000001,5576470.8053,156105.62470000007,6505174.600000001
2024-05-07,5755390.010000001,5599270.957300001,156119.0527000001,13428.0
2024-05-08,5720781.010000001,5564661.957300001,156119.0527000001,0.0
2024-05-09,5776359.66,5619107.1953,157252.4647000001,1133412.0
2024-05-10,5731418.0600000005,5574160.9933,157257.0667000001,4602.0
2024-05-13,5632593.0600000005,5475335.9933,157257.0667000001,0.0
2024-05-14,5776057.77,5617614.5973,158443.1727000001,1186106.0
2024-05-15,5827163.77,5668720.5973,158443.1727000001,0.0
2024-05-16,5849239.79,5690767.6373,158472.15270000012,28980.000000000004
2024-05-17,5893416.43,5733827.573299999,159588.85670000012,1116704.0
2024-05-20,5800371.43,5640782.573299999,159588.85670000012,0.0
2024-05-21,5742481.43,5582892.573299999,159588.85670000012,0.0
2024-05-22,5783381.02,5622928.2963,160452.72370000012,863867.0
2024-05-23,5585955.02,5425502.2963,160452.72370000012,0.0
2024-05-24,5552637.02,5392184.2963,160452.72370000012,0.0
2024-05-27,5630709.609999999,5469917.305299999,160792.30470000012,339581.0
2024-05-28,5513200.609999999,5352408.305299999,160792.30470000012,0.0
2024-05-29,5661494.609999999,5500702.305299999,160792.30470000012,0.0
2024-05-30,5458858.359999999,5297686.869299999,161171.4907000001,379186.0
2024-05-31,5458999.359999999,5297827.869299999,161171.4907000001,0.0
2024-06-03,5261109.359999999,5099937.869299999,161171.4907000001,0.0
2024-06-04,5053757.21,4891936.1113,161821.09870000012,649608.0
2024-06-05,5011007.21,4849186.1113,161821.09870000012,0.0
2024-06-06,4642479.75,4480556.4092999995,161923.34070000012,102242.0
2024-06-07,4951871.609999999,4789082.349299999,162789.26070000013,865920.0
2024-06-11,4903609.859999999,4740797.846299999,162812.01370000013,22753.0
2024-06-12,5121738.859999999,4958926.846299999,162812.01370000013,0.0
2024-06-13,5019766.51,4856214.1263,163552.38370000012,740370.0
2024-06-14,4971807.51,4808255.1263,163552.38370000012,0.0
2024-06-17,4867365.51,4703813.1263,163552.38370000012,0.0
2024-06-18,5053344.09,4889080.9533,164263.13670000012,710753.0
2024-06-19,5036786.33,4872522.4343,164263.8957000001,758.9999999999999
2024-06-20,4860026.33,4695762.4343,164263.8957000001,0.0
2024-06-21,4779202.09,4614311.2763,164890.81370000012,626918.0
2024-06-24,4526206.09,4361315.2763,164890.81370000012,0.0
2024-06-25,4603933.09,4439042.2763,164890.81370000012,0.0
2024-06-26,4787544.0,4622055.3943,165488.6057000001,597792.0
2024-06-27,4740631.0,4575142.3943,165488.6057000001,0.0
2024-06-28,4721176.0,4555687.3943,165488.6057000001,0.0
2024-07-01,4746882.52,4581315.037299999,165567.4827000001,78877.0
2024-07-02,4981348.52,4815781.037299999,165567.4827000001,0.0
2024-07-03,5103796.54,4938191.0853,165605.45470000012,37972.0
2024-07-04,4992206.48,4826429.1013,165777.37870000012,171924.0
2024-07-05,5093946.35,4928042.488299999,165903.86170000012,126483.0
2024-07-08,4872333.73,4706420.251300001,165913.47870000012,9617.0
2024-07-09,4803390.8,4637025.0973,166365.7027000001,452224.0
2024-07-10,4616486.8,4450121.0973,166365.7027000001,0.0
2024-07-11,4889861.8,4723496.0973,166365.7027000001,0.0
2024-07-12,4885129.91,4718475.3203,166654.5897000001,288887.0
2024-07-15,4825512.91,4658858.3203,166654.5897000001,0.0
2024-07-16,4827104.05,4660384.135299999,166719.9147000001,65325.0
2024-07-17,4761111.23,4593530.2793000005,167580.9507000001,861036.0
2024-07-18,4784281.41,4616664.6433,167616.7667000001,35816.0
2024-07-19,4815297.1,4647634.0183,167663.0817000001,46315.0
2024-07-22,4911080.93,4742999.3083,168081.6217000001,418540.0
2024-07-23,4958483.04,4790370.5342999995,168112.5057000001,30884.0
2024-07-24,4877707.04,4709594.5342999995,168112.5057000001,0.0
2024-07-25,4942152.09,4773340.7283,168811.3617000001,698856.0
2024-07-26,5003471.09,4834659.7283,168811.3617000001,0.0
2024-07-29,5084005.09,4915193.7283,168811.3617000001,0.0
2024-07-30,5188325.51,5019062.5883,169262.9217000001,451560.0
2024-07-31,5310114.51,5140851.5883,169262.9217000001,0.0
2024-08-01,5375109.51,5205846.5883,169262.9217000001,0.0
2024-08-02,5330611.68,5160868.1783,169743.50170000008,480580.0
2024-08-05,5268823.68,5099080.1783,169743.50170000008,0.0
2024-08-06,5457008.68,5287265.1783,169743.50170000008,0.0
2024-08-07,5461041.84,5290634.4283,170407.41170000008,663910.0
2024-08-08,5488340.84,5317933.4283,170407.41170000008,0.0
2024-08-09,5414476.35,5244031.4463,170444.90370000008,37492.0
2024-08-12,5317290.84,5146138.3703,171152.46970000007,707566.0
2024-08-13,5468661.84,5297509.3703,171152.46970000007,0.0
2024-08-14,5528467.4,5357244.530300001,171222.86970000007,70400.0
2024-08-15,5539718.23,5368158.4993,171559.73070000007,336861.0
2024-08-16,5423401.23,5251841.4993,171559.73070000007,0.0
2024-08-19,5473916.23,5302356.4993,171559.73070000007,0.0
2024-08-20,5441095.54,5269087.1783,172008.36170000007,448631.0
2024-08-21,5390786.54,5218778.1783,172008.36170000007,0.0
2024-08-22,5333354.54,5161346.1783,172008.36170000007,0.0
2024-08-23,5191731.5,5019442.5283,172288.97170000005,280610.0
2024-08-26,5322140.5,5149851.5283,172288.97170000005,0.0
2024-08-27,5287976.5,5115687.5283,172288.97170000005,0.0
2024-08-28,5334071.76,5161177.9123,172893.84770000004,604876.0
2024-08-29,5381457.76,5208563.9123,172893.84770000004,0.0
2024-08-30,5499980.76,5327086.9123,172893.84770000004,0.0
2024-09-02,5454084.01,5280679.4233,173404.58670000004,510739.0
2024-09-03,5475506.01,5302101.4233,173404.58670000004,0.0
2024-09-04,5398696.01,5225291.4233,173404.58670000004,0.0
2024-09-05,5516698.82,5342792.8833,173905.93670000005,501350.0
2024-09-06,5416561.82,5242655.8833,173905.93670000005,0.0
2024-09-09,5483089.82,5309183.8833,173905.93670000005,0.0
2024-09-10,5604998.039999999,5430183.580299999,174814.45970000004,908523.0
2024-09-11,5600382.04,5425567.5803,174814.45970000004,0.0
2024-09-12,5591906.43,5417067.3653,174839.06470000005,24605.0
2024-09-13,5557549.31,5381758.119299999,175791.19070000004,952126.0
2024-09-18,5433722.31,5257931.119299999,175791.19070000004,0.0
2024-09-19,5655703.31,5479912.119299999,175791.19070000004,0.0
2024-09-20,5594354.63,5417715.5443,176639.08570000003,847895.0
2024-09-23,5639096.63,5462457.5443,176639.08570000003,0.0
2024-09-24,5796281.63,5619642.5443,176639.08570000003,0.0
2024-09-25,5884411.44,5707081.6873,177329.7527,690667.0
2024-09-26,6049259.44,5871929.6873,177329.7527,0.0
2024-09-27,6308882.44,6131552.6873,177329.7527,0.0
2024-09-30,6864109.52,6686368.2293,177741.2907,411538.0
2024-10-08,7298194.52,7120453.2293,177741.2907,0.0
2024-10-09,6561440.52,6383699.2293,177741.2907,0.0
2024-10-10,6719983.869999999,6541851.661299999,178132.20870000002,390918.0
2024-10-11,6471219.869999999,6293087.661299999,178132.20870000002,0.0
2024-10-14,6767263.869999999,6589131.661299999,178132.20870000002,0.0
2024-10-15,6718534.75,6539675.6003,178859.1497,726941.0
2024-10-16,6757251.75,6578392.6003,178859.1497,0.0
2024-10-17,6630031.75,6451172.6003,178859.1497,0.0
2024-10-18,6797155.35,6617205.1822999995,179950.16770000002,1091018.0
2024-10-21,6978657.39,6798614.5363,180042.8537,92686.0
2024-10-22,7211686.39,7031643.5363,180042.8537,0.0
2024-10-23,7414046.489999999,7233373.3813,180673.1087,630255.0
2024-10-24,7579731.779999999,7398998.935299999,180732.84470000002,59736.0
2024-10-25,7947222.779999999,7766489.935299999,180732.84470000002,0.0
2024-10-28,8418360.149999999,8237373.447299998,180986.70270000002,253858.0
2024-10-29,8311896.149999999,8130909.447299999,180986.70270000002,0.0
2024-10-30,8314675.41,8133635.3073,181040.10270000002,53400.0
2024-10-31,8441598.92,8258260.7933,183338.12670000002,2298024.0
2024-11-01,8253884.58,8070540.1123,183344.4677,6341.0
2024-11-04,8421837.049999999,8238389.3692999985,183447.6807,103212.99999999999
2024-11-05,8739216.76,8552447.8583,186768.9017,3321221.0
2024-11-06,8976572.229999999,8789668.300299998,186903.92969999998,135028.0
2024-11-07,9182569.23,8995665.3003,186903.92969999998,0.0
2024-11-08,9150145.23,8960857.500300001,189287.72969999997,2383800.0
2024-11-11,9429470.23,9240182.500300001,189287.72969999997,0.0
2024-11-12,9473262.16,9283904.3713,189357.78869999998,70059.0
2024-11-13,9493170.419999998,9301244.014299998,191926.40569999997,2568617.0
2024-11-14,9245763.2,9053496.5943,192266.6057,340200.0
2024-11-15,9045402.2,8853135.5943,192266.6057,0.0
2024-11-18,8794932.87,8600547.5703,194385.29969999997,2118694.0
2024-11-19,8961779.87,8767394.5703,194385.29969999997,0.0
2024-11-20,9234052.87,9039667.5703,194385.29969999997,0.0
2024-11-21,9286071.28,9089785.2403,196286.03969999996,1900740.0
2024-11-22,8899843.28,8703557.2403,196286.03969999996,0.0
2024-11-25,9176672.28,8980386.2403,196286.03969999996,0.0
2024-11-26,9197373.6,8999555.2893,197818.31069999997,1532271.0
2024-11-27,9268757.6,9070939.2893,197818.31069999997,0.0
2024-11-28,9436624.6,9238806.2893,197818.31069999997,0.0
2024-11-29,9617886.86,9418428.4123,199458.44769999996,1640137.0
2024-12-02,9898989.86,9699531.4123,199458.44769999996,0.0
2024-12-03,9970693.86,9771235.4123,199458.44769999996,0.0
2024-12-04,9909049.25,9708784.5183,200264.73169999997,806284.0
2024-12-05,10018985.91,9818309.9583,200675.95169999998,411220.0
2024-12-06,10169025.91,9968349.9583,200675.95169999998,0.0
2024-12-09,10221434.0,10018994.7413,202439.25869999998,1763307.0
2024-12-10,10234430.46,10031617.068300001,202813.39169999998,374133.0
2024-12-11,10346097.46,10143284.068300001,202813.39169999998,0.0
2024-12-12,10796337.54,10591858.1573,204479.3827,1665991.0
2024-12-13,10591855.1,10387341.2773,204513.8227,34440.0
2024-12-16,10580751.099999998,10376237.277299998,204513.8227,0.0
2024-12-17,9877721.8,9672213.1433,205508.6567,994834.0
2024-12-18,9906913.8,9701405.1433,205508.6567,0.0
2024-12-19,9809978.69,9604417.201299999,205561.4887,52832.0
2024-12-20,10051547.72,9844370.9023,207176.81769999999,1615329.0
2024-12-23,9245494.72,9038317.9023,207176.81769999999,0.0
2024-12-24,9119457.7,8912256.8623,207200.83769999997,24020.0
2024-12-25,8886529.43,8677913.4603,208615.9697,1415132.0
2024-12-26,9057718.43,8849102.4603,208615.9697,0.0
2024-12-27,9272026.93,9063322.3253,208704.6047,88635.0
2024-12-30,9013039.44,8802740.0053,210299.43469999998,1594830.0
2024-12-31,8818636.439999998,8608337.005299998,210299.43469999998,0.0
2025-01-02,8800363.479999997,8573093.606599996,227269.87339999998,16970438.700000003
2025-01-03,8801041.079999996,8573771.206599995,227269.87339999998,0.0
2025-01-06,8801210.479999999,8573940.606599998,227269.87339999998,0.0
2025-01-07,8801888.079999998,8574618.206599997,227269.87339999998,0.0
2025-01-08,8804683.179999998,8577413.306599997,227269.87339999998,0.0
2025-01-09,8803666.779999997,8576396.906599997,227269.87339999998,0.0
2025-01-10,8804429.079999998,8577159.206599997,227269.87339999998,0.0
2025-01-13,8803073.879999997,8575804.006599996,227269.87339999998,0.0
2025-01-14,8802396.279999997,8575126.406599997,227269.87339999998,0.0
2025-01-15,8804005.579999998,8576735.706599997,227269.87339999998,0.0
2025-01-16,8803243.279999997,8575973.406599997,227269.87339999998,0.0
2025-01-17,8803920.879999997,8576651.006599996,227269.87339999998,0.0
2025-01-20,8803412.679999998,8576142.806599997,227269.87339999998,0.0
2025-01-21,8804513.779999997,8577243.906599997,227269.87339999998,0.0
2025-01-22,8805276.079999998,8578006.206599997,227269.87339999998,0.0
2025-01-23,8804767.879999997,8577498.006599996,227269.87339999998,0.0
2025-01-24,8804937.279999997,8577667.406599997,227269.87339999998,0.0
2025-01-27,8810442.779999997,8583172.906599997,227269.87339999998,0.0
2025-02-05,8809765.179999998,8574009.891199999,235755.28879999998,8485415.4
2025-02-06,8812974.259999998,8575459.915199999,237514.3448,1759056.0
2025-02-07,8854908.259999998,8617393.915199999,237514.3448,0.0
2025-02-10,8939581.259999998,8702066.915199999,237514.3448,0.0
2025-02-11,8917327.569999997,8678094.304199997,239233.2658,1718921.0
2025-02-12,8891982.719999997,8652719.606199997,239263.1138,29848.0
2025-02-13,8840941.719999997,8601678.606199997,239263.1138,0.0
2025-02-14,8832800.149999997,8591672.882199997,241127.2678,1864154.0
2025-02-17,9165853.149999997,8924725.882199997,241127.2678,0.0
2025-02-18,9168049.399999997,8926679.561199997,241369.8388,242571.0
2025-02-19,9327099.279999996,9083781.792199995,243317.4878,1947649.0
2025-02-20,9336444.919999998,9093041.542199997,243403.37780000002,85890.0
2025-02-21,9272120.919999998,9028717.542199997,243403.37780000002,0.0
2025-02-24,9374018.209999995,9128937.055199996,245081.15480000002,1677777.0
2025-02-25,9378602.209999995,9133521.055199996,245081.15480000002,0.0
2025-02-26,9471608.209999995,9226527.055199996,245081.15480000002,0.0
2025-02-27,9449697.239999996,9203032.904199997,246664.33580000003,1583181.0
2025-02-28,9344992.949999996,9098292.326199995,246700.62380000003,36288.0
2025-03-03,9350435.959999995,9103663.528199995,246772.43180000002,71808.0
2025-03-04,9392698.239999998,9144991.045199998,247707.19480000003,934763.0
2025-03-05,9295020.239999998,9047313.045199998,247707.19480000003,0.0
2025-03-06,9419055.239999998,9171348.045199998,247707.19480000003,0.0
2025-03-07,9300601.339999996,9051977.714199996,248623.62580000004,916431.0
2025-03-10,9669366.339999996,9420742.714199996,248623.62580000004,0.0
2025-03-11,9710162.639999997,9461399.502199996,248763.13780000003,139512.0
2025-03-12,9760875.989999998,9510784.840199998,250091.1498,1328012.0
2025-03-13,9628603.989999998,9378512.840199998,250091.1498,0.0
2025-03-14,9815679.989999998,9565588.840199998,250091.1498,0.0
2025-03-17,9897751.719999995,9646485.198199995,251266.52180000002,1175372.0
2025-03-18,9896119.719999995,9644853.198199995,251266.52180000002,0.0
2025-03-19,9833423.719999995,9582157.198199995,251266.52180000002,0.0
2025-03-20,9856069.599999998,9604215.439199997,251854.1608,587639.0
2025-03-21,9635550.599999998,9383696.439199997,251854.1608,0.0
2025-03-24,9211523.599999998,8959669.082199998,251854.5178,357.0
2025-03-25,9194818.849999998,8942567.029199997,252251.82080000002,397303.0
2025-03-26,9504050.849999998,9251799.029199997,252251.82080000002,0.0
2025-03-27,9324298.069999997,9071973.054199997,252325.01580000002,73195.0
2025-03-28,9019939.309999997,8766398.700199997,253540.60980000003,1215594.0
2025-03-31,8782706.309999997,8529165.700199997,253540.60980000003,0.0
2025-04-01,8813702.959999997,8544554.759099998,269148.20090000005,15607591.1
2025-04-02,8814324.559999997,8545176.359099997,269148.20090000005,0.0
2025-04-03,8814713.059999997,8545564.859099997,269148.20090000005,0.0
2025-04-07,8814013.759999998,8544865.559099998,269148.20090000005,0.0
2025-04-08,8884117.359999998,8614969.159099998,269148.20090000005,0.0
2025-04-09,8960368.859999998,8691220.659099998,269148.20090000005,0.0
2025-04-10,8988961.959999997,8719813.759099998,269148.20090000005,0.0
2025-04-11,8910097.859999998,8640949.659099998,269148.20090000005,0.0
2025-04-14,8909932.759999998,8640784.559099998,269148.20090000005,0.0
2025-04-15,8942537.059999997,8673388.859099997,269148.20090000005,0.0
2025-04-16,8909602.559999997,8640454.359099997,269148.20090000005,0.0
2025-04-17,8884476.759999998,8615328.559099998,269148.20090000005,0.0
2025-04-18,8892819.659999996,8623671.459099997,269148.20090000005,0.0
2025-04-21,8885496.559999997,8616348.359099997,269148.20090000005,0.0
2025-04-22,8888721.059999997,8619572.859099997,269148.20090000005,0.0
2025-04-23,8871705.059999997,8602556.859099997,269148.20090000005,0.0
2025-04-24,8874375.959999997,8605227.759099998,269148.20090000005,0.0
2025-04-25,8877678.159999996,8608529.959099997,269148.20090000005,0.0
2025-04-28,8877522.759999998,8608374.559099998,269148.20090000005,0.0
2025-04-29,8896112.159999996,8626963.959099997,269148.20090000005,0.0
2025-04-30,8927123.659999996,8657975.459099997,269148.20090000005,0.0
2025-05-06,8933815.459999997,8656859.496899998,276955.96310000005,7807762.2
2025-05-07,8927336.309999995,8647792.915899996,279543.39410000003,2587431.0
2025-05-08,8952942.309999995,8673398.915899996,279543.39410000003,0.0
2025-05-09,8938055.309999995,8658511.915899996,279543.39410000003,0.0
2025-05-12,8958607.619999994,8677275.514899993,281332.10510000004,1788711.0
2025-05-13,8922909.619999994,8641577.514899993,281332.10510000004,0.0
2025-05-14,8899714.619999994,8618382.514899993,281332.10510000004,0.0
2025-05-15,8935631.419999994,8652473.590899995,283157.82910000003,1825724.0
2025-05-16,8957504.419999994,8674346.590899995,283157.82910000003,0.0
2025-05-19,9059919.419999994,8776761.590899995,283157.82910000003,0.0
2025-05-20,9226314.919999994,8941402.583899993,284912.3361,1754507.0
2025-05-21,9110442.919999994,8825530.583899993,284912.3361,0.0
2025-05-22,8988006.919999994,8703094.583899993,284912.3361,0.0
2025-05-23,8879724.699999996,8593292.162899995,286432.5371,1520201.0
2025-05-26,8986816.699999996,8700384.162899995,286432.5371,0.0
2025-05-27,9068827.699999996,8782395.162899995,286432.5371,0.0
2025-05-28,9011907.969999995,8725058.822899995,286849.1471,416610.0
2025-05-29,9187423.969999995,8900574.822899995,286849.1471,0.0
2025-05-30,9143148.969999995,8856299.822899995,286849.1471,0.0
2025-06-03,9204969.759999994,8917636.492899993,287333.2671,484120.0
2025-06-04,9290311.759999994,9002978.492899993,287333.2671,0.0
2025-06-05,9282910.759999994,8995577.492899993,287333.2671,0.0
2025-06-06,9383240.609999996,9095475.767899996,287764.8421,431575.0
2025-06-09,9525028.609999996,9237263.767899996,287764.8421,0.0
2025-06-10,9447150.609999996,9159385.767899996,287764.8421,0.0
2025-06-11,9463978.029999996,9176136.228899995,287841.8011,76959.0
2025-06-12,9508567.029999994,9220725.228899993,287841.8011,0.0
2025-06-13,9292827.029999994,9004985.228899993,287841.8011,0.0
2025-06-16,9409318.559999997,9121012.385899996,288306.1741,464373.0
2025-06-17,9370217.559999997,9081911.385899996,288306.1741,0.0
2025-06-18,9286000.559999997,8997694.385899996,288306.1741,0.0
2025-06-19,9040963.409999996,8751831.864899997,289131.5451,825371.0
2025-06-20,8992781.409999995,8703649.864899995,289131.5451,0.0
2025-06-23,9218708.409999996,8929576.864899997,289131.5451,0.0
2025-06-24,9541202.639999997,9251616.130899997,289586.50909999997,454964.0
2025-06-25,9559207.639999997,9269621.130899997,289586.50909999997,0.0
2025-06-26,9692641.839999996,9402830.057899997,289811.78209999995,225273.0
2025-06-27,9789172.989999996,9498897.223899996,290275.76609999995,463984.0
2025-06-30,9889050.989999996,9598775.223899996,290275.76609999995,0.0
2025-07-01,10272688.989999996,9982413.223899996,290275.76609999995,0.0
2025-07-02,10219425.529999994,9927687.606899993,291737.92309999996,1462157.0
2025-07-03,10107961.529999994,9816223.606899993,291737.92309999996,0.0
2025-07-04,9959258.529999994,9667520.606899993,291737.92309999996,0.0
2025-07-07,10157910.569999997,9865215.010899996,292695.55909999995,957636.0
2025-07-08,10196589.569999997,9903894.010899996,292695.55909999995,0.0
2025-07-09,10179922.569999997,9887227.010899996,292695.55909999995,0.0
2025-07-10,10240758.859999996,9947208.127899995,293550.73209999996,855173.0
2025-07-11,10151925.859999996,9858375.127899995,293550.73209999996,0.0
2025-07-14,10273867.859999996,9980317.127899995,293550.73209999996,0.0
2025-07-15,10062807.949999994,9768339.258899994,294468.69109999994,917959.0
2025-07-16,10159351.949999996,9864883.258899996,294468.69109999994,0.0
2025-07-17,10193528.949999996,9899060.258899996,294468.69109999994,0.0
2025-07-18,10220847.849999994,9925873.275899993,294974.5740999999,505883.0
2025-07-21,10515076.849999994,10220102.275899993,294974.5740999999,0.0
2025-07-22,10536395.849999994,10241421.275899993,294974.5740999999,0.0
2025-07-23,10450142.869999995,10154618.461899996,295524.4080999999,549834.0
2025-07-24,10556344.869999995,10260820.461899996,295524.4080999999,0.0
2025-07-25,10686422.869999995,10390898.461899996,295524.4080999999,0.0
2025-07-28,10730785.849999994,10434300.967899995,296484.8820999999,960474.0
2025-07-29,10828958.849999994,10532473.967899995,296484.8820999999,0.0
2025-07-30,10880386.459999995,10583649.409899995,296737.0500999999,252168.0
2025-07-31,10704493.179999996,10406396.544899996,298096.6350999999,1359585.0
2025-08-01,10810556.179999996,10512459.544899996,298096.6350999999,0.0
2025-08-04,10951899.989999996,10653783.165899996,298116.8240999999,20189.0
2025-08-05,11078191.899999997,10779124.443899997,299067.4560999999,950632.0
2025-08-06,11158163.899999997,10859096.443899997,299067.4560999999,0.0
2025-08-07,11119577.829999994,10820458.489899995,299119.3400999999,51884.00000000001
2025-08-08,11187089.199999996,10887027.681899996,300061.5180999999,942178.0
2025-08-11,11336315.199999996,11036253.681899996,300061.5180999999,0.0
2025-08-12,11291037.199999996,10990975.681899996,300061.5180999999,0.0
2025-08-13,11185043.789999995,10883939.079899995,301104.7100999999,1043192.0
2025-08-14,10858418.789999995,10557314.079899995,301104.7100999999,0.0
2025-08-15,10852696.789999995,10551592.079899995,301104.7100999999,0.0
2025-08-18,10995556.779999994,10693061.362899994,302495.4170999999,1390707.0
2025-08-19,11331350.779999994,11028855.362899994,302495.4170999999,0.0
2025-08-20,11378641.779999994,11076146.362899994,302495.4170999999,0.0
2025-08-21,11493562.519999996,11189933.632899996,303628.8870999999,1133470.0
2025-08-22,11364539.519999994,11060910.632899994,303628.8870999999,0.0
2025-08-25,11344776.519999996,11041147.632899996,303628.8870999999,0.0
2025-08-26,11530404.109999996,11226144.851899996,304259.25809999986,630371.0
2025-08-27,11095530.109999994,10791270.851899995,304259.25809999986,0.0
2025-08-28,10976952.109999996,10672692.851899996,304259.25809999986,0.0
2025-08-29,10873963.789999995,10568047.357899996,305916.43209999986,1657174.0
2025-09-01,11041128.789999995,10735212.357899996,305916.43209999986,0.0
2025-09-02,11002902.789999995,10696986.357899996,305916.43209999986,0.0
2025-09-03,10660275.669999994,10353047.978899995,307227.6910999999,1311259.0
2025-09-04,10817691.669999994,10510463.978899995,307227.6910999999,0.0
2025-09-05,10992909.669999994,10685681.978899995,307227.6910999999,0.0
2025-09-08,11204509.939999994,10896291.872899994,308218.06709999987,990376.0
2025-09-09,11166735.939999994,10858517.872899994,308218.06709999987,0.0
2025-09-10,11232760.939999994,10924542.872899994,308218.06709999987,0.0
2025-09-11,11275988.699999996,10966767.969899995,309220.73009999987,1002663.0
2025-09-12,11152306.699999996,10843085.969899995,309220.73009999987,0.0
2025-09-15,11252321.699999996,10943100.969899995,309220.73009999987,0.0
2025-09-16,11552060.359999996,11241819.002899995,310241.35709999985,1020627.0
2025-09-17,11451416.359999996,11141175.002899995,310241.35709999985,0.0
2025-09-18,11130626.359999996,10820385.002899995,310241.35709999985,0.0
2025-09-19,11017635.829999994,10705843.765899995,311792.06409999984,1550707.0
2025-09-22,10906575.829999994,10594783.765899995,311792.06409999984,0.0
2025-09-23,10730550.829999994,10418758.765899995,311792.06409999984,0.0
2025-09-24,11001773.879999995,10689523.321899995,312250.55809999985,458494.0
2025-09-25,10873135.879999995,10560885.321899995,312250.55809999985,0.0
2025-09-26,10929406.879999995,10617156.321899995,312250.55809999985,0.0
2025-09-29,11295343.879999995,10983093.321899995,312250.55809999985,0.0
2025-09-30,11612362.879999995,11300112.321899995,312250.55809999985,0.0
2025-10-09,11834409.879999995,11522159.321899995,312250.55809999985,0.0
2025-10-10,12344185.429999994,12029781.702899994,314403.72709999984,2153169.0
2025-10-13,12212513.429999994,11898109.702899994,314403.72709999984,0.0
2025-10-14,12209090.429999994,11894686.702899994,314403.72709999984,0.0
2025-10-15,12206436.419999994,11889880.109899994,316556.3100999998,2152583.0
2025-10-16,12063113.419999994,11746557.109899994,316556.3100999998,0.0
2025-10-17,11942881.419999994,11626325.109899994,316556.3100999998,0.0
2025-10-20,12180475.209999992,11863206.818899991,317268.39109999983,712081.0
2025-10-21,12487118.209999992,12169849.818899991,317268.39109999983,0.0
2025-10-22,12592635.209999992,12275366.818899991,317268.39109999983,0.0
2025-10-23,12576598.039999995,12258727.524899995,317870.51509999984,602124.0
2025-10-24,12686848.039999995,12368977.524899995,317870.51509999984,0.0
2025-10-27,12812970.039999995,12495099.524899995,317870.51509999984,0.0
2025-10-28,13089390.799999991,12770670.864899991,318719.9350999998,849420.0
2025-10-29,12780372.279999996,12461513.694899995,318858.58509999985,138650.0
2025-10-30,12759269.279999994,12440410.694899993,318858.58509999985,0.0
2025-10-31,12962032.289999995,12642444.564899996,319587.72509999987,729140.0
2025-11-03,13115875.289999995,12796287.564899996,319587.72509999987,0.0
2025-11-04,13156855.289999995,12837267.564899996,319587.72509999987,0.0
2025-11-05,13372705.119999994,13051962.599899994,320742.52009999985,1154795.0
2025-11-06,13431286.119999994,13110543.599899994,320742.52009999985,0.0
2025-11-07,13500381.119999994,13179638.599899994,320742.52009999985,0.0
2025-11-10,13641922.269999994,13319843.810899993,322078.45909999986,1335939.0
2025-11-11,13788099.269999994,13466020.810899993,322078.45909999986,0.0
2025-11-12,13795402.269999994,13473323.810899993,322078.45909999986,0.0
2025-11-13,13893847.019999994,13570306.231899993,323540.7880999999,1462329.0
2025-11-14,14002002.019999994,13678461.231899993,323540.7880999999,0.0
2025-11-17,14143544.019999994,13820003.231899993,323540.7880999999,0.0
2025-11-18,14004202.529999994,13679382.985899994,324819.5440999999,1278756.0
2025-11-19,13614982.529999994,13290162.985899994,324819.5440999999,0.0
2025-11-20,13437176.529999994,13112356.985899994,324819.5440999999,0.0
2025-11-21,12683508.259999994,12357482.233899994,326026.0260999999,1206482.0
2025-11-24,13050283.259999994,12724257.233899994,326026.0260999999,0.0
2025-11-25,13340978.259999994,13014952.233899994,326026.0260999999,0.0
2025-11-26,13127721.069999997,12800499.217899997,327221.8520999999,1195826.0
2025-11-27,13259136.069999997,12931914.217899997,327221.8520999999,0.0
2025-11-28,13550314.069999997,13223092.217899997,327221.8520999999,0.0
2025-12-01,13617894.639999991,13290003.368899992,327891.2710999999,669419.0
2025-12-02,13586039.639999991,13258148.368899992,327891.2710999999,0.0
2025-12-03,13365142.639999991,13037251.368899992,327891.2710999999,0.0
2025-12-04,13054982.359999994,12726314.859899994,328667.5000999999,776229.0
2025-12-05,13332778.359999994,13004110.859899994,328667.5000999999,0.0
2025-12-08,13493381.359999994,13164713.859899994,328667.5000999999,0.0
2025-12-09,13338161.049999991,13008857.824899992,329303.22509999987,635725.0
2025-12-10,13017693.049999991,12688389.824899992,329303.22509999987,0.0
2025-12-11,12565666.049999991,12236362.824899992,329303.22509999987,0.0
2025-12-12,12248546.909999996,11918627.675899997,329919.2340999999,616009.0
2025-12-15,12458748.909999996,12128829.675899997,329919.2340999999,0.0
2025-12-16,12208657.909999996,11878738.675899997,329919.2340999999,0.0
2025-12-17,12269667.409999996,11939231.484899996,330435.9250999999,516691.0
2025-12-18,12527536.409999996,12197100.484899996,330435.9250999999,0.0
2025-12-19,12914878.409999996,12584442.484899996,330435.9250999999,0.0
2025-12-22,12838827.919999994,12507747.089899994,331080.8300999999,644905.0
2025-12-23,12763531.919999994,12432451.089899994,331080.8300999999,0.0
2025-12-24,12927308.919999994,12596228.089899994,331080.8300999999,0.0
2025-12-25,12973294.559999997,12640815.952899996,332478.6070999999,1397777.0
2025-12-26,12860092.559999997,12527613.952899996,332478.6070999999,0.0
2025-12-29,13007837.559999997,12675358.952899996,332478.6070999999,0.0
2025-12-30,12877025.949999996,12543396.912899995,333629.0370999999,1150430.0
2025-12-31,12875495.949999996,12541866.912899995,333629.0370999999,0.0
2026-01-05,12866276.169999996,12507534.638899997,358741.5310999999,25112494.0
2026-01-06,12865398.369999995,12506656.838899996,358741.5310999999,0.0
2026-01-07,12867404.769999996,12508663.238899997,358741.5310999999,0.0
2026-01-08,12867906.369999995,12509164.838899996,358741.5310999999,0.0
2026-01-09,12868658.769999996,12509917.238899997,358741.5310999999,0.0
2026-01-12,12868407.969999995,12509666.438899996,358741.5310999999,0.0
2026-01-13,12869912.769999996,12511171.238899997,358741.5310999999,0.0
2026-01-14,12870414.369999995,12511672.838899996,358741.5310999999,0.0
2026-01-15,12872796.969999995,12514055.438899996,358741.5310999999,0.0
2026-01-16,12875430.369999995,12516688.838899996,358741.5310999999,0.0
2026-01-19,12874677.969999995,12515936.438899996,358741.5310999999,0.0
2026-01-20,12874301.769999996,12515560.238899997,358741.5310999999,0.0
2026-01-21,12872796.969999995,12514055.438899996,358741.5310999999,0.0
2026-01-22,12873674.769999996,12514933.238899997,358741.5310999999,0.0
2026-01-23,12874427.169999996,12515685.638899997,358741.5310999999,0.0
2026-01-26,12875304.969999995,12516563.438899996,358741.5310999999,0.0
2026-01-27,12875931.969999995,12517190.438899996,358741.5310999999,0.0
2026-01-28,12875681.169999996,12516939.638899997,358741.5310999999,0.0
2026-01-29,12875555.769999998,12516814.238899998,358741.5310999999,0.0
2026-01-30,12876558.969999995,12517817.438899996,358741.5310999999,0.0
2026-02-02,12876308.169999996,12505009.709899995,371298.4600999999,12556929.0
2026-02-03,12899924.179999994,12526055.639899993,373868.5400999999,2570080.0
2026-02-04,12933279.179999994,12559410.639899993,373868.5400999999,0.0
2026-02-05,12941036.179999994,12567167.639899993,373868.5400999999,0.0
2026-02-06,12977396.659999996,12600984.490899997,376412.16909999994,2543629.0
2026-02-09,13071559.659999996,12695147.490899997,376412.16909999994,0.0
2026-02-10,13072857.659999996,12696445.490899997,376412.16909999994,0.0
2026-02-11,13038709.929999996,12659755.285899997,378954.6440999999,2542475.0
2026-02-12,12896030.929999996,12517076.285899997,378954.6440999999,0.0
2026-02-13,12914288.929999996,12535334.285899997,378954.6440999999,0.0
2026-02-24,13071261.599999998,12689625.130899997,381636.46909999993,2681825.0
2026-02-25,13043559.599999998,12661923.130899997,381636.46909999993,0.0
2026-02-26,12985091.599999998,12603455.130899997,381636.46909999993,0.0
2026-02-27,12932951.299999995,12549014.695899995,383936.60409999994,2300135.0
2026-03-02,12437123.299999995,12053186.695899995,383936.60409999994,0.0
2026-03-03,12102932.299999995,11718995.695899995,383936.60409999994,0.0
2026-03-04,12012930.889999997,11628412.674899997,384518.2150999999,581611.0
2026-03-05,12221697.889999997,11837179.674899997,384518.2150999999,0.0
2026-03-06,12641746.889999997,12257228.674899997,384518.2150999999,0.0
2026-03-09,12542245.789999995,12156842.782899996,385403.00709999993,884792.0
2026-03-10,12917139.789999995,12531736.782899996,385403.00709999993,0.0
2026-03-11,12794647.789999995,12409244.782899996,385403.00709999993,0.0
2026-03-12,12553476.169999998,12167197.097899998,386279.07209999993,876065.0
2026-03-13,12566448.169999998,12180169.097899998,386279.07209999993,0.0
2026-03-16,12577201.169999998,12190922.097899998,386279.07209999993,0.0
2026-03-17,12358871.179999996,11972031.283899996,386839.89609999995,560824.0
2026-03-18,12592828.179999996,12205988.283899996,386839.89609999995,0.0
2026-03-19,12190206.179999996,11803366.283899996,386839.89609999995,0.0
2026-03-20,11649892.179999996,11262472.068899997,387420.1111,580215.0
2026-03-23,10907991.179999996,10520571.068899997,387420.1111,0.0
2026-03-24,11659829.179999996,11272409.068899997,387420.1111,0.0
2026-03-25,11953750.259999998,11565810.945899999,387939.31409999996,519203.0
2026-03-26,11755830.259999998,11367890.945899999,387939.31409999996,0.0
2026-03-27,11972916.259999998,11584976.945899999,387939.31409999996,0.0
2026-03-30,12142194.329999996,11753588.979899997,388605.3501,666036.0
2026-03-31,11919821.329999996,11531215.979899997,388605.3501,0.0
2026-04-01,12159548.609999996,11747251.692899996,412296.91709999996,23691567.0
2026-04-02,12161318.609999996,11749021.692899996,412296.91709999996,0.0
2026-04-03,12166038.609999996,11753741.692899996,412296.91709999996,0.0
2026-04-07,12164268.609999996,11751971.692899996,412296.91709999996,0.0
2026-04-08,12161082.609999996,11748785.692899996,412296.91709999996,0.0
2026-04-09,12162498.609999996,11750201.692899996,412296.91709999996,0.0
2026-04-10,12163324.609999996,11751027.692899996,412296.91709999996,0.0
2026-04-13,12164032.609999996,11751735.692899996,412296.91709999996,0.0
2026-04-14,12164858.609999996,11752561.692899996,412296.91709999996,0.0
2026-04-15,12164976.609999996,11752679.692899996,412296.91709999996,0.0
2026-04-16,12164150.609999996,11751853.692899996,412296.91709999996,0.0
2026-04-17,12165566.609999996,11753269.692899996,412296.91709999996,0.0
2026-04-20,12165684.609999996,11753387.692899996,412296.91709999996,0.0
2026-04-21,12166038.609999996,11753741.692899996,412296.91709999996,0.0
2026-04-22,12166274.609999996,11753977.692899996,412296.91709999996,0.0
2026-04-23,12166510.609999996,11754213.692899996,412296.91709999996,0.0
2026-04-24,12167808.609999996,11755511.692899996,412296.91709999996,0.0
2026-04-27,12167690.609999996,11755393.692899996,412296.91709999996,0.0
2026-04-28,12168870.609999996,11756573.692899996,412296.91709999996,0.0
2026-04-29,12170404.609999996,11758107.692899996,412296.91709999996,0.0
2026-04-30,12170758.609999996,11758461.692899996,412296.91709999996,0.0
2026-05-06,12170522.609999996,11746377.902899995,424144.70709999994,11847790.0
2026-05-07,12179162.859999996,11752590.797899995,426572.0620999999,2427355.0
2026-05-08,12209187.859999996,11782615.797899995,426572.0620999999,0.0
2026-05-11,12237750.859999996,11811178.797899995,426572.0620999999,0.0
2026-05-12,12185972.529999994,11756975.284899995,428997.24509999994,2425183.0
2026-05-13,12177820.529999994,11748823.284899995,428997.24509999994,0.0
2026-05-14,12252181.529999994,11823184.284899995,428997.24509999994,0.0
2026-05-15,12133349.609999996,11701849.429899996,431500.18009999994,2502935.0
2026-05-18,12237363.609999996,11805863.429899996,431500.18009999994,0.0
2026-05-19,12231948.609999996,11800448.429899996,431500.18009999994,0.0
2026-05-20,12090490.359999994,11656502.468899993,433987.89109999995,2487711.0
2026-05-21,11722365.359999994,11288377.468899993,433987.89109999995,0.0
2026-05-22,12023452.359999994,11589464.468899993,433987.89109999995,0.0
2026-05-25,11785272.989999996,11349141.084899997,436131.9051,2144014.0
2026-05-26,11566659.989999996,11130528.084899997,436131.9051,0.0
2026-05-27,11296637.989999996,10860506.084899997,436131.9051,0.0
2026-05-28,11287258.869999994,10849205.887899993,438052.98209999996,1921077.0
