time,code,amount,price,commission,tax,trade_id,order_id
2020-01-02 09:30,511880.XSHG,9900,100.106,0.0,0.0,t_1,1
2020-02-03 09:30,511880.XSHG,-9900,100.311,0.0,0.0,t_2,2
2020-02-03 09:30,600671.XSHG,1700,11.24,5.0,0.0,t_3,3
2020-02-03 09:30,300539.XSHE,3100,6.38,5.0,0.0,t_4,4
2020-02-03 09:30,600791.XSHG,6300,3.15,5.0,0.0,t_5,5
2020-02-03 09:30,002076.XSHE,9600,2.08,5.0,0.0,t_6,6
2020-02-03 09:30,300218.XSHE,2800,6.95,5.0,0.0,t_7,7
2020-02-03 09:30,600889.XSHG,4800,4.13,5.0,0.0,t_8,8
2020-02-03 09:30,600766.XSHG,2900,6.76,5.0,0.0,t_9,9
2020-02-03 09:30,603139.XSHG,1200,15.64,5.0,0.0,t_10,10
2020-02-03 09:30,603356.XSHG,1600,11.99,5.0,0.0,t_11,11
2020-02-03 09:30,300412.XSHE,3200,6.09,5.0,0.0,t_12,12
2020-02-06 09:30,002076.XSHE,-400,2.22,5.0,0.89,t_13,13
2020-02-06 09:30,600889.XSHG,-100,4.39,5.0,0.44,t_14,14
2020-02-06 09:30,300412.XSHE,-100,6.72,5.0,0.67,t_15,15
2020-02-06 09:30,300029.XSHE,3800,5.33,5.0,0.0,t_16,16
2020-02-06 09:30,000679.XSHE,6600,3.03,5.0,0.0,t_17,17
2020-02-06 09:30,002473.XSHE,2900,6.86,5.0,0.0,t_18,18
2020-02-06 09:30,600561.XSHG,4300,4.62,5.0,0.0,t_19,19
2020-02-06 09:30,300106.XSHE,3800,5.25,5.0,0.0,t_20,20
2020-02-06 09:30,000929.XSHE,3300,6.05,5.0,0.0,t_21,21
2020-02-06 09:30,300665.XSHE,2100,9.29,5.0,0.0,t_22,22
2020-02-06 09:30,603991.XSHG,1300,15.22,5.0,0.0,t_23,23
2020-02-06 09:30,000691.XSHE,5700,3.5,5.0,0.0,t_24,24
2020-02-06 09:30,600241.XSHG,5100,3.94,5.0,0.0,t_25,25
2020-02-11 09:30,600889.XSHG,-100,4.56,5.0,0.46,t_26,26
2020-02-11 09:30,600766.XSHG,-100,7.45,5.0,0.74,t_27,27
2020-02-11 09:30,300412.XSHE,-100,7.04,5.0,0.7,t_28,28
2020-02-11 09:30,300029.XSHE,3700,5.45,5.0,0.0,t_29,29
2020-02-11 09:30,000679.XSHE,5900,3.29,5.0,0.0,t_30,30
2020-02-11 09:30,002473.XSHE,2800,7.2,5.0,0.0,t_31,31
2020-02-11 09:30,600561.XSHG,4200,4.86,5.0,0.0,t_32,32
2020-02-11 09:30,300106.XSHE,-100,5.69,5.0,0.57,t_33,33
2020-02-11 09:30,000929.XSHE,3200,6.3,5.0,0.0,t_34,34
2020-02-11 09:30,300665.XSHE,2200,9.54,5.0,0.0,t_35,35
2020-02-11 09:30,603991.XSHG,1300,15.67,5.0,0.0,t_36,36
2020-02-11 09:30,000691.XSHE,5600,3.65,5.0,0.0,t_37,37
2020-02-11 09:30,600241.XSHG,5100,4.05,5.0,0.0,t_38,38
2020-02-11 09:30,300736.XSHE,2200,9.19,5.0,0.0,t_39,39
2020-02-11 14:00,002076.XSHE,-700,2.45,5.0,1.72,t_40,40
2020-02-14 09:30,002076.XSHE,600,2.23,5.0,0.0,t_41,41
2020-02-14 09:30,600766.XSHG,-100,7.66,5.0,0.77,t_42,42
2020-02-14 09:30,300029.XSHE,3700,5.43,5.0,0.0,t_43,43
2020-02-14 09:30,000679.XSHE,-100,3.3,5.0,0.33,t_44,44
2020-02-14 09:30,002473.XSHE,2700,7.27,5.0,0.0,t_45,45
2020-02-14 09:30,600561.XSHG,4300,4.78,5.0,0.0,t_46,46
2020-02-14 09:30,300106.XSHE,3700,5.47,5.0,0.0,t_47,47
2020-02-14 09:30,000929.XSHE,3300,6.21,5.0,0.0,t_48,48
2020-02-14 09:30,300665.XSHE,2200,9.36,5.0,0.0,t_49,49
2020-02-14 09:30,603991.XSHG,1300,15.48,5.0,0.0,t_50,50
2020-02-14 09:30,000691.XSHE,6000,3.53,5.0,0.0,t_51,51
2020-02-14 09:30,600241.XSHG,-100,4.07,5.0,0.41,t_52,52
2020-02-14 09:30,300736.XSHE,2300,9.01,5.0,0.0,t_53,53
2020-02-14 09:30,002633.XSHE,2600,7.77,5.0,0.0,t_54,54
2020-02-19 09:30,002076.XSHE,100,2.32,5.0,0.0,t_55,55
2020-02-19 09:30,000679.XSHE,6500,3.41,5.0,0.0,t_56,56
2020-02-19 09:30,002473.XSHE,2700,7.7,5.0,0.0,t_57,57
2020-02-19 09:30,600561.XSHG,4200,5.05,5.0,0.0,t_58,58
2020-02-19 09:30,300106.XSHE,3500,5.89,5.0,0.0,t_59,59
2020-02-19 09:30,000929.XSHE,3500,6.48,5.0,0.0,t_60,60
2020-02-19 09:30,300665.XSHE,2200,9.85,5.0,0.0,t_61,61
2020-02-19 09:30,603991.XSHG,1400,16.0,5.0,0.0,t_62,62
2020-02-19 09:30,000691.XSHE,5600,3.75,5.0,0.0,t_63,63
2020-02-19 09:30,600241.XSHG,5200,4.22,5.0,0.0,t_64,64
2020-02-19 09:30,002633.XSHE,1500,8.1,5.0,0.0,t_65,65
2020-02-19 14:00,300412.XSHE,-500,8.73,5.0,4.37,t_66,67
2020-02-19 14:00,300029.XSHE,-900,6.33,5.0,5.7,t_67,68
2020-02-21 14:00,300029.XSHE,-400,6.71,5.0,2.68,t_68,69
2020-02-24 09:30,600671.XSHG,-1700,12.63,5.0,21.47,t_69,70
2020-02-24 09:30,300539.XSHE,-3100,7.16,5.0,22.2,t_70,71
2020-02-24 09:30,600791.XSHG,-6300,3.48,5.0,21.92,t_71,72
2020-02-24 09:30,002076.XSHE,-9200,2.33,5.0,21.44,t_72,73
2020-02-24 09:30,300218.XSHE,-2800,7.8,5.0,21.84,t_73,74
2020-02-24 09:30,600889.XSHG,-4600,4.71,5.0,21.67,t_74,75
2020-02-24 09:30,600766.XSHG,-2700,8.9,5.0,24.03,t_75,76
2020-02-24 09:30,603139.XSHG,-1200,17.85,5.0,21.42,t_76,77
2020-02-24 09:30,603356.XSHG,-1600,13.7,5.0,21.92,t_77,78
2020-02-24 09:30,300412.XSHE,-2500,7.9,5.0,19.75,t_78,79
2020-02-24 09:30,300029.XSHE,700,6.22,5.0,0.0,t_79,80
2020-02-24 09:30,000679.XSHE,6400,3.47,5.0,0.0,t_80,81
2020-02-24 09:30,002473.XSHE,-100,8.07,5.0,0.81,t_81,82
2020-02-24 09:30,600561.XSHG,4200,5.18,5.0,0.0,t_82,83
2020-02-24 09:30,300106.XSHE,3800,5.97,5.0,0.0,t_83,84
2020-02-24 09:30,000929.XSHE,3300,6.62,5.0,0.0,t_84,85
2020-02-24 09:30,300665.XSHE,2000,10.24,5.0,0.0,t_85,86
2020-02-24 09:30,603991.XSHG,1200,16.7,5.0,0.0,t_86,87
2020-02-24 09:30,000691.XSHE,5300,3.9,5.0,0.0,t_87,88
2020-02-24 09:30,600241.XSHG,5000,4.33,5.0,0.0,t_88,89
2020-02-24 09:30,300736.XSHE,-100,10.01,5.0,1.0,t_89,90
2020-02-24 09:30,002633.XSHE,3900,8.18,5.0,0.0,t_90,91
2020-02-24 09:30,603269.XSHG,1500,13.9,5.0,0.0,t_91,92
2020-02-27 09:30,600561.XSHG,400,4.99,5.0,0.0,t_92,93
2020-02-27 09:30,300106.XSHE,-3800,5.95,5.0,22.61,t_93,94
2020-02-27 09:30,000929.XSHE,200,6.42,5.0,0.0,t_94,95
2020-02-27 09:30,300736.XSHE,-200,10.31,5.0,2.06,t_95,96
2020-02-27 09:30,002633.XSHE,2600,8.07,5.0,0.0,t_96,97
2020-03-03 09:30,300029.XSHE,500,5.72,5.0,0.0,t_97,98
2020-03-03 09:30,002473.XSHE,-2800,7.75,5.0,21.7,t_98,99
2020-03-03 09:30,300106.XSHE,4000,5.66,5.0,0.0,t_99,100
2020-03-03 09:30,000691.XSHE,-400,3.81,5.0,1.52,t_100,101
2020-03-03 09:30,600241.XSHG,300,4.06,5.0,0.0,t_101,102
2020-03-03 09:30,300736.XSHE,-2000,9.64,5.0,19.28,t_102,103
2020-03-03 09:30,002633.XSHE,2300,8.15,5.0,0.0,t_103,104
2020-03-03 09:30,600241.XSHG,200,4.06,5.0,0.0,t_104,105
2020-03-06 09:30,600561.XSHG,-100,5.12,5.0,0.51,t_105,107
2020-03-06 09:30,300106.XSHE,-100,5.96,5.0,0.6,t_106,108
2020-03-06 09:30,000929.XSHE,-200,6.63,5.0,1.33,t_107,109
2020-03-06 09:30,000691.XSHE,-5300,3.9,5.0,20.67,t_108,110
2020-03-06 09:30,600241.XSHG,5500,4.16,5.0,0.0,t_109,111
2020-03-06 09:30,300736.XSHE,-2200,10.17,5.0,22.37,t_110,112
2020-03-06 09:30,002633.XSHE,400,8.22,5.0,0.0,t_111,113
2020-03-06 09:30,000679.XSHE,5400,3.56,5.0,0.0,t_112,114
2020-03-11 14:00,603991.XSHG,-2100,21.19,5.0,44.5,t_113,131
2020-03-13 14:00,603991.XSHG,-700,24.76,5.0,17.33,t_114,132
2020-03-16 09:30,300029.XSHE,8100,5.9,5.0,0.0,t_115,133
2020-03-16 09:30,000679.XSHE,-5700,3.64,5.0,20.75,t_116,134
2020-03-16 09:30,002473.XSHE,3500,7.76,5.0,0.0,t_117,135
2020-03-16 09:30,600561.XSHG,600,5.14,5.0,0.0,t_118,136
2020-03-16 09:30,300106.XSHE,600,5.9,5.0,0.0,t_119,137
2020-03-16 09:30,000929.XSHE,100,6.59,5.0,0.0,t_120,138
2020-03-16 09:30,603991.XSHG,-500,21.56,5.0,10.78,t_121,140
2020-03-16 09:30,000691.XSHE,-5900,4.11,5.0,24.25,t_122,141
2020-03-16 09:30,600241.XSHG,1000,4.15,5.0,0.0,t_123,142
2020-03-16 09:30,002633.XSHE,100,8.46,5.0,0.0,t_124,143
2020-03-16 09:30,603269.XSHG,-1500,13.88,5.0,20.82,t_125,144
2020-03-16 09:30,000929.XSHE,500,6.59,5.0,0.0,t_126,145
2020-03-16 09:30,300736.XSHE,2300,9.68,5.0,0.0,t_127,146
2020-03-16 09:30,300665.XSHE,100,10.49,5.0,0.0,t_128,147
2020-03-16 09:30,002209.XSHE,3500,6.47,5.0,0.0,t_129,148
2020-03-19 09:30,300029.XSHE,-100,5.63,5.0,0.56,t_130,149
2020-03-19 09:30,000679.XSHE,600,3.33,5.0,0.0,t_131,150
2020-03-19 09:30,002473.XSHE,-3600,7.97,5.0,28.69,t_132,151
2020-03-19 09:30,600561.XSHG,-100,4.88,5.0,0.49,t_133,152
2020-03-19 09:30,300106.XSHE,-400,5.75,5.0,2.3,t_134,153
2020-03-19 09:30,300665.XSHE,200,9.74,5.0,0.0,t_135,154
2020-03-19 09:30,603991.XSHG,-900,18.69,5.0,16.82,t_136,155
2020-03-19 09:30,000691.XSHE,500,3.74,5.0,0.0,t_137,156
2020-03-19 09:30,600241.XSHG,200,3.89,5.0,0.0,t_138,157
2020-03-19 09:30,002633.XSHE,100,7.9,5.0,0.0,t_139,158
2020-03-19 09:30,002209.XSHE,3500,6.1,5.0,0.0,t_140,159
2020-03-19 09:30,000679.XSHE,100,3.33,5.0,0.0,t_141,160
2020-03-19 09:30,603389.XSHG,4700,4.47,5.0,0.0,t_142,161
2020-03-20 14:00,000679.XSHE,-1500,3.68,5.0,5.52,t_143,162
2020-03-20 14:00,603991.XSHG,-300,22.41,5.0,6.72,t_144,163
2020-03-24 09:30,300029.XSHE,400,5.71,5.0,0.0,t_145,164
2020-03-24 09:30,000679.XSHE,-5500,3.6,5.0,19.8,t_146,165
2020-03-24 09:30,002473.XSHE,-300,8.61,5.0,2.58,t_147,166
2020-03-24 09:30,600561.XSHG,900,4.88,5.0,0.0,t_148,167
2020-03-24 09:30,300106.XSHE,-4100,6.19,5.0,25.38,t_149,168
2020-03-24 09:30,000929.XSHE,-800,6.84,5.0,5.47,t_150,169
2020-03-24 09:30,300665.XSHE,-2300,10.28,5.0,23.64,t_151,170
2020-03-24 09:30,603991.XSHG,-900,20.86,5.0,18.77,t_152,171
2020-03-24 09:30,000691.XSHE,-5800,3.98,5.0,23.08,t_153,172
2020-03-24 09:30,600241.XSHG,1600,3.83,5.0,0.0,t_154,173
2020-03-24 09:30,002633.XSHE,400,8.02,5.0,0.0,t_155,174
2020-03-24 09:30,300736.XSHE,2500,9.23,5.0,0.0,t_156,175
2020-03-24 09:30,002209.XSHE,3900,6.15,5.0,0.0,t_157,176
2020-03-24 09:30,603389.XSHG,5500,4.35,5.0,0.0,t_158,177
2020-03-24 09:30,600599.XSHG,3000,7.3,5.0,0.0,t_159,178
2020-03-24 09:30,600506.XSHG,2600,8.25,5.0,0.0,t_160,179
2020-03-26 14:00,300029.XSHE,-1600,6.34,5.0,10.14,t_161,180
2020-03-27 09:30,300029.XSHE,500,6.13,5.0,0.0,t_162,181
2020-03-27 09:30,000679.XSHE,700,3.48,5.0,0.0,t_163,182
2020-03-27 09:30,002473.XSHE,-2400,8.4,5.0,20.16,t_164,183
2020-03-27 09:30,600561.XSHG,-600,5.08,5.0,3.05,t_165,184
2020-03-27 09:30,300106.XSHE,-3600,6.27,5.0,22.57,t_166,185
2020-03-27 09:30,000929.XSHE,800,6.55,5.0,0.0,t_167,186
2020-03-27 09:30,300665.XSHE,-2100,10.32,5.0,21.67,t_168,187
2020-03-27 09:30,603991.XSHG,-1100,19.87,5.0,21.86,t_169,188
2020-03-27 09:30,000691.XSHE,200,3.92,5.0,0.0,t_170,189
2020-03-27 09:30,300736.XSHE,2200,9.59,5.0,0.0,t_171,190
2020-03-27 09:30,002209.XSHE,-200,6.36,5.0,1.27,t_172,191
2020-03-27 09:30,603389.XSHG,4900,4.48,5.0,0.0,t_173,192
2020-03-27 09:30,600599.XSHG,3100,7.37,5.0,0.0,t_174,193
2020-03-27 09:30,603269.XSHG,1600,13.68,5.0,0.0,t_175,194
2020-03-30 14:00,300029.XSHE,-800,6.32,5.0,5.06,t_176,195
2020-03-31 14:00,300106.XSHE,-1700,7.98,5.0,13.57,t_177,196
2020-04-01 09:30,300029.XSHE,-17600,6.19,10.89,108.94,t_178,197
2020-04-01 09:30,000679.XSHE,-19400,3.13,6.07,60.72,t_179,198
2020-04-01 09:30,002473.XSHE,-5400,7.4,5.0,39.96,t_180,199
2020-04-01 09:30,600561.XSHG,-22300,4.93,10.99,109.94,t_181,200
2020-04-01 09:30,300106.XSHE,-5600,7.6,5.0,42.56,t_182,201
2020-04-01 09:30,000929.XSHE,-17200,6.57,11.3,113.0,t_183,202
2020-04-01 09:30,300665.XSHE,-6600,9.93,6.55,65.54,t_184,203
2020-04-01 09:30,000691.XSHE,-11500,3.68,5.0,42.32,t_185,204
2020-04-01 09:30,600241.XSHG,-29100,3.73,10.85,108.54,t_186,205
2020-04-01 09:30,002633.XSHE,-13900,7.92,11.01,110.09,t_187,206
2020-04-01 09:30,300736.XSHE,-7000,9.08,6.36,63.56,t_188,207
2020-04-01 09:30,002209.XSHE,-10700,6.26,6.7,66.98,t_189,208
2020-04-01 09:30,603389.XSHG,-15100,4.2,6.34,63.42,t_190,209
2020-04-01 09:30,600599.XSHG,-6100,6.75,5.0,41.18,t_191,210
2020-04-01 09:30,600506.XSHG,-2600,9.17,5.0,23.84,t_192,211
2020-04-01 09:30,603269.XSHG,-1600,13.33,5.0,21.33,t_193,212
2020-04-01 09:30,511880.XSHG,10900,100.715,0.0,0.0,t_194,213
2020-05-06 09:30,511880.XSHG,-10900,100.831,0.0,0.0,t_195,214
2020-05-06 09:30,002071.XSHE,12300,1.78,5.0,0.0,t_196,215
2020-05-06 09:30,600599.XSHG,3600,6.02,5.0,0.0,t_197,216
2020-05-06 09:30,600561.XSHG,4700,4.6,5.0,0.0,t_198,217
2020-05-06 09:30,300029.XSHE,4000,5.5,5.0,0.0,t_199,218
2020-05-06 09:30,002633.XSHE,2900,7.4,5.0,0.0,t_200,219
2020-05-06 09:30,002209.XSHE,3900,5.63,5.0,0.0,t_201,220
2020-05-06 09:30,000929.XSHE,3600,6.07,5.0,0.0,t_202,221
2020-05-06 09:30,300736.XSHE,2500,8.7,5.0,0.0,t_203,222
2020-05-06 09:30,300665.XSHE,2300,9.48,5.0,0.0,t_204,223
2020-05-06 09:30,600520.XSHG,2900,7.43,5.0,0.0,t_205,224
2020-05-11 09:30,002071.XSHE,11300,1.88,5.0,0.0,t_206,225
2020-05-11 09:30,600599.XSHG,3200,6.44,5.0,0.0,t_207,226
2020-05-11 09:30,600561.XSHG,4900,4.62,5.0,0.0,t_208,227
2020-05-11 09:30,300029.XSHE,3800,5.65,5.0,0.0,t_209,228
2020-05-11 09:30,002633.XSHE,2800,7.75,5.0,0.0,t_210,229
2020-05-11 09:30,002209.XSHE,3600,5.89,5.0,0.0,t_211,230
2020-05-11 09:30,000929.XSHE,3500,6.24,5.0,0.0,t_212,231
2020-05-11 09:30,300736.XSHE,2500,8.8,5.0,0.0,t_213,232
2020-05-11 09:30,300665.XSHE,2200,9.78,5.0,0.0,t_214,233
2020-05-11 09:30,300156.XSHE,25800,0.86,5.0,0.0,t_215,234
2020-05-14 09:30,002071.XSHE,14200,1.74,5.0,0.0,t_216,235
2020-05-14 09:30,600599.XSHG,3800,6.17,5.0,0.0,t_217,236
2020-05-14 09:30,600561.XSHG,5000,4.5,5.0,0.0,t_218,237
2020-05-14 09:30,300029.XSHE,4200,5.47,5.0,0.0,t_219,238
2020-05-14 09:30,002633.XSHE,2700,7.79,5.0,0.0,t_220,239
2020-05-14 09:30,002209.XSHE,3700,5.85,5.0,0.0,t_221,240
2020-05-14 09:30,000929.XSHE,3400,6.26,5.0,0.0,t_222,241
2020-05-14 09:30,300736.XSHE,2600,8.67,5.0,0.0,t_223,242
2020-05-14 09:30,300665.XSHE,2300,9.68,5.0,0.0,t_224,243
2020-05-14 09:30,300156.XSHE,32000,0.76,5.0,0.0,t_225,244
2020-05-19 09:30,002071.XSHE,16900,1.58,5.0,0.0,t_226,245
2020-05-19 09:30,600599.XSHG,3400,6.16,5.0,0.0,t_227,246
2020-05-19 09:30,600561.XSHG,4500,4.52,5.0,0.0,t_228,247
2020-05-19 09:30,300029.XSHE,4000,5.38,5.0,0.0,t_229,248
2020-05-19 09:30,002633.XSHE,2800,7.69,5.0,0.0,t_230,249
2020-05-19 09:30,002209.XSHE,3900,5.72,5.0,0.0,t_231,250
2020-05-19 09:30,000929.XSHE,3300,6.25,5.0,0.0,t_232,251
2020-05-19 09:30,300736.XSHE,2300,8.71,5.0,0.0,t_233,252
2020-05-19 09:30,300665.XSHE,2200,9.57,5.0,0.0,t_234,253
2020-05-19 09:30,300156.XSHE,46700,0.62,5.0,0.0,t_235,254
2020-05-21 14:00,600599.XSHG,-2900,8.02,5.0,23.26,t_236,255
2020-05-21 14:00,600520.XSHG,-200,8.44,5.0,1.69,t_237,256
2020-05-22 09:30,600561.XSHG,5000,4.6,5.0,0.0,t_238,257
2020-05-22 09:30,300029.XSHE,4600,5.36,5.0,0.0,t_239,258
2020-05-22 09:30,002633.XSHE,3400,7.55,5.0,0.0,t_240,259
2020-05-22 09:30,002209.XSHE,4100,5.76,5.0,0.0,t_241,260
2020-05-22 09:30,000929.XSHE,3800,6.28,5.0,0.0,t_242,261
2020-05-22 09:30,300736.XSHE,3000,8.59,5.0,0.0,t_243,262
2020-05-22 09:30,300665.XSHE,2700,9.45,5.0,0.0,t_244,263
2020-05-22 09:30,600520.XSHG,-100,8.55,5.0,0.86,t_245,264
2020-05-22 09:30,000502.XSHE,3500,6.19,5.0,0.0,t_246,265
2020-05-22 09:30,603269.XSHG,1700,12.86,5.0,0.0,t_247,266
2020-05-22 09:30,002473.XSHE,2900,7.55,5.0,0.0,t_248,267
2020-05-22 14:00,600599.XSHG,800,7.39,5.0,0.0,t_249,268
2020-05-25 14:00,002071.XSHE,-10100,1.93,5.0,19.49,t_250,269
2020-05-27 09:30,002071.XSHE,1100,1.91,5.0,0.0,t_251,270
2020-05-27 09:30,300029.XSHE,-100,5.33,5.0,0.53,t_252,271
2020-05-27 09:30,002633.XSHE,-300,7.67,5.0,2.3,t_253,272
2020-05-27 09:30,002209.XSHE,-500,5.85,5.0,2.93,t_254,273
2020-05-27 09:30,000929.XSHE,-200,6.31,5.0,1.26,t_255,274
2020-05-27 09:30,300736.XSHE,-400,8.75,5.0,3.5,t_256,275
2020-05-27 09:30,300665.XSHE,-200,9.5,5.0,1.9,t_257,276
2020-05-27 09:30,000502.XSHE,3200,6.46,5.0,0.0,t_258,277
2020-05-27 09:30,603269.XSHG,700,12.95,5.0,0.0,t_259,278
2020-05-27 09:30,002473.XSHE,-100,7.96,5.0,0.8,t_260,279
2020-05-27 14:00,600599.XSHG,-3100,7.52,5.0,23.31,t_261,281
2020-05-27 14:00,600520.XSHG,-2600,10.03,5.0,26.08,t_262,282
2020-05-29 14:00,600599.XSHG,-600,8.28,5.0,4.97,t_263,283
2020-06-01 09:30,600561.XSHG,900,4.53,5.0,0.0,t_264,284
2020-06-01 09:30,300029.XSHE,400,5.41,5.0,0.0,t_265,285
2020-06-01 09:30,002633.XSHE,300,7.76,5.0,0.0,t_266,286
2020-06-01 09:30,002209.XSHE,600,5.86,5.0,0.0,t_267,287
2020-06-01 09:30,000929.XSHE,200,6.44,5.0,0.0,t_268,288
2020-06-01 09:30,300736.XSHE,400,8.8,5.0,0.0,t_269,289
2020-06-01 09:30,300665.XSHE,200,9.63,5.0,0.0,t_270,290
2020-06-01 09:30,000502.XSHE,3700,6.53,5.0,0.0,t_271,291
2020-06-01 09:30,603269.XSHG,900,13.04,5.0,0.0,t_272,292
2020-06-04 09:30,600599.XSHG,-5200,8.15,5.0,42.38,t_273,295
2020-06-04 09:30,600561.XSHG,500,4.7,5.0,0.0,t_274,296
2020-06-04 09:30,300029.XSHE,700,5.56,5.0,0.0,t_275,297
2020-06-04 09:30,002633.XSHE,700,7.85,5.0,0.0,t_276,298
2020-06-04 09:30,002209.XSHE,300,6.11,5.0,0.0,t_277,299
2020-06-04 09:30,300736.XSHE,100,9.18,5.0,0.0,t_278,300
2020-06-04 09:30,300665.XSHE,300,10.01,5.0,0.0,t_279,301
2020-06-04 09:30,000502.XSHE,3700,6.67,5.0,0.0,t_280,302
2020-06-04 14:00,000929.XSHE,-4400,7.53,5.0,33.13,t_281,308
2020-06-05 14:00,002071.XSHE,-31500,3.47,10.93,109.31,t_282,309
2020-06-05 14:00,600561.XSHG,-300,4.88,5.0,1.46,t_283,310
2020-06-09 09:30,600599.XSHG,300,7.25,5.0,0.0,t_284,311
2020-06-09 09:30,600561.XSHG,100,4.75,5.0,0.0,t_285,312
2020-06-09 09:30,300029.XSHE,-400,5.7,5.0,2.28,t_286,313
2020-06-09 09:30,002633.XSHE,100,7.81,5.0,0.0,t_287,314
2020-06-09 09:30,002209.XSHE,300,6.04,5.0,0.0,t_288,315
2020-06-09 09:30,000929.XSHE,1100,6.7,5.0,0.0,t_289,316
2020-06-09 09:30,300736.XSHE,500,8.85,5.0,0.0,t_290,317
2020-06-09 09:30,300665.XSHE,300,9.74,5.0,0.0,t_291,318
2020-06-09 09:30,000502.XSHE,4000,6.62,5.0,0.0,t_292,319
2020-06-09 09:30,603269.XSHG,3300,14.56,5.0,0.0,t_293,320
2020-06-09 09:30,002473.XSHE,200,7.94,5.0,0.0,t_294,321
2020-06-09 09:30,300535.XSHE,4100,12.13,5.0,0.0,t_295,322
2020-06-09 09:30,300405.XSHE,100,5.75,5.0,0.0,t_296,323
2020-06-10 14:00,002071.XSHE,-6300,3.1,5.0,19.53,t_297,324
2020-06-11 14:00,600599.XSHG,100,7.09,5.0,0.0,t_298,325
2020-06-12 09:30,002071.XSHE,400,2.83,5.0,0.0,t_299,326
2020-06-12 09:30,600561.XSHG,500,4.59,5.0,0.0,t_300,327
2020-06-12 09:30,300029.XSHE,-100,5.63,5.0,0.56,t_301,328
2020-06-12 09:30,002633.XSHE,-200,7.81,5.0,1.56,t_302,329
2020-06-12 09:30,002209.XSHE,100,5.91,5.0,0.0,t_303,330
2020-06-12 09:30,000929.XSHE,-100,6.7,5.0,0.67,t_304,331
2020-06-12 09:30,300736.XSHE,-100,8.88,5.0,0.89,t_305,332
2020-06-12 09:30,300665.XSHE,100,9.5,5.0,0.0,t_306,333
2020-06-12 09:30,603269.XSHG,-1300,13.6,5.0,17.68,t_307,334
2020-06-12 09:30,002473.XSHE,-3000,8.06,5.0,24.18,t_308,335
2020-06-12 09:30,300535.XSHE,1700,12.19,5.0,0.0,t_309,336
2020-06-12 09:30,300405.XSHE,6800,5.65,5.0,0.0,t_310,337
2020-06-17 09:30,002071.XSHE,-8300,2.42,5.0,20.09,t_311,340
2020-06-17 09:30,600561.XSHG,200,4.68,5.0,0.0,t_312,341
2020-06-17 09:30,300029.XSHE,600,5.59,5.0,0.0,t_313,342
2020-06-17 09:30,002633.XSHE,-4400,9.07,5.0,39.91,t_314,343
2020-06-17 09:30,002209.XSHE,-200,6.15,5.0,1.23,t_315,344
2020-06-17 09:30,000929.XSHE,-3900,7.15,5.0,27.89,t_316,345
2020-06-17 09:30,300665.XSHE,100,9.69,5.0,0.0,t_317,346
2020-06-17 09:30,000502.XSHE,300,6.58,5.0,0.0,t_318,347
2020-06-17 09:30,603269.XSHG,100,13.34,5.0,0.0,t_319,348
2020-06-17 09:30,300535.XSHE,2100,12.25,5.0,0.0,t_320,349
2020-06-17 09:30,300405.XSHE,1400,5.85,5.0,0.0,t_321,350
2020-06-17 09:30,002473.XSHE,3000,7.89,5.0,0.0,t_322,351
2020-06-17 09:30,000638.XSHE,5500,4.14,5.0,0.0,t_323,352
2020-06-22 09:30,600561.XSHG,-400,4.76,5.0,1.9,t_324,354
2020-06-22 09:30,300029.XSHE,100,5.56,5.0,0.0,t_325,355
2020-06-22 09:30,002633.XSHE,100,7.98,5.0,0.0,t_326,356
2020-06-22 09:30,000929.XSHE,100,6.75,5.0,0.0,t_327,357
2020-06-22 09:30,300736.XSHE,-300,9.32,5.0,2.8,t_328,358
2020-06-22 09:30,300665.XSHE,-300,9.98,5.0,2.99,t_329,359
2020-06-22 09:30,000502.XSHE,100,6.57,5.0,0.0,t_330,360
2020-06-22 09:30,300535.XSHE,-1900,12.35,5.0,23.46,t_331,361
2020-06-22 09:30,002473.XSHE,3100,7.97,5.0,0.0,t_332,362
2020-06-22 09:30,000638.XSHE,700,5.4,5.0,0.0,t_333,363
2020-06-29 09:30,300029.XSHE,-100,5.48,5.0,0.55,t_334,370
2020-06-29 09:30,300736.XSHE,-100,9.18,5.0,0.92,t_335,373
2020-06-29 09:30,300665.XSHE,-200,9.87,5.0,1.97,t_336,374
2020-06-29 09:30,000502.XSHE,-200,6.5,5.0,1.3,t_337,375
2020-06-29 09:30,300535.XSHE,-2000,12.05,5.0,24.1,t_338,376
2020-06-29 09:30,300405.XSHE,-4000,5.6,5.0,22.4,t_339,377
2020-06-29 09:30,002473.XSHE,3000,7.78,5.0,0.0,t_340,378
2020-06-29 09:30,000638.XSHE,5100,4.18,5.0,0.0,t_341,379
2020-06-29 09:30,600561.XSHG,100,4.6,5.0,0.0,t_342,380
2020-06-29 09:30,002633.XSHE,700,7.9,5.0,0.0,t_343,381
2020-07-01 14:00,300736.XSHE,-700,9.85,5.0,6.9,t_344,383
2020-07-02 09:30,600599.XSHG,-3400,5.25,5.0,17.85,t_345,384
2020-07-02 09:30,600561.XSHG,200,4.68,5.0,0.0,t_346,385
2020-07-02 09:30,300029.XSHE,200,5.54,5.0,0.0,t_347,386
2020-07-02 09:30,002633.XSHE,500,7.98,5.0,0.0,t_348,387
2020-07-02 09:30,002209.XSHE,300,6.04,5.0,0.0,t_349,388
2020-07-02 09:30,000929.XSHE,2600,6.57,5.0,0.0,t_350,389
2020-07-02 09:30,300736.XSHE,-2800,10.3,5.0,28.84,t_351,390
2020-07-02 09:30,300665.XSHE,100,10.04,5.0,0.0,t_352,391
2020-07-02 09:30,000502.XSHE,-4000,6.83,5.0,27.32,t_353,392
2020-07-02 09:30,603269.XSHG,1900,13.16,5.0,0.0,t_354,393
2020-07-02 09:30,300535.XSHE,-2000,12.25,5.0,24.5,t_355,394
2020-07-02 09:30,300405.XSHE,4100,5.72,5.0,0.0,t_356,395
2020-07-02 09:30,002473.XSHE,3200,7.88,5.0,0.0,t_357,396
2020-07-02 09:30,000638.XSHE,300,4.17,5.0,0.0,t_358,397
2020-07-02 09:30,000929.XSHE,700,6.57,5.0,0.0,t_359,398
2020-07-07 09:30,600561.XSHG,-5300,5.0,5.0,26.5,t_360,400
2020-07-07 09:30,002633.XSHE,300,8.23,5.0,0.0,t_361,401
2020-07-07 09:30,002209.XSHE,-600,6.6,5.0,3.96,t_362,402
2020-07-07 09:30,000929.XSHE,900,7.0,5.0,0.0,t_363,403
2020-07-07 09:30,300736.XSHE,900,9.79,5.0,0.0,t_364,404
2020-07-07 09:30,300665.XSHE,100,10.52,5.0,0.0,t_365,405
2020-07-07 09:30,000502.XSHE,-200,7.34,5.0,1.47,t_366,406
2020-07-07 09:30,603269.XSHG,900,13.88,5.0,0.0,t_367,407
2020-07-07 09:30,000638.XSHE,-5900,4.53,5.0,26.73,t_368,409
2020-07-07 09:30,603269.XSHG,1000,13.88,5.0,0.0,t_369,410
2020-07-07 09:30,300535.XSHE,1000,12.78,5.0,0.0,t_370,411
2020-07-07 09:30,600768.XSHG,100,10.22,5.0,0.0,t_371,412
2020-07-07 14:00,002473.XSHE,-700,8.88,5.0,6.22,t_372,413
2020-07-10 09:30,600561.XSHG,-5000,5.07,5.0,25.35,t_373,414
2020-07-10 09:30,300029.XSHE,200,5.94,5.0,0.0,t_374,415
2020-07-10 09:30,002633.XSHE,2800,8.61,5.0,0.0,t_375,416
2020-07-10 09:30,002209.XSHE,200,6.65,5.0,0.0,t_376,417
2020-07-10 09:30,000929.XSHE,600,7.25,5.0,0.0,t_377,418
2020-07-10 09:30,300736.XSHE,-200,10.33,5.0,2.07,t_378,419
2020-07-10 09:30,000502.XSHE,200,7.34,5.0,0.0,t_379,420
2020-07-10 09:30,300405.XSHE,100,6.27,5.0,0.0,t_380,422
2020-07-10 09:30,002473.XSHE,-2700,8.88,5.0,23.98,t_381,423
2020-07-10 09:30,000638.XSHE,-5700,4.66,5.0,26.56,t_382,424
2020-07-10 09:30,600768.XSHG,2300,10.59,5.0,0.0,t_383,425
2020-07-10 09:30,000929.XSHE,2900,7.25,5.0,0.0,t_384,426
2020-07-10 09:30,300535.XSHE,400,13.22,5.0,0.0,t_385,427
2020-07-15 09:30,600561.XSHG,-5400,5.2,5.0,28.08,t_386,430
2020-07-15 09:30,300029.XSHE,-300,6.1,5.0,1.83,t_387,431
2020-07-15 09:30,002633.XSHE,200,8.59,5.0,0.0,t_388,432
2020-07-15 09:30,002209.XSHE,-200,6.81,5.0,1.36,t_389,433
2020-07-15 09:30,300665.XSHE,-100,11.0,5.0,1.1,t_390,434
2020-07-15 09:30,000502.XSHE,400,7.21,5.0,0.0,t_391,435
2020-07-15 09:30,603269.XSHG,-100,14.64,5.0,1.46,t_392,436
2020-07-15 09:30,300535.XSHE,2200,13.28,5.0,0.0,t_393,437
2020-07-15 09:30,002473.XSHE,-3000,9.0,5.0,27.0,t_394,439
2020-07-15 09:30,600768.XSHG,2500,10.68,5.0,0.0,t_395,440
2020-07-20 09:30,600561.XSHG,-5100,4.92,5.0,25.09,t_396,443
2020-07-20 09:30,300029.XSHE,-100,5.78,5.0,0.58,t_397,444
2020-07-20 09:30,002633.XSHE,-100,8.2,5.0,0.82,t_398,445
2020-07-20 09:30,002209.XSHE,-100,6.48,5.0,0.65,t_399,446
2020-07-20 09:30,000929.XSHE,100,6.87,5.0,0.0,t_400,447
2020-07-20 09:30,300736.XSHE,200,9.63,5.0,0.0,t_401,448
2020-07-20 09:30,300665.XSHE,-200,10.59,5.0,2.12,t_402,449
2020-07-20 09:30,000502.XSHE,-300,6.99,5.0,2.1,t_403,450
2020-07-20 09:30,300535.XSHE,2300,12.69,5.0,0.0,t_404,451
2020-07-23 09:30,600561.XSHG,-5100,5.15,5.0,26.27,t_405,458
2020-07-23 09:30,300029.XSHE,-100,5.94,5.0,0.59,t_406,459
2020-07-23 09:30,002633.XSHE,-400,8.59,5.0,3.44,t_407,460
2020-07-23 09:30,002209.XSHE,100,6.54,5.0,0.0,t_408,461
2020-07-23 09:30,300736.XSHE,2000,10.26,5.0,0.0,t_409,462
2020-07-23 09:30,300156.XSHE,-104500,0.15,5.0,15.68,t_410,463
2020-07-23 09:30,000502.XSHE,3500,7.07,5.0,0.0,t_411,464
2020-07-23 09:30,300405.XSHE,-600,6.51,5.0,3.91,t_412,466
2020-07-23 09:30,002473.XSHE,100,8.51,5.0,0.0,t_413,467
2020-07-23 09:30,600768.XSHG,200,10.42,5.0,0.0,t_414,468
2020-07-23 09:30,000502.XSHE,100,7.07,5.0,0.0,t_415,469
2020-07-28 09:30,300029.XSHE,-2000,6.37,5.0,12.74,t_416,472
2020-07-28 09:30,002633.XSHE,100,8.26,5.0,0.0,t_417,473
2020-07-28 09:30,000929.XSHE,200,6.72,5.0,0.0,t_418,474
2020-07-28 09:30,300736.XSHE,300,9.78,5.0,0.0,t_419,475
2020-07-28 09:30,000502.XSHE,-200,7.02,5.0,1.4,t_420,476
2020-07-28 09:30,300535.XSHE,700,12.58,5.0,0.0,t_421,477
2020-07-28 09:30,300405.XSHE,-4000,6.38,5.0,25.52,t_422,478
2020-07-28 09:30,600768.XSHG,2500,10.12,5.0,0.0,t_423,479
2020-07-28 09:30,300312.XSHE,100,4.28,5.0,0.0,t_424,482
2020-07-28 14:00,603269.XSHG,-5100,12.65,6.45,64.52,t_425,483
2020-07-31 09:30,300736.XSHE,-500,10.51,5.0,5.25,t_426,484
2020-07-31 09:30,000502.XSHE,-100,7.2,5.0,0.72,t_427,485
2020-07-31 09:30,603269.XSHG,-2000,13.21,5.0,26.42,t_428,486
2020-07-31 09:30,300535.XSHE,1300,12.82,5.0,0.0,t_429,487
2020-07-31 09:30,300405.XSHE,-3900,6.42,5.0,25.04,t_430,488
2020-07-31 09:30,600768.XSHG,4600,10.38,5.0,0.0,t_431,489
2020-07-31 09:30,300312.XSHE,5600,4.43,5.0,0.0,t_432,490
2020-07-31 09:30,600365.XSHG,7400,3.42,5.0,0.0,t_433,491
2020-08-05 09:30,300029.XSHE,-600,6.9,5.0,4.14,t_434,492
2020-08-05 09:30,002633.XSHE,-100,8.82,5.0,0.88,t_435,493
2020-08-05 09:30,002209.XSHE,-700,6.99,5.0,4.89,t_436,494
2020-08-05 09:30,000929.XSHE,-300,7.26,5.0,2.18,t_437,495
2020-08-05 09:30,300736.XSHE,300,10.45,5.0,0.0,t_438,496
2020-08-05 09:30,000502.XSHE,200,7.3,5.0,0.0,t_439,497
2020-08-05 09:30,603269.XSHG,-2000,13.05,5.0,26.1,t_440,498
2020-08-05 09:30,002473.XSHE,1700,6.73,5.0,0.0,t_441,499
2020-08-05 09:30,600365.XSHG,7700,3.45,5.0,0.0,t_442,500
2020-08-06 14:00,300312.XSHE,-200,4.93,5.0,0.99,t_443,501
2020-08-10 09:30,300029.XSHE,600,6.11,5.0,0.0,t_444,502
2020-08-10 09:30,002473.XSHE,-3700,6.75,5.0,24.98,t_445,509
2020-08-10 09:30,600768.XSHG,400,10.5,5.0,0.0,t_446,510
2020-08-10 09:30,600365.XSHG,6000,3.45,5.0,0.0,t_447,511
2020-08-11 14:00,002209.XSHE,-6600,8.95,5.91,59.07,t_448,521
2020-08-12 14:00,002473.XSHE,-400,7.27,5.0,2.91,t_449,522
2020-08-13 09:30,300029.XSHE,1700,6.19,5.0,0.0,t_450,523
2020-08-13 09:30,002633.XSHE,300,8.69,5.0,0.0,t_451,524
2020-08-13 09:30,002209.XSHE,-1500,7.42,5.0,11.13,t_452,525
2020-08-13 09:30,300736.XSHE,500,10.15,5.0,0.0,t_453,526
2020-08-13 09:30,000502.XSHE,-600,7.65,5.0,4.59,t_454,527
2020-08-13 09:30,300535.XSHE,100,13.12,5.0,0.0,t_455,528
2020-08-13 09:30,002473.XSHE,-3600,7.22,5.0,25.99,t_456,529
2020-08-13 09:30,600768.XSHG,100,10.4,5.0,0.0,t_457,530
2020-08-13 09:30,600365.XSHG,9600,3.44,5.0,0.0,t_458,531
2020-08-13 09:30,300478.XSHE,2300,11.19,5.0,0.0,t_459,532
2020-08-13 09:30,600561.XSHG,4600,5.26,5.0,0.0,t_460,533
2020-08-14 14:00,300312.XSHE,-1400,6.6,5.0,9.24,t_461,534
2020-08-18 09:30,300029.XSHE,500,6.2,5.0,0.0,t_462,535
2020-08-18 09:30,002633.XSHE,-500,9.22,5.0,4.61,t_463,536
2020-08-18 09:30,002209.XSHE,200,7.44,5.0,0.0,t_464,537
2020-08-18 09:30,000502.XSHE,900,7.41,5.0,0.0,t_465,538
2020-08-18 09:30,600768.XSHG,-100,10.75,5.0,1.07,t_466,539
2020-08-18 09:30,300312.XSHE,-4100,5.6,5.0,22.96,t_467,540
2020-08-18 09:30,600365.XSHG,6900,3.59,5.0,0.0,t_468,541
2020-08-18 09:30,600561.XSHG,300,5.26,5.0,0.0,t_469,542
2020-08-20 14:00,600365.XSHG,-2200,3.81,5.0,8.38,t_470,544
2020-08-21 09:30,300029.XSHE,-300,6.26,5.0,1.88,t_471,545
2020-08-21 09:30,002633.XSHE,200,9.0,5.0,0.0,t_472,546
2020-08-21 09:30,002209.XSHE,100,7.31,5.0,0.0,t_473,547
2020-08-21 09:30,000502.XSHE,200,7.27,5.0,0.0,t_474,548
2020-08-21 09:30,300535.XSHE,100,13.17,5.0,0.0,t_475,549
2020-08-21 09:30,600365.XSHG,-7000,3.79,5.0,26.53,t_476,550
2020-08-21 09:30,300478.XSHE,2400,11.33,5.0,0.0,t_477,551
2020-08-21 09:30,600561.XSHG,200,5.24,5.0,0.0,t_478,552
2020-08-25 14:00,600365.XSHG,900,3.71,5.0,0.0,t_479,553
2020-08-26 09:30,300029.XSHE,-200,6.44,5.0,1.29,t_480,554
2020-08-26 09:30,002633.XSHE,-200,9.33,5.0,1.87,t_481,555
2020-08-26 09:30,002209.XSHE,300,7.23,5.0,0.0,t_482,556
2020-08-26 09:30,000929.XSHE,-100,7.61,5.0,0.76,t_483,557
2020-08-26 09:30,300736.XSHE,-400,10.86,5.0,4.34,t_484,558
2020-08-26 09:30,300665.XSHE,-200,11.69,5.0,2.34,t_485,559
2020-08-26 09:30,000502.XSHE,100,7.36,5.0,0.0,t_486,560
2020-08-26 09:30,600768.XSHG,300,10.57,5.0,0.0,t_487,561
2020-08-26 09:30,600520.XSHG,500,9.23,5.0,0.0,t_488,562
2020-08-31 09:30,300029.XSHE,-600,6.66,5.0,4.0,t_489,563
2020-08-31 09:30,002633.XSHE,-200,9.53,5.0,1.91,t_490,564
2020-08-31 09:30,002209.XSHE,800,7.07,5.0,0.0,t_491,565
2020-08-31 09:30,000929.XSHE,-300,7.82,5.0,2.35,t_492,566
2020-08-31 09:30,300665.XSHE,-200,11.99,5.0,2.4,t_493,567
2020-08-31 09:30,300535.XSHE,-300,14.07,5.0,4.22,t_494,568
2020-08-31 09:30,300478.XSHE,-100,12.1,5.0,1.21,t_495,569
2020-08-31 09:30,600561.XSHG,-5100,5.39,5.0,27.49,t_496,570
2020-08-31 09:30,600520.XSHG,4100,9.24,5.0,0.0,t_497,571
2020-09-02 14:00,000502.XSHE,-1500,8.45,5.0,12.67,t_498,574
2020-09-03 09:30,300029.XSHE,-500,7.09,5.0,3.54,t_499,575
2020-09-03 09:30,002209.XSHE,2200,7.26,5.0,0.0,t_500,576
2020-09-03 09:30,300736.XSHE,-300,11.7,5.0,3.51,t_501,578
2020-09-03 09:30,000502.XSHE,-3300,8.4,5.0,27.72,t_502,579
2020-09-03 09:30,300535.XSHE,-200,14.95,5.0,2.99,t_503,580
2020-09-03 09:30,600768.XSHG,300,10.82,5.0,0.0,t_504,581
2020-09-03 09:30,600365.XSHG,-18700,2.72,5.09,50.86,t_505,582
2020-09-03 09:30,300478.XSHE,-2300,12.74,5.0,29.3,t_506,583
2020-09-03 09:30,600520.XSHG,4600,9.25,5.0,0.0,t_507,584
2020-09-03 09:30,000929.XSHE,300,7.91,5.0,0.0,t_508,585
2020-09-03 09:30,002209.XSHE,5400,7.26,5.0,0.0,t_509,586
2020-09-03 09:30,600561.XSHG,5100,5.3,5.0,0.0,t_510,587
2020-09-08 09:30,300029.XSHE,-5500,8.0,5.0,44.0,t_511,589
2020-09-08 09:30,002633.XSHE,600,9.69,5.0,0.0,t_512,590
2020-09-08 09:30,002209.XSHE,200,7.32,5.0,0.0,t_513,591
2020-09-08 09:30,000929.XSHE,-700,8.48,5.0,5.94,t_514,592
2020-09-08 09:30,300736.XSHE,-3100,12.8,5.0,39.68,t_515,593
2020-09-08 09:30,000502.XSHE,2200,7.33,5.0,0.0,t_516,594
2020-09-08 09:30,300535.XSHE,-1900,15.39,5.0,29.24,t_517,595
2020-09-08 09:30,600768.XSHG,400,10.71,5.0,0.0,t_518,596
2020-09-08 09:30,600365.XSHG,-10600,2.81,5.0,29.79,t_519,597
2020-09-08 09:30,300478.XSHE,-100,13.46,5.0,1.35,t_520,598
2020-09-08 09:30,600520.XSHG,3200,9.37,5.0,0.0,t_521,599
2020-09-08 09:30,600561.XSHG,5900,5.32,5.0,0.0,t_522,600
2020-09-08 09:30,600506.XSHG,2800,10.29,5.0,0.0,t_523,601
2020-09-08 09:30,603269.XSHG,2100,13.8,5.0,0.0,t_524,602
2020-09-08 09:30,600778.XSHG,600,5.06,5.0,0.0,t_525,603
2020-09-09 14:00,300736.XSHE,-1300,15.55,5.0,20.21,t_526,604
2020-09-11 09:30,300029.XSHE,4000,5.01,5.0,0.0,t_527,606
2020-09-11 09:30,002209.XSHE,-300,6.9,5.0,2.07,t_528,608
2020-09-11 09:30,000929.XSHE,-5200,9.0,5.0,46.8,t_529,609
2020-09-11 09:30,300736.XSHE,2300,10.5,5.0,0.0,t_530,610
2020-09-11 09:30,000502.XSHE,-300,6.94,5.0,2.08,t_531,611
2020-09-11 09:30,300535.XSHE,-2000,14.33,5.0,28.66,t_532,612
2020-09-11 09:30,600768.XSHG,-300,10.18,5.0,3.05,t_533,613
2020-09-11 09:30,300478.XSHE,-2200,11.8,5.0,25.96,t_534,614
2020-09-11 09:30,600520.XSHG,3500,8.5,5.0,0.0,t_535,615
2020-09-11 09:30,600561.XSHG,4800,5.11,5.0,0.0,t_536,616
2020-09-11 09:30,600506.XSHG,-100,10.35,5.0,1.03,t_537,617
2020-09-11 09:30,603269.XSHG,2000,13.03,5.0,0.0,t_538,618
2020-09-11 09:30,600778.XSHG,1000,5.11,5.0,0.0,t_539,619
2020-09-15 14:00,300665.XSHE,-7300,13.63,9.95,99.5,t_540,626
2020-09-16 09:30,300029.XSHE,-3300,5.61,5.0,18.51,t_541,627
2020-09-16 09:30,002633.XSHE,200,9.39,5.0,0.0,t_542,628
2020-09-16 09:30,002209.XSHE,500,7.15,5.0,0.0,t_543,629
2020-09-16 09:30,000929.XSHE,-2500,9.0,5.0,22.5,t_544,630
2020-09-16 09:30,300736.XSHE,-400,11.82,5.0,4.73,t_545,631
2020-09-16 09:30,300665.XSHE,-2000,13.6,5.0,27.2,t_546,632
2020-09-16 09:30,000502.XSHE,100,7.32,5.0,0.0,t_547,633
2020-09-16 09:30,300535.XSHE,-2100,16.25,5.0,34.12,t_548,634
2020-09-16 09:30,600768.XSHG,300,10.56,5.0,0.0,t_549,635
2020-09-16 09:30,600520.XSHG,200,8.92,5.0,0.0,t_550,636
2020-09-16 09:30,600561.XSHG,6500,5.15,5.0,0.0,t_551,637
2020-09-16 09:30,600778.XSHG,9700,5.06,5.0,0.0,t_552,638
2020-09-16 09:30,000702.XSHE,4900,5.76,5.0,0.0,t_553,639
2020-09-16 09:30,600099.XSHG,4100,6.98,5.0,0.0,t_554,640
2020-09-16 09:30,603286.XSHG,1600,17.78,5.0,0.0,t_555,641
2020-09-16 09:30,603029.XSHG,1600,16.9,5.0,0.0,t_556,642
2020-09-21 09:30,300029.XSHE,-4000,5.05,5.0,20.2,t_557,643
2020-09-21 09:30,002209.XSHE,-100,7.21,5.0,0.72,t_558,644
2020-09-21 09:30,000929.XSHE,-3200,9.04,5.0,28.93,t_559,645
2020-09-21 09:30,300736.XSHE,-100,11.9,5.0,1.19,t_560,646
2020-09-21 09:30,300665.XSHE,-2200,12.78,5.0,28.12,t_561,647
2020-09-21 09:30,000502.XSHE,400,7.14,5.0,0.0,t_562,648
2020-09-21 09:30,300535.XSHE,-1700,15.93,5.0,27.08,t_563,649
2020-09-21 09:30,600768.XSHG,-100,10.67,5.0,1.07,t_564,650
2020-09-21 09:30,600520.XSHG,-100,9.0,5.0,0.9,t_565,651
2020-09-21 09:30,600561.XSHG,4900,5.28,5.0,0.0,t_566,652
2020-09-21 09:30,603269.XSHG,2100,13.91,5.0,0.0,t_567,653
2020-09-21 09:30,600778.XSHG,-1100,5.66,5.0,6.23,t_568,654
2020-09-21 09:30,000702.XSHE,5000,5.77,5.0,0.0,t_569,655
2020-09-21 09:30,603286.XSHG,1500,17.5,5.0,0.0,t_570,656
2020-09-24 09:30,300029.XSHE,-5800,5.1,5.0,29.58,t_571,660
2020-09-24 09:30,002633.XSHE,100,9.14,5.0,0.0,t_572,661
2020-09-24 09:30,002209.XSHE,100,7.03,5.0,0.0,t_573,662
2020-09-24 09:30,000929.XSHE,-3300,9.13,5.0,30.13,t_574,663
2020-09-24 09:30,300736.XSHE,-2600,12.0,5.0,31.2,t_575,664
2020-09-24 09:30,000502.XSHE,2700,7.51,5.0,0.0,t_576,665
2020-09-24 09:30,300535.XSHE,-1900,16.0,5.0,30.4,t_577,666
2020-09-24 09:30,600768.XSHG,200,10.28,5.0,0.0,t_578,667
2020-09-24 09:30,600520.XSHG,400,8.61,5.0,0.0,t_579,668
2020-09-24 09:30,600561.XSHG,700,5.06,5.0,0.0,t_580,669
2020-09-24 09:30,600778.XSHG,-5200,5.75,5.0,29.9,t_581,670
2020-09-24 09:30,000702.XSHE,5100,5.64,5.0,0.0,t_582,671
2020-09-24 09:30,603286.XSHG,1900,16.89,5.0,0.0,t_583,672
2020-09-24 09:30,603029.XSHG,1900,16.02,5.0,0.0,t_584,673
2020-09-24 09:30,300665.XSHE,2300,12.23,5.0,0.0,t_585,674
2020-09-29 09:30,300029.XSHE,100,4.62,5.0,0.0,t_586,675
2020-09-29 09:30,002633.XSHE,100,8.46,5.0,0.0,t_587,676
2020-09-29 09:30,002209.XSHE,100,6.49,5.0,0.0,t_588,677
2020-09-29 09:30,000929.XSHE,-3100,8.32,5.0,25.79,t_589,678
2020-09-29 09:30,300736.XSHE,2300,10.99,5.0,0.0,t_590,679
2020-09-29 09:30,000502.XSHE,-4900,7.72,5.0,37.83,t_591,680
2020-09-29 09:30,600768.XSHG,100,9.64,5.0,0.0,t_592,681
2020-09-29 09:30,600520.XSHG,300,7.95,5.0,0.0,t_593,682
2020-09-29 09:30,600561.XSHG,-400,4.86,5.0,1.94,t_594,683
2020-09-29 09:30,600506.XSHG,100,9.37,5.0,0.0,t_595,684
2020-09-29 09:30,603269.XSHG,-2000,12.8,5.0,25.6,t_596,685
2020-09-29 09:30,600778.XSHG,-5000,5.19,5.0,25.95,t_597,686
2020-09-29 09:30,000702.XSHE,-100,5.39,5.0,0.54,t_598,687
2020-09-29 09:30,600099.XSHG,-100,6.7,5.0,0.67,t_599,688
2020-09-29 09:30,603286.XSHG,1600,16.02,5.0,0.0,t_600,689
2020-09-29 09:30,603029.XSHG,1800,15.03,5.0,0.0,t_601,690
2020-09-29 09:30,300665.XSHE,2300,11.56,5.0,0.0,t_602,691
2020-09-29 09:30,002209.XSHE,300,6.49,5.0,0.0,t_603,692
2020-09-29 09:30,002633.XSHE,200,8.46,5.0,0.0,t_604,693
2020-09-29 09:30,300736.XSHE,300,10.99,5.0,0.0,t_605,694
2020-09-30 14:00,600506.XSHG,-100,10.01,5.0,1.0,t_606,695
2020-10-12 09:30,300029.XSHE,-5700,4.84,5.0,27.59,t_607,696
2020-10-12 09:30,002209.XSHE,-200,6.9,5.0,1.38,t_608,697
2020-10-12 09:30,300736.XSHE,-2700,12.0,5.0,32.4,t_609,698
2020-10-12 09:30,000502.XSHE,300,7.85,5.0,0.0,t_610,699
2020-10-12 09:30,600768.XSHG,300,9.9,5.0,0.0,t_611,700
2020-10-12 09:30,600561.XSHG,-400,5.18,5.0,2.07,t_612,701
2020-10-12 09:30,600506.XSHG,2800,10.03,5.0,0.0,t_613,702
2020-10-12 09:30,603286.XSHG,1700,16.81,5.0,0.0,t_614,703
2020-10-12 09:30,603029.XSHG,100,15.53,5.0,0.0,t_615,704
2020-10-12 09:30,300665.XSHE,200,12.24,5.0,0.0,t_616,705
2020-10-15 09:30,002209.XSHE,-300,7.18,5.0,2.15,t_617,707
2020-10-15 09:30,300736.XSHE,-2500,12.89,5.0,32.23,t_618,708
2020-10-15 09:30,600768.XSHG,200,9.99,5.0,0.0,t_619,709
2020-10-15 09:30,600520.XSHG,500,8.3,5.0,0.0,t_620,710
2020-10-15 09:30,600561.XSHG,-6300,5.51,5.0,34.71,t_621,711
2020-10-15 09:30,600506.XSHG,-200,10.82,5.0,2.16,t_622,712
2020-10-15 09:30,603269.XSHG,2200,13.28,5.0,0.0,t_623,713
2020-10-15 09:30,000702.XSHE,300,5.63,5.0,0.0,t_624,714
2020-10-15 09:30,600099.XSHG,100,6.97,5.0,0.0,t_625,715
2020-10-15 09:30,603286.XSHG,100,16.92,5.0,0.0,t_626,716
2020-10-15 09:30,603029.XSHG,2000,15.33,5.0,0.0,t_627,717
2020-10-15 09:30,300665.XSHE,100,12.92,5.0,0.0,t_628,718
2020-10-15 09:30,600355.XSHG,100,3.05,5.0,0.0,t_629,719
2020-10-19 14:00,002633.XSHE,-6000,8.9,5.34,53.4,t_630,721
2020-10-20 09:30,002209.XSHE,-200,7.24,5.0,1.45,t_631,722
2020-10-20 09:30,300736.XSHE,-2200,12.96,5.0,28.51,t_632,723
2020-10-20 09:30,600768.XSHG,100,9.89,5.0,0.0,t_633,724
2020-10-20 09:30,600520.XSHG,100,8.25,5.0,0.0,t_634,725
2020-10-20 09:30,600561.XSHG,-5000,5.46,5.0,27.3,t_635,726
2020-10-20 09:30,600506.XSHG,200,10.4,5.0,0.0,t_636,727
2020-10-20 09:30,603269.XSHG,-2200,13.66,5.0,30.05,t_637,728
2020-10-20 09:30,000702.XSHE,400,5.49,5.0,0.0,t_638,729
2020-10-20 09:30,603286.XSHG,100,16.82,5.0,0.0,t_639,730
2020-10-20 09:30,603029.XSHG,1900,15.34,5.0,0.0,t_640,731
2020-10-20 09:30,300665.XSHE,1400,13.61,5.0,0.0,t_641,732
2020-10-20 09:30,600355.XSHG,18500,3.06,5.66,0.0,t_642,733
2020-10-20 09:30,000929.XSHE,3500,7.9,5.0,0.0,t_643,734
2020-10-23 09:30,002633.XSHE,-200,9.14,5.0,1.83,t_644,735
2020-10-23 09:30,002209.XSHE,-300,7.41,5.0,2.22,t_645,736
2020-10-23 09:30,300736.XSHE,-200,13.94,5.0,2.79,t_646,737
2020-10-23 09:30,000502.XSHE,300,7.95,5.0,0.0,t_647,738
2020-10-23 09:30,600768.XSHG,200,9.84,5.0,0.0,t_648,739
2020-10-23 09:30,600520.XSHG,300,8.14,5.0,0.0,t_649,740
2020-10-23 09:30,600561.XSHG,-5900,5.87,5.0,34.63,t_650,741
2020-10-23 09:30,600506.XSHG,200,10.1,5.0,0.0,t_651,742
2020-10-23 09:30,603269.XSHG,100,13.37,5.0,0.0,t_652,743
2020-10-23 09:30,000702.XSHE,300,5.43,5.0,0.0,t_653,744
2020-10-23 09:30,300665.XSHE,-2100,13.98,5.0,29.36,t_654,745
2020-10-23 09:30,600355.XSHG,300,3.04,5.0,0.0,t_655,746
2020-10-23 09:30,000929.XSHE,3800,7.84,5.0,0.0,t_656,747
2020-10-23 09:30,600520.XSHG,100,8.14,5.0,0.0,t_657,748
2020-10-23 09:30,600778.XSHG,5800,4.75,5.0,0.0,t_658,749
2020-10-28 09:30,002633.XSHE,-100,9.06,5.0,0.91,t_659,750
2020-10-28 09:30,002209.XSHE,-400,7.46,5.0,2.98,t_660,751
2020-10-28 09:30,300736.XSHE,-2100,14.38,5.0,30.2,t_661,752
2020-10-28 09:30,000502.XSHE,3900,7.7,5.0,0.0,t_662,753
2020-10-28 09:30,600520.XSHG,300,7.85,5.0,0.0,t_663,754
2020-10-28 09:30,600561.XSHG,-4800,5.64,5.0,27.07,t_664,755
2020-10-28 09:30,000702.XSHE,5100,5.4,5.0,0.0,t_665,756
2020-10-28 09:30,603286.XSHG,-1700,16.79,5.0,28.54,t_666,757
2020-10-28 09:30,300665.XSHE,-2100,13.69,5.0,28.75,t_667,758
2020-10-28 09:30,600355.XSHG,200,2.96,5.0,0.0,t_668,759
2020-10-28 09:30,000929.XSHE,3600,7.74,5.0,0.0,t_669,760
2020-10-28 09:30,600778.XSHG,6600,4.52,5.0,0.0,t_670,761
2020-11-02 09:30,002209.XSHE,-3900,7.23,5.0,28.2,t_671,764
2020-11-02 09:30,000502.XSHE,100,7.39,5.0,0.0,t_672,765
2020-11-02 09:30,600768.XSHG,100,9.34,5.0,0.0,t_673,766
2020-11-02 09:30,600520.XSHG,200,7.51,5.0,0.0,t_674,767
2020-11-02 09:30,600561.XSHG,-5100,5.35,5.0,27.29,t_675,768
2020-11-02 09:30,600506.XSHG,100,9.4,5.0,0.0,t_676,769
2020-11-02 09:30,603269.XSHG,-2100,12.85,5.0,26.98,t_677,770
2020-11-02 09:30,000702.XSHE,5500,5.17,5.0,0.0,t_678,771
2020-11-02 09:30,603286.XSHG,-1700,16.34,5.0,27.78,t_679,772
2020-11-02 09:30,603029.XSHG,100,14.6,5.0,0.0,t_680,773
2020-11-02 09:30,300665.XSHE,-2100,13.1,5.0,27.51,t_681,774
2020-11-02 09:30,600355.XSHG,10000,2.83,5.0,0.0,t_682,775
2020-11-02 09:30,000929.XSHE,-700,8.11,5.0,5.68,t_683,776
2020-11-02 09:30,600778.XSHG,6400,4.38,5.0,0.0,t_684,777
2020-11-02 09:30,002633.XSHE,3000,8.85,5.0,0.0,t_685,778
2020-11-02 09:30,603958.XSHG,4100,6.45,5.0,0.0,t_686,779
2020-11-05 09:30,002209.XSHE,-4000,7.63,5.0,30.52,t_687,781
2020-11-05 09:30,000502.XSHE,-200,7.75,5.0,1.55,t_688,782
2020-11-05 09:30,600520.XSHG,-400,7.97,5.0,3.19,t_689,783
2020-11-05 09:30,600506.XSHG,2900,9.65,5.0,0.0,t_690,784
2020-11-05 09:30,603269.XSHG,-2200,12.99,5.0,28.58,t_691,785
2020-11-05 09:30,000702.XSHE,400,5.25,5.0,0.0,t_692,786
2020-11-05 09:30,600099.XSHG,-4100,6.83,5.0,28.0,t_693,787
2020-11-05 09:30,603286.XSHG,-1700,17.11,5.0,29.09,t_694,788
2020-11-05 09:30,600355.XSHG,500,2.86,5.0,0.0,t_695,789
2020-11-05 09:30,000929.XSHE,200,8.14,5.0,0.0,t_696,790
2020-11-05 09:30,600778.XSHG,7200,4.34,5.0,0.0,t_697,791
2020-11-05 09:30,002633.XSHE,3400,8.94,5.0,0.0,t_698,792
2020-11-05 09:30,000695.XSHE,4000,6.47,5.0,0.0,t_699,793
2020-11-10 09:30,002209.XSHE,-3700,7.71,5.0,28.53,t_700,795
2020-11-10 09:30,000502.XSHE,200,7.74,5.0,0.0,t_701,796
2020-11-10 09:30,600768.XSHG,-100,9.85,5.0,0.98,t_702,797
2020-11-10 09:30,600506.XSHG,2800,9.82,5.0,0.0,t_703,798
2020-11-10 09:30,000702.XSHE,-200,5.4,5.0,1.08,t_704,799
2020-11-10 09:30,603286.XSHG,-1700,17.62,5.0,29.95,t_705,800
2020-11-10 09:30,600355.XSHG,-300,2.95,5.0,0.89,t_706,801
2020-11-10 09:30,000929.XSHE,-3400,8.3,5.0,28.22,t_707,802
2020-11-10 09:30,600778.XSHG,6300,4.44,5.0,0.0,t_708,803
2020-11-10 09:30,002633.XSHE,400,8.82,5.0,0.0,t_709,804
2020-11-10 09:30,600506.XSHG,200,9.82,5.0,0.0,t_710,805
2020-11-10 09:30,600455.XSHG,1100,23.88,5.0,0.0,t_711,806
2020-11-12 14:00,000695.XSHE,-100,7.51,5.0,0.75,t_712,807
2020-11-13 09:30,002633.XSHE,100,8.73,5.0,0.0,t_713,808
2020-11-13 09:30,002209.XSHE,-3700,7.55,5.0,27.94,t_714,809
2020-11-13 09:30,000502.XSHE,600,7.44,5.0,0.0,t_715,810
2020-11-13 09:30,600768.XSHG,-100,9.82,5.0,0.98,t_716,811
2020-11-13 09:30,600520.XSHG,300,7.83,5.0,0.0,t_717,812
2020-11-13 09:30,600506.XSHG,2300,9.77,5.0,0.0,t_718,813
2020-11-13 09:30,000702.XSHE,100,5.28,5.0,0.0,t_719,814
2020-11-13 09:30,603286.XSHG,-1700,17.3,5.0,29.41,t_720,815
2020-11-13 09:30,600355.XSHG,-600,2.98,5.0,1.79,t_721,816
2020-11-13 09:30,000929.XSHE,-3800,8.97,5.0,34.09,t_722,817
2020-11-13 09:30,603958.XSHG,-200,7.49,5.0,1.5,t_723,818
2020-11-13 09:30,000695.XSHE,200,6.9,5.0,0.0,t_724,819
2020-11-13 09:30,600455.XSHG,1300,23.11,5.0,0.0,t_725,820
2020-11-13 09:30,000702.XSHE,100,5.28,5.0,0.0,t_726,821
2020-11-13 09:30,600506.XSHG,500,9.77,5.0,0.0,t_727,822
2020-11-13 09:30,600561.XSHG,5500,5.13,5.0,0.0,t_728,823
2020-11-18 09:30,002209.XSHE,-3800,7.47,5.0,28.39,t_729,824
2020-11-18 09:30,000502.XSHE,200,7.34,5.0,0.0,t_730,825
2020-11-18 09:30,600768.XSHG,-200,10.02,5.0,2.0,t_731,826
2020-11-18 09:30,600506.XSHG,200,9.64,5.0,0.0,t_732,827
2020-11-18 09:30,000702.XSHE,-500,5.4,5.0,2.7,t_733,828
2020-11-18 09:30,000929.XSHE,-3200,8.69,5.0,27.81,t_734,829
2020-11-18 09:30,600778.XSHG,-300,4.45,5.0,1.33,t_735,830
2020-11-18 09:30,600455.XSHG,1200,23.15,5.0,0.0,t_736,831
2020-11-18 09:30,600561.XSHG,5600,5.09,5.0,0.0,t_737,832
2020-11-23 09:30,000502.XSHE,-400,7.64,5.0,3.06,t_738,833
2020-11-23 09:30,600768.XSHG,-200,10.3,5.0,2.06,t_739,834
2020-11-23 09:30,600506.XSHG,-100,9.9,5.0,0.99,t_740,835
2020-11-23 09:30,600355.XSHG,-9300,2.98,5.0,27.71,t_741,836
2020-11-23 09:30,600778.XSHG,1500,4.3,5.0,0.0,t_742,837
2020-11-23 09:30,603958.XSHG,-3900,7.62,5.0,29.72,t_743,838
2020-11-23 09:30,600455.XSHG,1300,23.27,5.0,0.0,t_744,839
2020-11-23 09:30,600561.XSHG,5700,5.14,5.0,0.0,t_745,840
2020-11-26 09:30,002633.XSHE,100,8.59,5.0,0.0,t_746,841
2020-11-26 09:30,000502.XSHE,-4100,7.78,5.0,31.9,t_747,842
2020-11-26 09:30,600768.XSHG,200,9.96,5.0,0.0,t_748,843
2020-11-26 09:30,600520.XSHG,200,7.82,5.0,0.0,t_749,844
2020-11-26 09:30,600506.XSHG,-2900,9.81,5.0,28.45,t_750,845
2020-11-26 09:30,000702.XSHE,400,5.34,5.0,0.0,t_751,846
2020-11-26 09:30,600355.XSHG,-9600,2.93,5.0,28.13,t_752,847
2020-11-26 09:30,600778.XSHG,-1900,4.53,5.0,8.61,t_753,848
2020-11-26 09:30,000695.XSHE,-4100,6.82,5.0,27.96,t_754,849
2020-11-26 09:30,600455.XSHG,1300,23.0,5.0,0.0,t_755,850
2020-11-26 09:30,600561.XSHG,5700,5.08,5.0,0.0,t_756,851
2020-11-26 09:30,002633.XSHE,200,8.59,5.0,0.0,t_757,852
2020-11-26 09:30,300478.XSHE,2600,10.83,5.0,0.0,t_758,853
2020-11-26 09:30,603269.XSHG,2200,12.8,5.0,0.0,t_759,854
2020-12-01 09:30,002633.XSHE,300,8.37,5.0,0.0,t_760,855
2020-12-01 09:30,600506.XSHG,-3000,9.97,5.0,29.91,t_761,859
2020-12-01 09:30,000702.XSHE,-6600,5.68,5.0,37.49,t_762,860
2020-12-01 09:30,600778.XSHG,100,4.5,5.0,0.0,t_763,861
2020-12-01 09:30,600455.XSHG,-1200,23.02,5.0,27.62,t_764,862
2020-12-01 09:30,600561.XSHG,6300,4.96,5.0,0.0,t_765,863
2020-12-01 09:30,300478.XSHE,2500,11.04,5.0,0.0,t_766,864
2020-12-01 09:30,603269.XSHG,2300,12.71,5.0,0.0,t_767,865
2020-12-01 09:30,600520.XSHG,200,7.73,5.0,0.0,t_768,866
2020-12-01 09:30,002633.XSHE,100,8.37,5.0,0.0,t_769,867
2020-12-01 09:30,600768.XSHG,100,9.92,5.0,0.0,t_770,868
2020-12-01 09:30,000502.XSHE,200,7.59,5.0,0.0,t_771,869
2020-12-04 09:30,002633.XSHE,200,8.31,5.0,0.0,t_772,870
2020-12-04 09:30,000502.XSHE,-300,7.9,5.0,2.37,t_773,871
2020-12-04 09:30,600768.XSHG,200,9.82,5.0,0.0,t_774,872
2020-12-04 09:30,600520.XSHG,-100,7.9,5.0,0.79,t_775,873
2020-12-04 09:30,600506.XSHG,-2900,10.14,5.0,29.41,t_776,874
2020-12-04 09:30,000702.XSHE,-5300,5.86,5.0,31.06,t_777,875
2020-12-04 09:30,600355.XSHG,-300,3.06,5.0,0.92,t_778,876
2020-12-04 09:30,600561.XSHG,200,4.99,5.0,0.0,t_779,877
2020-12-04 09:30,300478.XSHE,2800,10.98,5.0,0.0,t_780,878
2020-12-04 09:30,603269.XSHG,2200,12.8,5.0,0.0,t_781,879
2020-12-04 09:30,002633.XSHE,200,8.31,5.0,0.0,t_782,880
2020-12-04 09:30,600768.XSHG,100,9.82,5.0,0.0,t_783,881
2020-12-09 09:30,600520.XSHG,-100,8.0,5.0,0.8,t_784,883
2020-12-09 09:30,600506.XSHG,-2900,10.15,5.0,29.44,t_785,884
2020-12-09 09:30,000702.XSHE,-6100,6.65,5.0,40.56,t_786,885
2020-12-09 09:30,603029.XSHG,100,15.23,5.0,0.0,t_787,886
2020-12-09 09:30,600778.XSHG,200,4.57,5.0,0.0,t_788,887
2020-12-09 09:30,600561.XSHG,300,4.97,5.0,0.0,t_789,888
2020-12-09 09:30,300478.XSHE,2800,10.87,5.0,0.0,t_790,889
2020-12-09 09:30,603269.XSHG,2400,12.74,5.0,0.0,t_791,890
2020-12-09 09:30,000502.XSHE,400,7.73,5.0,0.0,t_792,891
2020-12-14 09:30,002633.XSHE,200,8.05,5.0,0.0,t_793,892
2020-12-14 09:30,000502.XSHE,-5100,8.62,5.0,43.96,t_794,893
2020-12-14 09:30,600768.XSHG,400,9.4,5.0,0.0,t_795,894
2020-12-14 09:30,600520.XSHG,100,7.72,5.0,0.0,t_796,895
2020-12-14 09:30,600506.XSHG,-2900,10.15,5.0,29.44,t_797,896
2020-12-14 09:30,000702.XSHE,-4300,6.42,5.0,27.61,t_798,897
2020-12-14 09:30,603029.XSHG,-1900,15.07,5.0,28.63,t_799,898
2020-12-14 09:30,600355.XSHG,200,2.92,5.0,0.0,t_800,899
2020-12-14 09:30,600778.XSHG,900,4.34,5.0,0.0,t_801,900
2020-12-14 09:30,600455.XSHG,200,21.89,5.0,0.0,t_802,901
2020-12-14 09:30,600561.XSHG,-100,4.89,5.0,0.49,t_803,902
2020-12-14 09:30,300478.XSHE,2900,10.47,5.0,0.0,t_804,903
2020-12-14 09:30,603269.XSHG,2500,12.25,5.0,0.0,t_805,904
2020-12-14 09:30,002209.XSHE,4000,7.1,5.0,0.0,t_806,905
2020-12-14 09:30,300736.XSHE,2600,10.56,5.0,0.0,t_807,906
2020-12-17 09:30,000502.XSHE,-100,8.25,5.0,0.83,t_808,907
2020-12-17 09:30,600768.XSHG,-100,9.13,5.0,0.91,t_809,908
2020-12-17 09:30,600520.XSHG,300,7.24,5.0,0.0,t_810,909
2020-12-17 09:30,000702.XSHE,-4500,6.19,5.0,27.86,t_811,910
2020-12-17 09:30,603029.XSHG,-1900,14.42,5.0,27.4,t_812,911
2020-12-17 09:30,600355.XSHG,300,2.71,5.0,0.0,t_813,912
2020-12-17 09:30,600561.XSHG,500,4.58,5.0,0.0,t_814,913
2020-12-17 09:30,300478.XSHE,200,9.84,5.0,0.0,t_815,914
2020-12-17 09:30,603269.XSHG,-2400,11.94,5.0,28.66,t_816,915
2020-12-17 09:30,300736.XSHE,2600,10.39,5.0,0.0,t_817,916
2020-12-17 09:30,600520.XSHG,100,7.24,5.0,0.0,t_818,917
2020-12-17 09:30,600615.XSHG,3900,6.81,5.0,0.0,t_819,918
2020-12-17 09:30,600766.XSHG,4200,5.81,5.0,0.0,t_820,919
2020-12-22 09:30,000502.XSHE,-4000,9.45,5.0,37.8,t_821,921
2020-12-22 09:30,600768.XSHG,100,9.12,5.0,0.0,t_822,922
2020-12-22 09:30,603029.XSHG,-1800,14.32,5.0,25.78,t_823,923
2020-12-22 09:30,600355.XSHG,400,2.64,5.0,0.0,t_824,924
2020-12-22 09:30,600778.XSHG,-400,4.26,5.0,1.7,t_825,925
2020-12-22 09:30,600455.XSHG,1300,20.91,5.0,0.0,t_826,926
2020-12-22 09:30,600561.XSHG,200,4.6,5.0,0.0,t_827,927
2020-12-22 09:30,300478.XSHE,-100,10.14,5.0,1.01,t_828,928
2020-12-22 09:30,603269.XSHG,-2300,12.1,5.0,27.83,t_829,929
2020-12-22 09:30,300736.XSHE,200,10.15,5.0,0.0,t_830,930
2020-12-22 09:30,600615.XSHG,4100,6.86,5.0,0.0,t_831,931
2020-12-22 09:30,600766.XSHG,5300,5.77,5.0,0.0,t_832,932
2020-12-22 09:30,002633.XSHE,400,7.62,5.0,0.0,t_833,933
2020-12-25 09:30,000502.XSHE,-2900,8.76,5.0,25.4,t_834,935
2020-12-25 09:30,600768.XSHG,-500,8.86,5.0,4.43,t_835,936
2020-12-25 09:30,600520.XSHG,-200,6.97,5.0,1.39,t_836,937
2020-12-25 09:30,600355.XSHG,10900,2.42,5.0,0.0,t_837,938
2020-12-25 09:30,600778.XSHG,-6400,3.99,5.0,25.54,t_838,939
2020-12-25 09:30,300478.XSHE,300,9.19,5.0,0.0,t_839,940
2020-12-25 09:30,603269.XSHG,-2300,11.25,5.0,25.88,t_840,941
2020-12-25 09:30,002209.XSHE,-100,6.7,5.0,0.67,t_841,942
2020-12-25 09:30,300736.XSHE,3100,9.07,5.0,0.0,t_842,943
2020-12-25 09:30,600615.XSHG,-200,6.67,5.0,1.33,t_843,944
2020-12-25 09:30,600766.XSHG,4800,5.4,5.0,0.0,t_844,945
2020-12-25 09:30,002633.XSHE,100,7.12,5.0,0.0,t_845,946
2020-12-30 09:30,000502.XSHE,-3000,9.24,5.0,27.72,t_846,947
2020-12-30 09:30,600768.XSHG,200,8.68,5.0,0.0,t_847,948
2020-12-30 09:30,600520.XSHG,600,6.7,5.0,0.0,t_848,949
2020-12-30 09:30,600355.XSHG,9300,2.45,5.0,0.0,t_849,950
2020-12-30 09:30,600561.XSHG,-7000,4.51,5.0,31.57,t_850,952
2020-12-30 09:30,300478.XSHE,100,9.11,5.0,0.0,t_851,953
2020-12-30 09:30,603269.XSHG,-2300,11.24,5.0,25.85,t_852,954
2020-12-30 09:30,300736.XSHE,2900,9.01,5.0,0.0,t_853,955
2020-12-30 09:30,600766.XSHG,4400,5.51,5.0,0.0,t_854,956
2020-12-30 09:30,600778.XSHG,100,3.95,5.0,0.0,t_855,957
2020-12-30 09:30,600355.XSHG,1000,2.45,5.0,0.0,t_856,958
2021-01-04 09:30,002633.XSHE,-18100,7.21,13.05,130.5,t_857,959
2021-01-04 09:30,600768.XSHG,-14800,8.78,12.99,129.94,t_858,960
2021-01-04 09:30,600520.XSHG,-19200,6.8,13.06,130.56,t_859,961
2021-01-04 09:30,603029.XSHG,-3900,13.16,5.13,51.32,t_860,962
2021-01-04 09:30,600355.XSHG,-31600,2.56,8.09,80.9,t_861,963
2021-01-04 09:30,600778.XSHG,-26100,4.0,10.44,104.4,t_862,964
2021-01-04 09:30,600455.XSHG,-6500,20.4,13.26,132.6,t_863,965
2021-01-04 09:30,600561.XSHG,-22900,4.47,10.24,102.36,t_864,966
2021-01-04 09:30,300478.XSHE,-14100,9.96,14.04,140.44,t_865,967
2021-01-04 09:30,603269.XSHG,-2300,11.5,5.0,26.45,t_866,968
2021-01-04 09:30,002209.XSHE,-3900,6.75,5.0,26.32,t_867,969
2021-01-04 09:30,300736.XSHE,-11400,9.25,10.54,105.45,t_868,970
2021-01-04 09:30,600615.XSHG,-7800,6.7,5.23,52.26,t_869,971
2021-01-04 09:30,600766.XSHG,-18700,5.39,10.08,100.79,t_870,972
2021-01-04 09:30,511880.XSHG,13100,100.136,0.0,0.0,t_871,973
2021-02-01 09:30,511880.XSHG,-13100,100.31,0.0,0.0,t_872,974
2021-02-02 09:30,002633.XSHE,4500,5.84,5.0,0.0,t_873,975
2021-02-02 09:30,600766.XSHG,6800,3.85,5.0,0.0,t_874,976
2021-02-02 09:30,300736.XSHE,3600,7.15,5.0,0.0,t_875,977
2021-02-02 09:30,000007.XSHE,9700,2.71,5.0,0.0,t_876,978
2021-02-02 09:30,002862.XSHE,3200,8.15,5.0,0.0,t_877,979
2021-02-02 09:30,600768.XSHG,3500,7.4,5.0,0.0,t_878,980
2021-02-02 09:30,300478.XSHE,3300,7.81,5.0,0.0,t_879,981
2021-02-02 09:30,600355.XSHG,13000,2.02,5.0,0.0,t_880,982
2021-02-02 09:30,600778.XSHG,8100,3.22,5.0,0.0,t_881,983
2021-02-02 09:30,600520.XSHG,4000,6.53,5.0,0.0,t_882,984
2021-02-05 09:30,002633.XSHE,4800,5.59,5.0,0.0,t_883,985
2021-02-05 09:30,600766.XSHG,7900,3.54,5.0,0.0,t_884,986
2021-02-05 09:30,300736.XSHE,4200,6.68,5.0,0.0,t_885,987
2021-02-05 09:30,000007.XSHE,10600,2.57,5.0,0.0,t_886,988
2021-02-05 09:30,002862.XSHE,3500,7.74,5.0,0.0,t_887,989
2021-02-05 09:30,600768.XSHG,3900,7.04,5.0,0.0,t_888,990
2021-02-05 09:30,300478.XSHE,3800,7.32,5.0,0.0,t_889,991
2021-02-05 09:30,600355.XSHG,14300,1.91,5.0,0.0,t_890,992
2021-02-05 09:30,600778.XSHG,8500,3.13,5.0,0.0,t_891,993
2021-02-05 09:30,600520.XSHG,200,6.18,5.0,0.0,t_892,994
2021-02-05 09:30,300312.XSHE,8500,3.06,5.0,0.0,t_893,995
2021-02-10 09:30,002633.XSHE,4600,5.56,5.0,0.0,t_894,996
2021-02-10 09:30,600766.XSHG,9900,3.15,5.0,0.0,t_895,997
2021-02-10 09:30,300736.XSHE,4100,6.5,5.0,0.0,t_896,998
2021-02-10 09:30,000007.XSHE,10800,2.49,5.0,0.0,t_897,999
2021-02-10 09:30,002862.XSHE,3000,7.91,5.0,0.0,t_898,1000
2021-02-10 09:30,600768.XSHG,3500,7.07,5.0,0.0,t_899,1001
2021-02-10 09:30,300478.XSHE,3700,7.13,5.0,0.0,t_900,1002
2021-02-10 09:30,600355.XSHG,13900,1.88,5.0,0.0,t_901,1003
2021-02-10 09:30,600778.XSHG,100,3.09,5.0,0.0,t_902,1004
2021-02-10 09:30,300312.XSHE,9700,2.83,5.0,0.0,t_903,1005
2021-02-10 09:30,000502.XSHE,4900,5.18,5.0,0.0,t_904,1006
2021-02-22 09:30,002633.XSHE,4900,6.08,5.0,0.0,t_905,1007
2021-02-22 09:30,300736.XSHE,4000,7.2,5.0,0.0,t_906,1008
2021-02-22 09:30,000007.XSHE,5300,3.14,5.0,0.0,t_907,1009
2021-02-22 09:30,002862.XSHE,3400,8.73,5.0,0.0,t_908,1010
2021-02-22 09:30,300478.XSHE,3300,8.12,5.0,0.0,t_909,1011
2021-02-22 09:30,600355.XSHG,13100,2.11,5.0,0.0,t_910,1012
2021-02-22 09:30,600778.XSHG,8200,3.44,5.0,0.0,t_911,1013
2021-02-22 09:30,600520.XSHG,4400,6.63,5.0,0.0,t_912,1014
2021-02-22 09:30,000502.XSHE,-100,6.07,5.0,0.61,t_913,1015
2021-02-22 09:30,603029.XSHG,2500,11.39,5.0,0.0,t_914,1016
2021-02-22 09:30,600506.XSHG,3700,7.56,5.0,0.0,t_915,1017
2021-02-23 14:00,000007.XSHE,-900,3.3,5.0,2.97,t_916,1018
2021-02-23 14:00,300312.XSHE,-4800,4.37,5.0,20.98,t_917,1019
2021-02-24 14:00,300312.XSHE,-2900,5.82,5.0,16.88,t_918,1020
2021-02-25 09:30,002633.XSHE,5500,6.25,5.0,0.0,t_919,1021
2021-02-25 09:30,300736.XSHE,4000,7.63,5.0,0.0,t_920,1022
2021-02-25 09:30,000007.XSHE,1400,3.3,5.0,0.0,t_921,1023
2021-02-25 09:30,600768.XSHG,4400,7.93,5.0,0.0,t_922,1024
2021-02-25 09:30,300478.XSHE,2900,8.91,5.0,0.0,t_923,1025
2021-02-25 09:30,600355.XSHG,14500,2.21,5.0,0.0,t_924,1026
2021-02-25 09:30,600778.XSHG,9300,3.56,5.0,0.0,t_925,1027
2021-02-25 09:30,600520.XSHG,4400,6.99,5.0,0.0,t_926,1028
2021-02-25 09:30,300312.XSHE,1100,5.22,5.0,0.0,t_927,1029
2021-02-25 09:30,603029.XSHG,2800,11.36,5.0,0.0,t_928,1030
2021-02-25 09:30,600506.XSHG,3200,7.49,5.0,0.0,t_929,1031
2021-02-25 14:00,600766.XSHG,-7300,5.26,5.0,38.4,t_930,1034
2021-02-25 14:00,002862.XSHE,-100,9.35,5.0,0.94,t_931,1035
2021-02-26 14:00,000007.XSHE,-5600,3.98,5.0,22.29,t_932,1036
2021-03-01 14:00,000007.XSHE,-2600,4.42,5.0,11.49,t_933,1037
2021-03-01 14:00,600506.XSHG,300,8.8,5.0,0.0,t_934,1038
2021-03-02 09:30,600766.XSHG,2300,4.82,5.0,0.0,t_935,1039
2021-03-02 09:30,300736.XSHE,-200,8.02,5.0,1.6,t_936,1040
2021-03-02 09:30,000007.XSHE,-4800,3.97,5.0,19.06,t_937,1041
2021-03-02 09:30,002862.XSHE,-4000,10.51,5.0,42.04,t_938,1042
2021-03-02 09:30,600768.XSHG,700,7.86,5.0,0.0,t_939,1043
2021-03-02 09:30,300478.XSHE,1000,8.71,5.0,0.0,t_940,1044
2021-03-02 09:30,600355.XSHG,2700,2.2,5.0,0.0,t_941,1045
2021-03-02 09:30,600778.XSHG,300,3.65,5.0,0.0,t_942,1046
2021-03-02 09:30,600520.XSHG,300,7.06,5.0,0.0,t_943,1047
2021-03-02 09:30,300312.XSHE,-300,5.6,5.0,1.68,t_944,1048
2021-03-02 09:30,000502.XSHE,5400,6.16,5.0,0.0,t_945,1049
2021-03-02 09:30,603029.XSHG,2800,11.64,5.0,0.0,t_946,1050
2021-03-02 09:30,600506.XSHG,200,8.49,5.0,0.0,t_947,1051
2021-03-02 09:30,603729.XSHG,2500,12.44,5.0,0.0,t_948,1052
2021-03-05 09:30,002633.XSHE,200,6.31,5.0,0.0,t_949,1053
2021-03-05 09:30,000007.XSHE,-6900,3.67,5.0,25.32,t_950,1055
2021-03-05 09:30,002862.XSHE,-2500,9.7,5.0,24.25,t_951,1056
2021-03-05 09:30,300478.XSHE,400,8.4,5.0,0.0,t_952,1057
2021-03-05 09:30,600355.XSHG,-2100,2.24,5.0,4.7,t_953,1058
2021-03-05 09:30,600778.XSHG,-9300,3.7,5.0,34.41,t_954,1059
2021-03-05 09:30,600520.XSHG,4200,7.1,5.0,0.0,t_955,1060
2021-03-05 09:30,000502.XSHE,5000,6.13,5.0,0.0,t_956,1061
2021-03-05 09:30,603029.XSHG,2100,11.66,5.0,0.0,t_957,1062
2021-03-05 09:30,600766.XSHG,100,4.4,5.0,0.0,t_958,1064
2021-03-05 14:00,300312.XSHE,-7000,7.53,5.27,52.71,t_959,1067
2021-03-10 09:30,002633.XSHE,100,6.29,5.0,0.0,t_960,1068
2021-03-10 09:30,600766.XSHG,2200,4.25,5.0,0.0,t_961,1069
2021-03-10 09:30,300736.XSHE,200,7.78,5.0,0.0,t_962,1070
2021-03-10 09:30,600768.XSHG,200,7.65,5.0,0.0,t_963,1071
2021-03-10 09:30,300478.XSHE,600,8.17,5.0,0.0,t_964,1072
2021-03-10 09:30,600355.XSHG,1200,2.2,5.0,0.0,t_965,1073
2021-03-10 09:30,600778.XSHG,8900,3.57,5.0,0.0,t_966,1074
2021-03-10 09:30,300312.XSHE,-4300,5.66,5.0,24.34,t_967,1076
2021-03-10 09:30,000502.XSHE,500,5.91,5.0,0.0,t_968,1077
2021-03-10 09:30,603029.XSHG,1800,11.69,5.0,0.0,t_969,1078
2021-03-10 09:30,600778.XSHG,100,3.57,5.0,0.0,t_970,1083
2021-03-10 14:00,000007.XSHE,-10200,4.47,5.0,45.59,t_971,1085
2021-03-10 14:00,002862.XSHE,-3700,11.18,5.0,41.37,t_972,1086
2021-03-15 09:30,600766.XSHG,8300,4.09,5.0,0.0,t_973,1087
2021-03-15 09:30,300736.XSHE,400,7.61,5.0,0.0,t_974,1088
2021-03-15 09:30,000007.XSHE,-6800,4.11,5.0,27.95,t_975,1089
2021-03-15 09:30,600768.XSHG,3700,7.77,5.0,0.0,t_976,1090
2021-03-15 09:30,300478.XSHE,-900,8.58,5.0,7.72,t_977,1091
2021-03-15 09:30,600355.XSHG,1300,2.15,5.0,0.0,t_978,1092
2021-03-15 09:30,600778.XSHG,700,3.54,5.0,0.0,t_979,1093
2021-03-15 09:30,600520.XSHG,4800,6.92,5.0,0.0,t_980,1094
2021-03-15 09:30,000502.XSHE,3000,6.04,5.0,0.0,t_981,1095
2021-03-15 09:30,600506.XSHG,-3400,7.87,5.0,26.76,t_982,1097
2021-03-15 09:30,603029.XSHG,1400,11.49,5.0,0.0,t_983,1098
2021-03-15 09:30,000502.XSHE,1700,6.04,5.0,0.0,t_984,1099
2021-03-15 14:00,002862.XSHE,-2800,10.92,5.0,30.58,t_985,1101
2021-03-18 09:30,002633.XSHE,400,6.49,5.0,0.0,t_986,1102
2021-03-18 09:30,600766.XSHG,6500,4.35,5.0,0.0,t_987,1103
2021-03-18 09:30,600355.XSHG,100,2.24,5.0,0.0,t_988,1106
2021-03-18 09:30,600778.XSHG,-10200,3.96,5.0,40.39,t_989,1107
2021-03-18 09:30,600520.XSHG,900,7.0,5.0,0.0,t_990,1108
2021-03-18 09:30,603029.XSHG,100,11.98,5.0,0.0,t_991,1109
2021-03-18 09:30,603729.XSHG,-2500,12.74,5.0,31.85,t_992,1110
2021-03-18 09:30,600766.XSHG,700,4.35,5.0,0.0,t_993,1111
2021-03-18 09:30,600768.XSHG,600,7.91,5.0,0.0,t_994,1112
2021-03-18 09:30,300478.XSHE,900,8.52,5.0,0.0,t_995,1113
2021-03-18 09:30,600355.XSHG,600,2.24,5.0,0.0,t_996,1114
2021-03-18 09:30,603269.XSHG,4600,10.21,5.0,0.0,t_997,1115
2021-03-18 09:30,000609.XSHE,200,3.89,5.0,0.0,t_998,1116
2021-03-18 14:00,600506.XSHG,-4000,8.64,5.0,34.56,t_999,1117
2021-03-19 14:00,600766.XSHG,-4900,5.1,5.0,24.99,t_1000,1118
2021-03-19 14:00,000502.XSHE,-2100,7.25,5.0,15.22,t_1001,1119
2021-03-22 14:00,600766.XSHG,-900,5.27,5.0,4.74,t_1002,1120
2021-03-23 09:30,002633.XSHE,700,6.44,5.0,0.0,t_1003,1121
2021-03-23 09:30,600766.XSHG,1300,5.02,5.0,0.0,t_1004,1122
2021-03-23 09:30,300736.XSHE,1000,7.77,5.0,0.0,t_1005,1123
2021-03-23 09:30,300478.XSHE,-300,8.88,5.0,2.66,t_1006,1124
2021-03-23 09:30,600355.XSHG,300,2.27,5.0,0.0,t_1007,1125
2021-03-23 09:30,600778.XSHG,1700,3.75,5.0,0.0,t_1008,1126
2021-03-23 09:30,600520.XSHG,100,7.09,5.0,0.0,t_1009,1127
2021-03-23 09:30,000502.XSHE,-4300,7.11,5.0,30.57,t_1010,1128
2021-03-23 09:30,603029.XSHG,200,12.02,5.0,0.0,t_1011,1129
2021-03-23 09:30,603269.XSHG,1600,10.55,5.0,0.0,t_1012,1130
2021-03-23 09:30,000609.XSHE,16700,3.91,6.53,0.0,t_1013,1131
2021-03-25 14:00,600766.XSHG,200,4.92,5.0,0.0,t_1014,1132
2021-03-26 09:30,002633.XSHE,-300,6.45,5.0,1.94,t_1015,1133
2021-03-26 09:30,300736.XSHE,300,7.39,5.0,0.0,t_1016,1134
2021-03-26 09:30,300478.XSHE,-500,9.0,5.0,4.5,t_1017,1136
2021-03-26 09:30,600355.XSHG,1600,2.19,5.0,0.0,t_1018,1137
2021-03-26 09:30,600778.XSHG,-500,3.79,5.0,1.9,t_1019,1138
2021-03-26 09:30,000502.XSHE,-3700,6.39,5.0,23.64,t_1020,1139
2021-03-26 09:30,603029.XSHG,-600,12.48,5.0,7.49,t_1021,1140
2021-03-26 09:30,603269.XSHG,100,10.32,5.0,0.0,t_1022,1141
2021-03-26 09:30,000609.XSHE,6900,4.11,5.0,0.0,t_1023,1142
2021-03-26 09:30,300736.XSHE,500,7.39,5.0,0.0,t_1024,1143
2021-03-26 09:30,600768.XSHG,100,7.82,5.0,0.0,t_1025,1144
2021-03-29 14:00,000609.XSHE,100,4.0,5.0,0.0,t_1026,1145
2021-03-31 09:30,002633.XSHE,-300,6.3,5.0,1.89,t_1027,1146
2021-03-31 09:30,600766.XSHG,400,4.3,5.0,0.0,t_1028,1147
2021-03-31 09:30,300736.XSHE,-100,7.17,5.0,0.72,t_1029,1148
2021-03-31 09:30,600768.XSHG,-1300,8.18,5.0,10.63,t_1030,1149
2021-03-31 09:30,300478.XSHE,900,8.24,5.0,0.0,t_1031,1150
2021-03-31 09:30,600355.XSHG,-1500,2.16,5.0,3.24,t_1032,1151
2021-03-31 09:30,600778.XSHG,-9300,3.81,5.0,35.43,t_1033,1152
2021-03-31 09:30,000502.XSHE,-5100,6.18,5.0,31.52,t_1034,1153
2021-03-31 09:30,603029.XSHG,-3000,12.6,5.0,37.8,t_1035,1154
2021-03-31 09:30,603269.XSHG,-100,10.19,5.0,1.02,t_1036,1155
2021-03-31 09:30,000609.XSHE,10600,3.65,5.0,0.0,t_1037,1156
2021-03-31 09:30,600766.XSHG,3100,4.3,5.0,0.0,t_1038,1157
2021-03-31 09:30,002862.XSHE,3300,9.3,5.0,0.0,t_1039,1158
2021-03-31 09:30,600561.XSHG,7500,4.03,5.0,0.0,t_1040,1159
2021-04-01 09:30,002633.XSHE,-25100,6.34,15.91,159.13,t_1041,1160
2021-04-01 09:30,600766.XSHG,-36600,4.31,15.77,157.75,t_1042,1161
2021-04-01 09:30,300736.XSHE,-22000,7.36,16.19,161.92,t_1043,1162
2021-04-01 09:30,600768.XSHG,-19300,8.24,15.9,159.03,t_1044,1163
2021-04-01 09:30,300478.XSHE,-19100,8.16,15.59,155.86,t_1045,1164
2021-04-01 09:30,600355.XSHG,-73000,2.26,16.5,164.98,t_1046,1165
2021-04-01 09:30,600778.XSHG,-16600,3.65,6.06,60.59,t_1047,1166
2021-04-01 09:30,600520.XSHG,-23300,6.83,15.91,159.14,t_1048,1167
2021-04-01 09:30,000502.XSHE,-5200,6.12,5.0,31.82,t_1049,1168
2021-04-01 09:30,603029.XSHG,-10100,12.5,12.62,126.25,t_1050,1169
2021-04-01 09:30,603269.XSHG,-6200,10.26,6.36,63.61,t_1051,1170
2021-04-01 09:30,000609.XSHE,-34500,3.67,12.66,126.62,t_1052,1171
2021-04-01 09:30,002862.XSHE,-3300,9.59,5.0,31.65,t_1053,1172
2021-04-01 09:30,600561.XSHG,-7500,4.08,5.0,30.6,t_1054,1173
2021-04-01 09:30,511880.XSHG,15700,100.682,0.0,0.0,t_1055,1174
2021-05-06 09:30,511880.XSHG,-15700,100.881,0.0,0.0,t_1056,1175
2021-05-10 09:30,300736.XSHE,4100,7.6,5.0,0.0,t_1057,1176
2021-05-10 09:30,002633.XSHE,4600,6.8,5.0,0.0,t_1058,1177
2021-05-10 09:30,600768.XSHG,3900,7.99,5.0,0.0,t_1059,1178
2021-05-10 09:30,600520.XSHG,4700,6.74,5.0,0.0,t_1060,1179
2021-05-10 09:30,300478.XSHE,3800,8.34,5.0,0.0,t_1061,1180
2021-05-10 09:30,600355.XSHG,14300,2.21,5.0,0.0,t_1062,1181
2021-05-10 09:30,600455.XSHG,1800,17.5,5.0,0.0,t_1063,1182
2021-05-10 09:30,603029.XSHG,2600,12.21,5.0,0.0,t_1064,1183
2021-05-10 09:30,603813.XSHG,2400,12.86,5.0,0.0,t_1065,1184
2021-05-10 09:30,603269.XSHG,3100,10.21,5.0,0.0,t_1066,1185
2021-05-13 09:30,300736.XSHE,4100,7.79,5.0,0.0,t_1067,1186
2021-05-13 09:30,002633.XSHE,4700,6.81,5.0,0.0,t_1068,1187
2021-05-13 09:30,600768.XSHG,3800,8.24,5.0,0.0,t_1069,1188
2021-05-13 09:30,600520.XSHG,4400,6.97,5.0,0.0,t_1070,1189
2021-05-13 09:30,300478.XSHE,3300,8.99,5.0,0.0,t_1071,1190
2021-05-13 09:30,600355.XSHG,13700,2.28,5.0,0.0,t_1072,1191
2021-05-13 09:30,600455.XSHG,1700,18.05,5.0,0.0,t_1073,1192
2021-05-13 09:30,603029.XSHG,2500,12.31,5.0,0.0,t_1074,1193
2021-05-13 09:30,603813.XSHG,2500,12.88,5.0,0.0,t_1075,1194
2021-05-13 09:30,603269.XSHG,3100,10.31,5.0,0.0,t_1076,1195
2021-05-18 09:30,300736.XSHE,3500,8.17,5.0,0.0,t_1077,1196
2021-05-18 09:30,002633.XSHE,4800,6.78,5.0,0.0,t_1078,1197
2021-05-18 09:30,600768.XSHG,4000,8.12,5.0,0.0,t_1079,1198
2021-05-18 09:30,600520.XSHG,4700,6.9,5.0,0.0,t_1080,1199
2021-05-18 09:30,300478.XSHE,3700,8.8,5.0,0.0,t_1081,1200
2021-05-18 09:30,600355.XSHG,13900,2.28,5.0,0.0,t_1082,1201
2021-05-18 09:30,600455.XSHG,1900,17.43,5.0,0.0,t_1083,1202
2021-05-18 09:30,603029.XSHG,2800,12.11,5.0,0.0,t_1084,1203
2021-05-18 09:30,603813.XSHG,2300,13.18,5.0,0.0,t_1085,1204
2021-05-18 09:30,603269.XSHG,3100,10.2,5.0,0.0,t_1086,1205
2021-05-21 09:30,300736.XSHE,2800,8.84,5.0,0.0,t_1087,1206
2021-05-21 09:30,002633.XSHE,4800,6.8,5.0,0.0,t_1088,1207
2021-05-21 09:30,600768.XSHG,4200,8.08,5.0,0.0,t_1089,1208
2021-05-21 09:30,600520.XSHG,4700,6.94,5.0,0.0,t_1090,1209
2021-05-21 09:30,300478.XSHE,3800,8.78,5.0,0.0,t_1091,1210
2021-05-21 09:30,600455.XSHG,1900,17.59,5.0,0.0,t_1092,1211
2021-05-21 09:30,603029.XSHG,2700,12.06,5.0,0.0,t_1093,1212
2021-05-21 09:30,603813.XSHG,2700,13.02,5.0,0.0,t_1094,1213
2021-05-21 09:30,603269.XSHG,3200,10.25,5.0,0.0,t_1095,1214
2021-05-21 09:30,600561.XSHG,7900,4.06,5.0,0.0,t_1096,1215
2021-05-24 14:00,600355.XSHG,-5800,2.73,5.0,15.83,t_1097,1216
2021-05-26 09:30,300736.XSHE,-1600,10.3,5.0,16.48,t_1098,1217
2021-05-26 09:30,002633.XSHE,5500,6.75,5.0,0.0,t_1099,1218
2021-05-26 09:30,600768.XSHG,4100,8.22,5.0,0.0,t_1100,1219
2021-05-26 09:30,600520.XSHG,4800,7.08,5.0,0.0,t_1101,1220
2021-05-26 09:30,300478.XSHE,4200,8.78,5.0,0.0,t_1102,1221
2021-05-26 09:30,600355.XSHG,2100,2.59,5.0,0.0,t_1103,1222
2021-05-26 09:30,600455.XSHG,1900,17.88,5.0,0.0,t_1104,1223
2021-05-26 09:30,603029.XSHG,2800,12.24,5.0,0.0,t_1105,1224
2021-05-26 09:30,603813.XSHG,2500,13.24,5.0,0.0,t_1106,1225
2021-05-26 09:30,603269.XSHG,3300,10.43,5.0,0.0,t_1107,1226
2021-05-26 09:30,600561.XSHG,8200,4.08,5.0,0.0,t_1108,1227
2021-05-26 09:30,603389.XSHG,7200,4.58,5.0,0.0,t_1109,1228
2021-05-31 09:30,300736.XSHE,-3900,11.3,5.0,44.07,t_1110,1229
2021-05-31 09:30,600520.XSHG,200,7.18,5.0,0.0,t_1111,1230
2021-05-31 09:30,300478.XSHE,-300,9.15,5.0,2.75,t_1112,1231
2021-05-31 09:30,600355.XSHG,-12800,2.66,5.0,34.05,t_1113,1232
2021-05-31 09:30,600455.XSHG,100,18.06,5.0,0.0,t_1114,1233
2021-05-31 09:30,603029.XSHG,200,12.36,5.0,0.0,t_1115,1234
2021-05-31 09:30,603813.XSHG,100,13.45,5.0,0.0,t_1116,1235
2021-05-31 09:30,603269.XSHG,300,10.47,5.0,0.0,t_1117,1236
2021-05-31 09:30,600561.XSHG,8600,4.09,5.0,0.0,t_1118,1237
2021-05-31 09:30,603389.XSHG,8300,4.35,5.0,0.0,t_1119,1238
2021-06-03 09:30,300736.XSHE,-3100,11.75,5.0,36.43,t_1120,1239
2021-06-03 09:30,002633.XSHE,100,6.94,5.0,0.0,t_1121,1240
2021-06-03 09:30,600768.XSHG,200,8.42,5.0,0.0,t_1122,1241
2021-06-03 09:30,600520.XSHG,100,7.22,5.0,0.0,t_1123,1242
2021-06-03 09:30,300478.XSHE,-400,9.45,5.0,3.78,t_1124,1243
2021-06-03 09:30,600355.XSHG,-11800,2.52,5.0,29.74,t_1125,1244
2021-06-03 09:30,603029.XSHG,100,12.41,5.0,0.0,t_1126,1245
2021-06-03 09:30,603269.XSHG,-200,10.73,5.0,2.15,t_1127,1246
2021-06-03 09:30,600561.XSHG,8600,4.09,5.0,0.0,t_1128,1247
2021-06-03 09:30,603389.XSHG,7600,4.41,5.0,0.0,t_1129,1248
2021-06-04 14:00,600520.XSHG,-1500,7.85,5.0,11.78,t_1130,1249
2021-06-08 09:30,300736.XSHE,-3100,12.72,5.0,39.43,t_1131,1250
2021-06-08 09:30,002633.XSHE,600,6.89,5.0,0.0,t_1132,1251
2021-06-08 09:30,600768.XSHG,300,8.41,5.0,0.0,t_1133,1252
2021-06-08 09:30,600520.XSHG,-4400,7.86,5.0,34.58,t_1134,1253
2021-06-08 09:30,300478.XSHE,200,9.43,5.0,0.0,t_1135,1254
2021-06-08 09:30,600355.XSHG,-13600,2.57,5.0,34.95,t_1136,1255
2021-06-08 09:30,600455.XSHG,100,18.3,5.0,0.0,t_1137,1256
2021-06-08 09:30,603813.XSHG,300,13.43,5.0,0.0,t_1138,1257
2021-06-08 09:30,603269.XSHG,100,10.75,5.0,0.0,t_1139,1258
2021-06-08 09:30,600561.XSHG,8500,4.13,5.0,0.0,t_1140,1259
2021-06-08 09:30,603389.XSHG,7500,4.52,5.0,0.0,t_1141,1260
2021-06-08 09:30,600778.XSHG,8900,3.87,5.0,0.0,t_1142,1261
2021-06-11 09:30,300736.XSHE,-2800,12.07,5.0,33.8,t_1143,1262
2021-06-11 09:30,002633.XSHE,-200,7.08,5.0,1.42,t_1144,1263
2021-06-11 09:30,600768.XSHG,-600,8.88,5.0,5.33,t_1145,1264
2021-06-11 09:30,600520.XSHG,300,7.83,5.0,0.0,t_1146,1265
2021-06-11 09:30,300478.XSHE,-200,9.78,5.0,1.96,t_1147,1266
2021-06-11 09:30,603029.XSHG,100,12.74,5.0,0.0,t_1148,1267
2021-06-11 09:30,603813.XSHG,200,13.52,5.0,0.0,t_1149,1268
2021-06-11 09:30,603269.XSHG,100,10.91,5.0,0.0,t_1150,1269
2021-06-11 09:30,600561.XSHG,-100,4.23,5.0,0.42,t_1151,1270
2021-06-11 09:30,603389.XSHG,8800,4.41,5.0,0.0,t_1152,1271
2021-06-11 09:30,600778.XSHG,-300,4.1,5.0,1.23,t_1153,1272
2021-06-11 09:30,603389.XSHG,200,4.41,5.0,0.0,t_1154,1273
2021-06-17 09:30,002633.XSHE,-100,7.02,5.0,0.7,t_1155,1274
2021-06-17 09:30,600520.XSHG,-4600,7.8,5.0,35.88,t_1156,1275
2021-06-17 09:30,300478.XSHE,-400,9.85,5.0,3.94,t_1157,1276
2021-06-17 09:30,600561.XSHG,200,4.14,5.0,0.0,t_1158,1277
2021-06-17 09:30,603389.XSHG,900,4.29,5.0,0.0,t_1159,1278
2021-06-17 09:30,600778.XSHG,8900,3.97,5.0,0.0,t_1160,1279
2021-06-22 09:30,002633.XSHE,-600,7.27,5.0,4.36,t_1161,1280
2021-06-22 09:30,600768.XSHG,300,8.67,5.0,0.0,t_1162,1281
2021-06-22 09:30,600520.XSHG,-4600,8.05,5.0,37.03,t_1163,1282
2021-06-22 09:30,300478.XSHE,1100,9.32,5.0,0.0,t_1164,1283
2021-06-22 09:30,603029.XSHG,-200,12.91,5.0,2.58,t_1165,1284
2021-06-22 09:30,603813.XSHG,-100,13.61,5.0,1.36,t_1166,1285
2021-06-22 09:30,603269.XSHG,-100,11.02,5.0,1.1,t_1167,1286
2021-06-22 09:30,600561.XSHG,100,4.17,5.0,0.0,t_1168,1287
2021-06-22 09:30,603389.XSHG,-200,4.36,5.0,0.87,t_1169,1288
2021-06-22 09:30,600778.XSHG,8800,3.95,5.0,0.0,t_1170,1289
2021-06-25 09:30,600520.XSHG,-4500,8.39,5.0,37.76,t_1171,1291
2021-06-25 09:30,300478.XSHE,500,9.14,5.0,0.0,t_1172,1292
2021-06-25 09:30,600455.XSHG,300,18.12,5.0,0.0,t_1173,1293
2021-06-25 09:30,603029.XSHG,-100,13.19,5.0,1.32,t_1174,1294
2021-06-25 09:30,603269.XSHG,-200,11.2,5.0,2.24,t_1175,1295
2021-06-25 09:30,600561.XSHG,-400,4.25,5.0,1.7,t_1176,1296
2021-06-25 09:30,603389.XSHG,-400,4.44,5.0,1.78,t_1177,1297
2021-06-25 09:30,600778.XSHG,8600,4.03,5.0,0.0,t_1178,1298
2021-06-29 14:00,603389.XSHG,-4400,5.0,5.0,22.0,t_1179,1300
2021-06-30 09:30,002633.XSHE,-600,7.51,5.0,4.51,t_1180,1301
2021-06-30 09:30,600768.XSHG,600,8.5,5.0,0.0,t_1181,1302
2021-06-30 09:30,300478.XSHE,-300,9.33,5.0,2.8,t_1182,1303
2021-06-30 09:30,600455.XSHG,200,17.89,5.0,0.0,t_1183,1304
2021-06-30 09:30,603813.XSHG,300,13.35,5.0,0.0,t_1184,1305
2021-06-30 09:30,603269.XSHG,800,10.64,5.0,0.0,t_1185,1306
2021-06-30 09:30,600561.XSHG,600,4.19,5.0,0.0,t_1186,1307
2021-06-30 09:30,603389.XSHG,-6600,4.92,5.0,32.47,t_1187,1308
2021-06-30 09:30,600778.XSHG,100,4.04,5.0,0.0,t_1188,1309
2021-06-30 09:30,603286.XSHG,2500,14.09,5.0,0.0,t_1189,1310
2021-07-01 14:00,600520.XSHG,-200,8.85,5.0,1.77,t_1190,1311
2021-07-02 14:00,600778.XSHG,-4100,4.62,5.0,18.94,t_1191,1312
2021-07-05 09:30,002633.XSHE,700,7.28,5.0,0.0,t_1192,1313
2021-07-05 09:30,600520.XSHG,-4100,8.42,5.0,34.52,t_1193,1314
2021-07-05 09:30,300478.XSHE,200,9.23,5.0,0.0,t_1194,1315
2021-07-05 09:30,600455.XSHG,100,17.67,5.0,0.0,t_1195,1316
2021-07-05 09:30,603029.XSHG,300,12.84,5.0,0.0,t_1196,1317
2021-07-05 09:30,600561.XSHG,700,4.13,5.0,0.0,t_1197,1318
2021-07-05 09:30,603389.XSHG,-6800,4.83,5.0,32.84,t_1198,1319
2021-07-05 09:30,600778.XSHG,500,4.51,5.0,0.0,t_1199,1320
2021-07-05 09:30,002830.XSHE,3700,9.45,5.0,0.0,t_1200,1321
2021-07-05 09:30,000702.XSHE,7400,4.78,5.0,0.0,t_1201,1322
2021-07-08 09:30,600768.XSHG,-100,8.93,5.0,0.89,t_1202,1323
2021-07-08 09:30,300478.XSHE,-5400,10.71,5.78,57.83,t_1203,1324
2021-07-08 09:30,600455.XSHG,200,18.04,5.0,0.0,t_1204,1325
2021-07-08 09:30,603029.XSHG,-100,13.5,5.0,1.35,t_1205,1326
2021-07-08 09:30,603813.XSHG,300,13.62,5.0,0.0,t_1206,1327
2021-07-08 09:30,603269.XSHG,300,10.86,5.0,0.0,t_1207,1328
2021-07-08 09:30,600561.XSHG,900,4.21,5.0,0.0,t_1208,1329
2021-07-08 09:30,603389.XSHG,-7100,4.95,5.0,35.15,t_1209,1330
2021-07-08 09:30,600778.XSHG,-6700,4.49,5.0,30.08,t_1210,1331
2021-07-08 09:30,002830.XSHE,3900,9.69,5.0,0.0,t_1211,1332
2021-07-08 09:30,000702.XSHE,7600,4.9,5.0,0.0,t_1212,1333
2021-07-08 09:30,600520.XSHG,4600,8.0,5.0,0.0,t_1213,1334
2021-07-13 09:30,002633.XSHE,100,7.69,5.0,0.0,t_1214,1335
2021-07-13 09:30,300478.XSHE,-3100,10.62,5.0,32.92,t_1215,1336
2021-07-13 09:30,603813.XSHG,300,13.66,5.0,0.0,t_1216,1337
2021-07-13 09:30,603269.XSHG,400,10.9,5.0,0.0,t_1217,1338
2021-07-13 09:30,600561.XSHG,900,4.23,5.0,0.0,t_1218,1339
2021-07-13 09:30,603389.XSHG,400,4.89,5.0,0.0,t_1219,1340
2021-07-13 09:30,600778.XSHG,-7400,4.4,5.0,32.56,t_1220,1341
2021-07-13 09:30,002830.XSHE,3900,9.87,5.0,0.0,t_1221,1342
2021-07-13 09:30,000702.XSHE,2600,4.89,5.0,0.0,t_1222,1343
2021-07-13 14:00,603029.XSHG,-3900,15.43,6.02,60.18,t_1223,1348
2021-07-16 09:30,002633.XSHE,-200,7.6,5.0,1.52,t_1224,1349
2021-07-16 09:30,600768.XSHG,-300,8.99,5.0,2.7,t_1225,1350
2021-07-16 09:30,300478.XSHE,-3800,10.77,5.0,40.93,t_1226,1351
2021-07-16 09:30,603029.XSHG,1000,13.54,5.0,0.0,t_1227,1352
2021-07-16 09:30,603813.XSHG,-200,13.49,5.0,2.7,t_1228,1353
2021-07-16 09:30,603269.XSHG,-300,10.84,5.0,3.25,t_1229,1354
2021-07-16 09:30,600561.XSHG,-1100,4.21,5.0,4.63,t_1230,1355
2021-07-16 09:30,603389.XSHG,200,4.7,5.0,0.0,t_1231,1356
2021-07-16 09:30,600778.XSHG,-8900,4.4,5.0,39.16,t_1232,1357
2021-07-16 09:30,002830.XSHE,100,9.46,5.0,0.0,t_1233,1358
2021-07-16 09:30,000702.XSHE,14500,4.56,6.61,0.0,t_1234,1359
2021-07-16 09:30,600520.XSHG,9500,7.64,7.26,0.0,t_1235,1360
2021-07-21 09:30,603029.XSHG,-2900,13.97,5.0,40.51,t_1236,1365
2021-07-21 09:30,600561.XSHG,-600,4.23,5.0,2.54,t_1237,1366
2021-07-21 09:30,603389.XSHG,7700,4.66,5.0,0.0,t_1238,1367
2021-07-21 09:30,600778.XSHG,-8400,4.38,5.0,36.79,t_1239,1368
2021-07-21 09:30,603286.XSHG,-2500,14.56,5.0,36.4,t_1240,1369
2021-07-21 09:30,002830.XSHE,3800,9.41,5.0,0.0,t_1241,1370
2021-07-21 09:30,000702.XSHE,8000,4.52,5.0,0.0,t_1242,1371
2021-07-21 09:30,600520.XSHG,-600,8.12,5.0,4.87,t_1243,1372
2021-07-21 09:30,002633.XSHE,900,7.22,5.0,0.0,t_1244,1373
2021-07-21 09:30,600768.XSHG,400,8.73,5.0,0.0,t_1245,1374
2021-07-21 09:30,300478.XSHE,300,10.0,5.0,0.0,t_1246,1375
2021-07-26 09:30,002633.XSHE,-300,7.37,5.0,2.21,t_1247,1376
2021-07-26 09:30,600768.XSHG,-200,8.9,5.0,1.78,t_1248,1377
2021-07-26 09:30,300478.XSHE,-3700,10.53,5.0,38.96,t_1249,1378
2021-07-26 09:30,600455.XSHG,100,17.59,5.0,0.0,t_1250,1379
2021-07-26 09:30,603029.XSHG,200,13.47,5.0,0.0,t_1251,1380
2021-07-26 09:30,603813.XSHG,300,13.06,5.0,0.0,t_1252,1381
2021-07-26 09:30,600561.XSHG,-400,4.29,5.0,1.72,t_1253,1382
2021-07-26 09:30,603389.XSHG,7600,4.72,5.0,0.0,t_1254,1383
2021-07-26 09:30,000702.XSHE,200,4.46,5.0,0.0,t_1255,1384
2021-07-26 09:30,600520.XSHG,-700,8.57,5.0,6.0,t_1256,1385
2021-07-26 09:30,000702.XSHE,600,4.46,5.0,0.0,t_1257,1386
2021-07-29 09:30,002633.XSHE,300,6.84,5.0,0.0,t_1258,1387
2021-07-29 09:30,300478.XSHE,100,9.45,5.0,0.0,t_1259,1388
2021-07-29 09:30,600561.XSHG,-1000,4.14,5.0,4.14,t_1260,1391
2021-07-29 09:30,603389.XSHG,1000,4.46,5.0,0.0,t_1261,1392
2021-07-29 09:30,600520.XSHG,-4300,8.19,5.0,35.22,t_1262,1394
2021-07-29 09:30,603813.XSHG,100,12.25,5.0,0.0,t_1263,1395
2021-07-29 09:30,000702.XSHE,300,4.17,5.0,0.0,t_1264,1396
2021-07-29 09:30,603269.XSHG,100,10.05,5.0,0.0,t_1265,1397
2021-07-29 09:30,603389.XSHG,6600,4.46,5.0,0.0,t_1266,1398
2021-08-03 09:30,002633.XSHE,-400,7.25,5.0,2.9,t_1267,1399
2021-08-03 09:30,600768.XSHG,-700,9.02,5.0,6.31,t_1268,1400
2021-08-03 09:30,300478.XSHE,1200,9.3,5.0,0.0,t_1269,1401
2021-08-03 09:30,603029.XSHG,-400,14.09,5.0,5.64,t_1270,1403
2021-08-03 09:30,603813.XSHG,300,12.43,5.0,0.0,t_1271,1404
2021-08-03 09:30,600561.XSHG,600,4.06,5.0,0.0,t_1272,1405
2021-08-03 09:30,600520.XSHG,-4300,8.66,5.0,37.24,t_1273,1406
2021-08-03 09:30,600455.XSHG,100,17.07,5.0,0.0,t_1274,1407
2021-08-03 09:30,600561.XSHG,1800,4.06,5.0,0.0,t_1275,1408
2021-08-03 09:30,300478.XSHE,2800,9.3,5.0,0.0,t_1276,1409
2021-08-06 09:30,600768.XSHG,100,9.06,5.0,0.0,t_1277,1410
2021-08-06 09:30,300478.XSHE,100,9.16,5.0,0.0,t_1278,1411
2021-08-06 09:30,603029.XSHG,-3100,15.79,5.0,48.95,t_1279,1413
2021-08-06 09:30,603269.XSHG,100,10.52,5.0,0.0,t_1280,1414
2021-08-06 09:30,600561.XSHG,200,4.1,5.0,0.0,t_1281,1415
2021-08-06 09:30,603389.XSHG,-300,4.75,5.0,1.43,t_1282,1416
2021-08-06 09:30,002830.XSHE,4200,9.22,5.0,0.0,t_1283,1417
2021-08-06 09:30,000702.XSHE,500,4.34,5.0,0.0,t_1284,1418
2021-08-06 09:30,600520.XSHG,-4200,8.35,5.0,35.07,t_1285,1419
2021-08-06 09:30,600455.XSHG,200,17.1,5.0,0.0,t_1286,1420
2021-08-06 09:30,300478.XSHE,4100,9.16,5.0,0.0,t_1287,1421
2021-08-11 09:30,002633.XSHE,-500,7.72,5.0,3.86,t_1288,1422
2021-08-11 09:30,600768.XSHG,-100,9.41,5.0,0.94,t_1289,1423
2021-08-11 09:30,600455.XSHG,-100,17.81,5.0,1.78,t_1290,1424
2021-08-11 09:30,603029.XSHG,300,15.08,5.0,0.0,t_1291,1425
2021-08-11 09:30,603813.XSHG,100,12.9,5.0,0.0,t_1292,1426
2021-08-11 09:30,603269.XSHG,100,10.76,5.0,0.0,t_1293,1427
2021-08-11 09:30,603389.XSHG,200,4.85,5.0,0.0,t_1294,1428
2021-08-11 09:30,002830.XSHE,-200,9.63,5.0,1.93,t_1295,1429
2021-08-11 09:30,000702.XSHE,100,4.46,5.0,0.0,t_1296,1430
2021-08-16 09:30,002633.XSHE,-100,7.86,5.0,0.79,t_1297,1431
2021-08-16 09:30,300478.XSHE,200,9.54,5.0,0.0,t_1298,1432
2021-08-16 09:30,603029.XSHG,-2300,14.72,5.0,33.86,t_1299,1433
2021-08-16 09:30,603813.XSHG,-100,13.26,5.0,1.33,t_1300,1434
2021-08-16 09:30,600561.XSHG,300,4.24,5.0,0.0,t_1301,1435
2021-08-16 09:30,603389.XSHG,-8100,4.99,5.0,40.42,t_1302,1436
2021-08-16 09:30,002830.XSHE,100,9.65,5.0,0.0,t_1303,1437
2021-08-16 09:30,000702.XSHE,300,4.48,5.0,0.0,t_1304,1438
2021-08-16 09:30,300478.XSHE,3800,9.54,5.0,0.0,t_1305,1439
2021-08-16 09:30,600493.XSHG,7800,4.68,5.0,0.0,t_1306,1440
2021-08-19 09:30,603029.XSHG,-2600,14.12,5.0,36.71,t_1307,1443
2021-08-19 09:30,603813.XSHG,100,13.05,5.0,0.0,t_1308,1444
2021-08-19 09:30,603269.XSHG,-200,11.06,5.0,2.21,t_1309,1445
2021-08-19 09:30,600561.XSHG,-1500,4.39,5.0,6.58,t_1310,1446
2021-08-19 09:30,603389.XSHG,-7000,4.87,5.0,34.09,t_1311,1447
2021-08-19 09:30,002830.XSHE,-4400,10.0,5.0,44.0,t_1312,1448
2021-08-19 09:30,000702.XSHE,300,4.44,5.0,0.0,t_1313,1449
2021-08-19 09:30,600493.XSHG,8300,4.66,5.0,0.0,t_1314,1450
2021-08-19 09:30,300478.XSHE,4700,9.15,5.0,0.0,t_1315,1451
2021-08-19 09:30,600768.XSHG,100,9.4,5.0,0.0,t_1316,1452
2021-08-19 09:30,600778.XSHG,9200,4.06,5.0,0.0,t_1317,1453
2021-08-24 09:30,600455.XSHG,-100,18.55,5.0,1.85,t_1318,1456
2021-08-24 09:30,603269.XSHG,-100,11.29,5.0,1.13,t_1319,1457
2021-08-24 09:30,600561.XSHG,-9900,4.65,5.0,46.04,t_1320,1458
2021-08-24 09:30,002830.XSHE,-3500,10.0,5.0,35.0,t_1321,1459
2021-08-24 09:30,000702.XSHE,700,4.45,5.0,0.0,t_1322,1460
2021-08-24 09:30,600493.XSHG,8400,4.69,5.0,0.0,t_1323,1461
2021-08-24 09:30,600778.XSHG,9400,4.12,5.0,0.0,t_1324,1462
2021-08-24 09:30,300478.XSHE,100,9.31,5.0,0.0,t_1325,1463
2021-08-24 09:30,600768.XSHG,200,9.4,5.0,0.0,t_1326,1464
2021-08-27 09:30,002633.XSHE,-200,8.3,5.0,1.66,t_1327,1465
2021-08-27 09:30,600768.XSHG,200,9.48,5.0,0.0,t_1328,1466
2021-08-27 09:30,600561.XSHG,-8600,4.85,5.0,41.71,t_1329,1469
2021-08-27 09:30,603389.XSHG,-8400,5.32,5.0,44.69,t_1330,1470
2021-08-27 09:30,002830.XSHE,-4000,10.42,5.0,41.68,t_1331,1471
2021-08-27 09:30,000702.XSHE,200,4.56,5.0,0.0,t_1332,1472
2021-08-27 09:30,600493.XSHG,8400,4.8,5.0,0.0,t_1333,1473
2021-08-27 09:30,600778.XSHG,-100,4.28,5.0,0.43,t_1334,1474
2021-08-27 09:30,300478.XSHE,400,9.4,5.0,0.0,t_1335,1475
2021-08-27 09:30,603269.XSHG,100,11.54,5.0,0.0,t_1336,1476
2021-08-27 09:30,600768.XSHG,400,9.48,5.0,0.0,t_1337,1477
2021-08-27 09:30,002417.XSHE,8000,4.88,5.0,0.0,t_1338,1478
2021-08-27 09:30,002836.XSHE,4700,8.31,5.0,0.0,t_1339,1479
2021-09-01 09:30,300478.XSHE,-100,9.46,5.0,0.95,t_1340,1482
2021-09-01 09:30,603269.XSHG,-200,11.75,5.0,2.35,t_1341,1483
2021-09-01 09:30,600561.XSHG,-8800,5.06,5.0,44.53,t_1342,1484
2021-09-01 09:30,603389.XSHG,-7300,5.23,5.0,38.18,t_1343,1485
2021-09-01 09:30,002830.XSHE,-3700,10.29,5.0,38.07,t_1344,1486
2021-09-01 09:30,000702.XSHE,100,4.55,5.0,0.0,t_1345,1487
2021-09-01 09:30,600493.XSHG,-1000,4.97,5.0,4.97,t_1346,1488
2021-09-01 09:30,600778.XSHG,-300,4.36,5.0,1.31,t_1347,1489
2021-09-01 09:30,002417.XSHE,8500,4.78,5.0,0.0,t_1348,1490
2021-09-01 09:30,002836.XSHE,4700,8.33,5.0,0.0,t_1349,1491
2021-09-01 09:30,002633.XSHE,600,8.04,5.0,0.0,t_1350,1492
2021-09-01 09:30,600768.XSHG,700,9.15,5.0,0.0,t_1351,1493
2021-09-01 09:30,603709.XSHG,2400,16.31,5.0,0.0,t_1352,1494
2021-09-06 09:30,603813.XSHG,-100,14.05,5.0,1.41,t_1353,1497
2021-09-06 09:30,603269.XSHG,100,11.66,5.0,0.0,t_1354,1498
2021-09-06 09:30,600561.XSHG,-7600,4.99,5.0,37.92,t_1355,1499
2021-09-06 09:30,002830.XSHE,-3900,10.5,5.0,40.95,t_1356,1500
2021-09-06 09:30,000702.XSHE,-100,4.62,5.0,0.46,t_1357,1501
2021-09-06 09:30,600493.XSHG,-8300,5.08,5.0,42.16,t_1358,1502
2021-09-06 09:30,600778.XSHG,-300,4.48,5.0,1.34,t_1359,1503
2021-09-06 09:30,002417.XSHE,7800,4.91,5.0,0.0,t_1360,1504
2021-09-06 09:30,603709.XSHG,2300,16.64,5.0,0.0,t_1361,1505
2021-09-06 09:30,002633.XSHE,400,7.99,5.0,0.0,t_1362,1506
2021-09-06 09:30,600768.XSHG,200,9.18,5.0,0.0,t_1363,1507
2021-09-06 09:30,603269.XSHG,100,11.66,5.0,0.0,t_1364,1508
2021-09-06 09:30,603029.XSHG,2800,14.19,5.0,0.0,t_1365,1509
2021-09-09 09:30,603269.XSHG,-3600,12.4,5.0,44.64,t_1366,1514
2021-09-09 09:30,600561.XSHG,-8100,5.46,5.0,44.23,t_1367,1515
2021-09-09 09:30,000702.XSHE,500,4.75,5.0,0.0,t_1368,1516
2021-09-09 09:30,600493.XSHG,-7700,5.25,5.0,40.43,t_1369,1517
2021-09-09 09:30,600778.XSHG,-9300,4.88,5.0,45.38,t_1370,1518
2021-09-09 09:30,002417.XSHE,8200,5.12,5.0,0.0,t_1371,1519
2021-09-09 09:30,002836.XSHE,100,8.7,5.0,0.0,t_1372,1520
2021-09-09 09:30,603709.XSHG,2700,16.85,5.0,0.0,t_1373,1521
2021-09-09 09:30,603029.XSHG,2800,14.81,5.0,0.0,t_1374,1522
2021-09-09 09:30,300478.XSHE,500,9.72,5.0,0.0,t_1375,1523
2021-09-09 09:30,002633.XSHE,1000,8.02,5.0,0.0,t_1376,1524
2021-09-09 09:30,600455.XSHG,100,19.78,5.0,0.0,t_1377,1525
2021-09-09 09:30,603813.XSHG,100,14.42,5.0,0.0,t_1378,1526
2021-09-09 09:30,600520.XSHG,3000,8.62,5.0,0.0,t_1379,1527
2021-09-09 14:00,600768.XSHG,-400,9.68,5.0,3.87,t_1380,1528
2021-09-09 14:00,603389.XSHG,-300,5.71,5.0,1.71,t_1381,1529
2021-09-13 14:00,600778.XSHG,-500,5.07,5.0,2.54,t_1382,1530
2021-09-14 09:30,002633.XSHE,200,7.8,5.0,0.0,t_1383,1531
2021-09-14 09:30,600768.XSHG,600,9.3,5.0,0.0,t_1384,1532
2021-09-14 09:30,300478.XSHE,100,9.25,5.0,0.0,t_1385,1533
2021-09-14 09:30,603269.XSHG,-3700,12.5,5.0,46.25,t_1386,1534
2021-09-14 09:30,603389.XSHG,-7300,5.75,5.0,41.98,t_1387,1535
2021-09-14 09:30,000702.XSHE,-600,4.73,5.0,2.84,t_1388,1536
2021-09-14 09:30,600493.XSHG,-8300,5.4,5.0,44.82,t_1389,1537
2021-09-14 09:30,600778.XSHG,-8100,4.99,5.0,40.42,t_1390,1538
2021-09-14 09:30,002417.XSHE,7600,5.08,5.0,0.0,t_1391,1539
2021-09-14 09:30,603709.XSHG,2200,16.94,5.0,0.0,t_1392,1540
2021-09-14 09:30,603029.XSHG,2800,14.46,5.0,0.0,t_1393,1541
2021-09-14 09:30,600520.XSHG,6400,8.63,5.52,0.0,t_1394,1542
2021-09-14 09:30,300478.XSHE,500,9.25,5.0,0.0,t_1395,1543
2021-09-17 09:30,600455.XSHG,-400,20.28,5.0,8.11,t_1396,1546
2021-09-17 09:30,603269.XSHG,-3300,12.6,5.0,41.58,t_1397,1547
2021-09-17 09:30,000702.XSHE,-100,4.73,5.0,0.47,t_1398,1548
2021-09-17 09:30,600493.XSHG,-7600,5.36,5.0,40.74,t_1399,1549
2021-09-17 09:30,002417.XSHE,600,5.0,5.0,0.0,t_1400,1550
2021-09-17 09:30,002836.XSHE,-4700,8.58,5.0,40.33,t_1401,1551
2021-09-17 09:30,603709.XSHG,2500,16.83,5.0,0.0,t_1402,1552
2021-09-17 09:30,603029.XSHG,2900,14.35,5.0,0.0,t_1403,1553
2021-09-17 09:30,600520.XSHG,-200,8.86,5.0,1.77,t_1404,1554
2021-09-17 09:30,300478.XSHE,300,9.12,5.0,0.0,t_1405,1555
2021-09-17 09:30,600768.XSHG,300,9.16,5.0,0.0,t_1406,1556
2021-09-17 09:30,603286.XSHG,2500,15.68,5.0,0.0,t_1407,1557
2021-09-24 09:30,002633.XSHE,-300,7.81,5.0,2.34,t_1408,1558
2021-09-24 09:30,600768.XSHG,200,8.98,5.0,0.0,t_1409,1559
2021-09-24 09:30,600455.XSHG,-100,20.2,5.0,2.02,t_1410,1560
2021-09-24 09:30,603813.XSHG,-100,14.13,5.0,1.41,t_1411,1561
2021-09-24 09:30,603269.XSHG,-3200,12.36,5.0,39.55,t_1412,1562
2021-09-24 09:30,000702.XSHE,-100,4.69,5.0,0.47,t_1413,1563
2021-09-24 09:30,002417.XSHE,200,4.92,5.0,0.0,t_1414,1564
2021-09-24 09:30,002836.XSHE,-4800,8.54,5.0,40.99,t_1415,1565
2021-09-24 09:30,603029.XSHG,3100,13.9,5.0,0.0,t_1416,1566
2021-09-24 09:30,600520.XSHG,5000,8.45,5.0,0.0,t_1417,1567
2021-09-29 09:30,600768.XSHG,-100,8.38,5.0,0.84,t_1418,1569
2021-09-29 09:30,300478.XSHE,100,8.26,5.0,0.0,t_1419,1570
2021-09-29 09:30,603269.XSHG,-3300,11.46,5.0,37.82,t_1420,1571
2021-09-29 09:30,000702.XSHE,-1200,4.46,5.0,5.35,t_1421,1572
2021-09-29 09:30,002417.XSHE,1900,4.34,5.0,0.0,t_1422,1573
2021-09-29 09:30,603709.XSHG,-2700,15.99,5.0,43.17,t_1423,1574
2021-09-29 09:30,600520.XSHG,5100,7.69,5.0,0.0,t_1424,1575
2021-09-29 09:30,300478.XSHE,100,8.26,5.0,0.0,t_1425,1576
2021-09-29 09:30,002633.XSHE,400,7.09,5.0,0.0,t_1426,1577
2021-09-29 09:30,002836.XSHE,4500,7.84,5.0,0.0,t_1427,1578
2021-10-11 09:30,002633.XSHE,-400,7.63,5.0,3.05,t_1428,1579
2021-10-11 09:30,600768.XSHG,300,8.66,5.0,0.0,t_1429,1580
2021-10-11 09:30,600455.XSHG,-300,20.34,5.0,6.1,t_1430,1581
2021-10-11 09:30,603813.XSHG,-100,13.9,5.0,1.39,t_1431,1582
2021-10-11 09:30,000702.XSHE,-100,4.72,5.0,0.47,t_1432,1583
2021-10-11 09:30,002417.XSHE,-1000,4.71,5.0,4.71,t_1433,1584
2021-10-11 09:30,603709.XSHG,300,16.11,5.0,0.0,t_1434,1585
2021-10-11 09:30,603029.XSHG,300,13.32,5.0,0.0,t_1435,1586
2021-10-11 09:30,002836.XSHE,200,8.3,5.0,0.0,t_1436,1587
2021-10-11 09:30,600768.XSHG,100,8.66,5.0,0.0,t_1437,1588
2021-10-14 09:30,600768.XSHG,200,8.41,5.0,0.0,t_1438,1589
2021-10-14 09:30,603813.XSHG,-500,14.2,5.0,7.1,t_1439,1592
2021-10-14 09:30,000702.XSHE,-400,4.71,5.0,1.88,t_1440,1593
2021-10-14 09:30,002417.XSHE,-700,4.73,5.0,3.31,t_1441,1594
2021-10-14 09:30,603029.XSHG,200,12.97,5.0,0.0,t_1442,1595
2021-10-14 09:30,600520.XSHG,200,7.95,5.0,0.0,t_1443,1596
2021-10-14 09:30,300478.XSHE,400,8.45,5.0,0.0,t_1444,1597
2021-10-14 09:30,600768.XSHG,100,8.41,5.0,0.0,t_1445,1598
2021-10-14 09:30,600455.XSHG,100,19.69,5.0,0.0,t_1446,1599
2021-10-19 09:30,600768.XSHG,-200,8.52,5.0,1.7,t_1447,1600
2021-10-19 09:30,300478.XSHE,-700,8.74,5.0,6.12,t_1448,1601
2021-10-19 09:30,600455.XSHG,200,19.24,5.0,0.0,t_1449,1602
2021-10-19 09:30,002417.XSHE,400,4.66,5.0,0.0,t_1450,1603
2021-10-19 09:30,603709.XSHG,-2400,15.95,5.0,38.28,t_1451,1604
2021-10-19 09:30,600520.XSHG,5100,7.86,5.0,0.0,t_1452,1605
2021-10-19 09:30,603286.XSHG,-2500,15.35,5.0,38.38,t_1453,1606
2021-10-19 09:30,002209.XSHE,6000,6.45,5.0,0.0,t_1454,1607
2021-10-22 09:30,002633.XSHE,100,7.22,5.0,0.0,t_1455,1608
2021-10-22 09:30,600768.XSHG,-300,8.37,5.0,2.51,t_1456,1609
2021-10-22 09:30,300478.XSHE,-200,8.55,5.0,1.71,t_1457,1610
2021-10-22 09:30,600455.XSHG,200,18.37,5.0,0.0,t_1458,1611
2021-10-22 09:30,000702.XSHE,-400,4.6,5.0,1.84,t_1459,1612
2021-10-22 09:30,002417.XSHE,800,4.43,5.0,0.0,t_1460,1613
2021-10-22 09:30,603709.XSHG,-2500,15.76,5.0,39.4,t_1461,1614
2021-10-22 09:30,603029.XSHG,100,12.51,5.0,0.0,t_1462,1615
2021-10-22 09:30,600520.XSHG,200,7.56,5.0,0.0,t_1463,1616
2021-10-22 09:30,002836.XSHE,-200,8.35,5.0,1.67,t_1464,1617
2021-10-22 09:30,002209.XSHE,6200,6.12,5.0,0.0,t_1465,1618
2021-10-27 09:30,002633.XSHE,-300,7.15,5.0,2.15,t_1466,1619
2021-10-27 09:30,600768.XSHG,-100,8.18,5.0,0.82,t_1467,1620
2021-10-27 09:30,300478.XSHE,-600,8.54,5.0,5.12,t_1468,1621
2021-10-27 09:30,600455.XSHG,100,17.62,5.0,0.0,t_1469,1622
2021-10-27 09:30,603813.XSHG,500,12.72,5.0,0.0,t_1470,1623
2021-10-27 09:30,002417.XSHE,-100,4.33,5.0,0.43,t_1471,1625
2021-10-27 09:30,603709.XSHG,-100,15.56,5.0,1.56,t_1472,1626
2021-10-27 09:30,603029.XSHG,-100,12.31,5.0,1.23,t_1473,1627
2021-10-27 09:30,600520.XSHG,100,7.33,5.0,0.0,t_1474,1628
2021-10-27 09:30,002836.XSHE,-4500,8.11,5.0,36.49,t_1475,1629
2021-10-27 09:30,002209.XSHE,6300,5.92,5.0,0.0,t_1476,1630
2021-10-27 09:30,603813.XSHG,100,12.72,5.0,0.0,t_1477,1631
2021-10-27 09:30,000702.XSHE,100,4.43,5.0,0.0,t_1478,1632
2021-11-01 09:30,600455.XSHG,-100,18.35,5.0,1.84,t_1479,1634
2021-11-01 09:30,603813.XSHG,100,12.82,5.0,0.0,t_1480,1635
2021-11-01 09:30,000702.XSHE,100,4.38,5.0,0.0,t_1481,1636
2021-11-01 09:30,002417.XSHE,100,4.25,5.0,0.0,t_1482,1637
2021-11-01 09:30,603709.XSHG,-2200,15.02,5.0,33.04,t_1483,1638
2021-11-01 09:30,603029.XSHG,400,12.1,5.0,0.0,t_1484,1639
2021-11-01 09:30,600520.XSHG,500,7.3,5.0,0.0,t_1485,1640
2021-11-01 09:30,002209.XSHE,4100,5.85,5.0,0.0,t_1486,1641
2021-11-01 09:30,000702.XSHE,100,4.38,5.0,0.0,t_1487,1644
2021-11-01 14:00,300478.XSHE,-5900,9.75,5.75,57.52,t_1488,1647
2021-11-02 14:00,600455.XSHG,-700,19.5,5.0,13.65,t_1489,1648
2021-11-04 09:30,002633.XSHE,1000,7.08,5.0,0.0,t_1490,1649
2021-11-04 09:30,600768.XSHG,700,8.16,5.0,0.0,t_1491,1650
2021-11-04 09:30,300478.XSHE,-3500,9.46,5.0,33.11,t_1492,1651
2021-11-04 09:30,000702.XSHE,1100,4.46,5.0,0.0,t_1493,1652
2021-11-04 09:30,002417.XSHE,1800,4.28,5.0,0.0,t_1494,1653
2021-11-04 09:30,603709.XSHG,-2500,15.21,5.0,38.02,t_1495,1654
2021-11-04 09:30,603029.XSHG,200,12.13,5.0,0.0,t_1496,1655
2021-11-04 09:30,600520.XSHG,-300,7.55,5.0,2.27,t_1497,1656
2021-11-04 09:30,002209.XSHE,10000,5.78,5.78,0.0,t_1498,1657
2021-11-04 09:30,002830.XSHE,6500,8.97,5.83,0.0,t_1499,1658
2021-11-04 09:30,603389.XSHG,100,4.61,5.0,0.0,t_1500,1659
2021-11-04 14:00,600455.XSHG,-2200,20.91,5.0,46.0,t_1501,1660
2021-11-09 09:30,002633.XSHE,100,7.18,5.0,0.0,t_1502,1661
2021-11-09 09:30,600768.XSHG,-300,8.43,5.0,2.53,t_1503,1662
2021-11-09 09:30,300478.XSHE,500,9.2,5.0,0.0,t_1504,1663
2021-11-09 09:30,600455.XSHG,-1600,20.53,5.0,32.85,t_1505,1664
2021-11-09 09:30,000702.XSHE,-500,4.6,5.0,2.3,t_1506,1665
2021-11-09 09:30,002417.XSHE,-100,4.37,5.0,0.44,t_1507,1666
2021-11-09 09:30,603029.XSHG,-300,12.66,5.0,3.8,t_1508,1667
2021-11-09 09:30,600520.XSHG,-5500,7.85,5.0,43.18,t_1509,1668
2021-11-09 09:30,002209.XSHE,-200,5.94,5.0,1.19,t_1510,1669
2021-11-09 09:30,002830.XSHE,6000,9.16,5.5,0.0,t_1511,1670
2021-11-09 09:30,603389.XSHG,8100,4.66,5.0,0.0,t_1512,1671
2021-11-09 09:30,603709.XSHG,2200,15.27,5.0,0.0,t_1513,1672
2021-11-12 09:30,002633.XSHE,-400,7.48,5.0,2.99,t_1514,1673
2021-11-12 09:30,600768.XSHG,300,8.5,5.0,0.0,t_1515,1674
2021-11-12 09:30,300478.XSHE,100,9.28,5.0,0.0,t_1516,1675
2021-11-12 09:30,600455.XSHG,-1900,20.75,5.0,39.43,t_1517,1676
2021-11-12 09:30,000702.XSHE,500,4.65,5.0,0.0,t_1518,1677
2021-11-12 09:30,002417.XSHE,-1500,4.63,5.0,6.95,t_1519,1678
2021-11-12 09:30,600520.XSHG,-4900,8.05,5.0,39.45,t_1520,1679
2021-11-12 09:30,002830.XSHE,4300,9.36,5.0,0.0,t_1521,1680
2021-11-12 09:30,603389.XSHG,-200,4.96,5.0,0.99,t_1522,1681
2021-11-12 09:30,603709.XSHG,2800,15.63,5.0,0.0,t_1523,1682
2021-11-17 09:30,600455.XSHG,-1900,21.32,5.0,40.51,t_1524,1686
2021-11-17 09:30,000702.XSHE,-200,4.78,5.0,0.96,t_1525,1687
2021-11-17 09:30,002417.XSHE,-500,4.79,5.0,2.4,t_1526,1688
2021-11-17 09:30,600520.XSHG,-5100,8.43,5.0,42.99,t_1527,1689
2021-11-17 09:30,002830.XSHE,4200,9.57,5.0,0.0,t_1528,1690
2021-11-17 09:30,002633.XSHE,500,7.48,5.0,0.0,t_1529,1691
2021-11-17 09:30,600768.XSHG,200,8.6,5.0,0.0,t_1530,1692
2021-11-17 09:30,002205.XSHE,5800,6.91,5.0,0.0,t_1531,1693
2021-11-22 09:30,002633.XSHE,100,7.62,5.0,0.0,t_1532,1694
2021-11-22 09:30,600768.XSHG,-400,8.97,5.0,3.59,t_1533,1695
2021-11-22 09:30,300478.XSHE,400,9.9,5.0,0.0,t_1534,1696
2021-11-22 09:30,600455.XSHG,-1900,21.7,5.0,41.23,t_1535,1697
2021-11-22 09:30,603813.XSHG,100,14.11,5.0,0.0,t_1536,1698
2021-11-22 09:30,000702.XSHE,600,4.8,5.0,0.0,t_1537,1699
2021-11-22 09:30,002417.XSHE,-9000,4.98,5.0,44.82,t_1538,1700
2021-11-22 09:30,600520.XSHG,-4800,8.65,5.0,41.52,t_1539,1701
2021-11-22 09:30,002209.XSHE,100,6.31,5.0,0.0,t_1540,1702
2021-11-22 09:30,002830.XSHE,-4000,9.68,5.0,38.72,t_1541,1703
2021-11-22 09:30,603709.XSHG,2500,16.25,5.0,0.0,t_1542,1704
2021-11-22 09:30,002205.XSHE,5900,7.0,5.0,0.0,t_1543,1705
2021-11-22 09:30,300478.XSHE,3500,9.9,5.0,0.0,t_1544,1706
2021-11-22 09:30,600561.XSHG,9000,4.56,5.0,0.0,t_1545,1707
2021-11-25 09:30,002633.XSHE,-200,7.83,5.0,1.57,t_1546,1708
2021-11-25 09:30,600768.XSHG,-800,9.43,5.0,7.54,t_1547,1709
2021-11-25 09:30,300478.XSHE,-300,10.32,5.0,3.1,t_1548,1710
2021-11-25 09:30,603813.XSHG,300,14.05,5.0,0.0,t_1549,1711
2021-11-25 09:30,000702.XSHE,-600,4.95,5.0,2.97,t_1550,1712
2021-11-25 09:30,002417.XSHE,1100,4.88,5.0,0.0,t_1551,1713
2021-11-25 09:30,603029.XSHG,200,13.47,5.0,0.0,t_1552,1714
2021-11-25 09:30,600520.XSHG,-4800,8.87,5.0,42.58,t_1553,1715
2021-11-25 09:30,002209.XSHE,600,6.29,5.0,0.0,t_1554,1716
2021-11-25 09:30,603389.XSHG,-8000,5.28,5.0,42.24,t_1555,1717
2021-11-25 09:30,603709.XSHG,2800,16.06,5.0,0.0,t_1556,1718
2021-11-25 09:30,002205.XSHE,5800,7.11,5.0,0.0,t_1557,1719
2021-11-30 09:30,002633.XSHE,-200,7.72,5.0,1.54,t_1558,1720
2021-11-30 09:30,600768.XSHG,-500,9.46,5.0,4.73,t_1559,1721
2021-11-30 09:30,300478.XSHE,-3900,10.03,5.0,39.12,t_1560,1722
2021-11-30 09:30,603813.XSHG,200,13.61,5.0,0.0,t_1561,1723
2021-11-30 09:30,000702.XSHE,900,4.74,5.0,0.0,t_1562,1724
2021-11-30 09:30,002417.XSHE,400,4.73,5.0,0.0,t_1563,1725
2021-11-30 09:30,002205.XSHE,-400,7.2,5.0,2.88,t_1564,1726
2021-11-30 09:30,600778.XSHG,9900,4.1,5.0,0.0,t_1565,1727
2021-12-03 09:30,002633.XSHE,-200,7.95,5.0,1.59,t_1566,1728
2021-12-03 09:30,600768.XSHG,100,9.34,5.0,0.0,t_1567,1729
2021-12-03 09:30,300478.XSHE,-4500,10.79,5.0,48.55,t_1568,1730
2021-12-03 09:30,603813.XSHG,-200,14.2,5.0,2.84,t_1569,1731
2021-12-03 09:30,000702.XSHE,600,4.79,5.0,0.0,t_1570,1732
2021-12-03 09:30,002417.XSHE,300,4.8,5.0,0.0,t_1571,1733
2021-12-03 09:30,002209.XSHE,-300,6.37,5.0,1.91,t_1572,1734
2021-12-03 09:30,002830.XSHE,-4300,9.92,5.0,42.66,t_1573,1735
2021-12-03 09:30,002205.XSHE,6600,7.03,5.0,0.0,t_1574,1736
2021-12-03 09:30,600561.XSHG,-200,4.75,5.0,0.95,t_1575,1737
2021-12-03 09:30,600778.XSHG,9800,4.23,5.0,0.0,t_1576,1738
2021-12-03 09:30,600768.XSHG,500,9.34,5.0,0.0,t_1577,1739
2021-12-08 09:30,300478.XSHE,-3800,10.26,5.0,38.99,t_1578,1742
2021-12-08 09:30,603813.XSHG,200,13.53,5.0,0.0,t_1579,1743
2021-12-08 09:30,000702.XSHE,300,4.64,5.0,0.0,t_1580,1744
2021-12-08 09:30,002417.XSHE,-500,4.76,5.0,2.38,t_1581,1745
2021-12-08 09:30,603029.XSHG,100,13.08,5.0,0.0,t_1582,1746
2021-12-08 09:30,002209.XSHE,100,6.18,5.0,0.0,t_1583,1747
2021-12-08 09:30,002830.XSHE,-4400,9.88,5.0,43.47,t_1584,1748
2021-12-08 09:30,603709.XSHG,2500,15.84,5.0,0.0,t_1585,1749
2021-12-08 09:30,002205.XSHE,-6400,7.09,5.0,45.38,t_1586,1750
2021-12-08 09:30,600561.XSHG,8700,4.66,5.0,0.0,t_1587,1751
2021-12-08 09:30,600778.XSHG,9300,4.21,5.0,0.0,t_1588,1752
2021-12-08 09:30,002633.XSHE,100,7.72,5.0,0.0,t_1589,1753
2021-12-08 09:30,600768.XSHG,100,9.11,5.0,0.0,t_1590,1754
2021-12-13 09:30,002633.XSHE,400,7.85,5.0,0.0,t_1591,1755
2021-12-13 09:30,300478.XSHE,-4000,10.52,5.0,42.08,t_1592,1757
2021-12-13 09:30,603813.XSHG,-900,14.98,5.0,13.48,t_1593,1758
2021-12-13 09:30,000702.XSHE,800,4.72,5.0,0.0,t_1594,1759
2021-12-13 09:30,002417.XSHE,10100,4.75,5.0,0.0,t_1595,1760
2021-12-13 09:30,603029.XSHG,100,13.51,5.0,0.0,t_1596,1761
2021-12-13 09:30,002209.XSHE,-300,6.49,5.0,1.95,t_1597,1762
2021-12-13 09:30,002830.XSHE,400,10.04,5.0,0.0,t_1598,1763
2021-12-13 09:30,002205.XSHE,-6500,7.85,5.1,51.02,t_1599,1764
2021-12-13 09:30,600561.XSHG,-8600,4.78,5.0,41.11,t_1600,1765
2021-12-13 09:30,600778.XSHG,10300,4.29,5.0,0.0,t_1601,1766
2021-12-13 09:30,600768.XSHG,900,9.08,5.0,0.0,t_1602,1767
2021-12-13 09:30,002830.XSHE,3900,10.04,5.0,0.0,t_1603,1768
2021-12-14 14:00,603813.XSHG,-900,16.26,5.0,14.63,t_1604,1769
2021-12-16 09:30,002633.XSHE,100,7.92,5.0,0.0,t_1605,1770
2021-12-16 09:30,600768.XSHG,300,9.04,5.0,0.0,t_1606,1771
2021-12-16 09:30,603813.XSHG,-2200,15.57,5.0,34.25,t_1607,1772
2021-12-16 09:30,000702.XSHE,600,4.7,5.0,0.0,t_1608,1773
2021-12-16 09:30,002417.XSHE,-300,4.84,5.0,1.45,t_1609,1774
2021-12-16 09:30,002209.XSHE,600,6.4,5.0,0.0,t_1610,1775
2021-12-16 09:30,002830.XSHE,-4700,10.81,5.08,50.81,t_1611,1776
2021-12-16 09:30,603709.XSHG,200,16.39,5.0,0.0,t_1612,1777
2021-12-16 09:30,002205.XSHE,-5200,7.63,5.0,39.68,t_1613,1778
2021-12-16 09:30,600778.XSHG,10300,4.29,5.0,0.0,t_1614,1779
2021-12-16 09:30,300478.XSHE,4200,10.09,5.0,0.0,t_1615,1780
2021-12-16 09:30,603389.XSHG,8100,5.15,5.0,0.0,t_1616,1781
2021-12-21 09:30,603813.XSHG,-3300,17.38,5.74,57.35,t_1617,1784
2021-12-21 09:30,000702.XSHE,400,4.81,5.0,0.0,t_1618,1785
2021-12-21 09:30,002417.XSHE,-500,5.06,5.0,2.53,t_1619,1786
2021-12-21 09:30,603029.XSHG,100,14.01,5.0,0.0,t_1620,1787
2021-12-21 09:30,002209.XSHE,100,6.61,5.0,0.0,t_1621,1788
2021-12-21 09:30,002830.XSHE,-3700,10.52,5.0,38.92,t_1622,1789
2021-12-21 09:30,600561.XSHG,-100,5.04,5.0,0.5,t_1623,1790
2021-12-21 09:30,600778.XSHG,-200,4.46,5.0,0.89,t_1624,1791
2021-12-21 09:30,300478.XSHE,4600,10.0,5.0,0.0,t_1625,1792
2021-12-21 09:30,603389.XSHG,100,5.33,5.0,0.0,t_1626,1793
2021-12-21 09:30,002633.XSHE,500,8.03,5.0,0.0,t_1627,1794
2021-12-21 09:30,600768.XSHG,300,9.23,5.0,0.0,t_1628,1795
2021-12-21 09:30,600455.XSHG,1900,21.62,5.0,0.0,t_1629,1796
2021-12-24 09:30,002633.XSHE,-200,8.13,5.0,1.63,t_1630,1797
2021-12-24 09:30,600768.XSHG,300,9.06,5.0,0.0,t_1631,1798
2021-12-24 09:30,603813.XSHG,-2700,17.91,5.0,48.36,t_1632,1799
2021-12-24 09:30,000702.XSHE,-700,4.9,5.0,3.43,t_1633,1800
2021-12-24 09:30,002417.XSHE,100,5.04,5.0,0.0,t_1634,1801
2021-12-24 09:30,603029.XSHG,100,13.93,5.0,0.0,t_1635,1802
2021-12-24 09:30,002209.XSHE,-200,6.66,5.0,1.33,t_1636,1803
2021-12-24 09:30,603709.XSHG,100,16.74,5.0,0.0,t_1637,1804
2021-12-24 09:30,002205.XSHE,-5600,7.87,5.0,44.07,t_1638,1805
2021-12-24 09:30,600778.XSHG,-9700,4.45,5.0,43.16,t_1639,1806
2021-12-24 09:30,300478.XSHE,4400,9.97,5.0,0.0,t_1640,1807
2021-12-24 09:30,603389.XSHG,300,5.18,5.0,0.0,t_1641,1808
2021-12-24 09:30,600455.XSHG,2100,21.93,5.0,0.0,t_1642,1809
2021-12-24 09:30,600768.XSHG,200,9.06,5.0,0.0,t_1643,1810
2021-12-24 09:30,600520.XSHG,5000,8.63,5.0,0.0,t_1644,1811
2021-12-27 14:00,600778.XSHG,-2200,4.7,5.0,10.34,t_1645,1812
2021-12-29 09:30,002633.XSHE,-200,8.32,5.0,1.66,t_1646,1813
2021-12-29 09:30,603813.XSHG,-2400,17.56,5.0,42.14,t_1647,1814
2021-12-29 09:30,000702.XSHE,-300,5.02,5.0,1.51,t_1648,1815
2021-12-29 09:30,002417.XSHE,800,5.04,5.0,0.0,t_1649,1816
2021-12-29 09:30,002209.XSHE,-500,6.89,5.0,3.45,t_1650,1817
2021-12-29 09:30,002830.XSHE,4400,10.39,5.0,0.0,t_1651,1818
2021-12-29 09:30,603709.XSHG,-2600,17.25,5.0,44.85,t_1652,1819
2021-12-29 09:30,600561.XSHG,-8800,5.03,5.0,44.26,t_1653,1820
2021-12-29 09:30,600778.XSHG,-8300,4.61,5.0,38.26,t_1654,1821
2021-12-29 09:30,300478.XSHE,4700,10.01,5.0,0.0,t_1655,1822
2021-12-29 09:30,603389.XSHG,8700,5.2,5.0,0.0,t_1656,1823
2021-12-29 09:30,600520.XSHG,5100,8.67,5.0,0.0,t_1657,1824
2022-01-04 09:30,002633.XSHE,-27000,8.56,23.11,231.12,t_1658,1826
2022-01-04 09:30,600768.XSHG,-24300,9.56,23.23,232.31,t_1659,1827
2022-01-04 09:30,603813.XSHG,-2600,16.86,5.0,43.84,t_1660,1828
2022-01-04 09:30,000702.XSHE,-44700,5.0,22.35,223.5,t_1661,1829
2022-01-04 09:30,002417.XSHE,-44500,5.1,22.69,226.95,t_1662,1830
2022-01-04 09:30,603029.XSHG,-15800,14.28,22.56,225.62,t_1663,1831
2022-01-04 09:30,002209.XSHE,-32600,6.9,22.49,224.94,t_1664,1832
2022-01-04 09:30,002830.XSHE,-8600,10.65,9.16,91.59,t_1665,1833
2022-01-04 09:30,603709.XSHG,-10500,16.92,17.77,177.66,t_1666,1834
2022-01-04 09:30,600778.XSHG,-29200,4.5,13.14,131.4,t_1667,1835
2022-01-04 09:30,300478.XSHE,-17900,10.18,18.22,182.22,t_1668,1836
2022-01-04 09:30,603389.XSHG,-17200,5.29,9.1,90.99,t_1669,1837
2022-01-04 09:30,600455.XSHG,-4000,23.18,9.27,92.72,t_1670,1838
2022-01-04 09:30,600520.XSHG,-10100,8.77,8.86,88.58,t_1671,1839
2022-01-04 09:30,511880.XSHG,22500,100.114,0.0,0.0,t_1672,1840
2022-02-07 09:30,511880.XSHG,-22500,100.319,0.0,0.0,t_1673,1841
2022-02-07 09:30,600768.XSHG,4900,9.12,5.0,0.0,t_1674,1842
2022-02-07 09:30,000702.XSHE,9400,4.79,5.0,0.0,t_1675,1843
2022-02-07 09:30,603709.XSHG,2800,16.18,5.0,0.0,t_1676,1844
2022-02-07 09:30,603813.XSHG,3100,14.6,5.0,0.0,t_1677,1845
2022-02-07 09:30,002633.XSHE,5100,8.75,5.0,0.0,t_1678,1846
2022-02-07 09:30,603029.XSHG,3200,14.1,5.0,0.0,t_1679,1847
2022-02-07 09:30,002209.XSHE,6700,6.71,5.0,0.0,t_1680,1848
2022-02-07 09:30,603389.XSHG,8700,5.16,5.0,0.0,t_1681,1849
2022-02-07 09:30,600520.XSHG,5400,8.38,5.0,0.0,t_1682,1850
2022-02-07 09:30,600455.XSHG,2000,21.99,5.0,0.0,t_1683,1851
2022-02-10 09:30,600768.XSHG,4700,9.42,5.0,0.0,t_1684,1852
2022-02-10 09:30,000702.XSHE,-700,5.26,5.0,3.68,t_1685,1853
2022-02-10 09:30,603709.XSHG,2700,16.45,5.0,0.0,t_1686,1854
2022-02-10 09:30,603813.XSHG,2900,15.09,5.0,0.0,t_1687,1855
2022-02-10 09:30,002633.XSHE,5300,8.77,5.0,0.0,t_1688,1856
2022-02-10 09:30,603029.XSHG,3000,14.72,5.0,0.0,t_1689,1857
2022-02-10 09:30,002209.XSHE,6600,6.86,5.0,0.0,t_1690,1858
2022-02-10 09:30,603389.XSHG,8800,5.19,5.0,0.0,t_1691,1859
2022-02-10 09:30,600520.XSHG,-300,9.07,5.0,2.72,t_1692,1860
2022-02-10 09:30,600455.XSHG,2000,22.32,5.0,0.0,t_1693,1861
2022-02-10 09:30,600137.XSHG,3100,14.29,5.0,0.0,t_1694,1862
2022-02-10 09:30,600778.XSHG,10200,4.47,5.0,0.0,t_1695,1863
2022-02-15 09:30,600768.XSHG,5100,9.32,5.0,0.0,t_1696,1864
2022-02-15 09:30,000702.XSHE,9100,5.15,5.0,0.0,t_1697,1865
2022-02-15 09:30,603709.XSHG,2900,16.3,5.0,0.0,t_1698,1866
2022-02-15 09:30,603813.XSHG,3100,15.07,5.0,0.0,t_1699,1867
2022-02-15 09:30,002633.XSHE,5300,8.74,5.0,0.0,t_1700,1868
2022-02-15 09:30,002209.XSHE,6400,6.97,5.0,0.0,t_1701,1869
2022-02-15 09:30,603389.XSHG,9200,5.15,5.0,0.0,t_1702,1870
2022-02-15 09:30,600520.XSHG,-200,9.4,5.0,1.88,t_1703,1871
2022-02-15 09:30,600455.XSHG,2200,22.15,5.0,0.0,t_1704,1872
2022-02-15 09:30,600137.XSHG,3300,14.23,5.0,0.0,t_1705,1873
2022-02-15 09:30,600778.XSHG,10300,4.48,5.0,0.0,t_1706,1874
2022-02-18 09:30,600768.XSHG,4300,9.89,5.0,0.0,t_1707,1875
2022-02-18 09:30,000702.XSHE,9500,5.16,5.0,0.0,t_1708,1876
2022-02-18 09:30,603709.XSHG,2800,16.65,5.0,0.0,t_1709,1877
2022-02-18 09:30,603813.XSHG,3000,15.46,5.0,0.0,t_1710,1878
2022-02-18 09:30,002633.XSHE,5000,9.08,5.0,0.0,t_1711,1879
2022-02-18 09:30,002209.XSHE,6400,7.19,5.0,0.0,t_1712,1880
2022-02-18 09:30,603389.XSHG,8800,5.28,5.0,0.0,t_1713,1881
2022-02-18 09:30,600455.XSHG,2000,22.79,5.0,0.0,t_1714,1882
2022-02-18 09:30,600778.XSHG,11000,4.47,5.0,0.0,t_1715,1883
2022-02-18 09:30,603958.XSHG,7300,6.42,5.0,0.0,t_1716,1884
2022-02-18 14:00,603029.XSHG,-2100,23.3,5.0,48.93,t_1717,1885
2022-02-21 14:00,603029.XSHG,-100,24.57,5.0,2.46,t_1718,1886
2022-02-22 14:00,603029.XSHG,-100,24.9,5.0,2.49,t_1719,1887
2022-02-23 09:30,600768.XSHG,5300,9.83,5.21,0.0,t_1720,1888
2022-02-23 09:30,000702.XSHE,9600,5.19,5.0,0.0,t_1721,1889
2022-02-23 09:30,603709.XSHG,2900,16.89,5.0,0.0,t_1722,1890
2022-02-23 09:30,603813.XSHG,3300,15.51,5.12,0.0,t_1723,1891
2022-02-23 09:30,002633.XSHE,5400,9.17,5.0,0.0,t_1724,1892
2022-02-23 09:30,603029.XSHG,-100,25.49,5.0,2.55,t_1725,1893
2022-02-23 09:30,002209.XSHE,6800,7.28,5.0,0.0,t_1726,1894
2022-02-23 09:30,603389.XSHG,9000,5.38,5.0,0.0,t_1727,1895
2022-02-23 09:30,600137.XSHG,3200,14.87,5.0,0.0,t_1728,1896
2022-02-23 09:30,600778.XSHG,10600,4.55,5.0,0.0,t_1729,1897
2022-02-23 09:30,603958.XSHG,7400,6.5,5.0,0.0,t_1730,1898
2022-02-24 14:00,603029.XSHG,100,24.04,5.0,0.0,t_1731,1899
2022-02-28 09:30,000702.XSHE,500,5.15,5.0,0.0,t_1732,1900
2022-02-28 09:30,603813.XSHG,-700,16.42,5.0,11.49,t_1733,1901
2022-02-28 09:30,002633.XSHE,500,9.05,5.0,0.0,t_1734,1902
2022-02-28 09:30,603029.XSHG,-1400,19.91,5.0,27.87,t_1735,1903
2022-02-28 09:30,002209.XSHE,300,7.25,5.0,0.0,t_1736,1904
2022-02-28 09:30,603389.XSHG,400,5.37,5.0,0.0,t_1737,1905
2022-02-28 09:30,600520.XSHG,-4900,9.69,5.0,47.48,t_1738,1906
2022-02-28 09:30,600455.XSHG,-2000,23.5,5.0,47.0,t_1739,1907
2022-02-28 09:30,600137.XSHG,3400,14.84,5.05,0.0,t_1740,1908
2022-02-28 09:30,600778.XSHG,11200,4.52,5.06,0.0,t_1741,1909
2022-02-28 09:30,603958.XSHG,3900,6.53,5.0,0.0,t_1742,1910
2022-02-28 14:00,600768.XSHG,-900,10.18,5.0,9.16,t_1743,1912
2022-03-03 09:30,000702.XSHE,1700,5.53,5.0,0.0,t_1744,1913
2022-03-03 09:30,603029.XSHG,-2500,19.82,5.0,49.55,t_1745,1917
2022-03-03 09:30,002209.XSHE,600,7.51,5.0,0.0,t_1746,1918
2022-03-03 09:30,603389.XSHG,1000,5.53,5.0,0.0,t_1747,1919
2022-03-03 09:30,600455.XSHG,100,23.9,5.0,0.0,t_1748,1920
2022-03-03 09:30,600137.XSHG,-3200,15.62,5.0,49.98,t_1749,1921
2022-03-03 09:30,603958.XSHG,12000,6.63,7.96,0.0,t_1750,1922
2022-03-03 09:30,603709.XSHG,400,17.25,5.0,0.0,t_1751,1923
2022-03-03 09:30,000702.XSHE,100,5.53,5.0,0.0,t_1752,1924
2022-03-08 09:30,600768.XSHG,-5500,10.9,6.0,59.95,t_1753,1929
2022-03-08 09:30,000702.XSHE,6500,5.31,5.0,0.0,t_1754,1930
2022-03-08 09:30,603813.XSHG,100,16.36,5.0,0.0,t_1755,1931
2022-03-08 09:30,002633.XSHE,400,8.97,5.0,0.0,t_1756,1932
2022-03-08 09:30,002209.XSHE,-800,7.37,5.0,5.9,t_1757,1933
2022-03-08 09:30,603389.XSHG,-800,5.4,5.0,4.32,t_1758,1934
2022-03-08 09:30,600137.XSHG,-3300,15.13,5.0,49.93,t_1759,1935
2022-03-08 09:30,600778.XSHG,-1300,4.68,5.0,6.08,t_1760,1936
2022-03-08 09:30,603958.XSHG,-1300,6.65,5.0,8.64,t_1761,1937
2022-03-08 09:30,002417.XSHE,8900,5.42,5.0,0.0,t_1762,1938
2022-03-08 09:30,300716.XSHE,5000,9.25,5.0,0.0,t_1763,1939
2022-03-11 09:30,603709.XSHG,-100,16.28,5.0,1.63,t_1764,1942
2022-03-11 09:30,603813.XSHG,100,15.3,5.0,0.0,t_1765,1943
2022-03-11 09:30,002633.XSHE,-400,8.83,5.0,3.53,t_1766,1944
2022-03-11 09:30,600455.XSHG,-2200,23.05,5.07,50.71,t_1767,1945
2022-03-11 09:30,600137.XSHG,3000,14.7,5.0,0.0,t_1768,1946
2022-03-11 09:30,600778.XSHG,-12100,4.7,5.69,56.87,t_1769,1947
2022-03-11 09:30,603958.XSHG,400,6.3,5.0,0.0,t_1770,1948
2022-03-11 09:30,002417.XSHE,9000,5.21,5.0,0.0,t_1771,1949
2022-03-11 09:30,600768.XSHG,1000,9.89,5.0,0.0,t_1772,1950
2022-03-11 09:30,000702.XSHE,700,5.04,5.0,0.0,t_1773,1951
2022-03-11 09:30,603813.XSHG,200,15.3,5.0,0.0,t_1774,1952
2022-03-16 09:30,600768.XSHG,100,9.0,5.0,0.0,t_1775,1953
2022-03-16 09:30,000702.XSHE,-1100,5.0,5.0,5.5,t_1776,1954
2022-03-16 09:30,603709.XSHG,200,15.46,5.0,0.0,t_1777,1955
2022-03-16 09:30,603813.XSHG,-300,15.34,5.0,4.6,t_1778,1956
2022-03-16 09:30,002633.XSHE,-100,8.55,5.0,0.86,t_1779,1957
2022-03-16 09:30,603389.XSHG,-100,5.03,5.0,0.5,t_1780,1958
2022-03-16 09:30,600137.XSHG,500,13.52,5.0,0.0,t_1781,1959
2022-03-16 09:30,600778.XSHG,-11100,4.71,5.23,52.28,t_1782,1960
2022-03-16 09:30,603958.XSHG,400,6.0,5.0,0.0,t_1783,1961
2022-03-16 09:30,002417.XSHE,9700,4.91,5.0,0.0,t_1784,1962
2022-03-16 09:30,300716.XSHE,-500,10.11,5.0,5.05,t_1785,1963
2022-03-16 09:30,600768.XSHG,1000,9.0,5.0,0.0,t_1786,1964
2022-03-17 14:00,002209.XSHE,-1600,7.48,5.0,11.97,t_1787,1965
2022-03-21 09:30,600768.XSHG,600,9.5,5.0,0.0,t_1788,1966
2022-03-21 09:30,000702.XSHE,700,5.31,5.0,0.0,t_1789,1967
2022-03-21 09:30,603709.XSHG,100,16.34,5.0,0.0,t_1790,1968
2022-03-21 09:30,002209.XSHE,-6100,7.74,5.0,47.21,t_1791,1970
2022-03-21 09:30,603389.XSHG,-300,5.48,5.0,1.64,t_1792,1971
2022-03-21 09:30,600455.XSHG,2100,22.76,5.0,0.0,t_1793,1972
2022-03-21 09:30,600137.XSHG,100,14.43,5.0,0.0,t_1794,1973
2022-03-21 09:30,600778.XSHG,-9700,5.14,5.0,49.86,t_1795,1974
2022-03-21 09:30,603958.XSHG,700,6.35,5.0,0.0,t_1796,1975
2022-03-21 09:30,002417.XSHE,8900,5.15,5.0,0.0,t_1797,1976
2022-03-21 14:00,002633.XSHE,-7100,10.15,7.21,72.06,t_1798,1984
2022-03-24 09:30,600768.XSHG,3500,10.15,5.0,0.0,t_1799,1985
2022-03-24 09:30,000702.XSHE,-500,5.4,5.0,2.7,t_1800,1986
2022-03-24 09:30,603709.XSHG,200,16.38,5.0,0.0,t_1801,1987
2022-03-24 09:30,603813.XSHG,-3000,16.68,5.0,50.04,t_1802,1988
2022-03-24 09:30,002633.XSHE,-4300,9.81,5.0,42.18,t_1803,1989
2022-03-24 09:30,002209.XSHE,-5900,7.61,5.0,44.9,t_1804,1990
2022-03-24 09:30,603389.XSHG,100,5.47,5.0,0.0,t_1805,1991
2022-03-24 09:30,600455.XSHG,500,21.73,5.0,0.0,t_1806,1992
2022-03-24 09:30,600137.XSHG,3600,14.31,5.15,0.0,t_1807,1993
2022-03-24 09:30,600778.XSHG,-9200,5.0,5.0,46.0,t_1808,1994
2022-03-24 09:30,603958.XSHG,-400,6.48,5.0,2.59,t_1809,1995
2022-03-24 09:30,002417.XSHE,10700,5.2,5.56,0.0,t_1810,1996
2022-03-24 09:30,300716.XSHE,-4500,10.43,5.0,46.94,t_1811,1997
2022-03-24 09:30,300736.XSHE,9000,10.9,9.81,0.0,t_1812,1998
2022-03-24 09:30,300478.XSHE,4400,11.02,5.0,0.0,t_1813,1999
2022-03-28 14:00,600137.XSHG,-700,15.29,5.0,10.7,t_1814,2000
2022-03-29 09:30,600768.XSHG,1000,9.83,5.0,0.0,t_1815,2001
2022-03-29 09:30,000702.XSHE,-9600,5.51,5.29,52.9,t_1816,2002
2022-03-29 09:30,603813.XSHG,-3100,17.13,5.31,53.1,t_1817,2003
2022-03-29 09:30,002633.XSHE,400,9.52,5.0,0.0,t_1818,2004
2022-03-29 09:30,002209.XSHE,-6200,7.5,5.0,46.5,t_1819,2005
2022-03-29 09:30,603389.XSHG,-400,5.57,5.0,2.23,t_1820,2006
2022-03-29 09:30,600455.XSHG,200,21.24,5.0,0.0,t_1821,2007
2022-03-29 09:30,600137.XSHG,-200,15.47,5.0,3.09,t_1822,2008
2022-03-29 09:30,600778.XSHG,-9900,4.96,5.0,49.1,t_1823,2009
2022-03-29 09:30,603958.XSHG,7000,6.59,5.0,0.0,t_1824,2010
2022-03-29 09:30,002417.XSHE,800,5.14,5.0,0.0,t_1825,2011
2022-03-29 09:30,300736.XSHE,4700,10.8,5.08,0.0,t_1826,2012
2022-03-29 09:30,300478.XSHE,4500,11.07,5.0,0.0,t_1827,2013
2022-03-29 09:30,002883.XSHE,4300,11.25,5.0,0.0,t_1828,2014
2022-04-01 09:30,600768.XSHG,-25100,9.65,24.22,242.22,t_1829,2015
2022-04-01 09:30,000702.XSHE,-35900,5.65,20.28,202.84,t_1830,2016
2022-04-01 09:30,603709.XSHG,-14900,16.44,24.5,244.96,t_1831,2017
2022-04-01 09:30,603813.XSHG,-8700,16.5,14.36,143.55,t_1832,2018
2022-04-01 09:30,002633.XSHE,-15500,9.37,14.52,145.24,t_1833,2019
2022-04-01 09:30,002209.XSHE,-13200,7.67,10.12,101.24,t_1834,2020
2022-04-01 09:30,603389.XSHG,-44400,5.61,24.91,249.08,t_1835,2021
2022-04-01 09:30,600455.XSHG,-6900,21.37,14.75,147.45,t_1836,2022
2022-04-01 09:30,600137.XSHG,-12800,15.29,19.57,195.71,t_1837,2023
2022-04-01 09:30,603958.XSHG,-37400,6.54,24.46,244.6,t_1838,2024
2022-04-01 09:30,002417.XSHE,-48000,5.11,24.53,245.28,t_1839,2025
2022-04-01 09:30,300736.XSHE,-13700,10.71,14.67,146.73,t_1840,2026
2022-04-01 09:30,300478.XSHE,-8900,10.69,9.51,95.14,t_1841,2027
2022-04-01 09:30,002883.XSHE,-4300,11.3,5.0,48.59,t_1842,2028
2022-04-01 09:30,511880.XSHG,24300,100.621,0.0,0.0,t_1843,2029
2022-05-05 09:30,511880.XSHG,-24300,100.77,0.0,0.0,t_1844,2030
2022-05-05 09:30,600768.XSHG,6100,7.94,5.0,0.0,t_1845,2031
2022-05-05 09:30,600455.XSHG,2800,17.4,5.0,0.0,t_1846,2032
2022-05-05 09:30,002633.XSHE,6600,7.41,5.0,0.0,t_1847,2033
2022-05-05 09:30,002856.XSHE,5900,8.31,5.0,0.0,t_1848,2034
2022-05-05 09:30,603709.XSHG,3400,14.19,5.0,0.0,t_1849,2035
2022-05-05 09:30,603389.XSHG,11100,4.42,5.0,0.0,t_1850,2036
2022-05-05 09:30,002862.XSHE,5000,9.81,5.0,0.0,t_1851,2037
2022-05-05 09:30,300282.XSHE,15700,3.13,5.0,0.0,t_1852,2038
2022-05-05 09:30,603958.XSHG,9200,5.3,5.0,0.0,t_1853,2039
2022-05-05 09:30,600520.XSHG,6600,7.43,5.0,0.0,t_1854,2040
2022-05-06 14:00,002856.XSHE,-300,8.81,5.0,2.64,t_1855,2041
2022-05-10 09:30,600768.XSHG,6400,7.86,5.03,0.0,t_1856,2042
2022-05-10 09:30,600455.XSHG,2800,17.3,5.0,0.0,t_1857,2043
2022-05-10 09:30,002633.XSHE,6700,7.36,5.0,0.0,t_1858,2044
2022-05-10 09:30,002856.XSHE,-100,9.09,5.0,0.91,t_1859,2045
2022-05-10 09:30,603709.XSHG,3400,14.36,5.0,0.0,t_1860,2046
2022-05-10 09:30,603389.XSHG,11400,4.36,5.0,0.0,t_1861,2047
2022-05-10 09:30,002862.XSHE,-100,10.09,5.0,1.01,t_1862,2048
2022-05-10 09:30,300282.XSHE,16400,3.06,5.02,0.0,t_1863,2049
2022-05-10 09:30,603958.XSHG,-100,5.45,5.0,0.55,t_1864,2050
2022-05-10 09:30,300736.XSHE,5500,8.89,5.0,0.0,t_1865,2051
2022-05-10 09:30,603580.XSHG,5400,9.05,5.0,0.0,t_1866,2052
2022-05-10 09:30,000702.XSHE,11100,4.42,5.0,0.0,t_1867,2053
2022-05-10 09:30,603286.XSHG,3600,13.35,5.0,0.0,t_1868,2054
2022-05-13 09:30,600768.XSHG,6400,7.92,5.07,0.0,t_1869,2055
2022-05-13 09:30,600455.XSHG,2900,17.6,5.1,0.0,t_1870,2056
2022-05-13 09:30,002856.XSHE,-300,9.68,5.0,2.9,t_1871,2057
2022-05-13 09:30,603709.XSHG,2900,15.3,5.0,0.0,t_1872,2058
2022-05-13 09:30,603389.XSHG,10600,4.52,5.0,0.0,t_1873,2059
2022-05-13 09:30,002862.XSHE,4600,10.43,5.0,0.0,t_1874,2060
2022-05-13 09:30,300282.XSHE,15100,3.17,5.0,0.0,t_1875,2061
2022-05-13 09:30,603958.XSHG,8700,5.59,5.0,0.0,t_1876,2062
2022-05-13 09:30,600520.XSHG,-300,8.02,5.0,2.41,t_1877,2063
2022-05-13 09:30,300736.XSHE,5600,8.98,5.03,0.0,t_1878,2064
2022-05-13 09:30,603580.XSHG,5300,9.31,5.0,0.0,t_1879,2065
2022-05-13 09:30,000702.XSHE,10900,4.53,5.0,0.0,t_1880,2066
2022-05-18 09:30,600768.XSHG,6000,8.08,5.0,0.0,t_1881,2067
2022-05-18 09:30,600455.XSHG,2700,17.92,5.0,0.0,t_1882,2068
2022-05-18 09:30,002856.XSHE,100,9.47,5.0,0.0,t_1883,2069
2022-05-18 09:30,603709.XSHG,3700,15.0,5.55,0.0,t_1884,2070
2022-05-18 09:30,603389.XSHG,10700,4.6,5.0,0.0,t_1885,2071
2022-05-18 09:30,002862.XSHE,100,10.49,5.0,0.0,t_1886,2072
2022-05-18 09:30,300282.XSHE,15000,3.24,5.0,0.0,t_1887,2073
2022-05-18 09:30,603958.XSHG,9600,5.5,5.28,0.0,t_1888,2074
2022-05-18 09:30,300736.XSHE,6000,8.83,5.3,0.0,t_1889,2075
2022-05-18 09:30,603580.XSHG,5300,9.41,5.0,0.0,t_1890,2076
2022-05-18 09:30,000702.XSHE,-1000,4.8,5.0,4.8,t_1891,2077
2022-05-18 09:30,603269.XSHG,4500,11.12,5.0,0.0,t_1892,2078
2022-05-18 09:30,300417.XSHE,5500,9.16,5.04,0.0,t_1893,2079
2022-05-19 14:00,002633.XSHE,-1200,8.54,5.0,10.25,t_1894,2080
2022-05-19 14:00,002856.XSHE,-100,10.11,5.0,1.01,t_1895,2081
2022-05-23 09:30,600768.XSHG,4400,8.93,5.0,0.0,t_1896,2082
2022-05-23 09:30,600455.XSHG,2800,18.7,5.24,0.0,t_1897,2083
2022-05-23 09:30,002633.XSHE,6400,8.5,5.44,0.0,t_1898,2084
2022-05-23 09:30,603709.XSHG,3300,15.7,5.18,0.0,t_1899,2085
2022-05-23 09:30,603389.XSHG,10500,4.83,5.07,0.0,t_1900,2086
2022-05-23 09:30,002862.XSHE,5100,10.7,5.46,0.0,t_1901,2087
2022-05-23 09:30,300282.XSHE,15200,3.39,5.15,0.0,t_1902,2088
2022-05-23 09:30,603958.XSHG,8400,5.86,5.0,0.0,t_1903,2089
2022-05-23 09:30,300736.XSHE,4800,9.58,5.0,0.0,t_1904,2090
2022-05-23 09:30,603580.XSHG,5200,9.87,5.13,0.0,t_1905,2091
2022-05-23 09:30,000702.XSHE,500,4.87,5.0,0.0,t_1906,2092
2022-05-23 09:30,603269.XSHG,100,11.35,5.0,0.0,t_1907,2093
2022-05-26 09:30,600768.XSHG,300,8.91,5.0,0.0,t_1908,2094
2022-05-26 09:30,002633.XSHE,-6500,8.83,5.74,57.4,t_1909,2096
2022-05-26 09:30,002856.XSHE,-5200,10.35,5.38,53.82,t_1910,2097
2022-05-26 09:30,603709.XSHG,400,15.46,5.0,0.0,t_1911,2098
2022-05-26 09:30,603389.XSHG,700,4.81,5.0,0.0,t_1912,2099
2022-05-26 09:30,300282.XSHE,1600,3.35,5.0,0.0,t_1913,2100
2022-05-26 09:30,603958.XSHG,700,5.8,5.0,0.0,t_1914,2101
2022-05-26 09:30,600520.XSHG,-6300,8.28,5.22,52.16,t_1915,2102
2022-05-26 09:30,300736.XSHE,6300,9.36,5.9,0.0,t_1916,2103
2022-05-26 09:30,603580.XSHG,5800,9.8,5.68,0.0,t_1917,2104
2022-05-26 09:30,000702.XSHE,-300,5.0,5.0,1.5,t_1918,2105
2022-05-26 09:30,603269.XSHG,2600,11.45,5.0,0.0,t_1919,2106
2022-05-26 14:00,002862.XSHE,-6300,12.73,8.02,80.2,t_1920,2113
2022-05-31 09:30,600768.XSHG,200,8.91,5.0,0.0,t_1921,2114
2022-05-31 09:30,600455.XSHG,-300,19.49,5.0,5.85,t_1922,2115
2022-05-31 09:30,002633.XSHE,400,8.52,5.0,0.0,t_1923,2116
2022-05-31 09:30,603389.XSHG,-300,4.86,5.0,1.46,t_1924,2117
2022-05-31 09:30,002862.XSHE,1200,11.02,5.0,0.0,t_1925,2118
2022-05-31 09:30,603958.XSHG,8600,5.88,5.06,0.0,t_1926,2119
2022-05-31 09:30,300736.XSHE,-200,9.5,5.0,1.9,t_1927,2120
2022-05-31 09:30,603580.XSHG,-6500,10.38,6.75,67.47,t_1928,2121
2022-05-31 09:30,000702.XSHE,-11000,5.25,5.78,57.75,t_1929,2122
2022-05-31 09:30,603286.XSHG,-3600,14.89,5.36,53.6,t_1930,2123
2022-05-31 09:30,603269.XSHG,6400,11.64,7.45,0.0,t_1931,2124
2022-05-31 09:30,300417.XSHE,5600,9.49,5.31,0.0,t_1932,2125
2022-05-31 09:30,300554.XSHE,5100,13.8,7.04,0.0,t_1933,2126
2022-05-31 14:00,300282.XSHE,-8100,2.99,5.0,24.22,t_1934,2127
2022-06-06 09:30,600768.XSHG,-100,9.21,5.0,0.92,t_1935,2128
2022-06-06 09:30,600455.XSHG,100,19.68,5.0,0.0,t_1936,2129
2022-06-06 09:30,002633.XSHE,2700,8.8,5.0,0.0,t_1937,2130
2022-06-06 09:30,300282.XSHE,-19400,3.19,6.19,61.89,t_1938,2133
2022-06-06 09:30,300736.XSHE,-1000,10.14,5.0,10.14,t_1939,2134
2022-06-06 09:30,603580.XSHG,-5400,10.93,5.9,59.02,t_1940,2135
2022-06-06 09:30,000702.XSHE,-10200,5.25,5.36,53.55,t_1941,2136
2022-06-06 09:30,300417.XSHE,5600,9.79,5.48,0.0,t_1942,2137
2022-06-06 09:30,300554.XSHE,2300,14.66,5.0,0.0,t_1943,2138
2022-06-06 09:30,002633.XSHE,3500,8.8,5.0,0.0,t_1944,2139
2022-06-06 09:30,603389.XSHG,700,4.93,5.0,0.0,t_1945,2140
2022-06-06 09:30,002862.XSHE,300,11.0,5.0,0.0,t_1946,2141
2022-06-06 09:30,002652.XSHE,20900,2.61,5.45,0.0,t_1947,2142
2022-06-08 14:00,002652.XSHE,-3800,3.17,5.0,12.05,t_1948,2143
2022-06-09 09:30,600455.XSHG,300,19.29,5.0,0.0,t_1949,2144
2022-06-09 09:30,002633.XSHE,1100,8.76,5.0,0.0,t_1950,2145
2022-06-09 09:30,603389.XSHG,100,4.87,5.0,0.0,t_1951,2146
2022-06-09 09:30,300282.XSHE,-17400,3.2,5.57,55.68,t_1952,2148
2022-06-09 09:30,603958.XSHG,600,5.95,5.0,0.0,t_1953,2149
2022-06-09 09:30,300736.XSHE,400,9.9,5.0,0.0,t_1954,2150
2022-06-09 09:30,603580.XSHG,-5400,11.25,6.08,60.75,t_1955,2151
2022-06-09 09:30,603269.XSHG,-4700,12.3,5.78,57.81,t_1956,2152
2022-06-09 09:30,300417.XSHE,300,9.56,5.0,0.0,t_1957,2153
2022-06-09 09:30,002652.XSHE,1700,2.88,5.0,0.0,t_1958,2154
2022-06-09 09:30,002633.XSHE,5100,8.76,5.0,0.0,t_1959,2155
2022-06-09 09:30,603389.XSHG,300,4.87,5.0,0.0,t_1960,2156
2022-06-09 09:30,002862.XSHE,5100,10.86,5.54,0.0,t_1961,2157
2022-06-09 09:30,603729.XSHG,3900,13.9,5.42,0.0,t_1962,2158
2022-06-14 09:30,600768.XSHG,300,9.06,5.0,0.0,t_1963,2159
2022-06-14 09:30,002633.XSHE,-6600,8.98,5.93,59.27,t_1964,2160
2022-06-14 09:30,603709.XSHG,300,15.63,5.0,0.0,t_1965,2161
2022-06-14 09:30,603389.XSHG,200,4.86,5.0,0.0,t_1966,2162
2022-06-14 09:30,002862.XSHE,200,10.72,5.0,0.0,t_1967,2163
2022-06-14 09:30,300282.XSHE,-16400,3.08,5.05,50.51,t_1968,2164
2022-06-14 09:30,603958.XSHG,700,5.86,5.0,0.0,t_1969,2165
2022-06-14 09:30,603580.XSHG,-5000,11.76,5.88,58.8,t_1970,2166
2022-06-14 09:30,603269.XSHG,-300,12.67,5.0,3.8,t_1971,2167
2022-06-14 09:30,300554.XSHE,-400,15.7,5.0,6.28,t_1972,2168
2022-06-14 09:30,002652.XSHE,1900,2.63,5.0,0.0,t_1973,2169
2022-06-14 09:30,603729.XSHG,3900,13.82,5.39,0.0,t_1974,2170
2022-06-14 09:30,300779.XSHE,4000,13.33,5.33,0.0,t_1975,2171
2022-06-14 09:30,000691.XSHE,13400,4.06,5.44,0.0,t_1976,2172
2022-06-17 09:30,600768.XSHG,-400,9.3,5.0,3.72,t_1977,2173
2022-06-17 09:30,600455.XSHG,-300,19.93,5.0,5.98,t_1978,2174
2022-06-17 09:30,002633.XSHE,1100,8.75,5.0,0.0,t_1979,2175
2022-06-17 09:30,603389.XSHG,-900,4.99,5.0,4.49,t_1980,2177
2022-06-17 09:30,002862.XSHE,400,10.82,5.0,0.0,t_1981,2178
2022-06-17 09:30,300282.XSHE,-17700,3.2,5.66,56.64,t_1982,2179
2022-06-17 09:30,603958.XSHG,-10000,6.04,6.04,60.4,t_1983,2180
2022-06-17 09:30,603580.XSHG,-4700,11.69,5.49,54.94,t_1984,2181
2022-06-17 09:30,603269.XSHG,-3900,11.83,5.0,46.14,t_1985,2182
2022-06-17 09:30,300417.XSHE,-100,9.76,5.0,0.98,t_1986,2183
2022-06-17 09:30,300554.XSHE,-3500,15.85,5.55,55.48,t_1987,2184
2022-06-17 09:30,002652.XSHE,21800,2.58,5.62,0.0,t_1988,2185
2022-06-17 09:30,603729.XSHG,4400,13.5,5.94,0.0,t_1989,2186
2022-06-17 09:30,000691.XSHE,13500,4.07,5.49,0.0,t_1990,2187
2022-06-17 09:30,603709.XSHG,100,15.65,5.0,0.0,t_1991,2188
2022-06-17 09:30,002633.XSHE,5800,8.75,5.08,0.0,t_1992,2189
2022-06-17 09:30,002862.XSHE,4700,10.82,5.09,0.0,t_1993,2190
2022-06-22 09:30,600768.XSHG,100,9.25,5.0,0.0,t_1994,2191
2022-06-22 09:30,002633.XSHE,-7100,9.2,6.53,65.32,t_1995,2193
2022-06-22 09:30,603389.XSHG,-300,5.04,5.0,1.51,t_1996,2194
2022-06-22 09:30,002862.XSHE,4800,10.98,5.27,0.0,t_1997,2195
2022-06-22 09:30,603958.XSHG,100,6.04,5.0,0.0,t_1998,2196
2022-06-22 09:30,603269.XSHG,-4700,11.98,5.63,56.31,t_1999,2197
2022-06-22 09:30,300417.XSHE,-5800,9.99,5.79,57.94,t_2000,2198
2022-06-22 09:30,300554.XSHE,-3500,15.83,5.54,55.41,t_2001,2199
2022-06-22 09:30,002652.XSHE,-300,2.62,5.0,0.79,t_2002,2200
2022-06-22 09:30,603729.XSHG,4500,13.16,5.92,0.0,t_2003,2201
2022-06-22 09:30,000691.XSHE,-600,4.2,5.0,2.52,t_2004,2202
2022-06-22 09:30,600455.XSHG,600,19.06,5.0,0.0,t_2005,2203
2022-06-22 09:30,600768.XSHG,100,9.25,5.0,0.0,t_2006,2204
2022-06-22 09:30,300478.XSHE,5300,10.31,5.46,0.0,t_2007,2205
2022-06-22 09:30,603813.XSHG,3600,14.97,5.39,0.0,t_2008,2206
2022-06-27 09:30,600768.XSHG,200,9.27,5.0,0.0,t_2009,2207
2022-06-27 09:30,600455.XSHG,100,19.12,5.0,0.0,t_2010,2208
2022-06-27 09:30,002633.XSHE,-6100,9.42,5.75,57.46,t_2011,2209
2022-06-27 09:30,603709.XSHG,-100,16.1,5.0,1.61,t_2012,2210
2022-06-27 09:30,002862.XSHE,200,10.99,5.0,0.0,t_2013,2211
2022-06-27 09:30,603958.XSHG,400,6.04,5.0,0.0,t_2014,2212
2022-06-27 09:30,300736.XSHE,500,9.98,5.0,0.0,t_2015,2213
2022-06-27 09:30,300417.XSHE,-5600,10.15,5.68,56.84,t_2016,2214
2022-06-27 09:30,002652.XSHE,-22100,2.78,6.14,61.44,t_2017,2215
2022-06-27 09:30,603729.XSHG,4000,13.46,5.38,0.0,t_2018,2216
2022-06-27 09:30,300779.XSHE,100,13.55,5.0,0.0,t_2019,2217
2022-06-27 09:30,000691.XSHE,100,4.22,5.0,0.0,t_2020,2218
2022-06-27 09:30,300478.XSHE,5400,10.39,5.61,0.0,t_2021,2219
2022-06-27 09:30,603813.XSHG,3700,15.24,5.64,0.0,t_2022,2220
2022-06-28 14:00,002652.XSHE,-600,2.94,5.0,1.76,t_2023,2221
2022-06-30 09:30,600768.XSHG,200,9.28,5.0,0.0,t_2024,2222
2022-06-30 09:30,002633.XSHE,-5700,9.13,5.2,52.04,t_2025,2223
2022-06-30 09:30,603709.XSHG,300,15.85,5.0,0.0,t_2026,2224
2022-06-30 09:30,603389.XSHG,-12400,5.3,6.57,65.72,t_2027,2225
2022-06-30 09:30,002862.XSHE,-400,11.3,5.0,4.52,t_2028,2226
2022-06-30 09:30,603958.XSHG,-300,6.15,5.0,1.84,t_2029,2227
2022-06-30 09:30,300736.XSHE,500,9.88,5.0,0.0,t_2030,2228
2022-06-30 09:30,300417.XSHE,-5500,9.95,5.47,54.72,t_2031,2229
2022-06-30 09:30,002652.XSHE,100,2.86,5.0,0.0,t_2032,2230
2022-06-30 09:30,603729.XSHG,300,13.35,5.0,0.0,t_2033,2231
2022-06-30 09:30,300779.XSHE,4300,13.32,5.73,0.0,t_2034,2232
2022-06-30 09:30,000691.XSHE,-700,4.37,5.0,3.06,t_2035,2233
2022-06-30 09:30,300478.XSHE,5100,10.66,5.44,0.0,t_2036,2234
2022-06-30 09:30,603269.XSHG,4700,11.79,5.54,0.0,t_2037,2235
2022-07-05 09:30,002633.XSHE,-100,9.26,5.0,0.93,t_2038,2236
2022-07-05 09:30,603709.XSHG,-500,16.4,5.0,8.2,t_2039,2237
2022-07-05 09:30,603389.XSHG,-10300,5.28,5.44,54.38,t_2040,2238
2022-07-05 09:30,002862.XSHE,-5000,11.35,5.68,56.75,t_2041,2239
2022-07-05 09:30,300736.XSHE,400,9.77,5.0,0.0,t_2042,2240
2022-07-05 09:30,002652.XSHE,100,2.85,5.0,0.0,t_2043,2241
2022-07-05 09:30,603729.XSHG,100,13.29,5.0,0.0,t_2044,2242
2022-07-05 09:30,300779.XSHE,-4300,13.75,5.91,59.12,t_2045,2243
2022-07-05 09:30,000691.XSHE,-12500,4.27,5.34,53.37,t_2046,2244
2022-07-05 09:30,300478.XSHE,5600,10.52,5.89,0.0,t_2047,2245
2022-07-05 09:30,603269.XSHG,4600,12.02,5.53,0.0,t_2048,2246
2022-07-05 09:30,002719.XSHE,7500,7.51,5.63,0.0,t_2049,2247
2022-07-05 09:30,002209.XSHE,8300,6.76,5.61,0.0,t_2050,2248
2022-07-08 09:30,600768.XSHG,-600,9.34,5.0,5.6,t_2051,2249
2022-07-08 09:30,600455.XSHG,-200,19.38,5.0,3.88,t_2052,2250
2022-07-08 09:30,002633.XSHE,-6100,9.09,5.54,55.45,t_2053,2251
2022-07-08 09:30,603709.XSHG,700,15.42,5.0,0.0,t_2054,2252
2022-07-08 09:30,603389.XSHG,-10700,5.17,5.53,55.32,t_2055,2253
2022-07-08 09:30,002862.XSHE,-4800,11.0,5.28,52.8,t_2056,2254
2022-07-08 09:30,603958.XSHG,-200,6.08,5.0,1.22,t_2057,2255
2022-07-08 09:30,300736.XSHE,-500,9.77,5.0,4.88,t_2058,2256
2022-07-08 09:30,002652.XSHE,-19700,2.84,5.59,55.95,t_2059,2257
2022-07-08 09:30,603729.XSHG,-100,13.18,5.0,1.32,t_2060,2258
2022-07-08 09:30,000691.XSHE,-13200,4.2,5.54,55.44,t_2061,2259
2022-07-08 09:30,300478.XSHE,5600,10.2,5.71,0.0,t_2062,2260
2022-07-08 09:30,603813.XSHG,3700,15.01,5.55,0.0,t_2063,2261
2022-07-08 09:30,603269.XSHG,4800,11.73,5.63,0.0,t_2064,2262
2022-07-08 09:30,002719.XSHE,8600,6.84,5.88,0.0,t_2065,2263
2022-07-08 09:30,002209.XSHE,8100,6.71,5.44,0.0,t_2066,2264
2022-07-13 09:30,600768.XSHG,100,9.0,5.0,0.0,t_2067,2265
2022-07-13 09:30,603709.XSHG,-800,16.12,5.0,12.9,t_2068,2266
2022-07-13 09:30,603389.XSHG,-10600,5.11,5.42,54.17,t_2069,2267
2022-07-13 09:30,002862.XSHE,-200,11.1,5.0,2.22,t_2070,2268
2022-07-13 09:30,603958.XSHG,-8900,6.02,5.36,53.58,t_2071,2269
2022-07-13 09:30,300736.XSHE,200,9.64,5.0,0.0,t_2072,2270
2022-07-13 09:30,603729.XSHG,100,13.01,5.0,0.0,t_2073,2271
2022-07-13 09:30,300779.XSHE,4200,13.15,5.52,0.0,t_2074,2272
2022-07-13 09:30,300478.XSHE,300,10.06,5.0,0.0,t_2075,2273
2022-07-13 09:30,603813.XSHG,100,14.75,5.0,0.0,t_2076,2274
2022-07-13 09:30,002719.XSHE,7600,6.96,5.29,0.0,t_2077,2275
2022-07-13 09:30,002209.XSHE,-300,6.85,5.0,2.06,t_2078,2276
2022-07-13 09:30,600768.XSHG,800,9.0,5.0,0.0,t_2079,2277
2022-07-18 09:30,600768.XSHG,-100,8.9,5.0,0.89,t_2080,2278
2022-07-18 09:30,600455.XSHG,-200,19.24,5.0,3.85,t_2081,2279
2022-07-18 09:30,603709.XSHG,400,15.37,5.0,0.0,t_2082,2280
2022-07-18 09:30,603389.XSHG,-10800,4.93,5.32,53.24,t_2083,2281
2022-07-18 09:30,002862.XSHE,100,10.77,5.0,0.0,t_2084,2282
2022-07-18 09:30,603958.XSHG,600,5.76,5.0,0.0,t_2085,2283
2022-07-18 09:30,300736.XSHE,-100,9.52,5.0,0.95,t_2086,2284
2022-07-18 09:30,603729.XSHG,100,12.7,5.0,0.0,t_2087,2285
2022-07-18 09:30,300478.XSHE,200,9.81,5.0,0.0,t_2088,2286
2022-07-18 09:30,603813.XSHG,-3700,14.75,5.46,54.58,t_2089,2287
2022-07-18 09:30,603269.XSHG,-800,12.22,5.0,9.78,t_2090,2288
2022-07-18 09:30,002719.XSHE,9300,6.54,6.08,0.0,t_2091,2289
2022-07-18 09:30,002209.XSHE,-500,6.97,5.0,3.48,t_2092,2290
2022-07-18 09:30,000691.XSHE,13600,3.93,5.34,0.0,t_2093,2291
2022-07-21 09:30,600768.XSHG,-100,9.58,5.0,0.96,t_2094,2292
2022-07-21 09:30,002862.XSHE,100,11.27,5.0,0.0,t_2095,2295
2022-07-21 09:30,603958.XSHG,-9400,6.22,5.85,58.47,t_2096,2296
2022-07-21 09:30,300736.XSHE,300,10.09,5.0,0.0,t_2097,2297
2022-07-21 09:30,603729.XSHG,-700,14.17,5.0,9.92,t_2098,2298
2022-07-21 09:30,300779.XSHE,-4100,14.1,5.78,57.81,t_2099,2299
2022-07-21 09:30,300478.XSHE,300,10.43,5.0,0.0,t_2100,2300
2022-07-21 09:30,603269.XSHG,-4000,12.52,5.01,50.08,t_2101,2301
2022-07-21 09:30,002719.XSHE,8700,6.95,6.05,0.0,t_2102,2302
2022-07-21 09:30,000691.XSHE,14200,4.17,5.92,0.0,t_2103,2303
2022-07-21 09:30,600455.XSHG,200,20.15,5.0,0.0,t_2104,2304
2022-07-21 09:30,603709.XSHG,400,16.2,5.0,0.0,t_2105,2305
2022-07-21 09:30,002862.XSHE,300,11.27,5.0,0.0,t_2106,2306
2022-07-21 09:30,603389.XSHG,6900,5.26,5.0,0.0,t_2107,2307
2022-07-21 14:00,002209.XSHE,-1300,8.16,5.0,10.61,t_2108,2308
2022-07-25 14:00,002862.XSHE,-1300,12.55,5.0,16.32,t_2109,2309
2022-07-26 09:30,600768.XSHG,600,9.52,5.0,0.0,t_2110,2310
2022-07-26 09:30,600455.XSHG,-200,20.9,5.0,4.18,t_2111,2311
2022-07-26 09:30,603709.XSHG,100,16.28,5.0,0.0,t_2112,2312
2022-07-26 09:30,002862.XSHE,300,12.25,5.0,0.0,t_2113,2313
2022-07-26 09:30,603958.XSHG,300,6.18,5.0,0.0,t_2114,2314
2022-07-26 09:30,300736.XSHE,500,10.06,5.0,0.0,t_2115,2315
2022-07-26 09:30,300779.XSHE,-200,14.73,5.0,2.95,t_2116,2316
2022-07-26 09:30,603813.XSHG,-200,16.48,5.0,3.3,t_2117,2317
2022-07-26 09:30,603269.XSHG,-4700,12.8,6.02,60.16,t_2118,2318
2022-07-26 09:30,002719.XSHE,-700,7.18,5.0,5.03,t_2119,2319
2022-07-26 09:30,002209.XSHE,-7000,8.07,5.65,56.49,t_2120,2320
2022-07-26 09:30,000691.XSHE,-300,4.29,5.0,1.29,t_2121,2321
2022-07-26 09:30,603389.XSHG,16000,5.13,8.21,0.0,t_2122,2322
2022-07-26 09:30,600137.XSHG,4100,14.2,5.82,0.0,t_2123,2323
2022-07-27 14:00,002209.XSHE,-300,8.53,5.0,2.56,t_2124,2324
2022-07-29 09:30,600768.XSHG,-500,9.82,5.0,4.91,t_2125,2325
2022-07-29 09:30,603709.XSHG,200,16.36,5.0,0.0,t_2126,2326
2022-07-29 09:30,002862.XSHE,500,11.81,5.0,0.0,t_2127,2327
2022-07-29 09:30,603813.XSHG,-3600,16.58,5.97,59.69,t_2128,2331
2022-07-29 09:30,603269.XSHG,-4600,13.05,6.0,60.03,t_2129,2332
2022-07-29 09:30,002719.XSHE,-1200,7.5,5.0,9.0,t_2130,2333
2022-07-29 09:30,002209.XSHE,-7000,8.61,6.03,60.27,t_2131,2334
2022-07-29 09:30,000691.XSHE,13500,4.35,5.87,0.0,t_2132,2335
2022-07-29 09:30,603389.XSHG,-1200,5.51,5.0,6.61,t_2133,2336
2022-07-29 09:30,600137.XSHG,4000,14.56,5.82,0.0,t_2134,2337
2022-07-29 09:30,603729.XSHG,500,14.15,5.0,0.0,t_2135,2338
2022-07-29 09:30,300478.XSHE,600,10.48,5.0,0.0,t_2136,2339
2022-07-29 09:30,002862.XSHE,200,11.81,5.0,0.0,t_2137,2340
2022-07-29 09:30,603958.XSHG,9300,6.3,5.86,0.0,t_2138,2341
2022-08-03 09:30,600768.XSHG,-500,9.58,5.0,4.79,t_2139,2342
2022-08-03 09:30,600455.XSHG,300,19.8,5.0,0.0,t_2140,2343
2022-08-03 09:30,002862.XSHE,200,11.17,5.0,0.0,t_2141,2344
2022-08-03 09:30,603958.XSHG,-700,6.23,5.0,4.36,t_2142,2345
2022-08-03 09:30,300736.XSHE,-200,9.88,5.0,1.98,t_2143,2346
2022-08-03 09:30,603729.XSHG,100,13.54,5.0,0.0,t_2144,2347
2022-08-03 09:30,300779.XSHE,-4000,14.04,5.62,56.16,t_2145,2348
2022-08-03 09:30,300478.XSHE,-200,10.17,5.0,2.03,t_2146,2349
2022-08-03 09:30,603813.XSHG,-3600,16.2,5.83,58.32,t_2147,2350
2022-08-03 09:30,000691.XSHE,-100,4.21,5.0,0.42,t_2148,2351
2022-08-03 09:30,603389.XSHG,12000,5.09,6.11,0.0,t_2149,2352
2022-08-03 09:30,600137.XSHG,4300,13.83,5.95,0.0,t_2150,2353
2022-08-04 14:00,000691.XSHE,-700,4.38,5.0,3.07,t_2151,2354
2022-08-08 09:30,600768.XSHG,400,9.8,5.0,0.0,t_2152,2355
2022-08-08 09:30,600455.XSHG,-300,21.17,5.0,6.35,t_2153,2356
2022-08-08 09:30,603709.XSHG,100,16.2,5.0,0.0,t_2154,2357
2022-08-08 09:30,002862.XSHE,100,11.5,5.0,0.0,t_2155,2358
2022-08-08 09:30,603958.XSHG,-8400,6.21,5.22,52.16,t_2156,2359
2022-08-08 09:30,300736.XSHE,-100,10.3,5.0,1.03,t_2157,2360
2022-08-08 09:30,603729.XSHG,100,13.97,5.0,0.0,t_2158,2361
2022-08-08 09:30,300478.XSHE,-300,10.66,5.0,3.2,t_2159,2362
2022-08-08 09:30,002719.XSHE,-1000,7.67,5.0,7.67,t_2160,2363
2022-08-08 09:30,000691.XSHE,-12700,4.33,5.5,54.99,t_2161,2364
2022-08-08 09:30,603389.XSHG,11900,5.2,6.19,0.0,t_2162,2365
2022-08-08 09:30,600137.XSHG,4200,14.18,5.96,0.0,t_2163,2366
2022-08-09 14:00,000691.XSHE,-600,4.6,5.0,2.76,t_2164,2368
2022-08-10 14:00,603389.XSHG,-1800,5.76,5.0,10.37,t_2165,2369
2022-08-11 09:30,600455.XSHG,100,22.25,5.0,0.0,t_2166,2370
2022-08-11 09:30,603709.XSHG,600,16.73,5.0,0.0,t_2167,2371
2022-08-11 09:30,002862.XSHE,100,12.1,5.0,0.0,t_2168,2372
2022-08-11 09:30,000691.XSHE,-13400,4.7,6.3,62.98,t_2169,2376
2022-08-11 09:30,603389.XSHG,-10600,5.74,6.08,60.84,t_2170,2377
2022-08-11 09:30,600137.XSHG,5000,14.62,7.31,0.0,t_2171,2378
2022-08-11 09:30,603729.XSHG,300,14.67,5.0,0.0,t_2172,2379
2022-08-11 09:30,300478.XSHE,1100,10.92,5.0,0.0,t_2173,2380
2022-08-11 09:30,002862.XSHE,200,12.1,5.0,0.0,t_2174,2381
2022-08-11 09:30,603958.XSHG,4800,6.58,5.0,0.0,t_2175,2382
2022-08-15 14:00,002719.XSHE,-11800,9.57,11.29,112.93,t_2176,2384
2022-08-16 09:30,600768.XSHG,700,10.42,5.0,0.0,t_2177,2385
2022-08-16 09:30,600455.XSHG,600,21.71,5.0,0.0,t_2178,2386
2022-08-16 09:30,603709.XSHG,-100,17.25,5.0,1.73,t_2179,2387
2022-08-16 09:30,002862.XSHE,5400,12.23,6.6,0.0,t_2180,2388
2022-08-16 09:30,603958.XSHG,4200,6.73,5.0,0.0,t_2181,2389
2022-08-16 09:30,002719.XSHE,-7000,9.71,6.8,67.97,t_2182,2393
2022-08-16 09:30,000691.XSHE,100,4.75,5.0,0.0,t_2183,2394
2022-08-16 09:30,600137.XSHG,400,14.68,5.0,0.0,t_2184,2395
2022-08-16 09:30,603729.XSHG,300,14.8,5.0,0.0,t_2185,2396
2022-08-16 09:30,300736.XSHE,600,10.96,5.0,0.0,t_2186,2397
2022-08-16 09:30,300478.XSHE,400,11.0,5.0,0.0,t_2187,2398
2022-08-16 09:30,603958.XSHG,600,6.73,5.0,0.0,t_2188,2399
2022-08-16 09:30,300417.XSHE,3800,10.97,5.0,0.0,t_2189,2400
2022-08-18 14:00,603389.XSHG,-16200,7.69,12.46,124.58,t_2190,2402
2022-08-19 09:30,600768.XSHG,100,10.48,5.0,0.0,t_2191,2403
2022-08-19 09:30,603709.XSHG,100,17.17,5.0,0.0,t_2192,2404
2022-08-19 09:30,002862.XSHE,5700,12.15,6.93,0.0,t_2193,2405
2022-08-19 09:30,603958.XSHG,-10300,7.08,7.29,72.92,t_2194,2406
2022-08-19 09:30,300736.XSHE,100,11.0,5.0,0.0,t_2195,2407
2022-08-19 09:30,300478.XSHE,200,10.99,5.0,0.0,t_2196,2408
2022-08-19 09:30,002719.XSHE,2800,8.55,5.0,0.0,t_2197,2409
2022-08-19 09:30,000691.XSHE,400,4.65,5.0,0.0,t_2198,2410
2022-08-19 09:30,603389.XSHG,300,7.5,5.0,0.0,t_2199,2411
2022-08-19 09:30,600137.XSHG,100,14.71,5.0,0.0,t_2200,2412
2022-08-19 09:30,300417.XSHE,2000,11.14,5.0,0.0,t_2201,2413
2022-08-19 09:30,000023.XSHE,5900,10.92,6.44,0.0,t_2202,2414
2022-08-24 09:30,600768.XSHG,400,10.3,5.0,0.0,t_2203,2415
2022-08-24 09:30,600455.XSHG,100,21.58,5.0,0.0,t_2204,2416
2022-08-24 09:30,002862.XSHE,-5900,12.48,7.36,73.63,t_2205,2418
2022-08-24 09:30,603958.XSHG,-300,7.16,5.0,2.15,t_2206,2419
2022-08-24 09:30,300736.XSHE,-500,11.21,5.0,5.61,t_2207,2420
2022-08-24 09:30,603729.XSHG,300,14.66,5.0,0.0,t_2208,2421
2022-08-24 09:30,002719.XSHE,900,8.2,5.0,0.0,t_2209,2422
2022-08-24 09:30,000691.XSHE,-500,4.83,5.0,2.42,t_2210,2423
2022-08-24 09:30,603389.XSHG,-8600,7.51,6.46,64.59,t_2211,2424
2022-08-24 09:30,600137.XSHG,-100,14.83,5.0,1.48,t_2212,2425
2022-08-24 09:30,300417.XSHE,100,10.99,5.0,0.0,t_2213,2426
2022-08-24 09:30,600455.XSHG,100,21.58,5.0,0.0,t_2214,2427
2022-08-24 09:30,603709.XSHG,100,17.04,5.0,0.0,t_2215,2428
2022-08-24 09:30,603813.XSHG,4000,16.2,6.48,0.0,t_2216,2429
2022-08-24 09:30,603580.XSHG,5800,11.19,6.49,0.0,t_2217,2430
2022-08-29 09:30,600768.XSHG,-300,10.01,5.0,3.0,t_2218,2431
2022-08-29 09:30,600455.XSHG,100,20.59,5.0,0.0,t_2219,2432
2022-08-29 09:30,002862.XSHE,-5300,12.02,6.37,63.71,t_2220,2433
2022-08-29 09:30,603958.XSHG,-100,6.89,5.0,0.69,t_2221,2434
2022-08-29 09:30,300736.XSHE,500,10.51,5.0,0.0,t_2222,2435
2022-08-29 09:30,300478.XSHE,-200,10.6,5.0,2.12,t_2223,2436
2022-08-29 09:30,002719.XSHE,300,7.76,5.0,0.0,t_2224,2437
2022-08-29 09:30,000691.XSHE,-400,4.79,5.0,1.92,t_2225,2438
2022-08-29 09:30,603813.XSHG,3800,15.9,6.04,0.0,t_2226,2439
2022-08-29 09:30,603580.XSHG,400,10.7,5.0,0.0,t_2227,2440
2022-09-01 09:30,603958.XSHG,-9200,7.11,6.54,65.41,t_2228,2445
2022-09-01 09:30,300736.XSHE,300,10.55,5.0,0.0,t_2229,2446
2022-09-01 09:30,603729.XSHG,-100,14.39,5.0,1.44,t_2230,2447
2022-09-01 09:30,300478.XSHE,300,10.61,5.0,0.0,t_2231,2448
2022-09-01 09:30,002719.XSHE,7700,7.84,6.04,0.0,t_2232,2449
2022-09-01 09:30,000691.XSHE,-100,4.87,5.0,0.49,t_2233,2450
2022-09-01 09:30,603389.XSHG,-8700,5.83,5.07,50.72,t_2234,2451
2022-09-01 09:30,000023.XSHE,-5900,10.28,6.07,60.65,t_2235,2452
2022-09-01 09:30,603813.XSHG,4500,15.34,6.9,0.0,t_2236,2453
2022-09-01 09:30,603580.XSHG,3900,10.8,5.0,0.0,t_2237,2454
2022-09-01 09:30,600768.XSHG,100,10.08,5.0,0.0,t_2238,2457
2022-09-01 14:00,002862.XSHE,-6300,13.8,8.69,86.94,t_2239,2460
2022-09-06 09:30,600768.XSHG,700,10.23,5.0,0.0,t_2240,2461
2022-09-06 09:30,603709.XSHG,100,17.09,5.0,0.0,t_2241,2462
2022-09-06 09:30,002862.XSHE,-4100,12.71,5.21,52.11,t_2242,2463
2022-09-06 09:30,603958.XSHG,-8900,7.56,6.73,67.28,t_2243,2464
2022-09-06 09:30,300736.XSHE,-7800,11.86,9.25,92.51,t_2244,2465
2022-09-06 09:30,603729.XSHG,-200,15.03,5.0,3.01,t_2245,2466
2022-09-06 09:30,300478.XSHE,500,10.81,5.0,0.0,t_2246,2467
2022-09-06 09:30,002719.XSHE,9000,8.03,7.23,0.0,t_2247,2468
2022-09-06 09:30,000691.XSHE,600,4.8,5.0,0.0,t_2248,2469
2022-09-06 09:30,300417.XSHE,-5900,10.95,6.46,64.6,t_2249,2470
2022-09-06 09:30,603813.XSHG,3700,16.35,6.05,0.0,t_2250,2471
2022-09-06 09:30,603580.XSHG,13300,11.19,14.88,0.0,t_2251,2472
2022-09-06 09:30,000023.XSHE,6200,10.44,6.47,0.0,t_2252,2473
2022-09-09 09:30,600768.XSHG,-300,10.18,5.0,3.05,t_2253,2474
2022-09-09 09:30,600455.XSHG,100,21.12,5.0,0.0,t_2254,2475
2022-09-09 09:30,002862.XSHE,-5200,12.36,6.43,64.27,t_2255,2476
2022-09-09 09:30,300736.XSHE,-5100,11.4,5.81,58.14,t_2256,2477
2022-09-09 09:30,603729.XSHG,700,14.26,5.0,0.0,t_2257,2478
2022-09-09 09:30,300478.XSHE,-400,10.82,5.0,4.33,t_2258,2479
2022-09-09 09:30,002719.XSHE,400,7.83,5.0,0.0,t_2259,2480
2022-09-09 09:30,000691.XSHE,-13600,4.96,6.75,67.46,t_2260,2481
2022-09-09 09:30,600137.XSHG,-300,14.85,5.0,4.46,t_2261,2482
2022-09-09 09:30,603813.XSHG,-400,16.57,5.0,6.63,t_2262,2483
2022-09-09 09:30,603580.XSHG,5700,11.04,6.29,0.0,t_2263,2484
2022-09-09 09:30,000023.XSHE,6500,10.1,6.57,0.0,t_2264,2485
2022-09-09 09:30,300899.XSHE,2800,22.63,6.34,0.0,t_2265,2486
2022-09-15 09:30,600768.XSHG,200,10.2,5.0,0.0,t_2266,2487
2022-09-15 09:30,603709.XSHG,-100,17.19,5.0,1.72,t_2267,2488
2022-09-15 09:30,300736.XSHE,-6300,12.19,7.68,76.8,t_2268,2489
2022-09-15 09:30,300478.XSHE,700,10.68,5.0,0.0,t_2269,2490
2022-09-15 09:30,002719.XSHE,100,7.9,5.0,0.0,t_2270,2491
2022-09-15 09:30,600137.XSHG,-4300,15.07,6.48,64.8,t_2271,2492
2022-09-15 09:30,603813.XSHG,-3800,16.66,6.33,63.31,t_2272,2493
2022-09-15 09:30,603580.XSHG,400,11.02,5.0,0.0,t_2273,2494
2022-09-15 09:30,000023.XSHE,6200,10.33,6.4,0.0,t_2274,2495
2022-09-15 09:30,300899.XSHE,2800,22.89,6.41,0.0,t_2275,2496
2022-09-15 09:30,002862.XSHE,5400,12.02,6.49,0.0,t_2276,2497
2022-09-20 09:30,600768.XSHG,200,9.21,5.0,0.0,t_2277,2498
2022-09-20 09:30,600455.XSHG,-100,20.06,5.0,2.01,t_2278,2499
2022-09-20 09:30,300736.XSHE,-5400,11.5,6.21,62.1,t_2279,2500
2022-09-20 09:30,603729.XSHG,200,13.3,5.0,0.0,t_2280,2501
2022-09-20 09:30,300478.XSHE,-200,9.99,5.0,2.0,t_2281,2502
2022-09-20 09:30,002719.XSHE,-500,7.45,5.0,3.73,t_2282,2503
2022-09-20 09:30,600137.XSHG,-4200,13.84,5.81,58.13,t_2283,2504
2022-09-20 09:30,603813.XSHG,-3900,15.35,5.99,59.87,t_2284,2505
2022-09-20 09:30,603580.XSHG,-6200,10.43,6.47,64.67,t_2285,2506
2022-09-20 09:30,000023.XSHE,6000,9.7,5.82,0.0,t_2286,2507
2022-09-20 09:30,300899.XSHE,3100,20.66,6.4,0.0,t_2287,2508
2022-09-20 09:30,600768.XSHG,700,9.21,5.0,0.0,t_2288,2509
2022-09-20 09:30,300417.XSHE,6100,9.87,6.02,0.0,t_2289,2510
2022-09-20 09:30,603269.XSHG,5100,11.86,6.05,0.0,t_2290,2511
2022-09-23 09:30,600768.XSHG,-1100,9.79,5.0,10.77,t_2291,2512
2022-09-23 09:30,600455.XSHG,400,19.99,5.0,0.0,t_2292,2513
2022-09-23 09:30,603709.XSHG,100,15.97,5.0,0.0,t_2293,2514
2022-09-23 09:30,300736.XSHE,-5300,11.63,6.16,61.64,t_2294,2515
2022-09-23 09:30,603729.XSHG,300,13.44,5.0,0.0,t_2295,2516
2022-09-23 09:30,300478.XSHE,400,10.07,5.0,0.0,t_2296,2517
2022-09-23 09:30,002719.XSHE,200,7.57,5.0,0.0,t_2297,2518
2022-09-23 09:30,603813.XSHG,-3900,15.64,6.1,61.0,t_2298,2519
2022-09-23 09:30,603580.XSHG,-6500,11.12,7.23,72.28,t_2299,2520
2022-09-23 09:30,000023.XSHE,6600,9.84,6.49,0.0,t_2300,2521
2022-09-23 09:30,300899.XSHE,3100,20.88,6.47,0.0,t_2301,2522
2022-09-23 09:30,002862.XSHE,-600,13.18,5.0,7.91,t_2302,2523
2022-09-23 09:30,300417.XSHE,5900,10.27,6.06,0.0,t_2303,2524
2022-09-23 09:30,603269.XSHG,-200,12.67,5.0,2.53,t_2304,2525
2022-09-23 09:30,603709.XSHG,300,15.97,5.0,0.0,t_2305,2526
2022-09-28 09:30,600768.XSHG,200,9.2,5.0,0.0,t_2306,2527
2022-09-28 09:30,002719.XSHE,-300,7.48,5.0,2.24,t_2307,2530
2022-09-28 09:30,603813.XSHG,-4000,14.73,5.89,58.92,t_2308,2531
2022-09-28 09:30,603580.XSHG,-6100,11.44,6.98,69.78,t_2309,2532
2022-09-28 09:30,000023.XSHE,-6600,9.77,6.45,64.48,t_2310,2533
2022-09-28 09:30,300899.XSHE,3100,20.24,6.27,0.0,t_2311,2534
2022-09-28 09:30,300417.XSHE,6500,9.84,6.4,0.0,t_2312,2535
2022-09-28 09:30,603269.XSHG,5200,11.96,6.22,0.0,t_2313,2536
2022-09-28 09:30,300478.XSHE,200,9.82,5.0,0.0,t_2314,2537
2022-09-28 09:30,603709.XSHG,200,15.39,5.0,0.0,t_2315,2538
2022-09-28 09:30,600768.XSHG,100,9.2,5.0,0.0,t_2316,2539
2022-09-28 14:00,002862.XSHE,-400,13.83,5.0,5.53,t_2317,2540
2022-10-10 09:30,600768.XSHG,600,8.92,5.0,0.0,t_2318,2541
2022-10-10 09:30,300478.XSHE,-800,9.8,5.0,7.84,t_2319,2545
2022-10-10 09:30,002719.XSHE,900,7.09,5.0,0.0,t_2320,2546
2022-10-10 09:30,600137.XSHG,-4400,13.51,5.94,59.44,t_2321,2547
2022-10-10 09:30,603580.XSHG,-5200,10.89,5.66,56.63,t_2322,2548
2022-10-10 09:30,000023.XSHE,-7300,10.08,7.36,73.58,t_2323,2549
2022-10-10 09:30,002862.XSHE,200,12.62,5.0,0.0,t_2324,2550
2022-10-10 09:30,300417.XSHE,6500,9.41,6.12,0.0,t_2325,2551
2022-10-10 09:30,600455.XSHG,100,18.89,5.0,0.0,t_2326,2552
2022-10-10 09:30,603729.XSHG,200,12.68,5.0,0.0,t_2327,2553
2022-10-10 09:30,603709.XSHG,100,14.9,5.0,0.0,t_2328,2554
2022-10-10 09:30,600768.XSHG,400,8.92,5.0,0.0,t_2329,2555
2022-10-10 09:30,300321.XSHE,4000,14.43,5.77,0.0,t_2330,2556
2022-10-10 09:30,300535.XSHE,4700,12.36,5.81,0.0,t_2331,2557
2022-10-13 09:30,600768.XSHG,200,8.83,5.0,0.0,t_2332,2558
2022-10-13 09:30,603729.XSHG,-200,12.86,5.0,2.57,t_2333,2561
2022-10-13 09:30,002719.XSHE,-400,7.21,5.0,2.88,t_2334,2562
2022-10-13 09:30,600137.XSHG,-500,14.3,5.0,7.15,t_2335,2563
2022-10-13 09:30,603580.XSHG,-5500,11.3,6.22,62.15,t_2336,2564
2022-10-13 09:30,000023.XSHE,-5900,10.19,6.01,60.12,t_2337,2565
2022-10-13 09:30,300899.XSHE,200,19.49,5.0,0.0,t_2338,2566
2022-10-13 09:30,002862.XSHE,-4600,12.46,5.73,57.32,t_2339,2567
2022-10-13 09:30,300417.XSHE,6400,9.39,6.01,0.0,t_2340,2568
2022-10-13 09:30,603269.XSHG,5300,11.49,6.09,0.0,t_2341,2569
2022-10-13 09:30,300321.XSHE,4100,14.52,5.95,0.0,t_2342,2570
2022-10-13 09:30,600455.XSHG,100,18.75,5.0,0.0,t_2343,2571
2022-10-13 09:30,600768.XSHG,200,8.83,5.0,0.0,t_2344,2572
2022-10-13 09:30,603709.XSHG,100,14.91,5.0,0.0,t_2345,2573
2022-10-18 09:30,600768.XSHG,100,9.43,5.0,0.0,t_2346,2574
2022-10-18 09:30,603709.XSHG,100,15.37,5.0,0.0,t_2347,2575
2022-10-18 09:30,000023.XSHE,-5600,10.45,5.85,58.52,t_2348,2579
2022-10-18 09:30,300899.XSHE,-500,21.83,5.0,10.92,t_2349,2580
2022-10-18 09:30,300417.XSHE,-6800,10.32,7.02,70.18,t_2350,2581
2022-10-18 09:30,603269.XSHG,-5400,12.75,6.89,68.85,t_2351,2582
2022-10-18 09:30,300321.XSHE,4100,15.56,6.38,0.0,t_2352,2583
2022-10-18 09:30,300535.XSHE,4900,13.15,6.44,0.0,t_2353,2584
2022-10-18 09:30,603709.XSHG,700,15.37,5.0,0.0,t_2354,2585
2022-10-18 09:30,002719.XSHE,600,7.59,5.0,0.0,t_2355,2586
2022-10-18 09:30,300478.XSHE,200,10.44,5.0,0.0,t_2356,2587
2022-10-18 09:30,600137.XSHG,100,15.08,5.0,0.0,t_2357,2588
2022-10-18 09:30,002856.XSHE,6000,10.21,6.13,0.0,t_2358,2589
2022-10-21 09:30,600455.XSHG,-200,20.3,5.0,4.06,t_2359,2591
2022-10-21 09:30,603709.XSHG,-300,15.53,5.0,4.66,t_2360,2592
2022-10-21 09:30,603729.XSHG,600,13.13,5.0,0.0,t_2361,2593
2022-10-21 09:30,300478.XSHE,100,10.18,5.0,0.0,t_2362,2594
2022-10-21 09:30,600137.XSHG,-4100,14.7,6.03,60.27,t_2363,2596
2022-10-21 09:30,000023.XSHE,-6100,10.25,6.25,62.52,t_2364,2597
2022-10-21 09:30,300899.XSHE,-3100,21.86,6.78,67.77,t_2365,2598
2022-10-21 09:30,300417.XSHE,-6600,10.5,6.93,69.3,t_2366,2599
2022-10-21 09:30,300321.XSHE,3800,15.68,5.96,0.0,t_2367,2600
2022-10-21 09:30,300535.XSHE,4900,12.95,6.35,0.0,t_2368,2601
2022-10-21 09:30,002856.XSHE,6200,10.24,6.35,0.0,t_2369,2602
2022-10-21 09:30,600768.XSHG,200,9.29,5.0,0.0,t_2370,2603
2022-10-21 09:30,603729.XSHG,300,13.13,5.0,0.0,t_2371,2604
2022-10-21 09:30,002719.XSHE,200,7.49,5.0,0.0,t_2372,2605
2022-10-21 09:30,300478.XSHE,400,10.18,5.0,0.0,t_2373,2606
2022-10-21 09:30,603958.XSHG,9700,6.31,6.12,0.0,t_2374,2607
2022-10-26 09:30,600768.XSHG,-200,9.12,5.0,1.82,t_2375,2608
2022-10-26 09:30,600455.XSHG,-100,19.87,5.0,1.99,t_2376,2609
2022-10-26 09:30,603729.XSHG,200,12.63,5.0,0.0,t_2377,2610
2022-10-26 09:30,600137.XSHG,-4300,13.98,6.01,60.11,t_2378,2611
2022-10-26 09:30,300899.XSHE,-2800,21.1,5.91,59.08,t_2379,2612
2022-10-26 09:30,300417.XSHE,-6000,10.2,6.12,61.2,t_2380,2613
2022-10-26 09:30,603269.XSHG,-5000,12.43,6.21,62.15,t_2381,2614
2022-10-26 09:30,300321.XSHE,4300,14.94,6.42,0.0,t_2382,2615
2022-10-26 09:30,300535.XSHE,4700,12.69,5.96,0.0,t_2383,2616
2022-10-26 09:30,002856.XSHE,6100,9.97,6.08,0.0,t_2384,2617
2022-10-26 09:30,603958.XSHG,9700,6.11,5.93,0.0,t_2385,2618
2022-10-31 09:30,600455.XSHG,-700,20.63,5.0,14.44,t_2386,2621
2022-10-31 09:30,603709.XSHG,200,14.69,5.0,0.0,t_2387,2622
2022-10-31 09:30,603729.XSHG,-300,12.72,5.0,3.82,t_2388,2623
2022-10-31 09:30,300478.XSHE,400,9.68,5.0,0.0,t_2389,2624
2022-10-31 09:30,002719.XSHE,400,7.13,5.0,0.0,t_2390,2625
2022-10-31 09:30,300417.XSHE,-6000,10.16,6.1,60.96,t_2391,2626
2022-10-31 09:30,002856.XSHE,6200,9.83,6.09,0.0,t_2392,2627
2022-10-31 09:30,603958.XSHG,600,6.04,5.0,0.0,t_2393,2628
2022-10-31 09:30,600768.XSHG,500,8.84,5.0,0.0,t_2394,2629
2022-11-03 09:30,603709.XSHG,-300,15.62,5.0,4.69,t_2395,2632
2022-11-03 09:30,603729.XSHG,100,13.15,5.0,0.0,t_2396,2633
2022-11-03 09:30,300478.XSHE,300,9.9,5.0,0.0,t_2397,2634
2022-11-03 09:30,002719.XSHE,-300,7.49,5.0,2.25,t_2398,2635
2022-11-03 09:30,300899.XSHE,-2900,22.0,6.38,63.8,t_2399,2636
2022-11-03 09:30,300417.XSHE,-6000,10.56,6.34,63.36,t_2400,2637
2022-11-03 09:30,603269.XSHG,-5000,12.78,6.39,63.9,t_2401,2638
2022-11-03 09:30,300535.XSHE,-400,13.39,5.0,5.36,t_2402,2639
2022-11-03 09:30,002856.XSHE,6600,10.1,6.67,0.0,t_2403,2640
2022-11-03 09:30,600768.XSHG,300,9.15,5.0,0.0,t_2404,2641
2022-11-03 09:30,300478.XSHE,200,9.9,5.0,0.0,t_2405,2642
2022-11-03 09:30,600455.XSHG,200,21.07,5.0,0.0,t_2406,2643
2022-11-03 09:30,600137.XSHG,4400,14.2,6.25,0.0,t_2407,2644
2022-11-03 09:30,002652.XSHE,22500,2.71,6.1,0.0,t_2408,2645
2022-11-08 09:30,600768.XSHG,-700,9.65,5.0,6.75,t_2409,2646
2022-11-08 09:30,600455.XSHG,300,21.03,5.0,0.0,t_2410,2647
2022-11-08 09:30,603729.XSHG,-100,13.61,5.0,1.36,t_2411,2649
2022-11-08 09:30,002719.XSHE,200,7.64,5.0,0.0,t_2412,2650
2022-11-08 09:30,300899.XSHE,-2900,22.77,6.6,66.03,t_2413,2651
2022-11-08 09:30,300321.XSHE,-4400,16.28,7.16,71.63,t_2414,2652
2022-11-08 09:30,300535.XSHE,300,13.54,5.0,0.0,t_2415,2653
2022-11-08 09:30,002856.XSHE,-300,10.5,5.0,3.15,t_2416,2654
2022-11-08 09:30,603958.XSHG,10000,6.46,6.46,0.0,t_2417,2655
2022-11-08 09:30,002652.XSHE,23800,2.79,6.64,0.0,t_2418,2656
2022-11-08 09:30,603709.XSHG,300,15.76,5.0,0.0,t_2419,2657
2022-11-08 09:30,002719.XSHE,100,7.64,5.0,0.0,t_2420,2659
2022-11-11 09:30,600768.XSHG,-300,9.84,5.0,2.95,t_2421,2660
2022-11-11 09:30,600455.XSHG,100,21.3,5.0,0.0,t_2422,2661
2022-11-11 09:30,603709.XSHG,-300,16.22,5.0,4.87,t_2423,2662
2022-11-11 09:30,300478.XSHE,200,10.26,5.0,0.0,t_2424,2663
2022-11-11 09:30,002719.XSHE,-300,7.8,5.0,2.34,t_2425,2664
2022-11-11 09:30,300899.XSHE,200,22.66,5.0,0.0,t_2426,2665
2022-11-11 09:30,300321.XSHE,100,16.08,5.0,0.0,t_2427,2666
2022-11-11 09:30,603958.XSHG,-10000,6.56,6.56,65.6,t_2428,2668
2022-11-11 09:30,002652.XSHE,-800,2.88,5.0,2.3,t_2429,2669
2022-11-11 09:30,300321.XSHE,200,16.08,5.0,0.0,t_2430,2670
2022-11-11 09:30,300535.XSHE,200,13.53,5.0,0.0,t_2431,2671
2022-11-11 09:30,300899.XSHE,2600,22.66,5.89,0.0,t_2432,2672
2022-11-14 14:00,603709.XSHG,-700,16.95,5.0,11.87,t_2433,2673
2022-11-16 09:30,600768.XSHG,600,9.79,5.0,0.0,t_2434,2674
2022-11-16 09:30,600455.XSHG,200,21.35,5.0,0.0,t_2435,2675
2022-11-16 09:30,603729.XSHG,-300,14.15,5.0,4.25,t_2436,2676
2022-11-16 09:30,002719.XSHE,500,7.81,5.0,0.0,t_2437,2677
2022-11-16 09:30,300899.XSHE,200,22.58,5.0,0.0,t_2438,2678
2022-11-16 09:30,300321.XSHE,-100,16.57,5.0,1.66,t_2439,2679
2022-11-16 09:30,300535.XSHE,100,13.68,5.0,0.0,t_2440,2680
2022-11-16 09:30,002856.XSHE,-6300,10.87,6.85,68.48,t_2441,2681
2022-11-16 09:30,603958.XSHG,200,6.55,5.0,0.0,t_2442,2682
2022-11-16 09:30,002652.XSHE,300,2.9,5.0,0.0,t_2443,2683
2022-11-16 09:30,300899.XSHE,2900,22.58,6.55,0.0,t_2444,2684
2022-11-21 09:30,600768.XSHG,-100,9.9,5.0,0.99,t_2445,2685
2022-11-21 09:30,600455.XSHG,-400,22.15,5.0,8.86,t_2446,2686
2022-11-21 09:30,603709.XSHG,700,16.32,5.0,0.0,t_2447,2687
2022-11-21 09:30,603729.XSHG,-100,14.32,5.0,1.43,t_2448,2688
2022-11-21 09:30,300478.XSHE,100,10.36,5.0,0.0,t_2449,2689
2022-11-21 09:30,603958.XSHG,-200,6.68,5.0,1.34,t_2450,2691
2022-11-21 09:30,002652.XSHE,-3100,3.13,5.0,9.7,t_2451,2692
2022-11-21 09:30,603709.XSHG,200,16.32,5.0,0.0,t_2452,2693
2022-11-21 09:30,300478.XSHE,200,10.36,5.0,0.0,t_2453,2694
2022-11-21 09:30,002856.XSHE,400,10.71,5.0,0.0,t_2454,2695
2022-11-24 09:30,600768.XSHG,-500,9.84,5.0,4.92,t_2455,2696
2022-11-24 09:30,600455.XSHG,300,21.1,5.0,0.0,t_2456,2697
2022-11-24 09:30,300478.XSHE,-100,10.22,5.0,1.02,t_2457,2698
2022-11-24 09:30,300535.XSHE,100,13.54,5.0,0.0,t_2458,2701
2022-11-24 09:30,002856.XSHE,-6500,10.71,6.96,69.61,t_2459,2702
2022-11-24 09:30,600137.XSHG,-4400,14.85,6.53,65.34,t_2460,2703
2022-11-24 09:30,002652.XSHE,-21700,3.12,6.77,67.7,t_2461,2704
2022-11-24 09:30,600455.XSHG,100,21.1,5.0,0.0,t_2462,2705
2022-11-24 09:30,300899.XSHE,3100,21.83,6.77,0.0,t_2463,2706
2022-11-24 09:30,300535.XSHE,4600,13.54,6.23,0.0,t_2464,2707
2022-11-24 09:30,300836.XSHE,2900,22.26,6.46,0.0,t_2465,2708
2022-11-24 09:30,300321.XSHE,100,16.11,5.0,0.0,t_2466,2709
2022-11-29 09:30,600768.XSHG,400,9.68,5.0,0.0,t_2467,2710
2022-11-29 09:30,600455.XSHG,-300,21.7,5.0,6.51,t_2468,2711
2022-11-29 09:30,603709.XSHG,-400,16.46,5.0,6.58,t_2469,2712
2022-11-29 09:30,603729.XSHG,-200,14.15,5.0,2.83,t_2470,2713
2022-11-29 09:30,300478.XSHE,700,9.97,5.0,0.0,t_2471,2714
2022-11-29 09:30,002719.XSHE,300,7.65,5.0,0.0,t_2472,2715
2022-11-29 09:30,300899.XSHE,300,21.57,5.0,0.0,t_2473,2716
2022-11-29 09:30,603958.XSHG,-9800,6.47,6.34,63.41,t_2474,2719
2022-11-29 09:30,300836.XSHE,2900,21.71,6.3,0.0,t_2475,2720
2022-11-29 09:30,600768.XSHG,100,9.68,5.0,0.0,t_2476,2721
2022-11-29 14:00,002652.XSHE,-21000,3.19,6.7,66.99,t_2477,2726
2022-12-02 09:30,600768.XSHG,-200,9.88,5.0,1.98,t_2478,2727
2022-12-02 09:30,600455.XSHG,200,21.43,5.0,0.0,t_2479,2728
2022-12-02 09:30,603709.XSHG,100,16.45,5.0,0.0,t_2480,2729
2022-12-02 09:30,603729.XSHG,200,14.15,5.0,0.0,t_2481,2730
2022-12-02 09:30,300478.XSHE,-900,10.41,5.0,9.37,t_2482,2731
2022-12-02 09:30,002719.XSHE,-1400,8.02,5.0,11.23,t_2483,2732
2022-12-02 09:30,300899.XSHE,3000,21.74,6.52,0.0,t_2484,2733
2022-12-02 09:30,300321.XSHE,-3900,16.22,6.33,63.26,t_2485,2734
2022-12-02 09:30,300535.XSHE,300,13.6,5.0,0.0,t_2486,2735
2022-12-02 09:30,002856.XSHE,-5900,10.64,6.28,62.78,t_2487,2736
2022-12-02 09:30,603958.XSHG,-500,6.91,5.0,3.46,t_2488,2737
2022-12-02 09:30,300836.XSHE,3200,22.03,7.05,0.0,t_2489,2738
2022-12-02 09:30,300555.XSHE,9700,6.81,6.61,0.0,t_2490,2739
2022-12-07 09:30,600455.XSHG,-100,22.1,5.0,2.21,t_2491,2740
2022-12-07 09:30,603729.XSHG,200,14.25,5.0,0.0,t_2492,2741
2022-12-07 09:30,300478.XSHE,200,10.48,5.0,0.0,t_2493,2742
2022-12-07 09:30,002719.XSHE,-200,8.19,5.0,1.64,t_2494,2743
2022-12-07 09:30,300899.XSHE,100,22.01,5.0,0.0,t_2495,2744
2022-12-07 09:30,300321.XSHE,-4100,16.49,6.76,67.61,t_2496,2745
2022-12-07 09:30,603958.XSHG,-9700,6.87,6.66,66.64,t_2497,2746
2022-12-07 09:30,300555.XSHE,9900,6.87,6.8,0.0,t_2498,2747
2022-12-07 09:30,300417.XSHE,6200,10.69,6.63,0.0,t_2499,2748
2022-12-12 09:30,300321.XSHE,-4000,16.44,6.58,65.76,t_2500,2756
2022-12-12 09:30,002856.XSHE,-6100,10.85,6.62,66.19,t_2501,2757
2022-12-12 09:30,300836.XSHE,3300,22.2,7.33,0.0,t_2502,2758
2022-12-12 09:30,300555.XSHE,8700,6.79,5.91,0.0,t_2503,2759
2022-12-12 14:00,300535.XSHE,-7700,16.19,12.47,124.66,t_2504,2770
2022-12-15 09:30,600768.XSHG,400,9.95,5.0,0.0,t_2505,2771
2022-12-15 09:30,603709.XSHG,100,16.76,5.0,0.0,t_2506,2772
2022-12-15 09:30,300478.XSHE,1000,10.21,5.0,0.0,t_2507,2773
2022-12-15 09:30,002719.XSHE,-9400,8.53,8.02,80.18,t_2508,2774
2022-12-15 09:30,300899.XSHE,300,21.63,5.0,0.0,t_2509,2775
2022-12-15 09:30,300535.XSHE,-3000,14.88,5.0,44.64,t_2510,2776
2022-12-15 09:30,002856.XSHE,-100,10.76,5.0,1.08,t_2511,2777
2022-12-15 09:30,300836.XSHE,100,21.73,5.0,0.0,t_2512,2778
2022-12-15 09:30,300555.XSHE,12000,6.71,8.05,0.0,t_2513,2779
2022-12-15 09:30,300417.XSHE,13400,10.32,13.83,0.0,t_2514,2780
2022-12-20 09:30,600768.XSHG,600,9.42,5.0,0.0,t_2515,2781
2022-12-20 09:30,600455.XSHG,-3800,22.8,8.66,86.64,t_2516,2782
2022-12-20 09:30,603709.XSHG,100,16.03,5.0,0.0,t_2517,2783
2022-12-20 09:30,603729.XSHG,700,13.4,5.0,0.0,t_2518,2784
2022-12-20 09:30,300478.XSHE,-100,9.9,5.0,0.99,t_2519,2785
2022-12-20 09:30,002719.XSHE,-7500,8.08,6.06,60.6,t_2520,2786
2022-12-20 09:30,300899.XSHE,200,20.6,5.0,0.0,t_2521,2787
2022-12-20 09:30,300321.XSHE,4200,15.41,6.47,0.0,t_2522,2788
2022-12-20 09:30,300535.XSHE,-4400,14.17,6.23,62.35,t_2523,2789
2022-12-20 09:30,002856.XSHE,100,10.08,5.0,0.0,t_2524,2790
2022-12-20 09:30,300836.XSHE,100,20.85,5.0,0.0,t_2525,2791
2022-12-20 09:30,300555.XSHE,9200,6.59,6.06,0.0,t_2526,2792
2022-12-20 09:30,300417.XSHE,6800,9.87,6.71,0.0,t_2527,2793
2022-12-23 09:30,600768.XSHG,100,9.11,5.0,0.0,t_2528,2794
2022-12-23 09:30,600455.XSHG,-2900,22.46,6.51,65.13,t_2529,2795
2022-12-23 09:30,603729.XSHG,200,13.12,5.0,0.0,t_2530,2796
2022-12-23 09:30,300478.XSHE,700,9.54,5.0,0.0,t_2531,2797
2022-12-23 09:30,300899.XSHE,300,19.92,5.0,0.0,t_2532,2798
2022-12-23 09:30,300321.XSHE,3300,14.92,5.0,0.0,t_2533,2799
2022-12-23 09:30,300535.XSHE,-4500,13.51,6.08,60.8,t_2534,2800
2022-12-23 09:30,300836.XSHE,100,20.35,5.0,0.0,t_2535,2801
2022-12-23 09:30,300555.XSHE,1500,6.3,5.0,0.0,t_2536,2802
2022-12-23 09:30,300417.XSHE,5000,9.9,5.0,0.0,t_2537,2803
2022-12-28 09:30,600455.XSHG,-2600,22.44,5.83,58.34,t_2538,2809
2022-12-28 09:30,603709.XSHG,1000,15.65,5.0,0.0,t_2539,2810
2022-12-28 09:30,603729.XSHG,500,13.31,5.0,0.0,t_2540,2811
2022-12-28 09:30,300478.XSHE,900,9.63,5.0,0.0,t_2541,2812
2022-12-28 09:30,300899.XSHE,600,19.9,5.0,0.0,t_2542,2813
2022-12-28 09:30,300321.XSHE,1000,14.99,5.0,0.0,t_2543,2814
2022-12-28 09:30,300535.XSHE,-4800,13.3,6.38,63.84,t_2544,2815
2022-12-28 09:30,002856.XSHE,200,10.12,5.0,0.0,t_2545,2816
2022-12-28 09:30,300836.XSHE,3000,20.54,6.16,0.0,t_2546,2817
2022-12-28 09:30,300555.XSHE,100,6.45,5.0,0.0,t_2547,2818
2022-12-30 14:00,002719.XSHE,-20100,15.93,32.02,320.19,t_2548,2826
2023-01-03 09:30,600768.XSHG,-34700,9.2,31.92,319.24,t_2549,2827
2023-01-03 09:30,600455.XSHG,-6000,22.12,13.27,132.72,t_2550,2828
2023-01-03 09:30,603709.XSHG,-21300,15.4,32.8,328.02,t_2551,2829
2023-01-03 09:30,603729.XSHG,-25000,13.26,33.15,331.5,t_2552,2830
2023-01-03 09:30,300478.XSHE,-34600,9.22,31.9,319.01,t_2553,2831
2023-01-03 09:30,002719.XSHE,-4200,15.7,6.59,65.94,t_2554,2832
2023-01-03 09:30,300899.XSHE,-16700,19.71,32.92,329.16,t_2555,2833
2023-01-03 09:30,300321.XSHE,-12700,14.73,18.71,187.07,t_2556,2834
2023-01-03 09:30,002856.XSHE,-6600,10.02,6.61,66.13,t_2557,2835
2023-01-03 09:30,300836.XSHE,-15600,20.09,31.34,313.4,t_2558,2836
2023-01-03 09:30,300555.XSHE,-51100,6.25,31.94,319.38,t_2559,2837
2023-01-03 09:30,300417.XSHE,-31400,9.72,30.52,305.21,t_2560,2838
2023-01-03 09:30,511880.XSHG,33200,100.135,0.0,0.0,t_2561,2839
2023-02-01 09:30,511880.XSHG,-33200,100.234,0.0,0.0,t_2562,2840
2023-02-01 09:30,300478.XSHE,6700,9.95,6.67,0.0,t_2563,2841
2023-02-01 09:30,603729.XSHG,4700,13.99,6.58,0.0,t_2564,2842
2023-02-01 09:30,603709.XSHG,3900,16.77,6.54,0.0,t_2565,2843
2023-02-01 09:30,300899.XSHE,3000,21.86,6.56,0.0,t_2566,2844
2023-02-01 09:30,300417.XSHE,6200,10.69,6.63,0.0,t_2567,2845
2023-02-01 09:30,002856.XSHE,6200,10.6,6.57,0.0,t_2568,2846
2023-02-01 09:30,002816.XSHE,4700,14.19,6.67,0.0,t_2569,2847
2023-02-01 09:30,300535.XSHE,4800,13.8,6.62,0.0,t_2570,2848
2023-02-01 09:30,600768.XSHG,6200,10.73,6.65,0.0,t_2571,2849
2023-02-01 09:30,300321.XSHE,4000,16.38,6.55,0.0,t_2572,2850
2023-02-02 14:00,600768.XSHG,-500,11.93,5.0,5.96,t_2573,2851
2023-02-06 09:30,300478.XSHE,6400,10.23,6.55,0.0,t_2574,2852
2023-02-06 09:30,603729.XSHG,4600,14.34,6.6,0.0,t_2575,2853
2023-02-06 09:30,603709.XSHG,3900,17.12,6.68,0.0,t_2576,2854
2023-02-06 09:30,300899.XSHE,3000,22.31,6.69,0.0,t_2577,2855
2023-02-06 09:30,300417.XSHE,6300,10.7,6.74,0.0,t_2578,2856
2023-02-06 09:30,002856.XSHE,6400,10.61,6.79,0.0,t_2579,2857
2023-02-06 09:30,002816.XSHE,4300,14.8,6.36,0.0,t_2580,2858
2023-02-06 09:30,300535.XSHE,4700,14.0,6.58,0.0,t_2581,2859
2023-02-06 09:30,300321.XSHE,4000,16.7,6.68,0.0,t_2582,2860
2023-02-06 09:30,002652.XSHE,23200,2.89,6.7,0.0,t_2583,2861
2023-02-09 09:30,300478.XSHE,6600,10.23,6.75,0.0,t_2584,2862
2023-02-09 09:30,603729.XSHG,4900,14.11,6.91,0.0,t_2585,2863
2023-02-09 09:30,603709.XSHG,3900,17.18,6.7,0.0,t_2586,2864
2023-02-09 09:30,300899.XSHE,3000,22.31,6.69,0.0,t_2587,2865
2023-02-09 09:30,300417.XSHE,5700,11.07,6.31,0.0,t_2588,2866
2023-02-09 09:30,002856.XSHE,6200,10.69,6.63,0.0,t_2589,2867
2023-02-09 09:30,002816.XSHE,4700,14.7,6.91,0.0,t_2590,2868
2023-02-09 09:30,300535.XSHE,4500,14.36,6.46,0.0,t_2591,2869
2023-02-09 09:30,600768.XSHG,100,11.48,5.0,0.0,t_2592,2870
2023-02-09 09:30,002652.XSHE,23000,2.91,6.69,0.0,t_2593,2871
2023-02-09 09:30,600455.XSHG,2800,23.72,6.64,0.0,t_2594,2872
2023-02-14 09:30,300478.XSHE,6400,10.45,6.69,0.0,t_2595,2873
2023-02-14 09:30,603729.XSHG,4500,14.55,6.55,0.0,t_2596,2874
2023-02-14 09:30,603709.XSHG,3500,17.93,6.28,0.0,t_2597,2875
2023-02-14 09:30,300899.XSHE,2900,22.85,6.63,0.0,t_2598,2876
2023-02-14 09:30,300417.XSHE,5900,11.29,6.66,0.0,t_2599,2877
2023-02-14 09:30,002856.XSHE,5700,11.14,6.35,0.0,t_2600,2878
2023-02-14 09:30,002816.XSHE,4700,14.78,6.95,0.0,t_2601,2879
2023-02-14 09:30,300535.XSHE,-100,14.76,5.0,1.48,t_2602,2880
2023-02-14 09:30,300321.XSHE,3800,17.28,6.57,0.0,t_2603,2881
2023-02-14 09:30,002652.XSHE,22700,2.97,6.74,0.0,t_2604,2882
2023-02-14 09:30,600455.XSHG,2700,24.42,6.59,0.0,t_2605,2883
2023-02-17 09:30,300478.XSHE,7100,10.03,7.12,0.0,t_2606,2884
2023-02-17 09:30,603729.XSHG,5000,14.03,7.02,0.0,t_2607,2885
2023-02-17 09:30,603709.XSHG,3200,18.12,5.8,0.0,t_2608,2886
2023-02-17 09:30,300899.XSHE,2900,22.39,6.49,0.0,t_2609,2887
2023-02-17 09:30,300417.XSHE,6600,10.84,7.15,0.0,t_2610,2888
2023-02-17 09:30,002856.XSHE,6800,10.63,7.23,0.0,t_2611,2889
2023-02-17 09:30,002816.XSHE,5000,14.2,7.1,0.0,t_2612,2890
2023-02-17 09:30,300535.XSHE,4600,14.38,6.61,0.0,t_2613,2891
2023-02-17 09:30,600768.XSHG,6100,11.17,6.81,0.0,t_2614,2892
2023-02-17 09:30,002652.XSHE,24300,2.86,6.95,0.0,t_2615,2893
2023-02-22 09:30,300478.XSHE,-200,10.13,5.0,2.03,t_2616,2894
2023-02-22 09:30,603729.XSHG,100,14.0,5.0,0.0,t_2617,2895
2023-02-22 09:30,603709.XSHG,300,17.8,5.0,0.0,t_2618,2896
2023-02-22 09:30,300417.XSHE,200,10.8,5.0,0.0,t_2619,2897
2023-02-22 09:30,600768.XSHG,-5900,11.31,6.67,66.73,t_2620,2898
2023-02-22 09:30,002652.XSHE,22800,2.88,6.57,0.0,t_2621,2899
2023-02-27 09:30,300478.XSHE,200,10.12,5.0,0.0,t_2622,2900
2023-02-27 09:30,603709.XSHG,-600,18.58,5.0,11.15,t_2623,2902
2023-02-27 09:30,002856.XSHE,200,10.65,5.0,0.0,t_2624,2903
2023-02-27 09:30,300535.XSHE,-4500,14.5,6.53,65.25,t_2625,2904
2023-02-27 09:30,600768.XSHG,5800,11.32,6.57,0.0,t_2626,2905
2023-02-27 09:30,300321.XSHE,-3900,17.1,6.67,66.69,t_2627,2906
2023-02-27 09:30,002652.XSHE,1900,2.85,5.0,0.0,t_2628,2907
2023-02-27 09:30,600455.XSHG,2800,24.12,6.75,0.0,t_2629,2908
2023-02-27 09:30,603729.XSHG,200,14.0,5.0,0.0,t_2630,2909
2023-03-02 09:30,603729.XSHG,-500,14.52,5.0,7.26,t_2631,2910
2023-03-02 09:30,603709.XSHG,300,18.43,5.0,0.0,t_2632,2911
2023-03-02 09:30,300417.XSHE,-100,11.05,5.0,1.1,t_2633,2913
2023-03-02 09:30,002816.XSHE,200,14.38,5.0,0.0,t_2634,2914
2023-03-02 09:30,300535.XSHE,-4700,14.72,6.92,69.18,t_2635,2915
2023-03-02 09:30,600768.XSHG,6000,11.37,6.82,0.0,t_2636,2916
2023-03-02 09:30,002652.XSHE,-1300,2.92,5.0,3.8,t_2637,2918
2023-03-02 09:30,600455.XSHG,-2700,24.6,6.64,66.42,t_2638,2919
2023-03-02 09:30,300899.XSHE,100,22.77,5.0,0.0,t_2639,2920
2023-03-02 09:30,600768.XSHG,100,11.37,5.0,0.0,t_2640,2921
2023-03-02 09:30,300321.XSHE,3900,17.28,6.74,0.0,t_2641,2922
2023-03-07 09:30,300478.XSHE,-200,10.19,5.0,2.04,t_2642,2923
2023-03-07 09:30,603729.XSHG,-300,14.51,5.0,4.35,t_2643,2924
2023-03-07 09:30,002856.XSHE,-100,10.7,5.0,1.07,t_2644,2925
2023-03-07 09:30,002816.XSHE,400,13.95,5.0,0.0,t_2645,2926
2023-03-07 09:30,600768.XSHG,100,11.11,5.0,0.0,t_2646,2927
2023-03-07 09:30,300321.XSHE,-3900,17.14,6.68,66.85,t_2647,2928
2023-03-07 09:30,002652.XSHE,1900,2.83,5.0,0.0,t_2648,2929
2023-03-07 09:30,600455.XSHG,-2800,24.35,6.82,68.18,t_2649,2930
2023-03-07 09:30,600768.XSHG,6100,11.11,6.78,0.0,t_2650,2931
2023-03-07 09:30,603958.XSHG,9200,6.81,6.27,0.0,t_2651,2932
2023-03-10 09:30,603729.XSHG,-400,14.95,5.0,5.98,t_2652,2934
2023-03-10 09:30,603709.XSHG,300,17.6,5.0,0.0,t_2653,2935
2023-03-10 09:30,300899.XSHE,-300,23.37,5.0,7.01,t_2654,2936
2023-03-10 09:30,300417.XSHE,-6600,11.25,7.43,74.25,t_2655,2937
2023-03-10 09:30,002856.XSHE,-600,11.04,5.0,6.62,t_2656,2938
2023-03-10 09:30,002816.XSHE,200,14.01,5.0,0.0,t_2657,2939
2023-03-10 09:30,300535.XSHE,-4600,14.67,6.75,67.48,t_2658,2940
2023-03-10 09:30,600768.XSHG,500,11.0,5.0,0.0,t_2659,2941
2023-03-10 09:30,002652.XSHE,-1800,2.91,5.0,5.24,t_2660,2942
2023-03-10 09:30,603958.XSHG,11200,6.64,7.44,0.0,t_2661,2943
2023-03-10 09:30,300478.XSHE,400,10.14,5.0,0.0,t_2662,2944
2023-03-10 09:30,603709.XSHG,500,17.6,5.0,0.0,t_2663,2945
2023-03-10 09:30,603389.XSHG,11400,5.71,6.51,0.0,t_2664,2946
2023-03-15 09:30,300478.XSHE,-400,9.96,5.0,3.98,t_2665,2947
2023-03-15 09:30,603709.XSHG,200,16.82,5.0,0.0,t_2666,2948
2023-03-15 09:30,300417.XSHE,-6200,10.95,6.79,67.89,t_2667,2949
2023-03-15 09:30,002856.XSHE,1000,10.31,5.0,0.0,t_2668,2950
2023-03-15 09:30,002816.XSHE,-700,14.01,5.0,9.81,t_2669,2951
2023-03-15 09:30,300535.XSHE,-4700,14.07,6.61,66.13,t_2670,2952
2023-03-15 09:30,600768.XSHG,6500,10.52,6.84,0.0,t_2671,2953
2023-03-15 09:30,300321.XSHE,-3900,16.61,6.48,64.78,t_2672,2954
2023-03-15 09:30,002652.XSHE,800,2.79,5.0,0.0,t_2673,2955
2023-03-15 09:30,600455.XSHG,-100,24.48,5.0,2.45,t_2674,2956
2023-03-15 09:30,603958.XSHG,10000,6.47,6.47,0.0,t_2675,2957
2023-03-15 09:30,603389.XSHG,500,5.5,5.0,0.0,t_2676,2958
2023-03-15 09:30,603709.XSHG,100,16.82,5.0,0.0,t_2677,2959
2023-03-15 09:30,603030.XSHG,25700,2.4,6.17,0.0,t_2678,2960
2023-03-20 09:30,603729.XSHG,-500,14.78,5.0,7.39,t_2679,2961
2023-03-20 09:30,300899.XSHE,-3000,22.75,6.83,68.25,t_2680,2962
2023-03-20 09:30,300417.XSHE,-5700,10.79,6.15,61.5,t_2681,2963
2023-03-20 09:30,002856.XSHE,-200,10.45,5.0,2.09,t_2682,2964
2023-03-20 09:30,002816.XSHE,400,13.76,5.0,0.0,t_2683,2965
2023-03-20 09:30,600768.XSHG,-6700,10.81,7.24,72.43,t_2684,2966
2023-03-20 09:30,002652.XSHE,2600,2.74,5.0,0.0,t_2685,2967
2023-03-20 09:30,600455.XSHG,-2700,24.05,6.49,64.94,t_2686,2968
2023-03-20 09:30,603958.XSHG,10500,6.43,6.75,0.0,t_2687,2969
2023-03-20 09:30,603030.XSHG,29100,2.4,6.98,0.0,t_2688,2970
2023-03-20 09:30,300169.XSHE,14800,4.45,6.59,0.0,t_2689,2971
2023-03-20 09:30,603286.XSHG,3600,16.46,5.93,0.0,t_2690,2972
2023-03-23 09:30,603729.XSHG,-100,15.25,5.0,1.53,t_2691,2973
2023-03-23 09:30,603709.XSHG,-400,17.69,5.0,7.08,t_2692,2974
2023-03-23 09:30,300899.XSHE,-2900,23.47,6.81,68.06,t_2693,2975
2023-03-23 09:30,300417.XSHE,-6300,11.31,7.13,71.25,t_2694,2976
2023-03-23 09:30,002856.XSHE,-100,10.73,5.0,1.07,t_2695,2977
2023-03-23 09:30,002816.XSHE,500,13.81,5.0,0.0,t_2696,2978
2023-03-23 09:30,300321.XSHE,-4000,17.13,6.85,68.52,t_2697,2979
2023-03-23 09:30,002652.XSHE,1800,2.77,5.0,0.0,t_2698,2980
2023-03-23 09:30,603958.XSHG,10100,6.62,6.69,0.0,t_2699,2981
2023-03-23 09:30,603389.XSHG,-100,5.76,5.0,0.58,t_2700,2982
2023-03-23 09:30,603030.XSHG,28600,2.43,6.95,0.0,t_2701,2983
2023-03-23 09:30,603286.XSHG,300,17.32,5.0,0.0,t_2702,2984
2023-03-23 09:30,000023.XSHE,6000,10.76,6.46,0.0,t_2703,2985
2023-03-28 09:30,300478.XSHE,-400,10.24,5.0,4.1,t_2704,2986
2023-03-28 09:30,603709.XSHG,300,17.1,5.0,0.0,t_2705,2987
2023-03-28 09:30,300899.XSHE,-2900,23.18,6.72,67.22,t_2706,2988
2023-03-28 09:30,300417.XSHE,-6000,11.21,6.73,67.26,t_2707,2989
2023-03-28 09:30,002856.XSHE,-100,10.61,5.0,1.06,t_2708,2990
2023-03-28 09:30,600768.XSHG,-300,11.07,5.0,3.32,t_2709,2991
2023-03-28 09:30,002652.XSHE,500,2.72,5.0,0.0,t_2710,2992
2023-03-28 09:30,603389.XSHG,-300,5.84,5.0,1.75,t_2711,2993
2023-03-28 09:30,603030.XSHG,31400,2.32,7.28,0.0,t_2712,2994
2023-03-28 09:30,300169.XSHE,-200,4.59,5.0,0.92,t_2713,2995
2023-03-28 09:30,000023.XSHE,6400,10.45,6.69,0.0,t_2714,2996
2023-03-31 09:30,603729.XSHG,-300,14.58,5.0,4.37,t_2715,2999
2023-03-31 09:30,603709.XSHG,-100,16.58,5.0,1.66,t_2716,3000
2023-03-31 09:30,002856.XSHE,100,10.1,5.0,0.0,t_2717,3001
2023-03-31 09:30,600768.XSHG,400,10.39,5.0,0.0,t_2718,3002
2023-03-31 09:30,002652.XSHE,-200,2.61,5.0,0.52,t_2719,3003
2023-03-31 09:30,603389.XSHG,-11500,5.36,6.16,61.64,t_2720,3004
2023-03-31 09:30,603030.XSHG,28400,2.22,6.3,0.0,t_2721,3005
2023-04-03 09:30,300478.XSHE,-32600,9.76,31.82,318.18,t_2722,3008
2023-04-03 09:30,603729.XSHG,-21900,14.76,32.32,323.24,t_2723,3009
2023-04-03 09:30,603709.XSHG,-19300,16.72,32.27,322.7,t_2724,3010
2023-04-03 09:30,300899.XSHE,-5800,21.98,12.75,127.48,t_2725,3011
2023-04-03 09:30,002856.XSHE,-31500,10.19,32.1,320.99,t_2726,3012
2023-04-03 09:30,002816.XSHE,-24400,13.07,31.89,318.91,t_2727,3013
2023-04-03 09:30,600768.XSHG,-24500,10.58,25.92,259.21,t_2728,3014
2023-04-03 09:30,002652.XSHE,-122200,2.65,32.38,323.83,t_2729,3015
2023-04-03 09:30,603958.XSHG,-51000,6.4,32.64,326.4,t_2730,3016
2023-04-03 09:30,603030.XSHG,-143200,2.22,31.79,317.9,t_2731,3017
2023-04-03 09:30,300169.XSHE,-14600,4.41,6.44,64.39,t_2732,3018
2023-04-03 09:30,603286.XSHG,-3900,16.82,6.56,65.6,t_2733,3019
2023-04-03 09:30,000023.XSHE,-12400,10.25,12.71,127.1,t_2734,3020
2023-04-03 09:30,511880.XSHG,31900,100.529,0.0,0.0,t_2735,3021
2023-05-04 09:30,511880.XSHG,-31900,100.693,0.0,0.0,t_2736,3022
2023-05-08 09:30,300478.XSHE,6700,9.6,6.43,0.0,t_2737,3023
2023-05-08 09:30,600768.XSHG,6400,9.98,6.39,0.0,t_2738,3024
2023-05-08 09:30,300169.XSHE,15700,4.08,6.41,0.0,t_2739,3025
2023-05-08 09:30,603389.XSHG,12400,5.15,6.39,0.0,t_2740,3026
2023-05-08 09:30,300417.XSHE,6500,9.88,6.42,0.0,t_2741,3027
2023-05-08 09:30,603709.XSHG,3800,16.79,6.38,0.0,t_2742,3028
2023-05-08 09:30,603729.XSHG,4300,14.77,6.35,0.0,t_2743,3029
2023-05-08 09:30,002652.XSHE,24000,2.68,6.43,0.0,t_2744,3030
2023-05-08 09:30,002856.XSHE,6300,10.14,6.39,0.0,t_2745,3031
2023-05-08 09:30,600455.XSHG,2900,22.16,6.43,0.0,t_2746,3032
2023-05-11 09:30,300478.XSHE,6800,9.52,6.47,0.0,t_2747,3033
2023-05-11 09:30,600768.XSHG,6400,10.0,6.4,0.0,t_2748,3034
2023-05-11 09:30,300169.XSHE,16300,4.02,6.55,0.0,t_2749,3035
2023-05-11 09:30,603389.XSHG,12600,5.15,6.49,0.0,t_2750,3036
2023-05-11 09:30,300417.XSHE,6500,9.86,6.41,0.0,t_2751,3037
2023-05-11 09:30,603709.XSHG,3700,17.05,6.31,0.0,t_2752,3038
2023-05-11 09:30,002652.XSHE,25400,2.61,6.63,0.0,t_2753,3039
2023-05-11 09:30,002856.XSHE,6400,10.08,6.45,0.0,t_2754,3040
2023-05-11 09:30,000691.XSHE,15200,4.23,6.43,0.0,t_2755,3041
2023-05-11 09:30,603286.XSHG,4000,15.79,6.32,0.0,t_2756,3042
2023-05-11 14:00,603729.XSHG,-200,15.91,5.0,3.18,t_2757,3043
2023-05-16 09:30,300478.XSHE,6600,9.66,6.38,0.0,t_2758,3044
2023-05-16 09:30,600768.XSHG,5800,10.42,6.04,0.0,t_2759,3045
2023-05-16 09:30,300169.XSHE,15700,4.07,6.39,0.0,t_2760,3046
2023-05-16 09:30,603389.XSHG,12000,5.24,6.29,0.0,t_2761,3047
2023-05-16 09:30,300417.XSHE,6200,10.08,6.25,0.0,t_2762,3048
2023-05-16 09:30,603709.XSHG,3900,17.0,6.63,0.0,t_2763,3049
2023-05-16 09:30,603729.XSHG,100,15.12,5.0,0.0,t_2764,3050
2023-05-16 09:30,002652.XSHE,23300,2.67,6.22,0.0,t_2765,3051
2023-05-16 09:30,002856.XSHE,6400,10.15,6.5,0.0,t_2766,3052
2023-05-16 09:30,000691.XSHE,15300,4.24,6.49,0.0,t_2767,3053
2023-05-16 09:30,000702.XSHE,12300,5.23,6.43,0.0,t_2768,3054
2023-05-19 09:30,300478.XSHE,6300,9.89,6.23,0.0,t_2769,3055
2023-05-19 09:30,600768.XSHG,-400,10.79,5.0,4.32,t_2770,3056
2023-05-19 09:30,300169.XSHE,15500,4.14,6.42,0.0,t_2771,3057
2023-05-19 09:30,603389.XSHG,12000,5.34,6.41,0.0,t_2772,3058
2023-05-19 09:30,300417.XSHE,6100,10.33,6.3,0.0,t_2773,3059
2023-05-19 09:30,603709.XSHG,3600,17.44,6.28,0.0,t_2774,3060
2023-05-19 09:30,603729.XSHG,4600,14.71,6.77,0.0,t_2775,3061
2023-05-19 09:30,002652.XSHE,23500,2.72,6.39,0.0,t_2776,3062
2023-05-19 09:30,002856.XSHE,6500,10.21,6.64,0.0,t_2777,3063
2023-05-19 09:30,000691.XSHE,15100,4.3,6.49,0.0,t_2778,3064
2023-05-19 09:30,000702.XSHE,12400,5.29,6.56,0.0,t_2779,3065
2023-05-24 09:30,300478.XSHE,6900,9.7,6.69,0.0,t_2780,3066
2023-05-24 09:30,600768.XSHG,-200,10.84,5.0,2.17,t_2781,3067
2023-05-24 09:30,300169.XSHE,16100,4.08,6.57,0.0,t_2782,3068
2023-05-24 09:30,603389.XSHG,13200,5.2,6.86,0.0,t_2783,3069
2023-05-24 09:30,300417.XSHE,-500,10.47,5.0,5.24,t_2784,3070
2023-05-24 09:30,603709.XSHG,3800,17.15,6.52,0.0,t_2785,3071
2023-05-24 09:30,603729.XSHG,4800,14.2,6.82,0.0,t_2786,3072
2023-05-24 09:30,002652.XSHE,25400,2.66,6.76,0.0,t_2787,3073
2023-05-24 09:30,002856.XSHE,6700,9.99,6.69,0.0,t_2788,3074
2023-05-24 09:30,600455.XSHG,2900,22.18,6.43,0.0,t_2789,3075
2023-05-24 09:30,000691.XSHE,15700,4.22,6.63,0.0,t_2790,3076
2023-05-24 09:30,603286.XSHG,-100,16.6,5.0,1.66,t_2791,3077
2023-05-24 09:30,000702.XSHE,11900,5.3,6.31,0.0,t_2792,3078
2023-05-29 09:30,300478.XSHE,-1100,10.14,5.0,11.15,t_2793,3079
2023-05-29 09:30,600768.XSHG,-6100,10.98,6.7,66.98,t_2794,3080
2023-05-29 09:30,300169.XSHE,-300,4.13,5.0,1.24,t_2795,3081
2023-05-29 09:30,603389.XSHG,500,5.2,5.0,0.0,t_2796,3082
2023-05-29 09:30,300417.XSHE,-6100,10.49,6.4,63.99,t_2797,3083
2023-05-29 09:30,603709.XSHG,200,17.12,5.0,0.0,t_2798,3084
2023-05-29 09:30,002652.XSHE,100,2.68,5.0,0.0,t_2799,3085
2023-05-29 09:30,002856.XSHE,100,10.05,5.0,0.0,t_2800,3086
2023-05-29 09:30,600455.XSHG,100,22.08,5.0,0.0,t_2801,3087
2023-05-29 09:30,000691.XSHE,16100,4.21,6.78,0.0,t_2802,3088
2023-05-29 09:30,000702.XSHE,13400,5.18,6.94,0.0,t_2803,3089
2023-06-01 09:30,600768.XSHG,-5900,10.81,6.38,63.78,t_2804,3092
2023-06-01 09:30,300169.XSHE,-500,4.07,5.0,2.04,t_2805,3093
2023-06-01 09:30,603389.XSHG,-500,5.14,5.0,2.57,t_2806,3094
2023-06-01 09:30,300417.XSHE,-6300,10.38,6.54,65.39,t_2807,3095
2023-06-01 09:30,603729.XSHG,3700,14.69,5.44,0.0,t_2808,3096
2023-06-01 09:30,002652.XSHE,2500,2.57,5.0,0.0,t_2809,3097
2023-06-01 09:30,002856.XSHE,-500,10.02,5.0,5.01,t_2810,3098
2023-06-01 09:30,600455.XSHG,2700,22.2,5.99,0.0,t_2811,3099
2023-06-01 09:30,000691.XSHE,200,4.11,5.0,0.0,t_2812,3100
2023-06-01 09:30,603286.XSHG,-3900,16.82,6.56,65.6,t_2813,3101
2023-06-01 09:30,000702.XSHE,13100,5.06,6.63,0.0,t_2814,3102
2023-06-01 09:30,300478.XSHE,1700,9.38,5.0,0.0,t_2815,3103
2023-06-06 09:30,600768.XSHG,-6000,10.9,6.54,65.4,t_2816,3105
2023-06-06 09:30,300169.XSHE,2000,4.1,5.0,0.0,t_2817,3106
2023-06-06 09:30,603389.XSHG,-3700,5.65,5.0,20.91,t_2818,3107
2023-06-06 09:30,300417.XSHE,100,10.51,5.0,0.0,t_2819,3108
2023-06-06 09:30,603709.XSHG,-100,17.52,5.0,1.75,t_2820,3109
2023-06-06 09:30,603729.XSHG,-300,15.61,5.0,4.68,t_2821,3110
2023-06-06 09:30,002652.XSHE,900,2.64,5.0,0.0,t_2822,3111
2023-06-06 09:30,002856.XSHE,1100,9.99,5.0,0.0,t_2823,3112
2023-06-06 09:30,000691.XSHE,1000,4.2,5.0,0.0,t_2824,3113
2023-06-06 09:30,000702.XSHE,-300,5.26,5.0,1.58,t_2825,3114
2023-06-06 09:30,300478.XSHE,400,9.62,5.0,0.0,t_2826,3115
2023-06-06 09:30,000609.XSHE,13500,4.76,6.43,0.0,t_2827,3116
2023-06-09 09:30,603709.XSHG,-200,17.5,5.0,3.5,t_2828,3120
2023-06-09 09:30,603729.XSHG,-4400,15.6,6.86,68.64,t_2829,3121
2023-06-09 09:30,002652.XSHE,-3300,2.68,5.0,8.84,t_2830,3122
2023-06-09 09:30,002856.XSHE,-400,10.02,5.0,4.01,t_2831,3123
2023-06-09 09:30,600455.XSHG,-100,23.28,5.0,2.33,t_2832,3124
2023-06-09 09:30,000691.XSHE,200,4.14,5.0,0.0,t_2833,3125
2023-06-09 09:30,000702.XSHE,-1000,5.28,5.0,5.28,t_2834,3126
2023-06-09 09:30,000609.XSHE,-100,4.89,5.0,0.49,t_2835,3127
2023-06-09 09:30,300169.XSHE,200,4.04,5.0,0.0,t_2836,3128
2023-06-09 09:30,603389.XSHG,4800,5.15,5.0,0.0,t_2837,3129
2023-06-09 09:30,300417.XSHE,600,9.96,5.0,0.0,t_2838,3130
2023-06-09 09:30,600768.XSHG,5700,10.6,6.04,0.0,t_2839,3131
2023-06-14 09:30,300478.XSHE,-500,9.66,5.0,4.83,t_2840,3132
2023-06-14 09:30,300169.XSHE,500,4.01,5.0,0.0,t_2841,3133
2023-06-14 09:30,300417.XSHE,200,10.25,5.0,0.0,t_2842,3134
2023-06-14 09:30,603729.XSHG,-4300,15.86,6.82,68.2,t_2843,3135
2023-06-14 09:30,002652.XSHE,1600,2.64,5.0,0.0,t_2844,3136
2023-06-14 09:30,002856.XSHE,400,9.87,5.0,0.0,t_2845,3137
2023-06-14 09:30,600455.XSHG,-2800,22.97,6.43,64.32,t_2846,3138
2023-06-14 09:30,000691.XSHE,-400,4.16,5.0,1.66,t_2847,3139
2023-06-14 09:30,000702.XSHE,-12700,5.31,6.74,67.44,t_2848,3140
2023-06-14 09:30,000609.XSHE,14200,4.71,6.69,0.0,t_2849,3141
2023-06-14 09:30,600768.XSHG,400,10.63,5.0,0.0,t_2850,3142
2023-06-14 09:30,300417.XSHE,5700,10.25,5.84,0.0,t_2851,3143
2023-06-14 09:30,300210.XSHE,22000,2.93,6.45,0.0,t_2852,3144
2023-06-19 09:30,300478.XSHE,-1000,9.85,5.0,9.85,t_2853,3145
2023-06-19 09:30,300169.XSHE,-900,4.02,5.0,3.62,t_2854,3146
2023-06-19 09:30,603389.XSHG,700,5.04,5.0,0.0,t_2855,3147
2023-06-19 09:30,300417.XSHE,1000,10.04,5.0,0.0,t_2856,3148
2023-06-19 09:30,603729.XSHG,-4100,15.43,6.33,63.26,t_2857,3150
2023-06-19 09:30,002652.XSHE,100,2.61,5.0,0.0,t_2858,3151
2023-06-19 09:30,002856.XSHE,200,9.7,5.0,0.0,t_2859,3152
2023-06-19 09:30,600455.XSHG,-2800,22.78,6.38,63.78,t_2860,3153
2023-06-19 09:30,000691.XSHE,-200,4.13,5.0,0.83,t_2861,3154
2023-06-19 09:30,000702.XSHE,-12800,5.34,6.84,68.35,t_2862,3155
2023-06-19 09:30,000609.XSHE,14900,4.55,6.78,0.0,t_2863,3156
2023-06-19 09:30,600768.XSHG,6400,10.29,6.59,0.0,t_2864,3157
2023-06-19 09:30,300210.XSHE,100,2.91,5.0,0.0,t_2865,3158
2023-06-19 09:30,603709.XSHG,200,17.0,5.0,0.0,t_2866,3159
2023-06-19 09:30,300417.XSHE,5600,10.04,5.62,0.0,t_2867,3160
2023-06-26 09:30,603389.XSHG,-100,4.8,5.0,0.48,t_2868,3162
2023-06-26 09:30,603729.XSHG,-4200,14.55,6.11,61.11,t_2869,3164
2023-06-26 09:30,002652.XSHE,2500,2.43,5.0,0.0,t_2870,3165
2023-06-26 09:30,600455.XSHG,-2900,22.12,6.41,64.15,t_2871,3166
2023-06-26 09:30,000691.XSHE,-200,3.93,5.0,0.79,t_2872,3167
2023-06-26 09:30,000702.XSHE,-12900,5.25,6.77,67.72,t_2873,3168
2023-06-26 09:30,000609.XSHE,16200,4.17,6.76,0.0,t_2874,3169
2023-06-26 09:30,600768.XSHG,-300,10.06,5.0,3.02,t_2875,3170
2023-06-26 09:30,300210.XSHE,-300,2.82,5.0,0.85,t_2876,3171
2023-06-26 09:30,300169.XSHE,1300,3.75,5.0,0.0,t_2877,3172
2023-06-26 09:30,300417.XSHE,6100,9.65,5.89,0.0,t_2878,3173
2023-06-26 09:30,300321.XSHE,3900,15.2,5.93,0.0,t_2879,3174
2023-06-29 09:30,300478.XSHE,100,9.75,5.0,0.0,t_2880,3175
2023-06-29 09:30,300169.XSHE,100,3.96,5.0,0.0,t_2881,3176
2023-06-29 09:30,000702.XSHE,-11100,5.35,5.94,59.38,t_2882,3181
2023-06-29 09:30,600768.XSHG,300,10.42,5.0,0.0,t_2883,3182
2023-06-29 09:30,300210.XSHE,200,2.96,5.0,0.0,t_2884,3183
2023-06-29 09:30,300321.XSHE,3500,15.46,5.41,0.0,t_2885,3184
2023-06-29 09:30,300478.XSHE,100,9.75,5.0,0.0,t_2886,3185
2023-06-29 09:30,300169.XSHE,100,3.96,5.0,0.0,t_2887,3186
2023-06-29 14:00,000609.XSHE,-17300,4.81,8.32,83.21,t_2888,3194
2023-07-04 09:30,300478.XSHE,100,10.4,5.0,0.0,t_2889,3195
2023-07-04 09:30,300169.XSHE,-1700,4.3,5.0,7.31,t_2890,3196
2023-07-04 09:30,603389.XSHG,-800,5.46,5.0,4.37,t_2891,3197
2023-07-04 09:30,300417.XSHE,-5800,10.66,6.18,61.83,t_2892,3198
2023-07-04 09:30,603709.XSHG,200,17.99,5.0,0.0,t_2893,3199
2023-07-04 09:30,002652.XSHE,1500,2.7,5.0,0.0,t_2894,3200
2023-07-04 09:30,002856.XSHE,900,10.08,5.0,0.0,t_2895,3201
2023-07-04 09:30,000702.XSHE,-12300,5.53,6.8,68.02,t_2896,3202
2023-07-04 09:30,000609.XSHE,17400,4.68,8.14,0.0,t_2897,3203
2023-07-04 09:30,600768.XSHG,-6200,11.0,6.82,68.2,t_2898,3204
2023-07-04 09:30,300210.XSHE,100,3.11,5.0,0.0,t_2899,3205
2023-07-04 09:30,300321.XSHE,5100,16.41,8.37,0.0,t_2900,3206
2023-07-04 09:30,603729.XSHG,7200,15.1,10.87,0.0,t_2901,3207
2023-07-05 14:00,000691.XSHE,-32900,4.62,15.2,152.0,t_2902,3209
2023-07-07 09:30,300478.XSHE,-200,10.6,5.0,2.12,t_2903,3210
2023-07-07 09:30,300169.XSHE,900,4.3,5.0,0.0,t_2904,3211
2023-07-07 09:30,603389.XSHG,-300,5.55,5.0,1.67,t_2905,3212
2023-07-07 09:30,300417.XSHE,-6700,10.94,7.33,73.3,t_2906,3213
2023-07-07 09:30,603709.XSHG,-300,18.6,5.0,5.58,t_2907,3214
2023-07-07 09:30,002652.XSHE,500,2.72,5.0,0.0,t_2908,3215
2023-07-07 09:30,002856.XSHE,400,10.09,5.0,0.0,t_2909,3216
2023-07-07 09:30,000609.XSHE,-200,4.76,5.0,0.95,t_2910,3217
2023-07-07 09:30,300210.XSHE,-22100,3.15,6.96,69.61,t_2911,3218
2023-07-07 09:30,300321.XSHE,4200,16.6,6.97,0.0,t_2912,3219
2023-07-07 09:30,603729.XSHG,6400,15.3,9.79,0.0,t_2913,3220
2023-07-07 09:30,600455.XSHG,5400,23.45,12.66,0.0,t_2914,3221
2023-07-07 14:00,000691.XSHE,-16200,4.82,7.81,78.08,t_2915,3222
2023-07-12 09:30,300478.XSHE,600,10.38,5.0,0.0,t_2916,3223
2023-07-12 09:30,300169.XSHE,-400,4.32,5.0,1.73,t_2917,3224
2023-07-12 09:30,603389.XSHG,-13400,5.64,7.56,75.58,t_2918,3225
2023-07-12 09:30,603709.XSHG,200,18.28,5.0,0.0,t_2919,3226
2023-07-12 09:30,002652.XSHE,-1400,2.75,5.0,3.85,t_2920,3227
2023-07-12 09:30,002856.XSHE,-200,10.15,5.0,2.03,t_2921,3228
2023-07-12 09:30,000691.XSHE,-13800,4.62,6.38,63.76,t_2922,3229
2023-07-12 09:30,000609.XSHE,-900,4.83,5.0,4.35,t_2923,3230
2023-07-12 09:30,603729.XSHG,4300,15.54,6.68,0.0,t_2924,3231
2023-07-12 09:30,600455.XSHG,6600,23.16,15.29,0.0,t_2925,3232
2023-07-17 09:30,300478.XSHE,-500,10.46,5.0,5.23,t_2926,3233
2023-07-17 09:30,300169.XSHE,-1900,4.38,5.0,8.32,t_2927,3234
2023-07-17 09:30,603389.XSHG,500,5.52,5.0,0.0,t_2928,3235
2023-07-17 09:30,603709.XSHG,-1500,15.79,5.0,23.68,t_2929,3236
2023-07-17 09:30,002652.XSHE,-400,2.73,5.0,1.09,t_2930,3237
2023-07-17 09:30,002856.XSHE,-200,10.11,5.0,2.02,t_2931,3238
2023-07-17 09:30,000691.XSHE,-15100,4.66,7.04,70.37,t_2932,3239
2023-07-17 09:30,600768.XSHG,6200,11.0,6.82,0.0,t_2933,3240
2023-07-17 09:30,300321.XSHE,-100,16.69,5.0,1.67,t_2934,3241
2023-07-17 09:30,603729.XSHG,2600,15.91,5.0,0.0,t_2935,3242
2023-07-17 14:00,000609.XSHE,-16200,5.0,8.1,81.0,t_2936,3246
2023-07-20 09:30,300169.XSHE,-1700,4.58,5.0,7.79,t_2937,3247
2023-07-20 09:30,603389.XSHG,100,5.64,5.0,0.0,t_2938,3248
2023-07-20 09:30,300417.XSHE,200,10.89,5.0,0.0,t_2939,3249
2023-07-20 09:30,603709.XSHG,-4600,16.42,7.55,75.53,t_2940,3250
2023-07-20 09:30,002652.XSHE,-200,2.8,5.0,0.56,t_2941,3251
2023-07-20 09:30,002856.XSHE,-100,10.38,5.0,1.04,t_2942,3252
2023-07-20 09:30,000609.XSHE,-600,5.18,5.0,3.11,t_2943,3253
2023-07-20 09:30,600768.XSHG,6600,11.05,7.29,0.0,t_2944,3254
2023-07-20 09:30,603729.XSHG,1500,16.0,5.0,0.0,t_2945,3255
2023-07-20 09:30,600455.XSHG,3000,23.46,7.04,0.0,t_2946,3256
2023-07-25 09:30,300417.XSHE,-900,11.53,5.0,10.38,t_2947,3259
2023-07-25 09:30,603709.XSHG,-4400,16.81,7.4,73.96,t_2948,3260
2023-07-25 09:30,002652.XSHE,1300,2.78,5.0,0.0,t_2949,3261
2023-07-25 09:30,000609.XSHE,-14200,5.32,7.55,75.54,t_2950,3262
2023-07-25 09:30,600768.XSHG,6400,11.09,7.1,0.0,t_2951,3263
2023-07-25 09:30,603729.XSHG,200,15.91,5.0,0.0,t_2952,3264
2023-07-25 09:30,300478.XSHE,200,10.64,5.0,0.0,t_2953,3265
2023-07-25 09:30,300169.XSHE,2100,4.47,5.0,0.0,t_2954,3266
2023-07-25 09:30,300210.XSHE,22400,3.15,7.06,0.0,t_2955,3267
2023-07-28 09:30,300169.XSHE,-2900,4.7,5.0,13.63,t_2956,3268
2023-07-28 09:30,603389.XSHG,100,5.71,5.0,0.0,t_2957,3269
2023-07-28 09:30,300417.XSHE,1100,10.96,5.0,0.0,t_2958,3270
2023-07-28 09:30,603709.XSHG,-4300,17.05,7.33,73.31,t_2959,3271
2023-07-28 09:30,002652.XSHE,-3000,2.88,5.0,8.64,t_2960,3272
2023-07-28 09:30,002856.XSHE,-800,10.79,5.0,8.63,t_2961,3273
2023-07-28 09:30,000609.XSHE,-13400,5.41,7.25,72.49,t_2962,3274
2023-07-28 09:30,600768.XSHG,6700,11.08,7.42,0.0,t_2963,3275
2023-07-28 09:30,603729.XSHG,500,15.75,5.0,0.0,t_2964,3276
2023-07-28 09:30,600455.XSHG,400,23.11,5.0,0.0,t_2965,3277
2023-07-28 09:30,300210.XSHE,-600,3.29,5.0,1.97,t_2966,3278
2023-07-28 09:30,300417.XSHE,6500,10.96,7.12,0.0,t_2967,3279
2023-07-31 14:00,000609.XSHE,-400,5.9,5.0,2.36,t_2968,3280
2023-08-01 14:00,300169.XSHE,-21300,6.89,14.68,146.76,t_2969,3281
2023-08-02 09:30,300478.XSHE,1500,10.83,5.0,0.0,t_2970,3282
2023-08-02 09:30,300169.XSHE,-8600,6.51,5.6,55.99,t_2971,3283
2023-08-02 09:30,603389.XSHG,14100,5.85,8.25,0.0,t_2972,3284
2023-08-02 09:30,300417.XSHE,1500,10.88,5.0,0.0,t_2973,3285
2023-08-02 09:30,603709.XSHG,-4200,16.98,7.13,71.32,t_2974,3286
2023-08-02 09:30,002652.XSHE,2300,2.97,5.0,0.0,t_2975,3287
2023-08-02 09:30,002856.XSHE,1600,10.8,5.0,0.0,t_2976,3288
2023-08-02 09:30,000609.XSHE,-12900,5.59,7.21,72.11,t_2977,3289
2023-08-02 09:30,600768.XSHG,1600,11.12,5.0,0.0,t_2978,3290
2023-08-02 09:30,300321.XSHE,5300,17.13,9.08,0.0,t_2979,3291
2023-08-02 09:30,603729.XSHG,100,16.49,5.0,0.0,t_2980,3292
2023-08-02 09:30,600455.XSHG,900,23.05,5.0,0.0,t_2981,3293
2023-08-02 09:30,300210.XSHE,800,3.32,5.0,0.0,t_2982,3294
2023-08-02 09:30,300535.XSHE,5000,14.94,7.47,0.0,t_2983,3295
2023-08-03 14:00,300417.XSHE,-2600,12.33,5.0,32.06,t_2984,3296
2023-08-04 14:00,300169.XSHE,-11900,8.98,10.69,106.86,t_2985,3297
2023-08-07 09:30,300478.XSHE,1800,10.45,5.0,0.0,t_2986,3298
2023-08-07 09:30,300169.XSHE,-6900,8.35,5.76,57.62,t_2987,3299
2023-08-07 09:30,603389.XSHG,3000,5.67,5.0,0.0,t_2988,3300
2023-08-07 09:30,300417.XSHE,-6700,12.52,8.39,83.88,t_2989,3301
2023-08-07 09:30,002652.XSHE,4000,2.92,5.0,0.0,t_2990,3302
2023-08-07 09:30,002856.XSHE,600,10.75,5.0,0.0,t_2991,3303
2023-08-07 09:30,600768.XSHG,1400,10.82,5.0,0.0,t_2992,3304
2023-08-07 09:30,300321.XSHE,1100,16.56,5.0,0.0,t_2993,3305
2023-08-07 09:30,603729.XSHG,1400,15.74,5.0,0.0,t_2994,3306
2023-08-07 09:30,600455.XSHG,600,22.55,5.0,0.0,t_2995,3307
2023-08-07 09:30,300210.XSHE,700,3.27,5.0,0.0,t_2996,3308
2023-08-07 09:30,300535.XSHE,5400,14.62,7.89,0.0,t_2997,3309
2023-08-07 09:30,300929.XSHE,6500,11.7,7.61,0.0,t_2998,3310
2023-08-10 09:30,300478.XSHE,-300,10.4,5.0,3.12,t_2999,3311
2023-08-10 09:30,300169.XSHE,-9100,8.21,7.47,74.71,t_3000,3312
2023-08-10 09:30,300417.XSHE,-5700,12.0,6.84,68.4,t_3001,3313
2023-08-10 09:30,002652.XSHE,1900,2.84,5.0,0.0,t_3002,3314
2023-08-10 09:30,002856.XSHE,-700,10.86,5.0,7.6,t_3003,3315
2023-08-10 09:30,300321.XSHE,100,16.29,5.0,0.0,t_3004,3316
2023-08-10 09:30,603729.XSHG,300,15.35,5.0,0.0,t_3005,3317
2023-08-10 09:30,300210.XSHE,-500,3.31,5.0,1.66,t_3006,3318
2023-08-10 09:30,300535.XSHE,5100,14.48,7.38,0.0,t_3007,3319
2023-08-10 09:30,002058.XSHE,7000,10.43,7.3,0.0,t_3008,3320
2023-08-11 14:00,002652.XSHE,-9400,3.06,5.0,28.76,t_3009,3321
2023-08-15 09:30,300478.XSHE,300,10.23,5.0,0.0,t_3010,3322
2023-08-15 09:30,300169.XSHE,-8100,7.3,5.91,59.13,t_3011,3323
2023-08-15 09:30,603389.XSHG,400,5.53,5.0,0.0,t_3012,3324
2023-08-15 09:30,300417.XSHE,7500,11.0,8.25,0.0,t_3013,3325
2023-08-15 09:30,002652.XSHE,-24300,3.03,7.36,73.63,t_3014,3326
2023-08-15 09:30,002856.XSHE,1400,10.35,5.0,0.0,t_3015,3327
2023-08-15 09:30,600768.XSHG,-100,10.66,5.0,1.07,t_3016,3328
2023-08-15 09:30,300321.XSHE,-500,16.58,5.0,8.29,t_3017,3329
2023-08-15 09:30,600455.XSHG,-300,22.65,5.0,6.79,t_3018,3330
2023-08-15 09:30,300210.XSHE,-22800,3.29,7.5,75.01,t_3019,3331
2023-08-15 09:30,300535.XSHE,-100,14.63,5.0,1.46,t_3020,3332
2023-08-15 09:30,300929.XSHE,-100,11.69,5.0,1.17,t_3021,3333
2023-08-15 09:30,002058.XSHE,7400,10.34,7.65,0.0,t_3022,3334
2023-08-15 09:30,300417.XSHE,300,11.0,5.0,0.0,t_3023,3335
2023-08-15 09:30,002633.XSHE,7300,10.0,7.3,0.0,t_3024,3336
2023-08-17 14:00,002652.XSHE,-3100,3.19,5.0,9.89,t_3025,3337
2023-08-18 09:30,300478.XSHE,-400,10.68,5.0,4.27,t_3026,3338
2023-08-18 09:30,300169.XSHE,-10300,8.05,8.29,82.92,t_3027,3339
2023-08-18 09:30,603389.XSHG,-200,5.71,5.0,1.14,t_3028,3340
2023-08-18 09:30,300417.XSHE,400,11.05,5.0,0.0,t_3029,3341
2023-08-18 09:30,002652.XSHE,-23500,3.2,7.52,75.2,t_3030,3342
2023-08-18 09:30,002856.XSHE,100,10.62,5.0,0.0,t_3031,3343
2023-08-18 09:30,600768.XSHG,600,10.77,5.0,0.0,t_3032,3344
2023-08-18 09:30,600455.XSHG,200,22.85,5.0,0.0,t_3033,3345
2023-08-18 09:30,300535.XSHE,-200,15.2,5.0,3.04,t_3034,3346
2023-08-18 09:30,002058.XSHE,7400,10.57,7.82,0.0,t_3035,3347
2023-08-18 09:30,002633.XSHE,7700,10.21,7.86,0.0,t_3036,3348
2023-08-23 09:30,300478.XSHE,-200,10.72,5.0,2.14,t_3037,3349
2023-08-23 09:30,603389.XSHG,900,5.59,5.0,0.0,t_3038,3350
2023-08-23 09:30,300417.XSHE,-7400,11.55,8.55,85.47,t_3039,3351
2023-08-23 09:30,002652.XSHE,-21300,3.02,6.43,64.33,t_3040,3352
2023-08-23 09:30,600768.XSHG,400,10.64,5.0,0.0,t_3041,3353
2023-08-23 09:30,603729.XSHG,-300,15.91,5.0,4.77,t_3042,3354
2023-08-23 09:30,600455.XSHG,-400,23.5,5.0,9.4,t_3043,3355
2023-08-23 09:30,300535.XSHE,-5000,15.1,7.55,75.5,t_3044,3356
2023-08-23 09:30,002058.XSHE,7600,10.44,7.93,0.0,t_3045,3357
2023-08-23 09:30,002633.XSHE,7900,10.05,7.94,0.0,t_3046,3358
2023-08-23 09:30,603389.XSHG,400,5.59,5.0,0.0,t_3047,3359
2023-08-23 09:30,603709.XSHG,4600,15.96,7.34,0.0,t_3048,3360
2023-08-28 09:30,300478.XSHE,-500,10.97,5.0,5.49,t_3049,3361
2023-08-28 09:30,603389.XSHG,800,5.57,5.0,0.0,t_3050,3362
2023-08-28 09:30,002652.XSHE,600,2.84,5.0,0.0,t_3051,3363
2023-08-28 09:30,300321.XSHE,-4800,17.43,8.37,83.66,t_3052,3366
2023-08-28 09:30,603729.XSHG,-200,16.2,5.0,3.24,t_3053,3367
2023-08-28 09:30,600455.XSHG,400,22.99,5.0,0.0,t_3054,3368
2023-08-28 09:30,300535.XSHE,-5000,15.0,7.5,75.0,t_3055,3369
2023-08-28 09:30,300929.XSHE,-6400,12.7,8.13,81.28,t_3056,3370
2023-08-28 09:30,002058.XSHE,-1000,10.94,5.0,10.94,t_3057,3371
2023-08-28 09:30,002633.XSHE,6700,10.45,7.0,0.0,t_3058,3372
2023-08-28 09:30,603709.XSHG,4900,16.14,7.91,0.0,t_3059,3373
2023-08-28 09:30,002856.XSHE,600,10.5,5.0,0.0,t_3060,3374
2023-08-28 09:30,600768.XSHG,200,10.65,5.0,0.0,t_3061,3375
2023-08-28 09:30,002652.XSHE,3000,2.84,5.0,0.0,t_3062,3376
2023-08-28 09:30,300736.XSHE,6400,11.99,7.67,0.0,t_3063,3377
2023-08-31 09:30,300478.XSHE,100,11.11,5.0,0.0,t_3064,3378
2023-08-31 09:30,603389.XSHG,-2000,5.93,5.0,11.86,t_3065,3379
2023-08-31 09:30,300417.XSHE,-700,12.63,5.0,8.84,t_3066,3380
2023-08-31 09:30,002652.XSHE,-100,2.94,5.0,0.29,t_3067,3381
2023-08-31 09:30,002856.XSHE,-100,10.9,5.0,1.09,t_3068,3382
2023-08-31 09:30,600768.XSHG,700,10.8,5.0,0.0,t_3069,3383
2023-08-31 09:30,300321.XSHE,200,17.67,5.0,0.0,t_3070,3384
2023-08-31 09:30,603729.XSHG,200,16.49,5.0,0.0,t_3071,3385
2023-08-31 09:30,600455.XSHG,100,23.64,5.0,0.0,t_3072,3386
2023-08-31 09:30,300535.XSHE,-5200,15.76,8.2,81.95,t_3073,3387
2023-08-31 09:30,002058.XSHE,-7300,11.42,8.34,83.37,t_3074,3388
2023-08-31 09:30,002633.XSHE,8300,10.52,8.73,0.0,t_3075,3389
2023-08-31 09:30,603709.XSHG,-100,17.05,5.0,1.71,t_3076,3390
2023-08-31 09:30,300478.XSHE,400,11.11,5.0,0.0,t_3077,3391
2023-08-31 09:30,000691.XSHE,16000,4.98,7.97,0.0,t_3078,3392
2023-09-05 09:30,300478.XSHE,100,11.13,5.0,0.0,t_3079,3393
2023-09-05 09:30,300417.XSHE,-6000,12.27,7.36,73.62,t_3080,3394
2023-09-05 09:30,002652.XSHE,23900,3.09,7.39,0.0,t_3081,3395
2023-09-05 09:30,600768.XSHG,-100,11.14,5.0,1.11,t_3082,3397
2023-09-05 09:30,002058.XSHE,-7300,11.97,8.74,87.38,t_3083,3401
2023-09-05 09:30,300736.XSHE,100,12.49,5.0,0.0,t_3084,3402
2023-09-05 09:30,000691.XSHE,17300,4.93,8.53,0.0,t_3085,3403
2023-09-05 09:30,300478.XSHE,100,11.13,5.0,0.0,t_3086,3404
2023-09-05 09:30,002652.XSHE,200,3.09,5.0,0.0,t_3087,3406
2023-09-05 14:00,603389.XSHG,-15200,6.17,9.38,93.78,t_3088,3411
2023-09-05 14:00,603709.XSHG,-200,17.72,5.0,3.54,t_3089,3412
2023-09-08 09:30,300478.XSHE,700,10.92,5.0,0.0,t_3090,3413
2023-09-08 09:30,300417.XSHE,200,11.65,5.0,0.0,t_3091,3414
2023-09-08 09:30,002652.XSHE,27300,3.04,8.3,0.0,t_3092,3415
2023-09-08 09:30,002856.XSHE,200,10.88,5.0,0.0,t_3093,3416
2023-09-08 09:30,600768.XSHG,-200,10.99,5.0,2.2,t_3094,3417
2023-09-08 09:30,300321.XSHE,200,17.64,5.0,0.0,t_3095,3418
2023-09-08 09:30,002058.XSHE,-7000,11.98,8.39,83.86,t_3096,3421
2023-09-08 09:30,002633.XSHE,-8500,10.97,9.32,93.25,t_3097,3422
2023-09-08 09:30,603709.XSHG,200,17.07,5.0,0.0,t_3098,3423
2023-09-08 09:30,000691.XSHE,16900,4.8,8.11,0.0,t_3099,3424
2023-09-08 09:30,600455.XSHG,300,23.3,5.0,0.0,t_3100,3425
2023-09-08 09:30,603729.XSHG,1200,15.8,5.0,0.0,t_3101,3426
2023-09-08 09:30,300929.XSHE,5700,11.79,6.72,0.0,t_3102,3427
2023-09-13 09:30,300478.XSHE,-1100,10.97,5.0,12.07,t_3103,3429
2023-09-13 09:30,603389.XSHG,-9800,5.53,5.42,54.19,t_3104,3430
2023-09-13 09:30,300417.XSHE,-100,11.6,5.0,1.16,t_3105,3431
2023-09-13 09:30,002652.XSHE,22800,2.95,6.73,0.0,t_3106,3432
2023-09-13 09:30,300321.XSHE,-5000,17.78,8.89,88.9,t_3107,3435
2023-09-13 09:30,603729.XSHG,-200,15.52,5.0,3.1,t_3108,3436
2023-09-13 09:30,600455.XSHG,-300,23.16,5.0,6.95,t_3109,3437
2023-09-13 09:30,002058.XSHE,-6800,12.24,8.32,83.23,t_3110,3438
2023-09-13 09:30,002633.XSHE,-7100,10.55,7.49,74.91,t_3111,3439
2023-09-13 09:30,603709.XSHG,200,16.26,5.0,0.0,t_3112,3440
2023-09-13 09:30,300736.XSHE,-100,12.34,5.0,1.23,t_3113,3441
2023-09-13 09:30,000691.XSHE,16200,4.71,7.63,0.0,t_3114,3442
2023-09-13 09:30,300929.XSHE,13900,11.94,16.6,0.0,t_3115,3443
2023-09-13 09:30,002856.XSHE,200,10.52,5.0,0.0,t_3116,3444
2023-09-13 09:30,600768.XSHG,100,10.6,5.0,0.0,t_3117,3445
2023-09-13 09:30,002652.XSHE,3200,2.95,5.0,0.0,t_3118,3446
2023-09-18 09:30,603389.XSHG,-1400,5.67,5.0,7.94,t_3119,3448
2023-09-18 09:30,300417.XSHE,600,11.44,5.0,0.0,t_3120,3449
2023-09-18 09:30,002652.XSHE,300,2.94,5.0,0.0,t_3121,3450
2023-09-18 09:30,603729.XSHG,-100,15.52,5.0,1.55,t_3122,3454
2023-09-18 09:30,002633.XSHE,-7200,10.3,7.42,74.16,t_3123,3456
2023-09-18 09:30,603709.XSHG,-5000,16.9,8.45,84.5,t_3124,3457
2023-09-18 09:30,300736.XSHE,-6400,12.27,7.85,78.53,t_3125,3458
2023-09-18 09:30,000691.XSHE,15100,4.76,7.19,0.0,t_3126,3459
2023-09-18 09:30,300929.XSHE,100,11.79,5.0,0.0,t_3127,3460
2023-09-18 09:30,300478.XSHE,100,10.82,5.0,0.0,t_3128,3461
2023-09-18 09:30,002856.XSHE,100,10.42,5.0,0.0,t_3129,3462
2023-09-18 09:30,600768.XSHG,100,10.51,5.0,0.0,t_3130,3463
2023-09-18 09:30,600455.XSHG,300,22.54,5.0,0.0,t_3131,3464
2023-09-18 09:30,300321.XSHE,4700,17.3,8.13,0.0,t_3132,3465
2023-09-18 09:30,300417.XSHE,6100,11.44,6.98,0.0,t_3133,3466
2023-09-19 14:00,603389.XSHG,-2200,6.0,5.0,13.2,t_3134,3467
2023-09-21 09:30,300478.XSHE,200,10.78,5.0,0.0,t_3135,3468
2023-09-21 09:30,603389.XSHG,-12200,5.82,7.1,71.0,t_3136,3469
2023-09-21 09:30,300417.XSHE,7600,11.0,8.36,0.0,t_3137,3470
2023-09-21 09:30,002652.XSHE,-500,2.95,5.0,1.48,t_3138,3471
2023-09-21 09:30,002856.XSHE,-300,10.54,5.0,3.16,t_3139,3472
2023-09-21 09:30,600768.XSHG,-200,10.59,5.0,2.12,t_3140,3473
2023-09-21 09:30,300321.XSHE,-100,17.52,5.0,1.75,t_3141,3474
2023-09-21 09:30,603729.XSHG,300,15.24,5.0,0.0,t_3142,3475
2023-09-21 09:30,600455.XSHG,-100,22.8,5.0,2.28,t_3143,3476
2023-09-21 09:30,002633.XSHE,-7600,10.37,7.88,78.81,t_3144,3477
2023-09-21 09:30,000691.XSHE,2100,4.64,5.0,0.0,t_3145,3478
2023-09-21 09:30,300929.XSHE,6700,11.64,7.8,0.0,t_3146,3479
2023-09-26 09:30,300321.XSHE,-4700,17.75,8.34,83.42,t_3147,3486
2023-09-26 09:30,603729.XSHG,-300,15.44,5.0,4.63,t_3148,3487
2023-09-26 09:30,002633.XSHE,-7500,10.47,7.85,78.53,t_3149,3488
2023-09-26 09:30,000691.XSHE,1300,4.56,5.0,0.0,t_3150,3489
2023-09-26 09:30,300478.XSHE,200,10.67,5.0,0.0,t_3151,3490
2023-09-26 09:30,600768.XSHG,200,10.49,5.0,0.0,t_3152,3491
2023-09-26 09:30,603389.XSHG,13000,5.85,7.61,0.0,t_3153,3492
2023-09-26 09:30,002652.XSHE,2400,2.89,5.0,0.0,t_3154,3493
2023-09-26 09:30,300417.XSHE,6300,11.28,7.11,0.0,t_3155,3494
2023-10-09 09:30,300478.XSHE,-200,11.02,5.0,2.2,t_3156,3495
2023-10-09 09:30,603389.XSHG,700,5.74,5.0,0.0,t_3157,3496
2023-10-09 09:30,300417.XSHE,-7100,11.77,8.36,83.57,t_3158,3497
2023-10-09 09:30,002652.XSHE,-3000,3.03,5.0,9.09,t_3159,3498
2023-10-09 09:30,002856.XSHE,-100,10.79,5.0,1.08,t_3160,3499
2023-10-09 09:30,600768.XSHG,100,10.71,5.0,0.0,t_3161,3500
2023-10-09 09:30,300321.XSHE,-4300,18.08,7.77,77.74,t_3162,3501
2023-10-09 09:30,000691.XSHE,1100,4.61,5.0,0.0,t_3163,3502
2023-10-09 09:30,300929.XSHE,300,11.86,5.0,0.0,t_3164,3503
2023-10-09 09:30,603389.XSHG,14800,5.74,8.5,0.0,t_3165,3504
2023-10-09 09:30,600539.XSHG,11200,6.85,7.67,0.0,t_3166,3505
2023-10-12 09:30,603729.XSHG,-100,15.93,5.0,1.59,t_3167,3512
2023-10-12 09:30,603709.XSHG,-4600,16.57,7.62,76.22,t_3168,3513
2023-10-12 09:30,000691.XSHE,2400,4.49,5.0,0.0,t_3169,3514
2023-10-12 09:30,300929.XSHE,500,11.65,5.0,0.0,t_3170,3515
2023-10-12 09:30,600539.XSHG,9200,6.62,6.09,0.0,t_3171,3516
2023-10-13 14:00,002652.XSHE,-42100,3.48,14.65,146.51,t_3172,3525
2023-10-17 09:30,300478.XSHE,-300,10.91,5.0,3.27,t_3173,3526
2023-10-17 09:30,603389.XSHG,-500,5.69,5.0,2.85,t_3174,3527
2023-10-17 09:30,300417.XSHE,-6500,11.28,7.33,73.32,t_3175,3528
2023-10-17 09:30,002652.XSHE,-17100,3.25,5.56,55.58,t_3176,3529
2023-10-17 09:30,002856.XSHE,700,10.35,5.0,0.0,t_3177,3530
2023-10-17 09:30,600768.XSHG,200,10.43,5.0,0.0,t_3178,3531
2023-10-17 09:30,300321.XSHE,-4200,17.26,7.25,72.49,t_3179,3532
2023-10-17 09:30,603729.XSHG,800,15.0,5.0,0.0,t_3180,3533
2023-10-17 09:30,000691.XSHE,-500,4.42,5.0,2.21,t_3181,3534
2023-10-17 09:30,300929.XSHE,6900,11.38,7.85,0.0,t_3182,3535
2023-10-17 09:30,600539.XSHG,15400,6.5,10.01,0.0,t_3183,3536
2023-10-17 09:30,002633.XSHE,15400,10.08,15.52,0.0,t_3184,3537
2023-10-20 09:30,603389.XSHG,100,5.53,5.0,0.0,t_3185,3538
2023-10-20 09:30,300417.XSHE,-6900,11.15,7.69,76.94,t_3186,3539
2023-10-20 09:30,002652.XSHE,-21600,3.03,6.54,65.45,t_3187,3540
2023-10-20 09:30,300321.XSHE,-4600,17.03,7.83,78.34,t_3188,3541
2023-10-20 09:30,603729.XSHG,-400,15.0,5.0,6.0,t_3189,3542
2023-10-20 09:30,300929.XSHE,100,11.09,5.0,0.0,t_3190,3543
2023-10-20 09:30,600539.XSHG,11900,6.36,7.57,0.0,t_3191,3544
2023-10-20 09:30,002633.XSHE,7600,9.89,7.52,0.0,t_3192,3545
2023-10-20 09:30,603389.XSHG,13500,5.53,7.47,0.0,t_3193,3546
2023-10-25 09:30,300478.XSHE,-1200,11.43,5.0,13.72,t_3194,3547
2023-10-25 09:30,603389.XSHG,400,5.73,5.0,0.0,t_3195,3548
2023-10-25 09:30,300417.XSHE,-6900,11.5,7.94,79.35,t_3196,3549
2023-10-25 09:30,002652.XSHE,-24700,3.09,7.63,76.32,t_3197,3550
2023-10-25 09:30,002856.XSHE,-200,10.57,5.0,2.11,t_3198,3551
2023-10-25 09:30,600768.XSHG,900,10.31,5.0,0.0,t_3199,3552
2023-10-25 09:30,603729.XSHG,-700,16.0,5.0,11.2,t_3200,3553
2023-10-25 09:30,600455.XSHG,300,22.6,5.0,0.0,t_3201,3554
2023-10-25 09:30,000691.XSHE,-900,4.53,5.0,4.08,t_3202,3555
2023-10-25 09:30,300929.XSHE,700,11.28,5.0,0.0,t_3203,3556
2023-10-25 09:30,600539.XSHG,12200,6.57,8.02,0.0,t_3204,3557
2023-10-25 09:30,002633.XSHE,200,10.17,5.0,0.0,t_3205,3558
2023-10-25 09:30,605081.XSHG,5900,13.23,7.81,0.0,t_3206,3559
2023-10-30 09:30,300478.XSHE,-200,11.88,5.0,2.38,t_3207,3560
2023-10-30 09:30,603389.XSHG,-15300,6.1,9.33,93.33,t_3208,3561
2023-10-30 09:30,002652.XSHE,-25500,3.14,8.01,80.07,t_3209,3562
2023-10-30 09:30,603729.XSHG,-100,16.58,5.0,1.66,t_3210,3563
2023-10-30 09:30,600455.XSHG,100,23.16,5.0,0.0,t_3211,3564
2023-10-30 09:30,000691.XSHE,1700,4.59,5.0,0.0,t_3212,3565
2023-10-30 09:30,300929.XSHE,-100,11.71,5.0,1.17,t_3213,3566
2023-10-30 09:30,600539.XSHG,500,6.74,5.0,0.0,t_3214,3567
2023-10-30 09:30,002633.XSHE,7800,10.5,8.19,0.0,t_3215,3568
2023-10-30 09:30,605081.XSHG,6100,13.55,8.27,0.0,t_3216,3569
2023-11-02 09:30,603389.XSHG,100,6.11,5.0,0.0,t_3217,3571
2023-11-02 09:30,603729.XSHG,-200,16.99,5.0,3.4,t_3218,3573
2023-11-02 09:30,600455.XSHG,100,23.17,5.0,0.0,t_3219,3574
2023-11-02 09:30,000691.XSHE,-1300,4.73,5.0,6.15,t_3220,3575
2023-11-02 09:30,600539.XSHG,-1000,6.96,5.0,6.96,t_3221,3576
2023-11-02 09:30,002633.XSHE,-8000,10.79,8.63,86.32,t_3222,3577
2023-11-02 09:30,605081.XSHG,5700,13.98,7.97,0.0,t_3223,3578
2023-11-02 09:30,300478.XSHE,500,11.86,5.0,0.0,t_3224,3579
2023-11-02 09:30,002856.XSHE,600,10.89,5.0,0.0,t_3225,3580
2023-11-02 09:30,600455.XSHG,200,23.17,5.0,0.0,t_3226,3581
2023-11-02 09:30,603389.XSHG,500,6.11,5.0,0.0,t_3227,3582
2023-11-07 09:30,000691.XSHE,100,4.77,5.0,0.0,t_3228,3588
2023-11-07 09:30,002633.XSHE,-6900,10.85,7.49,74.86,t_3229,3591
2023-11-07 09:30,605081.XSHG,5300,14.09,7.47,0.0,t_3230,3592
2023-11-09 14:00,603729.XSHG,-11600,27.69,32.12,321.2,t_3231,3603
2023-11-10 09:30,300478.XSHE,1400,12.02,5.0,0.0,t_3232,3604
2023-11-10 09:30,603389.XSHG,3100,6.1,5.0,0.0,t_3233,3605
2023-11-10 09:30,002856.XSHE,1900,10.93,5.0,0.0,t_3234,3606
2023-11-10 09:30,600768.XSHG,1600,10.96,5.0,0.0,t_3235,3607
2023-11-10 09:30,600455.XSHG,300,23.97,5.0,0.0,t_3236,3608
2023-11-10 09:30,000691.XSHE,2700,4.83,5.0,0.0,t_3237,3609
2023-11-10 09:30,300929.XSHE,1700,11.93,5.0,0.0,t_3238,3610
2023-11-10 09:30,600539.XSHG,3200,6.95,5.0,0.0,t_3239,3611
2023-11-10 09:30,002633.XSHE,-8000,10.87,8.7,86.96,t_3240,3612
2023-11-10 09:30,605081.XSHG,8200,13.93,11.42,0.0,t_3241,3613
2023-11-10 09:30,300321.XSHE,4700,18.43,8.66,0.0,t_3242,3614
2023-11-10 09:30,300417.XSHE,5800,11.95,6.93,0.0,t_3243,3615
2023-11-15 09:30,603389.XSHG,-100,6.21,5.0,0.62,t_3244,3616
2023-11-15 09:30,002856.XSHE,-400,11.23,5.0,4.49,t_3245,3617
2023-11-15 09:30,603729.XSHG,-4100,20.51,8.41,84.09,t_3246,3618
2023-11-15 09:30,600455.XSHG,-200,24.78,5.0,4.96,t_3247,3619
2023-11-15 09:30,000691.XSHE,-1200,4.97,5.0,5.96,t_3248,3620
2023-11-15 09:30,300929.XSHE,100,12.07,5.0,0.0,t_3249,3621
2023-11-15 09:30,600539.XSHG,-500,7.13,5.0,3.56,t_3250,3622
2023-11-15 09:30,002633.XSHE,7900,10.99,8.68,0.0,t_3251,3623
2023-11-15 09:30,605081.XSHG,100,14.12,5.0,0.0,t_3252,3624
2023-11-15 09:30,300417.XSHE,1200,12.32,5.0,0.0,t_3253,3625
2023-11-20 09:30,002856.XSHE,-900,11.66,5.0,10.49,t_3254,3629
2023-11-20 09:30,600768.XSHG,100,11.23,5.0,0.0,t_3255,3630
2023-11-20 09:30,603729.XSHG,-4400,20.9,9.2,91.96,t_3256,3631
2023-11-20 09:30,600455.XSHG,100,24.88,5.0,0.0,t_3257,3632
2023-11-20 09:30,000691.XSHE,-400,5.06,5.0,2.02,t_3258,3633
2023-11-20 09:30,300929.XSHE,200,12.16,5.0,0.0,t_3259,3634
2023-11-20 09:30,600539.XSHG,-13200,7.33,9.68,96.76,t_3260,3635
2023-11-20 09:30,002633.XSHE,400,10.92,5.0,0.0,t_3261,3636
2023-11-20 09:30,605081.XSHG,300,14.16,5.0,0.0,t_3262,3637
2023-11-20 09:30,300321.XSHE,4900,18.61,9.12,0.0,t_3263,3638
2023-11-20 09:30,300417.XSHE,200,12.41,5.0,0.0,t_3264,3639
2023-11-20 09:30,300478.XSHE,400,12.22,5.0,0.0,t_3265,3640
2023-11-20 09:30,603389.XSHG,13700,6.33,8.67,0.0,t_3266,3641
2023-11-22 14:00,600455.XSHG,-1400,27.39,5.0,38.35,t_3267,3642
2023-11-23 09:30,300478.XSHE,700,12.07,5.0,0.0,t_3268,3643
2023-11-23 09:30,603389.XSHG,500,6.33,5.0,0.0,t_3269,3644
2023-11-23 09:30,002856.XSHE,900,11.44,5.0,0.0,t_3270,3645
2023-11-23 09:30,600768.XSHG,-300,11.42,5.0,3.43,t_3271,3646
2023-11-23 09:30,603729.XSHG,-4300,22.87,9.83,98.34,t_3272,3647
2023-11-23 09:30,600455.XSHG,-2900,26.41,7.66,76.59,t_3273,3648
2023-11-23 09:30,000691.XSHE,1000,5.03,5.0,0.0,t_3274,3649
2023-11-23 09:30,300929.XSHE,400,12.09,5.0,0.0,t_3275,3650
2023-11-23 09:30,600539.XSHG,-12500,7.44,9.3,93.0,t_3276,3651
2023-11-23 09:30,002633.XSHE,8400,10.88,9.14,0.0,t_3277,3652
2023-11-23 09:30,605081.XSHG,100,14.2,5.0,0.0,t_3278,3653
2023-11-23 09:30,300321.XSHE,4900,18.57,9.1,0.0,t_3279,3654
2023-11-23 09:30,300417.XSHE,7400,12.27,9.08,0.0,t_3280,3655
2023-11-28 09:30,300478.XSHE,-200,12.3,5.0,2.46,t_3281,3656
2023-11-28 09:30,600768.XSHG,500,11.18,5.0,0.0,t_3282,3657
2023-11-28 09:30,000691.XSHE,100,5.04,5.0,0.0,t_3283,3659
2023-11-28 09:30,600539.XSHG,-11400,7.31,8.33,83.33,t_3284,3661
2023-11-28 09:30,002633.XSHE,7600,10.95,8.32,0.0,t_3285,3662
2023-11-29 14:00,002856.XSHE,-14000,14.79,20.71,207.06,t_3286,3672
2023-12-01 09:30,300478.XSHE,100,12.43,5.0,0.0,t_3287,3673
2023-12-01 09:30,603389.XSHG,1900,6.33,5.0,0.0,t_3288,3674
2023-12-01 09:30,002856.XSHE,-5800,14.23,8.25,82.53,t_3289,3675
2023-12-01 09:30,600768.XSHG,500,11.43,5.0,0.0,t_3290,3676
2023-12-01 09:30,600455.XSHG,1100,24.98,5.0,0.0,t_3291,3677
2023-12-01 09:30,000691.XSHE,2300,5.03,5.0,0.0,t_3292,3678
2023-12-01 09:30,300929.XSHE,800,12.16,5.0,0.0,t_3293,3679
2023-12-01 09:30,600539.XSHG,-12300,7.31,8.99,89.91,t_3294,3680
2023-12-01 09:30,002633.XSHE,9700,10.98,10.65,0.0,t_3295,3681
2023-12-01 09:30,605081.XSHG,600,14.3,5.0,0.0,t_3296,3682
2023-12-01 09:30,300321.XSHE,5200,18.79,9.77,0.0,t_3297,3683
2023-12-01 09:30,300417.XSHE,100,12.55,5.0,0.0,t_3298,3684
2023-12-01 09:30,300665.XSHE,10400,8.86,9.21,0.0,t_3299,3685
2023-12-06 09:30,300478.XSHE,-400,12.72,5.0,5.09,t_3300,3686
2023-12-06 09:30,603389.XSHG,-500,6.44,5.0,3.22,t_3301,3687
2023-12-06 09:30,002856.XSHE,-7100,14.96,10.62,106.22,t_3302,3688
2023-12-06 09:30,600768.XSHG,100,11.49,5.0,0.0,t_3303,3689
2023-12-06 09:30,600455.XSHG,-200,25.68,5.0,5.14,t_3304,3690
2023-12-06 09:30,000691.XSHE,1300,5.0,5.0,0.0,t_3305,3691
2023-12-06 09:30,300929.XSHE,500,12.12,5.0,0.0,t_3306,3692
2023-12-06 09:30,600539.XSHG,-12700,7.5,9.53,95.25,t_3307,3693
2023-12-06 09:30,002633.XSHE,700,10.89,5.0,0.0,t_3308,3694
2023-12-06 09:30,605081.XSHG,500,14.23,5.0,0.0,t_3309,3695
2023-12-06 09:30,300321.XSHE,5000,18.9,9.45,0.0,t_3310,3696
2023-12-06 09:30,300417.XSHE,200,12.53,5.0,0.0,t_3311,3697
2023-12-06 09:30,300665.XSHE,10700,8.77,9.38,0.0,t_3312,3698
2023-12-11 09:30,603389.XSHG,-14500,6.17,8.95,89.47,t_3313,3701
2023-12-11 09:30,002856.XSHE,-5900,13.72,8.09,80.95,t_3314,3702
2023-12-11 09:30,600768.XSHG,-700,11.24,5.0,7.87,t_3315,3703
2023-12-11 09:30,600455.XSHG,-100,24.73,5.0,2.47,t_3316,3704
2023-12-11 09:30,000691.XSHE,-2100,4.91,5.0,10.31,t_3317,3705
2023-12-11 09:30,002633.XSHE,200,10.41,5.0,0.0,t_3318,3706
2023-12-11 09:30,605081.XSHG,300,13.52,5.0,0.0,t_3319,3707
2023-12-11 09:30,300417.XSHE,7800,11.83,9.23,0.0,t_3320,3708
2023-12-11 09:30,300665.XSHE,10500,8.48,8.9,0.0,t_3321,3709
2023-12-11 09:30,300478.XSHE,300,12.05,5.0,0.0,t_3322,3710
2023-12-14 09:30,603389.XSHG,-14900,6.42,9.57,95.66,t_3323,3712
2023-12-14 09:30,002856.XSHE,-6600,14.92,9.85,98.47,t_3324,3713
2023-12-14 09:30,600768.XSHG,500,11.4,5.0,0.0,t_3325,3714
2023-12-14 09:30,600455.XSHG,3000,26.25,7.88,0.0,t_3326,3715
2023-12-14 09:30,300929.XSHE,900,11.7,5.0,0.0,t_3327,3716
2023-12-14 09:30,605081.XSHG,100,13.89,5.0,0.0,t_3328,3717
2023-12-14 09:30,300417.XSHE,-7900,12.55,9.91,99.14,t_3329,3718
2023-12-14 09:30,300665.XSHE,11700,8.51,9.96,0.0,t_3330,3719
2023-12-14 09:30,300478.XSHE,400,12.3,5.0,0.0,t_3331,3720
2023-12-14 09:30,603709.XSHG,5200,17.43,9.06,0.0,t_3332,3721
2023-12-19 09:30,300478.XSHE,100,12.14,5.0,0.0,t_3333,3722
2023-12-19 09:30,603389.XSHG,-16100,6.83,11.0,109.96,t_3334,3723
2023-12-19 09:30,600768.XSHG,100,11.4,5.0,0.0,t_3335,3724
2023-12-19 09:30,600455.XSHG,600,25.53,5.0,0.0,t_3336,3725
2023-12-19 09:30,300929.XSHE,-600,11.94,5.0,7.16,t_3337,3726
2023-12-19 09:30,002633.XSHE,-100,10.78,5.0,1.08,t_3338,3727
2023-12-19 09:30,300417.XSHE,-7300,12.39,9.04,90.45,t_3339,3728
2023-12-19 09:30,300665.XSHE,11300,8.46,9.56,0.0,t_3340,3729
2023-12-19 09:30,300478.XSHE,400,12.14,5.0,0.0,t_3341,3730
2023-12-19 09:30,002652.XSHE,28700,3.21,9.21,0.0,t_3342,3731
2023-12-22 09:30,000691.XSHE,-300,5.22,5.0,1.57,t_3343,3735
2023-12-22 09:30,300929.XSHE,100,12.06,5.0,0.0,t_3344,3736
2023-12-22 09:30,002633.XSHE,-900,11.29,5.0,10.16,t_3345,3737
2023-12-22 09:30,605081.XSHG,700,13.83,5.0,0.0,t_3346,3738
2023-12-22 09:30,300665.XSHE,100,8.58,5.0,0.0,t_3347,3740
2023-12-22 09:30,603709.XSHG,-100,18.95,5.0,1.9,t_3348,3741
2023-12-22 09:30,002652.XSHE,600,3.18,5.0,0.0,t_3349,3742
2023-12-27 09:30,603389.XSHG,-27100,6.58,17.83,178.32,t_3350,3752
2023-12-27 09:30,600768.XSHG,-500,11.22,5.0,5.61,t_3351,3753
2023-12-27 09:30,600455.XSHG,900,23.58,5.0,0.0,t_3352,3754
2023-12-27 09:30,000691.XSHE,-18600,4.97,9.24,92.44,t_3353,3755
2023-12-27 09:30,605081.XSHG,-400,13.4,5.0,5.36,t_3354,3756
2023-12-27 09:30,300321.XSHE,-5200,18.49,9.61,96.15,t_3355,3757
2023-12-27 09:30,300665.XSHE,-300,8.26,5.0,2.48,t_3356,3758
2023-12-27 09:30,603709.XSHG,100,17.0,5.0,0.0,t_3357,3759
2023-12-27 09:30,002652.XSHE,58000,3.08,17.86,0.0,t_3358,3760
2023-12-27 09:30,300736.XSHE,7300,12.13,8.85,0.0,t_3359,3761
2023-12-27 09:30,600539.XSHG,12900,6.93,8.94,0.0,t_3360,3762
2024-01-02 09:30,300478.XSHE,-38000,12.88,48.94,489.44,t_3361,3763
2024-01-02 09:30,600768.XSHG,-40000,11.85,47.4,474.0,t_3362,3764
2024-01-02 09:30,600455.XSHG,-19000,24.98,47.46,474.62,t_3363,3765
2024-01-02 09:30,000691.XSHE,-72300,5.11,36.95,369.45,t_3364,3766
2024-01-02 09:30,300929.XSHE,-38900,12.25,47.65,476.53,t_3365,3767
2024-01-02 09:30,002633.XSHE,-42000,11.69,49.1,490.98,t_3366,3768
2024-01-02 09:30,605081.XSHG,-33500,13.99,46.87,468.67,t_3367,3769
2024-01-02 09:30,300321.XSHE,-19500,19.41,37.85,378.5,t_3368,3770
2024-01-02 09:30,300417.XSHE,-7500,12.72,9.54,95.4,t_3369,3771
2024-01-02 09:30,300665.XSHE,-54400,8.72,47.44,474.37,t_3370,3772
2024-01-02 09:30,603709.XSHG,-5200,18.02,9.37,93.7,t_3371,3773
2024-01-02 09:30,002652.XSHE,-87300,3.21,28.02,280.23,t_3372,3774
2024-01-02 09:30,300736.XSHE,-7300,12.86,9.39,93.88,t_3373,3775
2024-01-02 09:30,600539.XSHG,-12900,7.2,9.29,92.88,t_3374,3776
2024-01-02 09:30,511880.XSHG,47400,100.094,0.0,0.0,t_3375,3777
2024-02-01 09:30,511880.XSHG,-47400,100.262,0.0,0.0,t_3376,3778
2024-02-01 09:30,002633.XSHE,11800,8.02,9.46,0.0,t_3377,3779
2024-02-01 09:30,600768.XSHG,10400,9.11,9.47,0.0,t_3378,3780
2024-02-01 09:30,300417.XSHE,10400,9.09,9.45,0.0,t_3379,3781
2024-02-01 09:30,600455.XSHG,4800,19.5,9.36,0.0,t_3380,3782
2024-02-01 09:30,002856.XSHE,10200,9.26,9.45,0.0,t_3381,3783
2024-02-01 09:30,605081.XSHG,8600,11.05,9.5,0.0,t_3382,3784
2024-02-01 09:30,000668.XSHE,10600,8.9,9.43,0.0,t_3383,3785
2024-02-01 09:30,300321.XSHE,6500,14.56,9.46,0.0,t_3384,3786
2024-02-01 09:30,300929.XSHE,9700,9.79,9.5,0.0,t_3385,3787
2024-02-01 09:30,600539.XSHG,17300,5.47,9.46,0.0,t_3386,3788
2024-02-06 09:30,600768.XSHG,16000,6.8,10.88,0.0,t_3387,3789
2024-02-06 09:30,300417.XSHE,18900,6.14,11.6,0.0,t_3388,3790
2024-02-06 09:30,600455.XSHG,1100,15.0,5.0,0.0,t_3389,3791
2024-02-06 09:30,002856.XSHE,3100,6.73,5.0,0.0,t_3390,3792
2024-02-06 09:30,605081.XSHG,1600,8.81,5.0,0.0,t_3391,3793
2024-02-06 09:30,300321.XSHE,12700,9.37,11.9,0.0,t_3392,3794
2024-02-06 09:30,300929.XSHE,15900,7.01,11.15,0.0,t_3393,3795
2024-02-06 09:30,600539.XSHG,4100,4.19,5.0,0.0,t_3394,3796
2024-02-06 09:30,300995.XSHE,8700,10.34,9.0,0.0,t_3395,3797
2024-02-06 09:30,300886.XSHE,6800,13.05,8.87,0.0,t_3396,3798
2024-02-06 09:30,300854.XSHE,9600,9.33,8.96,0.0,t_3397,3799
2024-02-06 09:30,301040.XSHE,9400,9.51,8.94,0.0,t_3398,3800
2024-02-06 09:30,300836.XSHE,6200,14.35,8.9,0.0,t_3399,3801
2024-02-06 09:30,300069.XSHE,10500,8.55,8.98,0.0,t_3400,3802
2024-02-19 09:30,002633.XSHE,20000,5.64,11.28,0.0,t_3401,3803
2024-02-19 09:30,600768.XSHG,-200,6.87,5.0,1.37,t_3402,3804
2024-02-19 09:30,300417.XSHE,16800,5.85,9.83,0.0,t_3403,3805
2024-02-19 09:30,002856.XSHE,15800,6.16,9.73,0.0,t_3404,3806
2024-02-19 09:30,605081.XSHG,-200,9.01,5.0,1.8,t_3405,3807
2024-02-19 09:30,000668.XSHE,21600,5.58,12.05,0.0,t_3406,3808
2024-02-19 09:30,300321.XSHE,-1700,10.29,5.0,17.49,t_3407,3809
2024-02-19 09:30,300929.XSHE,13500,6.9,9.32,0.0,t_3408,3810
2024-02-19 09:30,600539.XSHG,25400,3.84,9.75,0.0,t_3409,3811
2024-02-19 09:30,300995.XSHE,7700,10.95,8.43,0.0,t_3410,3812
2024-02-19 09:30,300886.XSHE,100,12.95,5.0,0.0,t_3411,3813
2024-02-19 09:30,301040.XSHE,-600,10.25,5.0,6.15,t_3412,3814
2024-02-19 09:30,300836.XSHE,-300,15.38,5.0,4.61,t_3413,3815
2024-02-19 09:30,300069.XSHE,500,8.13,5.0,0.0,t_3414,3816
2024-02-19 09:30,300716.XSHE,16200,5.53,8.96,0.0,t_3415,3817
2024-02-19 09:30,600847.XSHG,15400,5.82,8.96,0.0,t_3416,3818
2024-02-19 09:30,002193.XSHE,27000,3.33,8.99,0.0,t_3417,3819
2024-02-21 14:00,300716.XSHE,-3400,7.88,5.0,26.79,t_3418,3820
2024-02-22 09:30,002633.XSHE,12200,6.82,8.32,0.0,t_3419,3821
2024-02-22 09:30,600768.XSHG,12300,7.79,9.58,0.0,t_3420,3822
2024-02-22 09:30,300417.XSHE,9500,7.2,6.84,0.0,t_3421,3823
2024-02-22 09:30,600455.XSHG,6100,16.66,10.16,0.0,t_3422,3824
2024-02-22 09:30,002856.XSHE,11600,7.37,8.55,0.0,t_3423,3825
2024-02-22 09:30,605081.XSHG,100,9.89,5.0,0.0,t_3424,3826
2024-02-22 09:30,300321.XSHE,-1800,12.8,5.0,23.04,t_3425,3827
2024-02-22 09:30,300929.XSHE,12900,7.7,9.93,0.0,t_3426,3828
2024-02-22 09:30,600539.XSHG,21700,4.38,9.5,0.0,t_3427,3829
2024-02-22 09:30,300995.XSHE,-800,12.86,5.0,10.29,t_3428,3830
2024-02-22 09:30,300886.XSHE,-200,14.95,5.0,2.99,t_3429,3831
2024-02-22 09:30,300854.XSHE,-200,10.75,5.0,2.15,t_3430,3832
2024-02-22 09:30,300836.XSHE,-200,17.61,5.0,3.52,t_3431,3833
2024-02-22 09:30,300069.XSHE,-400,9.47,5.0,3.79,t_3432,3834
2024-02-22 09:30,300716.XSHE,500,7.51,5.0,0.0,t_3433,3835
2024-02-22 09:30,600847.XSHG,13600,6.9,9.38,0.0,t_3434,3836
2024-02-22 09:30,002193.XSHE,24700,3.87,9.56,0.0,t_3435,3837
2024-02-22 09:30,000691.XSHE,33100,3.02,10.0,0.0,t_3436,3838
2024-02-22 14:00,002633.XSHE,1200,6.77,5.0,0.0,t_3437,3839
2024-02-22 14:00,002856.XSHE,300,7.47,5.0,0.0,t_3438,3840
2024-02-22 14:00,000668.XSHE,-5400,7.64,5.0,41.26,t_3439,3841
2024-02-22 14:00,600847.XSHG,600,6.88,5.0,0.0,t_3440,3842
2024-02-27 09:30,002633.XSHE,11500,7.8,8.97,0.0,t_3441,3843
2024-02-27 09:30,600768.XSHG,13000,8.59,11.17,0.0,t_3442,3844
2024-02-27 09:30,300417.XSHE,10800,8.33,9.0,0.0,t_3443,3845
2024-02-27 09:30,600455.XSHG,5700,18.69,10.65,0.0,t_3444,3846
2024-02-27 09:30,002856.XSHE,12900,8.2,10.58,0.0,t_3445,3847
2024-02-27 09:30,605081.XSHG,100,10.77,5.0,0.0,t_3446,3848
2024-02-27 09:30,000668.XSHE,700,8.05,5.0,0.0,t_3447,3849
2024-02-27 09:30,300321.XSHE,-700,14.83,5.0,10.38,t_3448,3850
2024-02-27 09:30,300929.XSHE,11900,8.66,10.31,0.0,t_3449,3851
2024-02-27 09:30,600539.XSHG,21600,4.91,10.61,0.0,t_3450,3852
2024-02-27 09:30,300995.XSHE,-600,14.81,5.0,8.89,t_3451,3853
2024-02-27 09:30,300886.XSHE,-300,17.3,5.0,5.19,t_3452,3854
2024-02-27 09:30,300854.XSHE,-400,12.32,5.0,4.93,t_3453,3855
2024-02-27 09:30,301040.XSHE,-200,12.99,5.0,2.6,t_3454,3856
2024-02-27 09:30,300836.XSHE,-400,21.18,5.0,8.47,t_3455,3857
2024-02-27 09:30,300069.XSHE,-500,11.0,5.0,5.5,t_3456,3858
2024-02-27 09:30,300716.XSHE,-300,8.56,5.0,2.57,t_3457,3859
2024-02-27 09:30,600847.XSHG,13700,7.66,10.49,0.0,t_3458,3860
2024-02-27 09:30,002193.XSHE,22400,4.48,10.04,0.0,t_3459,3861
2024-02-27 09:30,000691.XSHE,28400,3.59,10.2,0.0,t_3460,3862
2024-03-01 09:30,002856.XSHE,-700,8.04,5.0,5.63,t_3461,3867
2024-03-01 09:30,605081.XSHG,-10200,10.16,10.36,103.63,t_3462,3868
2024-03-01 09:30,000668.XSHE,-14400,8.19,11.79,117.94,t_3463,3869
2024-03-01 09:30,300321.XSHE,-7400,14.08,10.42,104.19,t_3464,3870
2024-03-01 09:30,300929.XSHE,-100,8.37,5.0,0.84,t_3465,3871
2024-03-01 09:30,600539.XSHG,300,4.72,5.0,0.0,t_3466,3872
2024-03-01 09:30,300995.XSHE,100,14.09,5.0,0.0,t_3467,3873
2024-03-01 09:30,300854.XSHE,200,11.59,5.0,0.0,t_3468,3874
2024-03-01 09:30,300716.XSHE,-800,8.8,5.0,7.04,t_3469,3875
2024-03-01 09:30,600847.XSHG,14200,7.42,10.54,0.0,t_3470,3876
2024-03-01 09:30,002193.XSHE,24000,4.35,10.44,0.0,t_3471,3877
2024-03-01 09:30,000691.XSHE,31600,3.44,10.87,0.0,t_3472,3878
2024-03-01 09:30,300417.XSHE,300,8.0,5.0,0.0,t_3473,3879
2024-03-01 09:30,002633.XSHE,1300,7.36,5.0,0.0,t_3474,3880
2024-03-01 09:30,600455.XSHG,100,17.9,5.0,0.0,t_3475,3881
2024-03-06 09:30,002633.XSHE,200,6.94,5.0,0.0,t_3476,3882
2024-03-06 09:30,600768.XSHG,-600,8.01,5.0,4.81,t_3477,3883
2024-03-06 09:30,300417.XSHE,-100,7.65,5.0,0.77,t_3478,3884
2024-03-06 09:30,600455.XSHG,-800,17.99,5.0,14.39,t_3479,3885
2024-03-06 09:30,002856.XSHE,2600,7.5,5.0,0.0,t_3480,3886
2024-03-06 09:30,000668.XSHE,-500,8.14,5.0,4.07,t_3481,3887
2024-03-06 09:30,300321.XSHE,-7600,13.61,10.34,103.44,t_3482,3888
2024-03-06 09:30,300929.XSHE,-1000,8.11,5.0,8.11,t_3483,3889
2024-03-06 09:30,600539.XSHG,23200,4.48,10.39,0.0,t_3484,3890
2024-03-06 09:30,300995.XSHE,-7500,13.52,10.14,101.4,t_3485,3891
2024-03-06 09:30,300886.XSHE,-6400,15.82,10.12,101.25,t_3486,3892
2024-03-06 09:30,300854.XSHE,-9200,11.1,10.21,102.12,t_3487,3893
2024-03-06 09:30,301040.XSHE,-8600,11.98,10.3,103.03,t_3488,3894
2024-03-06 09:30,300836.XSHE,-5300,19.33,10.24,102.45,t_3489,3895
2024-03-06 09:30,300069.XSHE,-10100,9.8,9.9,98.98,t_3490,3896
2024-03-06 09:30,300716.XSHE,-300,8.58,5.0,2.57,t_3491,3897
2024-03-06 09:30,600847.XSHG,15500,6.97,10.8,0.0,t_3492,3898
2024-03-06 09:30,002193.XSHE,28500,4.02,11.46,0.0,t_3493,3899
2024-03-06 09:30,000691.XSHE,32200,3.25,10.46,0.0,t_3494,3900
2024-03-06 09:30,002633.XSHE,15100,6.94,10.48,0.0,t_3495,3901
2024-03-06 09:30,002856.XSHE,12100,7.5,9.08,0.0,t_3496,3902
2024-03-06 09:30,603389.XSHG,24700,4.06,10.03,0.0,t_3497,3903
2024-03-07 14:00,002193.XSHE,-4300,4.34,5.0,18.66,t_3498,3904
2024-03-07 14:00,603389.XSHG,-300,4.36,5.0,1.31,t_3499,3905
2024-03-11 09:30,002633.XSHE,-200,7.27,5.0,1.45,t_3500,3906
2024-03-11 09:30,600768.XSHG,2500,8.28,5.0,0.0,t_3501,3907
2024-03-11 09:30,300417.XSHE,-500,8.05,5.0,4.03,t_3502,3908
2024-03-11 09:30,600455.XSHG,100,18.55,5.0,0.0,t_3503,3909
2024-03-11 09:30,002856.XSHE,300,7.74,5.0,0.0,t_3504,3910
2024-03-11 09:30,000668.XSHE,-12600,8.06,10.16,101.56,t_3505,3911
2024-03-11 09:30,300929.XSHE,1000,8.32,5.0,0.0,t_3506,3912
2024-03-11 09:30,600539.XSHG,900,4.64,5.0,0.0,t_3507,3913
2024-03-11 09:30,300995.XSHE,-7600,14.8,11.25,112.48,t_3508,3914
2024-03-11 09:30,300716.XSHE,-11900,9.2,10.95,109.48,t_3509,3915
2024-03-11 09:30,600847.XSHG,200,7.25,5.0,0.0,t_3510,3916
2024-03-11 09:30,002193.XSHE,2400,4.26,5.0,0.0,t_3511,3917
2024-03-11 09:30,000691.XSHE,-3100,3.48,5.0,10.79,t_3512,3918
2024-03-11 09:30,603389.XSHG,25800,4.23,10.91,0.0,t_3513,3919
2024-03-11 09:30,002856.XSHE,400,7.74,5.0,0.0,t_3514,3920
2024-03-11 09:30,600768.XSHG,10700,8.28,8.86,0.0,t_3515,3921
2024-03-11 09:30,605081.XSHG,10900,9.72,10.59,0.0,t_3516,3922
2024-03-14 09:30,002633.XSHE,-500,7.76,5.0,3.88,t_3517,3923
2024-03-14 09:30,600768.XSHG,300,8.74,5.0,0.0,t_3518,3924
2024-03-14 09:30,300417.XSHE,500,8.31,5.0,0.0,t_3519,3925
2024-03-14 09:30,600455.XSHG,-6000,20.3,12.18,121.8,t_3520,3926
2024-03-14 09:30,002856.XSHE,400,8.15,5.0,0.0,t_3521,3927
2024-03-14 09:30,300929.XSHE,-1100,8.99,5.0,9.89,t_3522,3928
2024-03-14 09:30,600539.XSHG,-900,4.96,5.0,4.46,t_3523,3929
2024-03-14 09:30,600847.XSHG,-15500,7.81,12.11,121.06,t_3524,3930
2024-03-14 09:30,002193.XSHE,1800,4.45,5.0,0.0,t_3525,3931
2024-03-14 09:30,000691.XSHE,3600,3.58,5.0,0.0,t_3526,3932
2024-03-14 09:30,603389.XSHG,-500,4.54,5.0,2.27,t_3527,3933
2024-03-14 09:30,605081.XSHG,11100,10.2,11.32,0.0,t_3528,3934
2024-03-14 09:30,300417.XSHE,1100,8.31,5.0,0.0,t_3529,3935
2024-03-14 09:30,001211.XSHE,6900,16.16,11.15,0.0,t_3530,3936
2024-03-18 14:00,000691.XSHE,-6000,4.04,5.0,24.24,t_3531,3937
2024-03-18 14:00,603389.XSHG,-4500,5.35,5.0,24.07,t_3532,3938
2024-03-19 09:30,002633.XSHE,-200,8.39,5.0,1.68,t_3533,3939
2024-03-19 09:30,600768.XSHG,1100,9.26,5.0,0.0,t_3534,3940
2024-03-19 09:30,300417.XSHE,100,8.95,5.0,0.0,t_3535,3941
2024-03-19 09:30,600455.XSHG,-5100,20.46,10.43,104.35,t_3536,3942
2024-03-19 09:30,300929.XSHE,900,9.54,5.0,0.0,t_3537,3943
2024-03-19 09:30,600539.XSHG,500,5.32,5.0,0.0,t_3538,3944
2024-03-19 09:30,600847.XSHG,1100,8.26,5.0,0.0,t_3539,3945
2024-03-19 09:30,002193.XSHE,1000,4.76,5.0,0.0,t_3540,3946
2024-03-19 09:30,000691.XSHE,-28200,3.98,11.22,112.24,t_3541,3947
2024-03-19 09:30,603389.XSHG,1000,5.25,5.0,0.0,t_3542,3948
2024-03-19 09:30,605081.XSHG,-1700,12.0,5.0,20.4,t_3543,3949
2024-03-19 09:30,001211.XSHE,7100,17.27,12.26,0.0,t_3544,3950
2024-03-19 09:30,603813.XSHG,9900,12.21,12.09,0.0,t_3545,3951
2024-03-20 14:00,605081.XSHG,-1400,13.04,5.0,18.26,t_3546,3952
2024-03-22 09:30,002633.XSHE,-200,8.61,5.0,1.72,t_3547,3953
2024-03-22 09:30,600768.XSHG,-100,9.5,5.0,0.95,t_3548,3954
2024-03-22 09:30,300417.XSHE,1100,9.0,5.0,0.0,t_3549,3955
2024-03-22 09:30,002856.XSHE,100,8.98,5.0,0.0,t_3550,3956
2024-03-22 09:30,600539.XSHG,600,5.41,5.0,0.0,t_3551,3957
2024-03-22 09:30,600847.XSHG,-15800,8.67,13.7,136.99,t_3552,3958
2024-03-22 09:30,002193.XSHE,-1000,4.91,5.0,4.91,t_3553,3959
2024-03-22 09:30,000691.XSHE,1000,4.02,5.0,0.0,t_3554,3960
2024-03-22 09:30,603389.XSHG,2400,5.1,5.0,0.0,t_3555,3961
2024-03-22 09:30,605081.XSHG,1000,12.44,5.0,0.0,t_3556,3962
2024-03-22 09:30,001211.XSHE,6900,17.68,12.2,0.0,t_3557,3963
2024-03-22 09:30,603813.XSHG,-100,12.7,5.0,1.27,t_3558,3964
2024-03-22 09:30,001211.XSHE,100,17.68,5.0,0.0,t_3559,3965
2024-03-26 14:00,603813.XSHG,-400,12.82,5.0,5.13,t_3560,3966
2024-03-27 09:30,002633.XSHE,700,8.13,5.0,0.0,t_3561,3967
2024-03-27 09:30,600847.XSHG,-13700,8.26,11.32,113.16,t_3562,3974
2024-03-27 09:30,002193.XSHE,3900,4.63,5.0,0.0,t_3563,3975
2024-03-27 09:30,000691.XSHE,-33200,4.07,13.51,135.12,t_3564,3976
2024-03-27 09:30,605081.XSHG,900,11.57,5.0,0.0,t_3565,3977
2024-03-27 09:30,001211.XSHE,7400,17.0,12.58,0.0,t_3566,3978
2024-03-27 09:30,002856.XSHE,1500,8.55,5.0,0.0,t_3567,3979
2024-03-27 09:30,600539.XSHG,1400,5.2,5.0,0.0,t_3568,3980
2024-03-27 09:30,300417.XSHE,1600,8.56,5.0,0.0,t_3569,3981
2024-03-27 09:30,002633.XSHE,1400,8.13,5.0,0.0,t_3570,3982
2024-03-27 09:30,300929.XSHE,1500,9.27,5.0,0.0,t_3571,3983
2024-03-27 09:30,600768.XSHG,1200,9.06,5.0,0.0,t_3572,3984
2024-03-27 09:30,002629.XSHE,8500,2.8,5.0,0.0,t_3573,3985
2024-03-28 14:00,603813.XSHG,-800,14.31,5.0,11.45,t_3574,3987
2024-04-01 09:30,002633.XSHE,-74300,8.2,60.93,609.26,t_3575,3989
2024-04-01 09:30,600768.XSHG,-66600,9.43,62.8,628.04,t_3576,3990
2024-04-01 09:30,300417.XSHE,-70500,8.78,61.9,618.99,t_3577,3991
2024-04-01 09:30,600455.XSHG,-6000,20.75,12.45,124.5,t_3578,3992
2024-04-01 09:30,002856.XSHE,-70600,8.74,61.7,617.04,t_3579,3993
2024-04-01 09:30,300929.XSHE,-65100,9.53,62.04,620.4,t_3580,3994
2024-04-01 09:30,600539.XSHG,-116100,5.4,62.69,626.94,t_3581,3995
2024-04-01 09:30,600847.XSHG,-29300,8.46,24.79,247.88,t_3582,3996
2024-04-01 09:30,002193.XSHE,-130400,4.73,61.68,616.79,t_3583,3997
2024-04-01 09:30,000691.XSHE,-59400,4.04,24.0,239.98,t_3584,3998
2024-04-01 09:30,605081.XSHG,-20800,11.7,24.34,243.36,t_3585,3999
2024-04-01 09:30,001211.XSHE,-28400,17.48,49.64,496.43,t_3586,4000
2024-04-01 09:30,603813.XSHG,-8600,13.36,11.49,114.9,t_3587,4001
2024-04-01 09:30,002629.XSHE,-8500,2.87,5.0,24.39,t_3588,4002
2024-04-01 09:30,511880.XSHG,58000,100.562,0.0,0.0,t_3589,4003
2024-05-06 09:30,511880.XSHG,-58000,100.703,0.0,0.0,t_3590,4004
2024-05-06 09:30,603389.XSHG,-48600,4.68,22.74,227.45,t_3591,4005
2024-05-06 09:30,002193.XSHE,32200,3.76,12.11,0.0,t_3592,4006
2024-05-06 09:30,002633.XSHE,18300,6.62,12.11,0.0,t_3593,4007
2024-05-06 09:30,300417.XSHE,15800,7.66,12.1,0.0,t_3594,4008
2024-05-06 09:30,002856.XSHE,15900,7.6,12.08,0.0,t_3595,4009
2024-05-06 09:30,002629.XSHE,51200,2.37,12.13,0.0,t_3596,4010
2024-05-06 09:30,000668.XSHE,16400,7.38,12.1,0.0,t_3597,4011
2024-05-06 09:30,600539.XSHG,25100,4.82,12.1,0.0,t_3598,4012
2024-05-06 09:30,600847.XSHG,16700,7.25,12.11,0.0,t_3599,4013
2024-05-06 09:30,603021.XSHG,34700,3.49,12.11,0.0,t_3600,4014
2024-05-06 09:30,600455.XSHG,6700,17.86,11.97,0.0,t_3601,4015
2024-05-07 14:00,002193.XSHE,-1300,3.97,5.0,5.16,t_3602,4016
2024-05-07 14:00,002633.XSHE,-1300,7.22,5.0,9.39,t_3603,4017
2024-05-09 09:30,002193.XSHE,30600,3.97,12.15,0.0,t_3604,4018
2024-05-09 09:30,002633.XSHE,17300,7.11,12.3,0.0,t_3605,4019
2024-05-09 09:30,300417.XSHE,15500,7.79,12.07,0.0,t_3606,4020
2024-05-09 09:30,002856.XSHE,15200,7.83,11.9,0.0,t_3607,4021
2024-05-09 09:30,002629.XSHE,47600,2.47,11.76,0.0,t_3608,4022
2024-05-09 09:30,000668.XSHE,15000,7.77,11.66,0.0,t_3609,4023
2024-05-09 09:30,600539.XSHG,26000,4.78,12.43,0.0,t_3610,4024
2024-05-09 09:30,600847.XSHG,15900,7.49,11.91,0.0,t_3611,4025
2024-05-09 09:30,603021.XSHG,34600,3.52,12.18,0.0,t_3612,4026
2024-05-09 09:30,600455.XSHG,6900,17.88,12.34,0.0,t_3613,4027
2024-05-10 14:00,600847.XSHG,-700,7.67,5.0,5.37,t_3614,4028
2024-05-14 09:30,002193.XSHE,30700,3.91,12.0,0.0,t_3615,4029
2024-05-14 09:30,002633.XSHE,18900,6.78,12.81,0.0,t_3616,4030
2024-05-14 09:30,300417.XSHE,17300,7.42,12.84,0.0,t_3617,4031
2024-05-14 09:30,002856.XSHE,16600,7.56,12.55,0.0,t_3618,4032
2024-05-14 09:30,002629.XSHE,53400,2.37,12.66,0.0,t_3619,4033
2024-05-14 09:30,000668.XSHE,-100,7.7,5.0,0.77,t_3620,4034
2024-05-14 09:30,600539.XSHG,27000,4.62,12.47,0.0,t_3621,4035
2024-05-14 09:30,600847.XSHG,18600,7.14,13.28,0.0,t_3622,4036
2024-05-14 09:30,603021.XSHG,39400,3.32,13.08,0.0,t_3623,4037
2024-05-14 09:30,600455.XSHG,7500,17.04,12.78,0.0,t_3624,4038
2024-05-14 09:30,300329.XSHE,26900,4.46,12.0,0.0,t_3625,4039
2024-05-16 14:00,600847.XSHG,-3800,8.05,5.0,30.59,t_3626,4040
2024-05-17 09:30,002193.XSHE,30100,4.08,12.28,0.0,t_3627,4041
2024-05-17 09:30,002633.XSHE,15600,7.25,11.31,0.0,t_3628,4042
2024-05-17 09:30,300417.XSHE,15000,7.84,11.76,0.0,t_3629,4043
2024-05-17 09:30,002856.XSHE,13400,8.16,10.93,0.0,t_3630,4044
2024-05-17 09:30,002629.XSHE,57500,2.38,13.69,0.0,t_3631,4045
2024-05-17 09:30,000668.XSHE,14800,8.11,12.0,0.0,t_3632,4046
2024-05-17 09:30,600539.XSHG,24600,4.86,11.96,0.0,t_3633,4047
2024-05-17 09:30,600847.XSHG,200,7.98,5.0,0.0,t_3634,4048
2024-05-17 09:30,603021.XSHG,29900,3.6,10.76,0.0,t_3635,4049
2024-05-17 09:30,600455.XSHG,6300,18.17,11.45,0.0,t_3636,4050
2024-05-17 09:30,300329.XSHE,-200,4.68,5.0,0.94,t_3637,4051
2024-05-17 09:30,300716.XSHE,17200,7.25,12.47,0.0,t_3638,4052
2024-05-22 09:30,002193.XSHE,34400,3.9,13.42,0.0,t_3639,4053
2024-05-22 09:30,002633.XSHE,14900,7.3,10.88,0.0,t_3640,4054
2024-05-22 09:30,300417.XSHE,16500,7.63,12.59,0.0,t_3641,4055
2024-05-22 09:30,002856.XSHE,17300,7.79,13.48,0.0,t_3642,4056
2024-05-22 09:30,002629.XSHE,59600,2.27,13.53,0.0,t_3643,4057
2024-05-22 09:30,000668.XSHE,18600,7.56,14.06,0.0,t_3644,4058
2024-05-22 09:30,600539.XSHG,22000,4.9,10.78,0.0,t_3645,4059
2024-05-22 09:30,600847.XSHG,-500,7.91,5.0,3.96,t_3646,4060
2024-05-22 09:30,603021.XSHG,32600,3.57,11.64,0.0,t_3647,4061
2024-05-22 09:30,600455.XSHG,7300,17.61,12.86,0.0,t_3648,4062
2024-05-22 09:30,300716.XSHE,16800,7.19,12.08,0.0,t_3649,4063
2024-05-27 09:30,002193.XSHE,800,3.68,5.0,0.0,t_3650,4064
2024-05-27 09:30,300417.XSHE,-1900,7.61,5.0,14.46,t_3651,4066
2024-05-27 09:30,002856.XSHE,-2100,7.8,5.0,16.38,t_3652,4067
2024-05-27 09:30,002629.XSHE,-4900,2.25,5.0,11.03,t_3653,4068
2024-05-27 09:30,000668.XSHE,-300,7.4,5.0,2.22,t_3654,4069
2024-05-27 09:30,600539.XSHG,-1200,4.82,5.0,5.78,t_3655,4070
2024-05-27 09:30,600847.XSHG,-14100,7.38,10.41,104.06,t_3656,4071
2024-05-27 09:30,603021.XSHG,-33200,3.45,11.45,114.54,t_3657,4072
2024-05-27 09:30,600455.XSHG,600,16.83,5.0,0.0,t_3658,4073
2024-05-27 09:30,300329.XSHE,27100,4.42,11.98,0.0,t_3659,4074
2024-05-27 09:30,300716.XSHE,-500,7.12,5.0,3.56,t_3660,4075
2024-05-27 09:30,002193.XSHE,4100,3.68,5.0,0.0,t_3661,4076
2024-05-27 09:30,002633.XSHE,1500,6.98,5.0,0.0,t_3662,4077
2024-05-27 09:30,603272.XSHG,10800,10.78,11.64,0.0,t_3663,4078
2024-05-30 09:30,002193.XSHE,-2800,3.77,5.0,10.56,t_3664,4079
2024-05-30 09:30,002633.XSHE,-400,7.06,5.0,2.82,t_3665,4080
2024-05-30 09:30,300417.XSHE,1800,7.43,5.0,0.0,t_3666,4081
2024-05-30 09:30,002629.XSHE,-600,2.27,5.0,1.36,t_3667,4082
2024-05-30 09:30,000668.XSHE,100,7.11,5.0,0.0,t_3668,4083
2024-05-30 09:30,600539.XSHG,100,4.31,5.0,0.0,t_3669,4084
2024-05-30 09:30,600847.XSHG,-16100,7.43,11.96,119.62,t_3670,4085
2024-05-30 09:30,603021.XSHG,3600,3.38,5.0,0.0,t_3671,4086
2024-05-30 09:30,300329.XSHE,25000,4.3,10.75,0.0,t_3672,4087
2024-05-30 14:00,002856.XSHE,-19800,8.22,16.28,162.76,t_3673,4094
2024-06-04 09:30,002193.XSHE,1800,3.43,5.0,0.0,t_3674,4095
2024-06-04 09:30,002633.XSHE,900,6.43,5.0,0.0,t_3675,4096
2024-06-04 09:30,300417.XSHE,-1800,7.05,5.0,12.69,t_3676,4097
2024-06-04 09:30,002856.XSHE,-15000,7.98,11.97,119.7,t_3677,4098
2024-06-04 09:30,002629.XSHE,3700,2.06,5.0,0.0,t_3678,4099
2024-06-04 09:30,000668.XSHE,20100,6.51,13.09,0.0,t_3679,4100
2024-06-04 09:30,600539.XSHG,5700,4.26,5.0,0.0,t_3680,4101
2024-06-04 09:30,600847.XSHG,-16200,6.65,10.77,107.73,t_3681,4102
2024-06-04 09:30,603021.XSHG,-700,3.13,5.0,2.19,t_3682,4103
2024-06-04 09:30,600455.XSHG,-800,16.01,5.0,12.81,t_3683,4104
2024-06-04 09:30,300329.XSHE,-24000,4.03,9.67,96.72,t_3684,4105
2024-06-04 09:30,300716.XSHE,600,6.45,5.0,0.0,t_3685,4106
2024-06-04 09:30,603272.XSHG,23300,9.68,22.55,0.0,t_3686,4107
2024-06-04 09:30,000679.XSHE,39000,2.81,10.96,0.0,t_3687,4108
2024-06-06 14:00,300417.XSHE,-15000,7.63,11.45,114.45,t_3688,4109
2024-06-07 09:30,002193.XSHE,9900,2.89,5.0,0.0,t_3689,4110
2024-06-07 09:30,002633.XSHE,-2200,5.91,5.0,13.0,t_3690,4111
2024-06-07 09:30,300417.XSHE,-6800,7.0,5.0,47.6,t_3691,4112
2024-06-07 09:30,002856.XSHE,-17800,8.32,14.81,148.1,t_3692,4113
2024-06-07 09:30,002629.XSHE,14100,1.75,5.0,0.0,t_3693,4114
2024-06-07 09:30,000668.XSHE,-600,5.87,5.0,3.52,t_3694,4115
2024-06-07 09:30,600539.XSHG,7600,3.6,5.0,0.0,t_3695,4116
2024-06-07 09:30,603021.XSHG,13100,2.56,5.0,0.0,t_3696,4117
2024-06-07 09:30,600455.XSHG,-8000,14.91,11.93,119.28,t_3697,4118
2024-06-07 09:30,300329.XSHE,700,3.55,5.0,0.0,t_3698,4119
2024-06-07 09:30,300716.XSHE,-16100,5.48,8.82,88.23,t_3699,4120
2024-06-07 09:30,603272.XSHG,13400,8.3,11.12,0.0,t_3700,4121
2024-06-07 09:30,000679.XSHE,49800,2.22,11.06,0.0,t_3701,4122
2024-06-07 09:30,000953.XSHE,41900,2.35,9.85,0.0,t_3702,4123
2024-06-07 09:30,300391.XSHE,38500,2.51,9.66,0.0,t_3703,4124
2024-06-11 14:00,000668.XSHE,-700,6.12,5.0,4.28,t_3704,4126
2024-06-11 14:00,600539.XSHG,-2500,3.79,5.0,9.47,t_3705,4127
2024-06-11 14:00,300716.XSHE,-1100,6.03,5.0,6.63,t_3706,4128
2024-06-13 09:30,002193.XSHE,3300,3.13,5.0,0.0,t_3707,4129
2024-06-13 09:30,002633.XSHE,1600,6.14,5.0,0.0,t_3708,4130
2024-06-13 09:30,300417.XSHE,-14200,7.74,10.99,109.91,t_3709,4131
2024-06-13 09:30,002856.XSHE,-12500,9.78,12.22,122.25,t_3710,4132
2024-06-13 09:30,002629.XSHE,-5400,1.97,5.0,10.64,t_3711,4133
2024-06-13 09:30,000668.XSHE,1400,6.42,5.0,0.0,t_3712,4134
2024-06-13 09:30,600539.XSHG,-700,4.07,5.0,2.85,t_3713,4135
2024-06-13 09:30,603021.XSHG,-1800,2.86,5.0,5.15,t_3714,4136
2024-06-13 09:30,600455.XSHG,1500,15.51,5.0,0.0,t_3715,4137
2024-06-13 09:30,300329.XSHE,700,3.87,5.0,0.0,t_3716,4138
2024-06-13 09:30,300716.XSHE,-16900,6.24,10.55,105.46,t_3717,4139
2024-06-13 09:30,603272.XSHG,12800,9.02,11.55,0.0,t_3718,4140
2024-06-13 09:30,000679.XSHE,27700,2.8,7.76,0.0,t_3719,4141
2024-06-13 09:30,000953.XSHE,40500,2.64,10.69,0.0,t_3720,4142
2024-06-13 09:30,002633.XSHE,3400,6.14,5.0,0.0,t_3721,4143
2024-06-13 14:00,000679.XSHE,100,2.53,5.0,0.0,t_3722,4144
2024-06-18 09:30,002193.XSHE,-1700,3.0,5.0,5.1,t_3723,4145
2024-06-18 09:30,002633.XSHE,-4900,6.18,5.0,30.28,t_3724,4146
2024-06-18 09:30,300417.XSHE,-14400,7.45,10.73,107.28,t_3725,4147
2024-06-18 09:30,002856.XSHE,-11200,11.55,12.94,129.36,t_3726,4148
2024-06-18 09:30,002629.XSHE,18700,1.75,5.0,0.0,t_3727,4149
2024-06-18 09:30,000668.XSHE,-1500,6.21,5.0,9.31,t_3728,4150
2024-06-18 09:30,600539.XSHG,2100,3.8,5.0,0.0,t_3729,4151
2024-06-18 09:30,603021.XSHG,40300,2.68,10.8,0.0,t_3730,4152
2024-06-18 09:30,600455.XSHG,-7300,14.97,10.93,109.28,t_3731,4153
2024-06-18 09:30,300329.XSHE,1300,3.59,5.0,0.0,t_3732,4154
2024-06-18 09:30,603272.XSHG,400,8.5,5.0,0.0,t_3733,4155
2024-06-18 09:30,000679.XSHE,51900,2.45,12.72,0.0,t_3734,4156
2024-06-18 09:30,000953.XSHE,42900,2.47,10.6,0.0,t_3735,4157
2024-06-18 09:30,300391.XSHE,100,2.63,5.0,0.0,t_3736,4158
2024-06-19 14:00,000679.XSHE,-300,2.53,5.0,0.76,t_3737,4161
2024-06-21 09:30,002193.XSHE,300,2.95,5.0,0.0,t_3738,4162
2024-06-21 09:30,300417.XSHE,-14500,7.72,11.19,111.94,t_3739,4164
2024-06-21 09:30,002629.XSHE,-1800,1.74,5.0,3.13,t_3740,4165
2024-06-21 09:30,000668.XSHE,600,6.08,5.0,0.0,t_3741,4166
2024-06-21 09:30,600539.XSHG,-100,3.76,5.0,0.38,t_3742,4167
2024-06-21 09:30,603021.XSHG,2100,2.62,5.0,0.0,t_3743,4168
2024-06-21 09:30,600455.XSHG,-7100,15.06,10.69,106.93,t_3744,4169
2024-06-21 09:30,300329.XSHE,-29100,3.6,10.48,104.76,t_3745,4170
2024-06-21 09:30,603272.XSHG,-600,8.49,5.0,5.09,t_3746,4171
2024-06-21 09:30,000679.XSHE,36500,2.49,9.09,0.0,t_3747,4172
2024-06-21 09:30,000953.XSHE,43900,2.41,10.58,0.0,t_3748,4173
2024-06-21 09:30,300391.XSHE,42600,2.51,10.69,0.0,t_3749,4174
2024-06-21 09:30,002193.XSHE,400,2.95,5.0,0.0,t_3750,4175
2024-06-21 09:30,002633.XSHE,3000,5.86,5.0,0.0,t_3751,4176
2024-06-26 09:30,002193.XSHE,-200,2.78,5.0,0.56,t_3752,4177
2024-06-26 09:30,002633.XSHE,-1700,5.65,5.0,9.61,t_3753,4178
2024-06-26 09:30,300417.XSHE,-13300,7.9,10.51,105.07,t_3754,4179
2024-06-26 09:30,002629.XSHE,30900,1.48,5.0,0.0,t_3755,4180
2024-06-26 09:30,000668.XSHE,-18400,5.87,10.8,108.01,t_3756,4181
2024-06-26 09:30,600539.XSHG,1300,3.5,5.0,0.0,t_3757,4182
2024-06-26 09:30,603021.XSHG,300,2.46,5.0,0.0,t_3758,4183
2024-06-26 09:30,600455.XSHG,-6700,13.95,9.35,93.47,t_3759,4184
2024-06-26 09:30,300329.XSHE,27200,3.45,9.38,0.0,t_3760,4185
2024-06-26 09:30,603272.XSHG,-1600,8.2,5.0,13.12,t_3761,4186
2024-06-26 09:30,000679.XSHE,200,2.34,5.0,0.0,t_3762,4187
2024-06-26 09:30,000953.XSHE,37500,2.32,8.7,0.0,t_3763,4188
2024-06-26 09:30,300391.XSHE,41600,2.34,9.73,0.0,t_3764,4189
2024-07-01 09:30,002633.XSHE,-600,5.88,5.0,3.53,t_3765,4192
2024-07-01 09:30,002629.XSHE,-2200,1.54,5.0,3.39,t_3766,4193
2024-07-01 09:30,000668.XSHE,-1900,6.25,5.0,11.88,t_3767,4194
2024-07-01 09:30,600539.XSHG,-800,3.64,5.0,2.91,t_3768,4195
2024-07-01 09:30,603021.XSHG,-2800,2.58,5.0,7.22,t_3769,4196
2024-07-01 09:30,600455.XSHG,-100,14.7,5.0,1.47,t_3770,4197
2024-07-01 09:30,300329.XSHE,-2400,3.73,5.0,8.95,t_3771,4198
2024-07-01 09:30,603272.XSHG,-500,8.55,5.0,4.28,t_3772,4199
2024-07-01 09:30,000679.XSHE,5000,2.36,5.0,0.0,t_3773,4200
2024-07-01 09:30,000953.XSHE,3200,2.36,5.0,0.0,t_3774,4201
2024-07-01 09:30,300391.XSHE,4200,2.34,5.0,0.0,t_3775,4202
2024-07-01 09:30,002193.XSHE,5100,2.77,5.0,0.0,t_3776,4203
2024-07-03 14:00,002193.XSHE,-3200,3.13,5.0,10.02,t_3777,4204
2024-07-03 14:00,000668.XSHE,-3500,7.28,5.0,25.48,t_3778,4205
2024-07-04 09:30,002193.XSHE,7900,3.0,5.0,0.0,t_3779,4206
2024-07-04 09:30,002633.XSHE,2000,5.98,5.0,0.0,t_3780,4207
2024-07-04 09:30,000668.XSHE,-9200,6.47,5.95,59.52,t_3781,4209
2024-07-04 09:30,603021.XSHG,8300,2.73,5.0,0.0,t_3782,4210
2024-07-04 09:30,600455.XSHG,300,15.29,5.0,0.0,t_3783,4211
2024-07-04 09:30,300329.XSHE,-300,4.14,5.0,1.24,t_3784,4212
2024-07-04 09:30,603272.XSHG,3800,8.78,5.0,0.0,t_3785,4213
2024-07-04 14:00,300391.XSHE,-42400,3.84,16.28,162.82,t_3786,4221
2024-07-05 14:00,000679.XSHE,-33700,3.17,10.68,106.83,t_3787,4222
2024-07-08 14:00,002629.XSHE,7700,1.63,5.0,0.0,t_3788,4223
2024-07-08 14:00,300391.XSHE,-16000,4.7,7.52,75.2,t_3789,4224
2024-07-09 09:30,002193.XSHE,3300,2.85,5.0,0.0,t_3790,4225
2024-07-09 09:30,002633.XSHE,7700,5.63,5.0,0.0,t_3791,4226
2024-07-09 09:30,002629.XSHE,-4700,1.63,5.0,7.66,t_3792,4227
2024-07-09 09:30,000668.XSHE,2400,5.96,5.0,0.0,t_3793,4228
2024-07-09 09:30,600539.XSHG,7600,3.68,5.0,0.0,t_3794,4229
2024-07-09 09:30,603021.XSHG,11300,2.5,5.0,0.0,t_3795,4230
2024-07-09 09:30,600455.XSHG,7700,14.26,10.98,0.0,t_3796,4231
2024-07-09 09:30,300329.XSHE,-27300,4.15,11.33,113.3,t_3797,4232
2024-07-09 09:30,603272.XSHG,1300,8.39,5.0,0.0,t_3798,4233
2024-07-09 09:30,000679.XSHE,-10700,2.56,5.0,27.39,t_3799,4234
2024-07-09 09:30,000953.XSHE,11600,2.39,5.0,0.0,t_3800,4235
2024-07-09 09:30,300391.XSHE,-1000,4.7,5.0,4.7,t_3801,4236
2024-07-09 09:30,600768.XSHG,31400,6.73,21.13,0.0,t_3802,4237
2024-07-12 09:30,002193.XSHE,600,2.88,5.0,0.0,t_3803,4238
2024-07-12 09:30,002633.XSHE,-2800,6.0,5.0,16.8,t_3804,4239
2024-07-12 09:30,002629.XSHE,10700,1.57,5.0,0.0,t_3805,4240
2024-07-12 09:30,300391.XSHE,-29500,5.75,16.96,169.62,t_3806,4247
2024-07-12 09:30,600768.XSHG,16100,6.9,11.11,0.0,t_3807,4248
2024-07-12 09:30,002629.XSHE,12700,1.57,5.0,0.0,t_3808,4249
2024-07-12 09:30,002193.XSHE,3500,2.88,5.0,0.0,t_3809,4250
2024-07-12 09:30,603021.XSHG,3500,2.54,5.0,0.0,t_3810,4251
2024-07-12 09:30,600539.XSHG,2300,3.74,5.0,0.0,t_3811,4252
2024-07-12 09:30,603272.XSHG,1100,8.51,5.0,0.0,t_3812,4253
2024-07-12 09:30,000668.XSHE,200,6.0,5.0,0.0,t_3813,4254
2024-07-12 14:00,000679.XSHE,-43300,2.68,11.6,116.04,t_3814,4258
2024-07-12 14:00,000953.XSHE,-54900,2.62,14.38,143.84,t_3815,4259
2024-07-16 14:00,002193.XSHE,-24500,3.25,7.96,79.62,t_3816,4260
2024-07-17 09:30,002193.XSHE,4600,3.15,5.0,0.0,t_3817,4261
2024-07-17 09:30,002633.XSHE,-1900,6.0,5.0,11.4,t_3818,4262
2024-07-17 09:30,002629.XSHE,4000,1.52,5.0,0.0,t_3819,4263
2024-07-17 09:30,000668.XSHE,22200,5.66,12.57,0.0,t_3820,4264
2024-07-17 09:30,600539.XSHG,5500,3.53,5.0,0.0,t_3821,4265
2024-07-17 09:30,603021.XSHG,2400,2.46,5.0,0.0,t_3822,4266
2024-07-17 09:30,600455.XSHG,12900,13.86,17.88,0.0,t_3823,4267
2024-07-17 09:30,300329.XSHE,-25600,3.98,10.19,101.89,t_3824,4268
2024-07-17 09:30,603272.XSHG,2400,8.03,5.0,0.0,t_3825,4269
2024-07-17 09:30,000679.XSHE,-37200,2.52,9.37,93.74,t_3826,4270
2024-07-17 09:30,000953.XSHE,-40600,2.55,10.35,103.53,t_3827,4271
2024-07-17 09:30,300391.XSHE,-18100,5.37,9.72,97.2,t_3828,4272
2024-07-17 09:30,600768.XSHG,18100,6.52,11.8,0.0,t_3829,4273
2024-07-17 09:30,600455.XSHG,3200,13.86,5.0,0.0,t_3830,4274
2024-07-17 09:30,002620.XSHE,93100,2.3,21.41,0.0,t_3831,4275
2024-07-18 14:00,000679.XSHE,-13200,2.96,5.0,39.07,t_3832,4276
2024-07-19 14:00,000953.XSHE,-17100,2.95,5.04,50.45,t_3833,4277
2024-07-22 09:30,002193.XSHE,9300,2.98,5.0,0.0,t_3834,4278
2024-07-22 09:30,002633.XSHE,1500,5.88,5.0,0.0,t_3835,4279
2024-07-22 09:30,002629.XSHE,8600,1.48,5.0,0.0,t_3836,4280
2024-07-22 09:30,000668.XSHE,-600,5.7,5.0,3.42,t_3837,4281
2024-07-22 09:30,600539.XSHG,500,3.51,5.0,0.0,t_3838,4282
2024-07-22 09:30,603021.XSHG,4900,2.4,5.0,0.0,t_3839,4283
2024-07-22 09:30,600455.XSHG,2200,13.85,5.0,0.0,t_3840,4284
2024-07-22 09:30,000679.XSHE,-33500,2.79,9.35,93.47,t_3841,4286
2024-07-22 09:30,000953.XSHE,-32300,2.79,9.01,90.12,t_3842,4287
2024-07-22 09:30,300391.XSHE,-20000,5.91,11.82,118.2,t_3843,4288
2024-07-22 09:30,600768.XSHG,17300,6.44,11.14,0.0,t_3844,4289
2024-07-22 09:30,002620.XSHE,45000,2.32,10.44,0.0,t_3845,4290
2024-07-22 09:30,603272.XSHG,1200,7.87,5.0,0.0,t_3846,4291
2024-07-22 09:30,600455.XSHG,5400,13.85,7.48,0.0,t_3847,4292
2024-07-23 14:00,002193.XSHE,-7000,3.23,5.0,22.61,t_3848,4293
2024-07-23 14:00,000679.XSHE,-3400,3.19,5.0,10.85,t_3849,4294
2024-07-25 09:30,002193.XSHE,-900,3.16,5.0,2.84,t_3850,4295
2024-07-25 09:30,002633.XSHE,-25700,6.65,17.09,170.91,t_3851,4296
2024-07-25 09:30,002629.XSHE,2200,1.49,5.0,0.0,t_3852,4297
2024-07-25 09:30,000668.XSHE,19700,5.71,11.25,0.0,t_3853,4298
2024-07-25 09:30,600539.XSHG,4200,3.46,5.0,0.0,t_3854,4299
2024-07-25 09:30,603021.XSHG,3800,2.39,5.0,0.0,t_3855,4300
2024-07-25 09:30,600455.XSHG,1800,13.42,5.0,0.0,t_3856,4301
2024-07-25 09:30,603272.XSHG,1700,7.78,5.0,0.0,t_3857,4302
2024-07-25 09:30,000679.XSHE,-34900,3.05,10.64,106.45,t_3858,4303
2024-07-25 09:30,000953.XSHE,-35400,2.63,9.31,93.1,t_3859,4304
2024-07-25 09:30,600768.XSHG,2700,6.32,5.0,0.0,t_3860,4305
2024-07-25 09:30,002620.XSHE,44500,2.37,10.55,0.0,t_3861,4306
2024-07-25 09:30,300478.XSHE,15500,6.95,10.77,0.0,t_3862,4307
2024-07-30 09:30,002193.XSHE,100,3.3,5.0,0.0,t_3863,4308
2024-07-30 09:30,002633.XSHE,-13800,6.69,9.23,92.32,t_3864,4309
2024-07-30 09:30,002629.XSHE,-3800,1.59,5.0,6.04,t_3865,4310
2024-07-30 09:30,000668.XSHE,-1700,6.14,5.0,10.44,t_3866,4311
2024-07-30 09:30,600539.XSHG,-200,3.66,5.0,0.73,t_3867,4312
2024-07-30 09:30,603021.XSHG,-4900,2.58,5.0,12.64,t_3868,4313
2024-07-30 09:30,600455.XSHG,400,14.02,5.0,0.0,t_3869,4314
2024-07-30 09:30,603272.XSHG,-1300,8.38,5.0,10.89,t_3870,4315
2024-07-30 09:30,000953.XSHE,-41200,2.95,12.15,121.54,t_3871,4316
2024-07-30 09:30,600768.XSHG,1400,6.56,5.0,0.0,t_3872,4317
2024-07-30 09:30,002620.XSHE,2300,2.47,5.0,0.0,t_3873,4318
2024-07-30 09:30,300478.XSHE,16000,7.24,11.58,0.0,t_3874,4319
2024-07-30 09:30,002193.XSHE,1600,3.3,5.0,0.0,t_3875,4320
2024-07-30 09:30,603316.XSHG,32100,3.51,11.27,0.0,t_3876,4321
2024-08-02 09:30,002193.XSHE,-800,3.47,5.0,2.78,t_3877,4322
2024-08-02 09:30,002633.XSHE,-16500,6.87,11.34,113.36,t_3878,4323
2024-08-02 09:30,002629.XSHE,-11800,1.72,5.0,20.3,t_3879,4324
2024-08-02 09:30,000668.XSHE,900,6.36,5.0,0.0,t_3880,4325
2024-08-02 09:30,600539.XSHG,300,3.82,5.0,0.0,t_3881,4326
2024-08-02 09:30,603021.XSHG,-4900,2.76,5.0,13.52,t_3882,4327
2024-08-02 09:30,600455.XSHG,-100,14.74,5.0,1.47,t_3883,4328
2024-08-02 09:30,603272.XSHG,2000,8.5,5.0,0.0,t_3884,4329
2024-08-02 09:30,600768.XSHG,700,6.81,5.0,0.0,t_3885,4330
2024-08-02 09:30,002620.XSHE,-47500,2.61,12.4,123.98,t_3886,4331
2024-08-02 09:30,300478.XSHE,17500,7.31,12.79,0.0,t_3887,4332
2024-08-02 09:30,603316.XSHG,-100,3.74,5.0,0.37,t_3888,4333
2024-08-02 09:30,300929.XSHE,16200,7.33,11.87,0.0,t_3889,4334
2024-08-07 09:30,002193.XSHE,-41900,3.76,15.75,157.54,t_3890,4335
2024-08-07 09:30,002633.XSHE,-17500,7.08,12.39,123.9,t_3891,4336
2024-08-07 09:30,002629.XSHE,14700,1.69,5.0,0.0,t_3892,4337
2024-08-07 09:30,000668.XSHE,1500,6.41,5.0,0.0,t_3893,4338
2024-08-07 09:30,600539.XSHG,2900,3.84,5.0,0.0,t_3894,4339
2024-08-07 09:30,603021.XSHG,5200,2.76,5.0,0.0,t_3895,4340
2024-08-07 09:30,600455.XSHG,-1200,15.54,5.0,18.65,t_3896,4341
2024-08-07 09:30,603272.XSHG,800,8.61,5.0,0.0,t_3897,4342
2024-08-07 09:30,600768.XSHG,2500,6.78,5.0,0.0,t_3898,4343
2024-08-07 09:30,300478.XSHE,19600,7.13,13.97,0.0,t_3899,4344
2024-08-07 09:30,603316.XSHG,1100,3.69,5.0,0.0,t_3900,4345
2024-08-07 09:30,300929.XSHE,9900,7.26,7.19,0.0,t_3901,4346
2024-08-07 09:30,300665.XSHE,100,5.14,5.0,0.0,t_3902,4348
2024-08-07 14:00,002620.XSHE,-51600,2.86,14.76,147.58,t_3903,4349
2024-08-09 14:00,600768.XSHG,-5700,7.21,5.0,41.1,t_3904,4350
2024-08-12 09:30,002193.XSHE,9200,3.49,5.0,0.0,t_3905,4351
2024-08-12 09:30,002633.XSHE,-17300,7.15,12.37,123.7,t_3906,4352
2024-08-12 09:30,002629.XSHE,-12300,1.74,5.0,21.4,t_3907,4353
2024-08-12 09:30,000668.XSHE,-20700,6.52,13.5,134.96,t_3908,4354
2024-08-12 09:30,600539.XSHG,-1200,3.85,5.0,4.62,t_3909,4355
2024-08-12 09:30,603021.XSHG,-1100,2.76,5.0,3.04,t_3910,4356
2024-08-12 09:30,600455.XSHG,2100,14.64,5.0,0.0,t_3911,4357
2024-08-12 09:30,603272.XSHG,-900,8.69,5.0,7.82,t_3912,4358
2024-08-12 09:30,600768.XSHG,1200,7.1,5.0,0.0,t_3913,4359
2024-08-12 09:30,002620.XSHE,8900,2.57,5.0,0.0,t_3914,4360
2024-08-12 09:30,300478.XSHE,14200,7.35,10.44,0.0,t_3915,4361
2024-08-12 09:30,603316.XSHG,-1100,3.81,5.0,4.19,t_3916,4362
2024-08-12 09:30,300929.XSHE,22300,7.54,16.81,0.0,t_3917,4363
2024-08-12 09:30,300665.XSHE,23400,5.16,12.07,0.0,t_3918,4364
2024-08-14 14:00,002629.XSHE,-38700,2.0,7.74,77.4,t_3919,4365
2024-08-14 14:00,600768.XSHG,100,7.25,5.0,0.0,t_3920,4366
2024-08-15 09:30,002193.XSHE,800,3.52,5.0,0.0,t_3921,4367
2024-08-15 09:30,002629.XSHE,17400,1.88,5.0,0.0,t_3922,4368
2024-08-15 09:30,000668.XSHE,2600,6.39,5.0,0.0,t_3923,4369
2024-08-15 09:30,600539.XSHG,3100,3.83,5.0,0.0,t_3924,4370
2024-08-15 09:30,603021.XSHG,3900,2.75,5.0,0.0,t_3925,4371
2024-08-15 09:30,600455.XSHG,100,14.69,5.0,0.0,t_3926,4372
2024-08-15 09:30,603272.XSHG,-1000,8.95,5.0,8.95,t_3927,4373
2024-08-15 09:30,600768.XSHG,-1000,7.29,5.0,7.29,t_3928,4374
2024-08-15 09:30,002620.XSHE,-48900,2.7,13.2,132.03,t_3929,4375
2024-08-15 09:30,300478.XSHE,2100,7.27,5.0,0.0,t_3930,4376
2024-08-15 09:30,603316.XSHG,600,3.78,5.0,0.0,t_3931,4377
2024-08-15 09:30,300929.XSHE,600,7.56,5.0,0.0,t_3932,4378
2024-08-15 09:30,300665.XSHE,-600,5.4,5.0,3.24,t_3933,4379
2024-08-15 09:30,600455.XSHG,400,14.69,5.0,0.0,t_3934,4380
2024-08-15 09:30,002856.XSHE,17100,7.22,12.35,0.0,t_3935,4381
2024-08-20 09:30,002193.XSHE,100,3.46,5.0,0.0,t_3936,4382
2024-08-20 09:30,002629.XSHE,100,1.77,5.0,0.0,t_3937,4383
2024-08-20 09:30,600455.XSHG,-1600,15.28,5.0,24.45,t_3938,4387
2024-08-20 09:30,603272.XSHG,2100,8.65,5.0,0.0,t_3939,4388
2024-08-20 09:30,600768.XSHG,800,7.1,5.0,0.0,t_3940,4389
2024-08-20 09:30,002620.XSHE,200,2.59,5.0,0.0,t_3941,4390
2024-08-20 09:30,300478.XSHE,-26800,8.49,22.75,227.53,t_3942,4391
2024-08-20 09:30,603316.XSHG,500,3.72,5.0,0.0,t_3943,4392
2024-08-20 09:30,300929.XSHE,900,7.4,5.0,0.0,t_3944,4393
2024-08-20 09:30,300665.XSHE,-600,5.53,5.0,3.32,t_3945,4394
2024-08-20 09:30,002856.XSHE,17600,7.09,12.48,0.0,t_3946,4395
2024-08-20 09:30,002629.XSHE,19500,1.77,5.0,0.0,t_3947,4396
2024-08-20 09:30,600539.XSHG,4400,3.72,5.0,0.0,t_3948,4397
2024-08-20 09:30,603021.XSHG,7100,2.66,5.0,0.0,t_3949,4398
2024-08-20 09:30,002193.XSHE,2000,3.46,5.0,0.0,t_3950,4399
2024-08-20 09:30,000668.XSHE,1300,6.27,5.0,0.0,t_3951,4400
2024-08-20 09:30,600768.XSHG,1100,7.1,5.0,0.0,t_3952,4401
2024-08-20 09:30,002620.XSHE,1500,2.59,5.0,0.0,t_3953,4402
2024-08-23 09:30,002629.XSHE,500,1.64,5.0,0.0,t_3954,4403
2024-08-23 09:30,000668.XSHE,-1000,6.13,5.0,6.13,t_3955,4404
2024-08-23 09:30,600539.XSHG,-1800,3.63,5.0,6.53,t_3956,4405
2024-08-23 09:30,603021.XSHG,-3000,2.6,5.0,7.8,t_3957,4406
2024-08-23 09:30,603272.XSHG,-100,8.37,5.0,0.84,t_3958,4407
2024-08-23 09:30,600768.XSHG,300,6.83,5.0,0.0,t_3959,4408
2024-08-23 09:30,300478.XSHE,-10900,7.57,8.25,82.51,t_3960,4409
2024-08-23 09:30,603316.XSHG,29000,3.5,10.15,0.0,t_3961,4410
2024-08-23 14:00,002193.XSHE,-44900,3.58,16.07,160.74,t_3962,4419
2024-08-28 09:30,002193.XSHE,39600,3.42,13.54,0.0,t_3963,4420
2024-08-28 09:30,002629.XSHE,300,1.68,5.0,0.0,t_3964,4421
2024-08-28 09:30,000668.XSHE,1400,5.93,5.0,0.0,t_3965,4422
2024-08-28 09:30,600539.XSHG,2700,3.52,5.0,0.0,t_3966,4423
2024-08-28 09:30,603021.XSHG,-10600,2.69,5.0,28.51,t_3967,4424
2024-08-28 09:30,600455.XSHG,-9600,15.27,14.66,146.59,t_3968,4425
2024-08-28 09:30,603272.XSHG,-200,8.27,5.0,1.65,t_3969,4426
2024-08-28 09:30,600768.XSHG,800,6.67,5.0,0.0,t_3970,4427
2024-08-28 09:30,002620.XSHE,-1100,2.53,5.0,2.78,t_3971,4428
2024-08-28 09:30,300478.XSHE,3600,6.91,5.0,0.0,t_3972,4429
2024-08-28 09:30,603316.XSHG,3500,3.57,5.0,0.0,t_3973,4430
2024-08-28 09:30,300929.XSHE,2000,6.77,5.0,0.0,t_3974,4431
2024-08-28 09:30,300665.XSHE,-22300,4.95,11.04,110.39,t_3975,4432
2024-08-28 09:30,002856.XSHE,36300,6.6,23.96,0.0,t_3976,4433
2024-09-02 09:30,002193.XSHE,-5600,3.76,5.0,21.06,t_3977,4434
2024-09-02 09:30,002629.XSHE,4100,1.75,5.0,0.0,t_3978,4435
2024-09-02 09:30,000668.XSHE,2200,6.35,5.0,0.0,t_3979,4436
2024-09-02 09:30,600539.XSHG,-4300,3.81,5.0,16.38,t_3980,4437
2024-09-02 09:30,603021.XSHG,6100,2.75,5.0,0.0,t_3981,4438
2024-09-02 09:30,600455.XSHG,-7400,15.88,11.75,117.51,t_3982,4439
2024-09-02 09:30,603272.XSHG,300,8.67,5.0,0.0,t_3983,4440
2024-09-02 09:30,600768.XSHG,-500,7.08,5.0,3.54,t_3984,4441
2024-09-02 09:30,002620.XSHE,-46400,2.65,12.3,122.96,t_3985,4442
2024-09-02 09:30,300478.XSHE,400,7.24,5.0,0.0,t_3986,4443
2024-09-02 09:30,603316.XSHG,600,3.73,5.0,0.0,t_3987,4444
2024-09-02 09:30,300929.XSHE,-200,7.18,5.0,1.44,t_3988,4445
2024-09-02 09:30,002856.XSHE,19700,6.81,13.42,0.0,t_3989,4446
2024-09-02 09:30,603021.XSHG,500,2.75,5.0,0.0,t_3990,4447
2024-09-02 09:30,000668.XSHE,16000,6.35,10.16,0.0,t_3991,4448
2024-09-05 09:30,002193.XSHE,-36300,3.8,13.79,137.94,t_3992,4449
2024-09-05 09:30,002629.XSHE,-4800,1.73,5.0,8.3,t_3993,4450
2024-09-05 09:30,000668.XSHE,3800,5.96,5.0,0.0,t_3994,4451
2024-09-05 09:30,600539.XSHG,-1100,3.74,5.0,4.11,t_3995,4452
2024-09-05 09:30,603021.XSHG,100,2.68,5.0,0.0,t_3996,4453
2024-09-05 09:30,600455.XSHG,-8300,15.99,13.27,132.72,t_3997,4454
2024-09-05 09:30,603272.XSHG,100,8.44,5.0,0.0,t_3998,4455
2024-09-05 09:30,600768.XSHG,-800,6.97,5.0,5.58,t_3999,4456
2024-09-05 09:30,300478.XSHE,700,6.96,5.0,0.0,t_4000,4457
2024-09-05 09:30,603316.XSHG,300,3.62,5.0,0.0,t_4001,4458
2024-09-05 09:30,300929.XSHE,17700,6.94,12.28,0.0,t_4002,4459
2024-09-05 09:30,002856.XSHE,2400,6.47,5.0,0.0,t_4003,4460
2024-09-05 09:30,300665.XSHE,24600,4.88,12.0,0.0,t_4004,4461
2024-09-10 09:30,002193.XSHE,-32200,3.9,12.56,125.58,t_4005,4462
2024-09-10 09:30,002629.XSHE,-1200,1.77,5.0,2.12,t_4006,4463
2024-09-10 09:30,000668.XSHE,-2400,6.23,5.0,14.95,t_4007,4464
2024-09-10 09:30,600539.XSHG,-1100,3.84,5.0,4.22,t_4008,4465
2024-09-10 09:30,603021.XSHG,200,2.73,5.0,0.0,t_4009,4466
2024-09-10 09:30,600455.XSHG,-7200,15.64,11.26,112.61,t_4010,4467
2024-09-10 09:30,603272.XSHG,400,8.56,5.0,0.0,t_4011,4468
2024-09-10 09:30,600768.XSHG,-17300,7.11,12.3,123.0,t_4012,4469
2024-09-10 09:30,300478.XSHE,17300,7.1,12.28,0.0,t_4013,4470
2024-09-10 09:30,603316.XSHG,-33100,3.68,12.18,121.81,t_4014,4471
2024-09-10 09:30,300929.XSHE,17800,7.04,12.53,0.0,t_4015,4472
2024-09-10 09:30,002856.XSHE,1500,6.49,5.0,0.0,t_4016,4473
2024-09-10 09:30,300665.XSHE,-300,5.07,5.0,1.52,t_4017,4474
2024-09-10 09:30,002620.XSHE,48300,2.54,12.27,0.0,t_4018,4475
2024-09-10 09:30,603813.XSHG,13400,9.02,12.09,0.0,t_4019,4476
2024-09-12 14:00,000668.XSHE,-4100,6.65,5.0,27.27,t_4020,4477
2024-09-13 09:30,002193.XSHE,1700,3.86,5.0,0.0,t_4021,4478
2024-09-13 09:30,002629.XSHE,-7100,1.84,5.0,13.06,t_4022,4479
2024-09-13 09:30,000668.XSHE,-17600,6.51,11.46,114.58,t_4023,4480
2024-09-13 09:30,600539.XSHG,2800,3.84,5.0,0.0,t_4024,4481
2024-09-13 09:30,603021.XSHG,-700,2.79,5.0,1.95,t_4025,4482
2024-09-13 09:30,600455.XSHG,-7900,16.2,12.8,127.98,t_4026,4483
2024-09-13 09:30,603272.XSHG,600,8.64,5.0,0.0,t_4027,4484
2024-09-13 09:30,600768.XSHG,-18300,7.38,13.51,135.05,t_4028,4485
2024-09-13 09:30,300478.XSHE,18600,7.12,13.24,0.0,t_4029,4486
2024-09-13 09:30,603316.XSHG,-33400,3.74,12.49,124.92,t_4030,4487
2024-09-13 09:30,300929.XSHE,1100,7.08,5.0,0.0,t_4031,4488
2024-09-13 09:30,002856.XSHE,-200,6.63,5.0,1.33,t_4032,4489
2024-09-13 09:30,300665.XSHE,25100,5.06,12.7,0.0,t_4033,4490
2024-09-13 09:30,002620.XSHE,50100,2.54,12.73,0.0,t_4034,4491
2024-09-13 09:30,603813.XSHG,14300,8.97,12.83,0.0,t_4035,4492
2024-09-20 09:30,002193.XSHE,-32100,3.89,12.49,124.87,t_4036,4494
2024-09-20 09:30,002629.XSHE,7900,1.82,5.0,0.0,t_4037,4495
2024-09-20 09:30,000668.XSHE,-18800,6.54,12.3,122.95,t_4038,4496
2024-09-20 09:30,600539.XSHG,-2100,3.94,5.0,8.27,t_4039,4497
2024-09-20 09:30,603021.XSHG,6800,2.74,5.0,0.0,t_4040,4498
2024-09-20 09:30,603272.XSHG,500,8.69,5.0,0.0,t_4041,4499
2024-09-20 09:30,600768.XSHG,-17300,7.54,13.04,130.44,t_4042,4500
2024-09-20 09:30,300929.XSHE,2400,6.98,5.0,0.0,t_4043,4501
2024-09-20 09:30,300665.XSHE,25300,5.08,12.85,0.0,t_4044,4502
2024-09-20 09:30,002620.XSHE,48800,2.58,12.59,0.0,t_4045,4503
2024-09-20 09:30,603813.XSHG,8700,8.9,7.74,0.0,t_4046,4504
2024-09-20 09:30,600193.XSHG,200,2.17,5.0,0.0,t_4047,4506
2024-09-20 14:00,002856.XSHE,-24600,7.15,17.59,175.89,t_4048,4507
2024-09-25 09:30,002193.XSHE,-32600,4.15,13.53,135.29,t_4049,4508
2024-09-25 09:30,002629.XSHE,-1100,1.89,5.0,2.08,t_4050,4509
2024-09-25 09:30,000668.XSHE,1000,6.64,5.0,0.0,t_4051,4510
2024-09-25 09:30,600539.XSHG,-1300,4.11,5.0,5.34,t_4052,4511
2024-09-25 09:30,603021.XSHG,-5800,2.91,5.0,16.88,t_4053,4512
2024-09-25 09:30,603272.XSHG,800,8.9,5.0,0.0,t_4054,4513
2024-09-25 09:30,600768.XSHG,-16400,7.65,12.55,125.46,t_4055,4514
2024-09-25 09:30,300478.XSHE,1200,7.36,5.0,0.0,t_4056,4515
2024-09-25 09:30,300929.XSHE,-400,7.26,5.0,2.9,t_4057,4516
2024-09-25 09:30,300665.XSHE,26600,5.17,13.75,0.0,t_4058,4517
2024-09-25 09:30,002620.XSHE,-2600,2.72,5.0,7.07,t_4059,4518
2024-09-25 09:30,603813.XSHG,19100,9.43,18.01,0.0,t_4060,4519
2024-09-25 09:30,600193.XSHG,49100,2.65,13.01,0.0,t_4061,4520
2024-09-30 09:30,002629.XSHE,-6800,2.16,5.0,14.69,t_4062,4523
2024-09-30 09:30,000668.XSHE,-3000,7.86,5.0,23.58,t_4063,4524
2024-09-30 09:30,600539.XSHG,3700,4.5,5.0,0.0,t_4064,4525
2024-09-30 09:30,603021.XSHG,-5400,3.34,5.0,18.04,t_4065,4526
2024-09-30 09:30,603272.XSHG,2300,9.66,5.0,0.0,t_4066,4527
2024-09-30 09:30,600768.XSHG,500,8.25,5.0,0.0,t_4067,4528
2024-09-30 09:30,300929.XSHE,500,8.08,5.0,0.0,t_4068,4529
2024-09-30 09:30,002856.XSHE,-17900,8.5,15.21,152.15,t_4069,4530
2024-09-30 09:30,300665.XSHE,1100,5.73,5.0,0.0,t_4070,4531
2024-09-30 09:30,002620.XSHE,-2500,3.1,5.0,7.75,t_4071,4532
2024-09-30 09:30,603813.XSHG,14400,10.5,15.12,0.0,t_4072,4533
2024-09-30 09:30,600193.XSHG,3500,2.78,5.0,0.0,t_4073,4534
2024-10-08 14:00,002629.XSHE,700,2.33,5.0,0.0,t_4074,4535
2024-10-10 09:30,002629.XSHE,-1300,2.17,5.0,2.82,t_4075,4536
2024-10-10 09:30,000668.XSHE,300,7.49,5.0,0.0,t_4076,4537
2024-10-10 09:30,600539.XSHG,100,4.45,5.0,0.0,t_4077,4538
2024-10-10 09:30,300478.XSHE,-2400,8.51,5.0,20.42,t_4078,4541
2024-10-10 09:30,300929.XSHE,-600,8.17,5.0,4.9,t_4079,4542
2024-10-10 09:30,002856.XSHE,-20500,9.38,19.23,192.29,t_4080,4543
2024-10-10 09:30,300665.XSHE,-4400,6.01,5.0,26.44,t_4081,4544
2024-10-10 09:30,002620.XSHE,5100,3.0,5.0,0.0,t_4082,4545
2024-10-10 09:30,603813.XSHG,1000,10.38,5.0,0.0,t_4083,4546
2024-10-10 09:30,600193.XSHG,4400,2.57,5.0,0.0,t_4084,4547
2024-10-10 09:30,600539.XSHG,2200,4.45,5.0,0.0,t_4085,4548
2024-10-10 09:30,603021.XSHG,10200,3.2,5.0,0.0,t_4086,4549
2024-10-10 09:30,000668.XSHE,2500,7.49,5.0,0.0,t_4087,4550
2024-10-10 09:30,600768.XSHG,17500,8.31,14.54,0.0,t_4088,4551
2024-10-11 14:00,000668.XSHE,-800,7.56,5.0,6.05,t_4089,4552
2024-10-15 09:30,000668.XSHE,800,7.45,5.0,0.0,t_4090,4553
2024-10-15 09:30,600539.XSHG,100,4.48,5.0,0.0,t_4091,4554
2024-10-15 09:30,002856.XSHE,-16100,9.94,16.0,160.03,t_4092,4559
2024-10-15 09:30,300665.XSHE,-23200,6.07,14.08,140.82,t_4093,4560
2024-10-15 09:30,002620.XSHE,-700,3.1,5.0,2.17,t_4094,4561
2024-10-15 09:30,603813.XSHG,800,10.55,5.0,0.0,t_4095,4562
2024-10-15 09:30,603272.XSHG,800,9.86,5.0,0.0,t_4096,4563
2024-10-15 09:30,600539.XSHG,3300,4.48,5.0,0.0,t_4097,4564
2024-10-15 09:30,603021.XSHG,4200,3.23,5.0,0.0,t_4098,4565
2024-10-15 09:30,300478.XSHE,1900,8.54,5.0,0.0,t_4099,4566
2024-10-15 09:30,000668.XSHE,22300,7.45,16.61,0.0,t_4100,4567
2024-10-15 09:30,600768.XSHG,8800,8.5,7.48,0.0,t_4101,4568
2024-10-15 09:30,002193.XSHE,100,4.35,5.0,0.0,t_4102,4569
2024-10-15 14:00,300929.XSHE,-22000,9.01,19.82,198.22,t_4103,4570
2024-10-15 14:00,600193.XSHG,-1900,2.78,5.0,5.28,t_4104,4571
2024-10-16 14:00,002193.XSHE,32800,4.6,15.09,0.0,t_4105,4572
2024-10-18 09:30,002629.XSHE,5900,2.15,5.0,0.0,t_4106,4573
2024-10-18 09:30,000668.XSHE,5500,7.22,5.0,0.0,t_4107,4574
2024-10-18 09:30,600539.XSHG,-4500,4.52,5.0,20.34,t_4108,4575
2024-10-18 09:30,603021.XSHG,-4300,3.23,5.0,13.89,t_4109,4576
2024-10-18 09:30,603272.XSHG,-2400,10.0,5.0,24.0,t_4110,4577
2024-10-18 09:30,600768.XSHG,6800,8.49,5.77,0.0,t_4111,4578
2024-10-18 09:30,300478.XSHE,-1000,8.49,5.0,8.49,t_4112,4579
2024-10-18 09:30,300929.XSHE,1100,8.2,5.0,0.0,t_4113,4580
2024-10-18 09:30,300665.XSHE,-26400,6.14,16.21,162.1,t_4114,4582
2024-10-18 09:30,002620.XSHE,-47500,3.0,14.25,142.5,t_4115,4583
2024-10-18 09:30,600193.XSHG,-55300,2.68,14.82,148.2,t_4116,4584
2024-10-18 09:30,300929.XSHE,3100,8.2,5.0,0.0,t_4117,4585
2024-10-18 09:30,000668.XSHE,16100,7.22,11.62,0.0,t_4118,4586
2024-10-18 09:30,600768.XSHG,1600,8.49,5.0,0.0,t_4119,4587
2024-10-18 09:30,002856.XSHE,200,9.56,5.0,0.0,t_4120,4588
2024-10-18 09:30,603955.XSHG,17800,8.31,14.79,0.0,t_4121,4589
2024-10-18 09:30,002719.XSHE,22600,6.52,14.74,0.0,t_4122,4590
2024-10-21 14:00,603021.XSHG,-27000,3.83,10.34,103.41,t_4123,4591
2024-10-23 09:30,002629.XSHE,4800,2.35,5.0,0.0,t_4124,4592
2024-10-23 09:30,000668.XSHE,5900,7.56,5.0,0.0,t_4125,4593
2024-10-23 09:30,600539.XSHG,3900,4.89,5.0,0.0,t_4126,4594
2024-10-23 09:30,603272.XSHG,2400,10.71,5.0,0.0,t_4127,4595
2024-10-23 09:30,600768.XSHG,200,8.83,5.0,0.0,t_4128,4596
2024-10-23 09:30,002856.XSHE,-15500,9.43,14.62,146.16,t_4129,4599
2024-10-23 09:30,300665.XSHE,-23500,6.62,15.56,155.57,t_4130,4600
2024-10-23 09:30,002620.XSHE,2500,3.24,5.0,0.0,t_4131,4601
2024-10-23 09:30,603813.XSHG,2700,11.05,5.0,0.0,t_4132,4602
2024-10-23 09:30,002193.XSHE,800,4.87,5.0,0.0,t_4133,4603
2024-10-23 09:30,002719.XSHE,25700,6.81,17.5,0.0,t_4134,4604
2024-10-23 09:30,300478.XSHE,700,9.32,5.0,0.0,t_4135,4605
2024-10-23 09:30,300929.XSHE,2400,8.79,5.0,0.0,t_4136,4606
2024-10-23 09:30,600768.XSHG,6500,8.83,5.74,0.0,t_4137,4607
2024-10-24 14:00,002629.XSHE,-25800,2.62,6.76,67.6,t_4138,4610
2024-10-28 09:30,002629.XSHE,16200,2.69,5.0,0.0,t_4139,4611
2024-10-28 09:30,000668.XSHE,2900,8.18,5.0,0.0,t_4140,4612
2024-10-28 09:30,600768.XSHG,-3500,9.9,5.0,34.65,t_4141,4614
2024-10-28 09:30,300478.XSHE,3700,9.5,5.0,0.0,t_4142,4615
2024-10-28 09:30,603955.XSHG,-200,10.44,5.0,2.09,t_4143,4621
2024-10-28 09:30,002719.XSHE,300,6.91,5.0,0.0,t_4144,4622
2024-10-28 14:00,600539.XSHG,-37600,5.78,21.73,217.33,t_4145,4634
2024-10-30 14:00,000668.XSHE,-6400,8.9,5.7,56.96,t_4146,4635
2024-10-31 09:30,002629.XSHE,5800,2.7,5.0,0.0,t_4147,4636
2024-10-31 09:30,000668.XSHE,3200,8.62,5.0,0.0,t_4148,4637
2024-10-31 09:30,600539.XSHG,-33500,5.78,19.36,193.63,t_4149,4638
2024-10-31 09:30,603272.XSHG,-16100,12.36,19.9,199.0,t_4150,4639
2024-10-31 09:30,600768.XSHG,-16600,9.6,15.94,159.36,t_4151,4640
2024-10-31 09:30,300478.XSHE,4000,9.74,5.0,0.0,t_4152,4641
2024-10-31 09:30,300929.XSHE,1500,9.8,5.0,0.0,t_4153,4642
2024-10-31 09:30,300665.XSHE,30000,6.8,20.4,0.0,t_4154,4643
2024-10-31 09:30,002620.XSHE,-49200,3.58,17.61,176.14,t_4155,4644
2024-10-31 09:30,603813.XSHG,6600,11.54,7.62,0.0,t_4156,4645
2024-10-31 09:30,002193.XSHE,3600,5.0,5.0,0.0,t_4157,4646
2024-10-31 09:30,603955.XSHG,1400,9.82,5.0,0.0,t_4158,4647
2024-10-31 09:30,002719.XSHE,54100,7.28,39.38,0.0,t_4159,4648
2024-10-31 09:30,603880.XSHG,46000,4.31,19.83,0.0,t_4160,4649
2024-10-31 14:00,603021.XSHG,-141500,6.19,87.59,875.88,t_4161,4653
2024-11-01 14:00,002620.XSHE,-2000,3.73,5.0,7.46,t_4162,4654
2024-11-04 14:00,002719.XSHE,-13800,8.53,11.77,117.71,t_4163,4655
2024-11-05 09:30,002629.XSHE,-14100,2.87,5.0,40.47,t_4164,4656
2024-11-05 09:30,000668.XSHE,-21800,8.81,19.21,192.06,t_4165,4657
2024-11-05 09:30,600539.XSHG,-31300,5.8,18.15,181.54,t_4166,4658
2024-11-05 09:30,603021.XSHG,-22500,4.9,11.03,110.25,t_4167,4659
2024-11-05 09:30,603272.XSHG,-15000,12.56,18.84,188.4,t_4168,4660
2024-11-05 09:30,600768.XSHG,-19000,9.55,18.14,181.45,t_4169,4661
2024-11-05 09:30,300478.XSHE,-26900,11.06,29.75,297.51,t_4170,4662
2024-11-05 09:30,300929.XSHE,24200,9.48,22.94,0.0,t_4171,4663
2024-11-05 09:30,300665.XSHE,29900,6.74,20.15,0.0,t_4172,4664
2024-11-05 09:30,002620.XSHE,-50300,3.69,18.56,185.61,t_4173,4665
2024-11-05 09:30,002193.XSHE,1800,4.87,5.0,0.0,t_4174,4666
2024-11-05 09:30,002719.XSHE,6300,8.0,5.04,0.0,t_4175,4667
2024-11-05 09:30,603880.XSHG,87200,4.29,37.41,0.0,t_4176,4668
2024-11-05 09:30,002856.XSHE,40400,9.42,38.06,0.0,t_4177,4669
2024-11-05 09:30,301273.XSHE,10300,18.34,18.89,0.0,t_4178,4670
2024-11-05 09:30,605303.XSHG,72200,7.91,57.11,0.0,t_4179,4671
2024-11-05 09:30,001211.XSHE,10700,17.69,18.93,0.0,t_4180,4672
2024-11-05 09:30,603709.XSHG,17900,10.13,18.13,0.0,t_4181,4673
2024-11-06 14:00,002629.XSHE,-24600,3.3,8.12,81.18,t_4182,4674
2024-11-06 14:00,000668.XSHE,-6800,10.18,6.92,69.22,t_4183,4675
2024-11-08 09:30,002629.XSHE,-49100,3.26,16.01,160.07,t_4184,4676
2024-11-08 09:30,000668.XSHE,-16500,9.98,16.47,164.67,t_4185,4677
2024-11-08 09:30,600539.XSHG,-34800,6.8,23.66,236.64,t_4186,4678
2024-11-08 09:30,603021.XSHG,-38900,5.14,19.99,199.95,t_4187,4679
2024-11-08 09:30,603272.XSHG,-14800,13.67,20.23,202.32,t_4188,4680
2024-11-08 09:30,600768.XSHG,20500,10.38,21.28,0.0,t_4189,4681
2024-11-08 09:30,300478.XSHE,-15400,11.8,18.17,181.72,t_4190,4682
2024-11-08 09:30,300929.XSHE,2300,10.23,5.0,0.0,t_4191,4683
2024-11-08 09:30,300665.XSHE,31100,7.26,22.58,0.0,t_4192,4684
2024-11-08 09:30,603813.XSHG,2200,12.65,5.0,0.0,t_4193,4685
2024-11-08 09:30,002193.XSHE,42300,5.17,21.87,0.0,t_4194,4686
2024-11-08 09:30,603880.XSHG,45900,4.7,21.57,0.0,t_4195,4687
2024-11-08 09:30,002856.XSHE,21000,10.28,21.59,0.0,t_4196,4688
2024-11-08 09:30,301273.XSHE,400,19.54,5.0,0.0,t_4197,4689
2024-11-08 09:30,605303.XSHG,17600,8.32,14.64,0.0,t_4198,4690
2024-11-08 14:00,002719.XSHE,-26600,9.1,24.21,242.06,t_4199,4696
2024-11-12 14:00,002629.XSHE,-21800,3.63,7.91,79.13,t_4200,4697
2024-11-13 09:30,002629.XSHE,-60900,3.66,22.29,222.89,t_4201,4698
2024-11-13 09:30,000668.XSHE,-19900,9.88,19.66,196.61,t_4202,4699
2024-11-13 09:30,600539.XSHG,-31000,7.3,22.63,226.3,t_4203,4700
2024-11-13 09:30,603272.XSHG,-15600,14.1,22.0,219.96,t_4204,4701
2024-11-13 09:30,600768.XSHG,1800,10.13,5.0,0.0,t_4205,4702
2024-11-13 09:30,300478.XSHE,5100,10.95,5.58,0.0,t_4206,4703
2024-11-13 09:30,300929.XSHE,1300,10.29,5.0,0.0,t_4207,4704
2024-11-13 09:30,300665.XSHE,29100,7.39,21.5,0.0,t_4208,4705
2024-11-13 09:30,603813.XSHG,600,12.78,5.0,0.0,t_4209,4706
2024-11-13 09:30,002193.XSHE,43600,5.14,22.41,0.0,t_4210,4707
2024-11-13 09:30,002719.XSHE,-19200,8.69,16.68,166.85,t_4211,4708
2024-11-13 09:30,603880.XSHG,49800,4.68,23.31,0.0,t_4212,4709
2024-11-13 09:30,002856.XSHE,-100,10.5,5.0,1.05,t_4213,4710
2024-11-13 09:30,301273.XSHE,-100,20.22,5.0,2.02,t_4214,4711
2024-11-13 09:30,605303.XSHG,-17500,8.9,15.58,155.75,t_4215,4712
2024-11-13 09:30,001211.XSHE,23100,19.0,43.89,0.0,t_4216,4713
2024-11-13 09:30,603709.XSHG,27900,10.89,30.38,0.0,t_4217,4714
2024-11-14 14:00,603955.XSHG,-19000,20.25,38.48,384.75,t_4218,4717
2024-11-18 09:30,002629.XSHE,-53300,3.37,17.96,179.62,t_4219,4718
2024-11-18 09:30,000668.XSHE,-21300,9.34,19.89,198.94,t_4220,4719
2024-11-18 09:30,603272.XSHG,-15200,14.8,22.5,224.96,t_4221,4720
2024-11-18 09:30,600768.XSHG,21600,9.68,20.91,0.0,t_4222,4721
2024-11-18 09:30,300478.XSHE,-300,10.6,5.0,3.18,t_4223,4722
2024-11-18 09:30,300929.XSHE,1300,9.78,5.0,0.0,t_4224,4723
2024-11-18 09:30,300665.XSHE,3300,6.95,5.0,0.0,t_4225,4724
2024-11-18 09:30,002193.XSHE,40600,4.98,20.22,0.0,t_4226,4725
2024-11-18 09:30,002719.XSHE,-24200,8.19,19.82,198.2,t_4227,4726
2024-11-18 09:30,603880.XSHG,-700,4.52,5.0,3.16,t_4228,4727
2024-11-18 09:30,002856.XSHE,-400,10.17,5.0,4.07,t_4229,4728
2024-11-18 09:30,605303.XSHG,-23400,8.45,19.77,197.73,t_4230,4729
2024-11-18 09:30,001211.XSHE,10800,18.49,19.97,0.0,t_4231,4730
2024-11-18 09:30,603709.XSHG,31800,10.63,33.8,0.0,t_4232,4731
2024-11-18 09:30,002620.XSHE,56000,3.68,20.61,0.0,t_4233,4732
2024-11-18 09:30,301336.XSHE,5900,34.17,20.16,0.0,t_4234,4733
2024-11-21 09:30,002629.XSHE,-59700,3.33,19.88,198.8,t_4235,4734
2024-11-21 09:30,000668.XSHE,1200,8.93,5.0,0.0,t_4236,4735
2024-11-21 09:30,600768.XSHG,19600,9.65,18.91,0.0,t_4237,4736
2024-11-21 09:30,300478.XSHE,-20200,10.94,22.1,220.99,t_4238,4737
2024-11-21 09:30,300929.XSHE,700,9.82,5.0,0.0,t_4239,4738
2024-11-21 09:30,300665.XSHE,2100,6.93,5.0,0.0,t_4240,4739
2024-11-21 09:30,603813.XSHG,200,12.4,5.0,0.0,t_4241,4740
2024-11-21 09:30,002193.XSHE,38900,5.05,19.64,0.0,t_4242,4741
2024-11-21 09:30,002719.XSHE,-25200,8.18,20.61,206.14,t_4243,4742
2024-11-21 09:30,603880.XSHG,1400,4.54,5.0,0.0,t_4244,4743
2024-11-21 09:30,002856.XSHE,-20200,10.25,20.71,207.05,t_4245,4744
2024-11-21 09:30,301273.XSHE,-10600,19.62,20.8,207.97,t_4246,4745
2024-11-21 09:30,605303.XSHG,-900,8.7,5.0,7.83,t_4247,4746
2024-11-21 09:30,001211.XSHE,10000,19.09,19.09,0.0,t_4248,4747
2024-11-21 09:30,603709.XSHG,-2300,11.08,5.0,25.48,t_4249,4748
2024-11-21 09:30,600768.XSHG,2900,9.65,5.0,0.0,t_4250,4749
2024-11-21 09:30,002193.XSHE,1900,5.05,5.0,0.0,t_4251,4750
2024-11-21 09:30,600455.XSHG,9400,22.11,20.78,0.0,t_4252,4751
2024-11-21 09:30,300854.XSHE,15200,13.67,20.78,0.0,t_4253,4752
2024-11-26 09:30,002629.XSHE,-62700,3.24,20.31,203.15,t_4254,4753
2024-11-26 09:30,000668.XSHE,23400,8.8,20.59,0.0,t_4255,4754
2024-11-26 09:30,300665.XSHE,-400,6.95,5.0,2.78,t_4256,4758
2024-11-26 09:30,603813.XSHG,-300,12.46,5.0,3.74,t_4257,4759
2024-11-26 09:30,002193.XSHE,-2800,5.12,5.0,14.34,t_4258,4760
2024-11-26 09:30,603880.XSHG,-3500,4.61,5.0,16.14,t_4259,4761
2024-11-26 09:30,002856.XSHE,-20500,10.32,21.16,211.56,t_4260,4762
2024-11-26 09:30,605303.XSHG,-23500,8.51,20.0,199.99,t_4261,4763
2024-11-26 09:30,001211.XSHE,100,19.04,5.0,0.0,t_4262,4764
2024-11-26 09:30,603709.XSHG,-18600,11.03,20.52,205.16,t_4263,4765
2024-11-26 09:30,002620.XSHE,-800,3.78,5.0,3.02,t_4264,4766
2024-11-26 09:30,600455.XSHG,-400,23.19,5.0,9.28,t_4265,4767
2024-11-26 09:30,300854.XSHE,15200,13.69,20.81,0.0,t_4266,4768
2024-11-26 09:30,600768.XSHG,22000,9.61,21.14,0.0,t_4267,4769
2024-11-26 09:30,300929.XSHE,2000,9.64,5.0,0.0,t_4268,4770
2024-11-26 09:30,000668.XSHE,600,8.8,5.0,0.0,t_4269,4771
2024-11-26 09:30,300478.XSHE,20500,10.65,21.83,0.0,t_4270,4772
2024-11-29 09:30,000668.XSHE,100,9.02,5.0,0.0,t_4271,4773
2024-11-29 09:30,002193.XSHE,-42800,5.3,22.68,226.84,t_4272,4778
2024-11-29 09:30,603880.XSHG,-900,4.73,5.0,4.26,t_4273,4779
2024-11-29 09:30,002856.XSHE,700,10.16,5.0,0.0,t_4274,4780
2024-11-29 09:30,605303.XSHG,-24500,8.76,21.46,214.62,t_4275,4781
2024-11-29 09:30,001211.XSHE,-13100,20.5,26.86,268.55,t_4276,4782
2024-11-29 09:30,603709.XSHG,-18900,11.28,21.32,213.19,t_4277,4783
2024-11-29 09:30,002620.XSHE,500,3.82,5.0,0.0,t_4278,4784
2024-11-29 09:30,301336.XSHE,100,35.26,5.0,0.0,t_4279,4785
2024-11-29 09:30,600455.XSHG,100,23.18,5.0,0.0,t_4280,4786
2024-11-29 09:30,300854.XSHE,16200,13.68,22.16,0.0,t_4281,4787
2024-11-29 09:30,600768.XSHG,1900,9.65,5.0,0.0,t_4282,4788
2024-11-29 09:30,300929.XSHE,1100,9.75,5.0,0.0,t_4283,4789
2024-11-29 09:30,000668.XSHE,23400,9.02,21.11,0.0,t_4284,4790
2024-11-29 09:30,300665.XSHE,1200,7.04,5.0,0.0,t_4285,4791
2024-11-29 09:30,300478.XSHE,21200,10.65,22.58,0.0,t_4286,4792
2024-11-29 09:30,002629.XSHE,67600,3.15,21.29,0.0,t_4287,4793
2024-12-04 09:30,000668.XSHE,300,9.24,5.0,0.0,t_4288,4794
2024-12-04 09:30,001211.XSHE,-8500,20.53,17.45,174.5,t_4289,4802
2024-12-04 09:30,603709.XSHG,-18200,11.57,21.06,210.57,t_4290,4803
2024-12-04 09:30,002620.XSHE,800,4.0,5.0,0.0,t_4291,4804
2024-12-04 09:30,301336.XSHE,-6000,35.93,21.56,215.58,t_4292,4805
2024-12-04 09:30,600455.XSHG,200,24.19,5.0,0.0,t_4293,4806
2024-12-04 09:30,300854.XSHE,17500,14.11,24.69,0.0,t_4294,4807
2024-12-04 09:30,002629.XSHE,-2200,3.46,5.0,7.61,t_4295,4808
2024-12-04 09:30,600768.XSHG,1100,10.15,5.0,0.0,t_4296,4809
2024-12-04 09:30,300929.XSHE,3500,10.03,5.0,0.0,t_4297,4810
2024-12-04 09:30,603813.XSHG,8800,12.22,10.75,0.0,t_4298,4811
2024-12-04 09:30,603880.XSHG,4600,4.92,5.0,0.0,t_4299,4812
2024-12-04 09:30,000668.XSHE,19100,9.24,17.65,0.0,t_4300,4813
2024-12-05 14:00,002193.XSHE,-65200,7.09,46.23,462.27,t_4301,4818
2024-12-05 14:00,002629.XSHE,-8000,3.94,5.0,31.52,t_4302,4819
2024-12-09 09:30,000668.XSHE,35700,9.24,32.99,0.0,t_4303,4820
2024-12-09 09:30,600768.XSHG,2700,10.19,5.0,0.0,t_4304,4821
2024-12-09 09:30,300478.XSHE,3700,11.12,5.0,0.0,t_4305,4822
2024-12-09 09:30,300929.XSHE,1300,10.2,5.0,0.0,t_4306,4823
2024-12-09 09:30,300665.XSHE,3500,7.52,5.0,0.0,t_4307,4824
2024-12-09 09:30,603813.XSHG,-5800,13.43,7.79,77.89,t_4308,4825
2024-12-09 09:30,603880.XSHG,-2500,5.12,5.0,12.8,t_4309,4826
2024-12-09 09:30,002856.XSHE,13200,11.0,14.52,0.0,t_4310,4827
2024-12-09 09:30,001211.XSHE,-10200,20.33,20.74,207.37,t_4311,4828
2024-12-09 09:30,603709.XSHG,-19600,11.74,23.01,230.1,t_4312,4829
2024-12-09 09:30,002620.XSHE,-56500,4.13,23.33,233.34,t_4313,4830
2024-12-09 09:30,600455.XSHG,200,24.25,5.0,0.0,t_4314,4831
2024-12-09 09:30,300854.XSHE,18500,14.07,26.03,0.0,t_4315,4832
2024-12-09 09:30,002629.XSHE,2200,3.9,5.0,0.0,t_4316,4833
2024-12-09 09:30,301273.XSHE,19800,19.96,39.52,0.0,t_4317,4834
2024-12-09 09:30,002856.XSHE,100,11.0,5.0,0.0,t_4318,4836
2024-12-10 14:00,002193.XSHE,-45400,9.33,42.36,423.58,t_4319,4837
2024-12-10 14:00,002629.XSHE,-6900,4.44,5.0,30.64,t_4320,4838
2024-12-12 09:30,000668.XSHE,-2300,9.59,5.0,22.06,t_4321,4839
2024-12-12 09:30,600768.XSHG,1900,10.21,5.0,0.0,t_4322,4840
2024-12-12 09:30,300478.XSHE,22200,11.19,24.84,0.0,t_4323,4841
2024-12-12 09:30,300929.XSHE,1400,10.26,5.0,0.0,t_4324,4842
2024-12-12 09:30,300665.XSHE,1300,7.59,5.0,0.0,t_4325,4843
2024-12-12 09:30,603813.XSHG,1500,13.43,5.0,0.0,t_4326,4844
2024-12-12 09:30,002193.XSHE,-20500,8.0,16.4,164.0,t_4327,4845
2024-12-12 09:30,603880.XSHG,-54300,5.48,29.76,297.56,t_4328,4846
2024-12-12 09:30,002856.XSHE,8600,11.07,9.52,0.0,t_4329,4847
2024-12-12 09:30,001211.XSHE,400,20.32,5.0,0.0,t_4330,4848
2024-12-12 09:30,600455.XSHG,-9500,24.49,23.27,232.65,t_4331,4849
2024-12-12 09:30,300854.XSHE,-200,14.38,5.0,2.88,t_4332,4850
2024-12-12 09:30,301273.XSHE,14400,20.73,29.85,0.0,t_4333,4851
2024-12-12 09:30,301336.XSHE,12100,37.58,45.47,0.0,t_4334,4852
2024-12-12 14:00,002629.XSHE,-200,4.68,5.0,0.94,t_4335,4853
2024-12-13 14:00,603813.XSHG,-2800,14.35,5.0,40.18,t_4336,4854
2024-12-17 09:30,000668.XSHE,3100,9.5,5.0,0.0,t_4337,4855
2024-12-17 09:30,600768.XSHG,-100,10.4,5.0,1.04,t_4338,4856
2024-12-17 09:30,300478.XSHE,1400,11.06,5.0,0.0,t_4339,4857
2024-12-17 09:30,300665.XSHE,100,7.58,5.0,0.0,t_4340,4859
2024-12-17 09:30,603813.XSHG,-2200,14.49,5.0,31.88,t_4341,4860
2024-12-17 09:30,002193.XSHE,-29700,7.81,23.2,231.96,t_4342,4861
2024-12-17 09:30,603880.XSHG,-42500,5.54,23.55,235.45,t_4343,4862
2024-12-17 09:30,002856.XSHE,-700,11.45,5.0,8.01,t_4344,4863
2024-12-17 09:30,001211.XSHE,-600,21.24,5.0,12.74,t_4345,4864
2024-12-17 09:30,300854.XSHE,-2100,15.0,5.0,31.5,t_4346,4865
2024-12-17 09:30,002629.XSHE,1100,4.49,5.0,0.0,t_4347,4866
2024-12-17 09:30,301273.XSHE,12400,20.65,25.61,0.0,t_4348,4867
2024-12-17 09:30,300929.XSHE,1400,10.31,5.0,0.0,t_4349,4868
2024-12-17 09:30,300478.XSHE,1600,11.06,5.0,0.0,t_4350,4869
2024-12-17 09:30,300665.XSHE,2700,7.58,5.0,0.0,t_4351,4870
2024-12-17 09:30,605081.XSHG,17800,13.29,23.66,0.0,t_4352,4871
2024-12-19 14:00,600768.XSHG,-6400,10.16,6.5,65.02,t_4353,4872
2024-12-20 09:30,000668.XSHE,4700,8.51,5.0,0.0,t_4354,4873
2024-12-20 09:30,600768.XSHG,200,10.2,5.0,0.0,t_4355,4874
2024-12-20 09:30,300478.XSHE,2300,10.05,5.0,0.0,t_4356,4875
2024-12-20 09:30,300929.XSHE,-600,9.63,5.0,5.78,t_4357,4876
2024-12-20 09:30,300665.XSHE,900,6.85,5.0,0.0,t_4358,4877
2024-12-20 09:30,603813.XSHG,-16600,13.46,22.34,223.44,t_4359,4878
2024-12-20 09:30,603880.XSHG,-39700,4.93,19.57,195.72,t_4360,4879
2024-12-20 09:30,002856.XSHE,-22600,11.51,26.01,260.13,t_4361,4880
2024-12-20 09:30,001211.XSHE,-300,20.0,5.0,6.0,t_4362,4881
2024-12-20 09:30,300854.XSHE,1100,13.74,5.0,0.0,t_4363,4882
2024-12-20 09:30,002629.XSHE,-53600,4.11,22.03,220.3,t_4364,4883
2024-12-20 09:30,301273.XSHE,13700,18.55,25.41,0.0,t_4365,4884
2024-12-20 09:30,301336.XSHE,-1600,43.0,6.88,68.8,t_4366,4885
2024-12-20 09:30,605081.XSHG,19600,11.96,23.44,0.0,t_4367,4886
2024-12-20 09:30,300478.XSHE,200,10.05,5.0,0.0,t_4368,4887
2024-12-20 09:30,300665.XSHE,3600,6.85,5.0,0.0,t_4369,4888
2024-12-20 09:30,000691.XSHE,51900,4.31,22.37,0.0,t_4370,4889
2024-12-20 09:30,605303.XSHG,24900,8.79,21.89,0.0,t_4371,4890
2024-12-24 14:00,002856.XSHE,-2400,12.01,5.0,28.82,t_4372,4891
2024-12-25 09:30,000668.XSHE,4000,7.13,5.0,0.0,t_4373,4892
2024-12-25 09:30,300478.XSHE,-500,9.31,5.0,4.66,t_4374,4894
2024-12-25 09:30,300929.XSHE,600,8.68,5.0,0.0,t_4375,4895
2024-12-25 09:30,300665.XSHE,-5300,6.53,5.0,34.61,t_4376,4896
2024-12-25 09:30,603813.XSHG,2000,12.02,5.0,0.0,t_4377,4897
2024-12-25 09:30,603880.XSHG,-44000,4.41,19.4,194.04,t_4378,4898
2024-12-25 09:30,002856.XSHE,-17100,12.57,21.49,214.95,t_4379,4899
2024-12-25 09:30,001211.XSHE,-3400,21.76,7.4,73.98,t_4380,4900
2024-12-25 09:30,300854.XSHE,-16400,12.7,20.83,208.28,t_4381,4901
2024-12-25 09:30,301273.XSHE,-700,17.33,5.0,12.13,t_4382,4902
2024-12-25 09:30,301336.XSHE,-1600,46.5,7.44,74.4,t_4383,4903
2024-12-25 09:30,605081.XSHG,20300,10.72,21.76,0.0,t_4384,4904
2024-12-25 09:30,000691.XSHE,56600,3.8,21.51,0.0,t_4385,4905
2024-12-25 09:30,605303.XSHG,28100,7.77,21.83,0.0,t_4386,4906
2024-12-25 09:30,300929.XSHE,2000,8.68,5.0,0.0,t_4387,4907
2024-12-25 09:30,600768.XSHG,6400,8.88,5.68,0.0,t_4388,4908
2024-12-25 09:30,000668.XSHE,8700,7.13,6.2,0.0,t_4389,4909
2024-12-27 14:00,301336.XSHE,-1700,59.09,10.05,100.45,t_4390,4910
2024-12-30 09:30,000668.XSHE,5400,6.98,5.0,0.0,t_4391,4911
2024-12-30 09:30,600768.XSHG,-100,9.0,5.0,0.9,t_4392,4912
2024-12-30 09:30,300478.XSHE,400,9.38,5.0,0.0,t_4393,4913
2024-12-30 09:30,300929.XSHE,3700,8.52,5.0,0.0,t_4394,4914
2024-12-30 09:30,300665.XSHE,-2400,6.71,5.0,16.1,t_4395,4915
2024-12-30 09:30,603813.XSHG,100,12.15,5.0,0.0,t_4396,4916
2024-12-30 09:30,603880.XSHG,-46800,4.55,21.29,212.94,t_4397,4917
2024-12-30 09:30,001211.XSHE,800,21.06,5.0,0.0,t_4398,4918
2024-12-30 09:30,300854.XSHE,-15900,12.78,20.32,203.2,t_4399,4919
2024-12-30 09:30,301273.XSHE,-13000,17.94,23.32,233.22,t_4400,4920
2024-12-30 09:30,301336.XSHE,-3300,54.65,18.03,180.34,t_4401,4921
2024-12-30 09:30,605081.XSHG,18300,10.98,20.09,0.0,t_4402,4922
2024-12-30 09:30,000691.XSHE,64900,3.61,23.43,0.0,t_4403,4923
2024-12-30 09:30,605303.XSHG,27800,7.75,21.55,0.0,t_4404,4924
2024-12-30 09:30,002856.XSHE,21600,9.44,20.39,0.0,t_4405,4925
2025-01-02 09:30,000668.XSHE,-149500,6.47,96.73,967.26,t_4406,4926
2025-01-02 09:30,600768.XSHG,-116000,8.5,98.6,986.0,t_4407,4927
2025-01-02 09:30,300478.XSHE,-111200,8.98,99.86,998.58,t_4408,4928
2025-01-02 09:30,300929.XSHE,-122500,8.27,101.31,1013.08,t_4409,4929
2025-01-02 09:30,300665.XSHE,-155600,6.25,97.25,972.5,t_4410,4930
2025-01-02 09:30,603813.XSHG,-68700,11.56,79.42,794.17,t_4411,4931
2025-01-02 09:30,001211.XSHE,-19800,19.25,38.12,381.15,t_4412,4932
2025-01-02 09:30,300854.XSHE,-49100,12.2,59.9,599.02,t_4413,4933
2025-01-02 09:30,301273.XSHE,-46600,18.29,85.23,852.31,t_4414,4934
2025-01-02 09:30,301336.XSHE,-3900,52.97,20.66,206.58,t_4415,4935
2025-01-02 09:30,605081.XSHG,-76000,10.46,79.5,794.96,t_4416,4936
2025-01-02 09:30,000691.XSHE,-173400,3.43,59.48,594.76,t_4417,4937
2025-01-02 09:30,605303.XSHG,-80800,7.58,61.25,612.46,t_4418,4938
2025-01-02 09:30,002856.XSHE,-21600,9.35,20.2,201.96,t_4419,4939
2025-01-02 09:30,511880.XSHG,99500,100.081,0.0,0.0,t_4420,4940
2025-02-05 09:30,511880.XSHG,-99500,100.182,0.0,0.0,t_4421,4941
2025-02-06 09:30,000668.XSHE,33000,6.04,19.93,0.0,t_4422,4942
2025-02-06 09:30,000691.XSHE,66000,3.02,19.93,0.0,t_4423,4943
2025-02-06 09:30,603813.XSHG,21100,9.42,19.88,0.0,t_4424,4944
2025-02-06 09:30,002848.XSHE,32400,6.14,19.89,0.0,t_4425,4945
2025-02-06 09:30,605081.XSHG,22300,8.93,19.91,0.0,t_4426,4946
2025-02-06 09:30,600421.XSHG,33300,5.98,19.91,0.0,t_4427,4947
2025-02-06 09:30,000929.XSHE,32100,6.2,19.9,0.0,t_4428,4948
2025-02-06 09:30,300929.XSHE,22400,8.88,19.89,0.0,t_4429,4949
2025-02-06 09:30,002620.XSHE,63900,3.12,19.94,0.0,t_4430,4950
2025-02-06 09:30,300478.XSHE,20700,9.61,19.89,0.0,t_4431,4951
2025-02-11 09:30,000668.XSHE,30400,6.39,19.43,0.0,t_4432,4952
2025-02-11 09:30,000691.XSHE,60200,3.21,19.32,0.0,t_4433,4953
2025-02-11 09:30,603813.XSHG,18000,10.34,18.61,0.0,t_4434,4954
2025-02-11 09:30,002848.XSHE,26100,6.92,18.06,0.0,t_4435,4955
2025-02-11 09:30,605081.XSHG,19200,9.75,18.72,0.0,t_4436,4956
2025-02-11 09:30,600421.XSHG,-2900,6.67,5.0,19.34,t_4437,4957
2025-02-11 09:30,000929.XSHE,28800,6.65,19.15,0.0,t_4438,4958
2025-02-11 09:30,300929.XSHE,21600,9.2,19.87,0.0,t_4439,4959
2025-02-11 09:30,002620.XSHE,55600,3.39,18.85,0.0,t_4440,4960
2025-02-11 09:30,300478.XSHE,-300,9.94,5.0,2.98,t_4441,4961
2025-02-11 09:30,002856.XSHE,21400,9.45,20.22,0.0,t_4442,4962
2025-02-11 09:30,600768.XSHG,21300,9.48,20.19,0.0,t_4443,4963
2025-02-12 14:00,300478.XSHE,-2800,11.48,5.0,32.14,t_4444,4964
2025-02-14 09:30,000668.XSHE,37600,5.93,22.3,0.0,t_4445,4965
2025-02-14 09:30,000691.XSHE,69000,3.07,21.18,0.0,t_4446,4966
2025-02-14 09:30,603813.XSHG,21100,9.95,20.99,0.0,t_4447,4967
2025-02-14 09:30,002848.XSHE,34100,6.47,22.06,0.0,t_4448,4968
2025-02-14 09:30,605081.XSHG,20800,9.61,19.99,0.0,t_4449,4969
2025-02-14 09:30,600421.XSHG,32700,6.33,20.7,0.0,t_4450,4970
2025-02-14 09:30,000929.XSHE,31100,6.51,20.25,0.0,t_4451,4971
2025-02-14 09:30,300929.XSHE,23200,8.92,20.69,0.0,t_4452,4972
2025-02-14 09:30,002620.XSHE,2300,3.28,5.0,0.0,t_4453,4973
2025-02-14 09:30,300478.XSHE,1200,10.6,5.0,0.0,t_4454,4974
2025-02-14 09:30,002856.XSHE,23300,8.93,20.81,0.0,t_4455,4975
2025-02-14 09:30,600768.XSHG,21900,9.25,20.26,0.0,t_4456,4976
2025-02-18 14:00,603813.XSHG,-2300,10.79,5.0,24.82,t_4457,4977
2025-02-18 14:00,002848.XSHE,-7600,7.35,5.59,55.86,t_4458,4978
2025-02-18 14:00,600421.XSHG,-12900,8.3,10.71,107.07,t_4459,4979
2025-02-18 14:00,300478.XSHE,-5500,15.74,8.66,86.57,t_4460,4980
2025-02-19 09:30,000668.XSHE,41100,5.8,23.84,0.0,t_4461,4981
2025-02-19 09:30,000691.XSHE,60900,3.22,19.61,0.0,t_4462,4982
2025-02-19 09:30,603813.XSHG,20400,10.53,21.48,0.0,t_4463,4983
2025-02-19 09:30,002848.XSHE,29300,7.21,21.13,0.0,t_4464,4984
2025-02-19 09:30,605081.XSHG,22700,9.7,22.02,0.0,t_4465,4985
2025-02-19 09:30,000929.XSHE,33500,6.57,22.01,0.0,t_4466,4986
2025-02-19 09:30,300929.XSHE,25100,8.93,22.41,0.0,t_4467,4987
2025-02-19 09:30,002620.XSHE,100,3.38,5.0,0.0,t_4468,4988
2025-02-19 09:30,300478.XSHE,600,14.83,5.0,0.0,t_4469,4989
2025-02-19 09:30,002856.XSHE,23600,9.05,21.36,0.0,t_4470,4990
2025-02-19 09:30,600768.XSHG,24100,9.19,22.15,0.0,t_4471,4991
2025-02-19 09:30,603316.XSHG,42000,4.9,20.58,0.0,t_4472,4992
2025-02-19 14:00,600421.XSHG,-3600,9.08,5.0,32.69,t_4473,4993
2025-02-20 14:00,603813.XSHG,-7200,11.86,8.54,85.39,t_4474,4994
2025-02-20 14:00,603316.XSHG,-2300,5.32,5.0,12.24,t_4475,4995
2025-02-24 09:30,000668.XSHE,39200,5.77,22.62,0.0,t_4476,4996
2025-02-24 09:30,000691.XSHE,80400,3.11,25.0,0.0,t_4477,4997
2025-02-24 09:30,603813.XSHG,15200,12.12,18.42,0.0,t_4478,4998
2025-02-24 09:30,002848.XSHE,40500,6.76,27.38,0.0,t_4479,4999
2025-02-24 09:30,605081.XSHG,18200,10.14,18.45,0.0,t_4480,5000
2025-02-24 09:30,600421.XSHG,9300,7.48,6.96,0.0,t_4481,5001
2025-02-24 09:30,000929.XSHE,33000,6.6,21.78,0.0,t_4482,5002
2025-02-24 09:30,300929.XSHE,23300,9.05,21.09,0.0,t_4483,5003
2025-02-24 09:30,002620.XSHE,-1500,3.48,5.0,5.22,t_4484,5004
2025-02-24 09:30,300478.XSHE,-500,15.66,5.0,7.83,t_4485,5005
2025-02-24 09:30,002856.XSHE,24700,9.0,22.23,0.0,t_4486,5006
2025-02-24 09:30,600768.XSHG,20100,9.57,19.24,0.0,t_4487,5007
2025-02-24 09:30,603316.XSHG,-400,5.33,5.0,2.13,t_4488,5008
2025-02-24 09:30,600753.XSHG,39200,5.33,20.89,0.0,t_4489,5009
2025-02-27 09:30,000668.XSHE,-1200,5.97,5.0,7.16,t_4490,5010
2025-02-27 09:30,000691.XSHE,1500,3.18,5.0,0.0,t_4491,5011
2025-02-27 09:30,603813.XSHG,-20300,13.04,26.47,264.71,t_4492,5012
2025-02-27 09:30,002848.XSHE,500,6.92,5.0,0.0,t_4493,5013
2025-02-27 09:30,605081.XSHG,3400,10.08,5.0,0.0,t_4494,5014
2025-02-27 09:30,600421.XSHG,-26000,7.21,18.75,187.46,t_4495,5015
2025-02-27 09:30,000929.XSHE,-1800,6.86,5.0,12.35,t_4496,5016
2025-02-27 09:30,300929.XSHE,1400,9.18,5.0,0.0,t_4497,5017
2025-02-27 09:30,002620.XSHE,-62400,3.71,23.15,231.5,t_4498,5018
2025-02-27 09:30,300478.XSHE,-13400,14.32,19.19,191.89,t_4499,5019
2025-02-27 09:30,002856.XSHE,26500,8.99,23.82,0.0,t_4500,5020
2025-02-27 09:30,600768.XSHG,25200,9.54,24.04,0.0,t_4501,5021
2025-02-27 09:30,600753.XSHG,38900,5.5,21.39,0.0,t_4502,5022
2025-02-27 09:30,300736.XSHE,14600,10.26,14.98,0.0,t_4503,5023
2025-02-28 14:00,603316.XSHG,-6300,6.48,5.0,40.82,t_4504,5024
2025-03-03 14:00,603813.XSHG,-5800,14.08,8.17,81.66,t_4505,5025
2025-03-04 09:30,000668.XSHE,2400,5.78,5.0,0.0,t_4506,5026
2025-03-04 09:30,000691.XSHE,-800,3.13,5.0,2.5,t_4507,5027
2025-03-04 09:30,603813.XSHG,-15300,14.13,21.62,216.19,t_4508,5028
2025-03-04 09:30,002848.XSHE,-5600,7.05,5.0,39.48,t_4509,5029
2025-03-04 09:30,605081.XSHG,2200,9.69,5.0,0.0,t_4510,5030
2025-03-04 09:30,600421.XSHG,1100,6.8,5.0,0.0,t_4511,5031
2025-03-04 09:30,000929.XSHE,1200,6.68,5.0,0.0,t_4512,5032
2025-03-04 09:30,300929.XSHE,1800,8.88,5.0,0.0,t_4513,5033
2025-03-04 09:30,002620.XSHE,-58000,3.61,20.94,209.38,t_4514,5034
2025-03-04 09:30,002856.XSHE,200,8.81,5.0,0.0,t_4515,5035
2025-03-04 09:30,600768.XSHG,-800,9.44,5.0,7.55,t_4516,5036
2025-03-04 09:30,603316.XSHG,3300,5.81,5.0,0.0,t_4517,5037
2025-03-04 09:30,600753.XSHG,44100,5.18,22.84,0.0,t_4518,5038
2025-03-04 09:30,300736.XSHE,29000,9.68,28.07,0.0,t_4519,5039
2025-03-07 09:30,000691.XSHE,-2600,3.18,5.0,8.27,t_4520,5041
2025-03-07 09:30,603813.XSHG,-14400,13.99,20.15,201.46,t_4521,5042
2025-03-07 09:30,002848.XSHE,7200,6.78,5.0,0.0,t_4522,5043
2025-03-07 09:30,605081.XSHG,1200,9.67,5.0,0.0,t_4523,5044
2025-03-07 09:30,600421.XSHG,-31000,6.84,21.2,212.04,t_4524,5045
2025-03-07 09:30,000929.XSHE,6800,6.46,5.0,0.0,t_4525,5046
2025-03-07 09:30,300929.XSHE,-3600,9.24,5.0,33.26,t_4526,5047
2025-03-07 09:30,002856.XSHE,-3400,9.15,5.0,31.11,t_4527,5048
2025-03-07 09:30,600768.XSHG,-2800,9.77,5.0,27.36,t_4528,5049
2025-03-07 09:30,603316.XSHG,-100,5.88,5.0,0.59,t_4529,5050
2025-03-07 09:30,600753.XSHG,31900,5.52,17.61,0.0,t_4530,5051
2025-03-07 09:30,300736.XSHE,20800,9.91,20.61,0.0,t_4531,5052
2025-03-07 09:30,000668.XSHE,4700,5.67,5.0,0.0,t_4532,5053
2025-03-11 14:00,000668.XSHE,-2400,5.91,5.0,14.18,t_4533,5054
2025-03-11 14:00,605081.XSHG,-3200,10.23,5.0,32.74,t_4534,5055
2025-03-11 14:00,000929.XSHE,-17300,7.41,12.82,128.19,t_4535,5056
2025-03-12 09:30,000668.XSHE,-100,5.97,5.0,0.6,t_4536,5057
2025-03-12 09:30,000691.XSHE,11900,3.18,5.0,0.0,t_4537,5058
2025-03-12 09:30,603813.XSHG,-16100,15.39,24.78,247.78,t_4538,5059
2025-03-12 09:30,002848.XSHE,5800,6.77,5.0,0.0,t_4539,5060
2025-03-12 09:30,605081.XSHG,100,10.3,5.0,0.0,t_4540,5061
2025-03-12 09:30,000929.XSHE,-26200,7.28,19.07,190.74,t_4541,5062
2025-03-12 09:30,300929.XSHE,2700,9.34,5.0,0.0,t_4542,5063
2025-03-12 09:30,002856.XSHE,2300,9.29,5.0,0.0,t_4543,5064
2025-03-12 09:30,600768.XSHG,4000,9.75,5.0,0.0,t_4544,5065
2025-03-12 09:30,603316.XSHG,-36200,6.45,23.35,233.49,t_4545,5066
2025-03-12 09:30,600753.XSHG,35900,5.8,20.82,0.0,t_4546,5067
2025-03-12 09:30,300736.XSHE,26100,9.74,25.42,0.0,t_4547,5068
2025-03-12 09:30,600243.XSHG,73700,2.99,22.04,0.0,t_4548,5069
2025-03-17 09:30,000691.XSHE,100,2.95,5.0,0.0,t_4549,5071
2025-03-17 09:30,002848.XSHE,-5900,7.08,5.0,41.77,t_4550,5072
2025-03-17 09:30,605081.XSHG,-2300,10.61,5.0,24.4,t_4551,5073
2025-03-17 09:30,000929.XSHE,-31200,7.4,23.09,230.88,t_4552,5074
2025-03-17 09:30,300929.XSHE,-1800,9.56,5.0,17.21,t_4553,5075
2025-03-17 09:30,002856.XSHE,-3000,9.6,5.0,28.8,t_4554,5076
2025-03-17 09:30,600768.XSHG,-700,9.88,5.0,6.92,t_4555,5077
2025-03-17 09:30,600753.XSHG,-35600,5.75,20.47,204.7,t_4556,5078
2025-03-17 09:30,300736.XSHE,23000,9.77,22.47,0.0,t_4557,5079
2025-03-17 09:30,600243.XSHG,75200,2.98,22.41,0.0,t_4558,5080
2025-03-17 09:30,000668.XSHE,4900,5.85,5.0,0.0,t_4559,5081
2025-03-17 09:30,000691.XSHE,25900,2.95,7.64,0.0,t_4560,5082
2025-03-17 14:00,603813.XSHG,-14400,15.61,22.48,224.78,t_4561,5084
2025-03-20 09:30,000668.XSHE,-1000,5.94,5.0,5.94,t_4562,5085
2025-03-20 09:30,000691.XSHE,-6400,3.06,5.0,19.58,t_4563,5086
2025-03-20 09:30,002848.XSHE,6000,6.88,5.0,0.0,t_4564,5087
2025-03-20 09:30,605081.XSHG,100,10.69,5.0,0.0,t_4565,5088
2025-03-20 09:30,000929.XSHE,-28400,7.28,20.68,206.75,t_4566,5089
2025-03-20 09:30,300929.XSHE,1900,9.49,5.0,0.0,t_4567,5090
2025-03-20 09:30,002856.XSHE,3000,9.44,5.0,0.0,t_4568,5091
2025-03-20 09:30,600768.XSHG,600,9.92,5.0,0.0,t_4569,5092
2025-03-20 09:30,600753.XSHG,1100,5.76,5.0,0.0,t_4570,5093
2025-03-20 09:30,300736.XSHE,-300,9.9,5.0,2.97,t_4571,5094
2025-03-20 09:30,600421.XSHG,54900,6.53,35.85,0.0,t_4572,5095
2025-03-25 09:30,600768.XSHG,-2100,9.41,5.0,19.76,t_4573,5103
2025-03-25 09:30,600753.XSHG,3500,5.24,5.0,0.0,t_4574,5104
2025-03-25 09:30,300736.XSHE,100,8.79,5.0,0.0,t_4575,5105
2025-03-25 09:30,600421.XSHG,100,7.14,5.0,0.0,t_4576,5106
2025-03-25 14:00,605081.XSHG,-30600,11.23,34.36,343.64,t_4577,5116
2025-03-25 14:00,600421.XSHG,1400,7.37,5.0,0.0,t_4578,5117
2025-03-27 14:00,002856.XSHE,600,8.87,5.0,0.0,t_4579,5118
2025-03-27 14:00,600753.XSHG,-13500,5.82,7.86,78.57,t_4580,5119
2025-03-28 09:30,000668.XSHE,15100,5.19,7.84,0.0,t_4581,5120
2025-03-28 09:30,000691.XSHE,-28300,3.13,8.86,88.58,t_4582,5121
2025-03-28 09:30,002848.XSHE,15400,5.93,9.13,0.0,t_4583,5122
2025-03-28 09:30,605081.XSHG,6100,10.54,6.43,0.0,t_4584,5123
2025-03-28 09:30,000929.XSHE,-31200,6.96,21.72,217.15,t_4585,5124
2025-03-28 09:30,300929.XSHE,2500,8.77,5.0,0.0,t_4586,5125
2025-03-28 09:30,002856.XSHE,-2700,9.08,5.0,24.52,t_4587,5126
2025-03-28 09:30,600768.XSHG,900,9.46,5.0,0.0,t_4588,5127
2025-03-28 09:30,600753.XSHG,-34900,5.74,20.03,200.33,t_4589,5128
2025-03-28 09:30,300736.XSHE,5300,8.91,5.0,0.0,t_4590,5129
2025-03-28 09:30,600243.XSHG,75200,2.83,21.28,0.0,t_4591,5130
2025-03-28 09:30,300665.XSHE,60800,6.76,41.1,0.0,t_4592,5131
2025-03-28 14:00,600421.XSHG,-1000,7.41,5.0,7.41,t_4593,5132
2025-04-01 09:30,000668.XSHE,-203700,5.01,102.05,1020.54,t_4594,5133
2025-04-01 09:30,000691.XSHE,-337800,2.86,96.61,966.11,t_4595,5134
2025-04-01 09:30,002848.XSHE,-178200,5.69,101.4,1013.96,t_4596,5135
2025-04-01 09:30,000929.XSHE,-30400,6.71,20.4,203.98,t_4597,5136
2025-04-01 09:30,300929.XSHE,-120500,8.41,101.34,1013.4,t_4598,5137
2025-04-01 09:30,002856.XSHE,-116500,8.52,99.26,992.58,t_4599,5138
2025-04-01 09:30,600768.XSHG,-111700,9.08,101.42,1014.24,t_4600,5139
2025-04-01 09:30,600753.XSHG,-110600,5.2,57.51,575.12,t_4601,5140
2025-04-01 09:30,300736.XSHE,-118600,8.59,101.88,1018.77,t_4602,5141
2025-04-01 09:30,600243.XSHG,-224100,2.61,58.49,584.9,t_4603,5142
2025-04-01 09:30,600421.XSHG,-55400,6.7,37.12,371.18,t_4604,5143
2025-04-01 09:30,300665.XSHE,-60800,6.49,39.46,394.59,t_4605,5144
2025-04-01 09:30,511880.XSHG,91300,100.383,0.0,0.0,t_4606,5145
2025-05-06 09:30,511880.XSHG,-91300,100.486,0.0,0.0,t_4607,5146
2025-05-07 09:30,605081.XSHG,-80200,11.36,91.11,911.07,t_4608,5147
2025-05-07 09:30,300736.XSHE,20800,9.68,20.13,0.0,t_4609,5148
2025-05-07 09:30,300929.XSHE,21200,9.48,20.1,0.0,t_4610,5149
2025-05-07 09:30,301372.XSHE,10000,20.15,20.15,0.0,t_4611,5150
2025-05-07 09:30,300948.XSHE,20200,9.94,20.08,0.0,t_4612,5151
2025-05-07 09:30,603616.XSHG,55200,3.65,20.15,0.0,t_4613,5152
2025-05-07 09:30,600768.XSHG,19000,10.6,20.14,0.0,t_4614,5153
2025-05-07 09:30,300635.XSHE,19700,10.2,20.09,0.0,t_4615,5154
2025-05-07 09:30,300405.XSHE,39800,5.06,20.14,0.0,t_4616,5155
2025-05-07 09:30,002193.XSHE,36600,5.5,20.13,0.0,t_4617,5156
2025-05-07 09:30,300665.XSHE,26400,7.63,20.14,0.0,t_4618,5157
2025-05-12 09:30,300736.XSHE,21000,9.67,20.31,0.0,t_4619,5158
2025-05-12 09:30,300929.XSHE,20600,9.65,19.88,0.0,t_4620,5159
2025-05-12 09:30,301372.XSHE,9800,20.39,19.98,0.0,t_4621,5160
2025-05-12 09:30,300948.XSHE,19900,10.08,20.06,0.0,t_4622,5161
2025-05-12 09:30,603616.XSHG,-1900,3.8,5.0,7.22,t_4623,5162
2025-05-12 09:30,600768.XSHG,18800,10.69,20.1,0.0,t_4624,5163
2025-05-12 09:30,300635.XSHE,20500,10.05,20.6,0.0,t_4625,5164
2025-05-12 09:30,300405.XSHE,38500,5.16,19.87,0.0,t_4626,5165
2025-05-12 09:30,002193.XSHE,35800,5.58,19.98,0.0,t_4627,5166
2025-05-12 09:30,300665.XSHE,26800,7.59,20.34,0.0,t_4628,5167
2025-05-12 09:30,603729.XSHG,12900,15.6,20.12,0.0,t_4629,5168
2025-05-15 09:30,300736.XSHE,21500,9.51,20.45,0.0,t_4630,5169
2025-05-15 09:30,300929.XSHE,22000,9.43,20.75,0.0,t_4631,5170
2025-05-15 09:30,301372.XSHE,9800,20.29,19.88,0.0,t_4632,5171
2025-05-15 09:30,300948.XSHE,21600,9.76,21.08,0.0,t_4633,5172
2025-05-15 09:30,603616.XSHG,52400,3.8,19.91,0.0,t_4634,5173
2025-05-15 09:30,600768.XSHG,20600,10.31,21.24,0.0,t_4635,5174
2025-05-15 09:30,300635.XSHE,20700,9.88,20.45,0.0,t_4636,5175
2025-05-15 09:30,300405.XSHE,-1300,5.22,5.0,6.79,t_4637,5176
2025-05-15 09:30,002193.XSHE,33600,5.68,19.08,0.0,t_4638,5177
2025-05-15 09:30,300665.XSHE,30700,7.18,22.04,0.0,t_4639,5178
2025-05-15 09:30,603729.XSHG,13200,15.35,20.26,0.0,t_4640,5179
2025-05-20 09:30,300736.XSHE,19800,9.88,19.56,0.0,t_4641,5180
2025-05-20 09:30,300929.XSHE,19900,9.8,19.5,0.0,t_4642,5181
2025-05-20 09:30,301372.XSHE,10200,20.6,21.01,0.0,t_4643,5182
2025-05-20 09:30,300948.XSHE,19300,10.13,19.55,0.0,t_4644,5183
2025-05-20 09:30,603616.XSHG,-2000,3.96,5.0,7.92,t_4645,5184
2025-05-20 09:30,600768.XSHG,16900,10.9,18.42,0.0,t_4646,5185
2025-05-20 09:30,300635.XSHE,19200,10.25,19.68,0.0,t_4647,5186
2025-05-20 09:30,300405.XSHE,39600,5.28,20.91,0.0,t_4648,5187
2025-05-20 09:30,002193.XSHE,36000,5.78,20.81,0.0,t_4649,5188
2025-05-20 09:30,300665.XSHE,22800,7.69,17.53,0.0,t_4650,5189
2025-05-20 09:30,603729.XSHG,12900,15.79,20.37,0.0,t_4651,5190
2025-05-23 09:30,300736.XSHE,21500,9.7,20.85,0.0,t_4652,5191
2025-05-23 09:30,300929.XSHE,21700,9.62,20.88,0.0,t_4653,5192
2025-05-23 09:30,301372.XSHE,9700,20.46,19.85,0.0,t_4654,5193
2025-05-23 09:30,300948.XSHE,20800,9.96,20.72,0.0,t_4655,5194
2025-05-23 09:30,603616.XSHG,-2200,4.0,5.0,8.8,t_4656,5195
2025-05-23 09:30,600768.XSHG,20500,10.59,21.71,0.0,t_4657,5196
2025-05-23 09:30,300635.XSHE,17600,10.38,18.27,0.0,t_4658,5197
2025-05-23 09:30,300405.XSHE,41000,5.15,21.12,0.0,t_4659,5198
2025-05-23 09:30,002193.XSHE,37200,5.66,21.06,0.0,t_4660,5199
2025-05-23 09:30,300665.XSHE,29800,7.43,22.14,0.0,t_4661,5200
2025-05-23 09:30,603729.XSHG,12300,15.8,19.43,0.0,t_4662,5201
2025-05-28 09:30,300736.XSHE,100,9.79,5.0,0.0,t_4663,5202
2025-05-28 09:30,300929.XSHE,-700,9.8,5.0,6.86,t_4664,5203
2025-05-28 09:30,301372.XSHE,-600,21.0,5.0,12.6,t_4665,5204
2025-05-28 09:30,300948.XSHE,-1100,10.19,5.0,11.21,t_4666,5205
2025-05-28 09:30,603616.XSHG,-50000,3.99,19.95,199.5,t_4667,5206
2025-05-28 09:30,600768.XSHG,1900,10.49,5.0,0.0,t_4668,5207
2025-05-28 09:30,300635.XSHE,-100,10.51,5.0,1.05,t_4669,5208
2025-05-28 09:30,300405.XSHE,-400,5.22,5.0,2.09,t_4670,5209
2025-05-28 09:30,002193.XSHE,700,5.7,5.0,0.0,t_4671,5210
2025-05-28 09:30,300665.XSHE,900,7.46,5.0,0.0,t_4672,5211
2025-05-28 09:30,603729.XSHG,13000,15.92,20.7,0.0,t_4673,5212
2025-06-03 09:30,300929.XSHE,-1400,9.9,5.0,13.86,t_4674,5215
2025-06-03 09:30,301372.XSHE,-11700,22.0,25.74,257.4,t_4675,5216
2025-06-03 09:30,300948.XSHE,900,10.05,5.0,0.0,t_4676,5217
2025-06-03 09:30,603616.XSHG,-1000,4.05,5.0,4.05,t_4677,5218
2025-06-03 09:30,600768.XSHG,1200,10.33,5.0,0.0,t_4678,5219
2025-06-03 09:30,300635.XSHE,800,10.38,5.0,0.0,t_4679,5220
2025-06-03 09:30,300405.XSHE,3000,5.1,5.0,0.0,t_4680,5221
2025-06-03 09:30,002193.XSHE,1900,5.62,5.0,0.0,t_4681,5222
2025-06-03 09:30,300665.XSHE,1400,7.36,5.0,0.0,t_4682,5223
2025-06-03 09:30,300736.XSHE,500,9.71,5.0,0.0,t_4683,5224
2025-06-03 09:30,300649.XSHE,17600,11.55,20.33,0.0,t_4684,5225
2025-06-06 09:30,300736.XSHE,-2400,10.21,5.0,24.5,t_4685,5226
2025-06-06 09:30,300929.XSHE,400,10.11,5.0,0.0,t_4686,5227
2025-06-06 09:30,301372.XSHE,800,22.06,5.0,0.0,t_4687,5228
2025-06-06 09:30,300948.XSHE,100,10.31,5.0,0.0,t_4688,5229
2025-06-06 09:30,603616.XSHG,-50500,4.09,20.65,206.55,t_4689,5230
2025-06-06 09:30,600768.XSHG,-1100,10.73,5.0,11.8,t_4690,5231
2025-06-06 09:30,300405.XSHE,41800,5.19,21.69,0.0,t_4691,5232
2025-06-06 09:30,002193.XSHE,700,5.72,5.0,0.0,t_4692,5233
2025-06-06 09:30,300665.XSHE,-400,7.58,5.0,3.03,t_4693,5234
2025-06-06 09:30,300649.XSHE,-100,11.99,5.0,1.2,t_4694,5235
2025-06-06 09:30,002193.XSHE,800,5.72,5.0,0.0,t_4695,5236
2025-06-11 09:30,301372.XSHE,-900,23.18,5.0,20.86,t_4696,5239
2025-06-11 09:30,300948.XSHE,1500,10.4,5.0,0.0,t_4697,5240
2025-06-11 09:30,600768.XSHG,400,10.9,5.0,0.0,t_4698,5241
2025-06-11 09:30,300405.XSHE,-2400,5.38,5.0,12.91,t_4699,5243
2025-06-11 09:30,002193.XSHE,-1200,5.9,5.0,7.08,t_4700,5244
2025-06-11 09:30,300665.XSHE,1200,7.69,5.0,0.0,t_4701,5245
2025-06-11 09:30,603729.XSHG,-700,16.9,5.0,11.83,t_4702,5246
2025-06-11 09:30,300649.XSHE,-400,12.57,5.0,5.03,t_4703,5247
2025-06-11 09:30,300736.XSHE,1400,10.3,5.0,0.0,t_4704,5248
2025-06-11 09:30,300929.XSHE,700,10.28,5.0,0.0,t_4705,5249
2025-06-11 09:30,600768.XSHG,300,10.9,5.0,0.0,t_4706,5250
2025-06-11 09:30,300635.XSHE,300,10.87,5.0,0.0,t_4707,5251
2025-06-16 09:30,300736.XSHE,-200,10.1,5.0,2.02,t_4708,5252
2025-06-16 09:30,300929.XSHE,-300,10.09,5.0,3.03,t_4709,5253
2025-06-16 09:30,301372.XSHE,200,22.1,5.0,0.0,t_4710,5254
2025-06-16 09:30,300948.XSHE,-1200,10.3,5.0,12.36,t_4711,5255
2025-06-16 09:30,600768.XSHG,-1900,10.87,5.0,20.65,t_4712,5256
2025-06-16 09:30,300635.XSHE,-21600,10.9,23.54,235.44,t_4713,5257
2025-06-16 09:30,300405.XSHE,3000,5.18,5.0,0.0,t_4714,5258
2025-06-16 09:30,002193.XSHE,4300,5.63,5.0,0.0,t_4715,5259
2025-06-16 09:30,603729.XSHG,100,16.47,5.0,0.0,t_4716,5260
2025-06-16 09:30,300649.XSHE,400,11.98,5.0,0.0,t_4717,5261
2025-06-16 09:30,301372.XSHE,600,22.1,5.0,0.0,t_4718,5262
2025-06-16 09:30,002719.XSHE,24100,8.67,20.89,0.0,t_4719,5263
2025-06-19 09:30,301372.XSHE,-9800,22.48,22.03,220.3,t_4720,5266
2025-06-19 09:30,300948.XSHE,600,10.25,5.0,0.0,t_4721,5267
2025-06-19 09:30,600768.XSHG,1700,10.7,5.0,0.0,t_4722,5268
2025-06-19 09:30,300635.XSHE,-20900,11.24,23.49,234.92,t_4723,5269
2025-06-19 09:30,300405.XSHE,1700,5.15,5.0,0.0,t_4724,5270
2025-06-19 09:30,002193.XSHE,2100,5.58,5.0,0.0,t_4725,5271
2025-06-19 09:30,300665.XSHE,-700,7.58,5.0,5.31,t_4726,5272
2025-06-19 09:30,603729.XSHG,600,16.34,5.0,0.0,t_4727,5273
2025-06-19 09:30,300649.XSHE,-2100,13.68,5.0,28.73,t_4728,5274
2025-06-19 09:30,002719.XSHE,24200,8.71,21.08,0.0,t_4729,5275
2025-06-19 09:30,300736.XSHE,200,10.09,5.0,0.0,t_4730,5276
2025-06-19 09:30,300929.XSHE,1000,10.01,5.0,0.0,t_4731,5277
2025-06-19 09:30,600847.XSHG,21200,9.88,20.95,0.0,t_4732,5278
2025-06-24 09:30,300736.XSHE,-1800,10.3,5.0,18.54,t_4733,5279
2025-06-24 09:30,300929.XSHE,800,9.95,5.0,0.0,t_4734,5280
2025-06-24 09:30,301372.XSHE,500,21.91,5.0,0.0,t_4735,5281
2025-06-24 09:30,300948.XSHE,100,10.26,5.0,0.0,t_4736,5282
2025-06-24 09:30,600768.XSHG,-300,10.76,5.0,3.23,t_4737,5283
2025-06-24 09:30,300405.XSHE,-4300,5.27,5.0,22.66,t_4738,5284
2025-06-24 09:30,002193.XSHE,-2600,5.67,5.0,14.74,t_4739,5285
2025-06-24 09:30,300665.XSHE,-200,7.6,5.0,1.52,t_4740,5286
2025-06-24 09:30,603729.XSHG,700,16.2,5.0,0.0,t_4741,5287
2025-06-24 09:30,300649.XSHE,-15400,12.83,19.76,197.58,t_4742,5288
2025-06-24 09:30,002719.XSHE,24400,8.69,21.2,0.0,t_4743,5289
2025-06-24 09:30,600847.XSHG,-100,9.99,5.0,1.0,t_4744,5290
2025-06-24 09:30,301372.XSHE,800,21.91,5.0,0.0,t_4745,5291
2025-06-26 14:00,300635.XSHE,-20700,12.31,25.48,254.82,t_4746,5292
2025-06-27 09:30,300736.XSHE,1500,10.58,5.0,0.0,t_4747,5293
2025-06-27 09:30,300929.XSHE,400,10.34,5.0,0.0,t_4748,5294
2025-06-27 09:30,301372.XSHE,9600,22.5,21.6,0.0,t_4749,5295
2025-06-27 09:30,300948.XSHE,400,10.66,5.0,0.0,t_4750,5296
2025-06-27 09:30,600768.XSHG,700,11.13,5.0,0.0,t_4751,5297
2025-06-27 09:30,300405.XSHE,-1200,5.53,5.0,6.64,t_4752,5298
2025-06-27 09:30,002193.XSHE,-2000,5.98,5.0,11.96,t_4753,5299
2025-06-27 09:30,603729.XSHG,800,16.7,5.0,0.0,t_4754,5300
2025-06-27 09:30,002719.XSHE,1300,8.85,5.0,0.0,t_4755,5301
2025-06-27 09:30,600847.XSHG,-100,10.51,5.0,1.05,t_4756,5302
2025-06-27 09:30,002719.XSHE,100,8.85,5.0,0.0,t_4757,5303
2025-06-27 14:00,300635.XSHE,-18000,12.68,22.82,228.24,t_4758,5304
2025-07-02 09:30,300736.XSHE,4700,10.78,5.07,0.0,t_4759,5305
2025-07-02 09:30,300929.XSHE,4200,10.6,5.0,0.0,t_4760,5306
2025-07-02 09:30,301372.XSHE,1900,22.88,5.0,0.0,t_4761,5307
2025-07-02 09:30,300948.XSHE,3400,10.99,5.0,0.0,t_4762,5308
2025-07-02 09:30,600768.XSHG,3600,11.45,5.0,0.0,t_4763,5309
2025-07-02 09:30,300635.XSHE,-17500,11.88,20.79,207.9,t_4764,5310
2025-07-02 09:30,300405.XSHE,-45900,6.13,28.14,281.37,t_4765,5311
2025-07-02 09:30,002193.XSHE,5600,6.18,5.0,0.0,t_4766,5312
2025-07-02 09:30,603729.XSHG,3000,17.01,5.1,0.0,t_4767,5313
2025-07-02 09:30,002719.XSHE,45400,9.11,41.36,0.0,t_4768,5314
2025-07-02 14:00,300665.XSHE,-45500,9.87,44.91,449.08,t_4769,5320
2025-07-04 14:00,600847.XSHG,-2700,12.5,5.0,33.75,t_4770,5321
2025-07-07 09:30,300736.XSHE,-1500,10.55,5.0,15.83,t_4771,5322
2025-07-07 09:30,300929.XSHE,-3000,10.51,5.0,31.53,t_4772,5323
2025-07-07 09:30,301372.XSHE,-1000,22.66,5.0,22.66,t_4773,5324
2025-07-07 09:30,300948.XSHE,-1400,10.75,5.0,15.05,t_4774,5325
2025-07-07 09:30,600768.XSHG,-2700,11.34,5.0,30.62,t_4775,5326
2025-07-07 09:30,300405.XSHE,9300,5.57,5.18,0.0,t_4776,5327
2025-07-07 09:30,002193.XSHE,-900,5.99,5.0,5.39,t_4777,5328
2025-07-07 09:30,300665.XSHE,-17900,9.0,16.11,161.1,t_4778,5329
2025-07-07 09:30,603729.XSHG,-1800,16.88,5.0,30.38,t_4779,5330
2025-07-07 09:30,002719.XSHE,5500,9.03,5.0,0.0,t_4780,5331
2025-07-07 09:30,600847.XSHG,1800,11.22,5.0,0.0,t_4781,5332
2025-07-07 09:30,001211.XSHE,20200,22.29,45.03,0.0,t_4782,5333
2025-07-07 09:30,600671.XSHG,16500,13.52,22.31,0.0,t_4783,5334
2025-07-10 09:30,300948.XSHE,-2200,11.29,5.0,24.84,t_4784,5338
2025-07-10 09:30,600768.XSHG,-1200,11.8,5.0,14.16,t_4785,5339
2025-07-10 09:30,300405.XSHE,-1800,5.79,5.0,10.42,t_4786,5340
2025-07-10 09:30,002193.XSHE,100,6.15,5.0,0.0,t_4787,5341
2025-07-10 09:30,300665.XSHE,-23400,8.95,20.94,209.43,t_4788,5342
2025-07-10 09:30,603729.XSHG,400,17.22,5.0,0.0,t_4789,5343
2025-07-10 09:30,002719.XSHE,1100,9.2,5.0,0.0,t_4790,5344
2025-07-10 09:30,600847.XSHG,-20100,11.07,22.25,222.51,t_4791,5345
2025-07-10 09:30,001211.XSHE,-500,23.61,5.0,11.8,t_4792,5346
2025-07-10 09:30,600671.XSHG,17700,13.54,23.97,0.0,t_4793,5347
2025-07-10 09:30,300736.XSHE,1400,10.69,5.0,0.0,t_4794,5348
2025-07-10 09:30,300929.XSHE,500,10.74,5.0,0.0,t_4795,5349
2025-07-10 09:30,301372.XSHE,9000,23.73,21.36,0.0,t_4796,5350
2025-07-15 09:30,300736.XSHE,100,10.71,5.0,0.0,t_4797,5351
2025-07-15 09:30,300929.XSHE,-600,10.84,5.0,6.5,t_4798,5352
2025-07-15 09:30,301372.XSHE,-100,23.86,5.0,2.39,t_4799,5353
2025-07-15 09:30,300948.XSHE,800,11.15,5.0,0.0,t_4800,5354
2025-07-15 09:30,600768.XSHG,-1300,11.99,5.0,15.59,t_4801,5355
2025-07-15 09:30,300405.XSHE,-42000,5.9,24.78,247.8,t_4802,5356
2025-07-15 09:30,300665.XSHE,-26700,9.26,24.72,247.24,t_4803,5357
2025-07-15 09:30,603729.XSHG,1100,16.97,5.0,0.0,t_4804,5358
2025-07-15 09:30,002719.XSHE,1800,9.1,5.0,0.0,t_4805,5359
2025-07-15 09:30,001211.XSHE,200,23.29,5.0,0.0,t_4806,5360
2025-07-15 09:30,600671.XSHG,16400,13.78,22.6,0.0,t_4807,5361
2025-07-15 09:30,300948.XSHE,700,11.15,5.0,0.0,t_4808,5362
2025-07-15 09:30,000890.XSHE,59200,3.93,23.27,0.0,t_4809,5363
2025-07-17 14:00,000890.XSHE,-4100,4.22,5.0,17.3,t_4810,5364
2025-07-18 09:30,300736.XSHE,-400,10.78,5.0,4.31,t_4811,5365
2025-07-18 09:30,300929.XSHE,1500,10.7,5.0,0.0,t_4812,5366
2025-07-18 09:30,301372.XSHE,400,23.5,5.0,0.0,t_4813,5367
2025-07-18 09:30,002193.XSHE,-700,6.2,5.0,4.34,t_4814,5371
2025-07-18 09:30,300665.XSHE,-25200,9.17,23.11,231.08,t_4815,5372
2025-07-18 09:30,603729.XSHG,-400,17.12,5.0,6.85,t_4816,5373
2025-07-18 09:30,002719.XSHE,-4300,9.43,5.0,40.55,t_4817,5374
2025-07-18 09:30,001211.XSHE,10300,23.09,23.78,0.0,t_4818,5375
2025-07-18 09:30,600671.XSHG,-800,14.05,5.0,11.24,t_4819,5376
2025-07-18 09:30,000890.XSHE,3700,3.96,5.0,0.0,t_4820,5377
2025-07-18 09:30,300948.XSHE,1500,11.0,5.0,0.0,t_4821,5378
2025-07-18 09:30,600768.XSHG,300,11.96,5.0,0.0,t_4822,5379
2025-07-18 09:30,301372.XSHE,300,23.5,5.0,0.0,t_4823,5380
2025-07-18 09:30,300405.XSHE,2100,5.8,5.0,0.0,t_4824,5381
2025-07-23 09:30,300736.XSHE,200,10.87,5.0,0.0,t_4825,5382
2025-07-23 09:30,300948.XSHE,-3600,11.79,5.0,42.44,t_4826,5385
2025-07-23 09:30,600768.XSHG,-900,12.5,5.0,11.25,t_4827,5386
2025-07-23 09:30,300405.XSHE,-20500,7.24,14.84,148.42,t_4828,5387
2025-07-23 09:30,002193.XSHE,2700,6.32,5.0,0.0,t_4829,5388
2025-07-23 09:30,603729.XSHG,1500,17.31,5.0,0.0,t_4830,5389
2025-07-23 09:30,002719.XSHE,5400,9.34,5.04,0.0,t_4831,5390
2025-07-23 09:30,001211.XSHE,1000,23.17,5.0,0.0,t_4832,5391
2025-07-23 09:30,600671.XSHG,-15200,13.96,21.22,212.19,t_4833,5392
2025-07-23 09:30,000890.XSHE,700,4.05,5.0,0.0,t_4834,5393
2025-07-23 09:30,300736.XSHE,2500,10.87,5.0,0.0,t_4835,5394
2025-07-23 09:30,300929.XSHE,1700,10.9,5.0,0.0,t_4836,5395
2025-07-23 09:30,301372.XSHE,300,24.21,5.0,0.0,t_4837,5396
2025-07-23 09:30,603709.XSHG,17900,13.47,24.11,0.0,t_4838,5397
2025-07-28 09:30,300736.XSHE,-3700,11.35,5.0,41.99,t_4839,5398
2025-07-28 09:30,300929.XSHE,-2300,11.23,5.0,25.83,t_4840,5399
2025-07-28 09:30,301372.XSHE,900,23.94,5.0,0.0,t_4841,5400
2025-07-28 09:30,300948.XSHE,3600,11.48,5.0,0.0,t_4842,5401
2025-07-28 09:30,600768.XSHG,-21100,12.91,27.24,272.4,t_4843,5402
2025-07-28 09:30,300405.XSHE,-27400,6.7,18.36,183.58,t_4844,5403
2025-07-28 09:30,002193.XSHE,-1300,6.42,5.0,8.35,t_4845,5404
2025-07-28 09:30,002719.XSHE,-800,9.49,5.0,7.59,t_4846,5405
2025-07-28 09:30,001211.XSHE,-100,23.49,5.0,2.35,t_4847,5406
2025-07-28 09:30,600671.XSHG,-300,14.22,5.0,4.27,t_4848,5407
2025-07-28 09:30,000890.XSHE,60500,4.05,24.5,0.0,t_4849,5408
2025-07-28 09:30,603709.XSHG,-200,13.78,5.0,2.76,t_4850,5409
2025-07-28 09:30,300163.XSHE,73200,3.29,24.08,0.0,t_4851,5410
2025-07-30 14:00,301372.XSHE,-9600,30.02,28.82,288.19,t_4852,5411
2025-07-31 09:30,300736.XSHE,600,11.42,5.0,0.0,t_4853,5412
2025-07-31 09:30,300929.XSHE,2100,11.15,5.0,0.0,t_4854,5413
2025-07-31 09:30,301372.XSHE,-6200,28.29,17.54,175.4,t_4855,5414
2025-07-31 09:30,300948.XSHE,2000,11.41,5.0,0.0,t_4856,5415
2025-07-31 09:30,600768.XSHG,3600,12.47,5.0,0.0,t_4857,5416
2025-07-31 09:30,300405.XSHE,-33900,6.37,21.59,215.94,t_4858,5417
2025-07-31 09:30,002193.XSHE,4500,6.35,5.0,0.0,t_4859,5418
2025-07-31 09:30,603729.XSHG,1500,17.32,5.0,0.0,t_4860,5419
2025-07-31 09:30,002719.XSHE,500,9.57,5.0,0.0,t_4861,5420
2025-07-31 09:30,001211.XSHE,10100,23.88,24.12,0.0,t_4862,5421
2025-07-31 09:30,600671.XSHG,-16800,14.15,23.77,237.72,t_4863,5422
2025-07-31 09:30,000890.XSHE,66100,3.97,26.24,0.0,t_4864,5423
2025-07-31 09:30,603709.XSHG,500,13.53,5.0,0.0,t_4865,5424
2025-07-31 09:30,300163.XSHE,73400,3.36,24.66,0.0,t_4866,5425
2025-08-04 14:00,600671.XSHG,-1500,15.53,5.0,23.3,t_4867,5426
2025-08-05 09:30,300736.XSHE,-1000,11.75,5.0,11.75,t_4868,5427
2025-08-05 09:30,300929.XSHE,-2100,11.58,5.0,24.32,t_4869,5428
2025-08-05 09:30,301372.XSHE,-7800,27.8,21.68,216.84,t_4870,5429
2025-08-05 09:30,300948.XSHE,-2000,11.84,5.0,23.68,t_4871,5430
2025-08-05 09:30,600768.XSHG,-200,12.74,5.0,2.55,t_4872,5431
2025-08-05 09:30,300405.XSHE,400,6.41,5.0,0.0,t_4873,5432
2025-08-05 09:30,002193.XSHE,1300,6.42,5.0,0.0,t_4874,5433
2025-08-05 09:30,002719.XSHE,2900,9.52,5.0,0.0,t_4875,5434
2025-08-05 09:30,600671.XSHG,-16000,15.49,24.78,247.84,t_4876,5435
2025-08-05 09:30,000890.XSHE,1900,4.0,5.0,0.0,t_4877,5436
2025-08-05 09:30,300163.XSHE,77900,3.35,26.1,0.0,t_4878,5437
2025-08-05 09:30,300854.XSHE,14500,16.79,24.35,0.0,t_4879,5438
2025-08-07 14:00,000890.XSHE,-13300,4.36,5.8,57.99,t_4880,5439
2025-08-08 09:30,300736.XSHE,-500,11.96,5.0,5.98,t_4881,5440
2025-08-08 09:30,300929.XSHE,600,11.67,5.0,0.0,t_4882,5441
2025-08-08 09:30,301372.XSHE,-8100,26.88,21.77,217.73,t_4883,5442
2025-08-08 09:30,300948.XSHE,1800,11.8,5.0,0.0,t_4884,5443
2025-08-08 09:30,600768.XSHG,-200,12.94,5.0,2.59,t_4885,5444
2025-08-08 09:30,300405.XSHE,-39100,6.52,25.49,254.93,t_4886,5445
2025-08-08 09:30,002193.XSHE,2700,6.42,5.0,0.0,t_4887,5446
2025-08-08 09:30,002719.XSHE,-1900,9.8,5.0,18.62,t_4888,5447
2025-08-08 09:30,001211.XSHE,500,24.35,5.0,0.0,t_4889,5448
2025-08-08 09:30,000890.XSHE,-500,4.38,5.0,2.19,t_4890,5449
2025-08-08 09:30,603709.XSHG,-600,14.49,5.0,8.69,t_4891,5450
2025-08-08 09:30,300163.XSHE,76300,3.38,25.79,0.0,t_4892,5451
2025-08-08 09:30,300854.XSHE,14500,17.45,25.3,0.0,t_4893,5452
2025-08-13 09:30,300736.XSHE,-1400,12.36,5.0,17.3,t_4894,5454
2025-08-13 09:30,300929.XSHE,-1700,12.1,5.0,20.57,t_4895,5455
2025-08-13 09:30,301372.XSHE,-9600,27.6,26.5,264.96,t_4896,5456
2025-08-13 09:30,300948.XSHE,-100,12.05,5.0,1.21,t_4897,5457
2025-08-13 09:30,600768.XSHG,300,13.13,5.0,0.0,t_4898,5458
2025-08-13 09:30,002193.XSHE,3600,6.43,5.0,0.0,t_4899,5459
2025-08-13 09:30,603729.XSHG,1000,17.96,5.0,0.0,t_4900,5460
2025-08-13 09:30,002719.XSHE,-1600,10.12,5.0,16.19,t_4901,5461
2025-08-13 09:30,001211.XSHE,-10800,25.24,27.26,272.59,t_4902,5462
2025-08-13 09:30,000890.XSHE,2900,4.39,5.0,0.0,t_4903,5463
2025-08-13 09:30,603709.XSHG,-17600,15.56,27.39,273.86,t_4904,5464
2025-08-13 09:30,300163.XSHE,82600,3.38,27.92,0.0,t_4905,5465
2025-08-13 09:30,300854.XSHE,15600,17.42,27.18,0.0,t_4906,5466
2025-08-13 09:30,600847.XSHG,21700,11.83,25.67,0.0,t_4907,5467
2025-08-18 09:30,301372.XSHE,-9400,26.94,25.32,253.24,t_4908,5470
2025-08-18 09:30,300948.XSHE,400,11.52,5.0,0.0,t_4909,5471
2025-08-18 09:30,600768.XSHG,18400,12.79,23.53,0.0,t_4910,5472
2025-08-18 09:30,002193.XSHE,2200,6.05,5.0,0.0,t_4911,5473
2025-08-18 09:30,603729.XSHG,-1200,17.56,5.0,21.07,t_4912,5474
2025-08-18 09:30,002719.XSHE,1800,9.58,5.0,0.0,t_4913,5475
2025-08-18 09:30,001211.XSHE,-10400,24.29,25.26,252.62,t_4914,5476
2025-08-18 09:30,000890.XSHE,-60500,4.27,25.83,258.33,t_4915,5477
2025-08-18 09:30,300163.XSHE,-3900,3.28,5.0,12.79,t_4916,5478
2025-08-18 09:30,300854.XSHE,15000,16.68,25.02,0.0,t_4917,5479
2025-08-18 09:30,600847.XSHG,21600,11.49,24.82,0.0,t_4918,5480
2025-08-18 09:30,300736.XSHE,300,11.82,5.0,0.0,t_4919,5481
2025-08-18 09:30,300929.XSHE,900,11.51,5.0,0.0,t_4920,5482
2025-08-18 09:30,002193.XSHE,2000,6.05,5.0,0.0,t_4921,5483
2025-08-21 09:30,300736.XSHE,-2800,12.8,5.0,35.84,t_4922,5484
2025-08-21 09:30,300929.XSHE,2500,11.83,5.0,0.0,t_4923,5485
2025-08-21 09:30,300948.XSHE,-1800,12.34,5.0,22.21,t_4924,5486
2025-08-21 09:30,600768.XSHG,2300,12.96,5.0,0.0,t_4925,5487
2025-08-21 09:30,002193.XSHE,-700,6.39,5.0,4.47,t_4926,5488
2025-08-21 09:30,603729.XSHG,300,18.24,5.0,0.0,t_4927,5489
2025-08-21 09:30,001211.XSHE,-10100,25.23,25.48,254.82,t_4928,5491
2025-08-21 09:30,000890.XSHE,-56100,4.33,24.29,242.91,t_4929,5492
2025-08-21 09:30,300163.XSHE,1100,3.44,5.0,0.0,t_4930,5493
2025-08-21 09:30,300854.XSHE,-4400,18.99,8.36,83.56,t_4931,5494
2025-08-21 09:30,600847.XSHG,23600,11.74,27.71,0.0,t_4932,5495
2025-08-21 09:30,603729.XSHG,500,18.24,5.0,0.0,t_4933,5496
2025-08-21 09:30,002719.XSHE,1100,9.99,5.0,0.0,t_4934,5497
2025-08-21 09:30,600768.XSHG,1400,12.96,5.0,0.0,t_4935,5498
2025-08-21 09:30,600455.XSHG,9200,28.2,25.94,0.0,t_4936,5499
2025-08-26 09:30,300736.XSHE,100,12.5,5.0,0.0,t_4937,5500
2025-08-26 09:30,600768.XSHG,-300,12.9,5.0,3.87,t_4938,5503
2025-08-26 09:30,002193.XSHE,700,6.25,5.0,0.0,t_4939,5504
2025-08-26 09:30,002719.XSHE,-2000,10.07,5.0,20.14,t_4940,5505
2025-08-26 09:30,001211.XSHE,100,24.73,5.0,0.0,t_4941,5506
2025-08-26 09:30,000890.XSHE,1400,4.19,5.0,0.0,t_4942,5507
2025-08-26 09:30,300163.XSHE,-2000,3.43,5.0,6.86,t_4943,5508
2025-08-26 09:30,300854.XSHE,-16900,20.39,34.46,344.59,t_4944,5509
2025-08-26 09:30,600847.XSHG,1000,11.47,5.0,0.0,t_4945,5510
2025-08-26 09:30,600455.XSHG,9300,28.06,26.1,0.0,t_4946,5511
2025-08-26 09:30,300736.XSHE,1300,12.5,5.0,0.0,t_4947,5512
2025-08-26 09:30,300929.XSHE,2700,11.46,5.0,0.0,t_4948,5513
2025-08-26 09:30,300948.XSHE,2600,11.93,5.0,0.0,t_4949,5514
2025-08-26 09:30,002193.XSHE,2000,6.25,5.0,0.0,t_4950,5515
2025-08-29 09:30,300736.XSHE,-5200,12.74,6.62,66.25,t_4951,5516
2025-08-29 09:30,300929.XSHE,2400,10.85,5.0,0.0,t_4952,5517
2025-08-29 09:30,300948.XSHE,3000,11.23,5.0,0.0,t_4953,5518
2025-08-29 09:30,600768.XSHG,500,12.26,5.0,0.0,t_4954,5519
2025-08-29 09:30,002719.XSHE,-24200,9.59,23.21,232.08,t_4955,5522
2025-08-29 09:30,001211.XSHE,-10500,25.0,26.25,262.5,t_4956,5523
2025-08-29 09:30,000890.XSHE,65200,3.95,25.75,0.0,t_4957,5524
2025-08-29 09:30,300163.XSHE,-34400,3.65,12.56,125.56,t_4958,5525
2025-08-29 09:30,300854.XSHE,-13300,20.13,26.77,267.73,t_4959,5526
2025-08-29 09:30,600847.XSHG,25800,10.72,27.66,0.0,t_4960,5527
2025-08-29 09:30,600455.XSHG,200,26.83,5.0,0.0,t_4961,5528
2025-08-29 09:30,002193.XSHE,7300,5.84,5.0,0.0,t_4962,5529
2025-08-29 09:30,603729.XSHG,2200,16.98,5.0,0.0,t_4963,5530
2025-08-29 09:30,300594.XSHE,14200,17.63,25.03,0.0,t_4964,5531
2025-08-29 09:30,600768.XSHG,1200,12.26,5.0,0.0,t_4965,5532
2025-09-03 09:30,300736.XSHE,200,12.66,5.0,0.0,t_4966,5533
2025-09-03 09:30,600768.XSHG,-1100,12.42,5.0,13.66,t_4967,5536
2025-09-03 09:30,002193.XSHE,-2100,5.91,5.0,12.41,t_4968,5537
2025-09-03 09:30,603729.XSHG,-600,17.18,5.0,10.31,t_4969,5538
2025-09-03 09:30,002719.XSHE,200,9.58,5.0,0.0,t_4970,5539
2025-09-03 09:30,000890.XSHE,-3100,4.06,5.0,12.59,t_4971,5540
2025-09-03 09:30,300163.XSHE,-57400,3.51,20.15,201.47,t_4972,5541
2025-09-03 09:30,300854.XSHE,-12900,20.82,26.86,268.58,t_4973,5542
2025-09-03 09:30,600847.XSHG,-24400,10.9,26.6,265.96,t_4974,5543
2025-09-03 09:30,600455.XSHG,9700,26.57,25.77,0.0,t_4975,5544
2025-09-03 09:30,300594.XSHE,14200,17.67,25.09,0.0,t_4976,5545
2025-09-03 09:30,300929.XSHE,700,10.8,5.0,0.0,t_4977,5546
2025-09-03 09:30,300948.XSHE,600,11.19,5.0,0.0,t_4978,5547
2025-09-03 09:30,300736.XSHE,500,12.66,5.0,0.0,t_4979,5548
2025-09-03 09:30,301098.XSHE,27800,9.05,25.16,0.0,t_4980,5549
2025-09-08 09:30,300736.XSHE,-1400,12.91,5.0,18.07,t_4981,5550
2025-09-08 09:30,300929.XSHE,100,10.84,5.0,0.0,t_4982,5551
2025-09-08 09:30,300948.XSHE,200,11.22,5.0,0.0,t_4983,5552
2025-09-08 09:30,600768.XSHG,500,12.41,5.0,0.0,t_4984,5553
2025-09-08 09:30,002193.XSHE,-2300,6.0,5.0,13.8,t_4985,5554
2025-09-08 09:30,603729.XSHG,500,17.1,5.0,0.0,t_4986,5555
2025-09-08 09:30,002719.XSHE,1000,9.53,5.0,0.0,t_4987,5556
2025-09-08 09:30,000890.XSHE,-700,4.1,5.0,2.87,t_4988,5557
2025-09-08 09:30,300163.XSHE,2400,3.43,5.0,0.0,t_4989,5558
2025-09-08 09:30,300854.XSHE,-12100,20.01,24.21,242.12,t_4990,5559
2025-09-08 09:30,600847.XSHG,-25300,11.49,29.07,290.7,t_4991,5560
2025-09-08 09:30,300594.XSHE,14600,17.62,25.73,0.0,t_4992,5561
2025-09-08 09:30,301098.XSHE,28200,9.02,25.44,0.0,t_4993,5562
2025-09-08 09:30,300163.XSHE,5400,3.43,5.0,0.0,t_4994,5563
2025-09-11 09:30,300736.XSHE,100,12.55,5.0,0.0,t_4995,5564
2025-09-11 09:30,300929.XSHE,-300,11.06,5.0,3.32,t_4996,5565
2025-09-11 09:30,300948.XSHE,-900,11.5,5.0,10.35,t_4997,5566
2025-09-11 09:30,600768.XSHG,400,12.56,5.0,0.0,t_4998,5567
2025-09-11 09:30,002193.XSHE,900,6.07,5.0,0.0,t_4999,5568
2025-09-11 09:30,603729.XSHG,-400,17.5,5.0,7.0,t_5000,5569
2025-09-11 09:30,002719.XSHE,-26900,9.75,26.23,262.27,t_5001,5570
2025-09-11 09:30,000890.XSHE,-3500,4.29,5.0,15.02,t_5002,5571
2025-09-11 09:30,300163.XSHE,-5900,3.56,5.0,21.0,t_5003,5572
2025-09-11 09:30,600847.XSHG,-21800,11.59,25.27,252.66,t_5004,5573
2025-09-11 09:30,300594.XSHE,13900,18.03,25.06,0.0,t_5005,5574
2025-09-11 09:30,301098.XSHE,28200,9.15,25.8,0.0,t_5006,5575
2025-09-11 09:30,300736.XSHE,4200,12.55,5.27,0.0,t_5007,5576
2025-09-16 09:30,300736.XSHE,-28900,14.07,40.66,406.62,t_5008,5577
2025-09-16 09:30,300929.XSHE,500,11.03,5.0,0.0,t_5009,5578
2025-09-16 09:30,300948.XSHE,900,11.43,5.0,0.0,t_5010,5579
2025-09-16 09:30,002193.XSHE,5300,5.94,5.0,0.0,t_5011,5580
2025-09-16 09:30,603729.XSHG,1300,17.24,5.0,0.0,t_5012,5581
2025-09-16 09:30,002719.XSHE,1500,9.58,5.0,0.0,t_5013,5582
2025-09-16 09:30,000890.XSHE,-57200,4.12,23.57,235.66,t_5014,5583
2025-09-16 09:30,300163.XSHE,3100,3.53,5.0,0.0,t_5015,5584
2025-09-16 09:30,600847.XSHG,400,11.39,5.0,0.0,t_5016,5585
2025-09-16 09:30,600455.XSHG,300,26.88,5.0,0.0,t_5017,5586
2025-09-16 09:30,300594.XSHE,14800,17.96,26.58,0.0,t_5018,5587
2025-09-16 09:30,301098.XSHE,29100,9.09,26.45,0.0,t_5019,5588
2025-09-19 09:30,300736.XSHE,-20700,14.54,30.1,300.98,t_5020,5589
2025-09-19 09:30,300929.XSHE,1700,10.75,5.0,0.0,t_5021,5590
2025-09-19 09:30,300948.XSHE,1000,11.2,5.0,0.0,t_5022,5591
2025-09-19 09:30,600768.XSHG,2900,12.11,5.0,0.0,t_5023,5592
2025-09-19 09:30,002193.XSHE,3100,5.79,5.0,0.0,t_5024,5593
2025-09-19 09:30,603729.XSHG,300,16.97,5.0,0.0,t_5025,5594
2025-09-19 09:30,002719.XSHE,23500,9.21,21.64,0.0,t_5026,5595
2025-09-19 09:30,000890.XSHE,-62600,4.38,27.42,274.19,t_5027,5596
2025-09-19 09:30,300163.XSHE,-11900,3.64,5.0,43.32,t_5028,5597
2025-09-19 09:30,600847.XSHG,-22600,11.49,25.97,259.67,t_5029,5598
2025-09-19 09:30,600455.XSHG,10000,26.27,26.27,0.0,t_5030,5599
2025-09-19 09:30,300594.XSHE,-700,17.95,5.0,12.56,t_5031,5600
2025-09-19 09:30,301098.XSHE,29700,8.9,26.43,0.0,t_5032,5601
2025-09-19 09:30,002719.XSHE,6500,9.21,5.99,0.0,t_5033,5602
2025-09-24 09:30,300736.XSHE,-15600,13.23,20.64,206.39,t_5034,5603
2025-09-24 09:30,600768.XSHG,-1200,11.77,5.0,14.12,t_5035,5604
2025-09-24 09:30,002193.XSHE,1800,5.51,5.0,0.0,t_5036,5605
2025-09-24 09:30,603729.XSHG,900,16.1,5.0,0.0,t_5037,5606
2025-09-24 09:30,002719.XSHE,2400,8.65,5.0,0.0,t_5038,5607
2025-09-24 09:30,300163.XSHE,52700,3.36,17.71,0.0,t_5039,5608
2025-09-24 09:30,600455.XSHG,-800,25.85,5.0,20.68,t_5040,5609
2025-09-24 09:30,300594.XSHE,-1400,17.56,5.0,24.58,t_5041,5610
2025-09-24 09:30,301098.XSHE,-500,8.58,5.0,4.29,t_5042,5611
2025-09-24 09:30,300163.XSHE,14800,3.36,5.0,0.0,t_5043,5612
2025-10-10 09:30,300736.XSHE,-16500,13.33,21.99,219.94,t_5044,5633
2025-10-10 09:30,300929.XSHE,9400,10.68,10.04,0.0,t_5045,5634
2025-10-10 09:30,600768.XSHG,6900,12.32,8.5,0.0,t_5046,5635
2025-10-10 09:30,002193.XSHE,5900,5.74,5.0,0.0,t_5047,5636
2025-10-10 09:30,300163.XSHE,100,3.52,5.0,0.0,t_5048,5639
2025-10-10 14:00,300948.XSHE,-88700,22.74,201.7,2017.04,t_5049,5652
2025-10-15 09:30,300736.XSHE,22300,12.89,28.74,0.0,t_5050,5653
2025-10-15 09:30,300929.XSHE,-2300,11.01,5.0,25.32,t_5051,5654
2025-10-15 09:30,300948.XSHE,-10300,19.0,19.57,195.7,t_5052,5655
2025-10-15 09:30,603729.XSHG,6900,16.67,11.5,0.0,t_5053,5656
2025-10-15 09:30,002719.XSHE,30100,9.65,29.05,0.0,t_5054,5657
2025-10-15 09:30,300163.XSHE,41600,3.55,14.77,0.0,t_5055,5658
2025-10-15 09:30,600455.XSHG,15500,25.85,40.07,0.0,t_5056,5659
2025-10-15 09:30,300594.XSHE,8700,17.63,15.34,0.0,t_5057,5660
2025-10-15 09:30,301098.XSHE,10400,9.03,9.39,0.0,t_5058,5661
2025-10-15 09:30,600847.XSHG,49100,11.24,55.19,0.0,t_5059,5662
2025-10-15 09:30,300385.XSHE,37600,5.18,19.48,0.0,t_5060,5663
2025-10-20 09:30,300948.XSHE,-14600,19.17,27.99,279.88,t_5061,5666
2025-10-20 09:30,600768.XSHG,100,12.45,5.0,0.0,t_5062,5667
2025-10-20 09:30,002193.XSHE,-18600,5.29,9.84,98.39,t_5063,5668
2025-10-20 09:30,603729.XSHG,700,16.54,5.0,0.0,t_5064,5669
2025-10-20 09:30,002719.XSHE,-1600,9.77,5.0,15.63,t_5065,5670
2025-10-20 09:30,300163.XSHE,5700,3.5,5.0,0.0,t_5066,5671
2025-10-20 09:30,600455.XSHG,-200,26.0,5.0,5.2,t_5067,5672
2025-10-20 09:30,300594.XSHE,900,17.44,5.0,0.0,t_5068,5673
2025-10-20 09:30,301098.XSHE,-800,9.09,5.0,7.27,t_5069,5674
2025-10-20 09:30,600847.XSHG,-400,11.36,5.0,4.54,t_5070,5675
2025-10-20 09:30,300385.XSHE,16500,5.1,8.42,0.0,t_5071,5676
2025-10-20 09:30,300929.XSHE,500,10.96,5.0,0.0,t_5072,5677
2025-10-20 09:30,300736.XSHE,20900,13.0,27.17,0.0,t_5073,5678
2025-10-23 09:30,002193.XSHE,-1100,5.53,5.0,6.08,t_5074,5680
2025-10-23 09:30,603729.XSHG,200,17.15,5.0,0.0,t_5075,5681
2025-10-23 09:30,002719.XSHE,300,9.95,5.0,0.0,t_5076,5682
2025-10-23 09:30,300163.XSHE,-1000,3.65,5.0,3.65,t_5077,5683
2025-10-23 09:30,600455.XSHG,-1400,27.75,5.0,38.85,t_5078,5684
2025-10-23 09:30,300594.XSHE,-900,18.36,5.0,16.52,t_5079,5685
2025-10-23 09:30,301098.XSHE,1100,9.38,5.0,0.0,t_5080,5686
2025-10-23 09:30,600847.XSHG,-24000,11.67,28.01,280.08,t_5081,5687
2025-10-23 09:30,300385.XSHE,-1200,5.44,5.0,6.53,t_5082,5688
2025-10-23 09:30,300736.XSHE,23500,13.18,30.97,0.0,t_5083,5689
2025-10-23 09:30,002719.XSHE,2500,9.95,5.0,0.0,t_5084,5690
2025-10-28 09:30,300736.XSHE,-3200,14.01,5.0,44.83,t_5085,5691
2025-10-28 09:30,300929.XSHE,4000,11.24,5.0,0.0,t_5086,5692
2025-10-28 09:30,600768.XSHG,-700,13.35,5.0,9.35,t_5087,5693
2025-10-28 09:30,002193.XSHE,1800,5.48,5.0,0.0,t_5088,5694
2025-10-28 09:30,300163.XSHE,-111700,4.17,46.58,465.79,t_5089,5697
2025-10-28 09:30,600455.XSHG,200,28.25,5.0,0.0,t_5090,5698
2025-10-28 09:30,300594.XSHE,300,18.68,5.0,0.0,t_5091,5699
2025-10-28 09:30,301098.XSHE,4000,9.35,5.0,0.0,t_5092,5700
2025-10-28 09:30,600847.XSHG,-300,12.09,5.0,3.63,t_5093,5701
2025-10-28 09:30,300385.XSHE,300,5.52,5.0,0.0,t_5094,5702
2025-10-28 09:30,002193.XSHE,4900,5.48,5.0,0.0,t_5095,5703
2025-10-28 09:30,300929.XSHE,700,11.24,5.0,0.0,t_5096,5704
2025-10-28 09:30,603729.XSHG,400,17.48,5.0,0.0,t_5097,5705
2025-10-28 09:30,002719.XSHE,8500,9.62,8.18,0.0,t_5098,5706
2025-10-28 09:30,300405.XSHE,46200,6.36,29.38,0.0,t_5099,5707
2025-10-29 14:00,300163.XSHE,-33900,4.7,15.93,159.33,t_5100,5708
2025-10-31 09:30,300736.XSHE,-1100,14.07,5.0,15.48,t_5101,5709
2025-10-31 09:30,300929.XSHE,1200,11.04,5.0,0.0,t_5102,5710
2025-10-31 09:30,600768.XSHG,-100,13.24,5.0,1.32,t_5103,5711
2025-10-31 09:30,002193.XSHE,1200,5.4,5.0,0.0,t_5104,5712
2025-10-31 09:30,603729.XSHG,3600,16.6,5.98,0.0,t_5105,5713
2025-10-31 09:30,002719.XSHE,5000,9.23,5.0,0.0,t_5106,5714
2025-10-31 09:30,300163.XSHE,-66100,4.8,31.73,317.28,t_5107,5715
2025-10-31 09:30,600455.XSHG,300,27.81,5.0,0.0,t_5108,5716
2025-10-31 09:30,300594.XSHE,1500,18.17,5.0,0.0,t_5109,5717
2025-10-31 09:30,301098.XSHE,4800,8.99,5.0,0.0,t_5110,5718
2025-10-31 09:30,600847.XSHG,-800,12.35,5.0,9.88,t_5111,5719
2025-10-31 09:30,300385.XSHE,600,5.41,5.0,0.0,t_5112,5720
2025-10-31 09:30,300405.XSHE,46800,6.26,29.3,0.0,t_5113,5721
2025-11-05 09:30,300736.XSHE,200,14.22,5.0,0.0,t_5114,5722
2025-11-05 09:30,300929.XSHE,-500,11.45,5.0,5.73,t_5115,5723
2025-11-05 09:30,600768.XSHG,400,13.45,5.0,0.0,t_5116,5724
2025-11-05 09:30,002193.XSHE,100,5.85,5.0,0.0,t_5117,5725
2025-11-05 09:30,603729.XSHG,-3700,17.91,6.63,66.27,t_5118,5726
2025-11-05 09:30,002719.XSHE,600,9.49,5.0,0.0,t_5119,5727
2025-11-05 09:30,300163.XSHE,-56000,4.77,26.71,267.12,t_5120,5728
2025-11-05 09:30,600455.XSHG,1300,28.01,5.0,0.0,t_5121,5729
2025-11-05 09:30,300594.XSHE,1500,18.42,5.0,0.0,t_5122,5730
2025-11-05 09:30,301098.XSHE,-1800,9.39,5.0,16.9,t_5123,5731
2025-11-05 09:30,600847.XSHG,-23600,12.52,29.55,295.47,t_5124,5732
2025-11-05 09:30,300385.XSHE,-900,5.69,5.0,5.12,t_5125,5733
2025-11-05 09:30,300405.XSHE,100,6.46,5.0,0.0,t_5126,5734
2025-11-05 09:30,002193.XSHE,41100,5.85,24.04,0.0,t_5127,5735
2025-11-05 09:30,300736.XSHE,1400,14.22,5.0,0.0,t_5128,5736
2025-11-05 09:30,600768.XSHG,1200,13.45,5.0,0.0,t_5129,5737
2025-11-05 09:30,002883.XSHE,25700,11.68,30.02,0.0,t_5130,5738
2025-11-10 09:30,300736.XSHE,-26100,16.1,42.02,420.21,t_5131,5739
2025-11-10 09:30,300929.XSHE,-1100,12.02,5.0,13.22,t_5132,5740
2025-11-10 09:30,600768.XSHG,1800,13.79,5.0,0.0,t_5133,5741
2025-11-10 09:30,002193.XSHE,3000,6.02,5.0,0.0,t_5134,5742
2025-11-10 09:30,603729.XSHG,2400,18.1,5.0,0.0,t_5135,5743
2025-11-10 09:30,002719.XSHE,500,9.85,5.0,0.0,t_5136,5744
2025-11-10 09:30,300163.XSHE,-63200,4.98,31.47,314.74,t_5137,5745
2025-11-10 09:30,600455.XSHG,1600,28.32,5.0,0.0,t_5138,5746
2025-11-10 09:30,300594.XSHE,-1800,19.63,5.0,35.33,t_5139,5747
2025-11-10 09:30,301098.XSHE,2000,9.65,5.0,0.0,t_5140,5748
2025-11-10 09:30,300385.XSHE,-700,6.0,5.0,4.2,t_5141,5749
2025-11-10 09:30,300405.XSHE,300,6.7,5.0,0.0,t_5142,5750
2025-11-10 09:30,002883.XSHE,26500,11.99,31.77,0.0,t_5143,5751
2025-11-10 09:30,300417.XSHE,21800,14.32,31.22,0.0,t_5144,5752
2025-11-13 09:30,300736.XSHE,-24100,18.46,44.49,444.89,t_5145,5753
2025-11-13 09:30,300929.XSHE,700,12.08,5.0,0.0,t_5146,5754
2025-11-13 09:30,600768.XSHG,2200,13.67,5.0,0.0,t_5147,5755
2025-11-13 09:30,002193.XSHE,-3000,6.16,5.0,18.48,t_5148,5756
2025-11-13 09:30,603729.XSHG,2000,17.89,5.0,0.0,t_5149,5757
2025-11-13 09:30,002719.XSHE,-3400,10.18,5.0,34.61,t_5150,5758
2025-11-13 09:30,300163.XSHE,-62900,4.84,30.44,304.44,t_5151,5759
2025-11-13 09:30,600455.XSHG,800,28.25,5.0,0.0,t_5152,5760
2025-11-13 09:30,300594.XSHE,3800,18.92,7.19,0.0,t_5153,5761
2025-11-13 09:30,301098.XSHE,2600,9.6,5.0,0.0,t_5154,5762
2025-11-13 09:30,300385.XSHE,-1900,6.3,5.0,11.97,t_5155,5763
2025-11-13 09:30,300405.XSHE,-3700,7.06,5.0,26.12,t_5156,5764
2025-11-13 09:30,002883.XSHE,26400,12.08,31.89,0.0,t_5157,5765
2025-11-13 09:30,300417.XSHE,23100,14.07,32.5,0.0,t_5158,5766
2025-11-18 09:30,300736.XSHE,-17100,18.91,32.34,323.36,t_5159,5767
2025-11-18 09:30,600768.XSHG,900,13.88,5.0,0.0,t_5160,5768
2025-11-18 09:30,002193.XSHE,-3100,6.38,5.0,19.78,t_5161,5769
2025-11-18 09:30,002719.XSHE,900,10.35,5.0,0.0,t_5162,5770
2025-11-18 09:30,600455.XSHG,600,28.57,5.0,0.0,t_5163,5771
2025-11-18 09:30,300594.XSHE,500,19.24,5.0,0.0,t_5164,5772
2025-11-18 09:30,301098.XSHE,700,9.78,5.0,0.0,t_5165,5773
2025-11-18 09:30,300385.XSHE,1500,6.25,5.0,0.0,t_5166,5774
2025-11-18 09:30,300405.XSHE,-48600,7.9,38.39,383.94,t_5167,5775
2025-11-18 09:30,002883.XSHE,27900,12.16,33.93,0.0,t_5168,5776
2025-11-18 09:30,300417.XSHE,22300,14.45,32.22,0.0,t_5169,5777
2025-11-21 09:30,300736.XSHE,-600,18.46,5.0,11.08,t_5170,5778
2025-11-21 09:30,300929.XSHE,-500,11.68,5.0,5.84,t_5171,5779
2025-11-21 09:30,600768.XSHG,1600,12.82,5.0,0.0,t_5172,5780
2025-11-21 09:30,002193.XSHE,-1600,6.04,5.0,9.66,t_5173,5781
2025-11-21 09:30,603729.XSHG,-1600,17.56,5.0,28.1,t_5174,5782
2025-11-21 09:30,002719.XSHE,4000,9.41,5.0,0.0,t_5175,5783
2025-11-21 09:30,300594.XSHE,-400,18.21,5.0,7.28,t_5176,5785
2025-11-21 09:30,301098.XSHE,-400,9.23,5.0,3.69,t_5177,5786
2025-11-21 09:30,300385.XSHE,-51800,6.32,32.74,327.38,t_5178,5787
2025-11-21 09:30,300405.XSHE,-41100,7.01,28.81,288.11,t_5179,5788
2025-11-21 09:30,002883.XSHE,-2500,11.72,5.0,29.3,t_5180,5789
2025-11-21 09:30,300417.XSHE,24500,13.28,32.54,0.0,t_5181,5790
2025-11-21 09:30,002719.XSHE,1500,9.41,5.0,0.0,t_5182,5791
2025-11-21 09:30,600455.XSHG,200,26.8,5.0,0.0,t_5183,5792
2025-11-21 09:30,600768.XSHG,600,12.82,5.0,0.0,t_5184,5793
2025-11-21 09:30,300854.XSHE,16600,18.18,30.18,0.0,t_5185,5794
2025-11-26 09:30,300736.XSHE,-16600,19.5,32.37,323.7,t_5186,5795
2025-11-26 09:30,300929.XSHE,2600,11.54,5.0,0.0,t_5187,5796
2025-11-26 09:30,600768.XSHG,-1700,13.13,5.0,22.32,t_5188,5797
2025-11-26 09:30,002193.XSHE,-6800,6.26,5.0,42.57,t_5189,5798
2025-11-26 09:30,603729.XSHG,-1300,17.99,5.0,23.39,t_5190,5799
2025-11-26 09:30,002719.XSHE,1000,9.43,5.0,0.0,t_5191,5800
2025-11-26 09:30,600455.XSHG,400,26.83,5.0,0.0,t_5192,5801
2025-11-26 09:30,300594.XSHE,-100,18.39,5.0,1.84,t_5193,5802
2025-11-26 09:30,301098.XSHE,3300,9.12,5.0,0.0,t_5194,5803
2025-11-26 09:30,002883.XSHE,-24800,11.65,28.89,288.92,t_5195,5804
2025-11-26 09:30,300417.XSHE,22700,13.42,30.46,0.0,t_5196,5805
2025-11-26 09:30,300854.XSHE,17800,17.82,31.72,0.0,t_5197,5806
2025-12-01 09:30,600768.XSHG,-300,13.33,5.0,4.0,t_5198,5808
2025-12-01 09:30,002193.XSHE,700,6.17,5.0,0.0,t_5199,5809
2025-12-01 09:30,002719.XSHE,-2200,9.69,5.0,21.32,t_5200,5811
2025-12-01 09:30,600455.XSHG,-600,27.51,5.0,16.51,t_5201,5812
2025-12-01 09:30,300594.XSHE,600,18.48,5.0,0.0,t_5202,5813
2025-12-01 09:30,301098.XSHE,-1500,9.33,5.0,14.0,t_5203,5814
2025-12-01 09:30,002883.XSHE,-26600,11.85,31.52,315.21,t_5204,5815
2025-12-01 09:30,300417.XSHE,-700,13.7,5.0,9.59,t_5205,5816
2025-12-01 09:30,300854.XSHE,17100,18.12,30.99,0.0,t_5206,5817
2025-12-01 09:30,300929.XSHE,500,11.65,5.0,0.0,t_5207,5818
2025-12-01 09:30,002193.XSHE,6000,6.17,5.0,0.0,t_5208,5819
2025-12-01 09:30,603729.XSHG,700,18.02,5.0,0.0,t_5209,5820
2025-12-04 09:30,600768.XSHG,-6100,13.8,8.42,84.18,t_5210,5821
2025-12-04 09:30,002193.XSHE,2200,6.0,5.0,0.0,t_5211,5822
2025-12-04 09:30,603729.XSHG,3500,17.02,5.96,0.0,t_5212,5823
2025-12-04 09:30,002719.XSHE,1200,9.41,5.0,0.0,t_5213,5824
2025-12-04 09:30,301098.XSHE,-3000,9.32,5.0,27.96,t_5214,5827
2025-12-04 09:30,300417.XSHE,-24500,13.7,33.57,335.65,t_5215,5828
2025-12-04 09:30,300854.XSHE,18900,17.33,32.75,0.0,t_5216,5829
2025-12-04 09:30,002719.XSHE,300,9.41,5.0,0.0,t_5217,5830
2025-12-04 09:30,300594.XSHE,600,17.99,5.0,0.0,t_5218,5831
2025-12-04 09:30,600455.XSHG,700,26.61,5.0,0.0,t_5219,5832
2025-12-09 09:30,300929.XSHE,200,11.52,5.0,0.0,t_5220,5833
2025-12-09 09:30,002193.XSHE,100,6.03,5.0,0.0,t_5221,5835
2025-12-09 09:30,002719.XSHE,-1800,9.62,5.0,17.32,t_5222,5837
2025-12-09 09:30,600455.XSHG,-100,26.97,5.0,2.7,t_5223,5838
2025-12-09 09:30,300594.XSHE,1100,17.84,5.0,0.0,t_5224,5839
2025-12-09 09:30,301098.XSHE,-1700,9.51,5.0,16.17,t_5225,5840
2025-12-09 09:30,002883.XSHE,400,11.63,5.0,0.0,t_5226,5841
2025-12-09 09:30,300417.XSHE,-24200,14.24,34.46,344.61,t_5227,5842
2025-12-09 09:30,300854.XSHE,17000,17.63,29.97,0.0,t_5228,5843
2025-12-09 09:30,002193.XSHE,1200,6.03,5.0,0.0,t_5229,5844
2025-12-09 09:30,603729.XSHG,900,17.02,5.0,0.0,t_5230,5845
2025-12-09 09:30,300594.XSHE,500,17.84,5.0,0.0,t_5231,5846
2025-12-09 09:30,600768.XSHG,1700,13.72,5.0,0.0,t_5232,5847
2025-12-12 09:30,300929.XSHE,-2300,10.91,5.0,25.09,t_5233,5848
2025-12-12 09:30,600768.XSHG,-2400,13.05,5.0,31.32,t_5234,5849
2025-12-12 09:30,002193.XSHE,4100,5.52,5.0,0.0,t_5235,5850
2025-12-12 09:30,603729.XSHG,-100,15.86,5.0,1.59,t_5236,5851
2025-12-12 09:30,002719.XSHE,4300,8.65,5.0,0.0,t_5237,5852
2025-12-12 09:30,600455.XSHG,-100,25.14,5.0,2.51,t_5238,5853
2025-12-12 09:30,300594.XSHE,100,16.48,5.0,0.0,t_5239,5854
2025-12-12 09:30,301098.XSHE,100,8.61,5.0,0.0,t_5240,5855
2025-12-12 09:30,300417.XSHE,-23800,13.94,33.18,331.77,t_5241,5857
2025-12-12 09:30,300854.XSHE,300,16.35,5.0,0.0,t_5242,5858
2025-12-12 09:30,002719.XSHE,1100,8.65,5.0,0.0,t_5243,5859
2025-12-12 09:30,300594.XSHE,500,16.48,5.0,0.0,t_5244,5860
2025-12-12 09:30,301098.XSHE,4200,8.61,5.0,0.0,t_5245,5861
2025-12-12 09:30,002883.XSHE,24700,11.03,27.24,0.0,t_5246,5862
2025-12-17 09:30,002719.XSHE,-3500,8.6,5.0,30.1,t_5247,5865
2025-12-17 09:30,600455.XSHG,-1000,24.87,5.0,24.87,t_5248,5866
2025-12-17 09:30,300594.XSHE,-2100,16.45,5.0,34.55,t_5249,5867
2025-12-17 09:30,301098.XSHE,900,8.33,5.0,0.0,t_5250,5868
2025-12-17 09:30,002883.XSHE,7700,10.62,8.18,0.0,t_5251,5869
2025-12-17 09:30,300417.XSHE,-19800,13.06,25.86,258.59,t_5252,5870
2025-12-17 09:30,300854.XSHE,1200,15.69,5.0,0.0,t_5253,5871
2025-12-17 09:30,300929.XSHE,2700,10.39,5.0,0.0,t_5254,5872
2025-12-17 09:30,600768.XSHG,400,12.63,5.0,0.0,t_5255,5873
2025-12-17 09:30,002883.XSHE,19400,10.62,20.6,0.0,t_5256,5874
2025-12-22 09:30,002193.XSHE,100,5.7,5.0,0.0,t_5257,5876
2025-12-22 09:30,603729.XSHG,-300,16.45,5.0,4.94,t_5258,5877
2025-12-22 09:30,002719.XSHE,-1300,9.21,5.0,11.97,t_5259,5878
2025-12-22 09:30,600455.XSHG,300,26.24,5.0,0.0,t_5260,5879
2025-12-22 09:30,300594.XSHE,-2800,18.06,5.06,50.57,t_5261,5880
2025-12-22 09:30,301098.XSHE,3100,8.69,5.0,0.0,t_5262,5881
2025-12-22 09:30,002883.XSHE,2900,11.13,5.0,0.0,t_5263,5882
2025-12-22 09:30,300417.XSHE,-21400,13.72,29.36,293.61,t_5264,5883
2025-12-22 09:30,002193.XSHE,100,5.7,5.0,0.0,t_5265,5884
2025-12-22 09:30,002883.XSHE,25400,11.13,28.27,0.0,t_5266,5885
2025-12-22 09:30,600768.XSHG,700,13.32,5.0,0.0,t_5267,5886
2025-12-25 09:30,600768.XSHG,-22500,13.35,30.04,300.38,t_5268,5888
2025-12-25 09:30,002193.XSHE,13700,5.4,7.4,0.0,t_5269,5889
2025-12-25 09:30,603729.XSHG,900,16.22,5.0,0.0,t_5270,5890
2025-12-25 09:30,002719.XSHE,7100,8.79,6.24,0.0,t_5271,5891
2025-12-25 09:30,600455.XSHG,600,25.92,5.0,0.0,t_5272,5892
2025-12-25 09:30,300594.XSHE,-24300,20.48,49.77,497.66,t_5273,5893
2025-12-25 09:30,301098.XSHE,-700,8.71,5.0,6.1,t_5274,5894
2025-12-25 09:30,002883.XSHE,1400,10.99,5.0,0.0,t_5275,5895
2025-12-25 09:30,300854.XSHE,600,16.51,5.0,0.0,t_5276,5896
2025-12-25 09:30,300929.XSHE,1800,10.87,5.0,0.0,t_5277,5897
2025-12-25 09:30,301372.XSHE,11700,25.21,29.5,0.0,t_5278,5898
2025-12-25 09:30,600543.XSHG,53800,5.49,29.54,0.0,t_5279,5899
2025-12-30 09:30,300929.XSHE,200,10.75,5.0,0.0,t_5280,5900
2025-12-30 09:30,600768.XSHG,-22800,13.47,30.71,307.12,t_5281,5901
2025-12-30 09:30,002193.XSHE,1300,5.37,5.0,0.0,t_5282,5902
2025-12-30 09:30,603729.XSHG,1600,15.92,5.0,0.0,t_5283,5903
2025-12-30 09:30,002719.XSHE,1600,8.7,5.0,0.0,t_5284,5904
2025-12-30 09:30,600455.XSHG,100,25.87,5.0,0.0,t_5285,5905
2025-12-30 09:30,300594.XSHE,-13300,19.92,26.49,264.94,t_5286,5906
2025-12-30 09:30,301098.XSHE,700,8.66,5.0,0.0,t_5287,5907
2025-12-30 09:30,300854.XSHE,-5000,17.49,8.74,87.45,t_5288,5908
2025-12-30 09:30,301372.XSHE,11300,25.69,29.03,0.0,t_5289,5909
2025-12-30 09:30,600543.XSHG,55400,5.41,29.97,0.0,t_5290,5910
2025-12-30 09:30,300929.XSHE,1200,10.75,5.0,0.0,t_5291,5911
2026-01-05 09:30,300929.XSHE,-137400,10.76,147.84,1478.42,t_5292,5912
2026-01-05 09:30,600768.XSHG,-65800,14.0,92.12,921.2,t_5293,5913
2026-01-05 09:30,002193.XSHE,-275000,5.31,146.03,1460.25,t_5294,5914
2026-01-05 09:30,603729.XSHG,-92700,16.09,149.15,1491.54,t_5295,5915
2026-01-05 09:30,002719.XSHE,-169700,8.53,144.75,1447.54,t_5296,5916
2026-01-05 09:30,600455.XSHG,-57100,25.83,147.49,1474.89,t_5297,5917
2026-01-05 09:30,300594.XSHE,-44500,19.59,87.18,871.75,t_5298,5918
2026-01-05 09:30,301098.XSHE,-170500,8.6,146.63,1466.3,t_5299,5919
2026-01-05 09:30,002883.XSHE,-134500,10.95,147.28,1472.78,t_5300,5920
2026-01-05 09:30,300854.XSHE,-84500,16.98,143.48,1434.81,t_5301,5921
2026-01-05 09:30,301372.XSHE,-23000,25.37,58.35,583.51,t_5302,5922
2026-01-05 09:30,600543.XSHG,-109200,5.35,58.42,584.22,t_5303,5923
2026-01-05 09:30,511880.XSHG,146600,100.065,0.0,0.0,t_5304,5924
2026-02-02 09:30,511880.XSHG,-146600,100.135,0.0,0.0,t_5305,5925
2026-02-03 09:30,300929.XSHE,24700,11.88,29.34,0.0,t_5306,5926
2026-02-03 09:30,002719.XSHE,31500,9.3,29.3,0.0,t_5307,5927
2026-02-03 09:30,002883.XSHE,27800,10.55,29.33,0.0,t_5308,5928
2026-02-03 09:30,600543.XSHG,56200,5.22,29.34,0.0,t_5309,5929
2026-02-03 09:30,002193.XSHE,44600,6.58,29.35,0.0,t_5310,5930
2026-02-03 09:30,301098.XSHE,31100,9.43,29.33,0.0,t_5311,5931
2026-02-03 09:30,600455.XSHG,10100,28.82,29.11,0.0,t_5312,5932
2026-02-03 09:30,300417.XSHE,21500,13.64,29.33,0.0,t_5313,5933
2026-02-03 09:30,300621.XSHE,33100,8.86,29.33,0.0,t_5314,5934
2026-02-03 09:30,300665.XSHE,34100,8.61,29.36,0.0,t_5315,5935
2026-02-06 09:30,300929.XSHE,23700,12.18,28.87,0.0,t_5316,5936
2026-02-06 09:30,002719.XSHE,30300,9.54,28.91,0.0,t_5317,5937
2026-02-06 09:30,002883.XSHE,27000,10.77,29.08,0.0,t_5318,5938
2026-02-06 09:30,600543.XSHG,54300,5.34,29.0,0.0,t_5319,5939
2026-02-06 09:30,002193.XSHE,39500,7.01,27.69,0.0,t_5320,5940
2026-02-06 09:30,301098.XSHE,30800,9.52,29.32,0.0,t_5321,5941
2026-02-06 09:30,600455.XSHG,10200,29.05,29.63,0.0,t_5322,5942
2026-02-06 09:30,300417.XSHE,21100,13.85,29.22,0.0,t_5323,5943
2026-02-06 09:30,300621.XSHE,31200,9.17,28.61,0.0,t_5324,5944
2026-02-06 09:30,300665.XSHE,-500,8.8,5.0,4.4,t_5325,5945
2026-02-06 09:30,603880.XSHG,45100,6.54,29.5,0.0,t_5326,5946
2026-02-11 09:30,300929.XSHE,23200,12.5,29.0,0.0,t_5327,5947
2026-02-11 09:30,002719.XSHE,29500,9.8,28.91,0.0,t_5328,5948
2026-02-11 09:30,002883.XSHE,25900,11.08,28.7,0.0,t_5329,5949
2026-02-11 09:30,600543.XSHG,52200,5.5,28.71,0.0,t_5330,5950
2026-02-11 09:30,002193.XSHE,39700,7.23,28.7,0.0,t_5331,5951
2026-02-11 09:30,301098.XSHE,28900,9.85,28.47,0.0,t_5332,5952
2026-02-11 09:30,600455.XSHG,9800,29.68,29.09,0.0,t_5333,5953
2026-02-11 09:30,300417.XSHE,19900,14.32,28.5,0.0,t_5334,5954
2026-02-11 09:30,300621.XSHE,30900,9.4,29.05,0.0,t_5335,5955
2026-02-11 09:30,300665.XSHE,33700,8.86,29.86,0.0,t_5336,5956
2026-02-11 09:30,603880.XSHG,-1000,6.78,5.0,6.78,t_5337,5957
2026-02-24 09:30,300929.XSHE,23400,12.44,29.11,0.0,t_5338,5958
2026-02-24 09:30,002719.XSHE,33700,9.46,31.88,0.0,t_5339,5959
2026-02-24 09:30,002883.XSHE,29400,10.74,31.58,0.0,t_5340,5960
2026-02-24 09:30,600543.XSHG,56200,5.4,30.35,0.0,t_5341,5961
2026-02-24 09:30,002193.XSHE,46800,6.93,32.43,0.0,t_5342,5962
2026-02-24 09:30,301098.XSHE,29700,9.81,29.14,0.0,t_5343,5963
2026-02-24 09:30,600455.XSHG,9900,29.52,29.22,0.0,t_5344,5964
2026-02-24 09:30,300417.XSHE,-1400,14.53,5.0,20.34,t_5345,5965
2026-02-24 09:30,300621.XSHE,31400,9.34,29.33,0.0,t_5346,5966
2026-02-24 09:30,300665.XSHE,36600,8.53,31.22,0.0,t_5347,5967
2026-02-24 09:30,603880.XSHG,-600,6.8,5.0,4.08,t_5348,5968
2026-02-24 09:30,603729.XSHG,15700,18.83,29.56,0.0,t_5349,5969
2026-02-27 09:30,300929.XSHE,21900,12.65,27.7,0.0,t_5350,5970
2026-02-27 09:30,002719.XSHE,25700,9.81,25.21,0.0,t_5351,5971
2026-02-27 09:30,002883.XSHE,26900,10.79,29.03,0.0,t_5352,5972
2026-02-27 09:30,600543.XSHG,55000,5.4,29.7,0.0,t_5353,5973
2026-02-27 09:30,002193.XSHE,51800,6.65,34.45,0.0,t_5354,5974
2026-02-27 09:30,301098.XSHE,31600,9.72,30.72,0.0,t_5355,5975
2026-02-27 09:30,600455.XSHG,10400,29.3,30.47,0.0,t_5356,5976
2026-02-27 09:30,300417.XSHE,-800,14.74,5.0,11.79,t_5357,5977
2026-02-27 09:30,300621.XSHE,31700,9.34,29.61,0.0,t_5358,5978
2026-02-27 09:30,300665.XSHE,34600,8.54,29.55,0.0,t_5359,5979
2026-02-27 09:30,603880.XSHG,500,6.71,5.0,0.0,t_5360,5980
2026-02-27 09:30,603729.XSHG,15900,18.7,29.73,0.0,t_5361,5981
2026-03-04 09:30,300929.XSHE,-1200,11.8,5.0,14.16,t_5362,5982
2026-03-04 09:30,002719.XSHE,900,9.0,5.0,0.0,t_5363,5983
2026-03-04 09:30,002883.XSHE,-200,9.98,5.0,2.0,t_5364,5984
2026-03-04 09:30,600543.XSHG,-6300,5.1,5.0,32.13,t_5365,5985
2026-03-04 09:30,002193.XSHE,-3000,6.22,5.0,18.66,t_5366,5986
2026-03-04 09:30,301098.XSHE,2900,8.8,5.0,0.0,t_5367,5987
2026-03-04 09:30,600455.XSHG,-700,27.47,5.0,19.23,t_5368,5988
2026-03-04 09:30,300417.XSHE,-19500,13.41,26.15,261.5,t_5369,5989
2026-03-04 09:30,300621.XSHE,3900,8.41,5.0,0.0,t_5370,5990
2026-03-04 09:30,300665.XSHE,1900,7.77,5.0,0.0,t_5371,5991
2026-03-04 09:30,603880.XSHG,-400,6.26,5.0,2.5,t_5372,5992
2026-03-04 09:30,603729.XSHG,16000,17.12,27.39,0.0,t_5373,5993
2026-03-09 09:30,300929.XSHE,-100,12.34,5.0,1.23,t_5374,5995
2026-03-09 09:30,002719.XSHE,-2000,9.53,5.0,19.06,t_5375,5996
2026-03-09 09:30,002883.XSHE,2000,10.2,5.0,0.0,t_5376,5997
2026-03-09 09:30,600543.XSHG,100,5.19,5.0,0.0,t_5377,5998
2026-03-09 09:30,301098.XSHE,-2100,9.33,5.0,19.59,t_5378,5999
2026-03-09 09:30,600455.XSHG,100,28.58,5.0,0.0,t_5379,6000
2026-03-09 09:30,300417.XSHE,-20400,14.04,28.64,286.42,t_5380,6001
2026-03-09 09:30,300621.XSHE,-2500,8.93,5.0,22.32,t_5381,6002
2026-03-09 09:30,300665.XSHE,35600,8.1,28.84,0.0,t_5382,6003
2026-03-09 09:30,603729.XSHG,2000,17.98,5.0,0.0,t_5383,6004
2026-03-09 09:30,600543.XSHG,100,5.19,5.0,0.0,t_5384,6006
2026-03-09 14:00,603880.XSHG,-43600,6.76,29.47,294.74,t_5385,6008
2026-03-12 09:30,300929.XSHE,-1300,12.8,5.0,16.64,t_5386,6009
2026-03-12 09:30,002719.XSHE,1600,9.67,5.0,0.0,t_5387,6010
2026-03-12 09:30,002883.XSHE,1900,10.39,5.0,0.0,t_5388,6011
2026-03-12 09:30,600543.XSHG,-900,5.48,5.0,4.93,t_5389,6012
2026-03-12 09:30,002193.XSHE,3800,6.55,5.0,0.0,t_5390,6013
2026-03-12 09:30,301098.XSHE,1800,9.45,5.0,0.0,t_5391,6014
2026-03-12 09:30,600455.XSHG,200,29.22,5.0,0.0,t_5392,6015
2026-03-12 09:30,300417.XSHE,-20400,14.49,29.56,295.6,t_5393,6016
2026-03-12 09:30,300621.XSHE,-3100,9.34,5.0,28.95,t_5394,6017
2026-03-12 09:30,300665.XSHE,1600,8.23,5.0,0.0,t_5395,6018
2026-03-12 09:30,603729.XSHG,29400,18.5,54.39,0.0,t_5396,6019
2026-03-17 09:30,300929.XSHE,-900,12.68,5.0,11.41,t_5397,6020
2026-03-17 09:30,002883.XSHE,-400,10.25,5.0,4.1,t_5398,6021
2026-03-17 09:30,600543.XSHG,3000,5.27,5.0,0.0,t_5399,6022
2026-03-17 09:30,301098.XSHE,-100,9.3,5.0,0.93,t_5400,6024
2026-03-17 09:30,300621.XSHE,-32000,9.23,29.54,295.36,t_5401,6026
2026-03-17 09:30,300665.XSHE,-1200,8.15,5.0,9.78,t_5402,6027
2026-03-17 09:30,603729.XSHG,-800,18.38,5.0,14.7,t_5403,6028
2026-03-17 09:30,002193.XSHE,2700,6.36,5.0,0.0,t_5404,6029
2026-03-17 09:30,600543.XSHG,2800,5.27,5.0,0.0,t_5405,6030
2026-03-17 09:30,600455.XSHG,100,28.67,5.0,0.0,t_5406,6031
2026-03-17 09:30,300635.XSHE,21000,13.54,28.43,0.0,t_5407,6032
2026-03-20 09:30,300929.XSHE,-1500,12.48,5.0,18.72,t_5408,6033
2026-03-20 09:30,002719.XSHE,-1100,9.3,5.0,10.23,t_5409,6034
2026-03-20 09:30,002883.XSHE,800,9.89,5.0,0.0,t_5410,6035
2026-03-20 09:30,600543.XSHG,4400,5.0,5.0,0.0,t_5411,6036
2026-03-20 09:30,002193.XSHE,-8500,6.42,5.46,54.57,t_5412,6037
2026-03-20 09:30,301098.XSHE,-500,9.06,5.0,4.53,t_5413,6038
2026-03-20 09:30,600455.XSHG,300,27.65,5.0,0.0,t_5414,6039
2026-03-20 09:30,300621.XSHE,-30100,8.87,26.7,266.99,t_5415,6040
2026-03-20 09:30,300665.XSHE,4300,7.72,5.0,0.0,t_5416,6041
2026-03-20 09:30,603729.XSHG,-600,17.99,5.0,10.79,t_5417,6042
2026-03-20 09:30,300635.XSHE,21900,12.99,28.45,0.0,t_5418,6043
2026-03-20 09:30,600543.XSHG,2000,5.0,5.0,0.0,t_5419,6044
2026-03-25 09:30,300929.XSHE,-700,12.0,5.0,8.4,t_5420,6045
2026-03-25 09:30,002719.XSHE,-500,8.92,5.0,4.46,t_5421,6046
2026-03-25 09:30,002883.XSHE,-2100,9.6,5.0,20.16,t_5422,6047
2026-03-25 09:30,600543.XSHG,1700,4.75,5.0,0.0,t_5423,6048
2026-03-25 09:30,002193.XSHE,-2200,6.2,5.0,13.64,t_5424,6049
2026-03-25 09:30,301098.XSHE,3700,8.45,5.0,0.0,t_5425,6050
2026-03-25 09:30,600455.XSHG,300,26.13,5.0,0.0,t_5426,6051
2026-03-25 09:30,300621.XSHE,-29100,8.17,23.77,237.75,t_5427,6052
2026-03-25 09:30,300665.XSHE,-900,7.42,5.0,6.68,t_5428,6053
2026-03-25 09:30,603729.XSHG,400,17.1,5.0,0.0,t_5429,6054
2026-03-25 09:30,300635.XSHE,-2800,13.32,5.0,37.3,t_5430,6055
2026-03-25 09:30,600455.XSHG,300,26.13,5.0,0.0,t_5431,6056
2026-03-25 09:30,300417.XSHE,21300,12.48,26.58,0.0,t_5432,6057
2026-03-30 09:30,300929.XSHE,-28300,13.01,36.82,368.18,t_5433,6058
2026-03-30 09:30,002719.XSHE,500,8.97,5.0,0.0,t_5434,6059
2026-03-30 09:30,002883.XSHE,4100,9.41,5.0,0.0,t_5435,6060
2026-03-30 09:30,600543.XSHG,-1400,4.82,5.0,6.75,t_5436,6061
2026-03-30 09:30,002193.XSHE,2300,6.19,5.0,0.0,t_5437,6062
2026-03-30 09:30,301098.XSHE,2100,8.42,5.0,0.0,t_5438,6063
2026-03-30 09:30,300621.XSHE,1100,8.09,5.0,0.0,t_5439,6064
2026-03-30 09:30,300665.XSHE,-400,7.51,5.0,3.0,t_5440,6065
2026-03-30 09:30,603729.XSHG,1300,16.97,5.0,0.0,t_5441,6066
2026-03-30 09:30,300635.XSHE,-400,13.57,5.0,5.43,t_5442,6067
2026-03-30 09:30,300417.XSHE,22200,12.36,27.44,0.0,t_5443,6068
2026-04-01 09:30,300929.XSHE,-82900,13.29,110.17,1101.74,t_5444,6069
2026-04-01 09:30,002719.XSHE,-150100,9.19,137.94,1379.42,t_5445,6070
2026-04-01 09:30,002883.XSHE,-143100,9.91,141.81,1418.12,t_5446,6071
2026-04-01 09:30,600543.XSHG,-279400,4.99,139.42,1394.21,t_5447,6072
2026-04-01 09:30,002193.XSHE,-217500,6.2,134.85,1348.5,t_5448,6073
2026-04-01 09:30,301098.XSHE,-159900,8.75,139.91,1399.12,t_5449,6074
2026-04-01 09:30,600455.XSHG,-51000,27.35,139.49,1394.85,t_5450,6075
2026-04-01 09:30,300621.XSHE,-66500,8.31,55.26,552.62,t_5451,6076
2026-04-01 09:30,300665.XSHE,-179400,7.72,138.5,1384.97,t_5452,6077
2026-04-01 09:30,603729.XSHG,-79300,17.5,138.78,1387.75,t_5453,6078
2026-04-01 09:30,300635.XSHE,-39700,14.14,56.14,561.36,t_5454,6079
2026-04-01 09:30,300417.XSHE,-43500,12.75,55.46,554.62,t_5455,6080
2026-04-01 09:30,511880.XSHG,138200,100.308,0.0,0.0,t_5456,6081
2026-05-06 09:30,511880.XSHG,-138200,100.405,0.0,0.0,t_5457,6082
2026-05-07 09:30,301098.XSHE,28700,9.64,27.67,0.0,t_5458,6083
2026-05-07 09:30,600455.XSHG,9800,28.22,27.66,0.0,t_5459,6084
2026-05-07 09:30,300929.XSHE,19600,14.14,27.71,0.0,t_5460,6085
2026-05-07 09:30,300665.XSHE,31300,8.85,27.7,0.0,t_5461,6086
2026-05-07 09:30,300417.XSHE,18800,14.76,27.75,0.0,t_5462,6087
2026-05-07 09:30,600561.XSHG,39700,6.99,27.75,0.0,t_5463,6088
2026-05-07 09:30,301167.XSHE,15400,17.94,27.63,0.0,t_5464,6089
2026-05-07 09:30,600697.XSHG,21800,12.7,27.69,0.0,t_5465,6090
2026-05-07 09:30,300405.XSHE,38700,7.16,27.71,0.0,t_5466,6091
2026-05-07 09:30,300500.XSHE,23300,11.88,27.68,0.0,t_5467,6092
2026-05-12 09:30,301098.XSHE,26800,10.05,26.93,0.0,t_5468,6093
2026-05-12 09:30,600455.XSHG,9300,29.22,27.17,0.0,t_5469,6094
2026-05-12 09:30,300929.XSHE,19000,14.43,27.42,0.0,t_5470,6095
2026-05-12 09:30,300665.XSHE,28500,9.33,26.59,0.0,t_5471,6096
2026-05-12 09:30,300417.XSHE,-800,15.54,5.0,12.43,t_5472,6097
2026-05-12 09:30,600561.XSHG,39600,7.03,27.84,0.0,t_5473,6098
2026-05-12 09:30,301167.XSHE,15300,18.18,27.82,0.0,t_5474,6099
2026-05-12 09:30,600697.XSHG,22000,12.73,28.01,0.0,t_5475,6100
2026-05-12 09:30,300405.XSHE,38600,7.22,27.87,0.0,t_5476,6101
2026-05-12 09:30,300500.XSHE,-500,12.29,5.0,6.15,t_5477,6102
2026-05-12 09:30,600493.XSHG,37000,7.53,27.86,0.0,t_5478,6103
2026-05-12 09:30,300535.XSHE,14500,19.2,27.84,0.0,t_5479,6104
2026-05-15 09:30,301098.XSHE,20000,11.1,22.2,0.0,t_5480,6105
2026-05-15 09:30,600455.XSHG,9700,29.05,28.18,0.0,t_5481,6106
2026-05-15 09:30,300929.XSHE,20400,14.21,28.99,0.0,t_5482,6107
2026-05-15 09:30,300665.XSHE,-3800,9.99,5.0,37.96,t_5483,6108
2026-05-15 09:30,300417.XSHE,18900,15.14,28.61,0.0,t_5484,6109
2026-05-15 09:30,600561.XSHG,40700,6.99,28.45,0.0,t_5485,6110
2026-05-15 09:30,301167.XSHE,17100,17.55,30.01,0.0,t_5486,6111
2026-05-15 09:30,600697.XSHG,23400,12.47,29.18,0.0,t_5487,6112
2026-05-15 09:30,300405.XSHE,-400,7.28,5.0,2.91,t_5488,6113
2026-05-15 09:30,600493.XSHG,39600,7.3,28.91,0.0,t_5489,6114
2026-05-15 09:30,300535.XSHE,15800,18.44,29.14,0.0,t_5490,6115
2026-05-15 09:30,300605.XSHE,22300,12.53,27.94,0.0,t_5491,6116
2026-05-20 09:30,301098.XSHE,31700,10.4,32.97,0.0,t_5492,6117
2026-05-20 09:30,600455.XSHG,8900,29.58,26.33,0.0,t_5493,6118
2026-05-20 09:30,300929.XSHE,20800,13.97,29.06,0.0,t_5494,6119
2026-05-20 09:30,300665.XSHE,-600,10.07,5.0,6.04,t_5495,6120
2026-05-20 09:30,300417.XSHE,18600,15.06,28.01,0.0,t_5496,6121
2026-05-20 09:30,600561.XSHG,39300,7.0,27.51,0.0,t_5497,6122
2026-05-20 09:30,301167.XSHE,16300,17.39,28.35,0.0,t_5498,6123
2026-05-20 09:30,600697.XSHG,22000,12.5,27.5,0.0,t_5499,6124
2026-05-20 09:30,300405.XSHE,-300,7.28,5.0,2.18,t_5500,6125
2026-05-20 09:30,600493.XSHG,36700,7.38,27.08,0.0,t_5501,6126
2026-05-20 09:30,300535.XSHE,15000,18.45,27.68,0.0,t_5502,6127
2026-05-20 09:30,300605.XSHE,-500,12.84,5.0,6.42,t_5503,6128
2026-05-20 09:30,603879.XSHG,48900,5.7,27.87,0.0,t_5504,6129
2026-05-25 09:30,301098.XSHE,22700,10.57,23.99,0.0,t_5505,6130
2026-05-25 09:30,600455.XSHG,9200,29.26,26.92,0.0,t_5506,6131
2026-05-25 09:30,300929.XSHE,20900,13.63,28.49,0.0,t_5507,6132
2026-05-25 09:30,300665.XSHE,900,9.75,5.0,0.0,t_5508,6133
2026-05-25 09:30,300417.XSHE,17900,14.95,26.76,0.0,t_5509,6134
2026-05-25 09:30,600561.XSHG,43500,6.77,29.45,0.0,t_5510,6135
2026-05-25 09:30,301167.XSHE,16500,17.02,28.08,0.0,t_5511,6136
2026-05-25 09:30,600697.XSHG,24300,12.09,29.38,0.0,t_5512,6137
2026-05-25 09:30,300405.XSHE,-1000,7.27,5.0,7.27,t_5513,6138
2026-05-25 09:30,300500.XSHE,200,11.93,5.0,0.0,t_5514,6139
2026-05-25 09:30,600493.XSHG,40100,7.16,28.71,0.0,t_5515,6140
2026-05-25 09:30,300535.XSHE,15200,18.15,27.59,0.0,t_5516,6141
2026-05-25 09:30,300605.XSHE,600,12.21,5.0,0.0,t_5517,6142
2026-05-25 09:30,603879.XSHG,49300,5.59,27.56,0.0,t_5518,6143
2026-05-28 09:30,301098.XSHE,-29600,10.22,30.25,302.51,t_5519,6144
2026-05-28 09:30,600455.XSHG,-200,27.46,5.0,5.49,t_5520,6145
2026-05-28 09:30,300929.XSHE,300,12.67,5.0,0.0,t_5521,6146
2026-05-28 09:30,300665.XSHE,-29400,9.55,28.08,280.77,t_5522,6147
2026-05-28 09:30,300417.XSHE,1200,13.72,5.0,0.0,t_5523,6148
2026-05-28 09:30,600561.XSHG,1400,6.27,5.0,0.0,t_5524,6149
2026-05-28 09:30,301167.XSHE,1500,15.6,5.0,0.0,t_5525,6150
2026-05-28 09:30,600697.XSHG,-300,11.32,5.0,3.4,t_5526,6151
2026-05-28 09:30,300405.XSHE,-37600,6.75,25.38,253.8,t_5527,6152
2026-05-28 09:30,300500.XSHE,-23000,11.24,25.85,258.52,t_5528,6153
2026-05-28 09:30,600493.XSHG,40300,6.61,26.64,0.0,t_5529,6154
2026-05-28 09:30,300535.XSHE,15900,16.75,26.63,0.0,t_5530,6155
2026-05-28 09:30,300605.XSHE,23900,11.06,26.43,0.0,t_5531,6156
2026-05-28 09:30,603879.XSHG,50900,5.15,26.21,0.0,t_5532,6157
