code,open_date,close_date,quantity,buy_price,sell_price,gross_pnl,gross_return,holding_days
511880.XSHG,2020-01-02,2020-02-03,9900,100.106000,100.311000,2029.500000,0.002048,32
002076.XSHE,2020-02-03,2020-02-06,400,2.080000,2.220000,56.000000,0.067308,3
600889.XSHG,2020-02-03,2020-02-06,100,4.130000,4.390000,26.000000,0.062954,3
300412.XSHE,2020-02-03,2020-02-06,100,6.090000,6.720000,63.000000,0.103448,3
600889.XSHG,2020-02-03,2020-02-11,100,4.130000,4.560000,43.000000,0.104116,8
600766.XSHG,2020-02-03,2020-02-11,100,6.760000,7.450000,69.000000,0.102071,8
300412.XSHE,2020-02-03,2020-02-11,100,6.090000,7.040000,95.000000,0.155993,8
300106.XSHE,2020-02-06,2020-02-11,100,5.250000,5.690000,44.000000,0.083810,5
002076.XSHE,2020-02-03,2020-02-11,700,2.080000,2.450000,259.000000,0.177885,8
600766.XSHG,2020-02-03,2020-02-14,100,6.760000,7.660000,90.000000,0.133136,11
000679.XSHE,2020-02-06,2020-02-14,100,3.030000,3.300000,27.000000,0.089109,8
600241.XSHG,2020-02-06,2020-02-14,100,3.940000,4.070000,13.000000,0.032995,8
300412.XSHE,2020-02-03,2020-02-19,500,6.090000,8.730000,1320.000000,0.433498,16
300029.XSHE,2020-02-06,2020-02-19,900,5.330000,6.330000,900.000000,0.187617,13
300029.XSHE,2020-02-06,2020-02-21,400,5.330000,6.710000,552.000000,0.258912,15
600671.XSHG,2020-02-03,2020-02-24,1700,11.240000,12.630000,2363.000000,0.123665,21
300539.XSHE,2020-02-03,2020-02-24,3100,6.380000,7.160000,2418.000000,0.122257,21
600791.XSHG,2020-02-03,2020-02-24,6300,3.150000,3.480000,2079.000000,0.104762,21
002076.XSHE,2020-02-03,2020-02-24,8500,2.080000,2.330000,2125.000000,0.120192,21
002076.XSHE,2020-02-14,2020-02-24,600,2.230000,2.330000,60.000000,0.044843,10
002076.XSHE,2020-02-19,2020-02-24,100,2.320000,2.330000,1.000000,0.004310,5
300218.XSHE,2020-02-03,2020-02-24,2800,6.950000,7.800000,2380.000000,0.122302,21
600889.XSHG,2020-02-03,2020-02-24,4600,4.130000,4.710000,2668.000000,0.140436,21
600766.XSHG,2020-02-03,2020-02-24,2700,6.760000,8.900000,5778.000000,0.316568,21
603139.XSHG,2020-02-03,2020-02-24,1200,15.640000,17.850000,2652.000000,0.141304,21
603356.XSHG,2020-02-03,2020-02-24,1600,11.990000,13.700000,2736.000000,0.142619,21
300412.XSHE,2020-02-03,2020-02-24,2500,6.090000,7.900000,4525.000000,0.297209,21
002473.XSHE,2020-02-06,2020-02-24,100,6.860000,8.070000,121.000000,0.176385,18
300736.XSHE,2020-02-11,2020-02-24,100,9.190000,10.010000,82.000000,0.089227,13
300106.XSHE,2020-02-06,2020-02-27,3700,5.250000,5.950000,2590.000000,0.133333,21
300106.XSHE,2020-02-14,2020-02-27,100,5.470000,5.950000,48.000000,0.087751,13
300736.XSHE,2020-02-11,2020-02-27,200,9.190000,10.310000,224.000000,0.121872,16
000691.XSHE,2020-02-06,2020-03-03,400,3.500000,3.810000,124.000000,0.088571,26
300736.XSHE,2020-02-11,2020-03-03,1900,9.190000,9.640000,855.000000,0.048966,21
300736.XSHE,2020-02-14,2020-03-03,100,9.010000,9.640000,63.000000,0.069922,18
002473.XSHE,2020-02-06,2020-03-03,2800,6.860000,7.750000,2492.000000,0.129738,26
600561.XSHG,2020-02-06,2020-03-06,100,4.620000,5.120000,50.000000,0.108225,29
300106.XSHE,2020-02-14,2020-03-06,100,5.470000,5.960000,49.000000,0.089580,21
000929.XSHE,2020-02-06,2020-03-06,200,6.050000,6.630000,116.000000,0.095868,29
000691.XSHE,2020-02-06,2020-03-06,5300,3.500000,3.900000,2120.000000,0.114286,29
300736.XSHE,2020-02-14,2020-03-06,2200,9.010000,10.170000,2552.000000,0.128746,21
603991.XSHG,2020-02-06,2020-03-11,1300,15.220000,21.190000,7761.000000,0.392247,34
603991.XSHG,2020-02-11,2020-03-11,800,15.670000,21.190000,4416.000000,0.352265,29
603991.XSHG,2020-02-11,2020-03-13,500,15.670000,24.760000,4545.000000,0.580089,31
603991.XSHG,2020-02-14,2020-03-13,200,15.480000,24.760000,1856.000000,0.599483,28
000679.XSHE,2020-02-06,2020-03-16,5700,3.030000,3.640000,3477.000000,0.201320,39
603991.XSHG,2020-02-14,2020-03-16,500,15.480000,21.560000,3040.000000,0.392765,31
000691.XSHE,2020-02-11,2020-03-16,5600,3.650000,4.110000,2576.000000,0.126027,34
000691.XSHE,2020-02-14,2020-03-16,300,3.530000,4.110000,174.000000,0.164306,31
603269.XSHG,2020-02-24,2020-03-16,1500,13.900000,13.880000,-30.000000,-0.001439,21
300029.XSHE,2020-02-06,2020-03-19,100,5.330000,5.630000,30.000000,0.056285,42
002473.XSHE,2020-02-11,2020-03-19,2800,7.200000,7.970000,2156.000000,0.106944,37
002473.XSHE,2020-02-14,2020-03-19,800,7.270000,7.970000,560.000000,0.096286,34
600561.XSHG,2020-02-06,2020-03-19,100,4.620000,4.880000,26.000000,0.056277,42
300106.XSHE,2020-02-14,2020-03-19,400,5.470000,5.750000,112.000000,0.051188,34
603991.XSHG,2020-02-14,2020-03-19,600,15.480000,18.690000,1926.000000,0.207364,34
603991.XSHG,2020-02-19,2020-03-19,300,16.000000,18.690000,807.000000,0.168125,29
000679.XSHE,2020-02-06,2020-03-20,800,3.030000,3.680000,520.000000,0.214521,43
000679.XSHE,2020-02-11,2020-03-20,700,3.290000,3.680000,273.000000,0.118541,38
603991.XSHG,2020-02-19,2020-03-20,300,16.000000,22.410000,1923.000000,0.400625,30
000679.XSHE,2020-02-11,2020-03-24,5200,3.290000,3.600000,1612.000000,0.094225,42
000679.XSHE,2020-02-19,2020-03-24,300,3.410000,3.600000,57.000000,0.055718,34
002473.XSHE,2020-02-14,2020-03-24,300,7.270000,8.610000,402.000000,0.184319,39
300106.XSHE,2020-02-14,2020-03-24,3100,5.470000,6.190000,2232.000000,0.131627,39
300106.XSHE,2020-02-19,2020-03-24,1000,5.890000,6.190000,300.000000,0.050934,34
000929.XSHE,2020-02-06,2020-03-24,800,6.050000,6.840000,632.000000,0.130579,47
300665.XSHE,2020-02-06,2020-03-24,2100,9.290000,10.280000,2079.000000,0.106566,47
300665.XSHE,2020-02-11,2020-03-24,200,9.540000,10.280000,148.000000,0.077568,42
603991.XSHG,2020-02-19,2020-03-24,800,16.000000,20.860000,3888.000000,0.303750,34
603991.XSHG,2020-02-24,2020-03-24,100,16.700000,20.860000,416.000000,0.249102,29
000691.XSHE,2020-02-14,2020-03-24,5700,3.530000,3.980000,2565.000000,0.127479,39
000691.XSHE,2020-02-19,2020-03-24,100,3.750000,3.980000,23.000000,0.061333,34
300029.XSHE,2020-02-06,2020-03-26,1600,5.330000,6.340000,1616.000000,0.189493,49
002473.XSHE,2020-02-14,2020-03-27,1600,7.270000,8.400000,1808.000000,0.155433,42
002473.XSHE,2020-02-19,2020-03-27,800,7.700000,8.400000,560.000000,0.090909,37
600561.XSHG,2020-02-06,2020-03-27,600,4.620000,5.080000,276.000000,0.099567,50
300106.XSHE,2020-02-19,2020-03-27,2500,5.890000,6.270000,950.000000,0.064516,37
300106.XSHE,2020-02-24,2020-03-27,1100,5.970000,6.270000,330.000000,0.050251,32
300665.XSHE,2020-02-11,2020-03-27,2000,9.540000,10.320000,1560.000000,0.081761,45
300665.XSHE,2020-02-14,2020-03-27,100,9.360000,10.320000,96.000000,0.102564,42
603991.XSHG,2020-02-24,2020-03-27,1100,16.700000,19.870000,3487.000000,0.189820,32
002209.XSHE,2020-03-16,2020-03-27,200,6.470000,6.360000,-22.000000,-0.017002,11
300029.XSHE,2020-02-06,2020-03-30,800,5.330000,6.320000,792.000000,0.185741,53
300106.XSHE,2020-02-24,2020-03-31,1700,5.970000,7.980000,3417.000000,0.336683,36
300029.XSHE,2020-02-11,2020-04-01,3700,5.450000,6.190000,2738.000000,0.135780,50
300029.XSHE,2020-02-14,2020-04-01,3700,5.430000,6.190000,2812.000000,0.139963,47
300029.XSHE,2020-02-24,2020-04-01,700,6.220000,6.190000,-21.000000,-0.004823,37
300029.XSHE,2020-03-03,2020-04-01,500,5.720000,6.190000,235.000000,0.082168,29
300029.XSHE,2020-03-16,2020-04-01,8100,5.900000,6.190000,2349.000000,0.049153,16
300029.XSHE,2020-03-24,2020-04-01,400,5.710000,6.190000,192.000000,0.084063,8
300029.XSHE,2020-03-27,2020-04-01,500,6.130000,6.190000,30.000000,0.009788,5
000679.XSHE,2020-02-19,2020-04-01,6200,3.410000,3.130000,-1736.000000,-0.082111,42
000679.XSHE,2020-02-24,2020-04-01,6400,3.470000,3.130000,-2176.000000,-0.097983,37
000679.XSHE,2020-03-06,2020-04-01,5400,3.560000,3.130000,-2322.000000,-0.120787,26
000679.XSHE,2020-03-19,2020-04-01,600,3.330000,3.130000,-120.000000,-0.060060,13
000679.XSHE,2020-03-19,2020-04-01,100,3.330000,3.130000,-20.000000,-0.060060,13
000679.XSHE,2020-03-27,2020-04-01,700,3.480000,3.130000,-245.000000,-0.100575,5
002473.XSHE,2020-02-19,2020-04-01,1900,7.700000,7.400000,-570.000000,-0.038961,42
002473.XSHE,2020-03-16,2020-04-01,3500,7.760000,7.400000,-1260.000000,-0.046392,16
600561.XSHG,2020-02-06,2020-04-01,3500,4.620000,4.930000,1085.000000,0.067100,55
600561.XSHG,2020-02-11,2020-04-01,4200,4.860000,4.930000,294.000000,0.014403,50
600561.XSHG,2020-02-14,2020-04-01,4300,4.780000,4.930000,645.000000,0.031381,47
600561.XSHG,2020-02-19,2020-04-01,4200,5.050000,4.930000,-504.000000,-0.023762,42
600561.XSHG,2020-02-24,2020-04-01,4200,5.180000,4.930000,-1050.000000,-0.048263,37
600561.XSHG,2020-02-27,2020-04-01,400,4.990000,4.930000,-24.000000,-0.012024,34
600561.XSHG,2020-03-16,2020-04-01,600,5.140000,4.930000,-126.000000,-0.040856,16
600561.XSHG,2020-03-24,2020-04-01,900,4.880000,4.930000,45.000000,0.010246,8
300106.XSHE,2020-02-24,2020-04-01,1000,5.970000,7.600000,1630.000000,0.273032,37
300106.XSHE,2020-03-03,2020-04-01,4000,5.660000,7.600000,7760.000000,0.342756,29
300106.XSHE,2020-03-16,2020-04-01,600,5.900000,7.600000,1020.000000,0.288136,16
000929.XSHE,2020-02-06,2020-04-01,2300,6.050000,6.570000,1196.000000,0.085950,55
000929.XSHE,2020-02-11,2020-04-01,3200,6.300000,6.570000,864.000000,0.042857,50
000929.XSHE,2020-02-14,2020-04-01,3300,6.210000,6.570000,1188.000000,0.057971,47
000929.XSHE,2020-02-19,2020-04-01,3500,6.480000,6.570000,315.000000,0.013889,42
000929.XSHE,2020-02-24,2020-04-01,3300,6.620000,6.570000,-165.000000,-0.007553,37
000929.XSHE,2020-02-27,2020-04-01,200,6.420000,6.570000,30.000000,0.023364,34
000929.XSHE,2020-03-16,2020-04-01,100,6.590000,6.570000,-2.000000,-0.003035,16
000929.XSHE,2020-03-16,2020-04-01,500,6.590000,6.570000,-10.000000,-0.003035,16
000929.XSHE,2020-03-27,2020-04-01,800,6.550000,6.570000,16.000000,0.003053,5
300665.XSHE,2020-02-14,2020-04-01,2100,9.360000,9.930000,1197.000000,0.060897,47
300665.XSHE,2020-02-19,2020-04-01,2200,9.850000,9.930000,176.000000,0.008122,42
300665.XSHE,2020-02-24,2020-04-01,2000,10.240000,9.930000,-620.000000,-0.030273,37
300665.XSHE,2020-03-16,2020-04-01,100,10.490000,9.930000,-56.000000,-0.053384,16
300665.XSHE,2020-03-19,2020-04-01,200,9.740000,9.930000,38.000000,0.019507,13
000691.XSHE,2020-02-19,2020-04-01,5500,3.750000,3.680000,-385.000000,-0.018667,42
000691.XSHE,2020-02-24,2020-04-01,5300,3.900000,3.680000,-1166.000000,-0.056410,37
000691.XSHE,2020-03-19,2020-04-01,500,3.740000,3.680000,-30.000000,-0.016043,13
000691.XSHE,2020-03-27,2020-04-01,200,3.920000,3.680000,-48.000000,-0.061224,5
600241.XSHG,2020-02-06,2020-04-01,5000,3.940000,3.730000,-1050.000000,-0.053299,55
600241.XSHG,2020-02-11,2020-04-01,5100,4.050000,3.730000,-1632.000000,-0.079012,50
600241.XSHG,2020-02-19,2020-04-01,5200,4.220000,3.730000,-2548.000000,-0.116114,42
600241.XSHG,2020-02-24,2020-04-01,5000,4.330000,3.730000,-3000.000000,-0.138568,37
600241.XSHG,2020-03-03,2020-04-01,300,4.060000,3.730000,-99.000000,-0.081281,29
600241.XSHG,2020-03-03,2020-04-01,200,4.060000,3.730000,-66.000000,-0.081281,29
600241.XSHG,2020-03-06,2020-04-01,5500,4.160000,3.730000,-2365.000000,-0.103365,26
600241.XSHG,2020-03-16,2020-04-01,1000,4.150000,3.730000,-420.000000,-0.101205,16
600241.XSHG,2020-03-19,2020-04-01,200,3.890000,3.730000,-32.000000,-0.041131,13
600241.XSHG,2020-03-24,2020-04-01,1600,3.830000,3.730000,-160.000000,-0.026110,8
002633.XSHE,2020-02-14,2020-04-01,2600,7.770000,7.920000,390.000000,0.019305,47
002633.XSHE,2020-02-19,2020-04-01,1500,8.100000,7.920000,-270.000000,-0.022222,42
002633.XSHE,2020-02-24,2020-04-01,3900,8.180000,7.920000,-1014.000000,-0.031785,37
002633.XSHE,2020-02-27,2020-04-01,2600,8.070000,7.920000,-390.000000,-0.018587,34
002633.XSHE,2020-03-03,2020-04-01,2300,8.150000,7.920000,-529.000000,-0.028221,29
002633.XSHE,2020-03-06,2020-04-01,400,8.220000,7.920000,-120.000000,-0.036496,26
002633.XSHE,2020-03-16,2020-04-01,100,8.460000,7.920000,-54.000000,-0.063830,16
002633.XSHE,2020-03-19,2020-04-01,100,7.900000,7.920000,2.000000,0.002532,13
002633.XSHE,2020-03-24,2020-04-01,400,8.020000,7.920000,-40.000000,-0.012469,8
300736.XSHE,2020-03-16,2020-04-01,2300,9.680000,9.080000,-1380.000000,-0.061983,16
300736.XSHE,2020-03-24,2020-04-01,2500,9.230000,9.080000,-375.000000,-0.016251,8
300736.XSHE,2020-03-27,2020-04-01,2200,9.590000,9.080000,-1122.000000,-0.053180,5
002209.XSHE,2020-03-16,2020-04-01,3300,6.470000,6.260000,-693.000000,-0.032457,16
002209.XSHE,2020-03-19,2020-04-01,3500,6.100000,6.260000,560.000000,0.026230,13
002209.XSHE,2020-03-24,2020-04-01,3900,6.150000,6.260000,429.000000,0.017886,8
603389.XSHG,2020-03-19,2020-04-01,4700,4.470000,4.200000,-1269.000000,-0.060403,13
603389.XSHG,2020-03-24,2020-04-01,5500,4.350000,4.200000,-825.000000,-0.034483,8
603389.XSHG,2020-03-27,2020-04-01,4900,4.480000,4.200000,-1372.000000,-0.062500,5
600599.XSHG,2020-03-24,2020-04-01,3000,7.300000,6.750000,-1650.000000,-0.075342,8
600599.XSHG,2020-03-27,2020-04-01,3100,7.370000,6.750000,-1922.000000,-0.084125,5
600506.XSHG,2020-03-24,2020-04-01,2600,8.250000,9.170000,2392.000000,0.111515,8
603269.XSHG,2020-03-27,2020-04-01,1600,13.680000,13.330000,-560.000000,-0.025585,5
511880.XSHG,2020-04-01,2020-05-06,10900,100.715000,100.831000,1264.400000,0.001152,35
600599.XSHG,2020-05-06,2020-05-21,2900,6.020000,8.020000,5800.000000,0.332226,15
600520.XSHG,2020-05-06,2020-05-21,200,7.430000,8.440000,202.000000,0.135935,15
600520.XSHG,2020-05-06,2020-05-22,100,7.430000,8.550000,112.000000,0.150740,16
002071.XSHE,2020-05-06,2020-05-25,10100,1.780000,1.930000,1515.000000,0.084270,19
300029.XSHE,2020-05-06,2020-05-27,100,5.500000,5.330000,-17.000000,-0.030909,21
002633.XSHE,2020-05-06,2020-05-27,300,7.400000,7.670000,81.000000,0.036486,21
002209.XSHE,2020-05-06,2020-05-27,500,5.630000,5.850000,110.000000,0.039076,21
000929.XSHE,2020-05-06,2020-05-27,200,6.070000,6.310000,48.000000,0.039539,21
300736.XSHE,2020-05-06,2020-05-27,400,8.700000,8.750000,20.000000,0.005747,21
300665.XSHE,2020-05-06,2020-05-27,200,9.480000,9.500000,4.000000,0.002110,21
002473.XSHE,2020-05-22,2020-05-27,100,7.550000,7.960000,41.000000,0.054305,5
600599.XSHG,2020-05-06,2020-05-27,700,6.020000,7.520000,1050.000000,0.249169,21
600599.XSHG,2020-05-11,2020-05-27,2400,6.440000,7.520000,2592.000000,0.167702,16
600520.XSHG,2020-05-06,2020-05-27,2600,7.430000,10.030000,6760.000000,0.349933,21
600599.XSHG,2020-05-11,2020-05-29,600,6.440000,8.280000,1104.000000,0.285714,18
600599.XSHG,2020-05-11,2020-06-04,200,6.440000,8.150000,342.000000,0.265528,24
600599.XSHG,2020-05-14,2020-06-04,3800,6.170000,8.150000,7524.000000,0.320908,21
600599.XSHG,2020-05-19,2020-06-04,1200,6.160000,8.150000,2388.000000,0.323052,16
000929.XSHE,2020-05-06,2020-06-04,3400,6.070000,7.530000,4964.000000,0.240527,29
000929.XSHE,2020-05-11,2020-06-04,1000,6.240000,7.530000,1290.000000,0.206731,24
002071.XSHE,2020-05-06,2020-06-05,2200,1.780000,3.470000,3718.000000,0.949438,30
002071.XSHE,2020-05-11,2020-06-05,11300,1.880000,3.470000,17967.000000,0.845745,25
002071.XSHE,2020-05-14,2020-06-05,14200,1.740000,3.470000,24566.000000,0.994253,22
002071.XSHE,2020-05-19,2020-06-05,3800,1.580000,3.470000,7182.000000,1.196203,17
600561.XSHG,2020-05-06,2020-06-05,300,4.600000,4.880000,84.000000,0.060870,30
300029.XSHE,2020-05-06,2020-06-09,400,5.500000,5.700000,80.000000,0.036364,34
002071.XSHE,2020-05-19,2020-06-10,6300,1.580000,3.100000,9576.000000,0.962025,22
300029.XSHE,2020-05-06,2020-06-12,100,5.500000,5.630000,13.000000,0.023636,37
002633.XSHE,2020-05-06,2020-06-12,200,7.400000,7.810000,82.000000,0.055405,37
000929.XSHE,2020-05-11,2020-06-12,100,6.240000,6.700000,46.000000,0.073718,32
300736.XSHE,2020-05-06,2020-06-12,100,8.700000,8.880000,18.000000,0.020690,37
603269.XSHG,2020-05-22,2020-06-12,1300,12.860000,13.600000,962.000000,0.057543,21
002473.XSHE,2020-05-22,2020-06-12,2800,7.550000,8.060000,1428.000000,0.067550,21
002473.XSHE,2020-06-09,2020-06-12,200,7.940000,8.060000,24.000000,0.015113,3
601558.XSHG,2020-06-01,2020-06-12,1500,0.190000,0.220000,45.000000,0.157895,11
002071.XSHE,2020-05-19,2020-06-17,6800,1.580000,2.420000,5712.000000,0.531646,29
002071.XSHE,2020-05-27,2020-06-17,1100,1.910000,2.420000,561.000000,0.267016,21
002071.XSHE,2020-06-12,2020-06-17,400,2.830000,2.420000,-164.000000,-0.144876,5
002633.XSHE,2020-05-06,2020-06-17,2400,7.400000,9.070000,4008.000000,0.225676,42
002633.XSHE,2020-05-11,2020-06-17,2000,7.750000,9.070000,2640.000000,0.170323,37
002209.XSHE,2020-05-06,2020-06-17,200,5.630000,6.150000,104.000000,0.092362,42
000929.XSHE,2020-05-11,2020-06-17,2400,6.240000,7.150000,2184.000000,0.145833,37
000929.XSHE,2020-05-14,2020-06-17,1500,6.260000,7.150000,1335.000000,0.142173,34
600561.XSHG,2020-05-06,2020-06-22,400,4.600000,4.760000,64.000000,0.034783,47
300736.XSHE,2020-05-06,2020-06-22,300,8.700000,9.320000,186.000000,0.071264,47
300665.XSHE,2020-05-06,2020-06-22,300,9.480000,9.980000,150.000000,0.052743,47
601558.XSHG,2020-06-01,2020-06-22,300,0.190000,0.230000,12.000000,0.210526,21
601558.XSHG,2020-06-04,2020-06-22,500,0.220000,0.230000,5.000000,0.045455,18
601558.XSHG,2020-06-09,2020-06-22,107100,0.220000,0.230000,1071.000000,0.045455,13
601558.XSHG,2020-06-17,2020-06-22,2700,0.220000,0.230000,27.000000,0.045455,5
300029.XSHE,2020-05-06,2020-06-29,100,5.500000,5.480000,-2.000000,-0.003636,54
300736.XSHE,2020-05-06,2020-06-29,100,8.700000,9.180000,48.000000,0.055172,54
300665.XSHE,2020-05-06,2020-06-29,100,9.480000,9.870000,39.000000,0.041139,54
000502.XSHE,2020-05-22,2020-06-29,200,6.190000,6.500000,62.000000,0.050081,38
300535.XSHE,2020-06-09,2020-06-29,1900,12.130000,12.050000,-152.000000,-0.006595,20
300405.XSHE,2020-06-09,2020-06-29,100,5.750000,5.600000,-15.000000,-0.026087,20
300405.XSHE,2020-06-12,2020-06-29,3900,5.650000,5.600000,-195.000000,-0.008850,17
300736.XSHE,2020-05-06,2020-07-01,700,8.700000,9.850000,805.000000,0.132184,56
600599.XSHG,2020-05-19,2020-07-02,2200,6.160000,5.250000,-2002.000000,-0.147727,44
600599.XSHG,2020-05-22,2020-07-02,800,7.390000,5.250000,-1712.000000,-0.289581,41
600599.XSHG,2020-06-09,2020-07-02,300,7.250000,5.250000,-600.000000,-0.275862,23
600599.XSHG,2020-06-11,2020-07-02,100,7.090000,5.250000,-184.000000,-0.259520,21
300736.XSHE,2020-05-06,2020-07-02,900,8.700000,10.300000,1440.000000,0.183908,57
300736.XSHE,2020-05-11,2020-07-02,1900,8.800000,10.300000,2850.000000,0.170455,52
000502.XSHE,2020-05-22,2020-07-02,3300,6.190000,6.830000,2112.000000,0.103393,41
000502.XSHE,2020-05-27,2020-07-02,700,6.460000,6.830000,259.000000,0.057276,36
300535.XSHE,2020-06-09,2020-07-02,200,12.130000,12.250000,24.000000,0.009893,23
300535.XSHE,2020-06-12,2020-07-02,1700,12.190000,12.250000,102.000000,0.004922,20
300535.XSHE,2020-06-17,2020-07-02,100,12.250000,12.250000,0.000000,0.000000,15
600561.XSHG,2020-05-06,2020-07-07,4000,4.600000,5.000000,1600.000000,0.086957,62
600561.XSHG,2020-05-11,2020-07-07,1300,4.620000,5.000000,494.000000,0.082251,57
002209.XSHE,2020-05-06,2020-07-07,600,5.630000,6.600000,582.000000,0.172291,62
000502.XSHE,2020-05-27,2020-07-07,200,6.460000,7.340000,176.000000,0.136223,41
300405.XSHE,2020-06-12,2020-07-07,100,5.650000,6.120000,47.000000,0.083186,25
000638.XSHE,2020-06-17,2020-07-07,5500,4.140000,4.530000,2145.000000,0.094203,20
000638.XSHE,2020-06-22,2020-07-07,400,5.400000,4.530000,-348.000000,-0.161111,15
002473.XSHE,2020-06-17,2020-07-07,700,7.890000,8.880000,693.000000,0.125475,20
600561.XSHG,2020-05-11,2020-07-10,3600,4.620000,5.070000,1620.000000,0.097403,60
600561.XSHG,2020-05-14,2020-07-10,1400,4.500000,5.070000,798.000000,0.126667,57
300736.XSHE,2020-05-11,2020-07-10,300,8.800000,10.330000,459.000000,0.173864,60
002473.XSHE,2020-06-17,2020-07-10,2300,7.890000,8.880000,2277.000000,0.125475,23
002473.XSHE,2020-06-22,2020-07-10,400,7.970000,8.880000,364.000000,0.114178,18
000638.XSHE,2020-06-22,2020-07-10,600,5.400000,4.660000,-444.000000,-0.137037,18
000638.XSHE,2020-06-29,2020-07-10,4800,4.180000,4.660000,2304.000000,0.114833,11
000638.XSHE,2020-07-02,2020-07-10,300,4.170000,4.660000,147.000000,0.117506,8
600561.XSHG,2020-05-14,2020-07-15,3600,4.500000,5.200000,2520.000000,0.155556,62
600561.XSHG,2020-05-19,2020-07-15,1800,4.520000,5.200000,1224.000000,0.150442,57
300029.XSHE,2020-05-06,2020-07-15,300,5.500000,6.100000,180.000000,0.109091,70
002209.XSHE,2020-05-06,2020-07-15,200,5.630000,6.810000,236.000000,0.209591,70
300665.XSHE,2020-05-06,2020-07-15,100,9.480000,11.000000,152.000000,0.160338,70
603269.XSHG,2020-05-22,2020-07-15,100,12.860000,14.640000,178.000000,0.138414,54
002473.XSHE,2020-06-22,2020-07-15,2700,7.970000,9.000000,2781.000000,0.129235,23
002473.XSHE,2020-06-29,2020-07-15,300,7.780000,9.000000,366.000000,0.156812,16
600561.XSHG,2020-05-19,2020-07-20,2700,4.520000,4.920000,1080.000000,0.088496,62
600561.XSHG,2020-05-22,2020-07-20,2300,4.600000,4.920000,736.000000,0.069565,59
002209.XSHE,2020-05-06,2020-07-20,100,5.630000,6.480000,85.000000,0.150977,75
300665.XSHE,2020-05-06,2020-07-20,200,9.480000,10.590000,222.000000,0.117089,75
000502.XSHE,2020-05-27,2020-07-20,300,6.460000,6.990000,159.000000,0.082043,54
300405.XSHE,2020-06-12,2020-07-20,300,5.650000,6.480000,249.000000,0.146903,38
600561.XSHG,2020-05-22,2020-07-23,2700,4.600000,5.150000,1485.000000,0.119565,62
600561.XSHG,2020-06-01,2020-07-23,900,4.530000,5.150000,558.000000,0.136865,52
600561.XSHG,2020-06-04,2020-07-23,500,4.700000,5.150000,225.000000,0.095745,49
600561.XSHG,2020-06-09,2020-07-23,100,4.750000,5.150000,40.000000,0.084211,44
600561.XSHG,2020-06-12,2020-07-23,500,4.590000,5.150000,280.000000,0.122004,41
600561.XSHG,2020-06-17,2020-07-23,200,4.680000,5.150000,94.000000,0.100427,36
600561.XSHG,2020-06-29,2020-07-23,100,4.600000,5.150000,55.000000,0.119565,24
600561.XSHG,2020-07-02,2020-07-23,200,4.680000,5.150000,94.000000,0.100427,21
300029.XSHE,2020-05-06,2020-07-23,200,5.500000,5.940000,88.000000,0.080000,78
002633.XSHE,2020-05-11,2020-07-23,400,7.750000,8.590000,336.000000,0.108387,73
300156.XSHE,2020-05-11,2020-07-23,25800,0.860000,0.150000,-18318.000000,-0.825581,73
300156.XSHE,2020-05-14,2020-07-23,32000,0.760000,0.150000,-19520.000000,-0.802632,70
300156.XSHE,2020-05-19,2020-07-23,46700,0.620000,0.150000,-21949.000000,-0.758065,65
300405.XSHE,2020-06-12,2020-07-23,2600,5.650000,6.510000,2236.000000,0.152212,41
300405.XSHE,2020-06-17,2020-07-23,1200,5.850000,6.510000,792.000000,0.112821,36
300029.XSHE,2020-05-06,2020-07-28,2000,5.500000,6.370000,1740.000000,0.158182,83
000502.XSHE,2020-05-27,2020-07-28,200,6.460000,7.020000,112.000000,0.086687,62
300405.XSHE,2020-06-17,2020-07-28,100,5.850000,6.380000,53.000000,0.090598,41
300405.XSHE,2020-07-02,2020-07-28,3800,5.720000,6.380000,2508.000000,0.115385,26
603269.XSHG,2020-05-22,2020-07-28,300,12.860000,12.650000,-63.000000,-0.016330,67
603269.XSHG,2020-05-27,2020-07-28,700,12.950000,12.650000,-210.000000,-0.023166,62
603269.XSHG,2020-06-01,2020-07-28,900,13.040000,12.650000,-351.000000,-0.029908,57
603269.XSHG,2020-06-09,2020-07-28,3200,14.560000,12.650000,-6112.000000,-0.131181,49
000929.XSHE,2020-05-14,2020-07-31,100,6.260000,6.930000,67.000000,0.107029,78
300736.XSHE,2020-05-11,2020-07-31,300,8.800000,10.510000,513.000000,0.194318,81
300736.XSHE,2020-05-14,2020-07-31,200,8.670000,10.510000,368.000000,0.212226,78
000502.XSHE,2020-05-27,2020-07-31,100,6.460000,7.200000,74.000000,0.114551,65
603269.XSHG,2020-06-09,2020-07-31,100,14.560000,13.210000,-135.000000,-0.092720,52
603269.XSHG,2020-06-17,2020-07-31,100,13.340000,13.210000,-13.000000,-0.009745,44
603269.XSHG,2020-07-02,2020-07-31,1800,13.160000,13.210000,90.000000,0.003799,29
300405.XSHE,2020-07-02,2020-07-31,400,5.720000,6.420000,280.000000,0.122378,29
300405.XSHE,2020-07-10,2020-07-31,100,6.270000,6.420000,15.000000,0.023923,21
300405.XSHE,2020-07-10,2020-07-31,3100,6.270000,6.420000,465.000000,0.023923,21
300405.XSHE,2020-07-15,2020-07-31,400,6.480000,6.420000,-24.000000,-0.009259,16
300029.XSHE,2020-05-06,2020-08-05,500,5.500000,6.900000,700.000000,0.254545,91
002633.XSHE,2020-05-11,2020-08-05,100,7.750000,8.820000,107.000000,0.138065,86
002209.XSHE,2020-05-06,2020-08-05,700,5.630000,6.990000,952.000000,0.241563,91
000929.XSHE,2020-05-14,2020-08-05,300,6.260000,7.260000,300.000000,0.159744,83
603269.XSHG,2020-07-02,2020-08-05,100,13.160000,13.050000,-11.000000,-0.008359,34
603269.XSHG,2020-07-07,2020-08-05,800,13.880000,13.050000,-664.000000,-0.059798,29
603269.XSHG,2020-07-07,2020-08-05,1100,13.880000,13.050000,-913.000000,-0.059798,29
300312.XSHE,2020-07-31,2020-08-06,200,4.430000,4.930000,100.000000,0.112867,6
002473.XSHE,2020-06-29,2020-08-10,2700,7.780000,6.750000,-2781.000000,-0.132391,42
002473.XSHE,2020-07-02,2020-08-10,1000,7.880000,6.750000,-1130.000000,-0.143401,39
002209.XSHE,2020-05-06,2020-08-11,1600,5.630000,8.950000,5312.000000,0.589698,97
002209.XSHE,2020-05-11,2020-08-11,3600,5.890000,8.950000,11016.000000,0.519525,92
002209.XSHE,2020-05-14,2020-08-11,1400,5.850000,8.950000,4340.000000,0.529915,89
002473.XSHE,2020-07-02,2020-08-12,300,7.880000,7.270000,-183.000000,-0.077411,41
002209.XSHE,2020-05-14,2020-08-13,1400,5.850000,7.420000,2198.000000,0.268376,91
000502.XSHE,2020-05-27,2020-08-13,600,6.460000,7.650000,714.000000,0.184211,78
002473.XSHE,2020-07-02,2020-08-13,1900,7.880000,7.220000,-1254.000000,-0.083756,42
002473.XSHE,2020-07-20,2020-08-13,200,8.180000,7.220000,-192.000000,-0.117359,24
002473.XSHE,2020-08-05,2020-08-13,1600,6.730000,7.220000,784.000000,0.072808,8
300312.XSHE,2020-07-31,2020-08-14,1400,4.430000,6.600000,3038.000000,0.489842,14
002633.XSHE,2020-05-11,2020-08-18,300,7.750000,9.220000,441.000000,0.189677,99
002633.XSHE,2020-05-14,2020-08-18,200,7.790000,9.220000,286.000000,0.183569,96
600768.XSHG,2020-07-15,2020-08-18,100,10.680000,10.750000,7.000000,0.006554,34
300312.XSHE,2020-07-31,2020-08-18,4100,4.430000,5.600000,4797.000000,0.264108,18
600365.XSHG,2020-07-31,2020-08-20,2200,3.420000,3.810000,858.000000,0.114035,20
300029.XSHE,2020-05-06,2020-08-21,300,5.500000,6.260000,228.000000,0.138182,107
600365.XSHG,2020-07-31,2020-08-21,5200,3.420000,3.790000,1924.000000,0.108187,21
600365.XSHG,2020-08-05,2020-08-21,1900,3.450000,3.790000,646.000000,0.098551,16
300029.XSHE,2020-05-11,2020-08-26,200,5.650000,6.440000,158.000000,0.139823,107
002633.XSHE,2020-05-14,2020-08-26,200,7.790000,9.330000,308.000000,0.197689,104
000929.XSHE,2020-05-14,2020-08-26,100,6.260000,7.610000,135.000000,0.215655,104
300736.XSHE,2020-05-14,2020-08-26,300,8.670000,10.860000,657.000000,0.252595,104
300665.XSHE,2020-05-06,2020-08-26,100,9.480000,11.690000,221.000000,0.233122,112
300535.XSHE,2020-06-17,2020-08-26,100,12.250000,13.670000,142.000000,0.115918,70
300029.XSHE,2020-05-11,2020-08-31,500,5.650000,6.660000,505.000000,0.178761,112
002633.XSHE,2020-05-14,2020-08-31,200,7.790000,9.530000,348.000000,0.223363,109
000929.XSHE,2020-05-14,2020-08-31,300,6.260000,7.820000,468.000000,0.249201,109
300736.XSHE,2020-05-14,2020-08-31,100,8.670000,10.990000,232.000000,0.267589,109
300665.XSHE,2020-05-06,2020-08-31,200,9.480000,11.990000,502.000000,0.264768,117
300535.XSHE,2020-06-17,2020-08-31,200,12.250000,14.070000,364.000000,0.148571,75
300478.XSHE,2020-08-13,2020-08-31,100,11.190000,12.100000,91.000000,0.081323,18
600561.XSHG,2020-08-13,2020-08-31,4700,5.260000,5.390000,611.000000,0.024715,18
600561.XSHG,2020-08-18,2020-08-31,400,5.260000,5.390000,52.000000,0.024715,13
000502.XSHE,2020-05-27,2020-09-02,1100,6.460000,8.450000,2189.000000,0.308050,98
000502.XSHE,2020-06-01,2020-09-02,400,6.530000,8.450000,768.000000,0.294028,93
300029.XSHE,2020-05-11,2020-09-03,500,5.650000,7.090000,720.000000,0.254867,115
300736.XSHE,2020-05-14,2020-09-03,300,8.670000,11.700000,909.000000,0.349481,112
000502.XSHE,2020-06-01,2020-09-03,3300,6.530000,8.400000,6171.000000,0.286371,94
300535.XSHE,2020-06-17,2020-09-03,300,12.250000,14.950000,810.000000,0.220408,78
600365.XSHG,2020-08-05,2020-09-03,5900,3.450000,2.720000,-4307.000000,-0.211594,29
600365.XSHG,2020-08-10,2020-09-03,5800,3.450000,2.720000,-4234.000000,-0.211594,24
600365.XSHG,2020-08-13,2020-09-03,7000,3.440000,2.720000,-5040.000000,-0.209302,21
300478.XSHE,2020-08-13,2020-09-03,2200,11.190000,12.740000,3410.000000,0.138517,21
300478.XSHE,2020-08-21,2020-09-03,100,11.330000,12.740000,141.000000,0.124448,13
300029.XSHE,2020-05-11,2020-09-08,2600,5.650000,8.000000,6110.000000,0.415929,120
300029.XSHE,2020-05-14,2020-09-08,3000,5.470000,8.000000,7590.000000,0.462523,117
000929.XSHE,2020-05-14,2020-09-08,800,6.260000,8.480000,1776.000000,0.354633,117
300736.XSHE,2020-05-14,2020-09-08,1700,8.670000,12.800000,7021.000000,0.476355,117
300736.XSHE,2020-05-19,2020-09-08,1400,8.710000,12.800000,5726.000000,0.469575,112
300535.XSHE,2020-06-17,2020-09-08,1400,12.250000,15.390000,4396.000000,0.256327,83
300535.XSHE,2020-07-07,2020-09-08,100,12.780000,15.390000,261.000000,0.204225,63
300535.XSHE,2020-07-07,2020-09-08,400,12.780000,15.390000,1044.000000,0.204225,63
600365.XSHG,2020-08-13,2020-09-08,2700,3.440000,2.810000,-1701.000000,-0.183140,26
600365.XSHG,2020-08-18,2020-09-08,1300,3.590000,2.810000,-1014.000000,-0.217270,21
600365.XSHG,2020-08-18,2020-09-08,5700,3.590000,2.810000,-4446.000000,-0.217270,21
600365.XSHG,2020-08-25,2020-09-08,900,3.710000,2.810000,-810.000000,-0.242588,14
300478.XSHE,2020-08-21,2020-09-08,100,11.330000,13.460000,213.000000,0.187996,18
300736.XSHE,2020-05-19,2020-09-09,900,8.710000,15.550000,6156.000000,0.785304,113
300736.XSHE,2020-05-22,2020-09-09,400,8.590000,15.550000,2784.000000,0.810244,110
002209.XSHE,2020-05-14,2020-09-11,300,5.850000,6.900000,315.000000,0.179487,120
000929.XSHE,2020-05-14,2020-09-11,300,6.260000,9.000000,822.000000,0.437700,120
000929.XSHE,2020-05-19,2020-09-11,3300,6.250000,9.000000,9075.000000,0.440000,115
000929.XSHE,2020-05-22,2020-09-11,1600,6.280000,9.000000,4352.000000,0.433121,112
000502.XSHE,2020-06-04,2020-09-11,200,6.670000,6.940000,54.000000,0.040480,99
300535.XSHE,2020-07-07,2020-09-11,500,12.780000,14.330000,775.000000,0.121283,66
300535.XSHE,2020-07-10,2020-09-11,100,13.220000,14.330000,111.000000,0.083964,63
300535.XSHE,2020-07-10,2020-09-11,800,13.220000,14.330000,888.000000,0.083964,63
300535.XSHE,2020-07-15,2020-09-11,600,13.280000,14.330000,630.000000,0.079066,58
600768.XSHG,2020-07-15,2020-09-11,300,10.680000,10.180000,-150.000000,-0.046816,58
300478.XSHE,2020-08-21,2020-09-11,2200,11.330000,11.800000,1034.000000,0.041483,21
600506.XSHG,2020-09-08,2020-09-11,100,10.290000,10.350000,6.000000,0.005831,3
300665.XSHE,2020-05-06,2020-09-15,1100,9.480000,13.630000,4565.000000,0.437764,132
300665.XSHE,2020-05-11,2020-09-15,2200,9.780000,13.630000,8470.000000,0.393661,127
300665.XSHE,2020-05-14,2020-09-15,2300,9.680000,13.630000,9085.000000,0.408058,124
300665.XSHE,2020-05-19,2020-09-15,1700,9.570000,13.630000,6902.000000,0.424242,119
300029.XSHE,2020-05-14,2020-09-16,1200,5.470000,5.610000,168.000000,0.025594,125
300029.XSHE,2020-05-19,2020-09-16,2100,5.380000,5.610000,483.000000,0.042751,120
000929.XSHE,2020-05-22,2020-09-16,2200,6.280000,9.000000,5984.000000,0.433121,117
000929.XSHE,2020-06-01,2020-09-16,200,6.440000,9.000000,512.000000,0.397516,107
000929.XSHE,2020-06-09,2020-09-16,100,6.700000,9.000000,230.000000,0.343284,99
300736.XSHE,2020-05-22,2020-09-16,500,8.590000,11.820000,1615.000000,0.376019,117
300665.XSHE,2020-05-19,2020-09-16,500,9.570000,13.600000,2015.000000,0.421108,120
300665.XSHE,2020-05-22,2020-09-16,1600,9.450000,13.600000,6640.000000,0.439153,117
300535.XSHE,2020-07-15,2020-09-16,1400,13.280000,16.250000,4158.000000,0.223645,63
300535.XSHE,2020-07-20,2020-09-16,700,12.690000,16.250000,2492.000000,0.280536,58
300029.XSHE,2020-05-19,2020-09-21,1900,5.380000,5.050000,-627.000000,-0.061338,125
300029.XSHE,2020-05-22,2020-09-21,2000,5.360000,5.050000,-620.000000,-0.057836,122
002209.XSHE,2020-05-14,2020-09-21,100,5.850000,7.210000,136.000000,0.232479,130
000929.XSHE,2020-06-09,2020-09-21,1000,6.700000,9.040000,2340.000000,0.349254,104
000929.XSHE,2020-06-22,2020-09-21,100,6.750000,9.040000,229.000000,0.339259,91
000929.XSHE,2020-06-29,2020-09-21,100,6.550000,9.040000,249.000000,0.380153,84
000929.XSHE,2020-07-02,2020-09-21,2000,6.570000,9.040000,4940.000000,0.375951,81
300736.XSHE,2020-05-22,2020-09-21,100,8.590000,11.900000,331.000000,0.385332,122
300665.XSHE,2020-05-22,2020-09-21,1100,9.450000,12.780000,3663.000000,0.352381,122
300665.XSHE,2020-06-01,2020-09-21,200,9.630000,12.780000,630.000000,0.327103,112
300665.XSHE,2020-06-04,2020-09-21,300,10.010000,12.780000,831.000000,0.276723,109
300665.XSHE,2020-06-09,2020-09-21,300,9.740000,12.780000,912.000000,0.312115,104
300665.XSHE,2020-06-12,2020-09-21,100,9.500000,12.780000,328.000000,0.345263,101
300665.XSHE,2020-06-17,2020-09-21,100,9.690000,12.780000,309.000000,0.318885,96
300665.XSHE,2020-07-07,2020-09-21,100,10.520000,12.780000,226.000000,0.214829,76
300535.XSHE,2020-07-20,2020-09-21,1300,12.690000,15.930000,4212.000000,0.255319,63
300535.XSHE,2020-07-28,2020-09-21,400,12.580000,15.930000,1340.000000,0.266296,55
600768.XSHG,2020-07-15,2020-09-21,100,10.680000,10.670000,-1.000000,-0.000936,68
600520.XSHG,2020-08-26,2020-09-21,100,9.230000,9.000000,-23.000000,-0.024919,26
600778.XSHG,2020-09-08,2020-09-21,300,5.060000,5.660000,180.000000,0.118577,13
600778.XSHG,2020-09-11,2020-09-21,800,5.110000,5.660000,440.000000,0.107632,10
300029.XSHE,2020-05-22,2020-09-24,2600,5.360000,5.100000,-676.000000,-0.048507,125
300029.XSHE,2020-06-01,2020-09-24,400,5.410000,5.100000,-124.000000,-0.057301,115
300029.XSHE,2020-06-04,2020-09-24,700,5.560000,5.100000,-322.000000,-0.082734,112
300029.XSHE,2020-06-17,2020-09-24,600,5.590000,5.100000,-294.000000,-0.087657,99
300029.XSHE,2020-06-22,2020-09-24,100,5.560000,5.100000,-46.000000,-0.082734,94
300029.XSHE,2020-07-02,2020-09-24,200,5.540000,5.100000,-88.000000,-0.079422,84
300029.XSHE,2020-07-10,2020-09-24,200,5.940000,5.100000,-168.000000,-0.141414,76
300029.XSHE,2020-08-10,2020-09-24,400,6.110000,5.100000,-404.000000,-0.165303,45
300029.XSHE,2020-08-13,2020-09-24,700,6.190000,5.100000,-763.000000,-0.176090,42
000929.XSHE,2020-07-02,2020-09-24,400,6.570000,9.130000,1024.000000,0.389650,84
000929.XSHE,2020-07-02,2020-09-24,800,6.570000,9.130000,2048.000000,0.389650,84
000929.XSHE,2020-07-07,2020-09-24,900,7.000000,9.130000,1917.000000,0.304286,79
000929.XSHE,2020-07-10,2020-09-24,700,7.250000,9.130000,1316.000000,0.259310,76
000929.XSHE,2020-07-10,2020-09-24,400,7.250000,9.130000,752.000000,0.259310,76
300736.XSHE,2020-05-22,2020-09-24,2000,8.590000,12.000000,6820.000000,0.396973,125
300736.XSHE,2020-06-01,2020-09-24,400,8.800000,12.000000,1280.000000,0.363636,115
300736.XSHE,2020-06-04,2020-09-24,100,9.180000,12.000000,282.000000,0.307190,112
300736.XSHE,2020-06-09,2020-09-24,100,8.850000,12.000000,315.000000,0.355932,107
300535.XSHE,2020-07-28,2020-09-24,300,12.580000,16.000000,1026.000000,0.271860,58
300535.XSHE,2020-07-31,2020-09-24,1300,12.820000,16.000000,4134.000000,0.248050,55
300535.XSHE,2020-08-05,2020-09-24,100,13.110000,16.000000,289.000000,0.220442,50
300535.XSHE,2020-08-21,2020-09-24,200,13.170000,16.000000,566.000000,0.214882,34
600778.XSHG,2020-09-11,2020-09-24,100,5.110000,5.750000,64.000000,0.125245,13
600778.XSHG,2020-09-16,2020-09-24,5100,5.060000,5.750000,3519.000000,0.136364,8
000929.XSHE,2020-07-10,2020-09-29,2400,7.250000,8.320000,2568.000000,0.147586,81
000929.XSHE,2020-07-20,2020-09-29,100,6.870000,8.320000,145.000000,0.211063,71
000929.XSHE,2020-07-28,2020-09-29,300,6.720000,8.320000,480.000000,0.238095,63
000929.XSHE,2020-09-03,2020-09-29,400,7.910000,8.320000,164.000000,0.051833,26
000502.XSHE,2020-06-04,2020-09-29,3500,6.670000,7.720000,3675.000000,0.157421,117
000502.XSHE,2020-06-09,2020-09-29,1400,6.620000,7.720000,1540.000000,0.166163,112
600561.XSHG,2020-09-03,2020-09-29,400,5.300000,4.860000,-176.000000,-0.083019,26
603269.XSHG,2020-09-08,2020-09-29,2000,13.800000,12.800000,-2000.000000,-0.072464,21
600778.XSHG,2020-09-16,2020-09-29,5000,5.060000,5.190000,650.000000,0.025692,13
000702.XSHE,2020-09-16,2020-09-29,100,5.760000,5.390000,-37.000000,-0.064236,13
600099.XSHG,2020-09-16,2020-09-29,100,6.980000,6.700000,-28.000000,-0.040115,13
600506.XSHG,2020-09-08,2020-09-30,100,10.290000,10.010000,-28.000000,-0.027211,22
300029.XSHE,2020-08-13,2020-10-12,1100,6.190000,4.840000,-1485.000000,-0.218094,60
300029.XSHE,2020-08-18,2020-10-12,500,6.200000,4.840000,-680.000000,-0.219355,55
300029.XSHE,2020-09-11,2020-10-12,4000,5.010000,4.840000,-680.000000,-0.033932,31
300029.XSHE,2020-09-29,2020-10-12,100,4.620000,4.840000,22.000000,0.047619,13
002209.XSHE,2020-05-14,2020-10-12,100,5.850000,6.900000,105.000000,0.179487,151
300736.XSHE,2020-06-09,2020-10-12,400,8.850000,12.000000,1260.000000,0.355932,125
300736.XSHE,2020-07-07,2020-10-12,1000,9.790000,12.000000,2210.000000,0.225741,97
300736.XSHE,2020-07-20,2020-10-12,200,9.630000,12.000000,474.000000,0.246106,84
300736.XSHE,2020-07-23,2020-10-12,1000,10.260000,12.000000,1740.000000,0.169591,81
600561.XSHG,2020-09-03,2020-10-12,400,5.300000,5.180000,-48.000000,-0.022642,39
002209.XSHE,2020-05-14,2020-10-15,400,5.850000,7.180000,532.000000,0.227350,154
300736.XSHE,2020-07-23,2020-10-15,1000,10.260000,12.890000,2630.000000,0.256335,84
300736.XSHE,2020-07-28,2020-10-15,300,9.780000,12.890000,933.000000,0.317996,79
300736.XSHE,2020-08-05,2020-10-15,300,10.450000,12.890000,732.000000,0.233493,71
300736.XSHE,2020-08-13,2020-10-15,500,10.150000,12.890000,1370.000000,0.269951,63
300736.XSHE,2020-09-11,2020-10-15,500,10.500000,12.890000,1195.000000,0.227619,34
600561.XSHG,2020-09-03,2020-10-15,4100,5.300000,5.510000,861.000000,0.039623,42
600561.XSHG,2020-09-08,2020-10-15,2100,5.320000,5.510000,399.000000,0.035714,37
600506.XSHG,2020-09-08,2020-10-15,100,10.290000,10.820000,53.000000,0.051506,37
002633.XSHE,2020-05-14,2020-10-19,2100,7.790000,8.900000,2331.000000,0.142490,158
002633.XSHE,2020-05-19,2020-10-19,2800,7.690000,8.900000,3388.000000,0.157347,153
002633.XSHE,2020-05-22,2020-10-19,1000,7.550000,8.900000,1350.000000,0.178808,150
002209.XSHE,2020-05-19,2020-10-20,200,5.720000,7.240000,304.000000,0.265734,154
300736.XSHE,2020-09-11,2020-10-20,1900,10.500000,12.960000,4674.000000,0.234286,39
300736.XSHE,2020-09-29,2020-10-20,300,10.990000,12.960000,591.000000,0.179254,21
600561.XSHG,2020-09-08,2020-10-20,4000,5.320000,5.460000,560.000000,0.026316,42
600561.XSHG,2020-09-11,2020-10-20,1100,5.110000,5.460000,385.000000,0.068493,39
603269.XSHG,2020-09-08,2020-10-20,100,13.800000,13.660000,-14.000000,-0.010145,42
603269.XSHG,2020-09-11,2020-10-20,2000,13.030000,13.660000,1260.000000,0.048350,39
603269.XSHG,2020-09-21,2020-10-20,100,13.910000,13.660000,-25.000000,-0.017973,29
002633.XSHE,2020-05-22,2020-10-23,300,7.550000,9.140000,477.000000,0.210596,154
002209.XSHE,2020-05-19,2020-10-23,300,5.720000,7.410000,507.000000,0.295455,157
300736.XSHE,2020-09-29,2020-10-23,200,10.990000,13.940000,590.000000,0.268426,24
600561.XSHG,2020-09-11,2020-10-23,3700,5.110000,5.870000,2812.000000,0.148728,42
600561.XSHG,2020-09-16,2020-10-23,2200,5.150000,5.870000,1584.000000,0.139806,37
300665.XSHE,2020-09-24,2020-10-23,2100,12.230000,13.980000,3675.000000,0.143091,29
002209.XSHE,2020-05-19,2020-10-28,400,5.720000,7.460000,696.000000,0.304196,162
300736.XSHE,2020-09-29,2020-10-28,1900,10.990000,14.380000,6441.000000,0.308462,29
300736.XSHE,2020-09-29,2020-10-28,200,10.990000,14.380000,678.000000,0.308462,29
600561.XSHG,2020-09-16,2020-10-28,4300,5.150000,5.640000,2107.000000,0.095146,42
600561.XSHG,2020-09-21,2020-10-28,500,5.280000,5.640000,180.000000,0.068182,37
603286.XSHG,2020-09-16,2020-10-28,1600,17.780000,16.790000,-1584.000000,-0.055681,42
603286.XSHG,2020-09-21,2020-10-28,100,17.500000,16.790000,-71.000000,-0.040571,37
300665.XSHE,2020-09-24,2020-10-28,200,12.230000,13.690000,292.000000,0.119379,34
300665.XSHE,2020-09-29,2020-10-28,1900,11.560000,13.690000,4047.000000,0.184256,29
002209.XSHE,2020-05-19,2020-11-02,3000,5.720000,7.230000,4530.000000,0.263986,167
002209.XSHE,2020-05-22,2020-11-02,800,5.760000,7.230000,1176.000000,0.255208,164
600561.XSHG,2020-09-21,2020-11-02,4400,5.280000,5.350000,308.000000,0.013258,42
600561.XSHG,2020-09-24,2020-11-02,700,5.060000,5.350000,203.000000,0.057312,39
603269.XSHG,2020-09-21,2020-11-02,2000,13.910000,12.850000,-2120.000000,-0.076204,42
603269.XSHG,2020-10-15,2020-11-02,100,13.280000,12.850000,-43.000000,-0.032380,18
603286.XSHG,2020-09-21,2020-11-02,1400,17.500000,16.340000,-1624.000000,-0.066286,42
603286.XSHG,2020-09-24,2020-11-02,300,16.890000,16.340000,-165.000000,-0.032564,39
300665.XSHE,2020-09-29,2020-11-02,400,11.560000,13.100000,616.000000,0.133218,34
300665.XSHE,2020-10-12,2020-11-02,100,12.240000,13.100000,86.000000,0.070261,21
300665.XSHE,2020-10-15,2020-11-02,200,12.920000,13.100000,36.000000,0.013932,18
300665.XSHE,2020-10-20,2020-11-02,1400,13.610000,13.100000,-714.000000,-0.037472,13
000929.XSHE,2020-10-20,2020-11-02,800,7.900000,8.110000,168.000000,0.026582,13
002209.XSHE,2020-05-22,2020-11-05,3300,5.760000,7.630000,6171.000000,0.324653,167
002209.XSHE,2020-06-01,2020-11-05,600,5.860000,7.630000,1062.000000,0.302048,157
002209.XSHE,2020-06-04,2020-11-05,200,6.110000,7.630000,304.000000,0.248773,154
000502.XSHE,2020-06-09,2020-11-05,300,6.620000,7.750000,339.000000,0.170695,149
600520.XSHG,2020-08-26,2020-11-05,300,9.230000,7.970000,-378.000000,-0.136511,71
600520.XSHG,2020-08-31,2020-11-05,200,9.240000,7.970000,-254.000000,-0.137446,66
603269.XSHG,2020-10-15,2020-11-05,2100,13.280000,12.990000,-609.000000,-0.021837,21
603269.XSHG,2020-10-23,2020-11-05,100,13.370000,12.990000,-38.000000,-0.028422,13
600099.XSHG,2020-09-16,2020-11-05,4000,6.980000,6.830000,-600.000000,-0.021490,50
600099.XSHG,2020-10-15,2020-11-05,100,6.970000,6.830000,-14.000000,-0.020086,21
603286.XSHG,2020-09-24,2020-11-05,1600,16.890000,17.110000,352.000000,0.013025,42
603286.XSHG,2020-09-29,2020-11-05,100,16.020000,17.110000,109.000000,0.068040,37
002209.XSHE,2020-06-04,2020-11-10,100,6.110000,7.710000,160.000000,0.261866,159
002209.XSHE,2020-06-09,2020-11-10,300,6.040000,7.710000,501.000000,0.276490,154
002209.XSHE,2020-06-12,2020-11-10,100,5.910000,7.710000,180.000000,0.304569,151
002209.XSHE,2020-07-02,2020-11-10,300,6.040000,7.710000,501.000000,0.276490,131
002209.XSHE,2020-07-10,2020-11-10,200,6.650000,7.710000,212.000000,0.159398,123
002209.XSHE,2020-07-23,2020-11-10,100,6.540000,7.710000,117.000000,0.178899,110
002209.XSHE,2020-08-18,2020-11-10,100,7.440000,7.710000,27.000000,0.036290,84
002209.XSHE,2020-08-21,2020-11-10,100,7.310000,7.710000,40.000000,0.054720,81
002209.XSHE,2020-08-26,2020-11-10,300,7.230000,7.710000,144.000000,0.066390,76
002209.XSHE,2020-08-31,2020-11-10,700,7.070000,7.710000,448.000000,0.090523,71
002209.XSHE,2020-08-31,2020-11-10,100,7.070000,7.710000,64.000000,0.090523,71
002209.XSHE,2020-09-03,2020-11-10,1300,7.260000,7.710000,585.000000,0.061983,68
000702.XSHE,2020-09-16,2020-11-10,200,5.760000,5.400000,-72.000000,-0.062500,55
603286.XSHG,2020-09-29,2020-11-10,1500,16.020000,17.620000,2400.000000,0.099875,42
603286.XSHG,2020-10-12,2020-11-10,200,16.810000,17.620000,162.000000,0.048186,29
600355.XSHG,2020-10-15,2020-11-10,200,3.050000,2.950000,-20.000000,-0.032787,26
600355.XSHG,2020-10-20,2020-11-10,100,3.060000,2.950000,-11.000000,-0.035948,21
000929.XSHE,2020-10-20,2020-11-10,2800,7.900000,8.300000,1120.000000,0.050633,21
000929.XSHE,2020-10-23,2020-11-10,600,7.840000,8.300000,276.000000,0.058673,18
000695.XSHE,2020-11-05,2020-11-10,300,6.470000,7.360000,267.000000,0.137558,5
000695.XSHE,2020-11-05,2020-11-12,100,6.470000,7.510000,104.000000,0.160742,7
002209.XSHE,2020-09-03,2020-11-13,900,7.260000,7.550000,261.000000,0.039945,71
002209.XSHE,2020-09-03,2020-11-13,2800,7.260000,7.550000,812.000000,0.039945,71
600768.XSHG,2020-07-15,2020-11-13,100,10.680000,9.820000,-86.000000,-0.080524,121
603286.XSHG,2020-10-12,2020-11-13,1500,16.810000,17.300000,735.000000,0.029149,32
603286.XSHG,2020-10-15,2020-11-13,100,16.920000,17.300000,38.000000,0.022459,29
603286.XSHG,2020-10-20,2020-11-13,100,16.820000,17.300000,48.000000,0.028537,24
600355.XSHG,2020-10-20,2020-11-13,500,3.060000,2.980000,-40.000000,-0.026144,24
000929.XSHE,2020-10-23,2020-11-13,3100,7.840000,8.970000,3503.000000,0.144133,21
000929.XSHE,2020-10-28,2020-11-13,700,7.740000,8.970000,861.000000,0.158915,16
603958.XSHG,2020-11-02,2020-11-13,200,6.450000,7.490000,208.000000,0.161240,11
002209.XSHE,2020-09-03,2020-11-18,2600,7.260000,7.470000,546.000000,0.028926,76
002209.XSHE,2020-09-08,2020-11-18,300,7.320000,7.470000,45.000000,0.020492,71
002209.XSHE,2020-09-16,2020-11-18,400,7.150000,7.470000,128.000000,0.044755,63
002209.XSHE,2020-09-24,2020-11-18,100,7.030000,7.470000,44.000000,0.062589,55
002209.XSHE,2020-09-29,2020-11-18,400,6.490000,7.470000,392.000000,0.151002,50
600768.XSHG,2020-07-15,2020-11-18,300,10.680000,10.020000,-198.000000,-0.061798,126
000702.XSHE,2020-09-16,2020-11-18,500,5.760000,5.400000,-180.000000,-0.062500,63
000929.XSHE,2020-10-28,2020-11-18,3000,7.740000,8.690000,2850.000000,0.122739,21
000929.XSHE,2020-11-05,2020-11-18,200,8.140000,8.690000,110.000000,0.067568,13
600778.XSHG,2020-10-23,2020-11-18,300,4.750000,4.450000,-90.000000,-0.063158,26
000502.XSHE,2020-06-09,2020-11-23,400,6.620000,7.640000,408.000000,0.154079,167
600768.XSHG,2020-07-15,2020-11-23,200,10.680000,10.300000,-76.000000,-0.035581,131
600506.XSHG,2020-09-08,2020-11-23,100,10.290000,9.900000,-39.000000,-0.037901,76
000702.XSHE,2020-09-16,2020-11-23,100,5.760000,5.480000,-28.000000,-0.048611,68
600355.XSHG,2020-10-20,2020-11-23,9400,3.060000,2.980000,-752.000000,-0.026144,34
603958.XSHG,2020-11-02,2020-11-23,3800,6.450000,7.620000,4446.000000,0.181395,21
603958.XSHG,2020-11-05,2020-11-23,100,6.810000,7.620000,81.000000,0.118943,18
000502.XSHE,2020-06-09,2020-11-26,1900,6.620000,7.780000,2204.000000,0.175227,170
000502.XSHE,2020-06-17,2020-11-26,300,6.580000,7.780000,360.000000,0.182371,162
000502.XSHE,2020-06-22,2020-11-26,100,6.570000,7.780000,121.000000,0.184170,157
000502.XSHE,2020-07-10,2020-11-26,200,7.340000,7.780000,88.000000,0.059946,139
000502.XSHE,2020-07-15,2020-11-26,400,7.210000,7.780000,228.000000,0.079057,134
000502.XSHE,2020-07-23,2020-11-26,1300,7.070000,7.780000,923.000000,0.100424,126
600506.XSHG,2020-09-08,2020-11-26,2400,10.290000,9.810000,-1152.000000,-0.046647,79
600506.XSHG,2020-09-29,2020-11-26,100,9.370000,9.810000,44.000000,0.046958,58
600506.XSHG,2020-10-12,2020-11-26,400,10.030000,9.810000,-88.000000,-0.021934,45
600355.XSHG,2020-10-20,2020-11-26,8500,3.060000,2.930000,-1105.000000,-0.042484,37
600355.XSHG,2020-10-23,2020-11-26,200,3.040000,2.930000,-22.000000,-0.036184,34
600355.XSHG,2020-10-28,2020-11-26,200,2.960000,2.930000,-6.000000,-0.010135,29
600355.XSHG,2020-11-02,2020-11-26,700,2.830000,2.930000,70.000000,0.035336,24
600778.XSHG,2020-10-23,2020-11-26,1900,4.750000,4.530000,-418.000000,-0.046316,34
000695.XSHE,2020-11-05,2020-11-26,3900,6.470000,6.820000,1365.000000,0.054096,21
000695.XSHE,2020-11-13,2020-11-26,200,6.900000,6.820000,-16.000000,-0.011594,13
600506.XSHG,2020-10-12,2020-12-01,2400,10.030000,9.970000,-144.000000,-0.005982,50
600506.XSHG,2020-10-20,2020-12-01,100,10.400000,9.970000,-43.000000,-0.041346,42
600506.XSHG,2020-10-23,2020-12-01,200,10.100000,9.970000,-26.000000,-0.012871,39
600506.XSHG,2020-11-02,2020-12-01,100,9.400000,9.970000,57.000000,0.060638,29
600506.XSHG,2020-11-05,2020-12-01,200,9.650000,9.970000,64.000000,0.033161,26
000702.XSHE,2020-09-16,2020-12-01,4000,5.760000,5.680000,-320.000000,-0.013889,76
000702.XSHE,2020-09-21,2020-12-01,2600,5.770000,5.680000,-234.000000,-0.015598,71
600455.XSHG,2020-11-10,2020-12-01,1100,23.880000,23.020000,-946.000000,-0.036013,21
600455.XSHG,2020-11-13,2020-12-01,100,23.110000,23.020000,-9.000000,-0.003894,18
000502.XSHE,2020-07-23,2020-12-04,300,7.070000,7.900000,249.000000,0.117397,134
600520.XSHG,2020-08-31,2020-12-04,100,9.240000,7.900000,-134.000000,-0.145022,95
600506.XSHG,2020-11-05,2020-12-04,2700,9.650000,10.140000,1323.000000,0.050777,29
600506.XSHG,2020-11-10,2020-12-04,200,9.820000,10.140000,64.000000,0.032587,24
000702.XSHE,2020-09-21,2020-12-04,2400,5.770000,5.860000,216.000000,0.015598,74
000702.XSHE,2020-09-24,2020-12-04,2900,5.640000,5.860000,638.000000,0.039007,71
600355.XSHG,2020-11-02,2020-12-04,300,2.830000,3.060000,69.000000,0.081272,32
600520.XSHG,2020-08-31,2020-12-09,100,9.240000,8.000000,-124.000000,-0.134199,100
600506.XSHG,2020-11-10,2020-12-09,2400,9.820000,10.150000,792.000000,0.033605,29
600506.XSHG,2020-11-10,2020-12-09,400,9.820000,10.150000,132.000000,0.033605,29
600506.XSHG,2020-11-13,2020-12-09,100,9.770000,10.150000,38.000000,0.038895,26
000702.XSHE,2020-09-24,2020-12-09,2200,5.640000,6.650000,2222.000000,0.179078,76
000702.XSHE,2020-10-15,2020-12-09,300,5.630000,6.650000,306.000000,0.181172,55
000702.XSHE,2020-10-20,2020-12-09,400,5.490000,6.650000,464.000000,0.211293,50
000702.XSHE,2020-10-23,2020-12-09,300,5.430000,6.650000,366.000000,0.224678,47
000702.XSHE,2020-10-28,2020-12-09,2900,5.400000,6.650000,3625.000000,0.231481,42
000502.XSHE,2020-07-23,2020-12-14,2000,7.070000,8.620000,3100.000000,0.219236,144
000502.XSHE,2020-08-05,2020-12-14,200,7.300000,8.620000,264.000000,0.180822,131
000502.XSHE,2020-08-18,2020-12-14,900,7.410000,8.620000,1089.000000,0.163293,118
000502.XSHE,2020-08-21,2020-12-14,200,7.270000,8.620000,270.000000,0.185695,115
000502.XSHE,2020-08-26,2020-12-14,100,7.360000,8.620000,126.000000,0.171196,110
000502.XSHE,2020-09-08,2020-12-14,1700,7.330000,8.620000,2193.000000,0.175989,97
600506.XSHG,2020-11-13,2020-12-14,2200,9.770000,10.150000,836.000000,0.038895,31
600506.XSHG,2020-11-13,2020-12-14,500,9.770000,10.150000,190.000000,0.038895,31
600506.XSHG,2020-11-18,2020-12-14,200,9.640000,10.150000,102.000000,0.052905,26
000702.XSHE,2020-10-28,2020-12-14,2200,5.400000,6.420000,2244.000000,0.188889,47
000702.XSHE,2020-11-02,2020-12-14,2100,5.170000,6.420000,2625.000000,0.241779,42
603029.XSHG,2020-09-16,2020-12-14,1700,16.900000,15.070000,-3111.000000,-0.108284,89
603029.XSHG,2020-09-24,2020-12-14,300,16.020000,15.070000,-285.000000,-0.059301,81
600561.XSHG,2020-11-13,2020-12-14,200,5.130000,4.890000,-48.000000,-0.046784,31
002633.XSHE,2020-05-22,2020-12-17,100,7.550000,7.750000,20.000000,0.026490,209
600768.XSHG,2020-07-15,2020-12-17,100,10.680000,9.130000,-155.000000,-0.145131,155
000702.XSHE,2020-11-02,2020-12-17,3400,5.170000,6.190000,3468.000000,0.197292,45
000702.XSHE,2020-11-05,2020-12-17,400,5.250000,6.190000,376.000000,0.179048,42
000702.XSHE,2020-11-13,2020-12-17,300,5.280000,6.190000,273.000000,0.172348,34
000702.XSHE,2020-11-26,2020-12-17,400,5.340000,6.190000,340.000000,0.159176,21
603029.XSHG,2020-09-24,2020-12-17,1500,16.020000,14.420000,-2400.000000,-0.099875,84
603029.XSHG,2020-09-29,2020-12-17,400,15.030000,14.420000,-244.000000,-0.040585,79
603269.XSHG,2020-11-26,2020-12-17,2200,12.800000,11.940000,-1892.000000,-0.067188,21
603269.XSHG,2020-12-01,2020-12-17,200,12.710000,11.940000,-154.000000,-0.060582,16
000502.XSHE,2020-09-08,2020-12-22,500,7.330000,9.450000,1060.000000,0.289222,105
000502.XSHE,2020-09-21,2020-12-22,400,7.140000,9.450000,924.000000,0.323529,92
000502.XSHE,2020-09-24,2020-12-22,2700,7.510000,9.450000,5238.000000,0.258322,89
000502.XSHE,2020-10-12,2020-12-22,300,7.850000,9.450000,480.000000,0.203822,71
000502.XSHE,2020-10-23,2020-12-22,200,7.950000,9.450000,300.000000,0.188679,60
603029.XSHG,2020-09-29,2020-12-22,1400,15.030000,14.320000,-994.000000,-0.047239,84
603029.XSHG,2020-10-12,2020-12-22,100,15.530000,14.320000,-121.000000,-0.077914,71
603029.XSHG,2020-10-15,2020-12-22,300,15.330000,14.320000,-303.000000,-0.065884,68
600778.XSHG,2020-10-23,2020-12-22,300,4.750000,4.260000,-147.000000,-0.103158,60
300478.XSHE,2020-11-26,2020-12-22,100,10.830000,10.140000,-69.000000,-0.063712,26
603269.XSHG,2020-12-01,2020-12-22,2100,12.710000,12.100000,-1281.000000,-0.047994,21
603269.XSHG,2020-12-04,2020-12-22,200,12.800000,12.100000,-140.000000,-0.054688,18
000502.XSHE,2020-10-23,2020-12-25,100,7.950000,8.760000,81.000000,0.101887,63
000502.XSHE,2020-10-28,2020-12-25,2800,7.700000,8.760000,2968.000000,0.137662,58
600768.XSHG,2020-07-15,2020-12-25,400,10.680000,8.860000,-728.000000,-0.170412,163
600520.XSHG,2020-08-31,2020-12-25,200,9.240000,6.970000,-454.000000,-0.245671,116
600778.XSHG,2020-10-23,2020-12-25,3500,4.750000,3.990000,-2660.000000,-0.160000,63
600778.XSHG,2020-10-28,2020-12-25,3000,4.520000,3.990000,-1590.000000,-0.117257,58
603269.XSHG,2020-12-04,2020-12-25,2100,12.800000,11.250000,-3255.000000,-0.121094,21
603269.XSHG,2020-12-09,2020-12-25,100,12.740000,11.250000,-149.000000,-0.116954,16
002209.XSHE,2020-12-14,2020-12-25,100,7.100000,6.700000,-40.000000,-0.056338,11
600615.XSHG,2020-12-17,2020-12-25,200,6.810000,6.670000,-28.000000,-0.020558,8
000502.XSHE,2020-10-28,2020-12-30,1100,7.700000,9.240000,1694.000000,0.200000,63
000502.XSHE,2020-11-02,2020-12-30,200,7.390000,9.240000,370.000000,0.250338,58
000502.XSHE,2020-11-10,2020-12-30,300,7.740000,9.240000,450.000000,0.193798,50
000502.XSHE,2020-11-13,2020-12-30,500,7.440000,9.240000,900.000000,0.241935,47
000502.XSHE,2020-11-18,2020-12-30,300,7.340000,9.240000,570.000000,0.258856,42
000502.XSHE,2020-12-01,2020-12-30,300,7.590000,9.240000,495.000000,0.217391,29
000502.XSHE,2020-12-09,2020-12-30,300,7.730000,9.240000,453.000000,0.195343,21
600561.XSHG,2020-11-13,2020-12-30,5300,5.130000,4.510000,-3286.000000,-0.120858,47
600561.XSHG,2020-11-18,2020-12-30,1700,5.090000,4.510000,-986.000000,-0.113949,42
603269.XSHG,2020-12-09,2020-12-30,2200,12.740000,11.240000,-3300.000000,-0.117739,21
603269.XSHG,2020-12-14,2020-12-30,100,12.250000,11.240000,-101.000000,-0.082449,16
002633.XSHE,2020-05-22,2021-01-04,2000,7.550000,7.210000,-680.000000,-0.045033,227
002633.XSHE,2020-06-01,2021-01-04,300,7.760000,7.210000,-165.000000,-0.070876,217
002633.XSHE,2020-06-04,2021-01-04,700,7.850000,7.210000,-448.000000,-0.081529,214
002633.XSHE,2020-06-09,2021-01-04,100,7.810000,7.210000,-60.000000,-0.076825,209
002633.XSHE,2020-06-22,2021-01-04,100,7.980000,7.210000,-77.000000,-0.096491,196
002633.XSHE,2020-06-29,2021-01-04,100,7.900000,7.210000,-69.000000,-0.087342,189
002633.XSHE,2020-06-29,2021-01-04,500,7.900000,7.210000,-345.000000,-0.087342,189
002633.XSHE,2020-07-02,2021-01-04,600,7.980000,7.210000,-462.000000,-0.096491,186
002633.XSHE,2020-07-07,2021-01-04,300,8.230000,7.210000,-306.000000,-0.123937,181
002633.XSHE,2020-07-10,2021-01-04,2800,8.610000,7.210000,-3920.000000,-0.162602,178
002633.XSHE,2020-07-15,2021-01-04,200,8.590000,7.210000,-276.000000,-0.160652,173
002633.XSHE,2020-08-13,2021-01-04,300,8.690000,7.210000,-444.000000,-0.170311,144
002633.XSHE,2020-08-21,2021-01-04,200,9.000000,7.210000,-358.000000,-0.198889,136
002633.XSHE,2020-09-08,2021-01-04,600,9.690000,7.210000,-1488.000000,-0.255934,118
002633.XSHE,2020-09-16,2021-01-04,200,9.390000,7.210000,-436.000000,-0.232162,110
002633.XSHE,2020-09-24,2021-01-04,100,9.140000,7.210000,-193.000000,-0.211160,102
002633.XSHE,2020-09-29,2021-01-04,300,8.460000,7.210000,-375.000000,-0.147754,97
002633.XSHE,2020-11-02,2021-01-04,2900,8.850000,7.210000,-4756.000000,-0.185311,63
002633.XSHE,2020-11-05,2021-01-04,3400,8.940000,7.210000,-5882.000000,-0.193512,60
002633.XSHE,2020-11-10,2021-01-04,500,8.820000,7.210000,-805.000000,-0.182540,55
002633.XSHE,2020-11-26,2021-01-04,100,8.590000,7.210000,-138.000000,-0.160652,39
002633.XSHE,2020-11-26,2021-01-04,200,8.590000,7.210000,-276.000000,-0.160652,39
002633.XSHE,2020-12-01,2021-01-04,500,8.370000,7.210000,-580.000000,-0.138590,34
002633.XSHE,2020-12-04,2021-01-04,200,8.310000,7.210000,-220.000000,-0.132371,31
002633.XSHE,2020-12-04,2021-01-04,100,8.310000,7.210000,-110.000000,-0.132371,31
002633.XSHE,2020-12-14,2021-01-04,300,8.050000,7.210000,-252.000000,-0.104348,21
002633.XSHE,2020-12-22,2021-01-04,300,7.620000,7.210000,-123.000000,-0.053806,13
002633.XSHE,2020-12-30,2021-01-04,200,7.130000,7.210000,16.000000,0.011220,5
600768.XSHG,2020-07-15,2021-01-04,900,10.680000,8.780000,-1710.000000,-0.177903,173
600768.XSHG,2020-07-20,2021-01-04,200,10.210000,8.780000,-286.000000,-0.140059,168
600768.XSHG,2020-07-23,2021-01-04,2400,10.420000,8.780000,-3936.000000,-0.157390,165
600768.XSHG,2020-07-28,2021-01-04,2500,10.120000,8.780000,-3350.000000,-0.132411,160
600768.XSHG,2020-07-31,2021-01-04,4600,10.380000,8.780000,-7360.000000,-0.154143,157
600768.XSHG,2020-08-10,2021-01-04,500,10.500000,8.780000,-860.000000,-0.163810,147
600768.XSHG,2020-08-26,2021-01-04,300,10.570000,8.780000,-537.000000,-0.169347,131
600768.XSHG,2020-09-03,2021-01-04,300,10.820000,8.780000,-612.000000,-0.188540,123
600768.XSHG,2020-09-08,2021-01-04,400,10.710000,8.780000,-772.000000,-0.180205,118
600768.XSHG,2020-09-16,2021-01-04,300,10.560000,8.780000,-534.000000,-0.168561,110
600768.XSHG,2020-09-24,2021-01-04,200,10.280000,8.780000,-300.000000,-0.145914,102
600768.XSHG,2020-09-29,2021-01-04,100,9.640000,8.780000,-86.000000,-0.089212,97
600768.XSHG,2020-10-12,2021-01-04,300,9.900000,8.780000,-336.000000,-0.113131,84
600768.XSHG,2020-10-15,2021-01-04,200,9.990000,8.780000,-242.000000,-0.121121,81
600768.XSHG,2020-10-20,2021-01-04,100,9.890000,8.780000,-111.000000,-0.112235,76
600768.XSHG,2020-10-23,2021-01-04,200,9.840000,8.780000,-212.000000,-0.107724,73
600768.XSHG,2020-11-02,2021-01-04,100,9.340000,8.780000,-56.000000,-0.059957,63
600768.XSHG,2020-11-26,2021-01-04,200,9.960000,8.780000,-236.000000,-0.118474,39
600768.XSHG,2020-12-01,2021-01-04,100,9.920000,8.780000,-114.000000,-0.114919,34
600768.XSHG,2020-12-04,2021-01-04,200,9.820000,8.780000,-208.000000,-0.105906,31
600768.XSHG,2020-12-14,2021-01-04,500,9.400000,8.780000,-310.000000,-0.065957,21
600768.XSHG,2020-12-22,2021-01-04,100,9.120000,8.780000,-34.000000,-0.037281,13
600768.XSHG,2020-12-30,2021-01-04,100,8.680000,8.780000,10.000000,0.011521,5
600520.XSHG,2020-08-31,2021-01-04,3400,9.240000,6.800000,-8296.000000,-0.264069,126
600520.XSHG,2020-09-03,2021-01-04,4800,9.250000,6.800000,-11760.000000,-0.264865,123
600520.XSHG,2020-09-08,2021-01-04,3300,9.370000,6.800000,-8481.000000,-0.274280,118
600520.XSHG,2020-09-11,2021-01-04,3400,8.500000,6.800000,-5780.000000,-0.200000,115
600520.XSHG,2020-09-16,2021-01-04,200,8.920000,6.800000,-424.000000,-0.237668,110
600520.XSHG,2020-09-24,2021-01-04,400,8.610000,6.800000,-724.000000,-0.210221,102
600520.XSHG,2020-09-29,2021-01-04,400,7.950000,6.800000,-460.000000,-0.144654,97
600520.XSHG,2020-10-15,2021-01-04,400,8.300000,6.800000,-600.000000,-0.180723,81
600520.XSHG,2020-10-20,2021-01-04,100,8.250000,6.800000,-145.000000,-0.175758,76
600520.XSHG,2020-10-23,2021-01-04,400,8.140000,6.800000,-536.000000,-0.164619,73
600520.XSHG,2020-10-28,2021-01-04,300,7.850000,6.800000,-315.000000,-0.133758,68
600520.XSHG,2020-11-02,2021-01-04,300,7.510000,6.800000,-213.000000,-0.094541,63
600520.XSHG,2020-11-13,2021-01-04,400,7.830000,6.800000,-412.000000,-0.131545,52
600520.XSHG,2020-11-26,2021-01-04,100,7.820000,6.800000,-102.000000,-0.130435,39
600520.XSHG,2020-12-01,2021-01-04,200,7.730000,6.800000,-186.000000,-0.120310,34
600520.XSHG,2020-12-14,2021-01-04,100,7.720000,6.800000,-92.000000,-0.119171,21
600520.XSHG,2020-12-17,2021-01-04,300,7.240000,6.800000,-132.000000,-0.060773,18
600520.XSHG,2020-12-17,2021-01-04,100,7.240000,6.800000,-44.000000,-0.060773,18
600520.XSHG,2020-12-30,2021-01-04,700,6.700000,6.800000,70.000000,0.014925,5
603029.XSHG,2020-10-15,2021-01-04,1700,15.330000,13.160000,-3689.000000,-0.141553,81
603029.XSHG,2020-10-20,2021-01-04,1900,15.340000,13.160000,-4142.000000,-0.142112,76
603029.XSHG,2020-11-02,2021-01-04,100,14.600000,13.160000,-144.000000,-0.098630,63
603029.XSHG,2020-12-09,2021-01-04,200,15.230000,13.160000,-414.000000,-0.135916,26
600355.XSHG,2020-11-02,2021-01-04,9000,2.830000,2.560000,-2430.000000,-0.095406,63
600355.XSHG,2020-11-05,2021-01-04,500,2.860000,2.560000,-150.000000,-0.104895,60
600355.XSHG,2020-12-14,2021-01-04,200,2.920000,2.560000,-72.000000,-0.123288,21
600355.XSHG,2020-12-17,2021-01-04,300,2.710000,2.560000,-45.000000,-0.055351,18
600355.XSHG,2020-12-22,2021-01-04,400,2.640000,2.560000,-32.000000,-0.030303,13
600355.XSHG,2020-12-25,2021-01-04,10900,2.420000,2.560000,1526.000000,0.057851,10
600355.XSHG,2020-12-30,2021-01-04,9100,2.450000,2.560000,1001.000000,0.044898,5
600355.XSHG,2020-12-30,2021-01-04,1200,2.450000,2.560000,132.000000,0.044898,5
600778.XSHG,2020-10-28,2021-01-04,3500,4.520000,4.000000,-1820.000000,-0.115044,68
600778.XSHG,2020-11-02,2021-01-04,6300,4.380000,4.000000,-2394.000000,-0.086758,63
600778.XSHG,2020-11-05,2021-01-04,7200,4.340000,4.000000,-2448.000000,-0.078341,60
600778.XSHG,2020-11-10,2021-01-04,6400,4.440000,4.000000,-2816.000000,-0.099099,55
600778.XSHG,2020-11-23,2021-01-04,1500,4.300000,4.000000,-450.000000,-0.069767,42
600778.XSHG,2020-12-01,2021-01-04,100,4.500000,4.000000,-50.000000,-0.111111,34
600778.XSHG,2020-12-09,2021-01-04,100,4.570000,4.000000,-57.000000,-0.124726,26
600778.XSHG,2020-12-14,2021-01-04,900,4.340000,4.000000,-306.000000,-0.078341,21
600778.XSHG,2020-12-30,2021-01-04,100,3.950000,4.000000,5.000000,0.012658,5
600455.XSHG,2020-11-13,2021-01-04,1200,23.110000,20.400000,-3252.000000,-0.117265,52
600455.XSHG,2020-11-18,2021-01-04,1200,23.150000,20.400000,-3300.000000,-0.118790,47
600455.XSHG,2020-11-23,2021-01-04,1300,23.270000,20.400000,-3731.000000,-0.123335,42
600455.XSHG,2020-11-26,2021-01-04,1300,23.000000,20.400000,-3380.000000,-0.113043,39
600455.XSHG,2020-12-14,2021-01-04,200,21.890000,20.400000,-298.000000,-0.068068,21
600455.XSHG,2020-12-22,2021-01-04,1400,20.910000,20.400000,-714.000000,-0.024390,13
600561.XSHG,2020-11-18,2021-01-04,4000,5.090000,4.470000,-2480.000000,-0.121807,47
600561.XSHG,2020-11-23,2021-01-04,5600,5.140000,4.470000,-3752.000000,-0.130350,42
600561.XSHG,2020-11-26,2021-01-04,5700,5.080000,4.470000,-3477.000000,-0.120079,39
600561.XSHG,2020-12-01,2021-01-04,6300,4.960000,4.470000,-3087.000000,-0.098790,34
600561.XSHG,2020-12-04,2021-01-04,300,4.990000,4.470000,-156.000000,-0.104208,31
600561.XSHG,2020-12-09,2021-01-04,300,4.970000,4.470000,-150.000000,-0.100604,26
600561.XSHG,2020-12-17,2021-01-04,500,4.580000,4.470000,-55.000000,-0.024017,18
600561.XSHG,2020-12-22,2021-01-04,300,4.600000,4.470000,-39.000000,-0.028261,13
300478.XSHE,2020-11-26,2021-01-04,2500,10.830000,9.960000,-2175.000000,-0.080332,39
300478.XSHE,2020-12-01,2021-01-04,2500,11.040000,9.960000,-2700.000000,-0.097826,34
300478.XSHE,2020-12-04,2021-01-04,2800,10.980000,9.960000,-2856.000000,-0.092896,31
300478.XSHE,2020-12-09,2021-01-04,2800,10.870000,9.960000,-2548.000000,-0.083717,26
300478.XSHE,2020-12-14,2021-01-04,2900,10.470000,9.960000,-1479.000000,-0.048711,21
300478.XSHE,2020-12-17,2021-01-04,200,9.840000,9.960000,24.000000,0.012195,18
300478.XSHE,2020-12-25,2021-01-04,300,9.190000,9.960000,231.000000,0.083787,10
300478.XSHE,2020-12-30,2021-01-04,100,9.110000,9.960000,85.000000,0.093304,5
603269.XSHG,2020-12-14,2021-01-04,2400,12.250000,11.500000,-1800.000000,-0.061224,21
002209.XSHE,2020-12-14,2021-01-04,3900,7.100000,6.750000,-1365.000000,-0.049296,21
300736.XSHE,2020-12-14,2021-01-04,2700,10.560000,9.250000,-3537.000000,-0.124053,21
300736.XSHE,2020-12-17,2021-01-04,2500,10.390000,9.250000,-2850.000000,-0.109721,18
300736.XSHE,2020-12-22,2021-01-04,200,10.150000,9.250000,-180.000000,-0.088670,13
300736.XSHE,2020-12-25,2021-01-04,3100,9.070000,9.250000,558.000000,0.019846,10
300736.XSHE,2020-12-30,2021-01-04,2900,9.010000,9.250000,696.000000,0.026637,5
600615.XSHG,2020-12-17,2021-01-04,3800,6.810000,6.700000,-418.000000,-0.016153,18
600615.XSHG,2020-12-22,2021-01-04,4000,6.860000,6.700000,-640.000000,-0.023324,13
600766.XSHG,2020-12-17,2021-01-04,4300,5.810000,5.390000,-1806.000000,-0.072289,18
600766.XSHG,2020-12-22,2021-01-04,5200,5.770000,5.390000,-1976.000000,-0.065858,13
600766.XSHG,2020-12-25,2021-01-04,4800,5.400000,5.390000,-48.000000,-0.001852,10
600766.XSHG,2020-12-30,2021-01-04,4400,5.510000,5.390000,-528.000000,-0.021779,5
511880.XSHG,2021-01-04,2021-02-01,13100,100.136000,100.310000,2279.400000,0.001738,28
000502.XSHE,2021-02-10,2021-02-22,100,5.180000,6.070000,89.000000,0.171815,12
000007.XSHE,2021-02-02,2021-02-23,900,2.710000,3.300000,531.000000,0.217712,21
300312.XSHE,2021-02-05,2021-02-23,4700,3.060000,4.370000,6157.000000,0.428105,18
300312.XSHE,2021-02-05,2021-02-24,3000,3.060000,5.820000,8280.000000,0.901961,19
600766.XSHG,2021-02-02,2021-02-25,6800,3.850000,5.260000,9588.000000,0.366234,23
600766.XSHG,2021-02-05,2021-02-25,500,3.540000,5.260000,860.000000,0.485876,20
002862.XSHE,2021-02-02,2021-02-25,100,8.150000,9.350000,120.000000,0.147239,23
000007.XSHE,2021-02-02,2021-02-26,5600,2.710000,3.980000,7112.000000,0.468635,24
000007.XSHE,2021-02-02,2021-03-01,2500,2.710000,4.420000,4275.000000,0.630996,27
300736.XSHE,2021-02-02,2021-03-02,200,7.150000,8.020000,174.000000,0.121678,28
000007.XSHE,2021-02-02,2021-03-02,700,2.710000,3.970000,882.000000,0.464945,28
000007.XSHE,2021-02-05,2021-03-02,4200,2.570000,3.970000,5880.000000,0.544747,25
002862.XSHE,2021-02-02,2021-03-02,3100,8.150000,10.510000,7316.000000,0.289571,28
002862.XSHE,2021-02-05,2021-03-02,800,7.740000,10.510000,2216.000000,0.357881,25
300312.XSHE,2021-02-05,2021-03-02,300,3.060000,5.600000,762.000000,0.830065,25
000007.XSHE,2021-02-05,2021-03-05,6400,2.570000,3.670000,7040.000000,0.428016,28
000007.XSHE,2021-02-10,2021-03-05,500,2.490000,3.670000,590.000000,0.473896,23
002862.XSHE,2021-02-05,2021-03-05,2600,7.740000,9.700000,5096.000000,0.253230,28
600355.XSHG,2021-02-02,2021-03-05,2200,2.020000,2.240000,484.000000,0.108911,31
600778.XSHG,2021-02-02,2021-03-05,8200,3.220000,3.700000,3936.000000,0.149068,31
600778.XSHG,2021-02-05,2021-03-05,1000,3.130000,3.700000,570.000000,0.182109,28
300312.XSHE,2021-02-05,2021-03-05,500,3.060000,7.530000,2235.000000,1.460784,28
300312.XSHE,2021-02-10,2021-03-05,6500,2.830000,7.530000,30550.000000,1.660777,23
300312.XSHE,2021-02-10,2021-03-10,3200,2.830000,5.660000,9056.000000,1.000000,28
300312.XSHE,2021-02-25,2021-03-10,1100,5.220000,5.660000,484.000000,0.084291,13
000007.XSHE,2021-02-10,2021-03-10,10200,2.490000,4.470000,20196.000000,0.795181,28
002862.XSHE,2021-02-05,2021-03-10,100,7.740000,11.180000,344.000000,0.444444,33
002862.XSHE,2021-02-10,2021-03-10,3100,7.910000,11.180000,10137.000000,0.413401,28
002862.XSHE,2021-02-22,2021-03-10,500,8.730000,11.180000,1225.000000,0.280641,16
000007.XSHE,2021-02-10,2021-03-15,100,2.490000,4.110000,162.000000,0.650602,33
000007.XSHE,2021-02-22,2021-03-15,5400,3.140000,4.110000,5238.000000,0.308917,21
000007.XSHE,2021-02-25,2021-03-15,1300,3.300000,4.110000,1053.000000,0.245455,18
300478.XSHE,2021-02-02,2021-03-15,900,7.810000,8.580000,693.000000,0.098592,41
600506.XSHG,2021-02-22,2021-03-15,3400,7.560000,7.870000,1054.000000,0.041005,21
002862.XSHE,2021-02-22,2021-03-15,2800,8.730000,10.920000,6132.000000,0.250859,21
600778.XSHG,2021-02-05,2021-03-18,7400,3.130000,3.960000,6142.000000,0.265176,41
600778.XSHG,2021-02-10,2021-03-18,100,3.090000,3.960000,87.000000,0.281553,36
600778.XSHG,2021-02-22,2021-03-18,2800,3.440000,3.960000,1456.000000,0.151163,24
603729.XSHG,2021-03-02,2021-03-18,2500,12.440000,12.740000,750.000000,0.024116,16
600506.XSHG,2021-02-22,2021-03-18,300,7.560000,8.640000,324.000000,0.142857,24
600506.XSHG,2021-02-25,2021-03-18,3300,7.490000,8.640000,3795.000000,0.153538,21
600506.XSHG,2021-03-01,2021-03-18,200,8.800000,8.640000,-32.000000,-0.018182,17
600506.XSHG,2021-03-02,2021-03-18,200,8.490000,8.640000,30.000000,0.017668,16
600766.XSHG,2021-02-05,2021-03-19,4800,3.540000,5.100000,7488.000000,0.440678,42
000502.XSHE,2021-02-10,2021-03-19,2100,5.180000,7.250000,4347.000000,0.399614,37
600766.XSHG,2021-02-05,2021-03-22,900,3.540000,5.270000,1557.000000,0.488701,45
600768.XSHG,2021-02-02,2021-03-23,100,7.400000,8.090000,69.000000,0.093243,49
300478.XSHE,2021-02-02,2021-03-23,400,7.810000,8.880000,428.000000,0.137004,49
000502.XSHE,2021-02-10,2021-03-23,2700,5.180000,7.110000,5211.000000,0.372587,41
000502.XSHE,2021-03-02,2021-03-23,1700,6.160000,7.110000,1615.000000,0.154221,21
002633.XSHE,2021-02-02,2021-03-26,300,5.840000,6.450000,183.000000,0.104452,52
600766.XSHG,2021-02-05,2021-03-26,100,3.540000,4.950000,141.000000,0.398305,49
300478.XSHE,2021-02-02,2021-03-26,500,7.810000,9.000000,595.000000,0.152369,52
600778.XSHG,2021-02-22,2021-03-26,500,3.440000,3.790000,175.000000,0.101744,32
000502.XSHE,2021-03-02,2021-03-26,3700,6.160000,6.390000,851.000000,0.037338,24
603029.XSHG,2021-02-22,2021-03-26,500,11.390000,12.480000,545.000000,0.095698,32
002633.XSHE,2021-02-02,2021-03-31,300,5.840000,6.300000,138.000000,0.078767,57
600768.XSHG,2021-02-02,2021-03-31,1300,7.400000,8.180000,1014.000000,0.105405,57
600355.XSHG,2021-02-02,2021-03-31,1500,2.020000,2.160000,210.000000,0.069307,57
600778.XSHG,2021-02-22,2021-03-31,5000,3.440000,3.810000,1850.000000,0.107558,37
600778.XSHG,2021-02-25,2021-03-31,4400,3.560000,3.810000,1100.000000,0.070225,34
000502.XSHE,2021-03-05,2021-03-31,5000,6.130000,6.180000,250.000000,0.008157,26
000502.XSHE,2021-03-10,2021-03-31,100,5.910000,6.180000,27.000000,0.045685,21
603029.XSHG,2021-02-22,2021-03-31,2000,11.390000,12.600000,2420.000000,0.106234,37
603029.XSHG,2021-02-25,2021-03-31,1100,11.360000,12.600000,1364.000000,0.109155,34
603269.XSHG,2021-03-18,2021-03-31,100,10.210000,10.190000,-2.000000,-0.001959,13
002633.XSHE,2021-02-02,2021-04-01,3900,5.840000,6.340000,1950.000000,0.085616,58
002633.XSHE,2021-02-05,2021-04-01,4800,5.590000,6.340000,3600.000000,0.134168,55
002633.XSHE,2021-02-10,2021-04-01,4600,5.560000,6.340000,3588.000000,0.140288,50
002633.XSHE,2021-02-22,2021-04-01,4900,6.080000,6.340000,1274.000000,0.042763,38
002633.XSHE,2021-02-25,2021-04-01,5500,6.250000,6.340000,495.000000,0.014400,35
002633.XSHE,2021-03-05,2021-04-01,100,6.310000,6.340000,3.000000,0.004754,27
002633.XSHE,2021-03-10,2021-04-01,300,6.290000,6.340000,15.000000,0.007949,22
002633.XSHE,2021-03-18,2021-04-01,400,6.490000,6.340000,-60.000000,-0.023112,14
002633.XSHE,2021-03-23,2021-04-01,600,6.440000,6.340000,-60.000000,-0.015528,9
600766.XSHG,2021-02-05,2021-04-01,1600,3.540000,4.310000,1232.000000,0.217514,55
600766.XSHG,2021-02-10,2021-04-01,9900,3.150000,4.310000,11484.000000,0.368254,50
600766.XSHG,2021-03-02,2021-04-01,2300,4.820000,4.310000,-1173.000000,-0.105809,30
600766.XSHG,2021-03-05,2021-04-01,100,4.400000,4.310000,-9.000000,-0.020455,27
600766.XSHG,2021-03-05,2021-04-01,100,4.400000,4.310000,-9.000000,-0.020455,27
600766.XSHG,2021-03-10,2021-04-01,2100,4.250000,4.310000,126.000000,0.014118,22
600766.XSHG,2021-03-15,2021-04-01,8400,4.090000,4.310000,1848.000000,0.053790,17
600766.XSHG,2021-03-18,2021-04-01,6600,4.350000,4.310000,-264.000000,-0.009195,14
600766.XSHG,2021-03-18,2021-04-01,500,4.350000,4.310000,-20.000000,-0.009195,14
600766.XSHG,2021-03-23,2021-04-01,1300,5.020000,4.310000,-923.000000,-0.141434,9
600766.XSHG,2021-03-25,2021-04-01,200,4.920000,4.310000,-122.000000,-0.123984,7
600766.XSHG,2021-03-31,2021-04-01,400,4.300000,4.310000,4.000000,0.002326,1
600766.XSHG,2021-03-31,2021-04-01,3200,4.300000,4.310000,32.000000,0.002326,1
300736.XSHE,2021-02-02,2021-04-01,3400,7.150000,7.360000,714.000000,0.029371,58
300736.XSHE,2021-02-05,2021-04-01,4200,6.680000,7.360000,2856.000000,0.101796,55
300736.XSHE,2021-02-10,2021-04-01,4100,6.500000,7.360000,3526.000000,0.132308,50
300736.XSHE,2021-02-22,2021-04-01,4000,7.200000,7.360000,640.000000,0.022222,38
300736.XSHE,2021-02-25,2021-04-01,4000,7.630000,7.360000,-1080.000000,-0.035387,35
300736.XSHE,2021-03-10,2021-04-01,200,7.780000,7.360000,-84.000000,-0.053985,22
300736.XSHE,2021-03-15,2021-04-01,400,7.610000,7.360000,-100.000000,-0.032852,17
300736.XSHE,2021-03-23,2021-04-01,1000,7.770000,7.360000,-410.000000,-0.052767,9
300736.XSHE,2021-03-26,2021-04-01,600,7.390000,7.360000,-18.000000,-0.004060,6
300736.XSHE,2021-03-26,2021-04-01,200,7.390000,7.360000,-6.000000,-0.004060,6
600768.XSHG,2021-02-02,2021-04-01,2100,7.400000,8.240000,1764.000000,0.113514,58
600768.XSHG,2021-02-05,2021-04-01,3900,7.040000,8.240000,4680.000000,0.170455,55
600768.XSHG,2021-02-10,2021-04-01,3500,7.070000,8.240000,4095.000000,0.165488,50
600768.XSHG,2021-02-25,2021-04-01,4400,7.930000,8.240000,1364.000000,0.039092,35
600768.XSHG,2021-03-02,2021-04-01,700,7.860000,8.240000,266.000000,0.048346,30
600768.XSHG,2021-03-10,2021-04-01,200,7.650000,8.240000,118.000000,0.077124,22
600768.XSHG,2021-03-15,2021-04-01,3700,7.770000,8.240000,1739.000000,0.060489,17
600768.XSHG,2021-03-18,2021-04-01,700,7.910000,8.240000,231.000000,0.041719,14
600768.XSHG,2021-03-26,2021-04-01,200,7.820000,8.240000,84.000000,0.053708,6
300478.XSHE,2021-02-02,2021-04-01,1500,7.810000,8.160000,525.000000,0.044814,58
300478.XSHE,2021-02-05,2021-04-01,3800,7.320000,8.160000,3192.000000,0.114754,55
300478.XSHE,2021-02-10,2021-04-01,3700,7.130000,8.160000,3811.000000,0.144460,50
300478.XSHE,2021-02-22,2021-04-01,3300,8.120000,8.160000,132.000000,0.004926,38
300478.XSHE,2021-02-25,2021-04-01,3000,8.910000,8.160000,-2250.000000,-0.084175,35
300478.XSHE,2021-03-02,2021-04-01,1000,8.710000,8.160000,-550.000000,-0.063146,30
300478.XSHE,2021-03-05,2021-04-01,400,8.400000,8.160000,-96.000000,-0.028571,27
300478.XSHE,2021-03-10,2021-04-01,500,8.170000,8.160000,-5.000000,-0.001224,22
300478.XSHE,2021-03-18,2021-04-01,1000,8.520000,8.160000,-360.000000,-0.042254,14
300478.XSHE,2021-03-31,2021-04-01,900,8.240000,8.160000,-72.000000,-0.009709,1
600355.XSHG,2021-02-02,2021-04-01,9300,2.020000,2.260000,2232.000000,0.118812,58
600355.XSHG,2021-02-05,2021-04-01,14300,1.910000,2.260000,5005.000000,0.183246,55
600355.XSHG,2021-02-10,2021-04-01,14000,1.880000,2.260000,5320.000000,0.202128,50
600355.XSHG,2021-02-22,2021-04-01,13100,2.110000,2.260000,1965.000000,0.071090,38
600355.XSHG,2021-02-25,2021-04-01,14500,2.210000,2.260000,725.000000,0.022624,35
600355.XSHG,2021-03-02,2021-04-01,2800,2.200000,2.260000,168.000000,0.027273,30
600355.XSHG,2021-03-10,2021-04-01,1200,2.200000,2.260000,72.000000,0.027273,22
600355.XSHG,2021-03-15,2021-04-01,1300,2.150000,2.260000,143.000000,0.051163,17
600355.XSHG,2021-03-18,2021-04-01,700,2.240000,2.260000,14.000000,0.008929,14
600355.XSHG,2021-03-23,2021-04-01,300,2.270000,2.260000,-3.000000,-0.004405,9
600355.XSHG,2021-03-26,2021-04-01,1700,2.190000,2.260000,119.000000,0.031963,6
600778.XSHG,2021-02-25,2021-04-01,4800,3.560000,3.650000,432.000000,0.025281,35
600778.XSHG,2021-03-02,2021-04-01,300,3.650000,3.650000,0.000000,0.000000,30
600778.XSHG,2021-03-10,2021-04-01,9000,3.570000,3.650000,720.000000,0.022409,22
600778.XSHG,2021-03-15,2021-04-01,700,3.540000,3.650000,77.000000,0.031073,17
600778.XSHG,2021-03-23,2021-04-01,1800,3.750000,3.650000,-180.000000,-0.026667,9
600520.XSHG,2021-02-02,2021-04-01,4000,6.530000,6.830000,1200.000000,0.045942,58
600520.XSHG,2021-02-05,2021-04-01,200,6.180000,6.830000,130.000000,0.105178,55
600520.XSHG,2021-02-22,2021-04-01,4400,6.630000,6.830000,880.000000,0.030166,38
600520.XSHG,2021-02-25,2021-04-01,4400,6.990000,6.830000,-704.000000,-0.022890,35
600520.XSHG,2021-03-02,2021-04-01,400,7.060000,6.830000,-92.000000,-0.032578,30
600520.XSHG,2021-03-05,2021-04-01,4100,7.100000,6.830000,-1107.000000,-0.038028,27
600520.XSHG,2021-03-15,2021-04-01,4800,6.920000,6.830000,-432.000000,-0.013006,17
600520.XSHG,2021-03-18,2021-04-01,900,7.000000,6.830000,-153.000000,-0.024286,14
600520.XSHG,2021-03-23,2021-04-01,100,7.090000,6.830000,-26.000000,-0.036671,9
000502.XSHE,2021-03-10,2021-04-01,400,5.910000,6.120000,84.000000,0.035533,22
000502.XSHE,2021-03-15,2021-04-01,3000,6.040000,6.120000,240.000000,0.013245,17
000502.XSHE,2021-03-15,2021-04-01,1800,6.040000,6.120000,144.000000,0.013245,17
603029.XSHG,2021-02-25,2021-04-01,1700,11.360000,12.500000,1938.000000,0.100352,35
603029.XSHG,2021-03-02,2021-04-01,2800,11.640000,12.500000,2408.000000,0.073883,30
603029.XSHG,2021-03-05,2021-04-01,2200,11.660000,12.500000,1848.000000,0.072041,27
603029.XSHG,2021-03-10,2021-04-01,1800,11.690000,12.500000,1458.000000,0.069290,22
603029.XSHG,2021-03-15,2021-04-01,1300,11.490000,12.500000,1313.000000,0.087903,17
603029.XSHG,2021-03-18,2021-04-01,200,11.980000,12.500000,104.000000,0.043406,14
603029.XSHG,2021-03-23,2021-04-01,100,12.020000,12.500000,48.000000,0.039933,9
603269.XSHG,2021-03-18,2021-04-01,4400,10.210000,10.260000,220.000000,0.004897,14
603269.XSHG,2021-03-23,2021-04-01,1700,10.550000,10.260000,-493.000000,-0.027488,9
603269.XSHG,2021-03-26,2021-04-01,100,10.320000,10.260000,-6.000000,-0.005814,6
000609.XSHE,2021-03-23,2021-04-01,16900,3.910000,3.670000,-4056.000000,-0.061381,9
000609.XSHE,2021-03-26,2021-04-01,6900,4.110000,3.670000,-3036.000000,-0.107056,6
000609.XSHE,2021-03-31,2021-04-01,10800,3.650000,3.670000,216.000000,0.005479,1
002862.XSHE,2021-03-31,2021-04-01,3300,9.300000,9.590000,957.000000,0.031183,1
600561.XSHG,2021-03-31,2021-04-01,7400,4.030000,4.080000,370.000000,0.012407,1
511880.XSHG,2021-04-01,2021-05-06,15700,100.682000,100.881000,3124.300000,0.001977,35
600355.XSHG,2021-05-10,2021-05-24,5800,2.210000,2.730000,3016.000000,0.235294,14
300736.XSHE,2021-05-10,2021-05-26,1700,7.600000,10.300000,4590.000000,0.355263,16
300736.XSHE,2021-05-10,2021-05-31,2400,7.600000,11.300000,8880.000000,0.486842,21
300736.XSHE,2021-05-13,2021-05-31,1500,7.790000,11.300000,5265.000000,0.450578,18
300478.XSHE,2021-05-10,2021-05-31,300,8.340000,9.150000,243.000000,0.097122,21
600355.XSHG,2021-05-10,2021-05-31,8600,2.210000,2.660000,3870.000000,0.203620,21
600355.XSHG,2021-05-13,2021-05-31,4200,2.280000,2.660000,1596.000000,0.166667,18
300736.XSHE,2021-05-13,2021-06-03,2600,7.790000,11.750000,10296.000000,0.508344,21
300736.XSHE,2021-05-18,2021-06-03,500,8.170000,11.750000,1790.000000,0.438188,16
300478.XSHE,2021-05-10,2021-06-03,400,8.340000,9.450000,444.000000,0.133094,24
600355.XSHG,2021-05-13,2021-06-03,9400,2.280000,2.520000,2256.000000,0.105263,21
600355.XSHG,2021-05-18,2021-06-03,2500,2.280000,2.520000,600.000000,0.105263,16
603269.XSHG,2021-05-10,2021-06-03,100,10.210000,10.730000,52.000000,0.050930,24
600520.XSHG,2021-05-10,2021-06-04,1500,6.740000,7.850000,1665.000000,0.164688,25
300736.XSHE,2021-05-18,2021-06-08,3000,8.170000,12.720000,13650.000000,0.556916,21
300736.XSHE,2021-05-21,2021-06-08,100,8.840000,12.720000,388.000000,0.438914,18
600520.XSHG,2021-05-10,2021-06-08,3200,6.740000,7.860000,3584.000000,0.166172,29
600520.XSHG,2021-05-13,2021-06-08,1200,6.970000,7.860000,1068.000000,0.127690,26
600355.XSHG,2021-05-18,2021-06-08,11500,2.280000,2.570000,3335.000000,0.127193,21
600355.XSHG,2021-05-26,2021-06-08,2100,2.590000,2.570000,-42.000000,-0.007722,13
300736.XSHE,2021-05-21,2021-06-11,2800,8.840000,12.070000,9044.000000,0.365385,21
002633.XSHE,2021-05-10,2021-06-11,100,6.800000,7.080000,28.000000,0.041176,32
600768.XSHG,2021-05-10,2021-06-11,700,7.990000,8.880000,623.000000,0.111389,32
300478.XSHE,2021-05-10,2021-06-11,200,8.340000,9.780000,288.000000,0.172662,32
600561.XSHG,2021-05-21,2021-06-11,100,4.060000,4.230000,17.000000,0.041872,21
600778.XSHG,2021-06-08,2021-06-11,200,3.870000,4.100000,46.000000,0.059432,3
002633.XSHE,2021-05-10,2021-06-17,200,6.800000,7.020000,44.000000,0.032353,38
600520.XSHG,2021-05-13,2021-06-17,3200,6.970000,7.800000,2656.000000,0.119082,35
600520.XSHG,2021-05-18,2021-06-17,1400,6.900000,7.800000,1260.000000,0.130435,30
300478.XSHE,2021-05-10,2021-06-17,400,8.340000,9.850000,604.000000,0.181055,38
002633.XSHE,2021-05-10,2021-06-22,600,6.800000,7.270000,282.000000,0.069118,43
600520.XSHG,2021-05-18,2021-06-22,3300,6.900000,8.050000,3795.000000,0.166667,35
600520.XSHG,2021-05-21,2021-06-22,1300,6.940000,8.050000,1443.000000,0.159942,32
603029.XSHG,2021-05-10,2021-06-22,100,12.210000,12.910000,70.000000,0.057330,43
603269.XSHG,2021-05-10,2021-06-22,100,10.210000,11.020000,81.000000,0.079334,43
603389.XSHG,2021-05-26,2021-06-22,200,4.580000,4.360000,-44.000000,-0.048035,27
600520.XSHG,2021-05-21,2021-06-25,3500,6.940000,8.390000,5075.000000,0.208934,35
600520.XSHG,2021-05-26,2021-06-25,1000,7.080000,8.390000,1310.000000,0.185028,30
603029.XSHG,2021-05-10,2021-06-25,200,12.210000,13.190000,196.000000,0.080262,46
603269.XSHG,2021-05-10,2021-06-25,100,10.210000,11.200000,99.000000,0.096964,46
600561.XSHG,2021-05-21,2021-06-25,400,4.060000,4.250000,76.000000,0.046798,35
603389.XSHG,2021-05-26,2021-06-25,400,4.580000,4.440000,-56.000000,-0.030568,30
603389.XSHG,2021-05-26,2021-06-29,4300,4.580000,5.000000,1806.000000,0.091703,34
002633.XSHE,2021-05-10,2021-06-30,500,6.800000,7.510000,355.000000,0.104412,51
300478.XSHE,2021-05-10,2021-06-30,200,8.340000,9.330000,198.000000,0.118705,51
603389.XSHG,2021-05-26,2021-06-30,2300,4.580000,4.920000,782.000000,0.074236,35
603389.XSHG,2021-05-31,2021-06-30,4400,4.350000,4.920000,2508.000000,0.131034,30
600520.XSHG,2021-05-26,2021-07-01,200,7.080000,8.850000,354.000000,0.250000,36
600778.XSHG,2021-06-08,2021-07-02,4200,3.870000,4.620000,3150.000000,0.193798,24
600520.XSHG,2021-05-26,2021-07-05,3500,7.080000,8.420000,4690.000000,0.189266,40
600520.XSHG,2021-05-31,2021-07-05,200,7.180000,8.420000,248.000000,0.172702,35
600520.XSHG,2021-06-03,2021-07-05,100,7.220000,8.420000,120.000000,0.166205,32
600520.XSHG,2021-06-11,2021-07-05,300,7.830000,8.420000,177.000000,0.075351,24
603389.XSHG,2021-05-31,2021-07-05,3900,4.350000,4.830000,1872.000000,0.110345,35
603389.XSHG,2021-06-03,2021-07-05,2900,4.410000,4.830000,1218.000000,0.095238,32
600768.XSHG,2021-05-10,2021-07-08,100,7.990000,8.930000,94.000000,0.117647,59
300478.XSHE,2021-05-10,2021-07-08,2300,8.340000,10.710000,5451.000000,0.284173,59
300478.XSHE,2021-05-13,2021-07-08,3000,8.990000,10.710000,5160.000000,0.191324,56
603029.XSHG,2021-05-10,2021-07-08,100,12.210000,13.500000,129.000000,0.105651,59
603389.XSHG,2021-06-03,2021-07-08,4800,4.410000,4.950000,2592.000000,0.122449,35
603389.XSHG,2021-06-08,2021-07-08,2300,4.520000,4.950000,989.000000,0.095133,30
600778.XSHG,2021-06-08,2021-07-08,4500,3.870000,4.490000,2790.000000,0.160207,30
600778.XSHG,2021-06-17,2021-07-08,2300,3.970000,4.490000,1196.000000,0.130982,21
300478.XSHE,2021-05-13,2021-07-13,300,8.990000,10.620000,489.000000,0.181313,61
300478.XSHE,2021-05-18,2021-07-13,2800,8.800000,10.620000,5096.000000,0.206818,56
600778.XSHG,2021-06-17,2021-07-13,6500,3.970000,4.400000,2795.000000,0.108312,26
600778.XSHG,2021-06-22,2021-07-13,900,3.950000,4.400000,405.000000,0.113924,21
603029.XSHG,2021-05-10,2021-07-13,2200,12.210000,15.430000,7084.000000,0.263718,64
603029.XSHG,2021-05-13,2021-07-13,1600,12.310000,15.430000,4992.000000,0.253452,61
002633.XSHE,2021-05-10,2021-07-16,300,6.800000,7.600000,240.000000,0.117647,67
600768.XSHG,2021-05-10,2021-07-16,200,7.990000,8.990000,200.000000,0.125156,67
300478.XSHE,2021-05-18,2021-07-16,900,8.800000,10.770000,1773.000000,0.223864,59
300478.XSHE,2021-05-21,2021-07-16,3000,8.780000,10.770000,5970.000000,0.226651,56
603029.XSHG,2021-05-13,2021-07-16,1000,12.310000,13.540000,1230.000000,0.099919,64
603029.XSHG,2021-05-18,2021-07-16,700,12.110000,13.540000,1001.000000,0.118084,59
603813.XSHG,2021-05-10,2021-07-16,100,12.860000,13.490000,63.000000,0.048989,67
603269.XSHG,2021-05-10,2021-07-16,300,10.210000,10.840000,189.000000,0.061704,67
600561.XSHG,2021-05-21,2021-07-16,1100,4.060000,4.210000,165.000000,0.036946,56
600778.XSHG,2021-06-22,2021-07-16,7400,3.950000,4.400000,3330.000000,0.113924,24
600778.XSHG,2021-06-25,2021-07-16,1500,4.030000,4.400000,555.000000,0.091811,21
300478.XSHE,2021-05-21,2021-07-21,900,8.780000,10.000000,1098.000000,0.138952,61
300478.XSHE,2021-05-26,2021-07-21,2300,8.780000,10.000000,2806.000000,0.138952,56
603029.XSHG,2021-05-18,2021-07-21,2000,12.110000,13.970000,3720.000000,0.153592,64
603029.XSHG,2021-05-21,2021-07-21,1000,12.060000,13.970000,1910.000000,0.158375,61
603269.XSHG,2021-05-10,2021-07-21,100,10.210000,10.730000,52.000000,0.050930,72
600561.XSHG,2021-05-21,2021-07-21,800,4.060000,4.230000,136.000000,0.041872,61
600778.XSHG,2021-06-25,2021-07-21,7600,4.030000,4.380000,2660.000000,0.086849,26
600778.XSHG,2021-06-30,2021-07-21,200,4.040000,4.380000,68.000000,0.084158,21
600778.XSHG,2021-07-05,2021-07-21,600,4.510000,4.380000,-78.000000,-0.028825,16
603286.XSHG,2021-06-30,2021-07-21,2500,14.090000,14.560000,1175.000000,0.033357,21
600520.XSHG,2021-07-08,2021-07-21,1000,8.000000,8.120000,120.000000,0.015000,13
002633.XSHE,2021-05-10,2021-07-26,300,6.800000,7.370000,171.000000,0.083824,77
300478.XSHE,2021-05-26,2021-07-26,1800,8.780000,10.530000,3150.000000,0.199317,61
300478.XSHE,2021-06-08,2021-07-26,200,9.430000,10.530000,220.000000,0.116649,48
300478.XSHE,2021-06-22,2021-07-26,1100,9.320000,10.530000,1331.000000,0.129828,34
300478.XSHE,2021-06-25,2021-07-26,500,9.140000,10.530000,695.000000,0.152079,31
300478.XSHE,2021-07-05,2021-07-26,100,9.230000,10.530000,130.000000,0.140845,21
600561.XSHG,2021-05-21,2021-07-26,400,4.060000,4.290000,92.000000,0.056650,66
600520.XSHG,2021-07-08,2021-07-26,600,8.000000,8.570000,342.000000,0.071250,18
600561.XSHG,2021-05-21,2021-07-29,800,4.060000,4.140000,64.000000,0.019704,69
600520.XSHG,2021-07-08,2021-07-29,3000,8.000000,8.190000,570.000000,0.023750,21
600520.XSHG,2021-07-13,2021-07-29,1300,8.110000,8.190000,104.000000,0.009864,16
002633.XSHE,2021-05-10,2021-08-03,400,6.800000,7.250000,180.000000,0.066176,85
600768.XSHG,2021-05-10,2021-08-03,600,7.990000,9.020000,618.000000,0.128911,85
603029.XSHG,2021-05-21,2021-08-03,300,12.060000,14.090000,609.000000,0.168325,74
000702.XSHE,2021-07-05,2021-08-03,200,4.780000,4.350000,-86.000000,-0.089958,29
600520.XSHG,2021-07-13,2021-08-03,100,8.110000,8.660000,55.000000,0.067818,21
600520.XSHG,2021-07-16,2021-08-03,4200,7.640000,8.660000,4284.000000,0.133508,18
603029.XSHG,2021-05-21,2021-08-06,500,12.060000,15.790000,1865.000000,0.309287,77
603389.XSHG,2021-06-08,2021-08-06,300,4.520000,4.750000,69.000000,0.050885,59
600520.XSHG,2021-07-16,2021-08-06,4200,7.640000,8.350000,2982.000000,0.092932,21
002633.XSHE,2021-05-10,2021-08-11,600,6.800000,7.720000,552.000000,0.135294,93
600768.XSHG,2021-05-10,2021-08-11,100,7.990000,9.410000,142.000000,0.177722,93
002830.XSHE,2021-07-05,2021-08-11,200,9.450000,9.630000,36.000000,0.019048,37
002633.XSHE,2021-05-10,2021-08-16,200,6.800000,7.860000,212.000000,0.155882,98
603029.XSHG,2021-05-21,2021-08-16,1000,12.060000,14.720000,2660.000000,0.220564,87
603029.XSHG,2021-05-26,2021-08-16,1300,12.240000,14.720000,3224.000000,0.202614,82
603813.XSHG,2021-05-10,2021-08-16,100,12.860000,13.260000,40.000000,0.031104,98
603389.XSHG,2021-06-08,2021-08-16,4800,4.520000,4.990000,2256.000000,0.103982,69
603389.XSHG,2021-06-11,2021-08-16,3300,4.410000,4.990000,1914.000000,0.131519,66
603029.XSHG,2021-05-26,2021-08-19,1500,12.240000,14.120000,2820.000000,0.153595,85
603029.XSHG,2021-05-31,2021-08-19,100,12.360000,14.120000,176.000000,0.142395,80
603029.XSHG,2021-06-03,2021-08-19,100,12.410000,14.120000,171.000000,0.137792,77
603029.XSHG,2021-06-11,2021-08-19,100,12.740000,14.120000,138.000000,0.108320,69
603029.XSHG,2021-07-05,2021-08-19,300,12.840000,14.120000,384.000000,0.099688,45
603029.XSHG,2021-07-26,2021-08-19,200,13.470000,14.120000,130.000000,0.048255,24
603029.XSHG,2021-08-11,2021-08-19,300,15.080000,14.120000,-288.000000,-0.063660,8
603269.XSHG,2021-05-10,2021-08-19,200,10.210000,11.060000,170.000000,0.083252,101
600561.XSHG,2021-05-21,2021-08-19,1400,4.060000,4.390000,462.000000,0.081281,90
603389.XSHG,2021-06-11,2021-08-19,5900,4.410000,4.870000,2714.000000,0.104308,69
603389.XSHG,2021-06-11,2021-08-19,200,4.410000,4.870000,92.000000,0.104308,69
603389.XSHG,2021-06-17,2021-08-19,500,4.290000,4.870000,290.000000,0.135198,63
603389.XSHG,2021-07-13,2021-08-19,300,4.890000,4.870000,-6.000000,-0.004090,37
002830.XSHE,2021-07-05,2021-08-19,3500,9.450000,10.000000,1925.000000,0.058201,45
002830.XSHE,2021-07-08,2021-08-19,800,9.690000,10.000000,248.000000,0.031992,42
600455.XSHG,2021-05-10,2021-08-24,200,17.500000,18.550000,210.000000,0.060000,106
600561.XSHG,2021-05-21,2021-08-24,2900,4.060000,4.650000,1711.000000,0.145320,95
600561.XSHG,2021-05-26,2021-08-24,7000,4.080000,4.650000,3990.000000,0.139706,90
002830.XSHE,2021-07-08,2021-08-24,3100,9.690000,10.000000,961.000000,0.031992,47
002830.XSHE,2021-07-16,2021-08-24,100,9.460000,10.000000,54.000000,0.057082,39
002830.XSHE,2021-07-21,2021-08-24,400,9.410000,10.000000,236.000000,0.062699,34
002633.XSHE,2021-05-10,2021-08-27,300,6.800000,8.300000,450.000000,0.220588,109
600561.XSHG,2021-05-26,2021-08-27,1300,4.080000,4.850000,1001.000000,0.188725,93
600561.XSHG,2021-05-31,2021-08-27,7300,4.090000,4.850000,5548.000000,0.185819,88
603389.XSHG,2021-07-13,2021-08-27,200,4.890000,5.320000,86.000000,0.087935,45
603389.XSHG,2021-07-16,2021-08-27,100,4.700000,5.320000,62.000000,0.131915,42
603389.XSHG,2021-07-21,2021-08-27,7700,4.660000,5.320000,5082.000000,0.141631,37
603389.XSHG,2021-07-26,2021-08-27,400,4.720000,5.320000,240.000000,0.127119,32
002830.XSHE,2021-07-21,2021-08-27,3400,9.410000,10.420000,3434.000000,0.107333,37
002830.XSHE,2021-08-03,2021-08-27,500,9.290000,10.420000,565.000000,0.121636,24
603269.XSHG,2021-05-10,2021-09-01,300,10.210000,11.750000,462.000000,0.150833,114
600561.XSHG,2021-05-31,2021-09-01,1300,4.090000,5.060000,1261.000000,0.237164,93
600561.XSHG,2021-06-03,2021-09-01,7400,4.090000,5.060000,7178.000000,0.237164,90
603389.XSHG,2021-07-26,2021-09-01,7000,4.720000,5.230000,3570.000000,0.108051,37
603389.XSHG,2021-07-26,2021-09-01,100,4.720000,5.230000,51.000000,0.108051,37
603389.XSHG,2021-07-29,2021-09-01,200,4.460000,5.230000,154.000000,0.172646,34
002830.XSHE,2021-08-03,2021-09-01,3200,9.290000,10.290000,3200.000000,0.107643,29
002830.XSHE,2021-08-06,2021-09-01,500,9.220000,10.290000,535.000000,0.116052,26
600493.XSHG,2021-08-19,2021-09-01,500,4.660000,4.970000,155.000000,0.066524,13
600493.XSHG,2021-08-24,2021-09-01,500,4.690000,4.970000,140.000000,0.059701,8
603813.XSHG,2021-05-10,2021-09-06,200,12.860000,14.050000,238.000000,0.092535,119
600561.XSHG,2021-06-03,2021-09-06,1200,4.090000,4.990000,1080.000000,0.220049,95
600561.XSHG,2021-06-08,2021-09-06,6400,4.130000,4.990000,5504.000000,0.208232,90
002830.XSHE,2021-08-06,2021-09-06,500,9.220000,10.500000,640.000000,0.138829,31
002830.XSHE,2021-08-06,2021-09-06,3300,9.220000,10.500000,4224.000000,0.138829,31
002830.XSHE,2021-08-16,2021-09-06,100,9.650000,10.500000,85.000000,0.088083,21
000702.XSHE,2021-07-05,2021-09-06,200,4.780000,4.620000,-32.000000,-0.033473,63
600493.XSHG,2021-08-24,2021-09-06,8200,4.690000,5.080000,3198.000000,0.083156,13
603269.XSHG,2021-05-10,2021-09-09,1900,10.210000,12.400000,4161.000000,0.214496,122
603269.XSHG,2021-05-13,2021-09-09,1700,10.310000,12.400000,3553.000000,0.202716,119
600561.XSHG,2021-06-08,2021-09-09,2100,4.130000,5.460000,2793.000000,0.322034,93
600561.XSHG,2021-06-17,2021-09-09,200,4.140000,5.460000,264.000000,0.318841,84
600561.XSHG,2021-06-22,2021-09-09,100,4.170000,5.460000,129.000000,0.309353,79
600561.XSHG,2021-06-30,2021-09-09,600,4.190000,5.460000,762.000000,0.303103,71
600561.XSHG,2021-07-05,2021-09-09,700,4.130000,5.460000,931.000000,0.322034,66
600561.XSHG,2021-07-08,2021-09-09,800,4.210000,5.460000,1000.000000,0.296912,63
600561.XSHG,2021-07-13,2021-09-09,1000,4.230000,5.460000,1230.000000,0.290780,58
600561.XSHG,2021-08-03,2021-09-09,1700,4.060000,5.460000,2380.000000,0.344828,37
600561.XSHG,2021-08-03,2021-09-09,500,4.060000,5.460000,700.000000,0.344828,37
600561.XSHG,2021-08-06,2021-09-09,100,4.100000,5.460000,136.000000,0.331707,34
600561.XSHG,2021-08-16,2021-09-09,200,4.240000,5.460000,244.000000,0.287736,24
600493.XSHG,2021-08-24,2021-09-09,7700,4.690000,5.250000,4312.000000,0.119403,16
600768.XSHG,2021-05-10,2021-09-09,500,7.990000,9.680000,845.000000,0.211514,122
603389.XSHG,2021-07-29,2021-09-09,300,4.460000,5.710000,375.000000,0.280269,42
603269.XSHG,2021-05-13,2021-09-14,1400,10.310000,12.500000,3066.000000,0.212415,124
603269.XSHG,2021-05-18,2021-09-14,2200,10.200000,12.500000,5060.000000,0.225490,119
603389.XSHG,2021-07-29,2021-09-14,200,4.460000,5.750000,258.000000,0.289238,47
603389.XSHG,2021-07-29,2021-09-14,6600,4.460000,5.750000,8514.000000,0.289238,47
603389.XSHG,2021-08-03,2021-09-14,300,4.640000,5.750000,333.000000,0.239224,42
603389.XSHG,2021-08-11,2021-09-14,100,4.850000,5.750000,90.000000,0.185567,34
000702.XSHE,2021-07-05,2021-09-14,600,4.780000,4.730000,-30.000000,-0.010460,71
600493.XSHG,2021-08-24,2021-09-14,1200,4.690000,5.400000,852.000000,0.151386,21
600493.XSHG,2021-08-27,2021-09-14,7000,4.800000,5.400000,4200.000000,0.125000,18
600455.XSHG,2021-05-10,2021-09-17,300,17.500000,20.280000,834.000000,0.158857,130
603269.XSHG,2021-05-18,2021-09-17,1000,10.200000,12.600000,2400.000000,0.235294,122
603269.XSHG,2021-05-21,2021-09-17,2300,10.250000,12.600000,5405.000000,0.229268,119
000702.XSHE,2021-07-05,2021-09-17,100,4.780000,4.730000,-5.000000,-0.010460,74
600493.XSHG,2021-08-27,2021-09-17,7500,4.800000,5.360000,4200.000000,0.116667,21
002836.XSHE,2021-08-27,2021-09-17,1300,8.310000,8.580000,351.000000,0.032491,21
002836.XSHE,2021-09-01,2021-09-17,3400,8.330000,8.580000,850.000000,0.030012,16
002633.XSHE,2021-05-10,2021-09-24,100,6.800000,7.810000,101.000000,0.148529,137
600455.XSHG,2021-05-10,2021-09-24,100,17.500000,20.200000,270.000000,0.154286,137
603813.XSHG,2021-05-10,2021-09-24,100,12.860000,14.130000,127.000000,0.098756,137
603269.XSHG,2021-05-21,2021-09-24,900,10.250000,12.360000,1899.000000,0.205854,126
603269.XSHG,2021-05-26,2021-09-24,2200,10.430000,12.360000,4246.000000,0.185043,121
000702.XSHE,2021-07-05,2021-09-24,100,4.780000,4.690000,-9.000000,-0.018828,81
002836.XSHE,2021-09-01,2021-09-24,4700,8.330000,8.540000,987.000000,0.025210,23
603269.XSHG,2021-05-26,2021-09-29,1000,10.430000,11.460000,1030.000000,0.098754,126
603269.XSHG,2021-05-31,2021-09-29,300,10.470000,11.460000,297.000000,0.094556,121
603269.XSHG,2021-06-08,2021-09-29,100,10.750000,11.460000,71.000000,0.066047,113
603269.XSHG,2021-06-30,2021-09-29,700,10.640000,11.460000,574.000000,0.077068,91
603269.XSHG,2021-07-05,2021-09-29,100,10.630000,11.460000,83.000000,0.078081,86
603269.XSHG,2021-07-08,2021-09-29,300,10.860000,11.460000,180.000000,0.055249,83
603269.XSHG,2021-07-13,2021-09-29,300,10.900000,11.460000,168.000000,0.051376,78
603269.XSHG,2021-07-26,2021-09-29,100,10.690000,11.460000,77.000000,0.072030,65
603269.XSHG,2021-07-29,2021-09-29,100,10.050000,11.460000,141.000000,0.140299,62
603269.XSHG,2021-08-11,2021-09-29,100,10.760000,11.460000,70.000000,0.065056,49
603269.XSHG,2021-09-06,2021-09-29,200,11.660000,11.460000,-40.000000,-0.017153,23
000702.XSHE,2021-07-05,2021-09-29,900,4.780000,4.460000,-288.000000,-0.066946,86
603709.XSHG,2021-09-01,2021-09-29,500,16.310000,15.990000,-160.000000,-0.019620,28
603709.XSHG,2021-09-06,2021-09-29,2100,16.640000,15.990000,-1365.000000,-0.039062,23
600455.XSHG,2021-05-10,2021-10-11,300,17.500000,20.340000,852.000000,0.162286,154
000702.XSHE,2021-07-05,2021-10-11,200,4.780000,4.720000,-12.000000,-0.012552,98
002417.XSHE,2021-08-27,2021-10-11,1100,4.880000,4.710000,-187.000000,-0.034836,45
002633.XSHE,2021-05-10,2021-10-14,100,6.800000,7.550000,75.000000,0.110294,157
603813.XSHG,2021-05-10,2021-10-14,500,12.860000,14.200000,670.000000,0.104199,157
000702.XSHE,2021-07-05,2021-10-14,400,4.780000,4.710000,-28.000000,-0.014644,101
002417.XSHE,2021-08-27,2021-10-14,700,4.880000,4.730000,-105.000000,-0.030738,48
300478.XSHE,2021-08-11,2021-10-19,200,9.500000,8.740000,-152.000000,-0.080000,69
300478.XSHE,2021-08-16,2021-10-19,500,9.540000,8.740000,-400.000000,-0.083857,64
603709.XSHG,2021-09-06,2021-10-19,2100,16.640000,15.950000,-1449.000000,-0.041466,43
603709.XSHG,2021-09-09,2021-10-19,200,16.850000,15.950000,-180.000000,-0.053412,40
603286.XSHG,2021-09-17,2021-10-19,800,15.680000,15.350000,-264.000000,-0.021046,32
603286.XSHG,2021-09-24,2021-10-19,1600,15.930000,15.350000,-928.000000,-0.036409,25
603286.XSHG,2021-10-11,2021-10-19,100,15.490000,15.350000,-14.000000,-0.009038,8
000702.XSHE,2021-07-05,2021-10-22,500,4.780000,4.600000,-90.000000,-0.037657,109
300478.XSHE,2021-08-16,2021-10-22,200,9.540000,8.550000,-198.000000,-0.103774,67
603709.XSHG,2021-09-09,2021-10-22,2400,16.850000,15.760000,-2616.000000,-0.064688,43
603709.XSHG,2021-09-14,2021-10-22,100,16.940000,15.760000,-118.000000,-0.069658,38
002633.XSHE,2021-05-10,2021-10-27,100,6.800000,7.150000,35.000000,0.051471,170
300478.XSHE,2021-08-16,2021-10-27,500,9.540000,8.540000,-500.000000,-0.104822,72
603709.XSHG,2021-09-14,2021-10-27,100,16.940000,15.560000,-138.000000,-0.081464,43
603709.XSHG,2021-09-14,2021-11-01,2000,16.940000,15.020000,-3840.000000,-0.113341,48
603709.XSHG,2021-09-17,2021-11-01,200,16.830000,15.020000,-362.000000,-0.107546,45
300478.XSHE,2021-08-16,2021-11-01,5900,9.540000,9.750000,1239.000000,0.022013,77
600455.XSHG,2021-05-10,2021-11-02,200,17.500000,19.500000,400.000000,0.114286,176
300478.XSHE,2021-08-16,2021-11-04,700,9.540000,9.460000,-56.000000,-0.008386,80
300478.XSHE,2021-08-19,2021-11-04,2700,9.150000,9.460000,837.000000,0.033880,77
603709.XSHG,2021-09-17,2021-11-04,2200,16.830000,15.210000,-3564.000000,-0.096257,48
603709.XSHG,2021-10-11,2021-11-04,300,16.110000,15.210000,-270.000000,-0.055866,24
600520.XSHG,2021-09-24,2021-11-04,300,8.450000,7.550000,-270.000000,-0.106509,41
600455.XSHG,2021-05-10,2021-11-04,700,17.500000,20.910000,2387.000000,0.194857,178
600455.XSHG,2021-05-13,2021-11-04,1500,18.050000,20.910000,4290.000000,0.158449,175
600768.XSHG,2021-05-10,2021-11-09,300,7.990000,8.430000,132.000000,0.055069,183
600455.XSHG,2021-05-13,2021-11-09,200,18.050000,20.530000,496.000000,0.137396,180
600455.XSHG,2021-05-18,2021-11-09,1400,17.430000,20.530000,4340.000000,0.177854,175
603813.XSHG,2021-05-10,2021-11-09,100,12.860000,13.370000,51.000000,0.039658,183
000702.XSHE,2021-07-05,2021-11-09,600,4.780000,4.600000,-108.000000,-0.037657,127
002417.XSHE,2021-08-27,2021-11-09,100,4.880000,4.370000,-51.000000,-0.104508,74
603029.XSHG,2021-09-06,2021-11-09,300,14.190000,12.660000,-459.000000,-0.107822,64
600520.XSHG,2021-09-24,2021-11-09,1100,8.450000,7.850000,-660.000000,-0.071006,46
600520.XSHG,2021-09-29,2021-11-09,4300,7.690000,7.850000,688.000000,0.020806,41
002633.XSHE,2021-05-10,2021-11-12,400,6.800000,7.480000,272.000000,0.100000,186
600455.XSHG,2021-05-18,2021-11-12,600,17.430000,20.750000,1992.000000,0.190476,178
600455.XSHG,2021-05-21,2021-11-12,1200,17.590000,20.750000,3792.000000,0.179648,175
002417.XSHE,2021-08-27,2021-11-12,1500,4.880000,4.630000,-375.000000,-0.051230,77
600520.XSHG,2021-09-29,2021-11-12,4900,7.690000,8.050000,1764.000000,0.046814,44
600455.XSHG,2021-05-21,2021-11-17,600,17.590000,21.320000,2238.000000,0.212052,180
600455.XSHG,2021-05-26,2021-11-17,1300,17.880000,21.320000,4472.000000,0.192394,175
000702.XSHE,2021-07-05,2021-11-17,200,4.780000,4.780000,0.000000,0.000000,135
002417.XSHE,2021-08-27,2021-11-17,600,4.880000,4.790000,-54.000000,-0.018443,82
600520.XSHG,2021-09-29,2021-11-17,100,7.690000,8.430000,74.000000,0.096229,49
600520.XSHG,2021-10-14,2021-11-17,800,7.950000,8.430000,384.000000,0.060377,34
600520.XSHG,2021-10-19,2021-11-17,4200,7.860000,8.430000,2394.000000,0.072519,29
600768.XSHG,2021-05-10,2021-11-22,200,7.990000,8.970000,196.000000,0.122653,196
600455.XSHG,2021-05-26,2021-11-22,600,17.880000,21.700000,2292.000000,0.213647,180
600455.XSHG,2021-05-31,2021-11-22,100,18.060000,21.700000,364.000000,0.201550,175
600455.XSHG,2021-06-08,2021-11-22,100,18.300000,21.700000,340.000000,0.185792,167
600455.XSHG,2021-06-17,2021-11-22,100,18.300000,21.700000,340.000000,0.185792,158
600455.XSHG,2021-06-25,2021-11-22,200,18.120000,21.700000,716.000000,0.197572,150
600455.XSHG,2021-06-30,2021-11-22,200,17.890000,21.700000,762.000000,0.212968,145
600455.XSHG,2021-07-05,2021-11-22,100,17.670000,21.700000,403.000000,0.228070,140
600455.XSHG,2021-07-08,2021-11-22,200,18.040000,21.700000,732.000000,0.202882,137
600455.XSHG,2021-07-26,2021-11-22,100,17.590000,21.700000,411.000000,0.233655,119
600455.XSHG,2021-08-03,2021-11-22,100,17.070000,21.700000,463.000000,0.271236,111
600455.XSHG,2021-08-06,2021-11-22,100,17.100000,21.700000,460.000000,0.269006,108
002417.XSHE,2021-08-27,2021-11-22,4000,4.880000,4.980000,400.000000,0.020492,87
002417.XSHE,2021-09-01,2021-11-22,4900,4.780000,4.980000,980.000000,0.041841,82
600520.XSHG,2021-10-19,2021-11-22,4800,7.860000,8.650000,3792.000000,0.100509,34
002830.XSHE,2021-11-09,2021-11-22,1300,9.160000,9.680000,676.000000,0.056769,13
002633.XSHE,2021-05-10,2021-11-25,200,6.800000,7.830000,206.000000,0.151471,199
600768.XSHG,2021-05-10,2021-11-25,800,7.990000,9.430000,1152.000000,0.180225,199
000702.XSHE,2021-07-05,2021-11-25,600,4.780000,4.950000,102.000000,0.035565,143
300478.XSHE,2021-08-19,2021-11-25,400,9.150000,10.320000,468.000000,0.127869,98
600520.XSHG,2021-10-19,2021-11-25,1000,7.860000,8.870000,1010.000000,0.128499,37
600520.XSHG,2021-10-22,2021-11-25,3100,7.560000,8.870000,4061.000000,0.173280,34
600520.XSHG,2021-10-27,2021-11-25,100,7.330000,8.870000,154.000000,0.210095,29
600520.XSHG,2021-11-01,2021-11-25,500,7.300000,8.870000,785.000000,0.215068,24
603389.XSHG,2021-11-12,2021-11-25,100,4.960000,5.280000,32.000000,0.064516,13
603389.XSHG,2021-11-22,2021-11-25,7800,5.100000,5.280000,1404.000000,0.035294,3
002633.XSHE,2021-05-10,2021-11-30,200,6.800000,7.720000,184.000000,0.135294,204
600768.XSHG,2021-05-10,2021-11-30,400,7.990000,9.460000,588.000000,0.183980,204
600768.XSHG,2021-05-13,2021-11-30,100,8.240000,9.460000,122.000000,0.148058,201
300478.XSHE,2021-08-19,2021-11-30,3900,9.150000,10.030000,3432.000000,0.096175,103
002633.XSHE,2021-05-13,2021-12-03,200,6.810000,7.950000,228.000000,0.167401,204
603813.XSHG,2021-05-10,2021-12-03,200,12.860000,14.200000,268.000000,0.104199,207
300478.XSHE,2021-08-19,2021-12-03,4400,9.150000,10.790000,7216.000000,0.179235,106
002209.XSHE,2021-10-19,2021-12-03,100,6.450000,6.370000,-8.000000,-0.012403,45
002209.XSHE,2021-10-22,2021-12-03,200,6.120000,6.370000,50.000000,0.040850,42
002830.XSHE,2021-11-09,2021-12-03,3300,9.160000,9.920000,2508.000000,0.082969,24
002830.XSHE,2021-11-12,2021-12-03,1000,9.360000,9.920000,560.000000,0.059829,21
300478.XSHE,2021-08-19,2021-12-08,1100,9.150000,10.260000,1221.000000,0.121311,111
300478.XSHE,2021-08-27,2021-12-08,300,9.400000,10.260000,258.000000,0.091489,103
300478.XSHE,2021-09-09,2021-12-08,300,9.720000,10.260000,162.000000,0.055556,90
300478.XSHE,2021-09-14,2021-12-08,600,9.250000,10.260000,606.000000,0.109189,85
300478.XSHE,2021-09-17,2021-12-08,300,9.120000,10.260000,342.000000,0.125000,82
300478.XSHE,2021-09-29,2021-12-08,300,8.260000,10.260000,600.000000,0.242131,70
300478.XSHE,2021-10-14,2021-12-08,400,8.450000,10.260000,724.000000,0.214201,55
300478.XSHE,2021-11-09,2021-12-08,400,9.200000,10.260000,424.000000,0.115217,29
002417.XSHE,2021-09-01,2021-12-08,400,4.780000,4.760000,-8.000000,-0.004184,98
002830.XSHE,2021-11-12,2021-12-08,3400,9.360000,9.880000,1768.000000,0.055556,26
002830.XSHE,2021-11-17,2021-12-08,900,9.570000,9.880000,279.000000,0.032393,21
002205.XSHE,2021-11-22,2021-12-08,2100,7.000000,7.090000,189.000000,0.012857,16
002205.XSHE,2021-11-25,2021-12-08,4200,7.110000,7.090000,-84.000000,-0.002813,13
603813.XSHG,2021-05-10,2021-12-13,800,12.860000,14.980000,1696.000000,0.164852,217
300478.XSHE,2021-11-12,2021-12-13,200,9.280000,10.520000,248.000000,0.133621,31
300478.XSHE,2021-11-22,2021-12-13,3800,9.900000,10.520000,2356.000000,0.062626,21
002209.XSHE,2021-10-22,2021-12-13,300,6.120000,6.490000,111.000000,0.060458,52
002205.XSHE,2021-11-25,2021-12-13,1600,7.110000,7.850000,1184.000000,0.104079,18
002205.XSHE,2021-11-30,2021-12-13,4800,7.200000,7.850000,3120.000000,0.090278,13
600561.XSHG,2021-11-22,2021-12-13,100,4.560000,4.780000,22.000000,0.048246,21
600561.XSHG,2021-11-25,2021-12-13,100,4.680000,4.780000,10.000000,0.021368,18
600561.XSHG,2021-12-03,2021-12-13,4000,4.750000,4.780000,120.000000,0.006316,10
600561.XSHG,2021-12-08,2021-12-13,4200,4.660000,4.780000,504.000000,0.025751,5
603813.XSHG,2021-05-10,2021-12-14,300,12.860000,16.260000,1020.000000,0.264386,218
603813.XSHG,2021-05-13,2021-12-14,700,12.880000,16.260000,2366.000000,0.262422,215
603813.XSHG,2021-05-13,2021-12-16,1800,12.880000,15.570000,4842.000000,0.208851,217
603813.XSHG,2021-05-18,2021-12-16,400,13.180000,15.570000,956.000000,0.181335,212
002417.XSHE,2021-09-01,2021-12-16,300,4.780000,4.840000,18.000000,0.012552,106
002830.XSHE,2021-11-17,2021-12-16,900,9.570000,10.810000,1116.000000,0.129572,29
002205.XSHE,2021-11-30,2021-12-16,400,7.200000,7.630000,172.000000,0.059722,16
002205.XSHE,2021-12-03,2021-12-16,4700,7.030000,7.630000,2820.000000,0.085349,13
600561.XSHG,2021-12-08,2021-12-16,100,4.660000,4.830000,17.000000,0.036481,8
603813.XSHG,2021-05-18,2021-12-21,1900,13.180000,17.380000,7980.000000,0.318665,217
603813.XSHG,2021-05-21,2021-12-21,1400,13.020000,17.380000,6104.000000,0.334869,214
002417.XSHE,2021-09-01,2021-12-21,600,4.780000,5.060000,168.000000,0.058577,111
002830.XSHE,2021-11-17,2021-12-21,3600,9.570000,10.520000,3420.000000,0.099269,34
002205.XSHE,2021-12-03,2021-12-21,100,7.030000,7.950000,92.000000,0.130868,18
002633.XSHE,2021-05-13,2021-12-24,200,6.810000,8.130000,264.000000,0.193833,225
603813.XSHG,2021-05-21,2021-12-24,1300,13.020000,17.910000,6357.000000,0.375576,217
603813.XSHG,2021-05-26,2021-12-24,1300,13.240000,17.910000,6071.000000,0.352719,212
000702.XSHE,2021-07-05,2021-12-24,600,4.780000,4.900000,72.000000,0.025105,172
002209.XSHE,2021-10-22,2021-12-24,200,6.120000,6.660000,108.000000,0.088235,63
002205.XSHE,2021-12-03,2021-12-24,5500,7.030000,7.870000,4620.000000,0.119488,21
600778.XSHG,2021-12-08,2021-12-24,3200,4.210000,4.450000,768.000000,0.057007,16
600778.XSHG,2021-12-13,2021-12-24,6300,4.290000,4.450000,1008.000000,0.037296,11
600778.XSHG,2021-12-13,2021-12-27,2100,4.290000,4.700000,861.000000,0.095571,14
002633.XSHE,2021-05-13,2021-12-29,200,6.810000,8.320000,302.000000,0.221733,230
603813.XSHG,2021-05-26,2021-12-29,1200,13.240000,17.560000,5184.000000,0.326284,217
603813.XSHG,2021-05-31,2021-12-29,100,13.450000,17.560000,411.000000,0.305576,212
603813.XSHG,2021-06-08,2021-12-29,400,13.430000,17.560000,1652.000000,0.307520,204
603813.XSHG,2021-06-11,2021-12-29,100,13.520000,17.560000,404.000000,0.298817,201
603813.XSHG,2021-06-30,2021-12-29,200,13.350000,17.560000,842.000000,0.315356,182
603813.XSHG,2021-07-05,2021-12-29,100,13.360000,17.560000,420.000000,0.314371,177
603813.XSHG,2021-07-08,2021-12-29,200,13.620000,17.560000,788.000000,0.289280,174
000702.XSHE,2021-07-05,2021-12-29,400,4.780000,5.020000,96.000000,0.050209,177
002209.XSHE,2021-10-22,2021-12-29,500,6.120000,6.890000,385.000000,0.125817,68
603709.XSHG,2021-11-09,2021-12-29,2400,15.270000,17.250000,4752.000000,0.129666,50
603709.XSHG,2021-11-12,2021-12-29,200,15.630000,17.250000,324.000000,0.103647,47
600561.XSHG,2021-12-08,2021-12-29,8700,4.660000,5.030000,3219.000000,0.079399,21
600778.XSHG,2021-12-13,2021-12-29,8200,4.290000,4.610000,2624.000000,0.074592,16
